NU_ANO_CENSO,NO_REGIAO,CO_REGIAO,NO_UF,SG_UF,CO_UF,NO_MUNICIPIO,CO_MUNICIPIO,NO_REGIAO_GEOG_INTERM,CO_REGIAO_GEOG_INTERM,NO_REGIAO_GEOG_IMED,CO_REGIAO_GEOG_IMED,NO_MESORREGIAO,CO_MESORREGIAO,NO_MICRORREGIAO,CO_MICRORREGIAO,NO_DISTRITO,CO_DISTRITO,NO_REGIAO_ADMINISTRATIVA,CO_REGIAO_ADMINISTRATIVA,NO_ENTIDADE,CO_ENTIDADE,TP_DEPENDENCIA,TP_CATEGORIA_ESCOLA_PRIVADA,TP_LOCALIZACAO,TP_LOCALIZACAO_DIFERENCIADA,DS_ENDERECO,NU_ENDERECO,DS_COMPLEMENTO,NO_BAIRRO,CO_CEP,NU_DDD,NU_TELEFONE,LATITUDE,LONGITUDE,TP_SITUACAO_FUNCIONAMENTO,CO_ORGAO_REGIONAL,DT_ANO_LETIVO_INICIO,DT_ANO_LETIVO_TERMINO,IN_VINCULO_SECRETARIA_EDUCACAO,IN_VINCULO_SEGURANCA_PUBLICA,IN_VINCULO_SECRETARIA_SAUDE,IN_VINCULO_OUTRO_ORGAO,IN_PODER_PUBLICO_PARCERIA,TP_PODER_PUBLICO_PARCERIA,IN_FORMA_CONT_TERMO_COLABORA,IN_FORMA_CONT_TERMO_FOMENTO,IN_FORMA_CONT_ACORDO_COOP,IN_FORMA_CONT_PRESTACAO_SERV,IN_FORMA_CONT_COOP_TEC_FIN,IN_FORMA_CONT_CONSORCIO_PUB,IN_FORMA_CONT_MU_TERMO_COLAB,IN_FORMA_CONT_MU_TERMO_FOMENTO,IN_FORMA_CONT_MU_ACORDO_COOP,IN_FORMA_CONT_MU_PREST_SERV,IN_FORMA_CONT_MU_COOP_TEC_FIN,IN_FORMA_CONT_MU_CONSORCIO_PUB,IN_FORMA_CONT_ES_TERMO_COLAB,IN_FORMA_CONT_ES_TERMO_FOMENTO,IN_FORMA_CONT_ES_ACORDO_COOP,IN_FORMA_CONT_ES_PREST_SERV,IN_FORMA_CONT_ES_COOP_TEC_FIN,IN_FORMA_CONT_ES_CONSORCIO_PUB,IN_MANT_ESCOLA_PRIVADA_EMP,IN_MANT_ESCOLA_PRIVADA_ONG,IN_MANT_ESCOLA_PRIVADA_OSCIP,IN_MANT_ESCOLA_PRIV_ONG_OSCIP,IN_MANT_ESCOLA_PRIVADA_SIND,IN_MANT_ESCOLA_PRIVADA_SIST_S,IN_MANT_ESCOLA_PRIVADA_S_FINS,NU_CNPJ_ESCOLA_PRIVADA,NU_CNPJ_MANTENEDORA,TP_REGULAMENTACAO,TP_RESPONSAVEL_REGULAMENTACAO,CO_ESCOLA_SEDE_VINCULADA,CO_IES_OFERTANTE,IN_LOCAL_FUNC_PREDIO_ESCOLAR,TP_OCUPACAO_PREDIO_ESCOLAR,IN_LOCAL_FUNC_SOCIOEDUCATIVO,IN_LOCAL_FUNC_UNID_PRISIONAL,IN_LOCAL_FUNC_PRISIONAL_SOCIO,IN_LOCAL_FUNC_GALPAO,TP_OCUPACAO_GALPAO,IN_LOCAL_FUNC_SALAS_OUTRA_ESC,IN_LOCAL_FUNC_OUTROS,IN_PREDIO_COMPARTILHADO,IN_AGUA_POTAVEL,IN_AGUA_REDE_PUBLICA,IN_AGUA_POCO_ARTESIANO,IN_AGUA_CACIMBA,IN_AGUA_FONTE_RIO,IN_AGUA_INEXISTENTE,IN_AGUA_CARRO_PIPA,IN_ENERGIA_REDE_PUBLICA,IN_ENERGIA_GERADOR_FOSSIL,IN_ENERGIA_RENOVAVEL,IN_ENERGIA_INEXISTENTE,IN_ESGOTO_REDE_PUBLICA,IN_ESGOTO_FOSSA_SEPTICA,IN_ESGOTO_FOSSA_COMUM,IN_ESGOTO_FOSSA,IN_ESGOTO_INEXISTENTE,IN_LIXO_SERVICO_COLETA,IN_LIXO_QUEIMA,IN_LIXO_ENTERRA,IN_LIXO_DESTINO_FINAL_PUBLICO,IN_LIXO_DESCARTA_OUTRA_AREA,IN_TRATAMENTO_LIXO_SEPARACAO,IN_TRATAMENTO_LIXO_REUTILIZA,IN_TRATAMENTO_LIXO_RECICLAGEM,IN_TRATAMENTO_LIXO_INEXISTENTE,IN_ALMOXARIFADO,IN_AREA_VERDE,IN_AREA_PLANTIO,IN_AUDITORIO,IN_BANHEIRO,IN_BANHEIRO_EI,IN_BANHEIRO_PNE,IN_BANHEIRO_FUNCIONARIOS,IN_BANHEIRO_CHUVEIRO,IN_BIBLIOTECA,IN_BIBLIOTECA_SALA_LEITURA,IN_COZINHA,IN_DESPENSA,IN_DORMITORIO_ALUNO,IN_DORMITORIO_PROFESSOR,IN_LABORATORIO_CIENCIAS,IN_LABORATORIO_INFORMATICA,IN_LABORATORIO_EDUC_PROF,IN_PATIO_COBERTO,IN_PATIO_DESCOBERTO,IN_PARQUE_INFANTIL,IN_PISCINA,IN_QUADRA_ESPORTES,IN_QUADRA_ESPORTES_COBERTA,IN_QUADRA_ESPORTES_DESCOBERTA,IN_REFEITORIO,IN_SALA_ATELIE_ARTES,IN_SALA_MUSICA_CORAL,IN_SALA_ESTUDIO_DANCA,IN_SALA_MULTIUSO,IN_SALA_ESTUDIO_GRAVACAO,IN_SALA_OFICINAS_EDUC_PROF,IN_SALA_DIRETORIA,IN_SALA_LEITURA,IN_SALA_PROFESSOR,IN_SALA_REPOUSO_ALUNO,IN_SECRETARIA,IN_SALA_ATENDIMENTO_ESPECIAL,IN_TERREIRAO,IN_VIVEIRO,IN_DEPENDENCIAS_OUTRAS,IN_ACESSIBILIDADE_CORRIMAO,IN_ACESSIBILIDADE_ELEVADOR,IN_ACESSIBILIDADE_PISOS_TATEIS,IN_ACESSIBILIDADE_VAO_LIVRE,IN_ACESSIBILIDADE_RAMPAS,IN_ACESSIBILIDADE_SINAL_SONORO,IN_ACESSIBILIDADE_SINAL_TATIL,IN_ACESSIBILIDADE_SINAL_VISUAL,IN_ACESSIBILIDADE_INEXISTENTE,IN_ACESSIBILIDADE_SINALIZACAO,QT_SALAS_UTILIZADAS_DENTRO,QT_SALAS_UTILIZADAS_FORA,QT_SALAS_UTILIZADAS,QT_SALAS_UTILIZA_CLIMATIZADAS,QT_SALAS_UTILIZADAS_ACESSIVEIS,QT_SALAS_LEITURA,IN_EQUIP_PARABOLICA,IN_COMPUTADOR,IN_EQUIP_COPIADORA,IN_EQUIP_IMPRESSORA,IN_EQUIP_IMPRESSORA_MULT,IN_EQUIP_SCANNER,IN_EQUIP_NENHUM,IN_EQUIP_DVD,QT_EQUIP_DVD,IN_EQUIP_SOM,QT_EQUIP_SOM,IN_EQUIP_TV,QT_EQUIP_TV,IN_EQUIP_LOUSA_DIGITAL,QT_EQUIP_LOUSA_DIGITAL,IN_EQUIP_MULTIMIDIA,QT_EQUIP_MULTIMIDIA,IN_DESKTOP_ALUNO,QT_DESKTOP_ALUNO,IN_COMP_PORTATIL_ALUNO,QT_COMP_PORTATIL_ALUNO,IN_TABLET_ALUNO,QT_TABLET_ALUNO,IN_INTERNET,IN_INTERNET_ALUNOS,IN_INTERNET_ADMINISTRATIVO,IN_INTERNET_APRENDIZAGEM,IN_INTERNET_COMUNIDADE,IN_ACESSO_INTERNET_COMPUTADOR,IN_ACES_INTERNET_DISP_PESSOAIS,TP_REDE_LOCAL,IN_BANDA_LARGA,QT_PROF_ADMINISTRATIVOS,QT_PROF_SERVICOS_GERAIS,QT_PROF_BIBLIOTECARIO,QT_PROF_SAUDE,QT_PROF_COORDENADOR,QT_PROF_FONAUDIOLOGO,QT_PROF_NUTRICIONISTA,QT_PROF_PSICOLOGO,QT_PROF_ALIMENTACAO,QT_PROF_PEDAGOGIA,QT_PROF_SECRETARIO,QT_PROF_SEGURANCA,QT_PROF_MONITORES,QT_PROF_GESTAO,QT_PROF_ASSIST_SOCIAL,QT_PROF_TRAD_LIBRAS,QT_PROF_AGRICOLA,QT_PROF_REVISOR_BRAILLE,IN_ALIMENTACAO,IN_MATERIAL_PED_MULTIMIDIA,IN_MATERIAL_PED_INFANTIL,IN_MATERIAL_PED_CIENTIFICO,IN_MATERIAL_PED_DIFUSAO,IN_MATERIAL_PED_MUSICAL,IN_MATERIAL_PED_JOGOS,IN_MATERIAL_PED_ARTISTICAS,IN_MATERIAL_PED_PROFISSIONAL,IN_MATERIAL_PED_DESPORTIVA,IN_MATERIAL_PED_INDIGENA,IN_MATERIAL_PED_ETNICO,IN_MATERIAL_PED_CAMPO,IN_MATERIAL_PED_BIL_SURDOS,IN_MATERIAL_PED_AGRICOLA,IN_MATERIAL_PED_QUILOMBOLA,IN_MATERIAL_PED_EDU_ESP,IN_MATERIAL_PED_NENHUM,IN_EDUCACAO_INDIGENA,TP_INDIGENA_LINGUA,CO_LINGUA_INDIGENA_1,CO_LINGUA_INDIGENA_2,CO_LINGUA_INDIGENA_3,IN_EXAME_SELECAO,IN_RESERVA_PPI,IN_RESERVA_RENDA,IN_RESERVA_PUBLICA,IN_RESERVA_PCD,IN_RESERVA_OUTROS,IN_RESERVA_NENHUMA,IN_REDES_SOCIAIS,IN_ESPACO_ATIVIDADE,IN_ESPACO_EQUIPAMENTO,IN_ORGAO_ASS_PAIS,IN_ORGAO_ASS_PAIS_MESTRES,IN_ORGAO_CONSELHO_ESCOLAR,IN_ORGAO_GREMIO_ESTUDANTIL,IN_ORGAO_OUTROS,IN_ORGAO_NENHUM,TP_PROPOSTA_PEDAGOGICA,IN_EDUC_AMBIENTAL,IN_EDUC_AMB_CONTEUDO,IN_EDUC_AMB_CURRICULAR,IN_EDUC_AMB_EIXO,IN_EDUC_AMB_EVENTOS,IN_EDUC_AMB_PROJETOS,IN_EDUC_AMB_NENHUMA,TP_AEE,TP_ATIVIDADE_COMPLEMENTAR,TP_ITINERARIO_FORMATIVO,IN_ITINERARIO_APROFUNDAMENTO,IN_ITINERARIO_TECN_PROF,IN_ESCOLARIZACAO,IN_MEDIACAO_PRESENCIAL,IN_MEDIACAO_SEMIPRESENCIAL,IN_MEDIACAO_EAD,IN_ESPECIAL_EXCLUSIVA,IN_REGULAR,IN_EJA,IN_PROFISSIONALIZANTE,IN_COMUM_CRECHE,IN_COMUM_PRE,IN_COMUM_FUND_AI,IN_COMUM_FUND_AF,IN_COMUM_MEDIO_MEDIO,IN_COMUM_MEDIO_INTEGRADO,IN_COMUM_MEDIO_FIC,IN_COMUM_MEDIO_NORMAL,IN_ESP_EXCLUSIVA_CRECHE,IN_ESP_EXCLUSIVA_PRE,IN_ESP_EXCLUSIVA_FUND_AI,IN_ESP_EXCLUSIVA_FUND_AF,IN_ESP_EXCLUSIVA_MEDIO_MEDIO,IN_ESP_EXCLUSIVA_MEDIO_INTEGR,IN_ESP_EXCLUSIVA_MEDIO_FIC,IN_ESP_EXCLUSIVA_MEDIO_NORMAL,IN_COMUM_EJA_FUND,IN_COMUM_EJA_MEDIO,IN_COMUM_EJA_PROF,IN_ESP_EXCLUSIVA_EJA_FUND,IN_ESP_EXCLUSIVA_EJA_MEDIO,IN_ESP_EXCLUSIVA_EJA_PROF,IN_COMUM_PROF,IN_ESP_EXCLUSIVA_PROF
2025,Norte,1,Rondônia,RO,11,Ariquemes,1100023,Porto Velho,1101,Ariquemes,110002,Leste Rondoniense,2,Ariquemes,3,Ariquemes,110002305,,,SENAC ARIQUEMES,11049758,4,1.0,1,0.0,INOCENTES,131,,GRANDES ÁREAS,76876674,69.0,35361290.0,-99.236.798,-63.032.139,1,1.0,20JAN2025:00:00:00,19DEC2025:00:00:00,,,,,0.0,,,,,,,,,,,,,,,,,,,,0.0,0.0,0.0,0.0,0.0,1.0,0.0,"3,58187E+12","3,58187E+12",1.0,2.0,,,1.0,2.0,0.0,0.0,0.0,0.0,,0.0,0.0,0.0,1.0,1.0,0.0,0.0,0.0,0.0,0.0,1.0,0.0,0.0,0.0,0.0,1.0,0.0,1.0,0.0,1.0,0.0,0.0,0.0,0.0,0.0,0.0,0.0,1.0,1.0,0.0,0.0,0.0,1.0,0.0,1.0,1.0,1.0,0.0,0.0,1.0,1.0,0.0,0.0,0.0,1.0,0.0,1.0,0.0,0.0,0.0,0.0,0.0,0.0,0.0,0.0,0.0,0.0,0.0,0.0,0.0,0.0,0.0,0.0,0.0,0.0,0.0,0.0,0.0,0.0,0.0,0.0,0.0,1.0,0.0,0.0,0.0,0.0,0.0,0.0,5.0,0.0,5.0,5.0,0.0,0.0,0.0,0.0,0.0,0.0,1.0,0.0,0.0,0.0,0.0,1.0,1.0,1.0,5.0,0.0,0.0,0.0,0.0,1.0,37.0,1.0,21.0,1.0,11.0,1.0,1.0,1.0,1.0,1.0,1.0,1.0,3.0,1.0,2.0,1.0,0.0,0.0,0.0,0.0,0.0,0.0,0.0,0.0,0.0,0.0,1.0,0.0,0.0,0.0,0.0,0.0,0.0,1.0,0.0,0.0,1.0,0.0,0.0,0.0,1.0,0.0,0.0,0.0,0.0,0.0,0.0,0.0,0.0,0.0,0.0,,,,,0.0,,,,,,,1.0,1.0,1.0,0.0,0.0,1.0,0.0,0.0,0.0,1.0,1.0,1.0,0.0,0.0,1.0,1.0,0.0,0.0,0.0,0.0,0.0,0.0,1.0,1.0,0.0,0.0,0.0,0.0,0.0,1.0,0.0,0.0,0.0,0.0,0.0,0.0,0.0,0.0,0.0,0.0,0.0,0.0,0.0,0.0,0.0,0.0,0.0,0.0,0.0,0.0,0.0,0.0,1.0,0.0
2025,Norte,1,Rondônia,RO,11,Cacoal,1100049,Ji-Paraná,1102,Cacoal,110005,Leste Rondoniense,2,Cacoal,6,Cacoal,110004905,,,SENAC-CACOAL-RO,11106832,4,1.0,1,0.0,DOIS DE JUNHO,2563,,CENTRO,76963787,69.0,34414927.0,-114.377.447,-614.480.205,1,2.0,20JAN2025:00:00:00,19DEC2025:00:00:00,,,,,0.0,,,,,,,,,,,,,,,,,,,,0.0,0.0,0.0,0.0,0.0,1.0,0.0,"3,58187E+12","3,58187E+12",1.0,2.0,,,1.0,1.0,0.0,0.0,0.0,0.0,,0.0,0.0,0.0,1.0,1.0,0.0,0.0,0.0,0.0,0.0,1.0,0.0,0.0,0.0,1.0,0.0,0.0,0.0,0.0,1.0,0.0,0.0,0.0,0.0,0.0,0.0,0.0,1.0,1.0,0.0,0.0,0.0,1.0,0.0,1.0,1.0,0.0,1.0,1.0,1.0,1.0,0.0,0.0,0.0,1.0,1.0,0.0,1.0,0.0,0.0,0.0,0.0,0.0,0.0,0.0,0.0,0.0,0.0,0.0,0.0,1.0,1.0,1.0,0.0,1.0,0.0,0.0,0.0,0.0,1.0,1.0,0.0,1.0,1.0,0.0,0.0,0.0,0.0,0.0,10.0,0.0,10.0,10.0,0.0,0.0,0.0,1.0,0.0,0.0,1.0,1.0,0.0,0.0,0.0,1.0,1.0,1.0,10.0,0.0,0.0,1.0,1.0,1.0,28.0,1.0,50.0,1.0,30.0,1.0,1.0,1.0,1.0,0.0,1.0,1.0,3.0,1.0,3.0,4.0,0.0,0.0,1.0,0.0,0.0,0.0,0.0,0.0,0.0,0.0,0.0,1.0,0.0,0.0,0.0,0.0,0.0,1.0,0.0,0.0,1.0,0.0,1.0,0.0,1.0,0.0,0.0,0.0,0.0,0.0,0.0,0.0,0.0,0.0,0.0,,,,,0.0,,,,,,,1.0,0.0,0.0,0.0,0.0,0.0,0.0,0.0,1.0,0.0,1.0,0.0,1.0,0.0,1.0,1.0,0.0,0.0,0.0,0.0,0.0,0.0,1.0,1.0,0.0,0.0,0.0,0.0,0.0,1.0,0.0,0.0,0.0,0.0,0.0,0.0,0.0,0.0,0.0,0.0,0.0,0.0,0.0,0.0,0.0,0.0,0.0,0.0,0.0,0.0,0.0,0.0,1.0,0.0
2025,Norte,1,Rondônia,RO,11,Jaru,1100114,Porto Velho,1101,Jaru,110003,Leste Rondoniense,2,Ji-Paraná,4,Jaru,110011405,,,SERVICO NACIONAL DE APRENDIZAGEM COMERCIAL - SENAC JARU,11050047,4,1.0,1,0.0,RUA FLORIANOPOLIS,3045,EM FRENTE CEF,,76890000,69.0,35213730.0,-104.419.201,-624.701.933,1,6.0,20JAN2025:00:00:00,19DEC2025:00:00:00,,,,,0.0,,,,,,,,,,,,,,,,,,,,0.0,0.0,0.0,0.0,0.0,1.0,0.0,"3,58187E+12","3,58187E+12",1.0,2.0,,,1.0,1.0,0.0,0.0,0.0,0.0,,0.0,0.0,0.0,1.0,1.0,0.0,0.0,0.0,0.0,0.0,1.0,0.0,0.0,0.0,0.0,1.0,0.0,1.0,0.0,1.0,0.0,0.0,0.0,0.0,0.0,0.0,0.0,1.0,1.0,0.0,0.0,0.0,1.0,0.0,1.0,1.0,1.0,0.0,1.0,1.0,1.0,0.0,0.0,0.0,1.0,1.0,1.0,0.0,0.0,0.0,0.0,0.0,0.0,0.0,0.0,0.0,0.0,0.0,0.0,1.0,0.0,1.0,1.0,0.0,1.0,0.0,0.0,0.0,0.0,1.0,1.0,1.0,1.0,0.0,0.0,0.0,0.0,0.0,0.0,9.0,0.0,9.0,9.0,0.0,0.0,0.0,1.0,0.0,0.0,1.0,0.0,0.0,0.0,0.0,1.0,1.0,1.0,9.0,0.0,0.0,1.0,1.0,1.0,35.0,1.0,88888.0,1.0,30.0,1.0,1.0,1.0,1.0,1.0,1.0,1.0,3.0,1.0,3.0,3.0,0.0,0.0,0.0,0.0,0.0,0.0,0.0,0.0,0.0,0.0,2.0,0.0,0.0,0.0,0.0,0.0,0.0,1.0,0.0,0.0,0.0,0.0,0.0,0.0,1.0,0.0,0.0,0.0,0.0,0.0,0.0,0.0,0.0,0.0,0.0,,,,,0.0,,,,,,,1.0,1.0,1.0,0.0,0.0,1.0,0.0,0.0,0.0,1.0,1.0,1.0,0.0,0.0,1.0,1.0,0.0,0.0,0.0,0.0,0.0,0.0,1.0,1.0,0.0,0.0,0.0,0.0,0.0,1.0,0.0,0.0,0.0,0.0,0.0,0.0,0.0,0.0,0.0,0.0,0.0,0.0,0.0,0.0,0.0,0.0,0.0,0.0,0.0,0.0,0.0,0.0,1.0,0.0
2025,Norte,1,Rondônia,RO,11,Ji-Paraná,1100122,Ji-Paraná,1102,Ji-Paraná,110004,Leste Rondoniense,2,Ji-Paraná,4,Ji-Paraná,110012205,,,SERVICO NACIONAL DE APRENDIZAGEM COMERCIAL - SENAC JI-PARANA,11110813,4,1.0,1,0.0,DOIS DE ABRIL,2004,,DOIS DE ABRIL,76900808,69.0,34210659.0,-1.087.414,-619.587.633,1,7.0,20JAN2025:00:00:00,19DEC2025:00:00:00,,,,,0.0,,,,,,,,,,,,,,,,,,,,0.0,0.0,0.0,0.0,0.0,1.0,0.0,"3,58187E+12","3,58187E+12",1.0,2.0,,,1.0,1.0,0.0,0.0,0.0,0.0,,0.0,0.0,0.0,1.0,1.0,0.0,0.0,0.0,0.0,0.0,1.0,0.0,0.0,0.0,0.0,1.0,0.0,1.0,0.0,1.0,0.0,0.0,0.0,0.0,0.0,0.0,0.0,1.0,1.0,0.0,0.0,1.0,1.0,0.0,1.0,0.0,1.0,1.0,1.0,0.0,1.0,0.0,0.0,0.0,1.0,1.0,1.0,1.0,0.0,0.0,0.0,0.0,0.0,0.0,0.0,0.0,0.0,0.0,0.0,1.0,1.0,1.0,0.0,0.0,0.0,0.0,0.0,0.0,0.0,1.0,0.0,0.0,1.0,1.0,0.0,0.0,0.0,0.0,0.0,8.0,0.0,8.0,8.0,6.0,0.0,0.0,1.0,0.0,0.0,1.0,0.0,0.0,1.0,1.0,1.0,1.0,1.0,8.0,0.0,0.0,1.0,2.0,1.0,88888.0,1.0,88888.0,1.0,30.0,1.0,1.0,1.0,1.0,1.0,1.0,1.0,3.0,1.0,88888.0,0.0,0.0,0.0,0.0,0.0,0.0,0.0,0.0,0.0,0.0,0.0,1.0,1.0,0.0,0.0,0.0,0.0,0.0,1.0,0.0,1.0,1.0,0.0,1.0,0.0,1.0,0.0,0.0,0.0,0.0,0.0,0.0,0.0,0.0,0.0,0.0,,,,,0.0,,,,,,,1.0,1.0,1.0,0.0,0.0,1.0,0.0,0.0,0.0,1.0,1.0,1.0,0.0,0.0,1.0,1.0,0.0,0.0,0.0,0.0,0.0,0.0,1.0,1.0,0.0,0.0,0.0,0.0,0.0,1.0,0.0,0.0,0.0,0.0,0.0,0.0,0.0,0.0,0.0,0.0,0.0,0.0,0.0,0.0,0.0,0.0,0.0,0.0,0.0,0.0,0.0,0.0,1.0,0.0
2025,Norte,1,Rondônia,RO,11,Pimenta Bueno,1100189,Ji-Paraná,1102,Cacoal,110005,Leste Rondoniense,2,Vilhena,7,Pimenta Bueno,110018905,,,CENTRO DE EDUCACAO PROFISSIONAL SENAC PIMENTA BUENO,11049731,4,1.0,1,0.0,RUA RAPOSO TAVARES,698,PROXIMO ATACAREJO,,76970000,69.0,34516235.0,-116.895.017,-611.727.867,1,10.0,20JAN2025:00:00:00,19DEC2025:00:00:00,,,,,0.0,,,,,,,,,,,,,,,,,,,,0.0,0.0,0.0,0.0,0.0,1.0,0.0,"3,58187E+12","3,58187E+12",1.0,2.0,,,1.0,3.0,0.0,0.0,0.0,0.0,,0.0,0.0,0.0,1.0,1.0,0.0,0.0,0.0,0.0,0.0,1.0,0.0,0.0,0.0,1.0,0.0,0.0,0.0,0.0,1.0,0.0,0.0,0.0,0.0,0.0,0.0,0.0,1.0,1.0,0.0,0.0,0.0,1.0,0.0,1.0,1.0,0.0,1.0,1.0,0.0,0.0,0.0,0.0,0.0,1.0,1.0,0.0,1.0,0.0,0.0,0.0,0.0,0.0,0.0,0.0,0.0,0.0,0.0,0.0,0.0,1.0,0.0,0.0,0.0,1.0,0.0,0.0,0.0,0.0,0.0,0.0,0.0,1.0,0.0,0.0,0.0,0.0,0.0,0.0,4.0,0.0,4.0,4.0,0.0,0.0,0.0,1.0,0.0,0.0,1.0,1.0,0.0,0.0,0.0,0.0,0.0,1.0,2.0,0.0,0.0,1.0,1.0,1.0,88888.0,0.0,0.0,0.0,0.0,1.0,1.0,1.0,1.0,0.0,1.0,1.0,3.0,1.0,2.0,1.0,0.0,0.0,0.0,0.0,0.0,0.0,0.0,0.0,0.0,0.0,0.0,1.0,0.0,0.0,0.0,0.0,0.0,0.0,0.0,0.0,1.0,0.0,0.0,0.0,1.0,0.0,0.0,0.0,0.0,0.0,0.0,0.0,1.0,0.0,0.0,,,,,1.0,0.0,1.0,0.0,0.0,1.0,0.0,1.0,0.0,0.0,0.0,0.0,0.0,0.0,0.0,1.0,0.0,1.0,0.0,1.0,0.0,0.0,1.0,0.0,0.0,0.0,0.0,0.0,0.0,1.0,1.0,0.0,0.0,0.0,0.0,0.0,1.0,0.0,0.0,0.0,0.0,0.0,0.0,0.0,0.0,0.0,0.0,0.0,0.0,0.0,0.0,0.0,0.0,0.0,0.0,0.0,0.0,0.0,0.0,1.0,0.0
2025,Norte,1,Rondônia,RO,11,Porto Velho,1100205,Porto Velho,1101,Porto Velho,110001,Madeira-Guaporé,1,Porto Velho,1,Porto Velho,110020505,,,CENTRO DE EDUCACAO PROFISSIONAL SENAC ESPLANADA,11047941,4,1.0,1,0.0,TABAJARA,539,AO LADO DO TJ,PANAIR,76801348,69.0,21816900.0,-8.751.444,-63.910.695,1,9.0,20JAN2025:00:00:00,19DEC2025:00:00:00,,,,,0.0,,,,,,,,,,,,,,,,,,,,0.0,0.0,0.0,0.0,0.0,1.0,0.0,"3,58187E+12","3,58187E+12",1.0,2.0,,,1.0,1.0,0.0,0.0,0.0,0.0,,0.0,0.0,0.0,1.0,1.0,0.0,0.0,0.0,0.0,0.0,1.0,1.0,0.0,0.0,0.0,1.0,0.0,1.0,0.0,1.0,0.0,0.0,0.0,0.0,1.0,0.0,0.0,0.0,0.0,1.0,0.0,1.0,1.0,0.0,1.0,1.0,1.0,1.0,1.0,1.0,1.0,0.0,0.0,1.0,1.0,0.0,1.0,0.0,0.0,0.0,0.0,0.0,0.0,0.0,0.0,0.0,0.0,1.0,1.0,0.0,1.0,1.0,1.0,0.0,1.0,1.0,0.0,0.0,0.0,1.0,0.0,1.0,1.0,1.0,0.0,1.0,1.0,0.0,0.0,21.0,0.0,21.0,21.0,21.0,0.0,0.0,1.0,0.0,1.0,1.0,1.0,0.0,0.0,0.0,0.0,0.0,1.0,21.0,0.0,0.0,1.0,2.0,1.0,131.0,1.0,30.0,1.0,30.0,1.0,1.0,1.0,1.0,1.0,1.0,0.0,3.0,1.0,6.0,12.0,0.0,0.0,1.0,0.0,0.0,1.0,0.0,5.0,1.0,0.0,0.0,2.0,0.0,0.0,0.0,0.0,0.0,1.0,0.0,1.0,1.0,0.0,0.0,0.0,1.0,0.0,0.0,1.0,0.0,0.0,0.0,0.0,1.0,0.0,0.0,,,,,0.0,,,,,,,1.0,0.0,0.0,0.0,0.0,0.0,0.0,0.0,1.0,0.0,1.0,0.0,1.0,0.0,0.0,1.0,0.0,0.0,0.0,0.0,0.0,0.0,1.0,1.0,0.0,0.0,0.0,0.0,0.0,1.0,0.0,0.0,0.0,0.0,0.0,0.0,0.0,0.0,0.0,0.0,0.0,0.0,0.0,0.0,0.0,0.0,0.0,0.0,0.0,0.0,0.0,0.0,1.0,0.0
2025,Norte,1,Rondônia,RO,11,Vilhena,1100304,Ji-Paraná,1102,Vilhena,110006,Leste Rondoniense,2,Vilhena,7,Vilhena,110030405,,,SENAC VILHENA,11110821,4,1.0,1,0.0,SABINO BEZERRA DE QUEIROZ,3661,,JARDIM AMÉRICA,76980794,69.0,33221060.0,-127.358.629,-601.399.877,1,13.0,20JAN2025:00:00:00,19DEC2025:00:00:00,,,,,0.0,,,,,,,,,,,,,,,,,,,,0.0,0.0,0.0,0.0,0.0,1.0,0.0,"3,58187E+12","3,58187E+12",1.0,2.0,,,1.0,1.0,0.0,0.0,0.0,0.0,,0.0,0.0,0.0,1.0,1.0,0.0,1.0,0.0,0.0,0.0,1.0,0.0,0.0,0.0,1.0,0.0,0.0,0.0,0.0,1.0,0.0,0.0,0.0,0.0,0.0,0.0,0.0,1.0,1.0,0.0,0.0,0.0,1.0,0.0,1.0,0.0,1.0,1.0,1.0,1.0,1.0,0.0,0.0,0.0,1.0,0.0,1.0,1.0,0.0,0.0,0.0,0.0,0.0,0.0,0.0,0.0,0.0,0.0,0.0,0.0,1.0,0.0,1.0,0.0,1.0,0.0,0.0,0.0,0.0,1.0,0.0,0.0,1.0,1.0,0.0,0.0,1.0,0.0,0.0,9.0,0.0,9.0,9.0,9.0,0.0,0.0,1.0,0.0,0.0,1.0,1.0,0.0,0.0,0.0,1.0,1.0,1.0,9.0,0.0,0.0,1.0,1.0,1.0,28.0,1.0,50.0,1.0,30.0,1.0,1.0,1.0,1.0,0.0,1.0,1.0,3.0,1.0,3.0,4.0,0.0,0.0,0.0,0.0,0.0,0.0,0.0,0.0,0.0,0.0,0.0,1.0,0.0,0.0,0.0,0.0,0.0,1.0,0.0,0.0,1.0,0.0,1.0,0.0,1.0,0.0,0.0,0.0,0.0,0.0,0.0,0.0,0.0,0.0,0.0,,,,,0.0,,,,,,,1.0,0.0,0.0,0.0,0.0,0.0,0.0,0.0,1.0,0.0,1.0,0.0,1.0,0.0,0.0,1.0,0.0,0.0,0.0,0.0,0.0,0.0,1.0,1.0,0.0,0.0,0.0,0.0,0.0,1.0,0.0,0.0,0.0,0.0,0.0,0.0,0.0,0.0,0.0,0.0,0.0,0.0,0.0,0.0,0.0,0.0,0.0,0.0,0.0,0.0,0.0,0.0,1.0,0.0
2025,Norte,1,Amazonas,AM,13,Manaus,1302603,Manaus,1301,Manaus,130001,Centro Amazonense,3,Manaus,7,Manaus,130260305,,,CENTRO DE FORMACAO PROFISSIONAL FERNANDO ALFREDO PEQUENO FRANCO - SENAC,13101510,4,1.0,1,0.0,RUA SALDANHA MARINHO,410,,CENTRO,69010040,92.0,981975400.0,-31.330.062,-600.226.367,1,1.0,27JAN2025:00:00:00,18DEC2025:00:00:00,,,,,0.0,,,,,,,,,,,,,,,,,,,,0.0,0.0,0.0,0.0,0.0,1.0,0.0,"3,96545E+12",1E+14,1.0,2.0,,,1.0,1.0,0.0,0.0,0.0,0.0,,0.0,1.0,0.0,1.0,1.0,1.0,0.0,0.0,0.0,0.0,1.0,1.0,0.0,0.0,1.0,0.0,0.0,0.0,0.0,1.0,0.0,0.0,0.0,0.0,1.0,0.0,0.0,0.0,1.0,1.0,0.0,1.0,1.0,0.0,1.0,1.0,1.0,1.0,1.0,1.0,1.0,0.0,0.0,0.0,1.0,1.0,1.0,1.0,0.0,0.0,0.0,0.0,0.0,1.0,1.0,0.0,0.0,0.0,0.0,1.0,1.0,1.0,1.0,0.0,1.0,1.0,0.0,0.0,0.0,1.0,1.0,1.0,1.0,1.0,0.0,1.0,1.0,0.0,1.0,16.0,1.0,17.0,16.0,16.0,0.0,0.0,1.0,1.0,1.0,1.0,0.0,0.0,1.0,1.0,1.0,2.0,1.0,3.0,0.0,0.0,1.0,12.0,1.0,1.0,1.0,1.0,1.0,64.0,1.0,1.0,1.0,1.0,1.0,1.0,1.0,3.0,1.0,5.0,2.0,0.0,88888.0,2.0,0.0,0.0,0.0,0.0,2.0,0.0,88888.0,4.0,0.0,0.0,1.0,0.0,0.0,0.0,1.0,0.0,1.0,1.0,0.0,0.0,1.0,1.0,0.0,0.0,0.0,0.0,0.0,0.0,0.0,0.0,0.0,0.0,,,,,1.0,0.0,1.0,0.0,0.0,0.0,0.0,1.0,1.0,1.0,0.0,0.0,0.0,0.0,0.0,1.0,1.0,1.0,1.0,0.0,0.0,1.0,1.0,0.0,0.0,0.0,0.0,0.0,0.0,1.0,1.0,0.0,0.0,0.0,0.0,0.0,1.0,0.0,0.0,0.0,0.0,0.0,0.0,0.0,0.0,0.0,0.0,0.0,0.0,0.0,0.0,0.0,0.0,0.0,0.0,0.0,0.0,0.0,0.0,1.0,0.0
2025,Norte,1,Roraima,RR,14,Boa Vista,1400100,Boa Vista,1401,Boa Vista,140001,Norte de Roraima,1,Boa Vista,1,Boa Vista,140010005,,,SERVICO NACIONAL DE APRENDIZAGEM COMERCIAL - SENAC,14325063,4,1.0,1,0.0,MAJOR WILLIAMS,2084,,CENTRO,69301110,95.0,36231431.0,2.827.310.298,-6.067.783.121,1,,03FEB2025:00:00:00,12DEC2025:00:00:00,,,,,0.0,,,,,,,,,,,,,,,,,,,,0.0,0.0,0.0,0.0,1.0,1.0,0.0,"3,64798E+12","3,64798E+12",1.0,1.0,,,1.0,1.0,0.0,0.0,0.0,0.0,,0.0,0.0,0.0,1.0,1.0,1.0,0.0,0.0,0.0,0.0,1.0,0.0,1.0,0.0,1.0,0.0,0.0,0.0,0.0,1.0,0.0,0.0,0.0,0.0,1.0,1.0,1.0,0.0,1.0,1.0,0.0,1.0,1.0,0.0,1.0,1.0,1.0,1.0,1.0,1.0,1.0,0.0,0.0,1.0,1.0,1.0,0.0,1.0,0.0,0.0,0.0,0.0,0.0,1.0,0.0,0.0,0.0,0.0,0.0,1.0,1.0,1.0,1.0,0.0,1.0,0.0,0.0,0.0,0.0,1.0,1.0,1.0,1.0,1.0,0.0,1.0,1.0,0.0,0.0,62.0,0.0,62.0,62.0,62.0,0.0,0.0,1.0,0.0,0.0,1.0,0.0,0.0,0.0,0.0,1.0,40.0,1.0,20.0,1.0,1.0,1.0,20.0,1.0,100.0,0.0,0.0,1.0,6.0,1.0,1.0,1.0,1.0,0.0,1.0,1.0,3.0,1.0,6.0,33.0,1.0,88888.0,0.0,0.0,0.0,1.0,0.0,12.0,1.0,0.0,4.0,1.0,1.0,1.0,0.0,0.0,0.0,1.0,0.0,1.0,1.0,0.0,1.0,0.0,1.0,0.0,0.0,0.0,0.0,0.0,0.0,0.0,0.0,0.0,0.0,,,,,0.0,,,,,,,1.0,1.0,0.0,0.0,0.0,0.0,0.0,0.0,1.0,1.0,1.0,0.0,1.0,1.0,0.0,0.0,0.0,0.0,0.0,0.0,0.0,0.0,1.0,1.0,0.0,0.0,0.0,0.0,0.0,1.0,0.0,0.0,0.0,0.0,0.0,0.0,0.0,0.0,0.0,0.0,0.0,0.0,0.0,0.0,0.0,0.0,0.0,0.0,0.0,0.0,0.0,0.0,1.0,0.0
2025,Norte,1,Pará,PA,15,Belém,1501402,Belém,1501,Belém,150001,Metropolitana de Belém,3,Belém,7,Belém,150140205,,,CENTRO DE EDUCACAO PROFISSIONAL PROFESSOR RAYMUNDO ALBERTO PAPALEO PAES - SENAC,15174964,4,1.0,1,0.0,ARISTIDES LOBO,1058,,REDUTO,66053020,91.0,40096548.0,,,1,27.0,02JAN2025:00:00:00,19DEC2025:00:00:00,,,,,0.0,,,,,,,,,,,,,,,,,,,,0.0,0.0,0.0,0.0,0.0,1.0,0.0,"3,64696E+12","3,64696E+12",1.0,1.0,,,1.0,1.0,0.0,0.0,0.0,0.0,,0.0,0.0,0.0,1.0,1.0,0.0,0.0,0.0,0.0,0.0,1.0,0.0,1.0,0.0,1.0,0.0,0.0,0.0,0.0,1.0,0.0,0.0,0.0,0.0,0.0,0.0,0.0,1.0,1.0,1.0,0.0,1.0,1.0,0.0,1.0,1.0,1.0,1.0,1.0,1.0,1.0,0.0,0.0,0.0,1.0,1.0,1.0,0.0,0.0,0.0,0.0,0.0,0.0,0.0,1.0,0.0,0.0,0.0,1.0,1.0,1.0,0.0,1.0,0.0,1.0,0.0,0.0,0.0,0.0,1.0,1.0,0.0,0.0,1.0,0.0,0.0,0.0,0.0,0.0,22.0,0.0,22.0,22.0,22.0,0.0,0.0,1.0,0.0,1.0,1.0,1.0,0.0,1.0,2.0,1.0,2.0,1.0,8.0,1.0,4.0,1.0,16.0,1.0,88888.0,1.0,63.0,1.0,7.0,1.0,1.0,1.0,1.0,1.0,1.0,1.0,3.0,1.0,8.0,9.0,1.0,88888.0,1.0,0.0,0.0,1.0,0.0,3.0,1.0,1.0,1.0,1.0,0.0,1.0,0.0,0.0,0.0,1.0,0.0,0.0,1.0,0.0,1.0,0.0,1.0,0.0,0.0,0.0,0.0,0.0,0.0,0.0,0.0,0.0,0.0,,,,,0.0,,,,,,,1.0,0.0,0.0,0.0,0.0,0.0,0.0,0.0,1.0,1.0,1.0,0.0,0.0,0.0,0.0,1.0,0.0,0.0,0.0,0.0,0.0,0.0,1.0,1.0,0.0,0.0,0.0,0.0,0.0,1.0,0.0,0.0,0.0,0.0,0.0,0.0,0.0,0.0,0.0,0.0,0.0,0.0,0.0,0.0,0.0,0.0,0.0,0.0,0.0,0.0,0.0,0.0,1.0,0.0
2025,Norte,1,Pará,PA,15,Belém,1501402,Belém,1501,Belém,150001,Metropolitana de Belém,3,Belém,7,Belém,150140205,,,SENAC - EDUCACAO PROFISSIONAL,15181839,4,1.0,1,0.0,SERZEDELO CORREA,279,,NAZARE,66035400,91.0,40096544.0,,,1,27.0,03FEB2025:00:00:00,19DEC2025:00:00:00,,,,,0.0,,,,,,,,,,,,,,,,,,,,0.0,0.0,0.0,0.0,0.0,1.0,0.0,"3,64696E+12","3,64696E+12",1.0,2.0,,,1.0,1.0,0.0,0.0,0.0,0.0,,0.0,0.0,0.0,1.0,0.0,1.0,0.0,0.0,0.0,0.0,1.0,0.0,1.0,0.0,1.0,0.0,0.0,0.0,0.0,1.0,0.0,0.0,0.0,0.0,0.0,0.0,0.0,1.0,0.0,0.0,0.0,0.0,1.0,0.0,1.0,1.0,0.0,1.0,1.0,1.0,0.0,0.0,0.0,0.0,1.0,1.0,0.0,0.0,0.0,0.0,0.0,0.0,0.0,0.0,0.0,0.0,0.0,0.0,0.0,0.0,1.0,0.0,1.0,0.0,1.0,0.0,0.0,0.0,0.0,0.0,1.0,0.0,0.0,0.0,0.0,0.0,0.0,0.0,0.0,2.0,0.0,2.0,2.0,0.0,0.0,0.0,1.0,1.0,1.0,1.0,1.0,0.0,0.0,0.0,1.0,1.0,1.0,1.0,0.0,0.0,1.0,2.0,1.0,23.0,0.0,0.0,1.0,2.0,1.0,1.0,1.0,1.0,0.0,1.0,1.0,3.0,1.0,2.0,1.0,1.0,0.0,1.0,0.0,0.0,1.0,0.0,1.0,1.0,88888.0,0.0,1.0,0.0,0.0,0.0,0.0,0.0,1.0,0.0,0.0,1.0,0.0,0.0,1.0,1.0,0.0,0.0,0.0,0.0,0.0,0.0,0.0,0.0,0.0,0.0,,,,,0.0,,,,,,,1.0,0.0,1.0,0.0,0.0,0.0,0.0,0.0,1.0,1.0,1.0,0.0,0.0,0.0,1.0,1.0,0.0,0.0,0.0,0.0,0.0,0.0,1.0,1.0,0.0,0.0,0.0,0.0,0.0,1.0,0.0,0.0,0.0,0.0,0.0,0.0,0.0,0.0,0.0,0.0,0.0,0.0,0.0,0.0,0.0,0.0,0.0,0.0,0.0,0.0,0.0,0.0,1.0,0.0
2025,Norte,1,Amapá,AP,16,Macapá,1600303,Macapá,1601,Macapá,160001,Sul do Amapá,2,Macapá,3,Macapá,160030305,,,SERVICO NACIONAL DE APRENDIZAGEM COMERCIAL - SENAC DRAP,16003586,4,1.0,1,0.0,AVENIDA HENRIQUE GALUCIO,1999,,CENTRAL,68900115,96.0,32144101.0,0.03160368,-5.106.757.896,1,,02JAN2025:00:00:00,31DEC2025:00:00:00,,,,,0.0,,,,,,,,,,,,,,,,,,,,1.0,0.0,0.0,0.0,1.0,1.0,1.0,"3,59298E+12","3,59298E+12",1.0,4.0,,,1.0,1.0,0.0,0.0,0.0,0.0,,0.0,0.0,0.0,1.0,1.0,1.0,1.0,0.0,0.0,0.0,1.0,1.0,0.0,0.0,1.0,0.0,1.0,1.0,0.0,1.0,1.0,0.0,0.0,1.0,1.0,0.0,0.0,0.0,1.0,1.0,0.0,1.0,1.0,0.0,1.0,1.0,1.0,1.0,1.0,1.0,1.0,0.0,0.0,0.0,1.0,1.0,1.0,0.0,0.0,0.0,1.0,1.0,0.0,0.0,1.0,0.0,0.0,0.0,0.0,0.0,1.0,1.0,1.0,0.0,1.0,0.0,1.0,0.0,0.0,0.0,0.0,1.0,1.0,1.0,0.0,1.0,1.0,0.0,0.0,33.0,0.0,33.0,33.0,10.0,0.0,0.0,1.0,1.0,1.0,0.0,1.0,0.0,0.0,0.0,1.0,12.0,1.0,12.0,1.0,16.0,1.0,16.0,1.0,100.0,1.0,84.0,0.0,0.0,1.0,1.0,1.0,1.0,0.0,1.0,1.0,3.0,1.0,10.0,88888.0,1.0,0.0,0.0,0.0,0.0,1.0,0.0,7.0,0.0,4.0,1.0,2.0,0.0,2.0,1.0,0.0,0.0,1.0,0.0,0.0,1.0,0.0,1.0,1.0,1.0,1.0,0.0,0.0,1.0,1.0,0.0,0.0,0.0,0.0,0.0,,,,,1.0,1.0,1.0,0.0,0.0,1.0,0.0,1.0,1.0,1.0,0.0,0.0,0.0,0.0,0.0,1.0,1.0,0.0,9.0,9.0,9.0,9.0,9.0,9.0,0.0,0.0,0.0,0.0,0.0,1.0,1.0,0.0,0.0,0.0,0.0,0.0,1.0,0.0,0.0,0.0,0.0,0.0,0.0,0.0,0.0,0.0,0.0,0.0,0.0,0.0,0.0,0.0,0.0,0.0,0.0,0.0,0.0,0.0,0.0,1.0,0.0
2025,Nordeste,2,Maranhão,MA,21,Imperatriz,2105302,Imperatriz,2105,Imperatriz,210019,Oeste Maranhense,2,Imperatriz,9,Imperatriz,210530205,,,SERVICO NACIONAL DE APRENDIZAGEM COMERCIAL - SENAC,21279187,4,,1,,RUA RUI BARBOSA,203,,CENTRO,65901490,99.0,35244483.0,-5.526.471.667,-4.748.903,3,6.0,,,,,,,,,,,,,,,,,,,,,,,,,,,,,,,,,,,,,,,,,,,,,,,,,,,,,,,,,,,,,,,,,,,,,,,,,,,,,,,,,,,,,,,,,,,,,,,,,,,,,,,,,,,,,,,,,,,,,,,,,,,,,,,,,,,,,,,,,,,,,,,,,,,,,,,,,,,,,,,,,,,,,,,,,,,,,,,,,,,,,,,,,,,,,,,,,,,,,,,,,,,,,,,,,,,,,,,,,,,,,,,,,,,,,,,,,,,,,,,,,,,,,,,,,,,,,,,,,,,,,,,,,
2025,Nordeste,2,Maranhão,MA,21,Pinheiro,2108603,São Luís,2101,Pinheiro,210002,Norte Maranhense,1,Baixada Maranhense,5,Pinheiro,210860305,,,SERVICO NACIONAL DE APRENDIZAGEM COMERCIAL SENAC,21288640,4,1.0,1,0.0,RUA EDVALDO MORAES TRAVESSA JOAO MARIANO,,,,65200000,98.0,33814271.0,,,1,8.0,10JAN2025:00:00:00,23DEC2025:00:00:00,,,,,0.0,,,,,,,,,,,,,,,,,,,,0.0,0.0,0.0,0.0,0.0,1.0,0.0,"3,76004E+12","3,76004E+12",1.0,2.0,,,1.0,1.0,0.0,0.0,0.0,0.0,,0.0,1.0,0.0,1.0,1.0,1.0,0.0,0.0,0.0,0.0,1.0,1.0,0.0,0.0,0.0,1.0,0.0,1.0,0.0,1.0,0.0,0.0,0.0,0.0,1.0,0.0,0.0,0.0,1.0,0.0,0.0,1.0,1.0,0.0,1.0,1.0,1.0,1.0,1.0,1.0,1.0,0.0,0.0,0.0,1.0,1.0,1.0,1.0,0.0,0.0,0.0,0.0,0.0,0.0,0.0,0.0,0.0,0.0,0.0,1.0,1.0,1.0,1.0,0.0,1.0,0.0,0.0,0.0,0.0,1.0,1.0,1.0,0.0,1.0,0.0,0.0,0.0,0.0,0.0,13.0,0.0,13.0,13.0,13.0,0.0,0.0,1.0,1.0,1.0,1.0,1.0,0.0,0.0,0.0,1.0,4.0,0.0,0.0,1.0,1.0,1.0,11.0,1.0,20.0,1.0,1.0,1.0,10.0,1.0,1.0,1.0,1.0,1.0,1.0,0.0,3.0,1.0,3.0,3.0,0.0,0.0,1.0,0.0,0.0,0.0,0.0,1.0,0.0,2.0,0.0,0.0,0.0,0.0,0.0,0.0,0.0,1.0,0.0,0.0,1.0,0.0,0.0,0.0,1.0,0.0,0.0,0.0,0.0,0.0,0.0,0.0,0.0,0.0,0.0,,,,,0.0,,,,,,,1.0,1.0,1.0,0.0,0.0,0.0,0.0,0.0,1.0,1.0,0.0,9.0,9.0,9.0,9.0,9.0,9.0,0.0,0.0,0.0,0.0,0.0,1.0,1.0,0.0,0.0,0.0,0.0,1.0,1.0,0.0,0.0,0.0,0.0,0.0,0.0,0.0,0.0,0.0,0.0,0.0,0.0,0.0,0.0,0.0,0.0,1.0,0.0,1.0,0.0,0.0,0.0,1.0,0.0
2025,Nordeste,2,Ceará,CE,23,Crato,2304202,Juazeiro do Norte,2304,Juazeiro do Norte,230011,Sul Cearense,7,Cariri,32,Crato,230420205,,,CENTRO DE EDUCACAO PROFISSIONAL DE CRATO - SENAC,23271906,4,1.0,1,0.0,DA SE,596,,CENTRO,63100440,88.0,35868750.0,-72.339.033,-394.122.701,1,18.0,02JAN2025:00:00:00,22DEC2025:00:00:00,,,,,0.0,,,,,,,,,,,,,,,,,,,,0.0,0.0,0.0,0.0,0.0,1.0,0.0,"3,64834E+12","3,64834E+12",1.0,2.0,,,1.0,1.0,0.0,0.0,0.0,0.0,,0.0,0.0,0.0,1.0,1.0,0.0,1.0,0.0,0.0,0.0,1.0,0.0,0.0,0.0,1.0,0.0,0.0,0.0,0.0,1.0,0.0,0.0,0.0,0.0,1.0,0.0,0.0,0.0,1.0,0.0,0.0,1.0,1.0,0.0,1.0,0.0,1.0,1.0,1.0,1.0,1.0,0.0,0.0,1.0,1.0,0.0,0.0,1.0,0.0,0.0,0.0,0.0,0.0,0.0,0.0,0.0,0.0,0.0,0.0,0.0,1.0,0.0,1.0,0.0,1.0,0.0,0.0,0.0,0.0,1.0,1.0,0.0,0.0,1.0,0.0,0.0,0.0,0.0,0.0,8.0,0.0,8.0,8.0,0.0,0.0,0.0,1.0,0.0,1.0,1.0,0.0,0.0,0.0,0.0,1.0,5.0,1.0,8.0,0.0,0.0,1.0,2.0,1.0,42.0,0.0,0.0,1.0,6.0,1.0,1.0,1.0,1.0,0.0,1.0,0.0,2.0,1.0,4.0,5.0,0.0,0.0,0.0,0.0,0.0,0.0,0.0,3.0,1.0,2.0,0.0,2.0,0.0,0.0,0.0,0.0,0.0,0.0,0.0,0.0,0.0,0.0,0.0,1.0,0.0,0.0,0.0,0.0,0.0,0.0,0.0,0.0,0.0,0.0,0.0,,,,,0.0,,,,,,,1.0,0.0,0.0,0.0,0.0,0.0,0.0,1.0,0.0,1.0,0.0,9.0,9.0,9.0,9.0,9.0,9.0,0.0,0.0,0.0,0.0,0.0,1.0,1.0,0.0,0.0,0.0,0.0,0.0,1.0,0.0,0.0,0.0,0.0,0.0,0.0,0.0,0.0,0.0,0.0,0.0,0.0,0.0,0.0,0.0,0.0,0.0,0.0,0.0,0.0,0.0,0.0,1.0,0.0
2025,Nordeste,2,Ceará,CE,23,Sobral,2312908,Sobral,2306,Sobral,230015,Noroeste Cearense,1,Sobral,5,Sobral,231290805,,,CENTRO DE EDUCACAO PROFISSIONAL DE SOBRAL - SENAC,23271922,4,1.0,1,0.0,DOUTOR JOAO DO MONTE,980,,CENTRO,62010220,88.0,36778700.0,-3.688.002,-4.034.987,1,6.0,30JAN2025:00:00:00,13NOV2025:00:00:00,,,,,0.0,,,,,,,,,,,,,,,,,,,,0.0,0.0,0.0,0.0,0.0,1.0,0.0,"3,64834E+12","3,64834E+12",1.0,2.0,,,1.0,2.0,0.0,0.0,0.0,0.0,,0.0,0.0,0.0,1.0,1.0,0.0,0.0,0.0,0.0,0.0,1.0,0.0,0.0,0.0,1.0,0.0,0.0,0.0,0.0,1.0,0.0,0.0,0.0,0.0,0.0,0.0,0.0,1.0,1.0,0.0,0.0,1.0,1.0,0.0,1.0,0.0,1.0,1.0,1.0,1.0,0.0,0.0,0.0,0.0,1.0,1.0,0.0,0.0,0.0,0.0,1.0,1.0,0.0,1.0,0.0,0.0,0.0,1.0,0.0,1.0,1.0,1.0,1.0,0.0,1.0,0.0,0.0,0.0,0.0,1.0,0.0,0.0,1.0,1.0,0.0,1.0,1.0,0.0,0.0,15.0,0.0,15.0,15.0,3.0,0.0,1.0,1.0,1.0,1.0,1.0,1.0,0.0,1.0,1.0,1.0,5.0,1.0,7.0,0.0,0.0,1.0,5.0,1.0,88888.0,1.0,88888.0,1.0,6.0,1.0,1.0,1.0,1.0,1.0,1.0,1.0,2.0,1.0,88888.0,88888.0,1.0,88888.0,2.0,0.0,0.0,0.0,0.0,2.0,1.0,0.0,2.0,2.0,1.0,0.0,0.0,0.0,0.0,1.0,0.0,0.0,1.0,0.0,1.0,0.0,1.0,0.0,0.0,1.0,0.0,0.0,0.0,0.0,0.0,0.0,0.0,,,,,1.0,1.0,1.0,0.0,1.0,0.0,0.0,1.0,0.0,1.0,0.0,0.0,1.0,0.0,0.0,0.0,1.0,0.0,9.0,9.0,9.0,9.0,9.0,9.0,0.0,0.0,0.0,0.0,0.0,1.0,1.0,0.0,0.0,0.0,0.0,0.0,1.0,0.0,0.0,0.0,0.0,0.0,0.0,0.0,0.0,0.0,0.0,0.0,0.0,0.0,0.0,0.0,0.0,0.0,0.0,0.0,0.0,0.0,0.0,1.0,0.0
2025,Nordeste,2,Rio Grande do Norte,RN,24,Açu,2400208,Mossoró,2403,Açu,240011,Oeste Potiguar,1,Vale do Açu,4,Açu,240020805,,,SERVICO NACIONAL DE APRENDIZAGEM COMERCIAL - SENAC ASSU,24091006,4,,1,,RUA 24 DE JUNHO,1092,,,59650000,84.0,33311585.0,,,2,11.0,,,,,,,,,,,,,,,,,,,,,,,,,,,,,,,,,,,,,,,,,,,,,,,,,,,,,,,,,,,,,,,,,,,,,,,,,,,,,,,,,,,,,,,,,,,,,,,,,,,,,,,,,,,,,,,,,,,,,,,,,,,,,,,,,,,,,,,,,,,,,,,,,,,,,,,,,,,,,,,,,,,,,,,,,,,,,,,,,,,,,,,,,,,,,,,,,,,,,,,,,,,,,,,,,,,,,,,,,,,,,,,,,,,,,,,,,,,,,,,,,,,,,,,,,,,,,,,,,,,,,,,,,
2025,Nordeste,2,Rio Grande do Norte,RN,24,Caicó,2402006,Caicó,2402,Caicó,240007,Central Potiguar,2,Seridó Ocidental,11,Caicó,240200605,,,SERVICO NACIONAL DE APRENDIZAGEM COMERCIAL - SENAC CAICO,24080268,4,,1,,RUA ZECO DINIZ,1289,,,59300000,84.0,34213933.0,,,2,10.0,,,,,,,,,,,,,,,,,,,,,,,,,,,,,,,,,,,,,,,,,,,,,,,,,,,,,,,,,,,,,,,,,,,,,,,,,,,,,,,,,,,,,,,,,,,,,,,,,,,,,,,,,,,,,,,,,,,,,,,,,,,,,,,,,,,,,,,,,,,,,,,,,,,,,,,,,,,,,,,,,,,,,,,,,,,,,,,,,,,,,,,,,,,,,,,,,,,,,,,,,,,,,,,,,,,,,,,,,,,,,,,,,,,,,,,,,,,,,,,,,,,,,,,,,,,,,,,,,,,,,,,,,
2025,Nordeste,2,Rio Grande do Norte,RN,24,Currais Novos,2403103,Caicó,2402,Currais Novos,240008,Central Potiguar,2,Seridó Oriental,12,Currais Novos,240310305,,,SENAC-SERVICO NACIONAL DE APRENDIZAGEM,24078638,4,,1,,RUA CAPITAO MOR GALVAO,,,,59380000,84.0,34053330.0,,,2,9.0,,,,,,,,,,,,,,,,,,,,,,,,,,,,,,,,,,,,,,,,,,,,,,,,,,,,,,,,,,,,,,,,,,,,,,,,,,,,,,,,,,,,,,,,,,,,,,,,,,,,,,,,,,,,,,,,,,,,,,,,,,,,,,,,,,,,,,,,,,,,,,,,,,,,,,,,,,,,,,,,,,,,,,,,,,,,,,,,,,,,,,,,,,,,,,,,,,,,,,,,,,,,,,,,,,,,,,,,,,,,,,,,,,,,,,,,,,,,,,,,,,,,,,,,,,,,,,,,,,,,,,,,,
2025,Nordeste,2,Rio Grande do Norte,RN,24,Macaíba,2407104,Natal,2401,Natal,240001,Leste Potiguar,4,Macaíba,17,Macaíba,240710405,,,SENAC - UNIDADE MACAIBA,24094609,4,,1,,RUA PROFESSOR PAULO MESQUITA,,,CENTRO,59280070,84.0,40051095.0,,,2,1.0,,,,,,,,,,,,,,,,,,,,,,,,,,,,,,,,,,,,,,,,,,,,,,,,,,,,,,,,,,,,,,,,,,,,,,,,,,,,,,,,,,,,,,,,,,,,,,,,,,,,,,,,,,,,,,,,,,,,,,,,,,,,,,,,,,,,,,,,,,,,,,,,,,,,,,,,,,,,,,,,,,,,,,,,,,,,,,,,,,,,,,,,,,,,,,,,,,,,,,,,,,,,,,,,,,,,,,,,,,,,,,,,,,,,,,,,,,,,,,,,,,,,,,,,,,,,,,,,,,,,,,,,,
2025,Nordeste,2,Rio Grande do Norte,RN,24,Mossoró,2408003,Mossoró,2403,Mossoró,240009,Oeste Potiguar,1,Mossoró,1,Mossoró,240800305,,,SERVICO NACIONAL DE APRENDIZAGEM COMERCIAL - SENAC MOSSORO,24093408,4,1.0,1,0.0,DOUTOR JOAO MARCELINO,867,,NOVA BETÂNIA,59612012,84.0,34225008.0,,,1,12.0,02JAN2025:00:00:00,23DEC2025:00:00:00,,,,,0.0,,,,,,,,,,,,,,,,,,,,0.0,0.0,0.0,0.0,0.0,1.0,0.0,"3,64029E+12","3,64029E+12",1.0,2.0,,,1.0,1.0,0.0,0.0,0.0,0.0,,0.0,0.0,0.0,1.0,1.0,0.0,0.0,0.0,0.0,0.0,1.0,0.0,0.0,0.0,1.0,0.0,0.0,0.0,0.0,1.0,0.0,0.0,0.0,0.0,0.0,0.0,0.0,1.0,1.0,0.0,0.0,0.0,1.0,0.0,1.0,0.0,0.0,1.0,1.0,1.0,0.0,0.0,0.0,0.0,1.0,1.0,0.0,0.0,0.0,0.0,0.0,0.0,0.0,1.0,1.0,0.0,0.0,1.0,0.0,0.0,1.0,0.0,1.0,0.0,1.0,0.0,0.0,0.0,0.0,1.0,0.0,1.0,1.0,1.0,1.0,0.0,1.0,0.0,1.0,20.0,0.0,20.0,20.0,20.0,0.0,0.0,1.0,0.0,0.0,1.0,1.0,0.0,0.0,0.0,0.0,0.0,1.0,10.0,1.0,2.0,1.0,20.0,1.0,20.0,1.0,20.0,1.0,10.0,1.0,1.0,1.0,1.0,0.0,1.0,1.0,3.0,1.0,4.0,4.0,1.0,0.0,1.0,0.0,0.0,0.0,0.0,2.0,0.0,0.0,0.0,1.0,0.0,0.0,0.0,0.0,0.0,1.0,0.0,1.0,1.0,0.0,1.0,0.0,1.0,0.0,0.0,0.0,0.0,0.0,0.0,0.0,0.0,0.0,0.0,,,,,0.0,,,,,,,1.0,0.0,0.0,0.0,0.0,1.0,0.0,0.0,0.0,0.0,1.0,0.0,0.0,0.0,0.0,1.0,0.0,0.0,0.0,1.0,1.0,1.0,1.0,1.0,0.0,0.0,0.0,1.0,0.0,1.0,0.0,0.0,0.0,0.0,0.0,1.0,0.0,0.0,0.0,0.0,0.0,0.0,0.0,0.0,0.0,0.0,0.0,0.0,0.0,0.0,0.0,0.0,1.0,0.0
2025,Nordeste,2,Rio Grande do Norte,RN,24,Natal,2408102,Natal,2401,Natal,240001,Leste Potiguar,4,Natal,18,Natal,240810205,,,SERVICO NACIONAL DE APRENDIZAGEM COMERCIAL - SENAC ZONA SUL,24072311,4,,1,,AYRTON SENNA,1362,,NEOPOLIS,59088100,84.0,40051087.0,-58.620.528,-352.055.004,2,1.0,,,,,,,,,,,,,,,,,,,,,,,,,,,,,,,,,,,,,,,,,,,,,,,,,,,,,,,,,,,,,,,,,,,,,,,,,,,,,,,,,,,,,,,,,,,,,,,,,,,,,,,,,,,,,,,,,,,,,,,,,,,,,,,,,,,,,,,,,,,,,,,,,,,,,,,,,,,,,,,,,,,,,,,,,,,,,,,,,,,,,,,,,,,,,,,,,,,,,,,,,,,,,,,,,,,,,,,,,,,,,,,,,,,,,,,,,,,,,,,,,,,,,,,,,,,,,,,,,,,,,,,,,
2025,Nordeste,2,Rio Grande do Norte,RN,24,Natal,2408102,Natal,2401,Natal,240001,Leste Potiguar,4,Natal,18,Natal,240810205,,,SERVICO NACIONAL DE APRENDIZAGEM COMERCIAL - SENAC CENTRO,24078255,4,1.0,1,0.0,SAO TOME,295,,CIDADE ALTA,59025030,84.0,40051013.0,-57.827.632,-352.066.507,1,1.0,02JAN2025:00:00:00,23DEC2025:00:00:00,,,,,0.0,,,,,,,,,,,,,,,,,,,,0.0,0.0,0.0,0.0,0.0,1.0,0.0,"3,64029E+12","3,64029E+12",0.0,,,,1.0,1.0,0.0,0.0,0.0,0.0,,0.0,0.0,0.0,1.0,1.0,0.0,0.0,0.0,0.0,0.0,1.0,0.0,0.0,0.0,1.0,0.0,0.0,0.0,0.0,1.0,0.0,0.0,0.0,0.0,0.0,0.0,0.0,1.0,1.0,1.0,0.0,1.0,1.0,0.0,1.0,1.0,1.0,1.0,1.0,1.0,1.0,0.0,0.0,0.0,1.0,1.0,0.0,0.0,0.0,0.0,0.0,0.0,0.0,1.0,0.0,0.0,0.0,0.0,0.0,0.0,1.0,0.0,1.0,0.0,1.0,0.0,0.0,0.0,0.0,1.0,1.0,1.0,1.0,1.0,1.0,1.0,1.0,0.0,1.0,23.0,0.0,23.0,23.0,23.0,0.0,0.0,1.0,0.0,1.0,1.0,1.0,0.0,0.0,0.0,0.0,0.0,1.0,3.0,1.0,2.0,1.0,23.0,1.0,7.0,1.0,57.0,1.0,31.0,1.0,1.0,1.0,1.0,1.0,1.0,1.0,3.0,1.0,4.0,5.0,2.0,0.0,1.0,0.0,0.0,2.0,0.0,2.0,0.0,0.0,1.0,1.0,0.0,0.0,0.0,0.0,0.0,1.0,0.0,1.0,1.0,0.0,0.0,0.0,1.0,0.0,0.0,0.0,0.0,0.0,0.0,0.0,0.0,0.0,0.0,,,,,0.0,,,,,,,1.0,0.0,0.0,0.0,0.0,0.0,0.0,0.0,1.0,0.0,0.0,9.0,9.0,9.0,9.0,9.0,9.0,0.0,0.0,0.0,0.0,0.0,1.0,1.0,0.0,0.0,0.0,0.0,0.0,1.0,0.0,0.0,0.0,0.0,0.0,0.0,0.0,0.0,0.0,0.0,0.0,0.0,0.0,0.0,0.0,0.0,0.0,0.0,0.0,0.0,0.0,0.0,1.0,0.0
2025,Nordeste,2,Rio Grande do Norte,RN,24,Natal,2408102,Natal,2401,Natal,240001,Leste Potiguar,4,Natal,18,Natal,240810205,,,SERVICO NACIONAL DE APRENDIZAGEM COMERCIAL - SENAC ALECRIM,24087335,4,1.0,1,0.0,ALMIRANTE ALEXANDRINO DE ALENCAR,556,PROX.CLUBE ATLANTICO,ALECRIM,59030350,84.0,40051070.0,-57.975.227,-352.141.161,1,1.0,02JAN2025:00:00:00,23DEC2025:00:00:00,,,,,0.0,,,,,,,,,,,,,,,,,,,,0.0,0.0,0.0,0.0,0.0,1.0,0.0,"3,64029E+12","3,64029E+12",1.0,3.0,,,1.0,1.0,0.0,0.0,0.0,0.0,,0.0,0.0,0.0,1.0,1.0,0.0,0.0,0.0,0.0,0.0,1.0,0.0,0.0,0.0,1.0,0.0,0.0,0.0,0.0,1.0,0.0,0.0,0.0,0.0,0.0,0.0,0.0,1.0,1.0,0.0,0.0,1.0,1.0,1.0,1.0,0.0,0.0,1.0,1.0,1.0,0.0,0.0,0.0,0.0,0.0,1.0,0.0,0.0,0.0,0.0,0.0,0.0,0.0,1.0,0.0,0.0,0.0,0.0,1.0,0.0,1.0,1.0,1.0,0.0,1.0,0.0,0.0,0.0,0.0,1.0,1.0,1.0,1.0,1.0,1.0,0.0,1.0,0.0,0.0,30.0,0.0,30.0,30.0,30.0,0.0,0.0,1.0,0.0,1.0,1.0,1.0,0.0,0.0,0.0,1.0,23.0,1.0,23.0,0.0,0.0,1.0,3.0,1.0,88888.0,1.0,21.0,0.0,0.0,1.0,1.0,1.0,1.0,1.0,1.0,1.0,3.0,1.0,88888.0,5.0,1.0,0.0,1.0,0.0,0.0,0.0,0.0,3.0,0.0,0.0,2.0,1.0,0.0,0.0,0.0,0.0,0.0,1.0,0.0,1.0,1.0,0.0,1.0,0.0,1.0,0.0,0.0,0.0,0.0,0.0,0.0,0.0,0.0,0.0,0.0,,,,,0.0,,,,,,,1.0,0.0,0.0,0.0,0.0,0.0,0.0,1.0,0.0,0.0,0.0,9.0,9.0,9.0,9.0,9.0,9.0,0.0,0.0,0.0,0.0,0.0,1.0,1.0,0.0,0.0,0.0,0.0,0.0,1.0,0.0,0.0,0.0,0.0,0.0,0.0,0.0,0.0,0.0,0.0,0.0,0.0,0.0,0.0,0.0,0.0,0.0,0.0,0.0,0.0,0.0,0.0,1.0,0.0
2025,Nordeste,2,Rio Grande do Norte,RN,24,Natal,2408102,Natal,2401,Natal,240001,Leste Potiguar,4,Natal,18,Natal,240810205,,,SERVICO NACIONAL DE APRENDIZAGEM COMERCIAL - SENAC ZONA NORTE,24094200,4,1.0,1,0.0,MACAE,2875,ESCOLA,POTENGI,59110185,84.0,40051094.0,-5.759.098,-3.524.968,1,1.0,02JAN2025:00:00:00,23DEC2025:00:00:00,,,,,0.0,,,,,,,,,,,,,,,,,,,,0.0,0.0,0.0,0.0,0.0,1.0,0.0,"3,64029E+12","3,64029E+12",0.0,,,,1.0,1.0,0.0,0.0,0.0,0.0,,0.0,0.0,0.0,1.0,1.0,0.0,0.0,0.0,0.0,0.0,1.0,0.0,0.0,0.0,1.0,0.0,0.0,0.0,0.0,1.0,0.0,0.0,0.0,0.0,0.0,0.0,0.0,1.0,1.0,1.0,0.0,0.0,1.0,1.0,1.0,1.0,1.0,0.0,0.0,1.0,0.0,0.0,0.0,0.0,1.0,0.0,0.0,0.0,0.0,0.0,0.0,0.0,0.0,1.0,0.0,0.0,0.0,0.0,0.0,0.0,1.0,0.0,1.0,0.0,1.0,0.0,0.0,0.0,0.0,1.0,0.0,1.0,1.0,1.0,0.0,0.0,0.0,0.0,0.0,8.0,0.0,8.0,8.0,8.0,0.0,0.0,1.0,0.0,1.0,1.0,1.0,0.0,0.0,0.0,1.0,2.0,0.0,0.0,1.0,1.0,1.0,8.0,1.0,28.0,1.0,20.0,0.0,0.0,1.0,1.0,1.0,1.0,0.0,0.0,1.0,3.0,1.0,3.0,0.0,1.0,0.0,1.0,0.0,0.0,0.0,0.0,2.0,0.0,0.0,0.0,1.0,0.0,0.0,0.0,0.0,0.0,0.0,0.0,0.0,1.0,0.0,0.0,0.0,1.0,0.0,0.0,0.0,0.0,0.0,0.0,0.0,0.0,0.0,0.0,,,,,0.0,,,,,,,1.0,0.0,0.0,0.0,0.0,0.0,0.0,0.0,1.0,0.0,0.0,9.0,9.0,9.0,9.0,9.0,9.0,0.0,0.0,1.0,1.0,1.0,1.0,1.0,0.0,0.0,0.0,1.0,0.0,1.0,0.0,0.0,0.0,0.0,0.0,1.0,0.0,0.0,0.0,0.0,0.0,0.0,0.0,0.0,0.0,0.0,0.0,0.0,0.0,0.0,0.0,0.0,1.0,0.0
2025,Nordeste,2,Rio Grande do Norte,RN,24,Natal,2408102,Natal,2401,Natal,240001,Leste Potiguar,4,Natal,18,Natal,240810205,,,SERVICO NACIONAL DE APRENDIZAGEM COMERCIAL - SENAC BARREIRA ROXA,24094404,4,1.0,1,0.0,SENADOR DINARTE MEDEIROS MARIZ,4020,,PONTA NEGRA,59090002,84.0,40051000.0,-57.828.198,-352.066.961,1,1.0,02JAN2025:00:00:00,23DEC2025:00:00:00,,,,,0.0,,,,,,,,,,,,,,,,,,,,0.0,0.0,0.0,0.0,0.0,1.0,0.0,"3,64029E+12","3,64029E+12",1.0,2.0,,,1.0,1.0,0.0,0.0,0.0,0.0,,0.0,0.0,0.0,1.0,1.0,0.0,0.0,0.0,0.0,0.0,1.0,0.0,0.0,0.0,1.0,0.0,0.0,0.0,0.0,1.0,0.0,0.0,0.0,0.0,1.0,0.0,0.0,0.0,1.0,1.0,0.0,0.0,1.0,0.0,1.0,1.0,1.0,1.0,1.0,1.0,1.0,0.0,0.0,0.0,0.0,1.0,0.0,0.0,0.0,0.0,0.0,0.0,0.0,1.0,0.0,0.0,0.0,0.0,0.0,0.0,1.0,1.0,1.0,0.0,1.0,0.0,0.0,0.0,0.0,1.0,1.0,1.0,1.0,1.0,1.0,1.0,1.0,0.0,0.0,12.0,0.0,12.0,12.0,12.0,0.0,0.0,1.0,0.0,1.0,1.0,0.0,0.0,0.0,0.0,0.0,0.0,0.0,0.0,0.0,0.0,1.0,12.0,1.0,12.0,1.0,88888.0,0.0,0.0,1.0,1.0,1.0,0.0,0.0,1.0,1.0,3.0,1.0,2.0,3.0,1.0,0.0,1.0,0.0,0.0,0.0,0.0,1.0,0.0,0.0,0.0,1.0,0.0,0.0,0.0,0.0,0.0,1.0,0.0,0.0,1.0,0.0,0.0,0.0,1.0,0.0,0.0,0.0,0.0,0.0,0.0,0.0,0.0,0.0,0.0,,,,,0.0,,,,,,,1.0,0.0,1.0,0.0,0.0,0.0,0.0,0.0,1.0,0.0,0.0,9.0,9.0,9.0,9.0,9.0,9.0,0.0,0.0,0.0,0.0,0.0,1.0,1.0,0.0,0.0,0.0,0.0,0.0,1.0,0.0,0.0,0.0,0.0,0.0,0.0,0.0,0.0,0.0,0.0,0.0,0.0,0.0,0.0,0.0,0.0,0.0,0.0,0.0,0.0,0.0,0.0,1.0,0.0
2025,Nordeste,2,Pernambuco,PE,26,Caruaru,2604106,Caruaru,2602,Caruaru,260009,Agreste Pernambucano,3,Vale do Ipojuca,8,Caruaru,260410605,,,SERVICO NACIONAL DE APRENDIZAGEM COMERCIAL SENAC,26169606,4,1.0,1,0.0,MARIA JOSE LYRA,140,,INDIANOPOLIS,55026075,81.0,37278251.0,-82.934.683,-359.514.417,1,9.0,10FEB2025:00:00:00,23DEC2025:00:00:00,,,,,0.0,,,,,,,,,,,,,,,,,,,,0.0,0.0,0.0,0.0,0.0,1.0,0.0,"3,48532E+12","3,48532E+12",1.0,4.0,,,1.0,1.0,0.0,0.0,0.0,0.0,,0.0,0.0,0.0,1.0,1.0,0.0,0.0,0.0,0.0,0.0,1.0,0.0,0.0,0.0,1.0,0.0,0.0,0.0,0.0,1.0,0.0,0.0,0.0,0.0,1.0,0.0,0.0,0.0,1.0,1.0,0.0,1.0,1.0,0.0,1.0,1.0,1.0,1.0,1.0,1.0,0.0,0.0,0.0,1.0,1.0,1.0,0.0,1.0,0.0,0.0,0.0,0.0,0.0,0.0,0.0,0.0,0.0,0.0,0.0,1.0,1.0,1.0,1.0,0.0,1.0,0.0,0.0,0.0,0.0,0.0,0.0,1.0,0.0,1.0,0.0,1.0,1.0,0.0,1.0,25.0,0.0,25.0,25.0,25.0,0.0,0.0,1.0,1.0,1.0,1.0,1.0,0.0,0.0,0.0,0.0,0.0,1.0,4.0,0.0,0.0,1.0,20.0,1.0,16.0,1.0,30.0,0.0,0.0,1.0,0.0,1.0,1.0,0.0,0.0,0.0,2.0,1.0,6.0,7.0,1.0,0.0,0.0,0.0,0.0,1.0,0.0,5.0,0.0,1.0,1.0,0.0,0.0,1.0,0.0,0.0,0.0,1.0,0.0,0.0,1.0,0.0,0.0,0.0,1.0,0.0,0.0,0.0,0.0,0.0,0.0,0.0,0.0,0.0,0.0,,,,,0.0,,,,,,,1.0,1.0,1.0,0.0,0.0,1.0,0.0,1.0,0.0,1.0,1.0,1.0,0.0,0.0,0.0,1.0,0.0,0.0,0.0,1.0,1.0,1.0,1.0,1.0,0.0,0.0,0.0,1.0,0.0,1.0,0.0,0.0,0.0,0.0,0.0,1.0,0.0,0.0,0.0,0.0,0.0,0.0,0.0,0.0,0.0,0.0,0.0,0.0,0.0,0.0,0.0,0.0,1.0,0.0
2025,Nordeste,2,Pernambuco,PE,26,Garanhuns,2606002,Caruaru,2602,Garanhuns,260010,Agreste Pernambucano,3,Garanhuns,11,Garanhuns,260600205,,,SENAC CENTRO DE FOR PROFS JOSE HENRIQUE DE BARROS,26167700,4,1.0,1,0.0,MARIA RAMOS,22,,HELIÓPOLIS,55295700,87.0,37642700.0,-888.094.505,-3.648.505.489,1,10.0,02JAN2025:00:00:00,23DEC2025:00:00:00,,,,,0.0,,,,,,,,,,,,,,,,,,,,0.0,0.0,0.0,0.0,0.0,1.0,0.0,"3,48532E+12","3,48532E+12",1.0,2.0,,,1.0,1.0,0.0,0.0,0.0,0.0,,0.0,0.0,0.0,1.0,1.0,0.0,0.0,0.0,0.0,0.0,1.0,0.0,0.0,0.0,1.0,0.0,0.0,0.0,0.0,1.0,0.0,0.0,0.0,0.0,1.0,0.0,0.0,0.0,1.0,1.0,0.0,0.0,1.0,0.0,1.0,0.0,1.0,1.0,1.0,1.0,0.0,0.0,0.0,0.0,1.0,0.0,0.0,1.0,0.0,0.0,0.0,0.0,0.0,0.0,0.0,0.0,0.0,0.0,0.0,0.0,1.0,0.0,1.0,0.0,1.0,0.0,0.0,0.0,0.0,1.0,0.0,1.0,1.0,0.0,0.0,1.0,1.0,0.0,0.0,7.0,0.0,7.0,7.0,0.0,0.0,0.0,1.0,0.0,0.0,1.0,1.0,0.0,0.0,0.0,1.0,2.0,1.0,8.0,0.0,0.0,1.0,3.0,1.0,27.0,1.0,20.0,0.0,0.0,1.0,1.0,1.0,1.0,1.0,1.0,1.0,3.0,1.0,3.0,5.0,1.0,0.0,0.0,0.0,0.0,1.0,0.0,3.0,1.0,0.0,0.0,1.0,0.0,0.0,0.0,0.0,0.0,1.0,0.0,1.0,1.0,0.0,1.0,1.0,1.0,0.0,1.0,1.0,0.0,1.0,0.0,1.0,0.0,0.0,0.0,,,,,1.0,0.0,1.0,0.0,0.0,0.0,0.0,1.0,1.0,1.0,0.0,0.0,0.0,0.0,0.0,1.0,1.0,1.0,1.0,0.0,1.0,1.0,1.0,0.0,0.0,0.0,0.0,0.0,0.0,1.0,1.0,0.0,0.0,0.0,0.0,0.0,1.0,0.0,0.0,0.0,0.0,0.0,0.0,0.0,0.0,0.0,0.0,0.0,0.0,0.0,0.0,0.0,0.0,0.0,0.0,0.0,0.0,0.0,0.0,1.0,0.0
2025,Nordeste,2,Pernambuco,PE,26,Paulista,2610707,Recife,2601,Recife,260001,Metropolitana de Recife,5,Recife,17,Paulista,261070705,,,SENAC CENTRO DE FORMACAO PROFISSIONAL DO PAULISTA,26176890,4,1.0,1,0.0,PREFEITO SEVERINO CUNHA PRIMO,30,,JARDIM PAULISTA,53407265,81.0,33728250.0,-79.473.583,-348.902.392,1,3.0,06FEB2025:00:00:00,23DEC2025:00:00:00,,,,,0.0,,,,,,,,,,,,,,,,,,,,0.0,0.0,0.0,0.0,0.0,1.0,0.0,"3,48532E+12","3,48532E+12",1.0,2.0,,,1.0,1.0,0.0,0.0,0.0,0.0,,0.0,0.0,0.0,1.0,1.0,0.0,1.0,0.0,0.0,0.0,1.0,0.0,0.0,0.0,1.0,0.0,0.0,0.0,0.0,1.0,0.0,0.0,0.0,0.0,0.0,0.0,0.0,1.0,0.0,0.0,0.0,1.0,1.0,0.0,1.0,0.0,1.0,1.0,1.0,1.0,0.0,0.0,0.0,0.0,1.0,1.0,1.0,0.0,0.0,0.0,1.0,0.0,1.0,0.0,0.0,0.0,0.0,0.0,0.0,0.0,1.0,1.0,1.0,0.0,1.0,0.0,0.0,0.0,0.0,1.0,1.0,0.0,0.0,1.0,1.0,0.0,0.0,0.0,0.0,17.0,0.0,17.0,17.0,17.0,0.0,0.0,1.0,0.0,0.0,1.0,0.0,0.0,1.0,6.0,1.0,2.0,1.0,13.0,0.0,0.0,1.0,6.0,1.0,44.0,1.0,20.0,0.0,0.0,1.0,1.0,1.0,1.0,0.0,1.0,1.0,3.0,1.0,5.0,4.0,1.0,0.0,4.0,0.0,0.0,0.0,0.0,0.0,1.0,2.0,0.0,0.0,0.0,0.0,0.0,0.0,0.0,1.0,0.0,0.0,1.0,0.0,1.0,1.0,1.0,1.0,0.0,0.0,0.0,0.0,0.0,0.0,0.0,0.0,0.0,,,,,0.0,,,,,,,1.0,0.0,0.0,0.0,0.0,0.0,0.0,0.0,1.0,0.0,1.0,0.0,0.0,0.0,1.0,0.0,0.0,0.0,0.0,1.0,0.0,1.0,1.0,1.0,0.0,0.0,0.0,1.0,0.0,1.0,0.0,0.0,0.0,0.0,0.0,1.0,0.0,0.0,0.0,0.0,0.0,0.0,0.0,0.0,0.0,0.0,0.0,0.0,0.0,0.0,0.0,0.0,1.0,0.0
2025,Nordeste,2,Pernambuco,PE,26,Petrolina,2611101,Petrolina,2604,Petrolina,260015,São Francisco Pernambucano,2,Petrolina,5,Petrolina,261110105,,,SENAC-SERVICO NACIONAL DE APREDIZAGEM COMERCIAL,26176840,4,1.0,1,0.0,PROJETADA,650,,COLÔNIA IMPERIAL,56328815,87.0,939837614.0,-9.386.483,-4.050.448,1,16.0,06JAN2025:00:00:00,22DEC2025:00:00:00,,,,,0.0,,,,,,,,,,,,,,,,,,,,0.0,0.0,0.0,0.0,0.0,1.0,0.0,"3,48532E+12","3,48532E+12",1.0,1.0,,,1.0,1.0,0.0,0.0,0.0,0.0,,0.0,0.0,0.0,1.0,1.0,0.0,0.0,0.0,0.0,0.0,1.0,0.0,1.0,0.0,1.0,0.0,0.0,0.0,0.0,1.0,0.0,0.0,0.0,0.0,1.0,0.0,0.0,0.0,1.0,0.0,0.0,1.0,1.0,0.0,1.0,1.0,1.0,1.0,1.0,1.0,0.0,0.0,0.0,1.0,1.0,1.0,0.0,0.0,0.0,0.0,0.0,0.0,0.0,0.0,0.0,0.0,0.0,0.0,0.0,1.0,1.0,0.0,1.0,0.0,1.0,1.0,0.0,0.0,0.0,1.0,0.0,1.0,1.0,1.0,0.0,1.0,1.0,0.0,0.0,16.0,0.0,16.0,16.0,0.0,0.0,0.0,1.0,1.0,1.0,1.0,1.0,0.0,0.0,0.0,1.0,3.0,1.0,4.0,0.0,0.0,1.0,15.0,1.0,72.0,1.0,72.0,0.0,0.0,1.0,1.0,1.0,1.0,0.0,1.0,1.0,3.0,1.0,6.0,8.0,1.0,0.0,0.0,0.0,0.0,0.0,0.0,4.0,0.0,0.0,1.0,1.0,0.0,0.0,0.0,0.0,0.0,1.0,0.0,1.0,1.0,0.0,1.0,1.0,1.0,1.0,0.0,0.0,0.0,0.0,0.0,0.0,1.0,0.0,0.0,,,,,0.0,,,,,,,1.0,1.0,1.0,0.0,0.0,0.0,0.0,0.0,1.0,1.0,1.0,1.0,0.0,0.0,1.0,1.0,0.0,0.0,0.0,1.0,0.0,1.0,1.0,1.0,0.0,0.0,0.0,1.0,0.0,1.0,0.0,0.0,0.0,0.0,0.0,1.0,0.0,0.0,0.0,0.0,0.0,0.0,0.0,0.0,0.0,0.0,0.0,0.0,0.0,0.0,0.0,0.0,1.0,0.0
2025,Nordeste,2,Pernambuco,PE,26,Serra Talhada,2613909,Serra Talhada,2603,Serra Talhada,260013,Sertão Pernambucano,1,Pajeú,3,Serra Talhada,261390905,,,CEP SENAC SERRA TALHADA,26183498,4,1.0,1,0.0,AVENIDA WALDEMAR INACIO DE OLIVEIRA,325,,BOM JESUS,56906010,87.0,39292351.0,,,1,12.0,02JAN2025:00:00:00,23DEC2025:00:00:00,,,,,0.0,,,,,,,,,,,,,,,,,,,,0.0,0.0,0.0,0.0,0.0,1.0,0.0,"3,48532E+12","3,48532E+12",1.0,2.0,,,1.0,1.0,0.0,0.0,0.0,0.0,,0.0,0.0,0.0,1.0,1.0,0.0,0.0,0.0,0.0,0.0,1.0,0.0,0.0,0.0,1.0,0.0,0.0,0.0,0.0,1.0,0.0,0.0,0.0,0.0,1.0,0.0,1.0,0.0,1.0,1.0,0.0,1.0,1.0,0.0,1.0,1.0,1.0,1.0,1.0,1.0,1.0,0.0,0.0,0.0,1.0,1.0,1.0,1.0,0.0,0.0,0.0,0.0,0.0,1.0,0.0,0.0,0.0,1.0,0.0,1.0,1.0,1.0,1.0,0.0,1.0,0.0,0.0,0.0,0.0,1.0,0.0,1.0,1.0,1.0,0.0,1.0,1.0,0.0,0.0,13.0,0.0,13.0,13.0,13.0,0.0,0.0,1.0,0.0,1.0,1.0,1.0,0.0,1.0,1.0,1.0,2.0,1.0,7.0,0.0,0.0,1.0,12.0,1.0,4.0,1.0,13.0,1.0,2.0,1.0,1.0,1.0,1.0,1.0,1.0,1.0,3.0,1.0,88888.0,88888.0,1.0,0.0,0.0,0.0,0.0,0.0,0.0,3.0,1.0,0.0,0.0,1.0,0.0,0.0,0.0,0.0,0.0,1.0,0.0,0.0,1.0,0.0,1.0,0.0,1.0,1.0,0.0,0.0,0.0,0.0,0.0,0.0,0.0,0.0,0.0,,,,,0.0,,,,,,,1.0,1.0,0.0,0.0,0.0,0.0,0.0,0.0,1.0,1.0,0.0,9.0,9.0,9.0,9.0,9.0,9.0,0.0,0.0,1.0,0.0,1.0,1.0,1.0,0.0,0.0,0.0,1.0,0.0,1.0,0.0,0.0,0.0,0.0,0.0,0.0,1.0,0.0,0.0,0.0,0.0,0.0,0.0,0.0,0.0,0.0,0.0,0.0,0.0,0.0,0.0,0.0,1.0,0.0
2025,Nordeste,2,Pernambuco,PE,26,Vitória de Santo Antão,2616407,Recife,2601,Vitória de Santo Antão,260005,Mata Pernambucana,4,Vitória de Santo Antão,14,Vitória de Santo Antão,261640705,,,SERVICO NACIONAL DE APRENDIZAGEM COMERCIAL - SENAC,26169436,4,1.0,1,0.0,AUREA PIMENTEL,210,,MATRIZ,55612540,81.0,35267600.0,-811.518.292,-3.528.836.873,1,6.0,02JAN2025:00:00:00,19DEC2025:00:00:00,,,,,0.0,,,,,,,,,,,,,,,,,,,,0.0,0.0,0.0,0.0,0.0,1.0,0.0,"3,48532E+12","3,48532E+12",1.0,2.0,,,1.0,1.0,0.0,0.0,0.0,0.0,,0.0,0.0,0.0,1.0,1.0,0.0,0.0,0.0,0.0,0.0,1.0,0.0,0.0,0.0,1.0,0.0,0.0,0.0,0.0,1.0,0.0,0.0,0.0,0.0,0.0,0.0,0.0,1.0,1.0,1.0,0.0,1.0,1.0,0.0,1.0,0.0,0.0,1.0,1.0,1.0,0.0,0.0,0.0,1.0,1.0,1.0,0.0,0.0,0.0,0.0,0.0,0.0,0.0,0.0,0.0,0.0,0.0,0.0,0.0,1.0,1.0,0.0,1.0,0.0,1.0,1.0,0.0,0.0,0.0,1.0,0.0,0.0,1.0,1.0,0.0,0.0,1.0,0.0,0.0,5.0,0.0,5.0,5.0,5.0,0.0,0.0,1.0,1.0,1.0,1.0,1.0,0.0,1.0,3.0,1.0,5.0,1.0,6.0,0.0,0.0,1.0,88888.0,1.0,23.0,1.0,13.0,1.0,1.0,1.0,1.0,1.0,1.0,0.0,1.0,1.0,3.0,1.0,4.0,2.0,1.0,1.0,0.0,0.0,0.0,0.0,0.0,3.0,1.0,0.0,0.0,1.0,0.0,0.0,0.0,0.0,0.0,1.0,0.0,1.0,1.0,0.0,1.0,1.0,1.0,0.0,0.0,0.0,0.0,0.0,0.0,0.0,1.0,0.0,0.0,,,,,0.0,,,,,,,1.0,0.0,0.0,0.0,0.0,0.0,0.0,0.0,1.0,1.0,1.0,0.0,0.0,0.0,1.0,1.0,0.0,0.0,0.0,0.0,0.0,0.0,1.0,1.0,0.0,0.0,0.0,0.0,0.0,1.0,0.0,0.0,0.0,0.0,0.0,0.0,0.0,0.0,0.0,0.0,0.0,0.0,0.0,0.0,0.0,0.0,0.0,0.0,0.0,0.0,0.0,0.0,1.0,0.0
2025,Nordeste,2,Alagoas,AL,27,Arapiraca,2700300,Arapiraca,2702,Arapiraca,270007,Agreste Alagoano,2,Arapiraca,6,Arapiraca,270030005,,,SERVICO NACIONAL DE APRENDIZAGEM COMERCIAL - SENAC - AGRESTE,27053490,4,1.0,1,0.0,MARINETE FRANCISCA NUNES,2853,,BRASILIANA,57310510,82.0,21227858.0,,,1,5.0,13JAN2025:00:00:00,13DEC2025:00:00:00,,,,,0.0,,,,,,,,,,,,,,,,,,,,0.0,0.0,0.0,0.0,0.0,1.0,0.0,"3,69242E+12","3,69242E+12",1.0,2.0,,,1.0,1.0,0.0,0.0,0.0,0.0,,0.0,0.0,0.0,1.0,1.0,0.0,0.0,0.0,0.0,0.0,1.0,0.0,0.0,0.0,0.0,1.0,0.0,1.0,0.0,1.0,0.0,0.0,0.0,0.0,1.0,0.0,0.0,0.0,1.0,1.0,1.0,1.0,1.0,0.0,1.0,1.0,1.0,1.0,1.0,1.0,0.0,0.0,0.0,0.0,1.0,1.0,0.0,0.0,0.0,0.0,0.0,0.0,0.0,0.0,1.0,0.0,0.0,0.0,0.0,0.0,1.0,1.0,1.0,0.0,1.0,0.0,0.0,0.0,0.0,1.0,1.0,1.0,1.0,1.0,0.0,1.0,1.0,0.0,0.0,34.0,0.0,34.0,34.0,34.0,0.0,0.0,1.0,1.0,1.0,1.0,1.0,0.0,0.0,0.0,1.0,1.0,1.0,1.0,1.0,1.0,1.0,23.0,1.0,154.0,1.0,9.0,0.0,0.0,1.0,1.0,1.0,1.0,1.0,1.0,1.0,3.0,1.0,9.0,19.0,2.0,0.0,0.0,0.0,0.0,1.0,0.0,4.0,1.0,0.0,1.0,1.0,0.0,0.0,0.0,0.0,0.0,1.0,0.0,1.0,1.0,0.0,0.0,0.0,1.0,0.0,0.0,0.0,0.0,0.0,0.0,0.0,0.0,0.0,0.0,,,,,0.0,,,,,,,1.0,1.0,1.0,0.0,0.0,1.0,0.0,0.0,0.0,0.0,1.0,1.0,0.0,0.0,1.0,0.0,0.0,0.0,0.0,0.0,0.0,0.0,1.0,1.0,0.0,0.0,0.0,0.0,0.0,1.0,0.0,0.0,0.0,0.0,0.0,0.0,0.0,0.0,0.0,0.0,0.0,0.0,0.0,0.0,0.0,0.0,0.0,0.0,0.0,0.0,0.0,0.0,1.0,0.0
2025,Nordeste,2,Alagoas,AL,27,Maceió,2704302,Maceió,2701,Maceió,270001,Leste Alagoano,3,Maceió,11,Maceió,270430205,,,SERVICO NACIONAL DE APRENDIZAGEM COMERCIAL SENAC AL - UNIDADE CARLOS MILITO,27050424,4,1.0,1,0.0,PEDRO PAULINO,77,,POÇO,57025340,82.0,21227805.0,,,1,1.0,13JAN2025:00:00:00,13DEC2025:00:00:00,,,,,0.0,,,,,,,,,,,,,,,,,,,,0.0,0.0,0.0,0.0,0.0,1.0,0.0,"3,69242E+12","3,69242E+12",1.0,2.0,,,1.0,1.0,0.0,0.0,0.0,0.0,,0.0,0.0,0.0,1.0,1.0,0.0,0.0,0.0,0.0,0.0,1.0,0.0,0.0,0.0,1.0,0.0,0.0,0.0,0.0,1.0,0.0,0.0,0.0,0.0,1.0,0.0,0.0,0.0,1.0,1.0,0.0,1.0,1.0,0.0,1.0,0.0,1.0,1.0,1.0,0.0,0.0,0.0,0.0,1.0,1.0,0.0,0.0,0.0,0.0,0.0,0.0,0.0,0.0,0.0,0.0,0.0,0.0,0.0,0.0,0.0,1.0,0.0,1.0,0.0,1.0,1.0,0.0,0.0,0.0,0.0,1.0,1.0,0.0,0.0,0.0,1.0,1.0,0.0,0.0,48.0,0.0,48.0,48.0,0.0,0.0,0.0,1.0,0.0,1.0,0.0,1.0,0.0,0.0,0.0,0.0,0.0,1.0,48.0,0.0,0.0,1.0,48.0,1.0,133.0,0.0,0.0,0.0,0.0,1.0,1.0,1.0,0.0,0.0,1.0,0.0,2.0,1.0,5.0,0.0,1.0,0.0,5.0,0.0,0.0,1.0,0.0,0.0,1.0,0.0,0.0,5.0,0.0,0.0,0.0,0.0,0.0,1.0,0.0,1.0,1.0,0.0,0.0,0.0,0.0,0.0,0.0,0.0,0.0,0.0,0.0,0.0,0.0,0.0,0.0,,,,,0.0,,,,,,,1.0,1.0,1.0,0.0,0.0,0.0,0.0,1.0,0.0,0.0,0.0,9.0,9.0,9.0,9.0,9.0,9.0,0.0,0.0,0.0,0.0,0.0,1.0,1.0,0.0,0.0,0.0,0.0,0.0,1.0,0.0,0.0,0.0,0.0,0.0,0.0,0.0,0.0,0.0,0.0,0.0,0.0,0.0,0.0,0.0,0.0,0.0,0.0,0.0,0.0,0.0,0.0,1.0,0.0
2025,Nordeste,2,Alagoas,AL,27,Maceió,2704302,Maceió,2701,Maceió,270001,Leste Alagoano,3,Maceió,11,Maceió,270430205,,,SENAC SERVICO NACIONAL DE APRENDIZAGEM COMERCIAL CENTRO INTEGRADO DE HOTELARIA E TURISMO,27055876,4,1.0,1,0.0,PEDRO PAULINO,137,,POÇO,57025340,82.0,21227805.0,,,1,1.0,13JAN2025:00:00:00,13DEC2025:00:00:00,,,,,0.0,,,,,,,,,,,,,,,,,,,,0.0,0.0,0.0,0.0,0.0,1.0,0.0,"3,69242E+12","3,69242E+12",1.0,2.0,,,1.0,1.0,0.0,0.0,0.0,0.0,,0.0,0.0,1.0,1.0,1.0,0.0,0.0,0.0,0.0,0.0,1.0,0.0,0.0,0.0,1.0,0.0,0.0,0.0,0.0,1.0,0.0,0.0,0.0,0.0,1.0,0.0,0.0,0.0,1.0,0.0,0.0,1.0,1.0,0.0,1.0,0.0,0.0,0.0,0.0,1.0,1.0,0.0,0.0,0.0,0.0,0.0,0.0,0.0,0.0,0.0,0.0,0.0,0.0,0.0,0.0,0.0,0.0,0.0,0.0,0.0,0.0,0.0,0.0,0.0,0.0,0.0,0.0,0.0,0.0,1.0,0.0,1.0,0.0,0.0,0.0,0.0,0.0,0.0,0.0,2.0,0.0,2.0,0.0,0.0,0.0,0.0,1.0,0.0,1.0,0.0,1.0,0.0,0.0,0.0,0.0,0.0,1.0,2.0,0.0,0.0,1.0,1.0,1.0,1.0,0.0,0.0,0.0,0.0,1.0,1.0,1.0,1.0,0.0,0.0,1.0,2.0,1.0,0.0,0.0,1.0,0.0,0.0,0.0,0.0,1.0,0.0,0.0,1.0,0.0,1.0,0.0,0.0,0.0,0.0,0.0,0.0,0.0,0.0,0.0,0.0,0.0,0.0,0.0,1.0,0.0,0.0,0.0,0.0,0.0,0.0,0.0,0.0,0.0,0.0,,,,,0.0,,,,,,,1.0,1.0,1.0,0.0,0.0,1.0,0.0,0.0,0.0,0.0,0.0,9.0,9.0,9.0,9.0,9.0,9.0,0.0,0.0,0.0,0.0,0.0,1.0,1.0,0.0,0.0,0.0,0.0,0.0,1.0,0.0,0.0,0.0,0.0,0.0,0.0,0.0,0.0,0.0,0.0,0.0,0.0,0.0,0.0,0.0,0.0,0.0,0.0,0.0,0.0,0.0,0.0,1.0,0.0
2025,Nordeste,2,Sergipe,SE,28,Aracaju,2800308,Aracaju,2801,Aracaju,280001,Leste Sergipano,3,Aracaju,11,Aracaju,280030805,,,SENAC - CENTRO DE EDUCACAO PROFISSIONAL PROFESSOR CARLOS ALBERTO SAMPAIO,28037987,4,1.0,1,0.0,IVO DO PRADO,564,,SÃO JOSÉ,49015070,79.0,32121560.0,,,1,0.0,13JAN2025:00:00:00,18DEC2025:00:00:00,,,,,0.0,,,,,,,,,,,,,,,,,,,,0.0,0.0,0.0,0.0,0.0,1.0,0.0,"3,65462E+12",1E+14,2.0,2.0,,,1.0,1.0,0.0,0.0,0.0,0.0,,1.0,1.0,0.0,1.0,1.0,0.0,0.0,0.0,0.0,0.0,1.0,0.0,0.0,0.0,1.0,0.0,0.0,0.0,0.0,1.0,0.0,0.0,0.0,0.0,0.0,0.0,0.0,1.0,1.0,0.0,0.0,1.0,1.0,0.0,1.0,1.0,1.0,0.0,1.0,1.0,1.0,0.0,0.0,0.0,1.0,1.0,1.0,1.0,0.0,0.0,0.0,0.0,0.0,0.0,0.0,0.0,0.0,0.0,1.0,0.0,1.0,1.0,1.0,0.0,1.0,0.0,0.0,0.0,0.0,1.0,1.0,0.0,0.0,1.0,0.0,0.0,0.0,0.0,0.0,36.0,0.0,36.0,36.0,36.0,0.0,0.0,1.0,0.0,0.0,1.0,0.0,0.0,0.0,0.0,0.0,0.0,0.0,0.0,0.0,0.0,0.0,0.0,1.0,145.0,0.0,0.0,0.0,0.0,1.0,1.0,1.0,1.0,0.0,1.0,0.0,2.0,1.0,2.0,0.0,0.0,1.0,0.0,0.0,0.0,1.0,0.0,8.0,1.0,4.0,0.0,4.0,0.0,1.0,0.0,0.0,0.0,1.0,0.0,0.0,0.0,0.0,0.0,0.0,1.0,0.0,0.0,0.0,0.0,0.0,0.0,0.0,0.0,0.0,0.0,,,,,0.0,,,,,,,1.0,0.0,0.0,0.0,0.0,0.0,0.0,0.0,1.0,0.0,1.0,0.0,0.0,0.0,1.0,1.0,0.0,0.0,0.0,0.0,0.0,0.0,1.0,1.0,0.0,0.0,0.0,0.0,0.0,1.0,0.0,0.0,0.0,0.0,0.0,0.0,0.0,0.0,0.0,0.0,0.0,0.0,0.0,0.0,0.0,0.0,0.0,0.0,0.0,0.0,0.0,0.0,1.0,0.0
2025,Nordeste,2,Sergipe,SE,28,Itabaiana,2802908,Itabaiana,2802,Itabaiana,280004,Agreste Sergipano,2,Agreste de Itabaiana,4,Itabaiana,280290805,,,SERVICO NACIONAL DE APRENDIZAGEM COMERCIAL - SENAC ITABAIANA,28038045,4,1.0,1,0.0,QUINTINO BOCAIUVA,925,,SERRANO,49503024,79.0,34311655.0,,,1,3.0,13JAN2025:00:00:00,18DEC2025:00:00:00,,,,,0.0,,,,,,,,,,,,,,,,,,,,0.0,0.0,0.0,0.0,0.0,1.0,0.0,"3,65462E+12",1E+14,1.0,2.0,,,1.0,1.0,0.0,0.0,0.0,0.0,,1.0,1.0,0.0,1.0,1.0,0.0,0.0,0.0,0.0,0.0,1.0,0.0,0.0,0.0,1.0,0.0,0.0,0.0,0.0,1.0,0.0,0.0,0.0,0.0,0.0,0.0,0.0,1.0,0.0,1.0,0.0,1.0,1.0,0.0,1.0,1.0,0.0,0.0,1.0,1.0,0.0,0.0,0.0,0.0,1.0,1.0,1.0,1.0,0.0,0.0,0.0,0.0,0.0,0.0,1.0,0.0,0.0,0.0,0.0,1.0,1.0,1.0,1.0,0.0,1.0,0.0,0.0,0.0,0.0,1.0,1.0,1.0,1.0,1.0,1.0,1.0,0.0,0.0,1.0,28.0,0.0,28.0,28.0,28.0,0.0,0.0,1.0,0.0,1.0,1.0,0.0,0.0,0.0,0.0,0.0,0.0,1.0,8.0,0.0,0.0,1.0,2.0,1.0,88888.0,1.0,22.0,0.0,0.0,1.0,1.0,1.0,1.0,0.0,1.0,1.0,3.0,1.0,4.0,0.0,0.0,0.0,0.0,0.0,0.0,0.0,0.0,4.0,1.0,0.0,0.0,2.0,0.0,0.0,0.0,0.0,0.0,1.0,0.0,1.0,0.0,0.0,0.0,0.0,1.0,0.0,0.0,0.0,0.0,0.0,0.0,0.0,0.0,0.0,0.0,,,,,0.0,,,,,,,1.0,0.0,0.0,0.0,0.0,0.0,0.0,1.0,0.0,0.0,0.0,9.0,9.0,9.0,9.0,9.0,9.0,0.0,0.0,0.0,0.0,0.0,1.0,1.0,0.0,0.0,0.0,0.0,0.0,1.0,0.0,0.0,0.0,0.0,0.0,0.0,0.0,0.0,0.0,0.0,0.0,0.0,0.0,0.0,0.0,0.0,0.0,0.0,0.0,0.0,0.0,0.0,1.0,0.0
2025,Nordeste,2,Sergipe,SE,28,Lagarto,2803500,Itabaiana,2802,Lagarto,280005,Agreste Sergipano,2,Agreste de Lagarto,6,Lagarto,280350005,,,SENAC - SERVICO NACIONAL DE APRENDIZAGEM COMERCIAL - LAGARTO,28038029,4,1.0,1,0.0,RUA RAIMUNDA REIS,140,,,49400000,79.0,36311545.0,,,1,2.0,13JAN2025:00:00:00,12DEC2025:00:00:00,,,,,0.0,,,,,,,,,,,,,,,,,,,,1.0,0.0,0.0,0.0,0.0,1.0,0.0,"3,65462E+12",1E+14,1.0,2.0,,,1.0,1.0,0.0,0.0,0.0,0.0,,1.0,1.0,0.0,1.0,1.0,0.0,0.0,0.0,0.0,0.0,1.0,0.0,0.0,0.0,1.0,0.0,0.0,0.0,0.0,1.0,0.0,0.0,0.0,0.0,0.0,0.0,0.0,1.0,0.0,0.0,0.0,0.0,1.0,0.0,0.0,1.0,0.0,0.0,0.0,1.0,0.0,0.0,0.0,0.0,1.0,0.0,1.0,0.0,0.0,0.0,0.0,0.0,0.0,0.0,0.0,0.0,0.0,0.0,0.0,0.0,0.0,0.0,0.0,0.0,1.0,0.0,0.0,0.0,0.0,0.0,0.0,0.0,0.0,1.0,0.0,0.0,0.0,0.0,0.0,10.0,10.0,20.0,10.0,10.0,0.0,0.0,1.0,0.0,0.0,1.0,0.0,0.0,0.0,0.0,0.0,0.0,1.0,3.0,0.0,0.0,1.0,1.0,1.0,15.0,1.0,1.0,0.0,0.0,1.0,1.0,1.0,1.0,0.0,1.0,1.0,3.0,1.0,0.0,3.0,0.0,0.0,1.0,0.0,0.0,0.0,0.0,0.0,0.0,0.0,0.0,0.0,0.0,0.0,0.0,0.0,0.0,0.0,0.0,0.0,0.0,0.0,0.0,0.0,1.0,0.0,0.0,0.0,0.0,0.0,0.0,0.0,0.0,0.0,0.0,,,,,1.0,0.0,0.0,0.0,0.0,0.0,1.0,1.0,0.0,0.0,0.0,0.0,0.0,0.0,0.0,1.0,0.0,0.0,9.0,9.0,9.0,9.0,9.0,9.0,0.0,0.0,0.0,0.0,0.0,1.0,1.0,0.0,0.0,0.0,0.0,0.0,1.0,0.0,0.0,0.0,0.0,0.0,0.0,0.0,0.0,0.0,0.0,0.0,0.0,0.0,0.0,0.0,0.0,0.0,0.0,0.0,0.0,0.0,0.0,1.0,0.0
2025,Nordeste,2,Sergipe,SE,28,Nossa Senhora da Glória,2804508,Itabaiana,2802,Nossa Senhora da Glória,280006,Sertão Sergipano,1,Sergipana do Sertão do São Francisco,1,Nossa Senhora da Glória,280450805,,,SENAC- CENTRO DE EDUCACAO PROFISSIONAL MARIA JOSE DOS SANTOS,28037995,4,,1,,RUA MANOEL FRANCISCO DE ANDRADE,100,,,49680000,79.0,34111404.0,,,2,9.0,,,,,,,,,,,,,,,,,,,,,,,,,,,,,,,,,,,,,,,,,,,,,,,,,,,,,,,,,,,,,,,,,,,,,,,,,,,,,,,,,,,,,,,,,,,,,,,,,,,,,,,,,,,,,,,,,,,,,,,,,,,,,,,,,,,,,,,,,,,,,,,,,,,,,,,,,,,,,,,,,,,,,,,,,,,,,,,,,,,,,,,,,,,,,,,,,,,,,,,,,,,,,,,,,,,,,,,,,,,,,,,,,,,,,,,,,,,,,,,,,,,,,,,,,,,,,,,,,,,,,,,,,
2025,Nordeste,2,Sergipe,SE,28,Propriá,2805703,Aracaju,2801,Propriá,280003,Leste Sergipano,3,Propriá,7,Propriá,280570305,,,CENTRO DE EDUCACAO PROFISSIONAL JOSE MARCOS DE ANDRADE - SENAC,28038053,4,,1,,PRACA DA BANDEIRA,430,,,49900000,79.0,996552708.0,,,2,6.0,,,,,,,,,,,,,,,,,,,,,,,,,,,,,,,,,,,,,,,,,,,,,,,,,,,,,,,,,,,,,,,,,,,,,,,,,,,,,,,,,,,,,,,,,,,,,,,,,,,,,,,,,,,,,,,,,,,,,,,,,,,,,,,,,,,,,,,,,,,,,,,,,,,,,,,,,,,,,,,,,,,,,,,,,,,,,,,,,,,,,,,,,,,,,,,,,,,,,,,,,,,,,,,,,,,,,,,,,,,,,,,,,,,,,,,,,,,,,,,,,,,,,,,,,,,,,,,,,,,,,,,,,
2025,Nordeste,2,Sergipe,SE,28,Tobias Barreto,2807402,Itabaiana,2802,Lagarto,280005,Agreste Sergipano,2,Tobias Barreto,5,Tobias Barreto,280740205,,,CENTRO DE EDUCACAO PROFISSIONAL JOSAFA RIBEIRO DE ALMEIDA - SENAC,28038037,4,,1,,PRACA ABELARDO BARRETO DO ROSARIO,295,,,49300000,79.0,35411715.0,,,2,2.0,,,,,,,,,,,,,,,,,,,,,,,,,,,,,,,,,,,,,,,,,,,,,,,,,,,,,,,,,,,,,,,,,,,,,,,,,,,,,,,,,,,,,,,,,,,,,,,,,,,,,,,,,,,,,,,,,,,,,,,,,,,,,,,,,,,,,,,,,,,,,,,,,,,,,,,,,,,,,,,,,,,,,,,,,,,,,,,,,,,,,,,,,,,,,,,,,,,,,,,,,,,,,,,,,,,,,,,,,,,,,,,,,,,,,,,,,,,,,,,,,,,,,,,,,,,,,,,,,,,,,,,,,
2025,Nordeste,2,Bahia,BA,29,Feira de Santana,2910800,Feira de Santana,2910,Feira de Santana,290029,Centro Norte Baiano,3,Feira de Santana,12,Feira de Santana,291080005,,,SERVICO NACIONAL DE APRENDIZAGEM COMERCIAL - SENAC,29469791,4,1.0,1,0.0,PROFESSOR FERNANDO SAO PAULO,48,CASA,PONTO CENTRAL,44075045,75.0,,-1.297.412.302,-3.851.186.032,1,26.0,12FEB2025:00:00:00,22DEC2025:00:00:00,,,,,0.0,,,,,,,,,,,,,,,,,,,,0.0,0.0,0.0,0.0,0.0,1.0,0.0,"3,68219E+12","3,68219E+12",1.0,2.0,,,1.0,2.0,0.0,0.0,0.0,0.0,,0.0,0.0,0.0,1.0,1.0,1.0,0.0,0.0,0.0,0.0,1.0,0.0,0.0,0.0,1.0,0.0,0.0,0.0,0.0,1.0,0.0,0.0,0.0,1.0,1.0,0.0,0.0,0.0,0.0,0.0,0.0,1.0,1.0,0.0,1.0,1.0,1.0,0.0,0.0,1.0,0.0,0.0,0.0,0.0,1.0,1.0,0.0,0.0,0.0,0.0,0.0,0.0,0.0,0.0,0.0,0.0,0.0,0.0,0.0,0.0,1.0,0.0,1.0,0.0,1.0,0.0,0.0,0.0,0.0,1.0,0.0,0.0,0.0,0.0,0.0,0.0,0.0,0.0,0.0,7.0,0.0,7.0,7.0,0.0,0.0,0.0,1.0,0.0,1.0,1.0,1.0,0.0,0.0,0.0,1.0,5.0,1.0,1.0,1.0,1.0,1.0,7.0,1.0,32.0,1.0,22.0,1.0,8.0,1.0,1.0,1.0,1.0,1.0,1.0,1.0,2.0,1.0,88888.0,4.0,0.0,0.0,4.0,0.0,0.0,0.0,1.0,2.0,0.0,88888.0,1.0,2.0,0.0,0.0,0.0,0.0,0.0,1.0,0.0,0.0,1.0,0.0,1.0,1.0,1.0,0.0,0.0,1.0,0.0,0.0,0.0,0.0,1.0,0.0,0.0,,,,,1.0,0.0,1.0,0.0,0.0,0.0,0.0,1.0,0.0,0.0,0.0,0.0,0.0,0.0,0.0,1.0,1.0,1.0,1.0,1.0,1.0,1.0,0.0,0.0,0.0,0.0,0.0,0.0,0.0,1.0,1.0,0.0,0.0,0.0,0.0,0.0,1.0,0.0,0.0,0.0,0.0,0.0,0.0,0.0,0.0,0.0,0.0,0.0,0.0,0.0,0.0,0.0,0.0,0.0,0.0,0.0,0.0,0.0,0.0,1.0,0.0
2025,Nordeste,2,Bahia,BA,29,Porto Seguro,2925303,Ilhéus ¿ Itabuna,2903,Eunápolis - Porto Seguro,290009,Sul Baiano,7,Porto Seguro,32,Porto Seguro,292530305,,,SERVICO NACIONAL DE APRENDIZAGEM COMERCIAL - SENAC PORTO SEGURO,29469813,4,,1,,RUA DOS CACAUEIROS,SN,,,45810000,73.0,31627301.0,,,2,27.0,,,,,,,,,,,,,,,,,,,,,,,,,,,,,,,,,,,,,,,,,,,,,,,,,,,,,,,,,,,,,,,,,,,,,,,,,,,,,,,,,,,,,,,,,,,,,,,,,,,,,,,,,,,,,,,,,,,,,,,,,,,,,,,,,,,,,,,,,,,,,,,,,,,,,,,,,,,,,,,,,,,,,,,,,,,,,,,,,,,,,,,,,,,,,,,,,,,,,,,,,,,,,,,,,,,,,,,,,,,,,,,,,,,,,,,,,,,,,,,,,,,,,,,,,,,,,,,,,,,,,,,,,
2025,Nordeste,2,Bahia,BA,29,Salvador,2927408,Salvador,2901,Salvador,290001,Metropolitana de Salvador,5,Salvador,21,Salvador,292740805,,,SENAC-SERVICO NACIONAL DE APRENDIZAGEM COMERCIAL,29467594,4,1.0,1,0.0,TANCREDO NEVES,1109,EDF CASA DO COMERCIO,CAMINHO DAS ARVORES,41820021,71.0,32739889.0,,,1,26.0,05MAY2025:00:00:00,19MAY2026:00:00:00,,,,,0.0,,,,,,,,,,,,,,,,,,,,1.0,0.0,0.0,0.0,0.0,1.0,1.0,"3,68219E+12","3,68219E+12",1.0,3.0,,,1.0,1.0,0.0,0.0,0.0,0.0,,0.0,1.0,0.0,1.0,1.0,0.0,0.0,0.0,0.0,0.0,1.0,0.0,0.0,0.0,1.0,0.0,0.0,0.0,0.0,1.0,0.0,0.0,0.0,0.0,1.0,0.0,1.0,0.0,1.0,1.0,0.0,0.0,1.0,0.0,1.0,0.0,1.0,1.0,1.0,1.0,0.0,0.0,0.0,0.0,0.0,1.0,1.0,0.0,0.0,0.0,0.0,0.0,0.0,1.0,0.0,0.0,0.0,0.0,0.0,1.0,1.0,1.0,1.0,0.0,1.0,0.0,0.0,0.0,0.0,1.0,1.0,0.0,1.0,1.0,0.0,0.0,1.0,0.0,0.0,2.0,0.0,2.0,2.0,2.0,0.0,0.0,1.0,0.0,0.0,1.0,0.0,0.0,0.0,0.0,1.0,1.0,0.0,0.0,1.0,2.0,1.0,2.0,1.0,4.0,0.0,0.0,1.0,3.0,1.0,1.0,1.0,1.0,0.0,1.0,1.0,3.0,1.0,88888.0,1.0,3.0,1.0,1.0,0.0,1.0,0.0,0.0,1.0,1.0,0.0,0.0,1.0,0.0,0.0,0.0,0.0,0.0,1.0,0.0,0.0,1.0,0.0,1.0,1.0,1.0,0.0,0.0,0.0,0.0,0.0,0.0,0.0,0.0,0.0,0.0,,,,,0.0,,,,,,,1.0,0.0,0.0,0.0,0.0,0.0,0.0,0.0,1.0,0.0,0.0,9.0,9.0,9.0,9.0,9.0,9.0,0.0,0.0,0.0,0.0,0.0,1.0,1.0,0.0,0.0,0.0,0.0,0.0,1.0,0.0,0.0,0.0,0.0,0.0,0.0,0.0,0.0,0.0,0.0,0.0,0.0,0.0,0.0,0.0,0.0,0.0,0.0,0.0,0.0,0.0,0.0,1.0,0.0
2025,Sudeste,3,Minas Gerais,MG,31,Alfenas,3101607,Varginha,3108,Alfenas,310042,Sul/Sudoeste de Minas,10,Alfenas,49,Alfenas,310160705,,,SENAC - UNIDADE DE ENSINO TECNICO DO CEP ALFENAS,31359491,4,1.0,1,0.0,MARIO BARBOSA VIEIRA,1174,,LOTEAMENTO TREVO,37132442,35.0,21415600.0,-214.564.315,-459.481.703,1,27.0,02JAN2025:00:00:00,15DEC2025:00:00:00,,,,,0.0,,,,,,,,,,,,,,,,,,,,1.0,0.0,0.0,0.0,0.0,1.0,0.0,"3,44724E+12","3,44724E+12",1.0,2.0,,,1.0,2.0,0.0,0.0,0.0,0.0,,0.0,0.0,0.0,1.0,1.0,0.0,0.0,0.0,0.0,0.0,1.0,0.0,0.0,0.0,1.0,0.0,0.0,0.0,0.0,1.0,0.0,0.0,0.0,0.0,0.0,0.0,0.0,1.0,1.0,1.0,0.0,0.0,1.0,0.0,1.0,1.0,0.0,1.0,1.0,1.0,1.0,0.0,0.0,0.0,1.0,1.0,0.0,0.0,0.0,0.0,0.0,0.0,0.0,0.0,0.0,0.0,0.0,0.0,0.0,0.0,1.0,0.0,1.0,0.0,1.0,0.0,0.0,0.0,0.0,1.0,1.0,0.0,1.0,1.0,1.0,0.0,1.0,0.0,1.0,8.0,0.0,8.0,8.0,8.0,0.0,0.0,1.0,1.0,1.0,1.0,1.0,0.0,0.0,0.0,1.0,3.0,1.0,3.0,1.0,8.0,1.0,8.0,1.0,40.0,1.0,36.0,0.0,0.0,1.0,1.0,1.0,1.0,0.0,1.0,0.0,1.0,1.0,4.0,4.0,1.0,6.0,0.0,0.0,0.0,0.0,0.0,4.0,1.0,0.0,1.0,1.0,0.0,0.0,0.0,0.0,0.0,0.0,0.0,0.0,1.0,0.0,0.0,0.0,1.0,0.0,0.0,0.0,0.0,0.0,0.0,0.0,0.0,0.0,0.0,,,,,0.0,,,,,,,1.0,0.0,0.0,0.0,0.0,0.0,0.0,0.0,1.0,1.0,0.0,9.0,9.0,9.0,9.0,9.0,9.0,0.0,0.0,0.0,0.0,0.0,1.0,1.0,0.0,0.0,0.0,0.0,0.0,1.0,0.0,0.0,0.0,0.0,0.0,0.0,0.0,0.0,0.0,0.0,0.0,0.0,0.0,0.0,0.0,0.0,0.0,0.0,0.0,0.0,0.0,0.0,1.0,0.0
2025,Sudeste,3,Minas Gerais,MG,31,Araxá,3104007,Uberaba,3110,Araxá,310056,Triângulo Mineiro/Alto Paranaíba,5,Araxá,23,Araxá,310400705,,,SENAC - UNIDADE DE ENSINO TECNICO DO CEP ARAXA,31317888,4,1.0,1,0.0,ANTONIO DE CASTRO ALVES,,,VILA FERTIZA,38184236,,,-196.088.353,-469.425.307,1,25.0,02JAN2025:00:00:00,15DEC2025:00:00:00,,,,,1.0,2.0,0.0,0.0,0.0,1.0,0.0,0.0,,,,,,,0.0,0.0,0.0,1.0,0.0,0.0,1.0,0.0,0.0,0.0,0.0,1.0,0.0,"3,44724E+12","3,44724E+12",1.0,2.0,,,1.0,1.0,0.0,0.0,0.0,0.0,,0.0,0.0,0.0,1.0,1.0,0.0,0.0,0.0,0.0,0.0,1.0,0.0,0.0,0.0,1.0,0.0,0.0,0.0,0.0,1.0,0.0,0.0,0.0,0.0,1.0,0.0,0.0,0.0,1.0,1.0,0.0,0.0,1.0,0.0,1.0,1.0,0.0,1.0,1.0,1.0,1.0,0.0,0.0,0.0,1.0,1.0,1.0,1.0,0.0,0.0,0.0,0.0,0.0,0.0,0.0,0.0,0.0,0.0,0.0,1.0,1.0,0.0,1.0,0.0,1.0,0.0,0.0,0.0,0.0,1.0,0.0,0.0,1.0,1.0,0.0,0.0,0.0,0.0,1.0,13.0,0.0,13.0,13.0,13.0,0.0,0.0,1.0,0.0,1.0,1.0,1.0,0.0,0.0,0.0,0.0,0.0,0.0,0.0,0.0,0.0,0.0,0.0,1.0,53.0,1.0,1.0,0.0,0.0,1.0,1.0,1.0,1.0,0.0,1.0,0.0,1.0,1.0,8.0,4.0,1.0,2.0,0.0,0.0,0.0,0.0,0.0,3.0,1.0,2.0,0.0,1.0,0.0,0.0,0.0,0.0,0.0,0.0,0.0,0.0,1.0,0.0,1.0,0.0,1.0,0.0,0.0,0.0,0.0,0.0,0.0,0.0,0.0,0.0,0.0,,,,,0.0,,,,,,,1.0,0.0,0.0,0.0,0.0,0.0,0.0,0.0,1.0,1.0,0.0,9.0,9.0,9.0,9.0,9.0,9.0,0.0,0.0,0.0,0.0,0.0,1.0,1.0,0.0,0.0,0.0,0.0,0.0,1.0,0.0,0.0,0.0,0.0,0.0,0.0,0.0,0.0,0.0,0.0,0.0,0.0,0.0,0.0,0.0,0.0,0.0,0.0,0.0,0.0,0.0,0.0,1.0,0.0
2025,Sudeste,3,Minas Gerais,MG,31,Barbacena,3105608,Barbacena,3107,Barbacena,310037,Campo das Vertentes,11,Barbacena,59,Barbacena,310560805,,,SENAC - UNIDADE DE ENSINO TECNICO DO CEP BARBACENA,31313734,4,1.0,1,0.0,MUCURI,201,,CAICARAS,36205420,32.0,33393106.0,-2.122.146.047,-4.374.922.744,1,3.0,02JAN2025:00:00:00,15DEC2025:00:00:00,,,,,0.0,,,,,,,,,,,,,,,,,,,,1.0,0.0,0.0,0.0,0.0,1.0,0.0,"3,44724E+12","3,44724E+12",1.0,2.0,,12848.0,1.0,1.0,0.0,0.0,0.0,0.0,,0.0,0.0,0.0,1.0,1.0,0.0,0.0,0.0,0.0,0.0,1.0,0.0,1.0,0.0,1.0,0.0,0.0,0.0,0.0,1.0,0.0,0.0,0.0,0.0,1.0,0.0,0.0,0.0,1.0,1.0,0.0,1.0,1.0,0.0,1.0,1.0,0.0,1.0,1.0,1.0,0.0,0.0,0.0,0.0,1.0,1.0,0.0,0.0,0.0,0.0,0.0,0.0,0.0,0.0,0.0,0.0,0.0,0.0,0.0,0.0,1.0,0.0,1.0,0.0,1.0,0.0,0.0,0.0,0.0,1.0,0.0,0.0,1.0,1.0,0.0,0.0,0.0,0.0,1.0,10.0,0.0,10.0,1.0,10.0,0.0,0.0,1.0,1.0,1.0,1.0,1.0,0.0,0.0,0.0,0.0,0.0,0.0,0.0,0.0,0.0,0.0,0.0,1.0,72.0,1.0,1.0,0.0,0.0,1.0,1.0,1.0,1.0,0.0,1.0,0.0,1.0,1.0,12.0,12.0,1.0,0.0,2.0,0.0,0.0,0.0,0.0,3.0,1.0,0.0,3.0,2.0,0.0,1.0,0.0,0.0,0.0,1.0,0.0,0.0,1.0,0.0,0.0,0.0,1.0,0.0,0.0,0.0,0.0,0.0,1.0,0.0,0.0,0.0,0.0,,,,,0.0,,,,,,,1.0,1.0,1.0,0.0,0.0,0.0,0.0,0.0,1.0,1.0,0.0,9.0,9.0,9.0,9.0,9.0,9.0,0.0,0.0,0.0,0.0,0.0,1.0,1.0,0.0,0.0,1.0,0.0,0.0,1.0,0.0,0.0,0.0,0.0,0.0,0.0,0.0,0.0,0.0,0.0,0.0,0.0,0.0,0.0,0.0,0.0,0.0,0.0,0.0,0.0,0.0,0.0,1.0,1.0
2025,Sudeste,3,Minas Gerais,MG,31,Belo Horizonte,3106200,Belo Horizonte,3101,Belo Horizonte,310001,Metropolitana de Belo Horizonte,7,Belo Horizonte,30,Belo Horizonte,310620005,,,SENAC- UNIDADE DE ENSINO TECNICO DO CEP BELO HORIZONTE,31262641,4,1.0,1,0.0,DOS GOITACAZES,1159,6 A 13 ANDAR,BARRO PRETO,30190052,31.0,30489200.0,-199.161.666,-439.440.003,1,2.0,06JAN2025:00:00:00,12DEC2025:00:00:00,,,,,1.0,2.0,0.0,0.0,0.0,1.0,0.0,0.0,,,,,,,0.0,0.0,0.0,1.0,0.0,0.0,1.0,0.0,0.0,0.0,0.0,1.0,0.0,"3,44724E+12","3,44724E+12",1.0,2.0,,12772.0,1.0,2.0,0.0,0.0,0.0,0.0,,0.0,0.0,0.0,1.0,1.0,0.0,0.0,0.0,0.0,0.0,1.0,0.0,0.0,0.0,1.0,0.0,0.0,0.0,0.0,1.0,0.0,0.0,0.0,0.0,0.0,0.0,0.0,1.0,1.0,1.0,0.0,1.0,1.0,0.0,1.0,0.0,0.0,1.0,1.0,1.0,0.0,0.0,0.0,0.0,1.0,1.0,0.0,0.0,0.0,0.0,0.0,0.0,0.0,1.0,0.0,0.0,0.0,0.0,0.0,0.0,1.0,0.0,1.0,0.0,1.0,0.0,0.0,0.0,0.0,1.0,1.0,1.0,1.0,1.0,0.0,1.0,0.0,0.0,1.0,15.0,0.0,15.0,1.0,15.0,0.0,0.0,1.0,0.0,0.0,1.0,0.0,0.0,0.0,0.0,0.0,0.0,0.0,0.0,0.0,0.0,0.0,0.0,1.0,142.0,1.0,40.0,0.0,0.0,1.0,1.0,1.0,1.0,0.0,1.0,1.0,3.0,1.0,8.0,18.0,2.0,2.0,0.0,0.0,0.0,1.0,0.0,10.0,1.0,4.0,2.0,3.0,1.0,1.0,0.0,0.0,0.0,0.0,0.0,0.0,0.0,0.0,0.0,0.0,1.0,0.0,0.0,0.0,0.0,0.0,0.0,0.0,0.0,0.0,0.0,,,,,0.0,,,,,,,1.0,0.0,0.0,0.0,0.0,0.0,0.0,0.0,1.0,0.0,0.0,9.0,9.0,9.0,9.0,9.0,9.0,0.0,0.0,0.0,0.0,0.0,1.0,1.0,0.0,0.0,0.0,0.0,0.0,1.0,0.0,0.0,0.0,0.0,0.0,0.0,0.0,0.0,0.0,0.0,0.0,0.0,0.0,0.0,0.0,0.0,0.0,0.0,0.0,0.0,0.0,0.0,1.0,0.0
2025,Sudeste,3,Minas Gerais,MG,31,Belo Horizonte,3106200,Belo Horizonte,3101,Belo Horizonte,310001,Metropolitana de Belo Horizonte,7,Belo Horizonte,30,Belo Horizonte,310620005,,,SENAC C FORM PROFIS DE B HORIZONTE,31274674,4,,1,,RUA TUPINAMBAS,1038,,CENTRO,30120910,,,,,2,2.0,,,,,,,,,,,,,,,,,,,,,,,,,,,,,,,,,,,,,,,,,,,,,,,,,,,,,,,,,,,,,,,,,,,,,,,,,,,,,,,,,,,,,,,,,,,,,,,,,,,,,,,,,,,,,,,,,,,,,,,,,,,,,,,,,,,,,,,,,,,,,,,,,,,,,,,,,,,,,,,,,,,,,,,,,,,,,,,,,,,,,,,,,,,,,,,,,,,,,,,,,,,,,,,,,,,,,,,,,,,,,,,,,,,,,,,,,,,,,,,,,,,,,,,,,,,,,,,,,,,,,,,,,
2025,Sudeste,3,Minas Gerais,MG,31,Belo Horizonte,3106200,Belo Horizonte,3101,Belo Horizonte,310001,Metropolitana de Belo Horizonte,7,Belo Horizonte,30,Belo Horizonte,310620005,,,SENAC - UNIDADE DE ENSINO TECNICO DO CEP SENAC GUAJAJARAS,31363960,4,1.0,1,0.0,DOS GUAJAJARAS,40,15º ANDAR,CENTRO,30180100,31.0,30489400.0,-199.266,-4.393.447,1,2.0,02JAN2025:00:00:00,15DEC2025:00:00:00,,,,,0.0,,,,,,,,,,,,,,,,,,,,1.0,0.0,0.0,0.0,0.0,1.0,0.0,"3,44724E+12","3,44724E+12",1.0,2.0,,,1.0,1.0,0.0,0.0,0.0,0.0,,0.0,0.0,0.0,1.0,1.0,0.0,0.0,0.0,0.0,0.0,1.0,0.0,0.0,0.0,1.0,0.0,0.0,0.0,0.0,1.0,0.0,0.0,0.0,0.0,0.0,0.0,0.0,1.0,1.0,0.0,0.0,0.0,1.0,0.0,1.0,1.0,0.0,1.0,1.0,0.0,0.0,0.0,0.0,0.0,1.0,1.0,0.0,0.0,0.0,0.0,0.0,0.0,0.0,0.0,0.0,0.0,0.0,0.0,0.0,0.0,1.0,0.0,1.0,0.0,1.0,0.0,0.0,0.0,0.0,1.0,1.0,0.0,1.0,0.0,0.0,0.0,1.0,0.0,1.0,21.0,0.0,21.0,21.0,21.0,0.0,0.0,1.0,1.0,0.0,1.0,0.0,0.0,0.0,0.0,0.0,0.0,0.0,0.0,0.0,0.0,1.0,15.0,1.0,27.0,1.0,87.0,0.0,0.0,1.0,1.0,1.0,1.0,0.0,1.0,0.0,3.0,1.0,7.0,5.0,0.0,0.0,0.0,0.0,0.0,1.0,0.0,4.0,1.0,0.0,0.0,1.0,0.0,0.0,0.0,0.0,0.0,0.0,0.0,0.0,0.0,0.0,0.0,0.0,1.0,0.0,0.0,0.0,0.0,0.0,0.0,0.0,0.0,0.0,0.0,,,,,0.0,,,,,,,1.0,9.0,9.0,0.0,0.0,0.0,0.0,0.0,1.0,9.0,0.0,9.0,9.0,9.0,9.0,9.0,9.0,0.0,0.0,0.0,0.0,0.0,1.0,1.0,0.0,0.0,0.0,0.0,0.0,1.0,0.0,0.0,0.0,0.0,0.0,0.0,0.0,0.0,0.0,0.0,0.0,0.0,0.0,0.0,0.0,0.0,0.0,0.0,0.0,0.0,0.0,0.0,1.0,0.0
2025,Sudeste,3,Minas Gerais,MG,31,Belo Horizonte,3106200,Belo Horizonte,3101,Belo Horizonte,310001,Metropolitana de Belo Horizonte,7,Belo Horizonte,30,Belo Horizonte,310620005,,,SENAC - SERVICO NACIONAL DE APRENDIZAGEM COMERCIAL,31363987,4,,1,,AVENIDA LIEGE,213,,JARDIM DOS COMERCIARIOS VENDA NOVA,31640007,31.0,33435700.0,,,2,2.0,,,,,,,,,,,,,,,,,,,,,,,,,,,,,,,,,,,,,,,,,,,,,,,,,,,,,,,,,,,,,,,,,,,,,,,,,,,,,,,,,,,,,,,,,,,,,,,,,,,,,,,,,,,,,,,,,,,,,,,,,,,,,,,,,,,,,,,,,,,,,,,,,,,,,,,,,,,,,,,,,,,,,,,,,,,,,,,,,,,,,,,,,,,,,,,,,,,,,,,,,,,,,,,,,,,,,,,,,,,,,,,,,,,,,,,,,,,,,,,,,,,,,,,,,,,,,,,,,,,,,,,,,
2025,Sudeste,3,Minas Gerais,MG,31,Belo Horizonte,3106200,Belo Horizonte,3101,Belo Horizonte,310001,Metropolitana de Belo Horizonte,7,Belo Horizonte,30,Belo Horizonte,310620005,,,CENTRO DE EDUCACAO PROFISSIONAL SENAC - PLUGMINAS,31364282,4,,1,,RUA SANTO AGOSTINHO,1441,,HORTO,31035480,31.0,33435600.0,-198.017.554,-439.715.952,2,2.0,,,,,,,,,,,,,,,,,,,,,,,,,,,,,,,,,,,,,,,,,,,,,,,,,,,,,,,,,,,,,,,,,,,,,,,,,,,,,,,,,,,,,,,,,,,,,,,,,,,,,,,,,,,,,,,,,,,,,,,,,,,,,,,,,,,,,,,,,,,,,,,,,,,,,,,,,,,,,,,,,,,,,,,,,,,,,,,,,,,,,,,,,,,,,,,,,,,,,,,,,,,,,,,,,,,,,,,,,,,,,,,,,,,,,,,,,,,,,,,,,,,,,,,,,,,,,,,,,,,,,,,,,
2025,Sudeste,3,Minas Gerais,MG,31,Belo Horizonte,3106200,Belo Horizonte,3101,Belo Horizonte,310001,Metropolitana de Belo Horizonte,7,Belo Horizonte,30,Barreiro,310620025,,,SENAC - UNIDADE DE ENSINO TECNICO DO CEP DO BARREIRO,31358460,4,,1,,AVENIDA SINFRONIO BROCHADO,635,,BARREIRO,30640000,,,-1.997.683,-4.401.867,2,1.0,,,,,,,,,,,,,,,,,,,,,,,,,,,,,,,,,,,,,,,,,,,,,,,,,,,,,,,,,,,,,,,,,,,,,,,,,,,,,,,,,,,,,,,,,,,,,,,,,,,,,,,,,,,,,,,,,,,,,,,,,,,,,,,,,,,,,,,,,,,,,,,,,,,,,,,,,,,,,,,,,,,,,,,,,,,,,,,,,,,,,,,,,,,,,,,,,,,,,,,,,,,,,,,,,,,,,,,,,,,,,,,,,,,,,,,,,,,,,,,,,,,,,,,,,,,,,,,,,,,,,,,,,
2025,Sudeste,3,Minas Gerais,MG,31,Belo Horizonte,3106200,Belo Horizonte,3101,Belo Horizonte,310001,Metropolitana de Belo Horizonte,7,Belo Horizonte,30,Venda Nova,310620060,,,SENAC - UNIDADE DE ENSINO TECNICO DO CEP SENAC VENDA NOVA,31366781,4,1.0,1,0.0,LIEGE,213,,JARDIM DOS COMERCIARIOS,31640007,31.0,33435700.0,,,1,41.0,02JAN2025:00:00:00,15DEC2025:00:00:00,,,,,1.0,2.0,0.0,0.0,0.0,1.0,0.0,0.0,,,,,,,0.0,0.0,0.0,1.0,0.0,0.0,1.0,0.0,0.0,0.0,0.0,1.0,0.0,"3,44724E+12","3,44724E+12",1.0,2.0,,,1.0,1.0,0.0,0.0,0.0,0.0,,0.0,0.0,0.0,1.0,1.0,0.0,0.0,0.0,0.0,0.0,1.0,0.0,0.0,0.0,1.0,0.0,0.0,0.0,0.0,1.0,0.0,0.0,0.0,0.0,0.0,0.0,0.0,1.0,1.0,1.0,0.0,0.0,1.0,0.0,1.0,1.0,1.0,1.0,1.0,0.0,0.0,0.0,0.0,0.0,1.0,1.0,0.0,0.0,0.0,0.0,0.0,0.0,0.0,0.0,0.0,0.0,0.0,0.0,0.0,1.0,1.0,0.0,1.0,0.0,1.0,0.0,0.0,0.0,0.0,1.0,1.0,1.0,1.0,1.0,0.0,0.0,0.0,0.0,1.0,22.0,0.0,22.0,22.0,22.0,0.0,0.0,1.0,0.0,0.0,1.0,0.0,0.0,0.0,0.0,1.0,88888.0,1.0,7.0,1.0,2.0,1.0,88888.0,1.0,145.0,1.0,43.0,1.0,1.0,1.0,1.0,1.0,1.0,0.0,1.0,1.0,3.0,1.0,17.0,11.0,1.0,0.0,0.0,0.0,0.0,1.0,0.0,3.0,1.0,4.0,0.0,1.0,0.0,0.0,0.0,0.0,0.0,0.0,0.0,0.0,0.0,0.0,0.0,0.0,1.0,0.0,0.0,0.0,0.0,0.0,0.0,0.0,0.0,0.0,0.0,,,,,0.0,,,,,,,1.0,9.0,9.0,0.0,0.0,0.0,0.0,0.0,1.0,1.0,0.0,9.0,9.0,9.0,9.0,9.0,9.0,0.0,0.0,0.0,0.0,0.0,1.0,1.0,0.0,0.0,1.0,0.0,0.0,1.0,0.0,0.0,0.0,0.0,0.0,0.0,0.0,0.0,0.0,0.0,0.0,0.0,0.0,0.0,0.0,0.0,0.0,0.0,0.0,0.0,0.0,0.0,1.0,1.0
2025,Sudeste,3,Minas Gerais,MG,31,Betim,3106705,Belo Horizonte,3101,Belo Horizonte,310001,Metropolitana de Belo Horizonte,7,Belo Horizonte,30,Betim,310670505,,,SENAC - UNIDADE DE ENSINO TECNICO DO CEP BETIM,31358207,4,1.0,1,0.0,RIO DE JANEIRO,199,,BRASILÉIA,32600304,31.0,35124300.0,-1.996.939.129,-4.420.173.112,1,1.0,02JAN2025:00:00:00,15DEC2025:00:00:00,,,,,1.0,2.0,0.0,0.0,0.0,1.0,0.0,0.0,,,,,,,0.0,0.0,0.0,1.0,0.0,0.0,1.0,0.0,0.0,0.0,0.0,1.0,0.0,"3,44724E+12","3,44724E+12",1.0,2.0,,,1.0,2.0,0.0,0.0,0.0,0.0,,0.0,0.0,0.0,1.0,1.0,0.0,0.0,0.0,0.0,0.0,1.0,0.0,0.0,0.0,0.0,0.0,0.0,0.0,1.0,1.0,0.0,0.0,0.0,0.0,1.0,0.0,0.0,0.0,1.0,1.0,0.0,1.0,1.0,0.0,1.0,1.0,0.0,1.0,1.0,0.0,0.0,0.0,0.0,0.0,1.0,1.0,0.0,0.0,0.0,0.0,0.0,0.0,0.0,0.0,0.0,0.0,0.0,0.0,0.0,0.0,1.0,0.0,1.0,0.0,1.0,0.0,0.0,0.0,0.0,1.0,1.0,0.0,1.0,0.0,0.0,0.0,0.0,0.0,1.0,9.0,0.0,9.0,1.0,9.0,0.0,0.0,1.0,1.0,1.0,1.0,1.0,0.0,0.0,0.0,1.0,7.0,0.0,0.0,1.0,2.0,1.0,7.0,1.0,62.0,1.0,60.0,0.0,0.0,1.0,1.0,1.0,1.0,0.0,1.0,1.0,3.0,1.0,5.0,6.0,1.0,0.0,0.0,0.0,0.0,1.0,0.0,3.0,1.0,0.0,0.0,0.0,0.0,0.0,0.0,0.0,0.0,0.0,0.0,0.0,0.0,0.0,0.0,0.0,1.0,0.0,0.0,0.0,0.0,0.0,0.0,0.0,0.0,0.0,0.0,,,,,0.0,,,,,,,1.0,0.0,0.0,0.0,0.0,0.0,0.0,0.0,1.0,1.0,0.0,9.0,9.0,9.0,9.0,9.0,9.0,0.0,0.0,0.0,0.0,0.0,1.0,1.0,0.0,0.0,0.0,0.0,0.0,1.0,0.0,0.0,0.0,0.0,0.0,0.0,0.0,0.0,0.0,0.0,0.0,0.0,0.0,0.0,0.0,0.0,0.0,0.0,0.0,0.0,0.0,0.0,1.0,0.0
2025,Sudeste,3,Minas Gerais,MG,31,Conselheiro Lafaiete,3118304,Barbacena,3107,Conselheiro Lafaiete,310038,Metropolitana de Belo Horizonte,7,Conselheiro Lafaiete,34,Conselheiro Lafaiete,311830405,,,SENAC - UNIDADE DE ENSINO TECNICO DO CEP CONSELHEIRO LAFAIETE,31359823,4,1.0,1,0.0,QUINCAS ALVES,,,MUSEU,36400201,,,-206.535.927,-437.821.043,1,31.0,02JAN2025:00:00:00,15DEC2025:00:00:00,,,,,0.0,,,,,,,,,,,,,,,,,,,,1.0,0.0,0.0,0.0,0.0,1.0,0.0,"3,44724E+12","3,44724E+12",1.0,2.0,,,1.0,1.0,0.0,0.0,0.0,0.0,,0.0,0.0,0.0,1.0,1.0,0.0,0.0,0.0,0.0,0.0,1.0,0.0,0.0,0.0,1.0,0.0,0.0,0.0,0.0,1.0,0.0,0.0,0.0,0.0,1.0,0.0,0.0,0.0,1.0,1.0,0.0,0.0,1.0,0.0,1.0,0.0,0.0,1.0,1.0,0.0,0.0,0.0,0.0,0.0,1.0,1.0,0.0,0.0,0.0,0.0,0.0,0.0,0.0,0.0,0.0,0.0,0.0,0.0,0.0,1.0,1.0,0.0,0.0,0.0,1.0,0.0,0.0,0.0,0.0,1.0,1.0,0.0,1.0,1.0,0.0,0.0,0.0,0.0,1.0,13.0,0.0,13.0,13.0,13.0,0.0,0.0,1.0,0.0,0.0,1.0,1.0,0.0,0.0,0.0,1.0,1.0,1.0,2.0,1.0,13.0,1.0,13.0,1.0,86.0,0.0,0.0,0.0,0.0,1.0,1.0,1.0,1.0,0.0,1.0,0.0,1.0,1.0,6.0,4.0,1.0,0.0,0.0,0.0,0.0,1.0,0.0,0.0,1.0,0.0,7.0,1.0,1.0,1.0,0.0,0.0,0.0,0.0,0.0,0.0,0.0,0.0,0.0,0.0,1.0,0.0,0.0,0.0,0.0,0.0,0.0,0.0,0.0,0.0,0.0,,,,,0.0,,,,,,,1.0,0.0,0.0,0.0,0.0,0.0,0.0,0.0,1.0,0.0,0.0,9.0,9.0,9.0,9.0,9.0,9.0,0.0,0.0,0.0,0.0,0.0,1.0,1.0,0.0,0.0,0.0,0.0,0.0,1.0,0.0,0.0,0.0,0.0,0.0,0.0,0.0,0.0,0.0,0.0,0.0,0.0,0.0,0.0,0.0,0.0,0.0,0.0,0.0,0.0,0.0,0.0,1.0,0.0
2025,Sudeste,3,Minas Gerais,MG,31,Contagem,3118601,Belo Horizonte,3101,Belo Horizonte,310001,Metropolitana de Belo Horizonte,7,Belo Horizonte,30,Contagem,311860105,,,SENAC - UNIDADE DE ENSINO TECNICO DO CEP DE CONTAGEM,31319431,4,,1,,RUA LINO DE MORO,25,"2º, 3º, 4º ANDAR",INCONFIDENTES,32260090,31.0,30489800.0,-1.995.184,-4.404.022,2,1.0,,,,,,,,,,,,,,,,,,,,,,,,,,,,,,,,,,,,,,,,,,,,,,,,,,,,,,,,,,,,,,,,,,,,,,,,,,,,,,,,,,,,,,,,,,,,,,,,,,,,,,,,,,,,,,,,,,,,,,,,,,,,,,,,,,,,,,,,,,,,,,,,,,,,,,,,,,,,,,,,,,,,,,,,,,,,,,,,,,,,,,,,,,,,,,,,,,,,,,,,,,,,,,,,,,,,,,,,,,,,,,,,,,,,,,,,,,,,,,,,,,,,,,,,,,,,,,,,,,,,,,,,,
2025,Sudeste,3,Minas Gerais,MG,31,Contagem,3118601,Belo Horizonte,3101,Belo Horizonte,310001,Metropolitana de Belo Horizonte,7,Belo Horizonte,30,Contagem,311860105,,,SENAC - UNIDADE DE ENSINO TECNICO DA FACULDADE SENAC MINAS,31359998,4,1.0,1,0.0,PAINEIRAS,1300,,ELDORADO,32310400,31.0,30489800.0,-1.993.793,-4.403.605,1,1.0,02JAN2025:00:00:00,31DEC2025:00:00:00,,,,,0.0,,,,,,,,,,,,,,,,,,,,1.0,0.0,0.0,0.0,0.0,1.0,0.0,"3,44724E+12","3,44724E+12",1.0,2.0,,2703.0,1.0,1.0,0.0,0.0,0.0,0.0,,0.0,0.0,0.0,1.0,1.0,0.0,0.0,0.0,0.0,0.0,1.0,0.0,0.0,0.0,1.0,0.0,0.0,0.0,0.0,1.0,0.0,0.0,0.0,0.0,0.0,0.0,0.0,1.0,1.0,1.0,0.0,1.0,1.0,0.0,1.0,1.0,0.0,1.0,1.0,0.0,0.0,0.0,0.0,0.0,1.0,1.0,1.0,1.0,0.0,0.0,0.0,0.0,0.0,0.0,0.0,0.0,0.0,0.0,0.0,0.0,1.0,1.0,1.0,0.0,1.0,0.0,0.0,0.0,0.0,1.0,1.0,1.0,1.0,1.0,0.0,0.0,0.0,0.0,1.0,26.0,5.0,31.0,26.0,31.0,0.0,0.0,1.0,1.0,1.0,1.0,1.0,0.0,0.0,0.0,1.0,31.0,1.0,2.0,1.0,4.0,1.0,31.0,1.0,194.0,1.0,57.0,0.0,0.0,1.0,1.0,1.0,1.0,0.0,1.0,1.0,3.0,1.0,21.0,11.0,0.0,0.0,0.0,0.0,0.0,1.0,0.0,10.0,1.0,4.0,2.0,1.0,0.0,1.0,0.0,0.0,0.0,0.0,0.0,0.0,1.0,0.0,1.0,1.0,1.0,0.0,0.0,1.0,0.0,0.0,0.0,0.0,1.0,0.0,0.0,,,,,0.0,,,,,,,1.0,0.0,0.0,0.0,0.0,0.0,0.0,0.0,1.0,0.0,0.0,9.0,9.0,9.0,9.0,9.0,9.0,0.0,0.0,0.0,0.0,0.0,1.0,1.0,0.0,0.0,0.0,0.0,0.0,1.0,0.0,0.0,0.0,0.0,0.0,0.0,0.0,0.0,0.0,0.0,0.0,0.0,0.0,0.0,0.0,0.0,0.0,0.0,0.0,0.0,0.0,0.0,1.0,0.0
2025,Sudeste,3,Minas Gerais,MG,31,Coromandel,3119302,Patos de Minas,3112,Patrocínio,310064,Triângulo Mineiro/Alto Paranaíba,5,Patrocínio,19,Coromandel,311930205,,,SENAC - UNIDADE DE ENSINO TECNICO DO CEP DE COROMANDEL,31329894,4,1.0,1,0.0,JUVENCIO GARCIA,5,,SAGRADA FAMÍLIA,38550106,,,-184.702.949,-472.063.386,1,34.0,02JAN2025:00:00:00,15DEC2025:00:00:00,,,,,0.0,,,,,,,,,,,,,,,,,,,,1.0,0.0,0.0,0.0,0.0,1.0,0.0,"3,44724E+12","3,44724E+12",1.0,2.0,,,1.0,1.0,0.0,0.0,0.0,0.0,,0.0,0.0,0.0,1.0,1.0,0.0,0.0,0.0,0.0,0.0,1.0,0.0,0.0,0.0,1.0,0.0,0.0,0.0,0.0,1.0,0.0,0.0,0.0,0.0,0.0,0.0,0.0,1.0,1.0,1.0,0.0,0.0,1.0,0.0,1.0,1.0,0.0,1.0,1.0,1.0,0.0,0.0,0.0,0.0,1.0,1.0,0.0,0.0,0.0,0.0,0.0,0.0,0.0,0.0,0.0,0.0,0.0,0.0,0.0,0.0,1.0,0.0,0.0,0.0,1.0,0.0,0.0,0.0,0.0,1.0,0.0,0.0,1.0,1.0,0.0,0.0,0.0,0.0,1.0,5.0,0.0,5.0,1.0,5.0,0.0,0.0,1.0,1.0,1.0,1.0,1.0,0.0,0.0,0.0,0.0,0.0,0.0,0.0,0.0,0.0,0.0,0.0,1.0,26.0,1.0,1.0,0.0,0.0,1.0,1.0,1.0,1.0,0.0,1.0,0.0,1.0,1.0,3.0,2.0,1.0,0.0,0.0,0.0,0.0,0.0,0.0,0.0,0.0,0.0,0.0,0.0,0.0,0.0,0.0,0.0,0.0,0.0,0.0,0.0,0.0,0.0,0.0,0.0,1.0,0.0,0.0,0.0,0.0,0.0,0.0,0.0,0.0,0.0,0.0,,,,,0.0,,,,,,,1.0,0.0,0.0,0.0,0.0,0.0,0.0,0.0,1.0,0.0,0.0,9.0,9.0,9.0,9.0,9.0,9.0,0.0,0.0,0.0,0.0,0.0,1.0,1.0,0.0,0.0,0.0,0.0,0.0,1.0,0.0,0.0,0.0,0.0,0.0,0.0,0.0,0.0,0.0,0.0,0.0,0.0,0.0,0.0,0.0,0.0,0.0,0.0,0.0,0.0,0.0,0.0,1.0,0.0
2025,Sudeste,3,Minas Gerais,MG,31,Coronel Fabriciano,3119401,Ipatinga,3105,Ipatinga,310024,Vale do Rio Doce,8,Ipatinga,39,Coronel Fabriciano,311940105,,,SENAC - UNIDADE DE ENSINO TECNICO DO CEP CORONEL FABRICIANO,31325279,4,1.0,1,0.0,ALBERT SCHARLET,303,,CENTRO,35170038,31.0,38419650.0,-195.307.195,-426.276.339,1,30.0,02JAN2025:00:00:00,15DEC2025:00:00:00,,,,,1.0,2.0,0.0,0.0,0.0,1.0,0.0,0.0,,,,,,,0.0,0.0,0.0,1.0,0.0,0.0,1.0,0.0,0.0,0.0,0.0,1.0,0.0,"3,44724E+12","3,44724E+12",1.0,2.0,,,1.0,1.0,0.0,0.0,0.0,0.0,,0.0,0.0,0.0,1.0,1.0,0.0,0.0,0.0,0.0,0.0,1.0,0.0,0.0,0.0,1.0,0.0,0.0,0.0,0.0,1.0,0.0,0.0,0.0,0.0,0.0,0.0,0.0,1.0,1.0,1.0,0.0,0.0,1.0,0.0,1.0,1.0,0.0,1.0,1.0,1.0,0.0,0.0,0.0,0.0,1.0,1.0,0.0,0.0,0.0,0.0,0.0,0.0,0.0,0.0,0.0,0.0,0.0,0.0,0.0,0.0,1.0,0.0,0.0,0.0,1.0,0.0,0.0,0.0,0.0,1.0,0.0,0.0,1.0,1.0,0.0,0.0,0.0,0.0,1.0,15.0,0.0,15.0,15.0,15.0,0.0,0.0,1.0,1.0,1.0,1.0,1.0,0.0,0.0,0.0,0.0,0.0,0.0,0.0,0.0,0.0,0.0,0.0,1.0,58.0,1.0,1.0,0.0,0.0,1.0,1.0,1.0,1.0,0.0,1.0,0.0,1.0,1.0,2.0,7.0,1.0,0.0,0.0,0.0,0.0,0.0,0.0,0.0,1.0,0.0,0.0,1.0,0.0,0.0,0.0,0.0,0.0,0.0,0.0,0.0,0.0,0.0,0.0,0.0,1.0,0.0,0.0,0.0,0.0,0.0,0.0,0.0,0.0,0.0,0.0,,,,,0.0,,,,,,,1.0,9.0,9.0,0.0,0.0,0.0,0.0,0.0,1.0,9.0,0.0,9.0,9.0,9.0,9.0,9.0,9.0,0.0,0.0,0.0,0.0,0.0,1.0,1.0,0.0,0.0,1.0,0.0,0.0,1.0,0.0,0.0,0.0,0.0,0.0,0.0,0.0,0.0,0.0,0.0,0.0,0.0,0.0,0.0,0.0,0.0,0.0,0.0,0.0,0.0,0.0,0.0,1.0,1.0
2025,Sudeste,3,Minas Gerais,MG,31,Curvelo,3120904,Belo Horizonte,3101,Curvelo,310004,Central Mineira,6,Curvelo,25,Curvelo,312090405,,,SENAC - UNIDADE DE ENSINO TECNICO DO CEP CURVELO,31359092,4,1.0,1,0.0,SICA PIO FERNANDES,41,,CENTRO,35790288,38.0,37291450.0,-18.752.991,-444.279,1,38.0,02JAN2025:00:00:00,12DEC2025:00:00:00,,,,,1.0,2.0,0.0,0.0,0.0,1.0,0.0,0.0,,,,,,,0.0,0.0,0.0,1.0,0.0,0.0,1.0,0.0,0.0,0.0,0.0,1.0,0.0,"3,44724E+12","3,44724E+12",1.0,2.0,,,1.0,2.0,0.0,0.0,0.0,0.0,,0.0,0.0,0.0,1.0,1.0,0.0,0.0,0.0,0.0,0.0,1.0,0.0,0.0,0.0,1.0,0.0,0.0,0.0,0.0,1.0,0.0,0.0,0.0,0.0,1.0,0.0,0.0,0.0,1.0,0.0,0.0,0.0,1.0,0.0,0.0,1.0,0.0,1.0,1.0,1.0,0.0,0.0,0.0,0.0,1.0,0.0,0.0,0.0,0.0,0.0,0.0,0.0,0.0,0.0,0.0,0.0,0.0,0.0,0.0,0.0,1.0,0.0,1.0,0.0,1.0,0.0,0.0,0.0,0.0,1.0,1.0,0.0,1.0,1.0,0.0,0.0,0.0,0.0,1.0,5.0,0.0,5.0,5.0,5.0,0.0,0.0,1.0,1.0,1.0,1.0,1.0,0.0,0.0,0.0,0.0,0.0,1.0,1.0,0.0,0.0,1.0,5.0,1.0,30.0,1.0,65.0,1.0,22.0,1.0,1.0,1.0,1.0,0.0,1.0,1.0,3.0,1.0,5.0,3.0,1.0,0.0,0.0,0.0,0.0,1.0,0.0,1.0,1.0,0.0,1.0,1.0,0.0,1.0,0.0,0.0,0.0,1.0,0.0,0.0,1.0,0.0,0.0,0.0,1.0,0.0,0.0,0.0,0.0,0.0,0.0,0.0,0.0,0.0,0.0,,,,,0.0,,,,,,,1.0,0.0,0.0,0.0,0.0,0.0,0.0,0.0,1.0,0.0,0.0,9.0,9.0,9.0,9.0,9.0,9.0,0.0,0.0,0.0,0.0,0.0,1.0,1.0,0.0,0.0,0.0,0.0,0.0,1.0,0.0,0.0,0.0,0.0,0.0,0.0,0.0,0.0,0.0,0.0,0.0,0.0,0.0,0.0,0.0,0.0,0.0,0.0,0.0,0.0,0.0,0.0,1.0,0.0
2025,Sudeste,3,Minas Gerais,MG,31,Diamantina,3121605,Teófilo Otoni,3103,Diamantina,310016,Jequitinhonha,3,Diamantina,10,Diamantina,312160505,,,SENAC - UNIDADE DE ENSINO TECNICO DO CEP DIAMANTINA,31359106,4,1.0,1,0.0,RUA MACAU DE CIMA,17,,CENTRO,39100000,38.0,35326500.0,-182.455.493,-435.985.558,1,5.0,02JAN2025:00:00:00,15DEC2025:00:00:00,,,,,0.0,,,,,,,,,,,,,,,,,,,,1.0,0.0,0.0,0.0,0.0,1.0,0.0,"3,44724E+12","3,44724E+12",1.0,2.0,,,1.0,3.0,0.0,0.0,0.0,0.0,,0.0,0.0,0.0,1.0,1.0,0.0,0.0,0.0,0.0,0.0,1.0,0.0,0.0,0.0,0.0,0.0,0.0,0.0,1.0,1.0,0.0,0.0,0.0,0.0,0.0,0.0,1.0,0.0,1.0,1.0,0.0,0.0,1.0,0.0,1.0,1.0,0.0,1.0,1.0,1.0,1.0,0.0,0.0,0.0,1.0,1.0,0.0,0.0,0.0,0.0,0.0,0.0,0.0,0.0,0.0,0.0,0.0,0.0,0.0,0.0,1.0,0.0,0.0,0.0,1.0,0.0,0.0,0.0,0.0,1.0,1.0,0.0,1.0,1.0,0.0,0.0,0.0,0.0,1.0,5.0,0.0,5.0,1.0,5.0,0.0,0.0,1.0,0.0,0.0,1.0,1.0,0.0,0.0,0.0,1.0,4.0,1.0,1.0,1.0,2.0,1.0,1.0,1.0,11.0,1.0,57.0,0.0,0.0,1.0,1.0,1.0,1.0,0.0,1.0,1.0,3.0,1.0,8.0,4.0,0.0,0.0,0.0,0.0,0.0,0.0,0.0,1.0,1.0,0.0,1.0,1.0,0.0,0.0,0.0,0.0,0.0,0.0,0.0,0.0,0.0,0.0,0.0,0.0,1.0,0.0,0.0,0.0,0.0,0.0,0.0,0.0,0.0,0.0,0.0,,,,,0.0,,,,,,,1.0,0.0,0.0,0.0,0.0,0.0,0.0,0.0,1.0,0.0,0.0,9.0,9.0,9.0,9.0,9.0,9.0,0.0,0.0,0.0,0.0,0.0,1.0,1.0,0.0,0.0,0.0,0.0,0.0,1.0,0.0,0.0,0.0,0.0,0.0,0.0,0.0,0.0,0.0,0.0,0.0,0.0,0.0,0.0,0.0,0.0,0.0,0.0,0.0,0.0,0.0,0.0,1.0,0.0
2025,Sudeste,3,Minas Gerais,MG,31,Divinópolis,3122306,Divinópolis,3113,Divinópolis,310065,Oeste de Minas,9,Divinópolis,43,Divinópolis,312230605,,,EM UNIDADE DE APOIO DO SENAC,31224855,3,,1,,RUA MINAS GERAIS,1474,,CENTRO,35500007,,,,,2,6.0,,,,,,,,,,,,,,,,,,,,,,,,,,,,,,,,,,,,,,,,,,,,,,,,,,,,,,,,,,,,,,,,,,,,,,,,,,,,,,,,,,,,,,,,,,,,,,,,,,,,,,,,,,,,,,,,,,,,,,,,,,,,,,,,,,,,,,,,,,,,,,,,,,,,,,,,,,,,,,,,,,,,,,,,,,,,,,,,,,,,,,,,,,,,,,,,,,,,,,,,,,,,,,,,,,,,,,,,,,,,,,,,,,,,,,,,,,,,,,,,,,,,,,,,,,,,,,,,,,,,,,,,,
2025,Sudeste,3,Minas Gerais,MG,31,Divinópolis,3122306,Divinópolis,3113,Divinópolis,310065,Oeste de Minas,9,Divinópolis,43,Divinópolis,312230605,,,SENAC - UNIDADE DE ENSINO TECNICO DO CEP DIVINOPOLIS,31359050,4,1.0,1,0.0,AVENIDA ANTONIO OLIMPIO DE MORAIS,293,,CENTRO,35500005,37.0,32296400.0,-201.457.505,-448.901.752,1,6.0,02JAN2025:00:00:00,15DEC2025:00:00:00,,,,,0.0,,,,,,,,,,,,,,,,,,,,0.0,0.0,0.0,0.0,0.0,1.0,0.0,"3,44724E+12","3,44724E+12",1.0,2.0,,,1.0,2.0,0.0,0.0,0.0,0.0,,0.0,0.0,0.0,1.0,1.0,0.0,0.0,0.0,0.0,0.0,1.0,0.0,0.0,0.0,1.0,0.0,0.0,0.0,0.0,1.0,0.0,0.0,0.0,0.0,0.0,0.0,0.0,1.0,1.0,0.0,0.0,1.0,1.0,0.0,1.0,1.0,0.0,1.0,1.0,0.0,0.0,0.0,0.0,0.0,1.0,1.0,0.0,0.0,0.0,0.0,0.0,0.0,0.0,0.0,0.0,0.0,0.0,0.0,0.0,0.0,1.0,0.0,1.0,0.0,1.0,0.0,0.0,0.0,0.0,1.0,1.0,0.0,1.0,1.0,0.0,0.0,0.0,0.0,1.0,24.0,0.0,24.0,24.0,24.0,0.0,0.0,1.0,0.0,1.0,0.0,1.0,0.0,0.0,0.0,1.0,24.0,1.0,2.0,1.0,2.0,1.0,24.0,1.0,206.0,1.0,29.0,0.0,0.0,1.0,1.0,1.0,1.0,0.0,1.0,0.0,1.0,1.0,2.0,5.0,1.0,0.0,0.0,0.0,0.0,0.0,0.0,0.0,1.0,0.0,0.0,1.0,0.0,0.0,0.0,0.0,0.0,0.0,0.0,0.0,0.0,0.0,0.0,0.0,1.0,0.0,0.0,0.0,0.0,0.0,0.0,0.0,0.0,0.0,0.0,,,,,0.0,,,,,,,1.0,0.0,0.0,0.0,0.0,0.0,0.0,0.0,1.0,0.0,0.0,9.0,9.0,9.0,9.0,9.0,9.0,0.0,0.0,0.0,0.0,0.0,1.0,1.0,0.0,0.0,0.0,0.0,0.0,1.0,0.0,0.0,0.0,0.0,0.0,0.0,0.0,0.0,0.0,0.0,0.0,0.0,0.0,0.0,0.0,0.0,0.0,0.0,0.0,0.0,0.0,0.0,1.0,0.0
2025,Sudeste,3,Minas Gerais,MG,31,Governador Valadares,3127701,Governador Valadares,3104,Governador Valadares,310020,Vale do Rio Doce,8,Governador Valadares,37,Governador Valadares,312770105,,,SENAC - UNIDADE DE ENSINO TECNICO DO CEP GOVERNADOR VALADARES,31323934,4,1.0,1,0.0,JK,1825,,VILA BRETAS,35030254,33.0,21025900.0,-188.770.115,-4.196.051,1,7.0,02JAN2025:00:00:00,15DEC2025:00:00:00,,,,,0.0,,,,,,,,,,,,,,,,,,,,1.0,0.0,0.0,0.0,0.0,1.0,0.0,"3,44724E+12","3,44724E+12",1.0,2.0,,,1.0,1.0,0.0,0.0,0.0,0.0,,0.0,0.0,0.0,1.0,1.0,0.0,0.0,0.0,0.0,0.0,1.0,0.0,0.0,0.0,1.0,0.0,0.0,0.0,0.0,1.0,0.0,0.0,0.0,0.0,1.0,0.0,0.0,0.0,1.0,1.0,0.0,1.0,1.0,0.0,1.0,0.0,0.0,1.0,1.0,1.0,0.0,0.0,0.0,0.0,1.0,1.0,1.0,0.0,0.0,0.0,0.0,0.0,0.0,0.0,0.0,0.0,0.0,0.0,0.0,1.0,1.0,0.0,1.0,1.0,1.0,0.0,0.0,0.0,0.0,1.0,1.0,0.0,1.0,1.0,0.0,0.0,0.0,0.0,1.0,15.0,0.0,15.0,15.0,15.0,0.0,0.0,1.0,1.0,1.0,1.0,1.0,0.0,0.0,0.0,0.0,0.0,1.0,1.0,1.0,2.0,1.0,15.0,1.0,65.0,1.0,80.0,0.0,0.0,1.0,1.0,1.0,1.0,0.0,1.0,1.0,3.0,1.0,15.0,6.0,0.0,0.0,0.0,0.0,0.0,1.0,0.0,4.0,1.0,0.0,1.0,0.0,0.0,1.0,0.0,0.0,0.0,0.0,0.0,0.0,0.0,0.0,0.0,0.0,1.0,0.0,0.0,0.0,0.0,0.0,0.0,0.0,0.0,0.0,0.0,,,,,1.0,0.0,0.0,0.0,0.0,0.0,1.0,1.0,0.0,0.0,0.0,0.0,0.0,0.0,0.0,1.0,1.0,0.0,9.0,9.0,9.0,9.0,9.0,9.0,0.0,0.0,0.0,0.0,0.0,1.0,1.0,0.0,0.0,0.0,0.0,0.0,1.0,0.0,0.0,0.0,0.0,0.0,0.0,0.0,0.0,0.0,0.0,0.0,0.0,0.0,0.0,0.0,0.0,0.0,0.0,0.0,0.0,0.0,0.0,1.0,0.0
2025,Sudeste,3,Minas Gerais,MG,31,Guaxupé,3128709,Varginha,3108,Guaxupé,310044,Sul/Sudoeste de Minas,10,São Sebastião do Paraíso,48,Guaxupé,312870905,,,SENAC - UNIDADE DE ENSINO TECNICO DO CEP GUAXUPE,31320200,4,1.0,1,0.0,PROFESSORA NILZA NUNES GONCALVES,64,,JARDIM VERA CRUZ,37832278,35.0,35592200.0,-213.149.771,-467.234.517,1,22.0,02JAN2025:00:00:00,15DEC2025:00:00:00,,,,,0.0,,,,,,,,,,,,,,,,,,,,1.0,0.0,0.0,0.0,0.0,1.0,0.0,"3,44724E+12","3,44724E+12",1.0,2.0,,,1.0,1.0,0.0,0.0,0.0,0.0,,0.0,0.0,0.0,1.0,1.0,0.0,0.0,0.0,0.0,0.0,1.0,0.0,0.0,0.0,0.0,0.0,0.0,0.0,1.0,1.0,0.0,0.0,0.0,0.0,1.0,0.0,0.0,0.0,1.0,1.0,0.0,0.0,1.0,0.0,1.0,0.0,0.0,1.0,1.0,0.0,0.0,0.0,0.0,0.0,1.0,1.0,0.0,0.0,0.0,0.0,0.0,0.0,0.0,0.0,0.0,0.0,0.0,0.0,0.0,0.0,1.0,0.0,0.0,0.0,1.0,0.0,0.0,0.0,0.0,1.0,0.0,0.0,1.0,1.0,0.0,0.0,0.0,0.0,1.0,6.0,0.0,6.0,1.0,6.0,0.0,0.0,1.0,1.0,1.0,1.0,1.0,0.0,0.0,0.0,0.0,0.0,0.0,0.0,0.0,0.0,0.0,0.0,1.0,25.0,1.0,1.0,0.0,0.0,1.0,1.0,1.0,1.0,0.0,1.0,0.0,1.0,1.0,7.0,4.0,1.0,6.0,0.0,0.0,0.0,0.0,0.0,2.0,1.0,0.0,0.0,1.0,0.0,0.0,0.0,0.0,0.0,0.0,0.0,0.0,0.0,0.0,0.0,0.0,1.0,0.0,0.0,0.0,0.0,0.0,0.0,0.0,0.0,0.0,0.0,,,,,0.0,,,,,,,1.0,9.0,9.0,0.0,0.0,0.0,0.0,0.0,1.0,9.0,0.0,9.0,9.0,9.0,9.0,9.0,9.0,0.0,0.0,0.0,0.0,0.0,1.0,1.0,0.0,0.0,0.0,0.0,0.0,1.0,0.0,0.0,0.0,0.0,0.0,0.0,0.0,0.0,0.0,0.0,0.0,0.0,0.0,0.0,0.0,0.0,0.0,0.0,0.0,0.0,0.0,0.0,1.0,0.0
2025,Sudeste,3,Minas Gerais,MG,31,Ipatinga,3131307,Ipatinga,3105,Ipatinga,310024,Vale do Rio Doce,8,Ipatinga,39,Ipatinga,313130705,,,SENAC - UNIDADE DE ENSINO TECNICO DO CEP IPATINGA,31341304,4,1.0,1,0.0,ITAJUBA,250,,CENTRO,35160035,31.0,38011200.0,-194.792.369,-425.230.033,1,30.0,02JAN2025:00:00:00,15DEC2025:00:00:00,,,,,1.0,2.0,0.0,0.0,0.0,1.0,0.0,0.0,,,,,,,0.0,0.0,0.0,1.0,0.0,0.0,1.0,0.0,0.0,0.0,0.0,1.0,0.0,"3,44724E+12","3,44724E+12",1.0,2.0,,,1.0,2.0,0.0,0.0,0.0,0.0,,0.0,0.0,0.0,1.0,1.0,0.0,0.0,0.0,0.0,0.0,1.0,0.0,0.0,0.0,1.0,0.0,0.0,0.0,0.0,1.0,0.0,0.0,0.0,0.0,1.0,0.0,0.0,0.0,1.0,0.0,0.0,0.0,1.0,0.0,1.0,1.0,0.0,1.0,1.0,1.0,0.0,0.0,0.0,0.0,1.0,1.0,1.0,0.0,0.0,0.0,0.0,0.0,0.0,0.0,0.0,0.0,0.0,0.0,0.0,1.0,1.0,0.0,1.0,0.0,1.0,0.0,0.0,0.0,0.0,1.0,1.0,0.0,1.0,1.0,0.0,0.0,0.0,0.0,1.0,9.0,0.0,9.0,9.0,9.0,0.0,0.0,1.0,1.0,1.0,1.0,1.0,0.0,0.0,0.0,1.0,9.0,0.0,0.0,1.0,1.0,1.0,9.0,1.0,67.0,1.0,50.0,1.0,5.0,1.0,1.0,1.0,1.0,0.0,1.0,0.0,3.0,1.0,11.0,7.0,0.0,0.0,0.0,0.0,0.0,0.0,0.0,2.0,1.0,0.0,1.0,0.0,0.0,1.0,0.0,0.0,0.0,0.0,0.0,0.0,0.0,0.0,0.0,0.0,1.0,0.0,0.0,0.0,0.0,0.0,0.0,0.0,0.0,0.0,0.0,,,,,0.0,,,,,,,1.0,0.0,0.0,0.0,0.0,0.0,0.0,0.0,1.0,1.0,0.0,9.0,9.0,9.0,9.0,9.0,9.0,0.0,0.0,0.0,0.0,0.0,1.0,1.0,0.0,0.0,0.0,0.0,0.0,1.0,0.0,0.0,0.0,0.0,0.0,0.0,0.0,0.0,0.0,0.0,0.0,0.0,0.0,0.0,0.0,0.0,0.0,0.0,0.0,0.0,0.0,0.0,1.0,0.0
2025,Sudeste,3,Minas Gerais,MG,31,Itabira,3131703,Belo Horizonte,3101,Itabira,310005,Metropolitana de Belo Horizonte,7,Itabira,31,Itabira,313170305,,,SENAC - UNIDADE DE ENSINO TECNICO DO CEP ITABIRA,31342939,4,1.0,1,0.0,DOUTOR ACRISIO ALVARENGA,,,CENTRO,35900527,,,-1.962.328.333,-4.322.286.833,1,14.0,02JAN2025:00:00:00,15DEC2025:00:00:00,,,,,0.0,,,,,,,,,,,,,,,,,,,,1.0,0.0,0.0,0.0,0.0,1.0,0.0,"3,44724E+12","3,44724E+12",1.0,2.0,,,1.0,2.0,0.0,0.0,0.0,0.0,,0.0,0.0,0.0,1.0,1.0,0.0,0.0,0.0,0.0,0.0,1.0,0.0,0.0,0.0,1.0,0.0,0.0,0.0,0.0,1.0,0.0,0.0,0.0,0.0,1.0,0.0,0.0,0.0,1.0,1.0,0.0,0.0,1.0,0.0,1.0,1.0,0.0,1.0,1.0,0.0,0.0,0.0,0.0,0.0,1.0,1.0,0.0,0.0,0.0,0.0,0.0,0.0,0.0,0.0,0.0,0.0,0.0,0.0,0.0,0.0,1.0,0.0,0.0,0.0,1.0,0.0,0.0,0.0,0.0,1.0,0.0,0.0,1.0,1.0,0.0,0.0,0.0,0.0,1.0,12.0,0.0,12.0,1.0,12.0,0.0,0.0,1.0,0.0,0.0,1.0,0.0,0.0,0.0,0.0,0.0,0.0,0.0,0.0,0.0,0.0,0.0,0.0,1.0,77.0,1.0,1.0,0.0,0.0,1.0,1.0,1.0,1.0,0.0,1.0,0.0,1.0,1.0,1.0,7.0,1.0,0.0,0.0,0.0,0.0,0.0,0.0,0.0,1.0,0.0,3.0,1.0,0.0,0.0,0.0,0.0,0.0,0.0,0.0,0.0,0.0,0.0,0.0,0.0,1.0,0.0,0.0,0.0,0.0,0.0,0.0,0.0,0.0,0.0,0.0,,,,,0.0,,,,,,,1.0,9.0,9.0,0.0,0.0,0.0,0.0,0.0,1.0,9.0,0.0,9.0,9.0,9.0,9.0,9.0,9.0,0.0,0.0,0.0,0.0,0.0,1.0,1.0,0.0,0.0,1.0,0.0,0.0,1.0,0.0,0.0,0.0,0.0,0.0,0.0,0.0,0.0,0.0,0.0,0.0,0.0,0.0,0.0,0.0,0.0,0.0,0.0,0.0,0.0,0.0,0.0,1.0,1.0
2025,Sudeste,3,Minas Gerais,MG,31,Itajubá,3132404,Pouso Alegre,3109,Itajubá,310052,Sul/Sudoeste de Minas,10,Itajubá,56,Itajubá,313240405,,,SENAC - UNIDADE DE ENSINO TECNICO DO CEP ITAJUBA,31320099,4,1.0,1,0.0,PRESIDENTE TANCREDO DE ALMEIDA NEVES,319,,AVENIDA,37504064,35.0,21433700.0,-224.270.282,-454.662.067,1,8.0,02JAN2025:00:00:00,12DEC2025:00:00:00,,,,,0.0,,,,,,,,,,,,,,,,,,,,1.0,0.0,0.0,0.0,0.0,1.0,0.0,"3,44724E+12","3,44724E+12",1.0,2.0,,,1.0,1.0,0.0,0.0,0.0,0.0,,0.0,0.0,0.0,1.0,1.0,0.0,0.0,0.0,0.0,0.0,1.0,0.0,0.0,0.0,0.0,0.0,0.0,0.0,1.0,1.0,0.0,0.0,0.0,0.0,1.0,0.0,0.0,0.0,1.0,1.0,0.0,1.0,1.0,0.0,1.0,0.0,0.0,1.0,1.0,1.0,0.0,0.0,0.0,0.0,1.0,1.0,0.0,0.0,0.0,0.0,0.0,0.0,0.0,0.0,0.0,0.0,0.0,0.0,0.0,0.0,1.0,0.0,0.0,0.0,1.0,0.0,0.0,0.0,0.0,1.0,1.0,1.0,1.0,1.0,0.0,0.0,1.0,0.0,1.0,9.0,0.0,9.0,9.0,9.0,0.0,0.0,1.0,1.0,1.0,1.0,1.0,0.0,0.0,0.0,0.0,0.0,0.0,0.0,0.0,0.0,0.0,0.0,1.0,65.0,1.0,56.0,0.0,0.0,1.0,1.0,1.0,1.0,0.0,1.0,1.0,3.0,1.0,14.0,5.0,1.0,0.0,0.0,0.0,0.0,0.0,0.0,2.0,1.0,0.0,1.0,1.0,0.0,0.0,0.0,0.0,0.0,0.0,0.0,0.0,0.0,0.0,0.0,0.0,1.0,0.0,0.0,0.0,0.0,0.0,0.0,0.0,0.0,0.0,0.0,,,,,0.0,,,,,,,1.0,9.0,9.0,0.0,0.0,0.0,0.0,0.0,1.0,9.0,0.0,9.0,9.0,9.0,9.0,9.0,9.0,0.0,0.0,0.0,0.0,0.0,1.0,1.0,0.0,0.0,0.0,0.0,0.0,1.0,0.0,0.0,0.0,0.0,0.0,0.0,0.0,0.0,0.0,0.0,0.0,0.0,0.0,0.0,0.0,0.0,0.0,0.0,0.0,0.0,0.0,0.0,1.0,0.0
2025,Sudeste,3,Minas Gerais,MG,31,Itaúna,3133808,Divinópolis,3113,Divinópolis,310065,Oeste de Minas,9,Divinópolis,43,Itaúna,313380805,,,CENTRO DE EDUCACAO PROFISSIONAL SENAC ITAUNA,31387762,4,1.0,1,0.0,GODOFREDO GONCALVES,304,7 ANDAR,CENTRO,35680047,37.0,30741900.0,,,1,6.0,02JAN2025:00:00:00,15DEC2025:00:00:00,,,,,0.0,,,,,,,,,,,,,,,,,,,,0.0,0.0,0.0,0.0,0.0,1.0,0.0,"3,44724E+12","3,44724E+12",1.0,2.0,,,1.0,2.0,0.0,0.0,0.0,0.0,,0.0,1.0,0.0,1.0,1.0,0.0,0.0,0.0,0.0,0.0,1.0,0.0,0.0,0.0,1.0,0.0,0.0,0.0,0.0,1.0,0.0,0.0,0.0,0.0,0.0,0.0,0.0,1.0,0.0,0.0,0.0,0.0,1.0,0.0,1.0,0.0,0.0,0.0,0.0,0.0,0.0,0.0,0.0,0.0,1.0,0.0,0.0,0.0,0.0,0.0,0.0,0.0,0.0,0.0,0.0,0.0,0.0,0.0,0.0,0.0,1.0,0.0,1.0,0.0,0.0,0.0,0.0,0.0,0.0,0.0,1.0,0.0,1.0,0.0,0.0,1.0,0.0,0.0,0.0,2.0,2.0,4.0,2.0,2.0,0.0,0.0,1.0,0.0,0.0,1.0,0.0,0.0,0.0,0.0,1.0,4.0,1.0,2.0,1.0,2.0,1.0,4.0,1.0,2.0,1.0,72.0,0.0,0.0,1.0,1.0,1.0,1.0,0.0,1.0,1.0,3.0,1.0,1.0,1.0,0.0,0.0,0.0,0.0,0.0,0.0,0.0,1.0,1.0,0.0,1.0,1.0,0.0,0.0,0.0,0.0,0.0,1.0,0.0,0.0,1.0,0.0,0.0,0.0,1.0,0.0,0.0,0.0,0.0,0.0,0.0,0.0,0.0,0.0,0.0,,,,,0.0,,,,,,,1.0,0.0,0.0,0.0,0.0,0.0,0.0,0.0,1.0,0.0,0.0,9.0,9.0,9.0,9.0,9.0,9.0,0.0,0.0,0.0,0.0,0.0,1.0,1.0,0.0,0.0,0.0,0.0,0.0,1.0,0.0,0.0,0.0,0.0,0.0,0.0,0.0,0.0,0.0,0.0,0.0,0.0,0.0,0.0,0.0,0.0,0.0,0.0,0.0,0.0,0.0,0.0,1.0,0.0
2025,Sudeste,3,Minas Gerais,MG,31,Ituiutaba,3134202,Uberlândia,3111,Ituiutaba,310060,Triângulo Mineiro/Alto Paranaíba,5,Ituiutaba,17,Ituiutaba,313420205,,,SENAC - UNIDADE DE ENSINO TECNICO DO CEP ITUIUTABA,31327182,4,1.0,1,0.0,DO TIJUCO,,,NOVO MUNDO,38307035,,,-1.897.636.849,-4.945.657.233,1,32.0,02JAN2025:00:00:00,15DEC2025:00:00:00,,,,,0.0,,,,,,,,,,,,,,,,,,,,1.0,0.0,0.0,0.0,0.0,1.0,0.0,"3,44724E+12","3,44724E+12",1.0,2.0,,,1.0,1.0,0.0,0.0,0.0,0.0,,0.0,0.0,0.0,1.0,1.0,0.0,0.0,0.0,0.0,0.0,1.0,0.0,0.0,0.0,1.0,0.0,0.0,0.0,0.0,1.0,0.0,0.0,0.0,0.0,1.0,0.0,0.0,0.0,1.0,1.0,0.0,0.0,1.0,0.0,1.0,0.0,0.0,1.0,1.0,0.0,0.0,0.0,0.0,0.0,1.0,1.0,0.0,0.0,0.0,0.0,0.0,0.0,0.0,0.0,0.0,0.0,0.0,0.0,0.0,0.0,1.0,0.0,1.0,0.0,1.0,0.0,0.0,0.0,0.0,1.0,0.0,0.0,1.0,1.0,0.0,0.0,0.0,0.0,1.0,6.0,0.0,6.0,6.0,6.0,0.0,0.0,1.0,0.0,0.0,1.0,1.0,0.0,0.0,0.0,1.0,5.0,1.0,1.0,1.0,2.0,1.0,4.0,1.0,28.0,1.0,84.0,0.0,0.0,1.0,1.0,1.0,1.0,0.0,1.0,0.0,1.0,1.0,7.0,4.0,1.0,0.0,0.0,0.0,0.0,0.0,0.0,2.0,1.0,0.0,0.0,1.0,0.0,0.0,0.0,0.0,0.0,0.0,0.0,0.0,0.0,0.0,0.0,0.0,1.0,0.0,0.0,0.0,0.0,0.0,0.0,0.0,0.0,0.0,0.0,,,,,0.0,,,,,,,1.0,0.0,0.0,0.0,0.0,0.0,0.0,0.0,1.0,1.0,0.0,9.0,9.0,9.0,9.0,9.0,9.0,0.0,0.0,0.0,0.0,0.0,1.0,1.0,0.0,0.0,0.0,0.0,0.0,1.0,0.0,0.0,0.0,0.0,0.0,0.0,0.0,0.0,0.0,0.0,0.0,0.0,0.0,0.0,0.0,0.0,0.0,0.0,0.0,0.0,0.0,0.0,1.0,0.0
2025,Sudeste,3,Minas Gerais,MG,31,Janaúba,3135100,Montes Claros,3102,Janaúba,310007,Norte de Minas,2,Janaúba,4,Janaúba,313510005,,,SENAC - UNIDADE DE ENSINO TECNICO DO CEP DE JANAUBA,31363944,4,,1,,AVENIDA DO COMERCIO,,,CENTRO,39442016,,,,,2,44.0,,,,,,,,,,,,,,,,,,,,,,,,,,,,,,,,,,,,,,,,,,,,,,,,,,,,,,,,,,,,,,,,,,,,,,,,,,,,,,,,,,,,,,,,,,,,,,,,,,,,,,,,,,,,,,,,,,,,,,,,,,,,,,,,,,,,,,,,,,,,,,,,,,,,,,,,,,,,,,,,,,,,,,,,,,,,,,,,,,,,,,,,,,,,,,,,,,,,,,,,,,,,,,,,,,,,,,,,,,,,,,,,,,,,,,,,,,,,,,,,,,,,,,,,,,,,,,,,,,,,,,,,,
2025,Sudeste,3,Minas Gerais,MG,31,Juiz de Fora,3136702,Juíz de Fora,3106,Juiz de Fora,310027,Zona da Mata,12,Juiz de Fora,65,Juiz de Fora,313670205,,,SENAC - UNIDADE DE ENSINO TECNICO DO CEP JUIZ DE FORA,31318671,4,1.0,1,0.0,BARAO DO RIO BRANCO,3330,,ALTO DOS PASSOS,36025020,32.0,36904700.0,-217.714.537,-433.476.586,1,10.0,02JAN2025:00:00:00,15DEC2025:00:00:00,,,,,1.0,2.0,0.0,0.0,0.0,1.0,0.0,0.0,,,,,,,0.0,0.0,0.0,1.0,0.0,0.0,1.0,0.0,0.0,0.0,0.0,1.0,0.0,"3,44724E+12","3,44724E+12",1.0,2.0,,,1.0,1.0,0.0,0.0,0.0,0.0,,0.0,0.0,0.0,1.0,1.0,0.0,0.0,0.0,0.0,0.0,1.0,0.0,0.0,0.0,1.0,0.0,0.0,0.0,0.0,1.0,0.0,0.0,0.0,0.0,1.0,0.0,0.0,0.0,1.0,1.0,0.0,1.0,1.0,0.0,1.0,0.0,0.0,1.0,1.0,1.0,0.0,0.0,0.0,0.0,1.0,1.0,0.0,0.0,0.0,0.0,0.0,0.0,0.0,0.0,0.0,0.0,0.0,0.0,0.0,0.0,1.0,0.0,1.0,0.0,1.0,0.0,0.0,0.0,0.0,1.0,0.0,0.0,1.0,1.0,0.0,0.0,0.0,0.0,1.0,15.0,8.0,23.0,1.0,15.0,0.0,0.0,1.0,0.0,0.0,1.0,0.0,0.0,0.0,0.0,1.0,1.0,0.0,0.0,0.0,0.0,1.0,19.0,1.0,140.0,1.0,18.0,0.0,0.0,1.0,1.0,1.0,1.0,0.0,1.0,0.0,1.0,1.0,3.0,9.0,0.0,0.0,0.0,0.0,0.0,1.0,0.0,67.0,1.0,0.0,0.0,1.0,0.0,0.0,0.0,0.0,0.0,0.0,0.0,0.0,0.0,0.0,0.0,0.0,1.0,0.0,0.0,0.0,0.0,0.0,0.0,0.0,0.0,0.0,0.0,,,,,0.0,,,,,,,1.0,0.0,0.0,0.0,0.0,0.0,0.0,0.0,1.0,0.0,0.0,9.0,9.0,9.0,9.0,9.0,9.0,0.0,0.0,0.0,0.0,0.0,1.0,1.0,0.0,0.0,0.0,0.0,0.0,1.0,0.0,0.0,0.0,0.0,0.0,0.0,0.0,0.0,0.0,0.0,0.0,0.0,0.0,0.0,0.0,0.0,0.0,0.0,0.0,0.0,0.0,0.0,1.0,0.0
2025,Sudeste,3,Minas Gerais,MG,31,Lavras,3138203,Varginha,3108,Lavras,310043,Campo das Vertentes,11,Lavras,57,Lavras,313820305,,,SENAC - UNIDADE DE ENSINO TECNICO DO CEP LAVRAS,31364355,4,1.0,1,0.0,COMANDANTE SOARES JUNIOR,68,,ARTUR BERNARDES,37205034,35.0,21421900.0,-212.544.564,-449.977.985,1,35.0,13JAN2025:00:00:00,12DEC2025:00:00:00,,,,,0.0,,,,,,,,,,,,,,,,,,,,1.0,0.0,0.0,0.0,0.0,1.0,0.0,"3,44724E+12","3,44724E+12",1.0,2.0,,,1.0,2.0,0.0,0.0,0.0,0.0,,0.0,0.0,0.0,1.0,1.0,0.0,0.0,0.0,0.0,0.0,1.0,0.0,0.0,0.0,1.0,0.0,0.0,0.0,0.0,1.0,0.0,0.0,0.0,0.0,0.0,0.0,0.0,1.0,1.0,0.0,0.0,0.0,1.0,0.0,1.0,1.0,0.0,1.0,1.0,0.0,0.0,0.0,0.0,0.0,1.0,1.0,0.0,0.0,0.0,0.0,0.0,0.0,0.0,0.0,0.0,0.0,0.0,0.0,0.0,0.0,1.0,0.0,1.0,0.0,1.0,0.0,0.0,0.0,0.0,1.0,1.0,0.0,1.0,1.0,0.0,0.0,0.0,0.0,1.0,11.0,0.0,11.0,11.0,11.0,0.0,0.0,1.0,1.0,1.0,1.0,1.0,0.0,0.0,0.0,1.0,11.0,1.0,1.0,1.0,2.0,1.0,11.0,1.0,89.0,1.0,25.0,0.0,0.0,1.0,1.0,1.0,1.0,0.0,1.0,0.0,1.0,1.0,4.0,5.0,1.0,7.0,0.0,0.0,0.0,1.0,0.0,5.0,1.0,0.0,1.0,1.0,1.0,0.0,0.0,0.0,0.0,0.0,0.0,0.0,0.0,0.0,0.0,0.0,1.0,0.0,0.0,0.0,0.0,0.0,0.0,0.0,0.0,0.0,0.0,,,,,0.0,,,,,,,1.0,9.0,9.0,0.0,0.0,0.0,0.0,0.0,1.0,9.0,0.0,9.0,9.0,9.0,9.0,9.0,9.0,0.0,0.0,0.0,0.0,0.0,1.0,1.0,0.0,0.0,1.0,0.0,0.0,1.0,0.0,0.0,0.0,0.0,0.0,0.0,0.0,0.0,0.0,0.0,0.0,0.0,0.0,0.0,0.0,0.0,0.0,0.0,0.0,0.0,0.0,0.0,1.0,1.0
2025,Sudeste,3,Minas Gerais,MG,31,Manhuaçu,3139409,Juíz de Fora,3106,Manhuaçu,310028,Zona da Mata,12,Manhuaçu,61,Manhuaçu,313940905,,,SENAC - UNIDADE DE ENSINO TECNICO DO CEP MANHUACU,31339903,4,1.0,1,0.0,HILDA VARGAS LEITAO DE ALMEIDA,60,,ALFA SUL,36904153,,,-20.261.243,-420.291.482,1,11.0,02JAN2025:00:00:00,13DEC2025:00:00:00,,,,,0.0,,,,,,,,,,,,,,,,,,,,1.0,0.0,0.0,0.0,0.0,1.0,0.0,"3,44724E+12","3,44724E+12",1.0,2.0,,,1.0,1.0,0.0,0.0,0.0,0.0,,0.0,0.0,0.0,1.0,1.0,0.0,0.0,0.0,0.0,0.0,1.0,0.0,0.0,0.0,0.0,0.0,0.0,0.0,1.0,1.0,0.0,0.0,0.0,0.0,1.0,0.0,0.0,0.0,1.0,1.0,0.0,0.0,1.0,0.0,1.0,0.0,0.0,1.0,1.0,0.0,0.0,0.0,0.0,0.0,1.0,1.0,0.0,0.0,0.0,0.0,0.0,0.0,0.0,0.0,0.0,0.0,0.0,0.0,0.0,0.0,1.0,0.0,0.0,0.0,1.0,0.0,0.0,0.0,0.0,1.0,0.0,0.0,1.0,1.0,0.0,0.0,0.0,0.0,1.0,6.0,0.0,6.0,1.0,6.0,0.0,0.0,1.0,0.0,1.0,0.0,1.0,0.0,0.0,0.0,0.0,0.0,0.0,0.0,0.0,0.0,0.0,0.0,1.0,29.0,1.0,1.0,0.0,0.0,1.0,1.0,1.0,1.0,0.0,1.0,0.0,1.0,1.0,2.0,2.0,1.0,0.0,0.0,0.0,0.0,1.0,0.0,4.0,1.0,0.0,4.0,1.0,0.0,1.0,0.0,0.0,0.0,0.0,0.0,0.0,0.0,0.0,0.0,0.0,1.0,0.0,0.0,0.0,0.0,0.0,0.0,0.0,0.0,0.0,0.0,,,,,0.0,,,,,,,1.0,9.0,9.0,0.0,0.0,0.0,0.0,0.0,1.0,9.0,0.0,9.0,9.0,9.0,9.0,9.0,9.0,0.0,0.0,0.0,0.0,0.0,1.0,1.0,0.0,0.0,0.0,0.0,0.0,1.0,0.0,0.0,0.0,0.0,0.0,0.0,0.0,0.0,0.0,0.0,0.0,0.0,0.0,0.0,0.0,0.0,0.0,0.0,0.0,0.0,0.0,0.0,1.0,0.0
2025,Sudeste,3,Minas Gerais,MG,31,Montes Claros,3143302,Montes Claros,3102,Montes Claros,310006,Norte de Minas,2,Montes Claros,7,Montes Claros,314330205,,,SENAC - UNIDADE DE ENSINO TECNICO DO CEP MONTES CLAROS,31316130,4,1.0,1,0.0,DEPUTADO ESTEVES RODRIGUES,250,,CENTRO,39400215,38.0,32186517.0,-16.728.044,-438.717.746,1,12.0,02JAN2025:00:00:00,15DEC2025:00:00:00,,,,,0.0,,,,,,,,,,,,,,,,,,,,1.0,0.0,0.0,0.0,0.0,1.0,0.0,"3,44724E+12","3,44724E+12",1.0,2.0,,,1.0,1.0,0.0,0.0,0.0,0.0,,0.0,0.0,0.0,1.0,1.0,0.0,0.0,0.0,0.0,0.0,1.0,0.0,0.0,0.0,1.0,0.0,0.0,0.0,0.0,1.0,0.0,0.0,0.0,0.0,0.0,0.0,0.0,1.0,1.0,1.0,0.0,1.0,1.0,0.0,1.0,0.0,0.0,1.0,1.0,0.0,0.0,0.0,0.0,0.0,1.0,1.0,0.0,0.0,0.0,0.0,0.0,0.0,0.0,0.0,0.0,0.0,0.0,0.0,0.0,0.0,1.0,0.0,1.0,0.0,1.0,0.0,0.0,0.0,0.0,1.0,1.0,0.0,1.0,1.0,0.0,0.0,0.0,0.0,1.0,23.0,0.0,23.0,23.0,23.0,0.0,0.0,1.0,0.0,0.0,1.0,0.0,0.0,0.0,0.0,0.0,0.0,0.0,0.0,0.0,0.0,0.0,0.0,1.0,119.0,1.0,1.0,0.0,0.0,1.0,1.0,1.0,1.0,0.0,1.0,1.0,3.0,1.0,6.0,6.0,2.0,0.0,0.0,0.0,0.0,1.0,0.0,4.0,1.0,0.0,0.0,1.0,0.0,0.0,0.0,0.0,0.0,0.0,0.0,0.0,0.0,0.0,0.0,0.0,1.0,0.0,0.0,0.0,0.0,0.0,0.0,0.0,0.0,0.0,0.0,,,,,0.0,,,,,,,1.0,0.0,1.0,0.0,0.0,0.0,0.0,0.0,1.0,0.0,0.0,9.0,9.0,9.0,9.0,9.0,9.0,0.0,0.0,0.0,0.0,0.0,1.0,1.0,0.0,0.0,0.0,0.0,0.0,1.0,0.0,0.0,0.0,0.0,0.0,0.0,0.0,0.0,0.0,0.0,0.0,0.0,0.0,0.0,0.0,0.0,0.0,0.0,0.0,0.0,0.0,0.0,1.0,0.0
2025,Sudeste,3,Minas Gerais,MG,31,Patos de Minas,3148004,Patos de Minas,3112,Patos de Minas,310062,Triângulo Mineiro/Alto Paranaíba,5,Patos de Minas,20,Patos de Minas,314800405,,,SENAC - UNIDADE DE ENSINO TECNICO DO CEP PATOS DE MINAS,31321729,4,1.0,1,0.0,AV IVAN BORGES PORTO,435,,JARDIM CENTRO,38703008,34.0,21063700.0,-1.858.639,-4.650.687,1,18.0,02JAN2025:00:00:00,15DEC2025:00:00:00,,,,,0.0,,,,,,,,,,,,,,,,,,,,1.0,0.0,0.0,0.0,0.0,1.0,0.0,"3,44724E+12","3,44724E+12",1.0,2.0,,,1.0,1.0,0.0,0.0,0.0,0.0,,0.0,0.0,0.0,1.0,1.0,0.0,0.0,0.0,0.0,0.0,1.0,0.0,0.0,0.0,0.0,0.0,0.0,0.0,1.0,1.0,0.0,0.0,0.0,0.0,1.0,0.0,0.0,0.0,1.0,1.0,0.0,1.0,1.0,0.0,1.0,0.0,0.0,1.0,1.0,1.0,0.0,0.0,0.0,0.0,1.0,1.0,0.0,0.0,0.0,0.0,0.0,0.0,0.0,0.0,0.0,0.0,0.0,0.0,0.0,0.0,1.0,0.0,0.0,0.0,1.0,0.0,0.0,0.0,0.0,1.0,0.0,0.0,1.0,1.0,0.0,0.0,0.0,0.0,1.0,15.0,0.0,15.0,1.0,15.0,0.0,0.0,1.0,1.0,1.0,1.0,1.0,0.0,0.0,0.0,0.0,0.0,0.0,0.0,0.0,0.0,0.0,0.0,1.0,71.0,1.0,1.0,0.0,0.0,1.0,1.0,1.0,1.0,0.0,1.0,0.0,1.0,1.0,7.0,6.0,0.0,0.0,0.0,0.0,0.0,0.0,0.0,2.0,1.0,0.0,0.0,1.0,0.0,0.0,0.0,0.0,0.0,0.0,0.0,0.0,0.0,0.0,0.0,0.0,1.0,0.0,0.0,0.0,0.0,0.0,0.0,0.0,0.0,0.0,0.0,,,,,0.0,,,,,,,1.0,9.0,9.0,0.0,0.0,0.0,0.0,0.0,1.0,9.0,0.0,9.0,9.0,9.0,9.0,9.0,9.0,0.0,0.0,0.0,0.0,0.0,1.0,1.0,0.0,0.0,0.0,0.0,0.0,1.0,0.0,0.0,0.0,0.0,0.0,0.0,0.0,0.0,0.0,0.0,0.0,0.0,0.0,0.0,0.0,0.0,0.0,0.0,0.0,0.0,0.0,0.0,1.0,0.0
2025,Sudeste,3,Minas Gerais,MG,31,Patrocínio,3148103,Patos de Minas,3112,Patrocínio,310064,Triângulo Mineiro/Alto Paranaíba,5,Patrocínio,19,Patrocínio,314810305,,,SENAC - UNIDADE DE ENSINO TECNICO DO CEP SENAC PATROCINIO,31376574,4,1.0,1,0.0,JOAO ALVES DO NASCIMENTO,2264,SALA 19,NOSSA SENHORA DE FÁTIMA,38744528,34.0,34693741.0,-1.893.733.815,-4.699.044.636,1,33.0,02JAN2025:00:00:00,15DEC2025:00:00:00,,,,,0.0,,,,,,,,,,,,,,,,,,,,1.0,0.0,0.0,0.0,0.0,1.0,0.0,"3,44724E+12","3,44724E+12",1.0,2.0,,,1.0,2.0,0.0,0.0,0.0,0.0,,0.0,0.0,0.0,1.0,1.0,0.0,0.0,0.0,0.0,0.0,1.0,0.0,0.0,0.0,0.0,0.0,0.0,0.0,1.0,1.0,0.0,0.0,0.0,0.0,1.0,0.0,0.0,0.0,1.0,1.0,0.0,0.0,1.0,0.0,1.0,1.0,0.0,1.0,1.0,0.0,0.0,0.0,0.0,0.0,1.0,1.0,0.0,0.0,0.0,0.0,0.0,0.0,0.0,0.0,0.0,0.0,0.0,0.0,0.0,0.0,1.0,0.0,0.0,0.0,1.0,0.0,0.0,0.0,0.0,1.0,0.0,0.0,1.0,1.0,0.0,0.0,0.0,0.0,1.0,3.0,0.0,3.0,1.0,3.0,0.0,0.0,1.0,1.0,0.0,1.0,0.0,0.0,0.0,0.0,0.0,0.0,1.0,1.0,0.0,0.0,0.0,0.0,1.0,40.0,1.0,1.0,0.0,0.0,1.0,1.0,1.0,1.0,0.0,1.0,0.0,1.0,1.0,4.0,4.0,2.0,0.0,0.0,0.0,0.0,0.0,0.0,1.0,1.0,0.0,0.0,0.0,0.0,0.0,0.0,0.0,0.0,0.0,0.0,0.0,0.0,0.0,0.0,0.0,1.0,0.0,0.0,0.0,0.0,0.0,0.0,0.0,0.0,0.0,0.0,,,,,0.0,,,,,,,1.0,0.0,1.0,0.0,0.0,0.0,0.0,0.0,1.0,0.0,0.0,9.0,9.0,9.0,9.0,9.0,9.0,0.0,0.0,0.0,0.0,0.0,1.0,1.0,0.0,0.0,0.0,0.0,0.0,1.0,0.0,0.0,0.0,0.0,0.0,0.0,0.0,0.0,0.0,0.0,0.0,0.0,0.0,0.0,0.0,0.0,0.0,0.0,0.0,0.0,0.0,0.0,1.0,0.0
2025,Sudeste,3,Minas Gerais,MG,31,Pirapora,3151206,Montes Claros,3102,Pirapora,310010,Norte de Minas,2,Pirapora,6,Pirapora,315120605,,,SENAC - UNIDADE DE ENSINO TECNICO DO CEP DE PIRAPORA,31358452,4,,1,,AVENIDA TIRADENTES,,,CENTRO,39270090,38.0,37413172.0,-1.735.232,-4.494.877,2,46.0,,,,,,,,,,,,,,,,,,,,,,,,,,,,,,,,,,,,,,,,,,,,,,,,,,,,,,,,,,,,,,,,,,,,,,,,,,,,,,,,,,,,,,,,,,,,,,,,,,,,,,,,,,,,,,,,,,,,,,,,,,,,,,,,,,,,,,,,,,,,,,,,,,,,,,,,,,,,,,,,,,,,,,,,,,,,,,,,,,,,,,,,,,,,,,,,,,,,,,,,,,,,,,,,,,,,,,,,,,,,,,,,,,,,,,,,,,,,,,,,,,,,,,,,,,,,,,,,,,,,,,,,,
2025,Sudeste,3,Minas Gerais,MG,31,Poços de Caldas,3151800,Pouso Alegre,3109,Poços de Caldas,310051,Sul/Sudoeste de Minas,10,Poços de Caldas,51,Poços de Caldas,315180005,,,SENAC - UNIDADE DE ENSINO TECNICO DO CEP DE POCOS DE CALDAS,31313459,4,1.0,1,0.0,CERRO AZUL,525,,JARDIM DOS ESTADOS,37701093,35.0,21013150.0,-217.824.619,-465.473.966,1,19.0,05JAN2025:00:00:00,15DEC2025:00:00:00,,,,,1.0,2.0,0.0,0.0,0.0,1.0,0.0,0.0,,,,,,,0.0,0.0,0.0,1.0,0.0,0.0,1.0,0.0,0.0,0.0,0.0,1.0,0.0,"3,44724E+12","3,44724E+12",1.0,2.0,,,1.0,1.0,0.0,0.0,0.0,0.0,,0.0,0.0,0.0,1.0,1.0,0.0,0.0,0.0,0.0,0.0,1.0,0.0,0.0,0.0,1.0,0.0,0.0,0.0,0.0,1.0,0.0,0.0,0.0,0.0,0.0,0.0,0.0,1.0,1.0,1.0,0.0,1.0,1.0,0.0,1.0,0.0,0.0,1.0,1.0,1.0,0.0,0.0,0.0,0.0,1.0,1.0,0.0,0.0,0.0,0.0,0.0,0.0,0.0,0.0,0.0,0.0,0.0,0.0,0.0,0.0,1.0,0.0,0.0,0.0,1.0,0.0,0.0,0.0,0.0,1.0,0.0,0.0,1.0,1.0,0.0,0.0,0.0,0.0,1.0,18.0,0.0,18.0,1.0,18.0,0.0,0.0,1.0,1.0,1.0,1.0,1.0,0.0,0.0,0.0,0.0,0.0,0.0,0.0,0.0,0.0,0.0,0.0,1.0,75.0,1.0,1.0,0.0,0.0,1.0,1.0,1.0,1.0,0.0,1.0,0.0,1.0,1.0,2.0,6.0,1.0,0.0,0.0,0.0,0.0,0.0,0.0,2.0,1.0,0.0,0.0,0.0,0.0,0.0,0.0,0.0,0.0,0.0,0.0,0.0,0.0,0.0,0.0,0.0,1.0,0.0,0.0,0.0,0.0,0.0,0.0,0.0,0.0,0.0,0.0,,,,,0.0,,,,,,,1.0,0.0,0.0,0.0,0.0,0.0,0.0,0.0,1.0,1.0,0.0,9.0,9.0,9.0,9.0,9.0,9.0,0.0,0.0,0.0,0.0,0.0,1.0,1.0,0.0,0.0,0.0,0.0,0.0,1.0,0.0,0.0,0.0,0.0,0.0,0.0,0.0,0.0,0.0,0.0,0.0,0.0,0.0,0.0,0.0,0.0,0.0,0.0,0.0,0.0,0.0,0.0,1.0,0.0
2025,Sudeste,3,Minas Gerais,MG,31,Pouso Alegre,3152501,Pouso Alegre,3109,Pouso Alegre,310050,Sul/Sudoeste de Minas,10,Pouso Alegre,52,Pouso Alegre,315250105,,,SENAC - UNIDADE DE ENSINO TECNICO DO CEP POUSO ALEGRE,31338958,4,1.0,1,0.0,VICENTE SIMOES,370,,RFFSA,37554002,35.0,21032450.0,-2.223.203.197,-4.592.958.838,1,37.0,13JAN2025:00:00:00,12DEC2025:00:00:00,,,,,1.0,2.0,0.0,0.0,0.0,1.0,0.0,0.0,,,,,,,0.0,0.0,0.0,1.0,0.0,0.0,1.0,0.0,0.0,0.0,0.0,1.0,0.0,"3,44724E+12","3,44724E+12",1.0,2.0,,,1.0,2.0,0.0,0.0,0.0,0.0,,0.0,0.0,0.0,1.0,1.0,0.0,0.0,0.0,0.0,0.0,1.0,0.0,0.0,0.0,1.0,0.0,0.0,0.0,0.0,1.0,0.0,0.0,0.0,0.0,1.0,0.0,0.0,0.0,1.0,1.0,0.0,1.0,1.0,0.0,1.0,1.0,0.0,1.0,1.0,1.0,0.0,0.0,0.0,0.0,1.0,1.0,0.0,1.0,0.0,0.0,0.0,0.0,0.0,0.0,0.0,0.0,0.0,0.0,0.0,1.0,1.0,0.0,1.0,0.0,1.0,0.0,0.0,0.0,0.0,1.0,1.0,0.0,1.0,1.0,0.0,0.0,0.0,0.0,1.0,18.0,0.0,18.0,18.0,18.0,0.0,0.0,1.0,0.0,0.0,1.0,1.0,0.0,0.0,0.0,1.0,1.0,1.0,1.0,1.0,2.0,1.0,18.0,1.0,140.0,1.0,56.0,1.0,3.0,1.0,1.0,1.0,1.0,1.0,1.0,0.0,3.0,1.0,2.0,7.0,0.0,0.0,0.0,0.0,0.0,1.0,0.0,3.0,1.0,0.0,0.0,0.0,0.0,1.0,0.0,0.0,0.0,1.0,0.0,0.0,1.0,0.0,0.0,0.0,1.0,0.0,0.0,0.0,0.0,0.0,0.0,0.0,1.0,0.0,0.0,,,,,0.0,,,,,,,1.0,1.0,0.0,0.0,0.0,0.0,0.0,0.0,1.0,1.0,0.0,9.0,9.0,9.0,9.0,9.0,9.0,0.0,0.0,0.0,0.0,0.0,1.0,1.0,0.0,0.0,0.0,0.0,0.0,1.0,0.0,0.0,0.0,0.0,0.0,0.0,0.0,0.0,0.0,0.0,0.0,0.0,0.0,0.0,0.0,0.0,0.0,0.0,0.0,0.0,0.0,0.0,1.0,0.0
2025,Sudeste,3,Minas Gerais,MG,31,São João del Rei,3162500,Barbacena,3107,São João del Rei,310039,Campo das Vertentes,11,São João Del Rei,58,São João del Rei,316250005,,,SENAC - UNIDADE DE ENSINO TECNICO DO CEP SAO JOAO DEL REI,31363103,4,1.0,1,0.0,RUA MARECHAL DEODORO,131,,CENTRO,36300074,32.0,33798950.0,-211.348.348,-442.607.866,1,21.0,02JAN2025:00:00:00,12DEC2025:00:00:00,,,,,0.0,,,,,,,,,,,,,,,,,,,,1.0,0.0,0.0,0.0,0.0,1.0,0.0,"3,44724E+12","3,44724E+12",1.0,2.0,,,1.0,2.0,0.0,0.0,0.0,0.0,,0.0,0.0,0.0,1.0,1.0,0.0,0.0,0.0,0.0,0.0,1.0,0.0,0.0,0.0,1.0,0.0,0.0,0.0,0.0,1.0,0.0,0.0,0.0,0.0,1.0,0.0,0.0,0.0,1.0,0.0,0.0,0.0,1.0,0.0,1.0,0.0,0.0,1.0,1.0,1.0,0.0,0.0,0.0,0.0,1.0,1.0,1.0,1.0,0.0,0.0,0.0,0.0,0.0,1.0,0.0,0.0,0.0,0.0,0.0,0.0,1.0,0.0,1.0,0.0,1.0,1.0,0.0,0.0,0.0,1.0,1.0,0.0,1.0,1.0,0.0,0.0,1.0,0.0,1.0,11.0,0.0,11.0,9.0,11.0,0.0,0.0,1.0,0.0,1.0,1.0,0.0,0.0,0.0,0.0,1.0,11.0,1.0,3.0,1.0,2.0,1.0,9.0,1.0,30.0,1.0,40.0,1.0,2.0,1.0,1.0,1.0,1.0,0.0,1.0,0.0,1.0,1.0,6.0,6.0,1.0,0.0,0.0,0.0,0.0,1.0,0.0,2.0,1.0,0.0,1.0,1.0,0.0,0.0,0.0,0.0,0.0,0.0,0.0,0.0,0.0,0.0,0.0,0.0,1.0,0.0,0.0,0.0,0.0,0.0,0.0,0.0,0.0,0.0,0.0,,,,,0.0,,,,,,,1.0,0.0,0.0,0.0,0.0,0.0,0.0,0.0,1.0,1.0,0.0,9.0,9.0,9.0,9.0,9.0,9.0,0.0,0.0,0.0,0.0,0.0,1.0,1.0,0.0,0.0,0.0,0.0,0.0,1.0,0.0,0.0,0.0,0.0,0.0,0.0,0.0,0.0,0.0,0.0,0.0,0.0,0.0,0.0,0.0,0.0,0.0,0.0,0.0,0.0,0.0,0.0,1.0,0.0
2025,Sudeste,3,Minas Gerais,MG,31,São Lourenço,3163706,Pouso Alegre,3109,São Lourenço,310053,Sul/Sudoeste de Minas,10,São Lourenço,54,São Lourenço,316370605,,,CENTRO DE EDUCACAO PROFISSIONAL SENAC - SAO LOURENCO,31364061,4,,1,,RUA PRESIDENTE ARTHUR BERNARDES,85,,NOSSA SENHORA DE FATIMA,37470000,,,-221.207,-4.504.326,2,42.0,,,,,,,,,,,,,,,,,,,,,,,,,,,,,,,,,,,,,,,,,,,,,,,,,,,,,,,,,,,,,,,,,,,,,,,,,,,,,,,,,,,,,,,,,,,,,,,,,,,,,,,,,,,,,,,,,,,,,,,,,,,,,,,,,,,,,,,,,,,,,,,,,,,,,,,,,,,,,,,,,,,,,,,,,,,,,,,,,,,,,,,,,,,,,,,,,,,,,,,,,,,,,,,,,,,,,,,,,,,,,,,,,,,,,,,,,,,,,,,,,,,,,,,,,,,,,,,,,,,,,,,,,
2025,Sudeste,3,Minas Gerais,MG,31,Sete Lagoas,3167202,Belo Horizonte,3101,Sete Lagoas,310002,Metropolitana de Belo Horizonte,7,Sete Lagoas,27,Sete Lagoas,316720205,,,SENAC - UNIDADE DE ENSINO TECNICO DO CEP DE SETE LAGOAS,31312975,4,1.0,1,0.0,JOSE DUARTE DE PAIVA,775,,VILA SANTA HELENA,35700854,31.0,37796205.0,-194.561.403,-442.541.827,1,23.0,02JAN2025:00:00:00,15DEC2025:00:00:00,,,,,1.0,2.0,0.0,0.0,0.0,1.0,0.0,0.0,,,,,,,0.0,0.0,0.0,1.0,0.0,0.0,1.0,0.0,0.0,0.0,0.0,1.0,0.0,"3,44724E+12","3,44724E+12",1.0,2.0,,,1.0,1.0,0.0,0.0,0.0,0.0,,0.0,0.0,0.0,1.0,1.0,0.0,0.0,0.0,0.0,0.0,1.0,0.0,0.0,0.0,1.0,0.0,0.0,0.0,0.0,1.0,0.0,0.0,0.0,0.0,1.0,0.0,1.0,0.0,1.0,1.0,0.0,0.0,1.0,0.0,1.0,1.0,0.0,1.0,1.0,1.0,0.0,0.0,0.0,0.0,1.0,1.0,0.0,0.0,0.0,0.0,0.0,0.0,0.0,1.0,0.0,0.0,0.0,0.0,0.0,1.0,1.0,0.0,1.0,0.0,1.0,0.0,0.0,0.0,0.0,1.0,1.0,1.0,1.0,1.0,1.0,0.0,1.0,0.0,1.0,12.0,0.0,12.0,11.0,12.0,0.0,1.0,1.0,1.0,1.0,1.0,1.0,0.0,0.0,0.0,1.0,5.0,1.0,4.0,1.0,2.0,1.0,12.0,1.0,82.0,1.0,20.0,0.0,0.0,1.0,1.0,1.0,1.0,0.0,1.0,0.0,1.0,1.0,4.0,7.0,1.0,0.0,2.0,0.0,0.0,1.0,0.0,4.0,1.0,0.0,1.0,1.0,1.0,0.0,0.0,0.0,0.0,0.0,0.0,0.0,0.0,0.0,0.0,0.0,1.0,0.0,0.0,0.0,0.0,0.0,0.0,0.0,0.0,0.0,0.0,,,,,0.0,,,,,,,1.0,0.0,0.0,0.0,0.0,0.0,0.0,0.0,1.0,1.0,0.0,9.0,9.0,9.0,9.0,9.0,9.0,0.0,0.0,0.0,0.0,0.0,1.0,1.0,0.0,0.0,0.0,0.0,0.0,1.0,0.0,0.0,0.0,0.0,0.0,0.0,0.0,0.0,0.0,0.0,0.0,0.0,0.0,0.0,0.0,0.0,0.0,0.0,0.0,0.0,0.0,0.0,1.0,0.0
2025,Sudeste,3,Minas Gerais,MG,31,Tiradentes,3168804,Barbacena,3107,São João del Rei,310039,Campo das Vertentes,11,São João Del Rei,58,Tiradentes,316880405,,,CENTRO DE EDUCACAO PROFISSIONAL SENAC TIRADENTES,31363952,4,,1,,RUA FRANCISCO DE PAULA,,,,36325000,,,,,2,21.0,,,,,,,,,,,,,,,,,,,,,,,,,,,,,,,,,,,,,,,,,,,,,,,,,,,,,,,,,,,,,,,,,,,,,,,,,,,,,,,,,,,,,,,,,,,,,,,,,,,,,,,,,,,,,,,,,,,,,,,,,,,,,,,,,,,,,,,,,,,,,,,,,,,,,,,,,,,,,,,,,,,,,,,,,,,,,,,,,,,,,,,,,,,,,,,,,,,,,,,,,,,,,,,,,,,,,,,,,,,,,,,,,,,,,,,,,,,,,,,,,,,,,,,,,,,,,,,,,,,,,,,,,
2025,Sudeste,3,Minas Gerais,MG,31,Três Corações,3169307,Varginha,3108,Três Corações,310045,Sul/Sudoeste de Minas,10,Varginha,50,Três Corações,316930705,,,SENAC - UNIDADE DE ENSINO TECNICO DO CEP TRES CORACOES,31343510,4,1.0,1,0.0,REI PELE,660,,ALTO PERÓ,37417210,,,-2.168.446.626,-4.526.356.342,1,27.0,13JAN2025:00:00:00,12DEC2025:00:00:00,,,,,0.0,,,,,,,,,,,,,,,,,,,,1.0,0.0,0.0,0.0,0.0,1.0,0.0,"3,44724E+12","3,44724E+12",1.0,2.0,,,1.0,2.0,0.0,0.0,0.0,0.0,,0.0,0.0,0.0,1.0,1.0,0.0,0.0,0.0,0.0,0.0,1.0,0.0,0.0,0.0,1.0,0.0,0.0,0.0,0.0,1.0,0.0,0.0,0.0,0.0,0.0,0.0,0.0,1.0,1.0,1.0,0.0,1.0,1.0,0.0,1.0,1.0,0.0,1.0,1.0,1.0,0.0,0.0,0.0,0.0,1.0,1.0,0.0,0.0,0.0,0.0,0.0,0.0,0.0,0.0,0.0,0.0,0.0,0.0,0.0,0.0,1.0,0.0,0.0,0.0,1.0,0.0,0.0,0.0,0.0,1.0,1.0,0.0,1.0,1.0,0.0,0.0,0.0,0.0,1.0,14.0,0.0,14.0,1.0,14.0,0.0,0.0,1.0,1.0,1.0,1.0,1.0,0.0,0.0,0.0,0.0,0.0,0.0,0.0,0.0,0.0,0.0,0.0,1.0,96.0,1.0,1.0,0.0,0.0,1.0,1.0,1.0,1.0,0.0,1.0,0.0,1.0,1.0,2.0,5.0,0.0,0.0,0.0,0.0,0.0,0.0,0.0,5.0,1.0,0.0,0.0,0.0,0.0,0.0,0.0,0.0,0.0,1.0,0.0,0.0,1.0,0.0,0.0,0.0,1.0,0.0,0.0,0.0,0.0,0.0,0.0,0.0,0.0,0.0,0.0,,,,,0.0,,,,,,,1.0,1.0,1.0,0.0,0.0,1.0,0.0,0.0,0.0,1.0,1.0,1.0,1.0,0.0,1.0,0.0,0.0,0.0,0.0,0.0,0.0,0.0,1.0,1.0,0.0,0.0,0.0,0.0,0.0,1.0,0.0,0.0,0.0,0.0,0.0,0.0,0.0,0.0,0.0,0.0,0.0,0.0,0.0,0.0,0.0,0.0,0.0,0.0,0.0,0.0,0.0,0.0,1.0,0.0
2025,Sudeste,3,Minas Gerais,MG,31,Três Marias,3169356,Belo Horizonte,3101,Curvelo,310004,Central Mineira,6,Três Marias,24,Três Marias,316935605,,,SENAC - UNIDADE DE ENSINO TECNICO DO CEP TRES MARIAS,31348392,4,,1,,RUA VARZEA DA PALMA,77,,CENTRO,39205000,38.0,37542854.0,-1.820.869,-4.522.542,2,38.0,,,,,,,,,,,,,,,,,,,,,,,,,,,,,,,,,,,,,,,,,,,,,,,,,,,,,,,,,,,,,,,,,,,,,,,,,,,,,,,,,,,,,,,,,,,,,,,,,,,,,,,,,,,,,,,,,,,,,,,,,,,,,,,,,,,,,,,,,,,,,,,,,,,,,,,,,,,,,,,,,,,,,,,,,,,,,,,,,,,,,,,,,,,,,,,,,,,,,,,,,,,,,,,,,,,,,,,,,,,,,,,,,,,,,,,,,,,,,,,,,,,,,,,,,,,,,,,,,,,,,,,,,
2025,Sudeste,3,Minas Gerais,MG,31,Uberaba,3170107,Uberaba,3110,Uberaba,310055,Triângulo Mineiro/Alto Paranaíba,5,Uberaba,22,Uberaba,317010705,,,SENAC - UNIDADE DE ENSINO TECNICO DO CEP UBERABA,31317446,4,1.0,1,0.0,DOUTOR ODILON FERNANDES,333,,ESTADOS UNIDOS,38017030,34.0,33343400.0,-197.427.357,-479.284.514,1,25.0,02JAN2025:00:00:00,15DEC2025:00:00:00,,,,,1.0,2.0,0.0,0.0,0.0,1.0,0.0,0.0,,,,,,,0.0,0.0,0.0,1.0,0.0,0.0,1.0,0.0,0.0,0.0,0.0,1.0,0.0,"3,44724E+12","3,44724E+12",1.0,2.0,,,1.0,1.0,0.0,0.0,0.0,0.0,,0.0,0.0,0.0,1.0,1.0,0.0,0.0,0.0,0.0,0.0,1.0,0.0,0.0,0.0,1.0,0.0,0.0,0.0,0.0,1.0,0.0,0.0,0.0,0.0,0.0,0.0,0.0,1.0,1.0,1.0,0.0,1.0,1.0,0.0,1.0,0.0,0.0,1.0,1.0,1.0,0.0,0.0,0.0,0.0,1.0,1.0,0.0,0.0,0.0,0.0,0.0,0.0,0.0,0.0,0.0,0.0,0.0,0.0,0.0,0.0,1.0,0.0,0.0,0.0,1.0,0.0,0.0,0.0,0.0,1.0,0.0,0.0,1.0,1.0,0.0,0.0,0.0,0.0,1.0,30.0,0.0,30.0,1.0,30.0,0.0,0.0,1.0,1.0,1.0,1.0,1.0,0.0,0.0,0.0,0.0,0.0,0.0,0.0,0.0,0.0,0.0,0.0,1.0,40.0,1.0,1.0,0.0,0.0,1.0,1.0,1.0,1.0,0.0,1.0,0.0,1.0,1.0,4.0,8.0,1.0,0.0,0.0,0.0,0.0,1.0,0.0,2.0,1.0,0.0,1.0,0.0,0.0,2.0,0.0,0.0,0.0,0.0,0.0,0.0,0.0,0.0,0.0,0.0,1.0,0.0,0.0,0.0,0.0,0.0,0.0,0.0,0.0,0.0,0.0,,,,,0.0,,,,,,,1.0,9.0,9.0,0.0,0.0,0.0,0.0,0.0,1.0,9.0,0.0,9.0,9.0,9.0,9.0,9.0,9.0,0.0,0.0,0.0,0.0,0.0,1.0,1.0,0.0,0.0,0.0,0.0,0.0,1.0,0.0,0.0,0.0,0.0,0.0,0.0,0.0,0.0,0.0,0.0,0.0,0.0,0.0,0.0,0.0,0.0,0.0,0.0,0.0,0.0,0.0,0.0,1.0,0.0
2025,Sudeste,3,Minas Gerais,MG,31,Uberlândia,3170206,Uberlândia,3111,Uberlândia,310059,Triângulo Mineiro/Alto Paranaíba,5,Uberlândia,18,Uberlândia,317020605,,,SENAC - UNIDADE DE ENSINO TECNICO DO CEP UBERLANDIA,31318078,4,1.0,1,0.0,BELO HORIZONTE,525,,OSVALDO REZENDE,38400454,34.0,33041400.0,-189.125.441,-482.820.057,1,26.0,13JAN2025:00:00:00,12DEC2025:00:00:00,,,,,1.0,2.0,0.0,0.0,0.0,1.0,0.0,0.0,,,,,,,0.0,0.0,0.0,1.0,0.0,0.0,1.0,0.0,0.0,0.0,0.0,1.0,0.0,"3,44724E+12","3,44724E+12",1.0,2.0,,,1.0,1.0,0.0,0.0,0.0,0.0,,0.0,0.0,0.0,1.0,1.0,0.0,0.0,0.0,0.0,0.0,1.0,0.0,0.0,0.0,1.0,0.0,0.0,0.0,0.0,1.0,0.0,0.0,0.0,0.0,1.0,0.0,0.0,0.0,1.0,1.0,0.0,1.0,1.0,0.0,1.0,1.0,0.0,1.0,1.0,1.0,0.0,0.0,0.0,0.0,1.0,1.0,0.0,0.0,0.0,0.0,0.0,0.0,0.0,0.0,0.0,0.0,0.0,0.0,0.0,0.0,1.0,0.0,1.0,0.0,1.0,0.0,0.0,0.0,0.0,1.0,1.0,1.0,1.0,1.0,0.0,1.0,1.0,0.0,1.0,19.0,0.0,19.0,19.0,19.0,0.0,0.0,1.0,1.0,1.0,1.0,1.0,0.0,1.0,2.0,0.0,0.0,1.0,17.0,1.0,2.0,1.0,19.0,1.0,44.0,1.0,1.0,1.0,3.0,1.0,1.0,1.0,1.0,0.0,1.0,1.0,2.0,1.0,4.0,10.0,1.0,0.0,0.0,0.0,0.0,1.0,0.0,6.0,1.0,0.0,1.0,1.0,1.0,1.0,0.0,0.0,0.0,0.0,0.0,0.0,1.0,0.0,0.0,0.0,1.0,0.0,0.0,0.0,0.0,0.0,0.0,0.0,0.0,0.0,0.0,,,,,0.0,,,,,,,1.0,1.0,0.0,0.0,0.0,0.0,0.0,0.0,1.0,0.0,0.0,9.0,9.0,9.0,9.0,9.0,9.0,0.0,0.0,0.0,0.0,0.0,1.0,1.0,0.0,0.0,1.0,0.0,0.0,1.0,0.0,0.0,0.0,0.0,0.0,0.0,0.0,0.0,0.0,0.0,0.0,0.0,0.0,0.0,0.0,0.0,0.0,0.0,0.0,0.0,0.0,0.0,1.0,1.0
2025,Sudeste,3,Minas Gerais,MG,31,Varginha,3170701,Varginha,3108,Varginha,310040,Sul/Sudoeste de Minas,10,Varginha,50,Varginha,317070105,,,SENAC - UNIDADE DE ENSINO TECNICO DO CEP VARGINHA,31317675,4,1.0,1,0.0,MARIANA FIGUEIREDO,401,,VILA ADELAIDE,37010050,35.0,21055700.0,-2.156.501.975,-4.544.906.279,1,27.0,02JAN2025:00:00:00,15DEC2025:00:00:00,,,,,0.0,,,,,,,,,,,,,,,,,,,,1.0,0.0,0.0,0.0,0.0,1.0,0.0,"3,44724E+12","3,44724E+12",1.0,2.0,,,1.0,1.0,0.0,0.0,0.0,0.0,,0.0,0.0,0.0,1.0,1.0,0.0,0.0,0.0,0.0,0.0,1.0,0.0,0.0,0.0,1.0,0.0,0.0,0.0,0.0,1.0,0.0,0.0,0.0,0.0,1.0,0.0,0.0,0.0,1.0,1.0,0.0,0.0,1.0,0.0,1.0,1.0,0.0,1.0,1.0,1.0,0.0,0.0,0.0,0.0,1.0,1.0,0.0,0.0,0.0,0.0,0.0,0.0,0.0,0.0,0.0,0.0,0.0,0.0,0.0,0.0,1.0,0.0,1.0,0.0,1.0,0.0,0.0,0.0,0.0,1.0,1.0,0.0,1.0,1.0,0.0,0.0,0.0,0.0,1.0,17.0,0.0,17.0,1.0,17.0,0.0,0.0,1.0,0.0,1.0,1.0,1.0,0.0,0.0,0.0,1.0,1.0,1.0,1.0,1.0,2.0,1.0,15.0,1.0,90.0,1.0,65.0,0.0,0.0,1.0,1.0,1.0,1.0,0.0,1.0,0.0,1.0,1.0,2.0,5.0,1.0,0.0,0.0,0.0,0.0,0.0,0.0,2.0,1.0,0.0,2.0,0.0,0.0,0.0,0.0,0.0,0.0,0.0,0.0,0.0,0.0,0.0,0.0,0.0,1.0,0.0,0.0,0.0,0.0,0.0,0.0,0.0,0.0,0.0,0.0,,,,,0.0,,,,,,,1.0,0.0,0.0,0.0,0.0,0.0,0.0,0.0,1.0,1.0,0.0,9.0,9.0,9.0,9.0,9.0,9.0,0.0,0.0,0.0,0.0,0.0,1.0,1.0,0.0,0.0,0.0,0.0,0.0,1.0,0.0,0.0,0.0,0.0,0.0,0.0,0.0,0.0,0.0,0.0,0.0,0.0,0.0,0.0,0.0,0.0,0.0,0.0,0.0,0.0,0.0,0.0,1.0,0.0
2025,Sudeste,3,Espírito Santo,ES,32,Vitória,3205309,Vitória,3201,Vitória,320001,Central Espírito-santense,3,Vitória,9,Vitória,320530905,,,SERVICO NACIONAL DE APRENDIZAGEM COMERCIAL - SENAC,32067682,4,1.0,1,0.0,"AVENIDA MARECHAL MASCARENHAS DE MORAES, 2077",2077,,BENTO FERREIRA,29050935,27.0,33258311.0,-203.177.105,-403.082.593,1,1.0,16JAN2025:00:00:00,19DEC2025:00:00:00,,,,,1.0,2.0,0.0,0.0,0.0,1.0,0.0,0.0,,,,,,,0.0,0.0,0.0,1.0,0.0,0.0,0.0,0.0,0.0,0.0,0.0,1.0,1.0,"3,7433E+12","3,7433E+12",1.0,2.0,,,1.0,1.0,0.0,0.0,0.0,0.0,,0.0,0.0,0.0,1.0,1.0,0.0,0.0,0.0,0.0,0.0,1.0,0.0,0.0,0.0,1.0,0.0,0.0,0.0,0.0,1.0,0.0,0.0,0.0,0.0,0.0,0.0,0.0,1.0,1.0,1.0,0.0,1.0,1.0,0.0,1.0,1.0,0.0,1.0,1.0,1.0,0.0,1.0,0.0,0.0,1.0,1.0,1.0,1.0,0.0,0.0,0.0,0.0,0.0,1.0,0.0,0.0,0.0,0.0,0.0,0.0,1.0,0.0,1.0,0.0,1.0,0.0,0.0,0.0,0.0,1.0,1.0,0.0,1.0,1.0,0.0,0.0,1.0,0.0,0.0,133.0,25.0,158.0,100.0,70.0,0.0,0.0,1.0,0.0,1.0,1.0,0.0,0.0,1.0,3.0,1.0,10.0,1.0,10.0,1.0,4.0,1.0,20.0,1.0,500.0,1.0,400.0,1.0,100.0,1.0,1.0,1.0,1.0,0.0,1.0,1.0,2.0,1.0,65.0,53.0,1.0,0.0,0.0,0.0,0.0,2.0,2.0,57.0,1.0,0.0,0.0,1.0,0.0,2.0,0.0,0.0,0.0,1.0,0.0,1.0,1.0,0.0,1.0,1.0,1.0,0.0,0.0,0.0,0.0,0.0,0.0,0.0,0.0,0.0,0.0,,,,,0.0,,,,,,,1.0,0.0,0.0,0.0,0.0,1.0,0.0,0.0,0.0,0.0,0.0,9.0,9.0,9.0,9.0,9.0,9.0,0.0,0.0,0.0,0.0,0.0,1.0,1.0,0.0,0.0,0.0,0.0,0.0,1.0,0.0,0.0,0.0,0.0,0.0,0.0,0.0,0.0,0.0,0.0,0.0,0.0,0.0,0.0,0.0,0.0,0.0,0.0,0.0,0.0,0.0,0.0,1.0,0.0
2025,Sudeste,3,Rio de Janeiro,RJ,33,Angra dos Reis,3300100,Rio de Janeiro,3301,Angra dos Reis,330002,Sul Fluminense,5,Baía da Ilha Grande,13,Angra dos Reis,330010005,,,SENAC ANGRA DOS REIS,33175608,4,,1,,DOUTOR CARLOS AMARAL BRASIL,,50,BALNEÁRIO,23906040,,,-2.299.905,-4.430.741,2,11003.0,,,,,,,,,,,,,,,,,,,,,,,,,,,,,,,,,,,,,,,,,,,,,,,,,,,,,,,,,,,,,,,,,,,,,,,,,,,,,,,,,,,,,,,,,,,,,,,,,,,,,,,,,,,,,,,,,,,,,,,,,,,,,,,,,,,,,,,,,,,,,,,,,,,,,,,,,,,,,,,,,,,,,,,,,,,,,,,,,,,,,,,,,,,,,,,,,,,,,,,,,,,,,,,,,,,,,,,,,,,,,,,,,,,,,,,,,,,,,,,,,,,,,,,,,,,,,,,,,,,,,,,,,
2025,Sudeste,3,Rio de Janeiro,RJ,33,Barra do Piraí,3300308,Volta Redonda - Barra Mansa,3302,Volta Redonda - Barra Mansa,330004,Sul Fluminense,5,Barra do Piraí,12,Barra do Piraí,330030805,,,SENAC BARRA DO PIRAI,33175004,4,1.0,1,0.0,JOSE ALVES PIMENTA,,514,MATADOURO,27115010,,,,,1,11002.0,06JAN2025:00:00:00,17DEC2025:00:00:00,,,,,0.0,,,,,,,,,,,,,,,,,,,,0.0,0.0,0.0,0.0,0.0,1.0,0.0,"3,67235E+12",1E+14,1.0,2.0,,,1.0,3.0,0.0,0.0,0.0,0.0,,0.0,0.0,0.0,1.0,1.0,0.0,0.0,0.0,0.0,0.0,1.0,0.0,0.0,0.0,1.0,0.0,0.0,0.0,0.0,1.0,0.0,0.0,0.0,0.0,0.0,0.0,0.0,1.0,1.0,0.0,0.0,1.0,1.0,0.0,1.0,0.0,0.0,1.0,1.0,0.0,0.0,0.0,0.0,0.0,1.0,1.0,0.0,1.0,0.0,0.0,0.0,0.0,0.0,1.0,0.0,0.0,0.0,0.0,0.0,1.0,0.0,1.0,1.0,0.0,1.0,0.0,0.0,0.0,0.0,1.0,0.0,0.0,1.0,1.0,0.0,0.0,1.0,0.0,1.0,4.0,0.0,4.0,4.0,4.0,0.0,0.0,1.0,0.0,0.0,1.0,0.0,0.0,0.0,0.0,0.0,0.0,0.0,0.0,0.0,0.0,1.0,4.0,1.0,4.0,1.0,5.0,0.0,0.0,1.0,1.0,1.0,1.0,1.0,1.0,1.0,3.0,1.0,2.0,1.0,0.0,0.0,0.0,0.0,0.0,0.0,0.0,0.0,0.0,0.0,0.0,0.0,0.0,0.0,0.0,0.0,0.0,0.0,0.0,0.0,0.0,0.0,0.0,1.0,1.0,0.0,0.0,0.0,0.0,0.0,0.0,0.0,0.0,0.0,0.0,,,,,0.0,,,,,,,1.0,0.0,0.0,0.0,0.0,0.0,0.0,0.0,1.0,1.0,0.0,9.0,9.0,9.0,9.0,9.0,9.0,0.0,0.0,0.0,0.0,0.0,1.0,1.0,0.0,0.0,0.0,0.0,0.0,1.0,0.0,0.0,0.0,0.0,0.0,0.0,0.0,0.0,0.0,0.0,0.0,0.0,0.0,0.0,0.0,0.0,0.0,0.0,0.0,0.0,0.0,0.0,1.0,0.0
2025,Sudeste,3,Rio de Janeiro,RJ,33,Barra Mansa,3300407,Volta Redonda - Barra Mansa,3302,Volta Redonda - Barra Mansa,330004,Sul Fluminense,5,Vale do Paraíba Fluminense,11,Barra Mansa,330040705,,,SENAC BARRA MANSA,33175209,4,1.0,1,0.0,LUIS PONCE,,103,CENTRO,27310400,,,-225.396,-4.417.645,1,11003.0,06JAN2025:00:00:00,17DEC2025:00:00:00,,,,,0.0,,,,,,,,,,,,,,,,,,,,0.0,0.0,0.0,0.0,0.0,1.0,0.0,"3,67235E+12",1E+14,1.0,2.0,,,1.0,3.0,0.0,0.0,0.0,0.0,,0.0,0.0,0.0,1.0,1.0,0.0,0.0,0.0,0.0,0.0,1.0,0.0,0.0,0.0,1.0,0.0,0.0,0.0,0.0,1.0,0.0,0.0,0.0,0.0,0.0,0.0,0.0,1.0,1.0,0.0,0.0,1.0,1.0,0.0,1.0,0.0,0.0,0.0,0.0,0.0,0.0,0.0,0.0,0.0,1.0,0.0,0.0,0.0,0.0,0.0,0.0,0.0,0.0,1.0,0.0,0.0,0.0,0.0,0.0,0.0,0.0,0.0,1.0,0.0,1.0,0.0,0.0,0.0,0.0,1.0,0.0,0.0,0.0,1.0,0.0,0.0,0.0,0.0,1.0,3.0,0.0,3.0,3.0,3.0,0.0,0.0,1.0,0.0,0.0,1.0,0.0,0.0,0.0,0.0,1.0,1.0,0.0,0.0,0.0,0.0,1.0,2.0,1.0,2.0,1.0,5.0,0.0,0.0,1.0,1.0,1.0,1.0,0.0,1.0,1.0,3.0,1.0,2.0,1.0,0.0,0.0,0.0,0.0,0.0,0.0,0.0,0.0,0.0,0.0,0.0,0.0,0.0,0.0,0.0,0.0,0.0,0.0,0.0,0.0,1.0,0.0,0.0,1.0,1.0,0.0,0.0,0.0,0.0,0.0,0.0,0.0,0.0,0.0,0.0,,,,,0.0,,,,,,,1.0,0.0,0.0,0.0,0.0,0.0,0.0,0.0,1.0,1.0,0.0,9.0,9.0,9.0,9.0,9.0,9.0,0.0,0.0,0.0,0.0,0.0,1.0,1.0,0.0,0.0,0.0,0.0,0.0,1.0,0.0,0.0,0.0,0.0,0.0,0.0,0.0,0.0,0.0,0.0,0.0,0.0,0.0,0.0,0.0,0.0,0.0,0.0,0.0,0.0,0.0,0.0,1.0,0.0
2025,Sudeste,3,Rio de Janeiro,RJ,33,Cabo Frio,3300704,Macaé - Rio das Ostras - Cabo Frio,3305,Cabo Frio,330013,Baixadas,4,Lagos,10,Cabo Frio,330070405,,,SENAC CABO FRIO,33176000,4,1.0,1,0.0,TEIXEIRA E SOUZA,,31,CENTRO,28907410,,,,,1,11001.0,06JAN2025:00:00:00,17DEC2025:00:00:00,,,,,0.0,,,,,,,,,,,,,,,,,,,,0.0,0.0,0.0,0.0,0.0,1.0,0.0,"3,67235E+12",1E+14,1.0,2.0,,,1.0,2.0,0.0,0.0,0.0,0.0,,0.0,0.0,0.0,1.0,1.0,0.0,0.0,0.0,0.0,0.0,1.0,0.0,0.0,0.0,1.0,0.0,0.0,0.0,0.0,1.0,0.0,0.0,0.0,0.0,0.0,0.0,0.0,1.0,1.0,0.0,0.0,1.0,1.0,0.0,1.0,1.0,0.0,0.0,0.0,0.0,0.0,0.0,0.0,0.0,1.0,1.0,0.0,0.0,0.0,0.0,0.0,0.0,0.0,0.0,0.0,0.0,0.0,0.0,0.0,0.0,1.0,0.0,1.0,0.0,1.0,0.0,0.0,0.0,0.0,0.0,1.0,0.0,1.0,0.0,0.0,0.0,1.0,0.0,0.0,8.0,0.0,8.0,7.0,1.0,0.0,0.0,1.0,0.0,0.0,1.0,0.0,0.0,0.0,0.0,1.0,2.0,1.0,3.0,0.0,0.0,1.0,8.0,1.0,21.0,1.0,18.0,0.0,0.0,1.0,1.0,1.0,1.0,0.0,1.0,0.0,3.0,1.0,6.0,2.0,0.0,88888.0,3.0,0.0,0.0,0.0,0.0,1.0,1.0,2.0,0.0,2.0,0.0,0.0,0.0,0.0,0.0,1.0,0.0,0.0,0.0,0.0,0.0,0.0,1.0,0.0,0.0,0.0,0.0,0.0,1.0,0.0,0.0,0.0,0.0,,,,,0.0,,,,,,,1.0,0.0,0.0,0.0,0.0,0.0,0.0,0.0,1.0,1.0,0.0,9.0,9.0,9.0,9.0,9.0,9.0,0.0,0.0,0.0,0.0,0.0,1.0,1.0,0.0,0.0,0.0,0.0,0.0,1.0,0.0,0.0,0.0,0.0,0.0,0.0,0.0,0.0,0.0,0.0,0.0,0.0,0.0,0.0,0.0,0.0,0.0,0.0,0.0,0.0,0.0,0.0,1.0,0.0
2025,Sudeste,3,Rio de Janeiro,RJ,33,Campos dos Goytacazes,3301009,Campos dos Goytacazes,3304,Campos dos Goytacazes,330010,Norte Fluminense,2,Campos dos Goytacazes,3,Campos dos Goytacazes,330100905,,,SENAC CAMPOS,33177406,4,1.0,1,0.0,CORA DE ALVARENGA,,151,PARQUE LEOPOLDINA,28051271,,,-2.174.958,-413.475,1,11012.0,06JAN2025:00:00:00,17DEC2025:00:00:00,,,,,0.0,,,,,,,,,,,,,,,,,,,,0.0,0.0,0.0,0.0,0.0,1.0,0.0,"3,67235E+12",1E+14,1.0,2.0,,,1.0,1.0,0.0,0.0,0.0,0.0,,0.0,0.0,0.0,1.0,1.0,0.0,0.0,0.0,0.0,0.0,1.0,0.0,0.0,0.0,1.0,0.0,0.0,0.0,0.0,1.0,0.0,0.0,0.0,0.0,0.0,0.0,0.0,1.0,1.0,0.0,0.0,1.0,1.0,0.0,1.0,1.0,1.0,0.0,1.0,1.0,1.0,0.0,0.0,0.0,1.0,0.0,1.0,1.0,0.0,0.0,0.0,0.0,0.0,0.0,0.0,0.0,0.0,0.0,0.0,0.0,1.0,1.0,1.0,0.0,1.0,0.0,0.0,0.0,0.0,1.0,1.0,1.0,1.0,1.0,0.0,0.0,1.0,0.0,0.0,17.0,2.0,19.0,17.0,16.0,0.0,0.0,1.0,1.0,1.0,1.0,1.0,0.0,0.0,0.0,0.0,0.0,0.0,0.0,0.0,0.0,1.0,13.0,1.0,40.0,0.0,0.0,0.0,0.0,1.0,1.0,1.0,1.0,1.0,1.0,0.0,3.0,1.0,11.0,6.0,1.0,3.0,0.0,0.0,0.0,0.0,0.0,8.0,1.0,4.0,1.0,0.0,0.0,0.0,0.0,0.0,0.0,0.0,0.0,0.0,0.0,0.0,0.0,0.0,1.0,0.0,0.0,0.0,0.0,0.0,0.0,0.0,0.0,0.0,0.0,,,,,0.0,,,,,,,1.0,0.0,0.0,0.0,0.0,0.0,0.0,0.0,1.0,1.0,0.0,9.0,9.0,9.0,9.0,9.0,9.0,0.0,0.0,0.0,0.0,0.0,1.0,1.0,0.0,0.0,0.0,0.0,0.0,1.0,0.0,0.0,0.0,0.0,0.0,0.0,0.0,0.0,0.0,0.0,0.0,0.0,0.0,0.0,0.0,0.0,0.0,0.0,0.0,0.0,0.0,0.0,1.0,0.0
2025,Sudeste,3,Rio de Janeiro,RJ,33,Duque de Caxias,3301702,Rio de Janeiro,3301,Rio de Janeiro,330001,Metropolitana do Rio de Janeiro,6,Rio de Janeiro,18,Duque de Caxias,330170205,,,SENAC DUQUE DE CAXIAS,33173001,4,,1,,BRIGADEIRO LIMA E SILVA,,764,PARQUE DUQUE,25085131,,,-2.279.629,-4.329.511,2,11008.0,,,,,,,,,,,,,,,,,,,,,,,,,,,,,,,,,,,,,,,,,,,,,,,,,,,,,,,,,,,,,,,,,,,,,,,,,,,,,,,,,,,,,,,,,,,,,,,,,,,,,,,,,,,,,,,,,,,,,,,,,,,,,,,,,,,,,,,,,,,,,,,,,,,,,,,,,,,,,,,,,,,,,,,,,,,,,,,,,,,,,,,,,,,,,,,,,,,,,,,,,,,,,,,,,,,,,,,,,,,,,,,,,,,,,,,,,,,,,,,,,,,,,,,,,,,,,,,,,,,,,,,,,
2025,Sudeste,3,Rio de Janeiro,RJ,33,Itaperuna,3302205,Campos dos Goytacazes,3304,Itaperuna,330011,Noroeste Fluminense,1,Itaperuna,1,Itaperuna,330220505,,,SENAC ITAPERUNA,33178607,4,1.0,1,0.0,AVENIDA PRESIDENTE DUTRA,,527,,28300000,,,,,1,11011.0,01JAN2025:00:00:00,31DEC2025:00:00:00,,,,,0.0,,,,,,,,,,,,,,,,,,,,0.0,0.0,0.0,0.0,0.0,1.0,0.0,"3,67235E+12",1E+14,1.0,1.0,,,1.0,2.0,0.0,0.0,0.0,0.0,,0.0,0.0,0.0,1.0,1.0,0.0,0.0,0.0,0.0,0.0,1.0,0.0,0.0,0.0,1.0,0.0,0.0,0.0,0.0,1.0,0.0,0.0,0.0,0.0,0.0,0.0,0.0,1.0,1.0,0.0,0.0,1.0,1.0,0.0,1.0,0.0,0.0,1.0,1.0,0.0,0.0,0.0,0.0,0.0,1.0,1.0,0.0,0.0,0.0,0.0,0.0,0.0,0.0,0.0,0.0,0.0,0.0,0.0,0.0,1.0,0.0,1.0,1.0,0.0,1.0,0.0,0.0,0.0,0.0,1.0,1.0,1.0,1.0,1.0,0.0,1.0,1.0,0.0,1.0,8.0,0.0,8.0,8.0,0.0,0.0,0.0,1.0,0.0,0.0,1.0,0.0,0.0,0.0,0.0,1.0,2.0,1.0,1.0,1.0,1.0,1.0,5.0,1.0,17.0,1.0,14.0,0.0,0.0,1.0,1.0,1.0,1.0,0.0,1.0,1.0,3.0,1.0,88888.0,2.0,1.0,2.0,0.0,0.0,0.0,0.0,0.0,1.0,1.0,0.0,3.0,2.0,0.0,0.0,0.0,0.0,0.0,1.0,0.0,0.0,1.0,0.0,0.0,0.0,1.0,0.0,0.0,0.0,0.0,0.0,0.0,0.0,0.0,0.0,0.0,,,,,0.0,,,,,,,1.0,0.0,0.0,0.0,0.0,0.0,0.0,0.0,1.0,1.0,0.0,9.0,9.0,9.0,9.0,9.0,9.0,0.0,0.0,0.0,0.0,0.0,1.0,1.0,0.0,0.0,0.0,0.0,0.0,1.0,0.0,0.0,0.0,0.0,0.0,0.0,0.0,0.0,0.0,0.0,0.0,0.0,0.0,0.0,0.0,0.0,0.0,0.0,0.0,0.0,0.0,0.0,1.0,0.0
2025,Sudeste,3,Rio de Janeiro,RJ,33,Macaé,3302403,Macaé - Rio das Ostras - Cabo Frio,3305,Macaé - Rio das Ostras,330014,Norte Fluminense,2,Macaé,4,Macaé,330240305,,,SENAC MACAE,33185140,4,1.0,1,0.0,ELIAS AGOSTINHO,,500,IMBETIBA,27913350,,,,,1,11012.0,06JAN2025:00:00:00,17DEC2025:00:00:00,,,,,0.0,,,,,,,,,,,,,,,,,,,,0.0,0.0,0.0,0.0,0.0,1.0,0.0,"3,67235E+12","3,67235E+12",1.0,2.0,,,1.0,3.0,0.0,0.0,0.0,0.0,,0.0,0.0,0.0,1.0,1.0,0.0,0.0,0.0,0.0,0.0,1.0,0.0,0.0,0.0,1.0,0.0,0.0,0.0,0.0,1.0,0.0,0.0,0.0,0.0,0.0,0.0,0.0,1.0,1.0,0.0,0.0,0.0,1.0,0.0,0.0,1.0,0.0,0.0,0.0,0.0,0.0,0.0,0.0,0.0,0.0,0.0,0.0,0.0,0.0,0.0,0.0,0.0,0.0,0.0,0.0,0.0,0.0,0.0,0.0,0.0,0.0,0.0,0.0,0.0,1.0,0.0,0.0,0.0,0.0,1.0,0.0,0.0,0.0,0.0,0.0,0.0,0.0,0.0,0.0,3.0,0.0,3.0,3.0,0.0,0.0,0.0,1.0,1.0,1.0,1.0,1.0,0.0,0.0,0.0,1.0,3.0,0.0,0.0,0.0,0.0,1.0,3.0,0.0,0.0,1.0,24.0,0.0,0.0,1.0,1.0,1.0,1.0,0.0,1.0,1.0,3.0,1.0,4.0,4.0,0.0,0.0,0.0,0.0,0.0,0.0,0.0,1.0,1.0,88888.0,0.0,2.0,0.0,0.0,0.0,0.0,0.0,1.0,0.0,0.0,1.0,0.0,0.0,0.0,1.0,0.0,0.0,0.0,0.0,0.0,0.0,0.0,0.0,0.0,0.0,,,,,0.0,,,,,,,1.0,0.0,0.0,0.0,0.0,0.0,0.0,0.0,1.0,1.0,0.0,9.0,9.0,9.0,9.0,9.0,9.0,0.0,0.0,0.0,0.0,0.0,1.0,1.0,0.0,0.0,0.0,0.0,0.0,1.0,0.0,0.0,0.0,0.0,0.0,0.0,0.0,0.0,0.0,0.0,0.0,0.0,0.0,0.0,0.0,0.0,0.0,0.0,0.0,0.0,0.0,0.0,1.0,0.0
2025,Sudeste,3,Rio de Janeiro,RJ,33,Niterói,3303302,Rio de Janeiro,3301,Rio de Janeiro,330001,Metropolitana do Rio de Janeiro,6,Rio de Janeiro,18,Niterói,330330205,,,SENAC NITEROI,33174806,4,1.0,1,0.0,ALMIRANTE TEFFE,,680,CENTRO,24030085,,,-2.289.701,-4.312.284,1,11001.0,06JAN2025:00:00:00,17DEC2025:00:00:00,,,,,0.0,,,,,,,,,,,,,,,,,,,,0.0,0.0,0.0,0.0,0.0,1.0,0.0,"3,67235E+12",1E+14,1.0,2.0,,,1.0,1.0,0.0,0.0,0.0,0.0,,0.0,0.0,0.0,1.0,1.0,0.0,0.0,0.0,0.0,0.0,1.0,0.0,0.0,0.0,1.0,0.0,0.0,0.0,0.0,1.0,0.0,0.0,0.0,0.0,0.0,0.0,0.0,1.0,1.0,0.0,0.0,1.0,1.0,0.0,1.0,0.0,1.0,1.0,1.0,1.0,0.0,0.0,0.0,0.0,1.0,0.0,0.0,0.0,0.0,0.0,0.0,0.0,0.0,0.0,0.0,0.0,0.0,0.0,0.0,1.0,1.0,1.0,1.0,0.0,1.0,0.0,0.0,0.0,0.0,1.0,1.0,1.0,1.0,1.0,0.0,0.0,1.0,0.0,0.0,30.0,0.0,30.0,30.0,26.0,0.0,0.0,1.0,0.0,0.0,1.0,0.0,0.0,0.0,0.0,0.0,0.0,0.0,0.0,0.0,0.0,1.0,27.0,1.0,145.0,0.0,0.0,0.0,0.0,1.0,1.0,1.0,1.0,0.0,1.0,0.0,2.0,1.0,6.0,9.0,1.0,0.0,0.0,0.0,0.0,0.0,0.0,8.0,1.0,5.0,1.0,1.0,0.0,0.0,0.0,0.0,0.0,0.0,0.0,0.0,0.0,0.0,0.0,0.0,0.0,0.0,0.0,0.0,0.0,0.0,0.0,0.0,0.0,1.0,0.0,,,,,0.0,,,,,,,1.0,0.0,0.0,0.0,0.0,0.0,0.0,0.0,1.0,1.0,0.0,9.0,9.0,9.0,9.0,9.0,9.0,0.0,0.0,0.0,0.0,0.0,1.0,1.0,0.0,0.0,0.0,0.0,0.0,1.0,0.0,0.0,0.0,0.0,0.0,0.0,0.0,0.0,0.0,0.0,0.0,0.0,0.0,0.0,0.0,0.0,0.0,0.0,0.0,0.0,0.0,0.0,1.0,0.0
2025,Sudeste,3,Rio de Janeiro,RJ,33,Nova Friburgo,3303401,Petrópolis,3303,Nova Friburgo,330008,Centro Fluminense,3,Nova Friburgo,7,Nova Friburgo,330340105,,,SENAC NOVA FRIBURGO,33179204,4,1.0,1,0.0,CONSELHEIRO JULIUS ARP,,80   BL 01 SL 126 1,CENTRO,28623000,,,-22.286,-4.253.151,1,11014.0,06JAN2025:00:00:00,17DEC2025:00:00:00,,,,,0.0,,,,,,,,,,,,,,,,,,,,0.0,0.0,0.0,0.0,0.0,1.0,0.0,"3,67235E+12",1E+14,1.0,2.0,,,1.0,2.0,0.0,0.0,0.0,0.0,,0.0,0.0,0.0,1.0,1.0,0.0,0.0,0.0,0.0,0.0,1.0,0.0,0.0,0.0,1.0,0.0,0.0,0.0,0.0,1.0,0.0,0.0,0.0,0.0,0.0,0.0,0.0,1.0,1.0,0.0,0.0,0.0,1.0,0.0,1.0,0.0,0.0,0.0,1.0,1.0,0.0,0.0,0.0,0.0,1.0,0.0,0.0,0.0,0.0,0.0,0.0,0.0,0.0,0.0,0.0,0.0,0.0,0.0,0.0,0.0,1.0,1.0,1.0,0.0,1.0,0.0,0.0,0.0,0.0,1.0,0.0,0.0,0.0,0.0,0.0,0.0,0.0,0.0,0.0,4.0,0.0,4.0,4.0,2.0,0.0,0.0,1.0,0.0,0.0,1.0,0.0,0.0,0.0,0.0,0.0,0.0,1.0,4.0,0.0,0.0,1.0,3.0,1.0,14.0,1.0,19.0,0.0,0.0,1.0,1.0,1.0,1.0,0.0,1.0,1.0,2.0,1.0,5.0,2.0,0.0,0.0,0.0,0.0,0.0,0.0,0.0,1.0,1.0,1.0,1.0,1.0,0.0,0.0,0.0,0.0,0.0,0.0,0.0,0.0,0.0,0.0,0.0,0.0,0.0,0.0,0.0,0.0,0.0,0.0,0.0,0.0,0.0,1.0,0.0,,,,,0.0,,,,,,,1.0,0.0,0.0,0.0,0.0,0.0,0.0,0.0,1.0,1.0,0.0,9.0,9.0,9.0,9.0,9.0,9.0,0.0,0.0,0.0,0.0,0.0,1.0,1.0,0.0,0.0,0.0,0.0,0.0,1.0,0.0,0.0,0.0,0.0,0.0,0.0,0.0,0.0,0.0,0.0,0.0,0.0,0.0,0.0,0.0,0.0,0.0,0.0,0.0,0.0,0.0,0.0,1.0,0.0
2025,Sudeste,3,Rio de Janeiro,RJ,33,Nova Iguaçu,3303500,Rio de Janeiro,3301,Rio de Janeiro,330001,Metropolitana do Rio de Janeiro,6,Rio de Janeiro,18,Nova Iguaçu,330350005,,,SENAC NOVA IGUACU,33174075,4,1.0,1,0.0,CORONEL CARLOS MATOS,,86,CENTRO,26210200,,,-2.275.543,-4.345.083,1,11004.0,06JAN2025:00:00:00,17DEC2025:00:00:00,,,,,0.0,,,,,,,,,,,,,,,,,,,,0.0,0.0,0.0,0.0,0.0,1.0,0.0,"3,67235E+12",1E+14,1.0,2.0,,,1.0,2.0,0.0,0.0,0.0,0.0,,0.0,0.0,0.0,1.0,1.0,0.0,0.0,0.0,0.0,0.0,1.0,0.0,0.0,0.0,1.0,0.0,0.0,0.0,0.0,1.0,0.0,0.0,0.0,0.0,0.0,0.0,0.0,1.0,1.0,0.0,0.0,1.0,1.0,0.0,1.0,0.0,0.0,1.0,1.0,0.0,0.0,0.0,0.0,0.0,1.0,1.0,0.0,0.0,0.0,0.0,0.0,0.0,0.0,0.0,0.0,0.0,0.0,0.0,0.0,1.0,0.0,1.0,1.0,0.0,1.0,0.0,0.0,0.0,0.0,1.0,1.0,1.0,1.0,1.0,0.0,1.0,1.0,0.0,1.0,27.0,0.0,27.0,27.0,0.0,0.0,0.0,1.0,1.0,1.0,1.0,1.0,0.0,0.0,0.0,1.0,2.0,0.0,0.0,0.0,0.0,1.0,30.0,1.0,189.0,1.0,20.0,0.0,0.0,1.0,1.0,1.0,1.0,0.0,1.0,1.0,3.0,1.0,17.0,8.0,1.0,0.0,0.0,0.0,0.0,0.0,0.0,7.0,1.0,4.0,1.0,1.0,0.0,0.0,0.0,0.0,0.0,0.0,0.0,0.0,0.0,0.0,0.0,0.0,0.0,0.0,0.0,0.0,0.0,0.0,0.0,0.0,0.0,1.0,0.0,,,,,0.0,,,,,,,1.0,0.0,0.0,0.0,0.0,0.0,0.0,0.0,1.0,1.0,0.0,9.0,9.0,9.0,9.0,9.0,9.0,0.0,0.0,0.0,0.0,0.0,1.0,1.0,0.0,0.0,0.0,0.0,0.0,1.0,0.0,0.0,0.0,0.0,0.0,0.0,0.0,0.0,0.0,0.0,0.0,0.0,0.0,0.0,0.0,0.0,0.0,0.0,0.0,0.0,0.0,0.0,1.0,0.0
2025,Sudeste,3,Rio de Janeiro,RJ,33,Petrópolis,3303906,Petrópolis,3303,Petrópolis,330007,Metropolitana do Rio de Janeiro,6,Serrana,15,Petrópolis,330390605,,,SENAC PETROPOLIS,33174601,4,1.0,1,0.0,ALFREDO PACHA,,26,CENTRO,25685210,,,-2.250.592,-4.318.415,1,11013.0,06JAN2025:00:00:00,17DEC2025:00:00:00,,,,,0.0,,,,,,,,,,,,,,,,,,,,0.0,0.0,0.0,0.0,0.0,1.0,0.0,"3,67235E+12","3,67235E+12",1.0,1.0,,,1.0,3.0,0.0,0.0,0.0,0.0,,0.0,0.0,0.0,1.0,1.0,0.0,0.0,0.0,0.0,0.0,1.0,0.0,0.0,0.0,1.0,0.0,0.0,0.0,0.0,1.0,0.0,0.0,0.0,0.0,0.0,0.0,0.0,1.0,1.0,0.0,0.0,0.0,1.0,0.0,1.0,0.0,0.0,1.0,1.0,1.0,1.0,0.0,0.0,0.0,1.0,1.0,0.0,1.0,0.0,0.0,1.0,0.0,1.0,1.0,0.0,0.0,0.0,0.0,0.0,0.0,1.0,0.0,1.0,0.0,1.0,1.0,0.0,0.0,0.0,1.0,0.0,1.0,1.0,1.0,0.0,1.0,0.0,0.0,0.0,11.0,0.0,11.0,8.0,9.0,0.0,0.0,1.0,1.0,1.0,1.0,1.0,0.0,0.0,0.0,1.0,2.0,1.0,2.0,0.0,0.0,1.0,11.0,1.0,88888.0,1.0,20.0,0.0,0.0,1.0,1.0,1.0,1.0,1.0,1.0,1.0,2.0,1.0,88888.0,7.0,1.0,88888.0,1.0,0.0,0.0,0.0,0.0,1.0,1.0,88888.0,1.0,0.0,0.0,0.0,0.0,0.0,0.0,0.0,0.0,0.0,0.0,0.0,0.0,0.0,1.0,0.0,0.0,0.0,0.0,0.0,0.0,0.0,0.0,0.0,0.0,,,,,0.0,,,,,,,1.0,0.0,0.0,0.0,0.0,0.0,0.0,0.0,1.0,1.0,0.0,9.0,9.0,9.0,9.0,9.0,9.0,0.0,0.0,0.0,0.0,0.0,1.0,1.0,0.0,0.0,0.0,0.0,0.0,1.0,0.0,0.0,0.0,0.0,0.0,0.0,0.0,0.0,0.0,0.0,0.0,0.0,0.0,0.0,0.0,0.0,0.0,0.0,0.0,0.0,0.0,0.0,1.0,0.0
2025,Sudeste,3,Rio de Janeiro,RJ,33,Resende,3304201,Volta Redonda - Barra Mansa,3302,Resende,330005,Sul Fluminense,5,Vale do Paraíba Fluminense,11,Resende,330420105,,,SENAC RESENDE,33176205,4,1.0,1,0.0,SARKIS JOSE SARKIS,,80,COMERCIAL,27510100,,,-2.246.389,-4.445.788,1,11003.0,06JAN2025:00:00:00,17DEC2025:00:00:00,,,,,0.0,,,,,,,,,,,,,,,,,,,,0.0,0.0,0.0,0.0,0.0,1.0,0.0,"3,67235E+12","3,67235E+12",1.0,2.0,,,1.0,3.0,0.0,0.0,0.0,0.0,,0.0,0.0,0.0,1.0,1.0,0.0,0.0,0.0,0.0,0.0,1.0,0.0,0.0,0.0,1.0,0.0,0.0,0.0,0.0,1.0,0.0,0.0,0.0,0.0,0.0,0.0,0.0,1.0,1.0,1.0,0.0,1.0,1.0,0.0,1.0,1.0,0.0,1.0,1.0,1.0,1.0,0.0,0.0,0.0,1.0,1.0,1.0,1.0,0.0,0.0,0.0,0.0,0.0,1.0,0.0,0.0,0.0,0.0,0.0,1.0,1.0,1.0,1.0,0.0,1.0,0.0,0.0,0.0,0.0,1.0,1.0,0.0,1.0,1.0,0.0,0.0,0.0,0.0,0.0,18.0,0.0,18.0,18.0,0.0,0.0,1.0,1.0,0.0,1.0,1.0,0.0,0.0,0.0,0.0,1.0,2.0,1.0,3.0,1.0,1.0,1.0,18.0,1.0,27.0,0.0,0.0,0.0,0.0,1.0,1.0,1.0,1.0,1.0,1.0,1.0,3.0,1.0,9.0,6.0,1.0,5.0,0.0,0.0,0.0,0.0,0.0,2.0,1.0,4.0,0.0,2.0,0.0,0.0,0.0,0.0,0.0,0.0,0.0,0.0,0.0,0.0,0.0,0.0,0.0,0.0,0.0,0.0,0.0,0.0,0.0,0.0,0.0,1.0,0.0,,,,,0.0,,,,,,,1.0,0.0,0.0,0.0,0.0,0.0,0.0,0.0,1.0,1.0,0.0,9.0,9.0,9.0,9.0,9.0,9.0,0.0,0.0,0.0,0.0,0.0,1.0,1.0,0.0,0.0,0.0,0.0,0.0,1.0,0.0,0.0,0.0,0.0,0.0,0.0,0.0,0.0,0.0,0.0,0.0,0.0,0.0,0.0,0.0,0.0,0.0,0.0,0.0,0.0,0.0,0.0,1.0,0.0
2025,Sudeste,3,Rio de Janeiro,RJ,33,Rio das Ostras,3304524,Macaé - Rio das Ostras - Cabo Frio,3305,Macaé - Rio das Ostras,330014,Baixadas,4,Bacia de São João,9,Rio das Ostras,330452405,,,SENAC RIO DAS OSTRAS,33178801,4,1.0,1,0.0,RIO DE JANEIRO,,S/N,EXTENSAO DO BOSQUE,28893334,,,,,1,11012.0,06JAN2025:00:00:00,17DEC2025:00:00:00,,,,,0.0,,,,,,,,,,,,,,,,,,,,0.0,0.0,0.0,0.0,0.0,1.0,0.0,"3,67235E+12","3,67235E+12",1.0,2.0,,,1.0,3.0,0.0,0.0,0.0,0.0,,0.0,0.0,0.0,1.0,1.0,0.0,0.0,0.0,0.0,0.0,1.0,0.0,0.0,0.0,1.0,0.0,0.0,0.0,0.0,1.0,0.0,0.0,0.0,0.0,0.0,0.0,0.0,1.0,1.0,1.0,0.0,0.0,1.0,0.0,0.0,0.0,0.0,1.0,1.0,1.0,0.0,0.0,0.0,0.0,1.0,1.0,1.0,0.0,0.0,0.0,0.0,0.0,0.0,0.0,0.0,0.0,0.0,0.0,0.0,1.0,0.0,1.0,0.0,0.0,1.0,0.0,0.0,0.0,0.0,1.0,0.0,0.0,0.0,0.0,0.0,0.0,0.0,0.0,0.0,4.0,0.0,4.0,4.0,1.0,0.0,0.0,1.0,1.0,1.0,1.0,1.0,0.0,0.0,0.0,0.0,0.0,1.0,1.0,1.0,4.0,1.0,2.0,1.0,5.0,1.0,14.0,0.0,0.0,1.0,1.0,1.0,1.0,0.0,0.0,1.0,3.0,1.0,2.0,2.0,0.0,0.0,1.0,0.0,0.0,0.0,0.0,1.0,1.0,0.0,1.0,1.0,0.0,0.0,88888.0,0.0,0.0,0.0,0.0,0.0,0.0,0.0,0.0,0.0,1.0,0.0,0.0,0.0,0.0,0.0,0.0,0.0,0.0,0.0,0.0,,,,,0.0,,,,,,,1.0,0.0,0.0,0.0,0.0,0.0,0.0,0.0,1.0,1.0,0.0,9.0,9.0,9.0,9.0,9.0,9.0,0.0,0.0,0.0,0.0,0.0,1.0,1.0,0.0,0.0,0.0,0.0,0.0,1.0,0.0,0.0,0.0,0.0,0.0,0.0,0.0,0.0,0.0,0.0,0.0,0.0,0.0,0.0,0.0,0.0,0.0,0.0,0.0,0.0,0.0,0.0,1.0,0.0
2025,Sudeste,3,Rio de Janeiro,RJ,33,Rio de Janeiro,3304557,Rio de Janeiro,3301,Rio de Janeiro,330001,Metropolitana do Rio de Janeiro,6,Rio de Janeiro,18,Rio de Janeiro,330455705,,,SENAC IRAJA,33161275,4,1.0,1,0.0,EMILIANO FELIPE,,173,IRAJA,21230145,,,-228.211,-4.333.212,1,11006.0,06JAN2025:00:00:00,17DEC2025:00:00:00,,,,,0.0,,,,,,,,,,,,,,,,,,,,0.0,0.0,0.0,0.0,0.0,1.0,0.0,"3,67235E+12","3,67235E+12",1.0,2.0,,,1.0,3.0,0.0,0.0,0.0,0.0,,0.0,0.0,0.0,1.0,1.0,0.0,0.0,0.0,0.0,0.0,1.0,0.0,0.0,0.0,1.0,0.0,0.0,0.0,0.0,1.0,0.0,0.0,0.0,0.0,0.0,0.0,0.0,1.0,1.0,1.0,0.0,1.0,1.0,0.0,1.0,1.0,0.0,1.0,1.0,1.0,1.0,0.0,0.0,0.0,1.0,1.0,1.0,0.0,0.0,0.0,1.0,0.0,1.0,0.0,0.0,0.0,0.0,0.0,0.0,1.0,1.0,1.0,1.0,0.0,1.0,0.0,0.0,0.0,0.0,1.0,1.0,0.0,1.0,1.0,0.0,0.0,1.0,0.0,1.0,26.0,0.0,26.0,26.0,26.0,0.0,0.0,1.0,1.0,1.0,1.0,1.0,0.0,0.0,0.0,1.0,25.0,0.0,0.0,0.0,0.0,1.0,26.0,1.0,51.0,0.0,0.0,0.0,0.0,1.0,1.0,1.0,1.0,0.0,1.0,1.0,3.0,1.0,20.0,8.0,1.0,5.0,1.0,0.0,0.0,0.0,0.0,2.0,1.0,1.0,5.0,5.0,0.0,0.0,0.0,0.0,0.0,1.0,0.0,1.0,1.0,0.0,0.0,0.0,1.0,0.0,0.0,0.0,0.0,0.0,1.0,0.0,0.0,0.0,0.0,,,,,0.0,,,,,,,1.0,0.0,0.0,0.0,0.0,0.0,0.0,0.0,1.0,1.0,0.0,9.0,9.0,9.0,9.0,9.0,9.0,0.0,0.0,0.0,0.0,0.0,1.0,1.0,0.0,0.0,0.0,0.0,0.0,1.0,0.0,0.0,0.0,0.0,0.0,0.0,0.0,0.0,0.0,0.0,0.0,0.0,0.0,0.0,0.0,0.0,0.0,0.0,0.0,0.0,0.0,0.0,1.0,0.0
2025,Sudeste,3,Rio de Janeiro,RJ,33,Rio de Janeiro,3304557,Rio de Janeiro,3301,Rio de Janeiro,330001,Metropolitana do Rio de Janeiro,6,Rio de Janeiro,18,Rio de Janeiro,330455705,,,SENAC BOTAFOGO,33161283,4,1.0,1,0.0,BAMBINA,,107,BOTAFOGO,22251050,,,-229.471,-4.318.571,1,11009.0,06JAN2025:00:00:00,17DEC2025:00:00:00,,,,,0.0,,,,,,,,,,,,,,,,,,,,0.0,0.0,0.0,0.0,0.0,1.0,0.0,"3,67235E+12","3,67235E+12",1.0,2.0,,,1.0,1.0,0.0,0.0,0.0,0.0,,0.0,0.0,0.0,1.0,1.0,0.0,0.0,0.0,0.0,0.0,1.0,0.0,0.0,0.0,1.0,0.0,0.0,0.0,0.0,1.0,0.0,0.0,0.0,0.0,0.0,0.0,0.0,1.0,1.0,0.0,0.0,1.0,1.0,0.0,1.0,1.0,0.0,1.0,1.0,0.0,1.0,0.0,0.0,0.0,1.0,0.0,0.0,0.0,0.0,0.0,0.0,0.0,0.0,0.0,0.0,0.0,0.0,0.0,0.0,0.0,1.0,0.0,1.0,0.0,1.0,0.0,0.0,0.0,0.0,1.0,1.0,1.0,0.0,0.0,0.0,0.0,0.0,0.0,1.0,25.0,0.0,25.0,25.0,1.0,0.0,0.0,1.0,0.0,0.0,1.0,1.0,0.0,0.0,0.0,1.0,13.0,1.0,2.0,1.0,1.0,1.0,25.0,1.0,178.0,1.0,15.0,1.0,20.0,1.0,1.0,1.0,1.0,0.0,1.0,1.0,3.0,1.0,15.0,6.0,1.0,0.0,0.0,0.0,0.0,0.0,0.0,6.0,1.0,5.0,0.0,1.0,0.0,0.0,0.0,0.0,0.0,0.0,0.0,0.0,1.0,0.0,1.0,0.0,0.0,0.0,0.0,0.0,0.0,0.0,0.0,0.0,0.0,0.0,0.0,,,,,0.0,,,,,,,1.0,0.0,0.0,0.0,0.0,0.0,0.0,0.0,1.0,1.0,0.0,9.0,9.0,9.0,9.0,9.0,9.0,0.0,0.0,0.0,0.0,0.0,1.0,1.0,0.0,0.0,0.0,0.0,0.0,1.0,0.0,0.0,0.0,0.0,0.0,0.0,0.0,0.0,0.0,0.0,0.0,0.0,0.0,0.0,0.0,0.0,0.0,0.0,0.0,0.0,0.0,0.0,1.0,0.0
2025,Sudeste,3,Rio de Janeiro,RJ,33,Rio de Janeiro,3304557,Rio de Janeiro,3301,Rio de Janeiro,330001,Metropolitana do Rio de Janeiro,6,Rio de Janeiro,18,Rio de Janeiro,330455705,,,SENAC MADUREIRA,33172609,4,1.0,1,0.0,EWBANCK DA CAMARA,,91,MADUREIRA,21310150,,,-2.287.702,-4.334.188,1,11006.0,01JAN2025:00:00:00,31DEC2025:00:00:00,,,,,0.0,,,,,,,,,,,,,,,,,,,,0.0,0.0,0.0,0.0,0.0,1.0,0.0,"3,67235E+12","3,67235E+12",1.0,1.0,,,1.0,1.0,0.0,0.0,0.0,0.0,,0.0,0.0,0.0,1.0,1.0,0.0,0.0,0.0,0.0,0.0,1.0,0.0,0.0,0.0,1.0,0.0,0.0,0.0,0.0,1.0,0.0,0.0,0.0,0.0,0.0,0.0,0.0,1.0,1.0,1.0,1.0,1.0,1.0,1.0,1.0,1.0,0.0,1.0,1.0,1.0,1.0,0.0,0.0,0.0,1.0,0.0,0.0,0.0,0.0,0.0,0.0,0.0,0.0,1.0,0.0,0.0,0.0,0.0,0.0,0.0,1.0,1.0,1.0,0.0,1.0,0.0,1.0,0.0,0.0,1.0,1.0,0.0,1.0,1.0,0.0,0.0,1.0,0.0,0.0,26.0,0.0,26.0,26.0,26.0,0.0,0.0,1.0,0.0,0.0,1.0,0.0,0.0,0.0,0.0,1.0,19.0,1.0,1.0,0.0,0.0,1.0,28.0,1.0,126.0,1.0,22.0,1.0,2.0,1.0,0.0,1.0,1.0,0.0,0.0,0.0,3.0,1.0,20.0,8.0,1.0,8.0,0.0,0.0,0.0,0.0,0.0,7.0,1.0,5.0,0.0,1.0,0.0,0.0,0.0,0.0,0.0,1.0,0.0,0.0,0.0,0.0,0.0,0.0,0.0,0.0,0.0,0.0,0.0,0.0,0.0,0.0,0.0,0.0,0.0,,,,,0.0,,,,,,,1.0,0.0,0.0,0.0,0.0,0.0,0.0,0.0,1.0,1.0,0.0,9.0,9.0,9.0,9.0,9.0,9.0,0.0,0.0,0.0,0.0,0.0,1.0,1.0,0.0,0.0,0.0,0.0,0.0,1.0,0.0,0.0,0.0,0.0,0.0,0.0,0.0,0.0,0.0,0.0,0.0,0.0,0.0,0.0,0.0,0.0,0.0,0.0,0.0,0.0,0.0,0.0,1.0,0.0
2025,Sudeste,3,Rio de Janeiro,RJ,33,Rio de Janeiro,3304557,Rio de Janeiro,3301,Rio de Janeiro,330001,Metropolitana do Rio de Janeiro,6,Rio de Janeiro,18,Rio de Janeiro,330455705,,,SENAC MARECHAL FLORIANO,33172803,4,,1,,MARECHAL FLORIANO,,6,CENTRO,20080007,,,-2.290.036,-4.318.133,2,11009.0,,,,,,,,,,,,,,,,,,,,,,,,,,,,,,,,,,,,,,,,,,,,,,,,,,,,,,,,,,,,,,,,,,,,,,,,,,,,,,,,,,,,,,,,,,,,,,,,,,,,,,,,,,,,,,,,,,,,,,,,,,,,,,,,,,,,,,,,,,,,,,,,,,,,,,,,,,,,,,,,,,,,,,,,,,,,,,,,,,,,,,,,,,,,,,,,,,,,,,,,,,,,,,,,,,,,,,,,,,,,,,,,,,,,,,,,,,,,,,,,,,,,,,,,,,,,,,,,,,,,,,,,,
2025,Sudeste,3,Rio de Janeiro,RJ,33,Rio de Janeiro,3304557,Rio de Janeiro,3301,Rio de Janeiro,330001,Metropolitana do Rio de Janeiro,6,Rio de Janeiro,18,Rio de Janeiro,330455705,,,SENAC COPACABANA,33173800,4,1.0,1,0.0,POMPEU LOUREIRO,,45   4 ANDAR,COPACABANA,22061000,,,-2.297.351,-4.319.217,1,11009.0,01JAN2025:00:00:00,31DEC2025:00:00:00,,,,,0.0,,,,,,,,,,,,,,,,,,,,0.0,0.0,0.0,0.0,0.0,1.0,0.0,"3,67235E+12","3,67235E+12",1.0,1.0,,,1.0,1.0,0.0,0.0,0.0,0.0,,0.0,0.0,0.0,1.0,1.0,0.0,0.0,0.0,0.0,0.0,1.0,0.0,0.0,0.0,1.0,0.0,0.0,0.0,0.0,1.0,0.0,0.0,0.0,0.0,0.0,0.0,0.0,1.0,1.0,0.0,0.0,1.0,1.0,0.0,1.0,0.0,0.0,1.0,1.0,0.0,0.0,0.0,0.0,0.0,1.0,1.0,0.0,0.0,0.0,0.0,0.0,0.0,0.0,0.0,0.0,0.0,0.0,0.0,1.0,1.0,0.0,1.0,1.0,0.0,1.0,0.0,0.0,0.0,0.0,1.0,1.0,1.0,1.0,1.0,0.0,1.0,1.0,0.0,1.0,41.0,0.0,41.0,41.0,0.0,0.0,0.0,1.0,1.0,1.0,1.0,1.0,0.0,0.0,0.0,1.0,7.0,1.0,4.0,1.0,2.0,1.0,34.0,1.0,88888.0,1.0,20.0,0.0,0.0,1.0,1.0,1.0,1.0,0.0,1.0,1.0,3.0,1.0,88888.0,1.0,1.0,0.0,0.0,0.0,0.0,0.0,0.0,88888.0,1.0,88888.0,0.0,2.0,0.0,0.0,0.0,0.0,0.0,1.0,0.0,0.0,1.0,0.0,0.0,0.0,0.0,0.0,0.0,0.0,0.0,0.0,0.0,0.0,0.0,0.0,0.0,,,,,0.0,,,,,,,1.0,0.0,0.0,0.0,0.0,0.0,0.0,0.0,1.0,1.0,0.0,9.0,9.0,9.0,9.0,9.0,9.0,0.0,0.0,0.0,0.0,0.0,1.0,1.0,0.0,0.0,0.0,0.0,0.0,1.0,0.0,0.0,0.0,0.0,0.0,0.0,0.0,0.0,0.0,0.0,0.0,0.0,0.0,0.0,0.0,0.0,0.0,0.0,0.0,0.0,0.0,0.0,1.0,0.0
2025,Sudeste,3,Rio de Janeiro,RJ,33,Rio de Janeiro,3304557,Rio de Janeiro,3301,Rio de Janeiro,330001,Metropolitana do Rio de Janeiro,6,Rio de Janeiro,18,Rio de Janeiro,330455705,,,SENAC BARRA DA TIJUCA,33174202,4,1.0,1,0.0,DAS AMERICAS,,3959   COBERTURA,BARRA DA TIJUCA,22631003,,,,,1,11009.0,06JAN2025:00:00:00,17DEC2025:00:00:00,,,,,0.0,,,,,,,,,,,,,,,,,,,,0.0,0.0,0.0,0.0,0.0,1.0,0.0,"3,67235E+12","3,67235E+12",1.0,2.0,,,1.0,2.0,0.0,0.0,0.0,0.0,,0.0,0.0,0.0,1.0,1.0,0.0,0.0,0.0,0.0,0.0,1.0,0.0,0.0,0.0,1.0,0.0,0.0,0.0,0.0,1.0,0.0,0.0,0.0,0.0,0.0,0.0,0.0,1.0,1.0,0.0,0.0,1.0,1.0,0.0,1.0,0.0,0.0,1.0,1.0,0.0,0.0,0.0,0.0,0.0,1.0,1.0,0.0,0.0,0.0,0.0,0.0,0.0,0.0,0.0,0.0,0.0,0.0,0.0,0.0,1.0,0.0,1.0,1.0,0.0,1.0,0.0,0.0,0.0,0.0,1.0,1.0,1.0,1.0,1.0,0.0,1.0,1.0,0.0,1.0,22.0,0.0,22.0,22.0,0.0,0.0,0.0,1.0,1.0,1.0,1.0,1.0,0.0,0.0,0.0,1.0,2.0,1.0,1.0,0.0,0.0,1.0,13.0,1.0,73.0,0.0,0.0,1.0,3.0,1.0,1.0,1.0,1.0,0.0,1.0,1.0,3.0,1.0,88888.0,6.0,1.0,0.0,0.0,0.0,0.0,0.0,0.0,9.0,1.0,0.0,0.0,1.0,0.0,0.0,0.0,0.0,0.0,1.0,0.0,0.0,0.0,0.0,0.0,0.0,1.0,0.0,0.0,0.0,0.0,0.0,1.0,0.0,0.0,0.0,0.0,,,,,0.0,,,,,,,1.0,0.0,0.0,0.0,0.0,0.0,0.0,0.0,1.0,1.0,0.0,9.0,9.0,9.0,9.0,9.0,9.0,0.0,0.0,0.0,0.0,0.0,1.0,1.0,0.0,0.0,0.0,0.0,0.0,1.0,0.0,0.0,0.0,0.0,0.0,0.0,0.0,0.0,0.0,0.0,0.0,0.0,0.0,0.0,0.0,0.0,0.0,0.0,0.0,0.0,0.0,0.0,1.0,0.0
2025,Sudeste,3,Rio de Janeiro,RJ,33,Rio de Janeiro,3304557,Rio de Janeiro,3301,Rio de Janeiro,330001,Metropolitana do Rio de Janeiro,6,Rio de Janeiro,18,Rio de Janeiro,330455705,,,SENAC CAMPO GRANDE,33176809,4,1.0,1,0.0,BARCELOS DOMINGOS,,58,CAMPO GRANDE,23080020,,,-2.290.013,-4.355.892,1,11007.0,06JAN2025:00:00:00,17DEC2025:00:00:00,,,,,0.0,,,,,,,,,,,,,,,,,,,,0.0,0.0,0.0,0.0,0.0,1.0,0.0,"3,67235E+12","3,67235E+12",1.0,2.0,,,1.0,1.0,0.0,0.0,0.0,0.0,,0.0,0.0,0.0,1.0,1.0,0.0,0.0,0.0,0.0,0.0,1.0,0.0,0.0,0.0,1.0,0.0,0.0,0.0,0.0,1.0,0.0,0.0,0.0,0.0,0.0,0.0,0.0,1.0,1.0,0.0,0.0,0.0,1.0,0.0,1.0,0.0,0.0,1.0,1.0,0.0,0.0,0.0,0.0,0.0,1.0,0.0,1.0,0.0,0.0,0.0,0.0,0.0,0.0,0.0,0.0,0.0,0.0,0.0,0.0,0.0,1.0,0.0,1.0,0.0,1.0,0.0,0.0,0.0,0.0,1.0,0.0,0.0,1.0,1.0,0.0,0.0,0.0,0.0,0.0,30.0,0.0,30.0,30.0,20.0,0.0,0.0,1.0,1.0,1.0,1.0,1.0,0.0,0.0,0.0,1.0,2.0,0.0,0.0,0.0,0.0,1.0,28.0,1.0,212.0,0.0,0.0,0.0,0.0,1.0,1.0,1.0,0.0,0.0,1.0,1.0,3.0,1.0,30.0,12.0,1.0,0.0,0.0,0.0,0.0,0.0,0.0,3.0,1.0,5.0,9.0,1.0,0.0,0.0,0.0,0.0,0.0,1.0,0.0,0.0,0.0,0.0,0.0,0.0,0.0,0.0,0.0,0.0,0.0,0.0,0.0,0.0,0.0,0.0,0.0,,,,,0.0,,,,,,,1.0,0.0,0.0,0.0,0.0,0.0,0.0,0.0,1.0,1.0,0.0,9.0,9.0,9.0,9.0,9.0,9.0,0.0,0.0,0.0,0.0,0.0,1.0,1.0,0.0,0.0,0.0,0.0,0.0,1.0,0.0,0.0,0.0,0.0,0.0,0.0,0.0,0.0,0.0,0.0,0.0,0.0,0.0,0.0,0.0,0.0,0.0,0.0,0.0,0.0,0.0,0.0,1.0,0.0
2025,Sudeste,3,Rio de Janeiro,RJ,33,Rio de Janeiro,3304557,Rio de Janeiro,3301,Rio de Janeiro,330001,Metropolitana do Rio de Janeiro,6,Rio de Janeiro,18,Rio de Janeiro,330455705,,,SENAC BONSUCESSO,33177201,4,1.0,1,0.0,DONA ISABEL,,700,BONSUCESSO,21032060,,,-2.286.387,-432.562,1,11006.0,06JAN2025:00:00:00,17DEC2025:00:00:00,,,,,0.0,,,,,,,,,,,,,,,,,,,,0.0,0.0,0.0,0.0,0.0,1.0,0.0,"3,67235E+12",1E+14,1.0,2.0,,,1.0,1.0,0.0,0.0,0.0,0.0,,0.0,0.0,0.0,1.0,1.0,0.0,0.0,0.0,0.0,0.0,1.0,0.0,0.0,0.0,1.0,0.0,0.0,0.0,0.0,1.0,0.0,0.0,0.0,0.0,0.0,0.0,0.0,1.0,1.0,0.0,0.0,0.0,1.0,0.0,1.0,1.0,1.0,1.0,1.0,1.0,0.0,0.0,0.0,0.0,1.0,1.0,0.0,1.0,0.0,0.0,0.0,0.0,0.0,0.0,0.0,0.0,0.0,0.0,0.0,1.0,1.0,0.0,1.0,0.0,1.0,0.0,0.0,0.0,0.0,1.0,1.0,0.0,0.0,1.0,0.0,0.0,0.0,0.0,0.0,21.0,10.0,31.0,31.0,31.0,0.0,0.0,1.0,0.0,0.0,1.0,0.0,0.0,0.0,0.0,1.0,4.0,1.0,6.0,0.0,0.0,1.0,21.0,1.0,83.0,1.0,5.0,0.0,0.0,1.0,1.0,1.0,1.0,0.0,1.0,1.0,3.0,1.0,14.0,7.0,1.0,0.0,0.0,0.0,0.0,0.0,0.0,1.0,1.0,5.0,0.0,1.0,0.0,0.0,0.0,0.0,0.0,1.0,0.0,0.0,0.0,0.0,0.0,0.0,1.0,0.0,0.0,0.0,0.0,0.0,0.0,0.0,0.0,0.0,0.0,,,,,0.0,,,,,,,1.0,0.0,0.0,0.0,0.0,0.0,0.0,0.0,1.0,1.0,0.0,9.0,9.0,9.0,9.0,9.0,9.0,0.0,0.0,0.0,0.0,0.0,1.0,1.0,0.0,0.0,0.0,0.0,0.0,1.0,0.0,0.0,0.0,0.0,0.0,0.0,0.0,0.0,0.0,0.0,0.0,0.0,0.0,0.0,0.0,0.0,0.0,0.0,0.0,0.0,0.0,0.0,1.0,0.0
2025,Sudeste,3,Rio de Janeiro,RJ,33,Rio de Janeiro,3304557,Rio de Janeiro,3301,Rio de Janeiro,330001,Metropolitana do Rio de Janeiro,6,Rio de Janeiro,18,Rio de Janeiro,330455705,,,SENAC CAPSULA,33201773,4,1.0,1,0.0,PRESIDENTE VARGAS,,62   ANDAR 3 E 4,CENTRO,20091060,,,,,1,11009.0,01JAN2025:00:00:00,31DEC2025:00:00:00,,,,,0.0,,,,,,,,,,,,,,,,,,,,0.0,0.0,0.0,0.0,0.0,1.0,0.0,"3,67235E+12",1E+14,1.0,2.0,,,1.0,1.0,0.0,0.0,0.0,0.0,,0.0,0.0,0.0,1.0,1.0,0.0,0.0,0.0,0.0,0.0,1.0,0.0,0.0,0.0,1.0,0.0,0.0,0.0,0.0,1.0,0.0,0.0,0.0,0.0,0.0,0.0,0.0,1.0,1.0,0.0,0.0,1.0,1.0,0.0,1.0,0.0,0.0,1.0,1.0,0.0,0.0,0.0,0.0,0.0,1.0,1.0,0.0,0.0,0.0,0.0,0.0,0.0,0.0,0.0,0.0,0.0,0.0,0.0,0.0,1.0,0.0,1.0,1.0,0.0,1.0,0.0,0.0,0.0,0.0,1.0,1.0,1.0,1.0,1.0,0.0,1.0,1.0,0.0,1.0,5.0,0.0,5.0,5.0,0.0,0.0,0.0,1.0,1.0,1.0,1.0,1.0,0.0,1.0,1.0,1.0,1.0,1.0,1.0,0.0,0.0,1.0,1.0,1.0,1.0,1.0,1.0,1.0,1.0,1.0,1.0,1.0,1.0,0.0,1.0,1.0,3.0,1.0,1.0,1.0,1.0,0.0,0.0,0.0,0.0,0.0,0.0,1.0,1.0,0.0,0.0,1.0,0.0,0.0,0.0,0.0,0.0,1.0,0.0,0.0,0.0,0.0,0.0,0.0,0.0,0.0,0.0,0.0,0.0,0.0,0.0,0.0,0.0,0.0,0.0,,,,,0.0,,,,,,,1.0,0.0,0.0,0.0,0.0,0.0,0.0,0.0,1.0,1.0,0.0,9.0,9.0,9.0,9.0,9.0,9.0,0.0,0.0,0.0,0.0,0.0,1.0,1.0,0.0,0.0,0.0,0.0,0.0,1.0,0.0,0.0,0.0,0.0,0.0,0.0,0.0,0.0,0.0,0.0,0.0,0.0,0.0,0.0,0.0,0.0,0.0,0.0,0.0,0.0,0.0,0.0,1.0,0.0
2025,Sudeste,3,Rio de Janeiro,RJ,33,Santo Antônio de Pádua,3304706,Campos dos Goytacazes,3304,Santo Antônio de Pádua,330012,Noroeste Fluminense,1,Santo Antônio de Pádua,2,Santo Antônio de Pádua,330470605,,,SENAC SANTO ANTONIO PADUA,33179000,4,1.0,1,0.0,RUA ANACLETO ALVIM PADILHA,,243,,28470000,,,-2.153.997,-4.217.983,1,11011.0,01JAN2025:00:00:00,31DEC2025:00:00:00,,,,,0.0,,,,,,,,,,,,,,,,,,,,0.0,0.0,0.0,0.0,0.0,1.0,0.0,"3,67235E+12",1E+14,1.0,1.0,,,1.0,3.0,0.0,0.0,0.0,0.0,,0.0,0.0,0.0,1.0,1.0,0.0,0.0,0.0,0.0,0.0,1.0,0.0,0.0,0.0,1.0,0.0,0.0,0.0,0.0,1.0,0.0,0.0,0.0,0.0,0.0,0.0,0.0,1.0,1.0,0.0,0.0,1.0,1.0,0.0,1.0,0.0,0.0,1.0,1.0,0.0,0.0,0.0,0.0,0.0,1.0,1.0,0.0,0.0,0.0,0.0,0.0,0.0,0.0,0.0,0.0,0.0,0.0,0.0,0.0,1.0,0.0,1.0,1.0,0.0,1.0,0.0,0.0,0.0,0.0,1.0,1.0,1.0,1.0,1.0,0.0,1.0,1.0,0.0,1.0,3.0,0.0,3.0,3.0,0.0,0.0,0.0,1.0,0.0,0.0,1.0,0.0,0.0,0.0,0.0,1.0,1.0,0.0,0.0,0.0,0.0,1.0,3.0,0.0,0.0,0.0,0.0,0.0,0.0,1.0,1.0,1.0,1.0,0.0,0.0,1.0,3.0,1.0,2.0,2.0,0.0,2.0,0.0,0.0,0.0,0.0,0.0,1.0,1.0,0.0,3.0,2.0,0.0,0.0,0.0,0.0,0.0,0.0,0.0,0.0,0.0,0.0,0.0,0.0,1.0,0.0,0.0,0.0,0.0,0.0,0.0,0.0,0.0,0.0,0.0,,,,,0.0,,,,,,,1.0,0.0,0.0,0.0,0.0,0.0,0.0,0.0,1.0,1.0,0.0,9.0,9.0,9.0,9.0,9.0,9.0,0.0,0.0,0.0,0.0,0.0,1.0,1.0,0.0,0.0,0.0,0.0,0.0,1.0,0.0,0.0,0.0,0.0,0.0,0.0,0.0,0.0,0.0,0.0,0.0,0.0,0.0,0.0,0.0,0.0,0.0,0.0,0.0,0.0,0.0,0.0,1.0,0.0
2025,Sudeste,3,Rio de Janeiro,RJ,33,São João de Meriti,3305109,Rio de Janeiro,3301,Rio de Janeiro,330001,Metropolitana do Rio de Janeiro,6,Rio de Janeiro,18,São João de Meriti,330510905,,,SENAC SAO JOAO DE MERITI,33454213,4,1.0,1,0.0,PASTOR JOAQUIM ROSA,,RUA PASTOR JOAQUIM R,VILAR DOS TELES,25555681,,,,,1,11010.0,06JAN2025:00:00:00,17DEC2025:00:00:00,,,,,0.0,,,,,,,,,,,,,,,,,,,,0.0,0.0,0.0,0.0,0.0,1.0,0.0,"3,67235E+12",1E+14,1.0,2.0,,,1.0,3.0,0.0,0.0,0.0,0.0,,0.0,0.0,0.0,1.0,1.0,0.0,0.0,0.0,0.0,0.0,1.0,0.0,0.0,0.0,1.0,0.0,0.0,0.0,0.0,1.0,0.0,0.0,0.0,0.0,0.0,0.0,0.0,1.0,1.0,1.0,0.0,0.0,1.0,0.0,0.0,1.0,0.0,0.0,1.0,0.0,1.0,0.0,0.0,0.0,0.0,1.0,0.0,1.0,0.0,0.0,0.0,0.0,0.0,0.0,0.0,0.0,0.0,0.0,0.0,0.0,0.0,1.0,0.0,0.0,1.0,0.0,0.0,0.0,0.0,0.0,0.0,0.0,0.0,1.0,0.0,0.0,0.0,0.0,0.0,3.0,3.0,6.0,6.0,0.0,0.0,0.0,1.0,1.0,1.0,1.0,1.0,0.0,0.0,0.0,1.0,1.0,0.0,0.0,0.0,0.0,1.0,3.0,1.0,8.0,0.0,0.0,0.0,0.0,1.0,1.0,1.0,1.0,0.0,1.0,0.0,3.0,1.0,2.0,2.0,0.0,0.0,0.0,0.0,0.0,0.0,0.0,1.0,1.0,0.0,0.0,0.0,0.0,0.0,0.0,0.0,0.0,0.0,0.0,0.0,1.0,0.0,0.0,0.0,1.0,0.0,0.0,0.0,0.0,0.0,0.0,0.0,0.0,0.0,0.0,,,,,0.0,,,,,,,1.0,0.0,0.0,0.0,0.0,0.0,0.0,0.0,1.0,1.0,0.0,9.0,9.0,9.0,9.0,9.0,9.0,0.0,0.0,0.0,0.0,0.0,1.0,1.0,0.0,0.0,0.0,0.0,0.0,1.0,0.0,0.0,0.0,0.0,0.0,0.0,0.0,0.0,0.0,0.0,0.0,0.0,0.0,0.0,0.0,0.0,0.0,0.0,0.0,0.0,0.0,0.0,1.0,0.0
2025,Sudeste,3,Rio de Janeiro,RJ,33,Teresópolis,3305802,Petrópolis,3303,Petrópolis,330007,Metropolitana do Rio de Janeiro,6,Serrana,15,Teresópolis,330580205,,,SENAC TERESOPOLIS,33179417,4,1.0,1,0.0,ALICE REGADAS,,66 SOBRELOJA,VARZEA,25953430,,,,,1,11013.0,06JAN2025:00:00:00,17DEC2025:00:00:00,,,,,0.0,,,,,,,,,,,,,,,,,,,,0.0,0.0,0.0,0.0,0.0,1.0,0.0,"3,67235E+12","3,67235E+12",1.0,2.0,,,1.0,2.0,0.0,0.0,0.0,0.0,,0.0,0.0,0.0,1.0,1.0,0.0,0.0,0.0,0.0,0.0,1.0,0.0,0.0,0.0,1.0,0.0,0.0,0.0,0.0,1.0,0.0,0.0,0.0,0.0,0.0,0.0,0.0,1.0,0.0,0.0,0.0,0.0,1.0,0.0,1.0,0.0,0.0,1.0,1.0,0.0,0.0,0.0,0.0,0.0,0.0,0.0,0.0,0.0,0.0,0.0,0.0,0.0,0.0,0.0,0.0,0.0,0.0,0.0,0.0,0.0,0.0,0.0,1.0,0.0,1.0,0.0,0.0,0.0,0.0,0.0,0.0,0.0,1.0,0.0,0.0,0.0,0.0,0.0,0.0,11.0,0.0,11.0,11.0,11.0,0.0,0.0,1.0,0.0,0.0,1.0,1.0,0.0,0.0,0.0,0.0,0.0,1.0,1.0,1.0,1.0,1.0,11.0,1.0,20.0,0.0,0.0,0.0,0.0,1.0,1.0,1.0,0.0,1.0,1.0,1.0,3.0,1.0,4.0,7.0,1.0,0.0,0.0,0.0,0.0,0.0,0.0,1.0,1.0,1.0,0.0,0.0,0.0,0.0,0.0,0.0,0.0,1.0,0.0,0.0,0.0,0.0,0.0,0.0,1.0,0.0,0.0,0.0,0.0,0.0,0.0,0.0,0.0,0.0,0.0,,,,,0.0,,,,,,,1.0,0.0,0.0,0.0,0.0,0.0,0.0,0.0,1.0,1.0,0.0,9.0,9.0,9.0,9.0,9.0,9.0,0.0,0.0,0.0,0.0,0.0,1.0,1.0,0.0,0.0,0.0,0.0,0.0,1.0,0.0,0.0,0.0,0.0,0.0,0.0,0.0,0.0,0.0,0.0,0.0,0.0,0.0,0.0,0.0,0.0,0.0,0.0,0.0,0.0,0.0,0.0,1.0,0.0
2025,Sudeste,3,Rio de Janeiro,RJ,33,Três Rios,3306008,Petrópolis,3303,Três Rios - Paraíba do Sul,330009,Centro Fluminense,3,Três Rios,5,Três Rios,330600805,,,SENAC TRES RIOS,33179603,4,1.0,1,0.0,QUINZE DE NOVEMBRO,,600,CENTRO,25804000,,,,,1,11013.0,01JAN2025:00:00:00,31DEC2025:00:00:00,,,,,0.0,,,,,,,,,,,,,,,,,,,,0.0,0.0,0.0,0.0,0.0,1.0,0.0,"3,67235E+12",1E+14,1.0,1.0,,,1.0,3.0,0.0,0.0,0.0,0.0,,0.0,0.0,0.0,1.0,1.0,0.0,0.0,0.0,0.0,0.0,1.0,0.0,0.0,0.0,1.0,0.0,0.0,0.0,0.0,1.0,0.0,0.0,0.0,0.0,0.0,0.0,0.0,1.0,1.0,1.0,0.0,0.0,1.0,0.0,1.0,1.0,0.0,0.0,0.0,0.0,0.0,0.0,0.0,0.0,0.0,0.0,0.0,0.0,0.0,0.0,0.0,0.0,0.0,0.0,0.0,0.0,0.0,0.0,0.0,0.0,0.0,0.0,1.0,0.0,1.0,0.0,0.0,0.0,0.0,1.0,0.0,0.0,0.0,1.0,0.0,0.0,1.0,0.0,0.0,4.0,0.0,4.0,4.0,0.0,0.0,0.0,1.0,1.0,0.0,1.0,0.0,0.0,0.0,0.0,1.0,4.0,1.0,1.0,0.0,0.0,1.0,4.0,0.0,0.0,1.0,13.0,0.0,0.0,1.0,1.0,1.0,1.0,1.0,1.0,1.0,3.0,1.0,5.0,1.0,0.0,0.0,0.0,0.0,0.0,0.0,0.0,1.0,1.0,0.0,0.0,1.0,0.0,0.0,0.0,0.0,0.0,1.0,0.0,0.0,0.0,0.0,0.0,0.0,1.0,0.0,0.0,0.0,0.0,0.0,0.0,0.0,0.0,0.0,0.0,,,,,0.0,,,,,,,1.0,0.0,0.0,0.0,0.0,0.0,0.0,0.0,1.0,1.0,0.0,9.0,9.0,9.0,9.0,9.0,9.0,0.0,0.0,0.0,0.0,0.0,1.0,1.0,0.0,0.0,0.0,0.0,0.0,1.0,0.0,0.0,0.0,0.0,0.0,0.0,0.0,0.0,0.0,0.0,0.0,0.0,0.0,0.0,0.0,0.0,0.0,0.0,0.0,0.0,0.0,0.0,1.0,0.0
2025,Sudeste,3,Rio de Janeiro,RJ,33,Volta Redonda,3306305,Volta Redonda - Barra Mansa,3302,Volta Redonda - Barra Mansa,330004,Sul Fluminense,5,Vale do Paraíba Fluminense,11,Volta Redonda,330630505,,,SENAC VOLTA REDONDA,33175403,4,1.0,1,0.0,DEPUTADO GERALDO DI BIASE,,251,ATERRADO,27213080,,,-2.250.805,-4.409.071,1,11003.0,01JAN2025:00:00:00,31DEC2025:00:00:00,,,,,0.0,,,,,,,,,,,,,,,,,,,,0.0,0.0,0.0,0.0,0.0,1.0,0.0,"3,67235E+12",1E+14,1.0,2.0,,,1.0,3.0,0.0,0.0,0.0,0.0,,0.0,0.0,0.0,1.0,1.0,0.0,0.0,0.0,0.0,0.0,1.0,0.0,0.0,0.0,1.0,0.0,0.0,0.0,0.0,1.0,0.0,0.0,0.0,0.0,0.0,0.0,0.0,1.0,1.0,0.0,0.0,1.0,1.0,0.0,1.0,0.0,0.0,1.0,1.0,0.0,0.0,0.0,0.0,0.0,1.0,1.0,0.0,0.0,0.0,0.0,0.0,0.0,0.0,0.0,0.0,0.0,0.0,0.0,0.0,1.0,0.0,1.0,1.0,0.0,1.0,0.0,0.0,0.0,0.0,1.0,1.0,1.0,1.0,1.0,0.0,1.0,1.0,0.0,1.0,5.0,0.0,5.0,5.0,0.0,0.0,0.0,1.0,0.0,0.0,1.0,0.0,0.0,0.0,0.0,1.0,1.0,0.0,0.0,0.0,0.0,1.0,3.0,1.0,2.0,1.0,5.0,0.0,0.0,1.0,1.0,1.0,1.0,1.0,1.0,1.0,3.0,1.0,3.0,2.0,0.0,0.0,0.0,0.0,0.0,0.0,0.0,0.0,1.0,0.0,0.0,1.0,0.0,0.0,0.0,0.0,0.0,0.0,0.0,0.0,1.0,0.0,1.0,1.0,1.0,0.0,0.0,0.0,0.0,0.0,0.0,0.0,0.0,0.0,0.0,,,,,0.0,,,,,,,1.0,0.0,0.0,0.0,0.0,0.0,0.0,0.0,1.0,1.0,0.0,9.0,9.0,9.0,9.0,9.0,9.0,0.0,0.0,0.0,0.0,0.0,1.0,1.0,0.0,0.0,0.0,0.0,0.0,1.0,0.0,0.0,0.0,0.0,0.0,0.0,0.0,0.0,0.0,0.0,0.0,0.0,0.0,0.0,0.0,0.0,0.0,0.0,0.0,0.0,0.0,0.0,1.0,0.0
2025,Sudeste,3,São Paulo,SP,35,Águas de São Pedro,3500600,Campinas,3510,Piracicaba,350040,Piracicaba,6,Piracicaba,28,Águas de São Pedro,350060005,,,SENAC AGUAS DE SAO PEDRO,35148829,4,1.0,1,0.0,PARQUE DOUTOR OCTAVIO DE MOURA ANDRADE,S/N,,CENTRO,13528900,,,-225.973.848,-478.839.224,1,15000.0,06JAN2025:00:00:00,12DEC2025:00:00:00,,,,,0.0,,,,,,,,,,,,,,,,,,,,0.0,0.0,0.0,0.0,0.0,1.0,0.0,"3,70981E+12","3,70981E+12",1.0,2.0,,,1.0,1.0,0.0,0.0,0.0,0.0,,0.0,0.0,0.0,1.0,1.0,0.0,0.0,0.0,0.0,0.0,1.0,1.0,1.0,0.0,1.0,0.0,0.0,0.0,0.0,0.0,0.0,0.0,1.0,0.0,1.0,1.0,0.0,0.0,1.0,1.0,0.0,1.0,1.0,0.0,1.0,0.0,1.0,1.0,1.0,1.0,1.0,1.0,0.0,0.0,1.0,1.0,0.0,1.0,0.0,0.0,0.0,0.0,0.0,1.0,0.0,0.0,0.0,1.0,0.0,1.0,1.0,1.0,1.0,0.0,1.0,0.0,0.0,0.0,0.0,1.0,1.0,1.0,1.0,1.0,1.0,1.0,1.0,0.0,1.0,14.0,7.0,21.0,15.0,21.0,0.0,0.0,1.0,1.0,1.0,1.0,1.0,0.0,1.0,1.0,0.0,0.0,1.0,4.0,1.0,1.0,1.0,19.0,1.0,153.0,1.0,1.0,1.0,1.0,1.0,1.0,1.0,1.0,1.0,1.0,1.0,3.0,1.0,88888.0,4.0,3.0,0.0,2.0,0.0,1.0,0.0,6.0,6.0,1.0,4.0,4.0,1.0,0.0,88888.0,1.0,0.0,1.0,1.0,0.0,1.0,1.0,0.0,1.0,1.0,1.0,1.0,1.0,1.0,1.0,1.0,0.0,1.0,1.0,0.0,0.0,,,,,0.0,,,,,,,1.0,1.0,1.0,0.0,0.0,1.0,0.0,0.0,0.0,0.0,1.0,1.0,0.0,0.0,1.0,1.0,0.0,0.0,0.0,0.0,0.0,0.0,1.0,1.0,0.0,0.0,0.0,0.0,0.0,1.0,0.0,0.0,0.0,0.0,0.0,0.0,0.0,0.0,0.0,0.0,0.0,0.0,0.0,0.0,0.0,0.0,0.0,0.0,0.0,0.0,0.0,0.0,1.0,0.0
2025,Sudeste,3,São Paulo,SP,35,Americana,3501608,Campinas,3510,Campinas,350038,Campinas,7,Campinas,32,Americana,350160805,,,SENAC AMERICANA,35079947,4,1.0,1,0.0,RUA DR. ANGELINO SANCHES,800,,VILA SAO PEDRO,13466490,19.0,36211350.0,-227.532.615,-473.290.588,1,15000.0,06JAN2025:00:00:00,12DEC2025:00:00:00,,,,,0.0,,,,,,,,,,,,,,,,,,,,0.0,0.0,0.0,0.0,0.0,1.0,0.0,"3,70981E+12","3,70981E+12",1.0,2.0,,,1.0,3.0,0.0,0.0,0.0,0.0,,0.0,0.0,0.0,1.0,1.0,0.0,0.0,0.0,0.0,0.0,1.0,0.0,0.0,0.0,1.0,0.0,0.0,0.0,0.0,1.0,0.0,0.0,0.0,0.0,1.0,1.0,1.0,0.0,1.0,0.0,1.0,1.0,1.0,0.0,1.0,1.0,1.0,1.0,1.0,1.0,0.0,0.0,0.0,0.0,1.0,1.0,0.0,0.0,0.0,0.0,0.0,0.0,0.0,0.0,0.0,0.0,0.0,0.0,0.0,1.0,1.0,0.0,1.0,0.0,1.0,0.0,0.0,0.0,0.0,1.0,1.0,1.0,1.0,1.0,1.0,1.0,1.0,0.0,1.0,19.0,0.0,19.0,19.0,19.0,0.0,0.0,1.0,1.0,1.0,1.0,1.0,0.0,0.0,0.0,1.0,10.0,1.0,4.0,1.0,13.0,1.0,88888.0,1.0,403.0,1.0,139.0,0.0,0.0,1.0,1.0,1.0,1.0,1.0,1.0,1.0,3.0,1.0,34.0,9.0,4.0,10.0,5.0,0.0,0.0,1.0,0.0,1.0,1.0,0.0,65.0,1.0,0.0,0.0,0.0,0.0,0.0,1.0,0.0,1.0,1.0,0.0,1.0,1.0,1.0,0.0,0.0,1.0,0.0,0.0,1.0,1.0,1.0,0.0,0.0,,,,,0.0,,,,,,,1.0,1.0,1.0,0.0,0.0,1.0,0.0,0.0,0.0,1.0,1.0,1.0,0.0,0.0,1.0,1.0,0.0,0.0,0.0,0.0,0.0,0.0,1.0,1.0,0.0,0.0,0.0,0.0,0.0,1.0,0.0,0.0,0.0,0.0,0.0,0.0,0.0,0.0,0.0,0.0,0.0,0.0,0.0,0.0,0.0,0.0,0.0,0.0,0.0,0.0,0.0,0.0,1.0,0.0
2025,Sudeste,3,São Paulo,SP,35,Araçatuba,3502804,Araçatuba,3506,Araçatuba,350022,Araçatuba,3,Araçatuba,17,Araçatuba,350280405,,,SENAC ARACATUBA,35148912,4,1.0,1,0.0,AV. JOAO ARRUDA BRASIL,500,,SAO JOAQUIM,16050400,,,-212.012.084,-504.438.724,1,15000.0,06JAN2025:00:00:00,12DEC2025:00:00:00,,,,,0.0,,,,,,,,,,,,,,,,,,,,0.0,0.0,0.0,0.0,0.0,1.0,0.0,"3,70981E+12","3,70981E+12",1.0,2.0,,,1.0,1.0,0.0,0.0,0.0,0.0,,1.0,0.0,0.0,1.0,1.0,0.0,0.0,1.0,0.0,0.0,1.0,0.0,0.0,0.0,1.0,0.0,0.0,0.0,0.0,1.0,0.0,0.0,1.0,0.0,1.0,0.0,0.0,0.0,1.0,1.0,0.0,0.0,1.0,0.0,1.0,0.0,0.0,1.0,1.0,0.0,0.0,0.0,0.0,0.0,1.0,1.0,0.0,1.0,0.0,0.0,0.0,0.0,0.0,0.0,1.0,0.0,0.0,0.0,0.0,1.0,1.0,0.0,1.0,0.0,1.0,0.0,0.0,0.0,0.0,1.0,1.0,1.0,1.0,1.0,1.0,1.0,0.0,0.0,1.0,20.0,0.0,20.0,20.0,20.0,0.0,0.0,1.0,0.0,1.0,1.0,1.0,0.0,0.0,0.0,1.0,2.0,1.0,6.0,1.0,20.0,1.0,20.0,1.0,148.0,1.0,24.0,0.0,0.0,1.0,1.0,1.0,1.0,1.0,1.0,1.0,3.0,1.0,28.0,1.0,1.0,88888.0,0.0,0.0,0.0,1.0,0.0,6.0,1.0,4.0,2.0,1.0,0.0,1.0,0.0,0.0,0.0,0.0,0.0,0.0,0.0,0.0,1.0,0.0,1.0,0.0,0.0,0.0,0.0,0.0,0.0,0.0,0.0,0.0,0.0,,,,,0.0,,,,,,,1.0,1.0,1.0,0.0,0.0,1.0,0.0,0.0,0.0,0.0,1.0,1.0,0.0,0.0,1.0,1.0,0.0,0.0,0.0,0.0,0.0,0.0,1.0,1.0,0.0,0.0,0.0,0.0,0.0,1.0,0.0,0.0,0.0,0.0,0.0,0.0,0.0,0.0,0.0,0.0,0.0,0.0,0.0,0.0,0.0,0.0,0.0,0.0,0.0,0.0,0.0,0.0,1.0,0.0
2025,Sudeste,3,São Paulo,SP,35,Araraquara,3503208,Araraquara,3509,Araraquara,350036,Araraquara,5,Araraquara,24,Araraquara,350320805,,,SENAC ARARAQUARA,35148830,4,1.0,1,0.0,RUA JOAO GURGEL,1935,,CENTRO,14801405,,,-217.948.308,-481.869.043,1,15000.0,06JAN2025:00:00:00,12DEC2025:00:00:00,,,,,0.0,,,,,,,,,,,,,,,,,,,,0.0,0.0,0.0,0.0,0.0,1.0,0.0,"3,70981E+12","3,70981E+12",1.0,2.0,,,1.0,1.0,0.0,0.0,0.0,0.0,,1.0,0.0,0.0,1.0,1.0,0.0,0.0,0.0,0.0,0.0,1.0,1.0,0.0,0.0,1.0,0.0,0.0,0.0,0.0,1.0,0.0,0.0,0.0,0.0,1.0,0.0,1.0,0.0,1.0,1.0,1.0,1.0,1.0,0.0,1.0,0.0,0.0,1.0,1.0,0.0,0.0,0.0,0.0,1.0,1.0,1.0,1.0,1.0,0.0,0.0,0.0,0.0,0.0,0.0,1.0,0.0,0.0,1.0,1.0,1.0,1.0,1.0,1.0,0.0,1.0,0.0,0.0,0.0,0.0,1.0,1.0,1.0,1.0,1.0,1.0,1.0,1.0,0.0,1.0,26.0,0.0,26.0,26.0,26.0,0.0,0.0,1.0,1.0,1.0,1.0,1.0,0.0,0.0,0.0,0.0,0.0,1.0,4.0,1.0,19.0,1.0,31.0,1.0,208.0,1.0,192.0,0.0,0.0,1.0,1.0,1.0,1.0,1.0,1.0,1.0,3.0,1.0,31.0,11.0,4.0,31.0,10.0,0.0,0.0,1.0,0.0,7.0,1.0,8.0,4.0,1.0,0.0,0.0,0.0,0.0,0.0,1.0,0.0,1.0,1.0,1.0,1.0,1.0,1.0,1.0,0.0,1.0,0.0,0.0,1.0,0.0,1.0,0.0,0.0,,,,,0.0,,,,,,,1.0,1.0,1.0,0.0,0.0,1.0,0.0,0.0,0.0,1.0,1.0,1.0,0.0,0.0,1.0,1.0,0.0,0.0,0.0,1.0,0.0,1.0,1.0,1.0,0.0,0.0,0.0,1.0,0.0,1.0,0.0,0.0,0.0,0.0,0.0,1.0,0.0,0.0,0.0,0.0,0.0,0.0,0.0,0.0,0.0,0.0,0.0,0.0,0.0,0.0,0.0,0.0,1.0,0.0
2025,Sudeste,3,São Paulo,SP,35,Barretos,3505500,Ribeirão Preto,3508,Barretos,350032,Ribeirão Preto,2,Barretos,9,Barretos,350550005,,,SENAC BARRETOS,35148842,4,1.0,1,0.0,AV. 21,87,,ORIENTE,14781344,,,-205.539.608,-485.625.432,1,15000.0,06JAN2025:00:00:00,12DEC2025:00:00:00,,,,,0.0,,,,,,,,,,,,,,,,,,,,0.0,0.0,0.0,0.0,0.0,1.0,0.0,"3,70981E+12","3,70981E+12",1.0,2.0,,,1.0,1.0,0.0,0.0,0.0,0.0,,1.0,1.0,0.0,1.0,1.0,0.0,0.0,0.0,0.0,0.0,1.0,0.0,0.0,0.0,1.0,0.0,0.0,0.0,0.0,1.0,0.0,1.0,1.0,0.0,1.0,1.0,0.0,0.0,1.0,1.0,1.0,1.0,1.0,0.0,1.0,1.0,1.0,1.0,1.0,1.0,1.0,0.0,0.0,1.0,1.0,1.0,0.0,1.0,0.0,0.0,0.0,0.0,0.0,0.0,0.0,0.0,0.0,0.0,0.0,1.0,1.0,0.0,1.0,0.0,1.0,0.0,0.0,0.0,0.0,1.0,1.0,1.0,0.0,1.0,1.0,1.0,1.0,0.0,1.0,17.0,3.0,20.0,17.0,17.0,0.0,1.0,1.0,1.0,1.0,1.0,1.0,0.0,0.0,0.0,1.0,20.0,1.0,4.0,1.0,2.0,1.0,21.0,1.0,71.0,1.0,36.0,0.0,0.0,1.0,1.0,1.0,1.0,1.0,1.0,1.0,3.0,1.0,24.0,8.0,1.0,88888.0,0.0,0.0,0.0,1.0,0.0,5.0,1.0,4.0,0.0,1.0,0.0,1.0,0.0,0.0,0.0,1.0,1.0,1.0,1.0,1.0,1.0,1.0,1.0,0.0,0.0,1.0,0.0,1.0,1.0,0.0,1.0,0.0,0.0,,,,,0.0,,,,,,,1.0,1.0,1.0,0.0,0.0,1.0,0.0,0.0,0.0,1.0,1.0,1.0,0.0,0.0,1.0,1.0,0.0,0.0,0.0,0.0,0.0,0.0,1.0,1.0,0.0,0.0,1.0,0.0,0.0,1.0,0.0,0.0,0.0,0.0,0.0,0.0,0.0,0.0,0.0,0.0,0.0,0.0,0.0,0.0,0.0,0.0,0.0,0.0,0.0,0.0,0.0,0.0,1.0,1.0
2025,Sudeste,3,São Paulo,SP,35,Bauru,3506003,Bauru,3503,Bauru,350009,Bauru,4,Bauru,20,Bauru,350600305,,,SENAC BAURU,35148885,4,1.0,1,0.0,RUA ENGENHEIRO SAINT MARTIN,1012,,CENTRO,17010150,14.0,33213114.0,-223.210.087,-490.679.464,1,15000.0,06JAN2025:00:00:00,12DEC2025:00:00:00,,,,,0.0,,,,,,,,,,,,,,,,,,,,0.0,0.0,0.0,0.0,0.0,1.0,0.0,"3,70981E+12","3,70981E+12",1.0,2.0,,,1.0,1.0,0.0,0.0,0.0,0.0,,1.0,1.0,0.0,1.0,1.0,0.0,0.0,0.0,0.0,0.0,1.0,0.0,0.0,0.0,1.0,0.0,0.0,0.0,0.0,1.0,0.0,0.0,0.0,0.0,1.0,1.0,1.0,0.0,1.0,1.0,0.0,1.0,1.0,0.0,1.0,1.0,1.0,1.0,1.0,1.0,1.0,0.0,0.0,1.0,1.0,1.0,0.0,0.0,0.0,0.0,1.0,1.0,0.0,0.0,1.0,0.0,0.0,1.0,0.0,1.0,1.0,1.0,1.0,1.0,1.0,0.0,0.0,0.0,0.0,1.0,1.0,1.0,1.0,1.0,1.0,1.0,1.0,0.0,1.0,32.0,0.0,32.0,25.0,25.0,0.0,0.0,1.0,1.0,1.0,1.0,1.0,0.0,0.0,0.0,1.0,4.0,1.0,9.0,0.0,0.0,1.0,15.0,1.0,100.0,1.0,100.0,0.0,0.0,1.0,1.0,1.0,1.0,1.0,1.0,1.0,3.0,1.0,23.0,19.0,6.0,0.0,3.0,0.0,0.0,1.0,0.0,8.0,1.0,4.0,4.0,2.0,0.0,2.0,0.0,1.0,0.0,1.0,0.0,1.0,1.0,0.0,1.0,1.0,1.0,1.0,0.0,1.0,0.0,1.0,1.0,0.0,1.0,0.0,0.0,,,,,0.0,,,,,,,1.0,1.0,1.0,0.0,0.0,1.0,0.0,0.0,0.0,1.0,1.0,1.0,0.0,0.0,1.0,1.0,0.0,0.0,0.0,1.0,0.0,1.0,1.0,1.0,0.0,0.0,1.0,1.0,0.0,1.0,0.0,0.0,0.0,0.0,0.0,1.0,0.0,0.0,0.0,0.0,0.0,0.0,0.0,0.0,0.0,0.0,0.0,0.0,0.0,0.0,0.0,0.0,1.0,1.0
2025,Sudeste,3,São Paulo,SP,35,Bebedouro,3506102,Ribeirão Preto,3508,Barretos,350032,Ribeirão Preto,2,Jaboticabal,13,Bebedouro,350610205,,,SENAC BEBEDOURO,35149056,4,1.0,1,0.0,PRACA ABILIO MANOEL,14,,CENTRO,14700349,,,-2.095.127.621,-4.848.385.647,1,15000.0,06JAN2025:00:00:00,12DEC2025:00:00:00,,,,,0.0,,,,,,,,,,,,,,,,,,,,0.0,0.0,0.0,0.0,0.0,1.0,0.0,"3,70981E+12","3,70981E+12",1.0,2.0,,,1.0,1.0,0.0,0.0,0.0,0.0,,1.0,1.0,0.0,1.0,1.0,0.0,0.0,0.0,0.0,0.0,1.0,1.0,0.0,0.0,1.0,0.0,0.0,0.0,0.0,1.0,0.0,0.0,0.0,0.0,1.0,0.0,0.0,0.0,1.0,0.0,0.0,1.0,1.0,0.0,1.0,1.0,0.0,1.0,1.0,0.0,1.0,0.0,0.0,0.0,1.0,1.0,0.0,1.0,0.0,0.0,0.0,0.0,0.0,0.0,1.0,0.0,0.0,0.0,0.0,1.0,1.0,1.0,1.0,1.0,1.0,0.0,0.0,0.0,0.0,1.0,1.0,1.0,1.0,1.0,1.0,1.0,1.0,0.0,0.0,12.0,0.0,12.0,12.0,0.0,0.0,0.0,1.0,0.0,1.0,1.0,1.0,0.0,0.0,0.0,0.0,0.0,1.0,12.0,0.0,0.0,1.0,88888.0,1.0,146.0,1.0,82.0,0.0,0.0,1.0,1.0,1.0,1.0,0.0,1.0,1.0,3.0,1.0,23.0,11.0,4.0,12.0,0.0,0.0,0.0,1.0,0.0,5.0,1.0,8.0,3.0,1.0,0.0,0.0,0.0,0.0,0.0,1.0,0.0,0.0,1.0,0.0,1.0,0.0,1.0,0.0,0.0,0.0,0.0,0.0,0.0,0.0,0.0,0.0,0.0,,,,,0.0,,,,,,,1.0,1.0,0.0,0.0,0.0,1.0,0.0,0.0,0.0,0.0,1.0,1.0,0.0,0.0,1.0,1.0,0.0,0.0,0.0,0.0,0.0,0.0,1.0,1.0,0.0,0.0,0.0,0.0,0.0,1.0,0.0,0.0,0.0,0.0,0.0,0.0,0.0,0.0,0.0,0.0,0.0,0.0,0.0,0.0,0.0,0.0,0.0,0.0,0.0,0.0,0.0,0.0,1.0,0.0
2025,Sudeste,3,São Paulo,SP,35,Bertioga,3506359,São Paulo,3501,Santos,350002,Metropolitana de São Paulo,15,Santos,63,Bertioga,350635905,,,SENAC BERTIOGA,35463656,4,1.0,1,0.0,RUA PASTOR DJALMA DA SILVA COIMBRA,20,,RIO DA PRAIA,11256085,,,-238.266.314,-461.132.697,1,15000.0,06JAN2025:00:00:00,12DEC2025:00:00:00,,,,,0.0,,,,,,,,,,,,,,,,,,,,0.0,0.0,0.0,0.0,0.0,1.0,0.0,"3,70981E+12","3,70981E+12",1.0,2.0,,,1.0,3.0,0.0,0.0,0.0,0.0,,1.0,0.0,0.0,1.0,1.0,0.0,0.0,0.0,0.0,0.0,1.0,0.0,0.0,0.0,1.0,0.0,0.0,0.0,0.0,1.0,0.0,0.0,0.0,0.0,1.0,0.0,1.0,0.0,1.0,1.0,1.0,1.0,1.0,0.0,1.0,0.0,0.0,1.0,1.0,0.0,0.0,0.0,0.0,0.0,1.0,0.0,0.0,1.0,0.0,0.0,0.0,0.0,0.0,0.0,0.0,0.0,0.0,0.0,0.0,1.0,1.0,0.0,1.0,0.0,1.0,0.0,0.0,0.0,0.0,0.0,0.0,1.0,0.0,1.0,0.0,1.0,1.0,0.0,0.0,6.0,0.0,6.0,6.0,6.0,0.0,0.0,1.0,1.0,1.0,1.0,1.0,0.0,0.0,0.0,1.0,1.0,1.0,2.0,1.0,6.0,1.0,88888.0,1.0,32.0,1.0,24.0,0.0,0.0,1.0,1.0,1.0,1.0,1.0,1.0,1.0,3.0,1.0,8.0,2.0,3.0,2.0,0.0,0.0,0.0,1.0,0.0,1.0,1.0,2.0,0.0,1.0,0.0,0.0,0.0,0.0,0.0,1.0,0.0,0.0,1.0,0.0,1.0,1.0,1.0,1.0,0.0,1.0,0.0,0.0,1.0,0.0,0.0,0.0,0.0,,,,,0.0,,,,,,,1.0,1.0,1.0,0.0,0.0,1.0,0.0,0.0,0.0,1.0,1.0,1.0,0.0,0.0,1.0,1.0,0.0,0.0,0.0,0.0,0.0,0.0,1.0,1.0,0.0,0.0,0.0,0.0,0.0,1.0,0.0,0.0,0.0,0.0,0.0,0.0,0.0,0.0,0.0,0.0,0.0,0.0,0.0,0.0,0.0,0.0,0.0,0.0,0.0,0.0,0.0,0.0,1.0,0.0
2025,Sudeste,3,São Paulo,SP,35,Botucatu,3507506,Bauru,3503,Botucatu,350011,Bauru,4,Botucatu,23,Botucatu,350750605,,,SENAC BOTUCATU,35148787,4,1.0,1,0.0,RUA DR. RAFAEL SAMPAIO,85,,CENTRO,18600230,,,-228.833.509,-484.380.569,1,15000.0,06JAN2025:00:00:00,12DEC2025:00:00:00,,,,,0.0,,,,,,,,,,,,,,,,,,,,0.0,0.0,0.0,0.0,0.0,1.0,0.0,"3,70981E+12","3,70981E+12",1.0,2.0,,,1.0,1.0,0.0,0.0,0.0,0.0,,1.0,0.0,0.0,1.0,1.0,0.0,0.0,0.0,0.0,0.0,1.0,0.0,0.0,0.0,1.0,0.0,0.0,0.0,0.0,1.0,0.0,0.0,0.0,0.0,1.0,0.0,0.0,0.0,1.0,1.0,0.0,1.0,1.0,0.0,1.0,0.0,0.0,1.0,1.0,0.0,0.0,0.0,0.0,0.0,1.0,0.0,1.0,1.0,0.0,0.0,1.0,0.0,1.0,0.0,0.0,0.0,0.0,0.0,0.0,1.0,1.0,0.0,1.0,0.0,1.0,0.0,0.0,0.0,0.0,1.0,1.0,1.0,0.0,1.0,1.0,1.0,1.0,0.0,0.0,11.0,0.0,11.0,11.0,11.0,0.0,0.0,1.0,1.0,1.0,1.0,1.0,0.0,1.0,2.0,1.0,2.0,1.0,3.0,1.0,11.0,1.0,88888.0,1.0,46.0,1.0,30.0,1.0,4.0,1.0,1.0,1.0,1.0,1.0,1.0,1.0,3.0,1.0,19.0,7.0,4.0,88888.0,0.0,0.0,0.0,0.0,0.0,3.0,1.0,4.0,0.0,1.0,0.0,0.0,0.0,0.0,0.0,1.0,0.0,1.0,1.0,0.0,1.0,1.0,1.0,0.0,0.0,1.0,0.0,1.0,0.0,0.0,0.0,0.0,0.0,,,,,0.0,,,,,,,1.0,1.0,0.0,0.0,0.0,1.0,0.0,0.0,0.0,0.0,1.0,1.0,0.0,0.0,1.0,1.0,0.0,0.0,0.0,0.0,0.0,0.0,1.0,1.0,0.0,0.0,0.0,0.0,0.0,1.0,0.0,0.0,0.0,0.0,0.0,0.0,0.0,0.0,0.0,0.0,0.0,0.0,0.0,0.0,0.0,0.0,0.0,0.0,0.0,0.0,0.0,0.0,1.0,0.0
2025,Sudeste,3,São Paulo,SP,35,Campinas,3509502,Campinas,3510,Campinas,350038,Campinas,7,Campinas,32,Campinas,350950205,,,SENAC CAMPINAS CENTRO,35148805,4,1.0,1,0.0,RUA SACRAMENTO,490,,CENTRO,13010210,,,-228.990.676,-470.611.097,1,15000.0,06JAN2025:00:00:00,12DEC2025:00:00:00,,,,,0.0,,,,,,,,,,,,,,,,,,,,0.0,0.0,0.0,0.0,0.0,1.0,0.0,"3,70981E+12","3,70981E+12",1.0,2.0,,,1.0,1.0,0.0,0.0,0.0,0.0,,1.0,0.0,0.0,1.0,1.0,0.0,0.0,0.0,0.0,0.0,1.0,0.0,0.0,0.0,1.0,0.0,0.0,0.0,0.0,1.0,0.0,0.0,1.0,0.0,1.0,1.0,1.0,0.0,1.0,1.0,0.0,1.0,1.0,0.0,1.0,1.0,0.0,1.0,1.0,0.0,0.0,0.0,0.0,1.0,1.0,1.0,1.0,0.0,0.0,0.0,0.0,0.0,0.0,0.0,0.0,0.0,0.0,0.0,1.0,0.0,1.0,0.0,1.0,0.0,1.0,0.0,0.0,0.0,0.0,1.0,1.0,1.0,1.0,1.0,0.0,0.0,1.0,0.0,1.0,53.0,0.0,53.0,53.0,53.0,0.0,0.0,1.0,1.0,1.0,1.0,1.0,0.0,0.0,0.0,0.0,0.0,1.0,14.0,1.0,22.0,1.0,53.0,1.0,305.0,1.0,211.0,0.0,0.0,1.0,1.0,1.0,1.0,1.0,1.0,1.0,3.0,1.0,80.0,20.0,6.0,0.0,10.0,0.0,0.0,1.0,0.0,3.0,1.0,3.0,6.0,1.0,0.0,0.0,0.0,0.0,0.0,1.0,0.0,1.0,0.0,0.0,1.0,0.0,1.0,0.0,0.0,1.0,0.0,0.0,0.0,0.0,1.0,0.0,0.0,,,,,0.0,,,,,,,1.0,0.0,0.0,0.0,0.0,1.0,0.0,0.0,0.0,1.0,1.0,1.0,0.0,0.0,1.0,1.0,0.0,0.0,0.0,1.0,0.0,1.0,1.0,1.0,0.0,0.0,0.0,1.0,0.0,1.0,0.0,0.0,0.0,0.0,0.0,1.0,0.0,0.0,0.0,0.0,0.0,0.0,0.0,0.0,0.0,0.0,0.0,0.0,0.0,0.0,0.0,0.0,1.0,0.0
2025,Sudeste,3,São Paulo,SP,35,Campos do Jordão,3509700,São José dos Campos,3511,Taubaté - Pindamonhangaba,350050,Vale do Paraíba Paulista,13,Campos do Jordão,49,Campos do Jordão,350970005,,,SENAC CAMPOS DO JORDAO,35149019,4,1.0,1,0.0,AV. FREI ORESTES GIRARDI,3549,,ATALAIA,12475020,,,,,1,15000.0,06JAN2025:00:00:00,12DEC2025:00:00:00,,,,,0.0,,,,,,,,,,,,,,,,,,,,0.0,0.0,0.0,0.0,0.0,1.0,0.0,"3,70981E+12","3,70981E+12",1.0,2.0,,,1.0,1.0,0.0,0.0,0.0,0.0,,0.0,0.0,0.0,1.0,1.0,0.0,0.0,0.0,0.0,0.0,1.0,1.0,1.0,0.0,1.0,0.0,0.0,0.0,0.0,1.0,0.0,0.0,0.0,0.0,1.0,0.0,0.0,0.0,1.0,1.0,1.0,0.0,1.0,1.0,1.0,0.0,1.0,1.0,1.0,0.0,1.0,1.0,0.0,1.0,1.0,1.0,1.0,0.0,0.0,0.0,0.0,0.0,0.0,0.0,0.0,0.0,0.0,0.0,0.0,1.0,1.0,1.0,1.0,0.0,1.0,0.0,1.0,0.0,0.0,1.0,0.0,1.0,1.0,1.0,1.0,1.0,1.0,0.0,1.0,7.0,0.0,7.0,7.0,7.0,0.0,1.0,1.0,1.0,1.0,1.0,1.0,0.0,0.0,0.0,1.0,1.0,1.0,88888.0,1.0,7.0,1.0,7.0,1.0,89.0,1.0,79.0,1.0,31.0,1.0,1.0,1.0,1.0,1.0,1.0,1.0,3.0,1.0,88888.0,7.0,3.0,0.0,0.0,0.0,1.0,1.0,5.0,2.0,1.0,4.0,0.0,1.0,0.0,1.0,1.0,0.0,0.0,1.0,0.0,1.0,1.0,1.0,1.0,1.0,1.0,0.0,0.0,0.0,0.0,0.0,1.0,0.0,0.0,0.0,0.0,,,,,0.0,,,,,,,1.0,1.0,1.0,0.0,0.0,1.0,0.0,0.0,0.0,0.0,1.0,1.0,0.0,0.0,1.0,1.0,0.0,0.0,0.0,0.0,0.0,0.0,1.0,1.0,0.0,0.0,0.0,0.0,0.0,1.0,0.0,0.0,0.0,0.0,0.0,0.0,0.0,0.0,0.0,0.0,0.0,0.0,0.0,0.0,0.0,0.0,0.0,0.0,0.0,0.0,0.0,0.0,1.0,0.0
2025,Sudeste,3,São Paulo,SP,35,Catanduva,3511102,São José do Rio Preto,3507,Catanduva,350026,São José do Rio Preto,1,Catanduva,5,Catanduva,351110205,,,SENAC CATANDUVA,35148891,4,1.0,1,0.0,RUA SANTOS,300,,VILA RODRIGUES,15801350,,,-211.319.926,-489.818.253,1,15000.0,06JAN2025:00:00:00,12DEC2025:00:00:00,,,,,0.0,,,,,,,,,,,,,,,,,,,,0.0,0.0,0.0,0.0,0.0,1.0,0.0,"3,70981E+12","3,70981E+12",1.0,2.0,,,1.0,1.0,0.0,0.0,0.0,0.0,,1.0,0.0,0.0,1.0,1.0,1.0,1.0,0.0,0.0,0.0,1.0,0.0,0.0,0.0,1.0,1.0,0.0,1.0,0.0,1.0,0.0,0.0,1.0,0.0,1.0,1.0,1.0,0.0,1.0,1.0,0.0,1.0,1.0,0.0,1.0,1.0,1.0,1.0,1.0,1.0,1.0,0.0,0.0,0.0,1.0,0.0,0.0,0.0,0.0,0.0,1.0,0.0,1.0,0.0,0.0,0.0,0.0,0.0,0.0,1.0,1.0,1.0,1.0,0.0,1.0,0.0,0.0,0.0,0.0,1.0,0.0,1.0,1.0,1.0,1.0,1.0,1.0,0.0,0.0,13.0,0.0,13.0,13.0,13.0,0.0,1.0,1.0,1.0,1.0,1.0,1.0,0.0,1.0,1.0,0.0,0.0,1.0,5.0,1.0,11.0,1.0,88888.0,1.0,142.0,1.0,47.0,1.0,7.0,1.0,1.0,1.0,1.0,1.0,1.0,1.0,3.0,1.0,28.0,8.0,1.0,0.0,0.0,0.0,0.0,0.0,0.0,4.0,1.0,0.0,0.0,2.0,0.0,0.0,0.0,0.0,0.0,1.0,0.0,1.0,1.0,0.0,1.0,1.0,1.0,0.0,0.0,1.0,0.0,0.0,0.0,0.0,0.0,0.0,0.0,,,,,0.0,,,,,,,1.0,1.0,1.0,0.0,0.0,1.0,0.0,0.0,0.0,0.0,1.0,1.0,0.0,0.0,1.0,1.0,0.0,0.0,0.0,0.0,0.0,0.0,1.0,1.0,0.0,0.0,1.0,0.0,0.0,1.0,0.0,0.0,0.0,0.0,0.0,0.0,0.0,0.0,0.0,0.0,0.0,0.0,0.0,0.0,0.0,0.0,0.0,0.0,0.0,0.0,0.0,0.0,1.0,1.0
2025,Sudeste,3,São Paulo,SP,35,Franca,3516200,Ribeirão Preto,3508,Franca,350033,Ribeirão Preto,2,Franca,12,Franca,351620005,,,SENAC FRANCA,35148854,4,1.0,1,0.0,RUA ALFREDO LOPES PINTO,1345,,JARDIM BOA ESPERANCA,14401186,16.0,34024135.0,-205.225.921,-473.890.579,1,15000.0,06JAN2025:00:00:00,12DEC2025:00:00:00,,,,,0.0,,,,,,,,,,,,,,,,,,,,0.0,0.0,0.0,0.0,0.0,1.0,0.0,"3,70981E+12","3,70981E+12",1.0,2.0,,,1.0,1.0,0.0,0.0,0.0,0.0,,1.0,0.0,0.0,1.0,1.0,0.0,0.0,0.0,0.0,0.0,1.0,0.0,0.0,0.0,1.0,0.0,0.0,0.0,0.0,1.0,0.0,0.0,1.0,0.0,1.0,1.0,1.0,0.0,1.0,1.0,1.0,1.0,1.0,0.0,1.0,0.0,0.0,1.0,1.0,0.0,0.0,0.0,0.0,1.0,1.0,1.0,0.0,1.0,0.0,0.0,0.0,0.0,0.0,0.0,1.0,1.0,0.0,1.0,1.0,1.0,1.0,0.0,1.0,0.0,1.0,0.0,0.0,0.0,0.0,1.0,1.0,1.0,1.0,1.0,1.0,1.0,1.0,0.0,1.0,23.0,5.0,28.0,23.0,23.0,0.0,0.0,1.0,0.0,1.0,1.0,1.0,0.0,0.0,0.0,1.0,23.0,1.0,4.0,1.0,17.0,1.0,23.0,1.0,103.0,1.0,88.0,1.0,3.0,1.0,1.0,1.0,1.0,1.0,1.0,1.0,3.0,1.0,26.0,10.0,4.0,18.0,0.0,0.0,0.0,1.0,0.0,5.0,1.0,4.0,0.0,1.0,0.0,0.0,0.0,0.0,0.0,1.0,0.0,0.0,1.0,0.0,1.0,1.0,1.0,1.0,0.0,1.0,0.0,1.0,1.0,0.0,1.0,0.0,0.0,,,,,0.0,,,,,,,1.0,1.0,1.0,0.0,0.0,1.0,0.0,1.0,0.0,0.0,1.0,1.0,0.0,0.0,1.0,1.0,0.0,0.0,0.0,0.0,0.0,0.0,1.0,1.0,0.0,0.0,1.0,0.0,0.0,1.0,0.0,0.0,0.0,0.0,0.0,0.0,0.0,0.0,0.0,0.0,0.0,0.0,0.0,0.0,0.0,0.0,0.0,0.0,0.0,0.0,0.0,0.0,1.0,1.0
2025,Sudeste,3,São Paulo,SP,35,Guaratinguetá,3518404,São José dos Campos,3511,Guaratinguetá,350052,Vale do Paraíba Paulista,13,Guaratinguetá,51,Guaratinguetá,351840405,,,SENAC GUARATINGUETA,35148763,4,1.0,1,0.0,AV. DR. JOAO BAPTISTA RANGEL DE CAMARGO,50,,CENTRO,12500100,,,-228.133.559,-451.924.791,1,15000.0,06JAN2025:00:00:00,12DEC2025:00:00:00,,,,,0.0,,,,,,,,,,,,,,,,,,,,0.0,0.0,0.0,0.0,0.0,1.0,0.0,"3,70981E+12","3,70981E+12",1.0,2.0,,,1.0,1.0,0.0,0.0,0.0,0.0,,0.0,0.0,0.0,1.0,1.0,1.0,1.0,0.0,0.0,0.0,1.0,0.0,0.0,0.0,1.0,0.0,0.0,0.0,0.0,1.0,1.0,0.0,1.0,0.0,1.0,1.0,1.0,0.0,1.0,1.0,1.0,1.0,1.0,1.0,1.0,1.0,1.0,1.0,1.0,0.0,0.0,0.0,0.0,0.0,1.0,1.0,0.0,1.0,0.0,0.0,0.0,0.0,0.0,0.0,0.0,0.0,0.0,0.0,1.0,1.0,1.0,0.0,1.0,0.0,1.0,0.0,0.0,0.0,0.0,1.0,0.0,1.0,1.0,1.0,1.0,1.0,1.0,0.0,1.0,28.0,0.0,28.0,28.0,28.0,0.0,0.0,1.0,0.0,1.0,1.0,1.0,0.0,0.0,0.0,1.0,2.0,1.0,3.0,1.0,28.0,1.0,29.0,1.0,146.0,1.0,57.0,1.0,1.0,1.0,1.0,1.0,1.0,1.0,1.0,1.0,3.0,1.0,33.0,14.0,1.0,14.0,0.0,0.0,0.0,0.0,0.0,6.0,1.0,6.0,0.0,1.0,0.0,1.0,0.0,0.0,0.0,1.0,0.0,0.0,1.0,0.0,1.0,0.0,1.0,0.0,0.0,0.0,0.0,0.0,1.0,0.0,1.0,0.0,0.0,,,,,0.0,,,,,,,1.0,1.0,1.0,0.0,0.0,1.0,0.0,0.0,0.0,1.0,1.0,1.0,0.0,0.0,1.0,1.0,0.0,0.0,0.0,0.0,0.0,0.0,1.0,1.0,0.0,0.0,0.0,0.0,0.0,1.0,0.0,0.0,0.0,0.0,0.0,0.0,0.0,0.0,0.0,0.0,0.0,0.0,0.0,0.0,0.0,0.0,0.0,0.0,0.0,0.0,0.0,0.0,1.0,0.0
2025,Sudeste,3,São Paulo,SP,35,Guarulhos,3518800,São Paulo,3501,São Paulo,350001,Metropolitana de São Paulo,15,Guarulhos,59,Guarulhos,351880005,,,SENAC GUARULHOS FACCINI,35008640,4,1.0,1,0.0,RUA LUIZ FACCINI,132,,CENTRO,7110000,,,,,1,15000.0,06JAN2025:00:00:00,12DEC2025:00:00:00,,,,,0.0,,,,,,,,,,,,,,,,,,,,0.0,0.0,0.0,0.0,0.0,1.0,0.0,"3,70981E+12","3,70981E+12",1.0,2.0,,,1.0,1.0,0.0,0.0,0.0,0.0,,1.0,0.0,0.0,1.0,1.0,0.0,0.0,0.0,0.0,0.0,1.0,1.0,0.0,0.0,1.0,0.0,0.0,0.0,0.0,0.0,1.0,1.0,1.0,0.0,1.0,1.0,1.0,0.0,1.0,1.0,0.0,0.0,1.0,0.0,1.0,1.0,1.0,1.0,1.0,1.0,1.0,0.0,0.0,0.0,1.0,1.0,0.0,1.0,0.0,0.0,0.0,0.0,0.0,0.0,0.0,0.0,0.0,1.0,0.0,1.0,1.0,0.0,1.0,0.0,1.0,0.0,0.0,0.0,0.0,1.0,1.0,1.0,1.0,1.0,1.0,1.0,1.0,0.0,1.0,15.0,3.0,18.0,15.0,15.0,0.0,1.0,1.0,1.0,1.0,1.0,1.0,0.0,0.0,0.0,1.0,17.0,1.0,7.0,0.0,0.0,1.0,17.0,1.0,121.0,1.0,56.0,1.0,2.0,1.0,1.0,1.0,1.0,1.0,1.0,1.0,3.0,1.0,26.0,15.0,4.0,88888.0,1.0,0.0,0.0,1.0,0.0,6.0,1.0,4.0,4.0,1.0,0.0,1.0,0.0,0.0,0.0,1.0,0.0,0.0,0.0,0.0,1.0,1.0,1.0,0.0,0.0,1.0,0.0,0.0,1.0,0.0,0.0,0.0,0.0,,,,,0.0,,,,,,,1.0,1.0,0.0,0.0,0.0,1.0,0.0,0.0,0.0,1.0,1.0,1.0,0.0,0.0,1.0,1.0,0.0,0.0,0.0,1.0,0.0,1.0,1.0,1.0,0.0,0.0,0.0,1.0,0.0,1.0,0.0,0.0,0.0,0.0,0.0,1.0,0.0,0.0,0.0,0.0,0.0,0.0,0.0,0.0,0.0,0.0,0.0,0.0,0.0,0.0,0.0,0.0,1.0,0.0
2025,Sudeste,3,São Paulo,SP,35,Guarulhos,3518800,São Paulo,3501,São Paulo,350001,Metropolitana de São Paulo,15,Guarulhos,59,Guarulhos,351880005,,,SENAC GUARULHOS CELESTINO,35148726,4,1.0,1,0.0,RUA PADRE CELESTINO,108,,CENTRO,7013100,,,-234.687.171,-46.526.255,1,15000.0,06JAN2025:00:00:00,12DEC2025:00:00:00,,,,,0.0,,,,,,,,,,,,,,,,,,,,0.0,0.0,0.0,0.0,0.0,1.0,0.0,"3,70981E+12","3,70981E+12",1.0,2.0,,,1.0,1.0,0.0,0.0,0.0,0.0,,0.0,0.0,0.0,1.0,1.0,0.0,0.0,0.0,0.0,0.0,1.0,1.0,0.0,0.0,1.0,0.0,0.0,0.0,0.0,0.0,1.0,1.0,1.0,0.0,1.0,1.0,1.0,0.0,1.0,1.0,0.0,0.0,1.0,0.0,1.0,1.0,1.0,1.0,1.0,1.0,1.0,0.0,0.0,0.0,1.0,1.0,0.0,0.0,0.0,0.0,0.0,0.0,0.0,0.0,0.0,0.0,0.0,1.0,0.0,1.0,1.0,0.0,1.0,0.0,1.0,0.0,0.0,0.0,0.0,1.0,1.0,1.0,1.0,0.0,1.0,1.0,1.0,0.0,1.0,14.0,0.0,14.0,14.0,14.0,0.0,1.0,1.0,1.0,1.0,1.0,1.0,0.0,0.0,0.0,1.0,14.0,1.0,7.0,0.0,0.0,1.0,14.0,1.0,27.0,1.0,8.0,1.0,1.0,1.0,1.0,1.0,1.0,1.0,1.0,1.0,3.0,1.0,16.0,12.0,3.0,13.0,0.0,0.0,0.0,1.0,0.0,2.0,1.0,4.0,2.0,1.0,0.0,1.0,0.0,0.0,0.0,1.0,0.0,0.0,0.0,0.0,1.0,1.0,1.0,0.0,0.0,1.0,0.0,1.0,1.0,0.0,1.0,0.0,0.0,,,,,0.0,,,,,,,1.0,0.0,0.0,0.0,0.0,1.0,0.0,0.0,0.0,1.0,1.0,1.0,0.0,0.0,1.0,1.0,0.0,0.0,0.0,0.0,0.0,0.0,1.0,1.0,0.0,0.0,0.0,0.0,0.0,1.0,0.0,0.0,0.0,0.0,0.0,0.0,0.0,0.0,0.0,0.0,0.0,0.0,0.0,0.0,0.0,0.0,0.0,0.0,0.0,0.0,0.0,0.0,1.0,0.0
2025,Sudeste,3,São Paulo,SP,35,Itapetininga,3522307,Sorocaba,3502,Itapetininga,350006,Itapetininga,11,Itapetininga,42,Itapetininga,352230705,,,SENAC ITAPETININGA,35149020,4,1.0,1,0.0,RUA DOM JOAQUIM,495,,CENTRO,18200090,,,-23.591.745,-480.529.667,1,15000.0,06JAN2025:00:00:00,12DEC2025:00:00:00,,,,,0.0,,,,,,,,,,,,,,,,,,,,0.0,0.0,0.0,0.0,0.0,1.0,0.0,"3,70981E+12","3,70981E+12",1.0,2.0,,,1.0,1.0,0.0,0.0,0.0,0.0,,1.0,1.0,0.0,1.0,1.0,0.0,1.0,1.0,0.0,1.0,1.0,0.0,0.0,0.0,1.0,0.0,0.0,0.0,0.0,1.0,0.0,0.0,1.0,0.0,1.0,1.0,0.0,0.0,1.0,0.0,0.0,1.0,1.0,0.0,1.0,0.0,1.0,1.0,1.0,1.0,0.0,0.0,0.0,0.0,1.0,0.0,0.0,0.0,0.0,0.0,0.0,0.0,0.0,0.0,0.0,0.0,0.0,0.0,0.0,1.0,1.0,0.0,1.0,0.0,1.0,0.0,0.0,0.0,0.0,1.0,1.0,1.0,1.0,1.0,1.0,1.0,1.0,0.0,1.0,13.0,4.0,17.0,17.0,17.0,0.0,0.0,1.0,1.0,1.0,1.0,1.0,0.0,0.0,0.0,1.0,2.0,1.0,3.0,1.0,2.0,1.0,20.0,1.0,130.0,1.0,14.0,1.0,1.0,1.0,1.0,1.0,1.0,1.0,1.0,1.0,3.0,1.0,21.0,8.0,4.0,23.0,0.0,0.0,0.0,0.0,0.0,4.0,1.0,6.0,0.0,1.0,0.0,0.0,0.0,0.0,0.0,1.0,0.0,1.0,1.0,1.0,1.0,1.0,1.0,1.0,0.0,0.0,0.0,1.0,0.0,0.0,0.0,0.0,0.0,,,,,0.0,,,,,,,1.0,1.0,0.0,0.0,0.0,1.0,0.0,0.0,0.0,1.0,1.0,1.0,0.0,0.0,1.0,1.0,0.0,0.0,0.0,0.0,0.0,0.0,1.0,1.0,0.0,0.0,0.0,0.0,0.0,1.0,0.0,0.0,0.0,0.0,0.0,0.0,0.0,0.0,0.0,0.0,0.0,0.0,0.0,0.0,0.0,0.0,0.0,0.0,0.0,0.0,0.0,0.0,1.0,0.0
2025,Sudeste,3,São Paulo,SP,35,Itapira,3522604,Campinas,3510,Mogi Guaçu,350043,Campinas,7,Mogi Mirim,31,Itapira,352260405,,,SENAC ITAPIRA,35148817,4,1.0,1,0.0,PC. BERNARDINO CAMPOS,150,,CENTRO,13970005,,,-224.367.684,-468.213.145,1,15000.0,06JAN2025:00:00:00,12DEC2025:00:00:00,,,,,0.0,,,,,,,,,,,,,,,,,,,,0.0,0.0,0.0,0.0,0.0,1.0,0.0,"3,70981E+12","3,70981E+12",1.0,2.0,,,1.0,3.0,0.0,0.0,0.0,0.0,,0.0,0.0,0.0,1.0,1.0,0.0,0.0,0.0,0.0,0.0,1.0,0.0,0.0,0.0,1.0,0.0,0.0,0.0,0.0,1.0,0.0,0.0,1.0,0.0,1.0,0.0,0.0,0.0,1.0,1.0,0.0,0.0,1.0,0.0,1.0,0.0,0.0,1.0,1.0,0.0,0.0,0.0,0.0,0.0,1.0,0.0,0.0,0.0,0.0,0.0,0.0,0.0,0.0,0.0,0.0,0.0,0.0,0.0,0.0,0.0,1.0,0.0,1.0,0.0,1.0,0.0,0.0,0.0,0.0,1.0,1.0,1.0,1.0,1.0,1.0,1.0,1.0,0.0,1.0,12.0,0.0,12.0,12.0,0.0,0.0,0.0,1.0,0.0,1.0,1.0,1.0,0.0,0.0,0.0,1.0,1.0,1.0,2.0,1.0,8.0,1.0,15.0,1.0,37.0,1.0,70.0,1.0,4.0,1.0,1.0,1.0,1.0,1.0,1.0,1.0,3.0,1.0,17.0,5.0,4.0,0.0,0.0,0.0,0.0,0.0,0.0,3.0,1.0,4.0,0.0,1.0,0.0,0.0,0.0,0.0,0.0,1.0,0.0,1.0,1.0,0.0,1.0,0.0,1.0,0.0,0.0,1.0,0.0,0.0,0.0,0.0,0.0,0.0,0.0,,,,,0.0,,,,,,,1.0,1.0,0.0,0.0,0.0,1.0,0.0,0.0,0.0,0.0,1.0,1.0,0.0,0.0,1.0,1.0,0.0,0.0,0.0,0.0,0.0,0.0,1.0,1.0,0.0,0.0,0.0,0.0,0.0,1.0,0.0,0.0,0.0,0.0,0.0,0.0,0.0,0.0,0.0,0.0,0.0,0.0,0.0,0.0,0.0,0.0,0.0,0.0,0.0,0.0,0.0,0.0,1.0,0.0
2025,Sudeste,3,São Paulo,SP,35,Itu,3523909,Sorocaba,3502,Sorocaba,350003,Macro Metropolitana Paulista,12,Sorocaba,46,Itu,352390905,,,SENAC ITU,35287261,4,1.0,1,0.0,RUA MAESTRO JOSE VITORIO,137,,CENTRO,13300075,,,-2.326.273,-4.729.617,1,15000.0,06JAN2025:00:00:00,12DEC2025:00:00:00,,,,,0.0,,,,,,,,,,,,,,,,,,,,0.0,0.0,0.0,0.0,0.0,1.0,0.0,"3,70981E+12","3,70981E+12",1.0,2.0,,,1.0,2.0,0.0,0.0,0.0,0.0,,1.0,0.0,0.0,1.0,1.0,0.0,0.0,0.0,0.0,0.0,1.0,0.0,0.0,0.0,1.0,0.0,0.0,0.0,0.0,1.0,0.0,0.0,1.0,0.0,1.0,0.0,0.0,0.0,1.0,1.0,0.0,1.0,1.0,0.0,1.0,0.0,0.0,1.0,1.0,0.0,0.0,0.0,0.0,0.0,1.0,0.0,0.0,0.0,0.0,0.0,0.0,0.0,0.0,0.0,0.0,0.0,0.0,0.0,0.0,0.0,0.0,0.0,1.0,0.0,1.0,0.0,0.0,0.0,0.0,1.0,1.0,1.0,1.0,0.0,1.0,1.0,1.0,0.0,1.0,8.0,0.0,8.0,8.0,8.0,0.0,0.0,1.0,0.0,1.0,1.0,1.0,0.0,0.0,0.0,0.0,0.0,1.0,2.0,0.0,0.0,1.0,9.0,1.0,14.0,1.0,27.0,0.0,0.0,1.0,1.0,1.0,1.0,1.0,1.0,1.0,3.0,1.0,13.0,6.0,4.0,0.0,0.0,0.0,0.0,0.0,0.0,2.0,1.0,2.0,0.0,1.0,0.0,0.0,0.0,0.0,0.0,1.0,0.0,0.0,0.0,1.0,1.0,1.0,1.0,0.0,0.0,1.0,0.0,0.0,0.0,0.0,1.0,0.0,0.0,,,,,0.0,,,,,,,1.0,1.0,1.0,0.0,0.0,1.0,0.0,0.0,0.0,0.0,1.0,1.0,0.0,0.0,1.0,1.0,0.0,0.0,0.0,0.0,0.0,0.0,1.0,1.0,0.0,0.0,0.0,0.0,0.0,1.0,0.0,0.0,0.0,0.0,0.0,0.0,0.0,0.0,0.0,0.0,0.0,0.0,0.0,0.0,0.0,0.0,0.0,0.0,0.0,0.0,0.0,0.0,1.0,0.0
2025,Sudeste,3,São Paulo,SP,35,Jaboticabal,3524303,Ribeirão Preto,3508,Ribeirão Preto,350031,Ribeirão Preto,2,Jaboticabal,13,Jaboticabal,352430305,,,SENAC JABOTICABAL,35149159,4,1.0,1,0.0,RUA 24 DE MAIO,831,,CENTRO,14870350,,,-212.574.399,-483.209.146,1,15000.0,06JAN2025:00:00:00,12DEC2025:00:00:00,,,,,0.0,,,,,,,,,,,,,,,,,,,,0.0,0.0,0.0,0.0,0.0,1.0,0.0,"3,70981E+12","3,70981E+12",1.0,2.0,,,1.0,3.0,0.0,0.0,0.0,0.0,,1.0,0.0,0.0,1.0,1.0,0.0,0.0,1.0,0.0,0.0,1.0,0.0,0.0,0.0,1.0,0.0,0.0,0.0,0.0,1.0,0.0,0.0,0.0,0.0,1.0,0.0,0.0,0.0,1.0,1.0,0.0,1.0,1.0,0.0,1.0,1.0,1.0,1.0,1.0,0.0,0.0,0.0,0.0,0.0,1.0,1.0,0.0,0.0,0.0,0.0,0.0,0.0,0.0,0.0,0.0,0.0,0.0,0.0,0.0,1.0,1.0,0.0,1.0,0.0,1.0,0.0,0.0,0.0,0.0,1.0,1.0,1.0,1.0,1.0,1.0,1.0,1.0,0.0,1.0,12.0,0.0,12.0,12.0,12.0,0.0,0.0,1.0,1.0,1.0,1.0,1.0,0.0,0.0,0.0,1.0,1.0,1.0,2.0,1.0,8.0,1.0,16.0,1.0,60.0,1.0,64.0,1.0,1.0,1.0,1.0,1.0,1.0,1.0,1.0,1.0,3.0,1.0,16.0,5.0,3.0,88888.0,0.0,0.0,0.0,0.0,0.0,3.0,1.0,4.0,0.0,1.0,0.0,1.0,0.0,0.0,0.0,1.0,0.0,0.0,1.0,0.0,1.0,0.0,1.0,0.0,1.0,0.0,0.0,0.0,0.0,0.0,1.0,0.0,0.0,,,,,0.0,,,,,,,1.0,1.0,0.0,0.0,0.0,1.0,0.0,0.0,0.0,0.0,1.0,1.0,0.0,0.0,1.0,1.0,0.0,0.0,0.0,0.0,0.0,0.0,1.0,1.0,0.0,0.0,1.0,0.0,0.0,1.0,0.0,0.0,0.0,0.0,0.0,0.0,0.0,0.0,0.0,0.0,0.0,0.0,0.0,0.0,0.0,0.0,0.0,0.0,0.0,0.0,0.0,0.0,1.0,1.0
2025,Sudeste,3,São Paulo,SP,35,Jaú,3525300,Bauru,3503,Jaú,350010,Bauru,4,Jaú,21,Jaú,352530005,,,SENAC JAU,35149068,4,1.0,1,0.0,RUA SAO SEBASTIAO,145,,CHACARA BRAZ MIRAGLIA,17210060,,,-222.935.135,-485.507.801,1,15000.0,06JAN2025:00:00:00,12DEC2025:00:00:00,,,,,0.0,,,,,,,,,,,,,,,,,,,,0.0,0.0,0.0,0.0,0.0,1.0,0.0,"3,70981E+12","3,70981E+12",1.0,2.0,,,1.0,1.0,0.0,0.0,0.0,0.0,,1.0,0.0,0.0,1.0,1.0,0.0,0.0,0.0,0.0,0.0,1.0,0.0,0.0,0.0,1.0,0.0,0.0,0.0,0.0,1.0,0.0,0.0,0.0,0.0,1.0,0.0,0.0,0.0,1.0,1.0,0.0,1.0,1.0,0.0,1.0,1.0,0.0,1.0,1.0,1.0,0.0,0.0,0.0,0.0,1.0,1.0,1.0,0.0,0.0,0.0,0.0,0.0,0.0,0.0,1.0,0.0,0.0,0.0,0.0,1.0,1.0,0.0,1.0,0.0,1.0,1.0,0.0,0.0,0.0,1.0,0.0,1.0,1.0,1.0,1.0,1.0,1.0,0.0,1.0,12.0,0.0,12.0,12.0,12.0,0.0,1.0,1.0,1.0,1.0,1.0,1.0,0.0,0.0,0.0,0.0,0.0,0.0,0.0,1.0,3.0,1.0,88888.0,1.0,70.0,1.0,25.0,1.0,4.0,1.0,1.0,1.0,1.0,1.0,1.0,1.0,3.0,1.0,14.0,1.0,4.0,88888.0,0.0,0.0,0.0,0.0,0.0,4.0,1.0,4.0,0.0,1.0,0.0,1.0,0.0,0.0,0.0,1.0,0.0,0.0,0.0,0.0,1.0,1.0,1.0,0.0,0.0,0.0,0.0,1.0,0.0,0.0,1.0,0.0,0.0,,,,,0.0,,,,,,,1.0,1.0,0.0,0.0,0.0,1.0,0.0,0.0,0.0,1.0,1.0,1.0,0.0,0.0,1.0,1.0,0.0,0.0,0.0,0.0,0.0,0.0,1.0,1.0,0.0,0.0,0.0,0.0,0.0,1.0,0.0,0.0,0.0,0.0,0.0,0.0,0.0,0.0,0.0,0.0,0.0,0.0,0.0,0.0,0.0,0.0,0.0,0.0,0.0,0.0,0.0,0.0,1.0,0.0
2025,Sudeste,3,São Paulo,SP,35,Jundiaí,3525904,Campinas,3510,Jundiaí,350039,Macro Metropolitana Paulista,12,Jundiaí,47,Jundiaí,352590405,,,SENAC JUNDIAI,35148957,4,1.0,1,0.0,RUA VICENTE MAGAGLIO,50,,JARDIM PAULISTA I,13208283,,,-231.977.156,-468.954.272,1,15000.0,06JAN2025:00:00:00,12DEC2025:00:00:00,,,,,0.0,,,,,,,,,,,,,,,,,,,,0.0,0.0,0.0,0.0,0.0,1.0,0.0,"3,70981E+12","3,70981E+12",1.0,2.0,,,1.0,1.0,0.0,0.0,0.0,0.0,,1.0,0.0,0.0,1.0,1.0,0.0,0.0,0.0,0.0,0.0,1.0,0.0,0.0,0.0,1.0,0.0,0.0,0.0,0.0,1.0,0.0,0.0,1.0,0.0,1.0,0.0,0.0,0.0,1.0,1.0,0.0,1.0,1.0,0.0,1.0,1.0,1.0,1.0,1.0,0.0,0.0,0.0,0.0,0.0,1.0,0.0,1.0,0.0,0.0,0.0,0.0,0.0,0.0,1.0,0.0,0.0,0.0,1.0,1.0,0.0,1.0,1.0,1.0,0.0,1.0,1.0,0.0,0.0,0.0,1.0,1.0,1.0,1.0,1.0,1.0,1.0,1.0,0.0,1.0,24.0,0.0,24.0,24.0,24.0,0.0,0.0,1.0,0.0,1.0,1.0,1.0,0.0,0.0,0.0,1.0,3.0,1.0,2.0,1.0,1.0,1.0,24.0,1.0,56.0,1.0,84.0,0.0,0.0,1.0,1.0,1.0,1.0,1.0,1.0,1.0,3.0,1.0,32.0,14.0,5.0,0.0,1.0,0.0,0.0,1.0,0.0,7.0,1.0,4.0,2.0,1.0,1.0,1.0,0.0,1.0,0.0,1.0,0.0,1.0,1.0,1.0,1.0,1.0,1.0,1.0,0.0,1.0,0.0,1.0,0.0,1.0,1.0,0.0,0.0,,,,,0.0,,,,,,,1.0,1.0,1.0,0.0,0.0,1.0,0.0,0.0,0.0,1.0,1.0,1.0,0.0,0.0,1.0,1.0,0.0,0.0,0.0,1.0,0.0,1.0,1.0,1.0,0.0,0.0,0.0,1.0,0.0,1.0,0.0,0.0,0.0,0.0,0.0,1.0,0.0,0.0,0.0,0.0,0.0,0.0,0.0,0.0,0.0,0.0,0.0,0.0,0.0,0.0,0.0,0.0,1.0,0.0
2025,Sudeste,3,São Paulo,SP,35,Limeira,3526902,Campinas,3510,Limeira,350042,Piracicaba,6,Limeira,27,Limeira,352690205,,,SENAC LIMEIRA,35149032,4,1.0,1,0.0,RUA QUADROS SOBRINHO,1,,CENTRO,13480223,,,-225.671.561,-473.986.995,1,15000.0,06JAN2025:00:00:00,12DEC2025:00:00:00,,,,,0.0,,,,,,,,,,,,,,,,,,,,0.0,0.0,0.0,0.0,0.0,1.0,0.0,"3,70981E+12","3,70981E+12",1.0,2.0,,,1.0,1.0,0.0,0.0,0.0,0.0,,1.0,0.0,0.0,1.0,1.0,0.0,0.0,0.0,0.0,0.0,1.0,0.0,0.0,0.0,1.0,0.0,0.0,0.0,0.0,1.0,0.0,0.0,0.0,0.0,1.0,1.0,0.0,0.0,1.0,1.0,0.0,1.0,1.0,0.0,1.0,1.0,1.0,1.0,1.0,0.0,0.0,0.0,0.0,1.0,1.0,1.0,0.0,1.0,0.0,0.0,0.0,0.0,0.0,0.0,0.0,0.0,0.0,0.0,0.0,1.0,1.0,0.0,1.0,0.0,1.0,0.0,0.0,0.0,0.0,1.0,1.0,1.0,1.0,1.0,1.0,1.0,1.0,0.0,1.0,25.0,0.0,25.0,25.0,25.0,0.0,0.0,1.0,1.0,1.0,1.0,1.0,0.0,0.0,0.0,1.0,2.0,1.0,4.0,1.0,20.0,1.0,26.0,1.0,194.0,1.0,53.0,0.0,0.0,1.0,1.0,1.0,1.0,0.0,1.0,1.0,3.0,1.0,23.0,14.0,4.0,0.0,1.0,0.0,0.0,1.0,0.0,2.0,1.0,5.0,0.0,1.0,0.0,1.0,0.0,0.0,0.0,1.0,0.0,1.0,1.0,1.0,1.0,1.0,1.0,1.0,0.0,1.0,0.0,1.0,0.0,0.0,1.0,0.0,0.0,,,,,0.0,,,,,,,1.0,1.0,1.0,0.0,0.0,1.0,0.0,0.0,0.0,1.0,1.0,1.0,0.0,0.0,1.0,1.0,0.0,0.0,0.0,1.0,0.0,1.0,1.0,1.0,0.0,0.0,1.0,1.0,0.0,1.0,0.0,0.0,0.0,0.0,0.0,1.0,0.0,0.0,0.0,0.0,0.0,0.0,0.0,0.0,0.0,0.0,0.0,0.0,0.0,0.0,0.0,0.0,1.0,1.0
2025,Sudeste,3,São Paulo,SP,35,Marília,3529005,Marília,3504,Marília,350013,Marília,9,Marília,38,Marília,352900505,,,SENAC MARILIA,35148933,4,1.0,1,0.0,RUA PARAIBA,125,,MARILIA,17509060,,,-222.141.117,-499.467.219,1,15000.0,06JAN2025:00:00:00,12DEC2025:00:00:00,,,,,0.0,,,,,,,,,,,,,,,,,,,,0.0,0.0,0.0,0.0,0.0,1.0,0.0,"3,70981E+12","3,70981E+12",1.0,2.0,,,1.0,1.0,0.0,0.0,0.0,0.0,,0.0,1.0,0.0,1.0,1.0,0.0,1.0,0.0,0.0,0.0,1.0,0.0,0.0,0.0,1.0,0.0,0.0,0.0,0.0,1.0,0.0,0.0,1.0,0.0,1.0,1.0,1.0,0.0,1.0,1.0,0.0,0.0,1.0,0.0,1.0,0.0,0.0,1.0,1.0,1.0,1.0,0.0,0.0,0.0,1.0,1.0,1.0,0.0,0.0,0.0,1.0,1.0,0.0,0.0,0.0,0.0,0.0,1.0,0.0,1.0,1.0,0.0,1.0,0.0,1.0,0.0,0.0,0.0,0.0,1.0,1.0,1.0,1.0,1.0,1.0,1.0,1.0,0.0,1.0,21.0,0.0,21.0,20.0,20.0,0.0,0.0,1.0,1.0,1.0,1.0,1.0,0.0,0.0,0.0,1.0,25.0,1.0,2.0,1.0,13.0,1.0,88888.0,1.0,71.0,1.0,90.0,0.0,0.0,1.0,1.0,1.0,1.0,1.0,1.0,1.0,3.0,1.0,29.0,11.0,4.0,25.0,0.0,0.0,0.0,0.0,0.0,4.0,1.0,6.0,2.0,1.0,0.0,0.0,0.0,0.0,0.0,0.0,0.0,1.0,0.0,1.0,1.0,1.0,1.0,0.0,0.0,0.0,0.0,0.0,0.0,0.0,1.0,0.0,0.0,,,,,0.0,,,,,,,1.0,1.0,1.0,0.0,0.0,1.0,0.0,0.0,0.0,0.0,1.0,1.0,0.0,0.0,1.0,1.0,0.0,0.0,0.0,0.0,0.0,0.0,1.0,1.0,0.0,0.0,1.0,0.0,0.0,1.0,0.0,0.0,0.0,0.0,0.0,0.0,0.0,0.0,0.0,0.0,0.0,0.0,0.0,0.0,0.0,0.0,0.0,0.0,0.0,0.0,0.0,0.0,1.0,1.0
2025,Sudeste,3,São Paulo,SP,35,Mogi Guaçu,3530706,Campinas,3510,Mogi Guaçu,350043,Campinas,7,Mogi Mirim,31,Mogi Guaçu,353070605,,,SENAC MOGI GUACU,35149044,4,1.0,1,0.0,RUA ADELINO DAMIAO,55,,JARDIM PAULISTA,13840402,19.0,30191155.0,-223.633.395,-469.330.738,1,15000.0,06JAN2025:00:00:00,12DEC2025:00:00:00,,,,,0.0,,,,,,,,,,,,,,,,,,,,0.0,0.0,0.0,0.0,0.0,1.0,0.0,"3,70981E+12","3,70981E+12",1.0,2.0,,,1.0,1.0,0.0,0.0,0.0,0.0,,1.0,1.0,0.0,1.0,1.0,0.0,0.0,0.0,0.0,0.0,1.0,1.0,0.0,0.0,1.0,0.0,0.0,0.0,0.0,1.0,1.0,0.0,0.0,0.0,1.0,0.0,1.0,0.0,1.0,1.0,1.0,1.0,1.0,0.0,1.0,1.0,1.0,1.0,1.0,1.0,1.0,0.0,0.0,1.0,1.0,1.0,1.0,1.0,0.0,0.0,0.0,0.0,0.0,0.0,1.0,0.0,0.0,1.0,0.0,1.0,1.0,1.0,1.0,0.0,1.0,0.0,0.0,0.0,0.0,1.0,1.0,1.0,1.0,1.0,0.0,1.0,1.0,0.0,1.0,23.0,8.0,31.0,23.0,23.0,0.0,0.0,1.0,1.0,1.0,1.0,1.0,0.0,1.0,1.0,1.0,1.0,1.0,1.0,1.0,22.0,1.0,24.0,1.0,138.0,1.0,74.0,1.0,8.0,1.0,1.0,1.0,1.0,1.0,1.0,1.0,3.0,1.0,34.0,11.0,4.0,0.0,0.0,0.0,0.0,0.0,0.0,7.0,1.0,8.0,0.0,1.0,0.0,0.0,0.0,0.0,0.0,1.0,0.0,0.0,1.0,0.0,1.0,1.0,1.0,0.0,0.0,1.0,0.0,0.0,0.0,0.0,1.0,0.0,0.0,,,,,0.0,,,,,,,1.0,1.0,0.0,0.0,0.0,1.0,0.0,0.0,0.0,1.0,1.0,1.0,0.0,0.0,1.0,1.0,0.0,0.0,0.0,1.0,0.0,1.0,1.0,1.0,0.0,0.0,0.0,1.0,0.0,1.0,0.0,0.0,0.0,0.0,0.0,1.0,0.0,0.0,0.0,0.0,0.0,0.0,0.0,0.0,0.0,0.0,0.0,0.0,0.0,0.0,0.0,0.0,1.0,0.0
2025,Sudeste,3,São Paulo,SP,35,Osasco,3534401,São Paulo,3501,São Paulo,350001,Metropolitana de São Paulo,15,Osasco,57,Osasco,353440105,,,SENAC OSASCO,35148748,4,1.0,1,0.0,RUA DANTE BATTISTON,248,,CENTRO,6013030,,,-235.323.539,-467.778.436,1,15000.0,06JAN2025:00:00:00,12DEC2025:00:00:00,,,,,0.0,,,,,,,,,,,,,,,,,,,,0.0,0.0,0.0,0.0,0.0,1.0,0.0,"3,70981E+12","3,70981E+12",1.0,2.0,,,1.0,1.0,0.0,0.0,0.0,0.0,,1.0,0.0,0.0,1.0,1.0,0.0,0.0,0.0,0.0,0.0,1.0,0.0,0.0,0.0,1.0,0.0,0.0,0.0,0.0,1.0,0.0,0.0,0.0,0.0,1.0,1.0,0.0,0.0,1.0,1.0,0.0,1.0,1.0,0.0,1.0,0.0,0.0,1.0,1.0,0.0,1.0,0.0,0.0,0.0,1.0,1.0,1.0,0.0,0.0,0.0,0.0,0.0,0.0,0.0,0.0,0.0,0.0,0.0,0.0,1.0,1.0,1.0,1.0,0.0,1.0,0.0,0.0,0.0,0.0,1.0,1.0,1.0,1.0,1.0,1.0,1.0,1.0,0.0,1.0,18.0,4.0,22.0,21.0,17.0,0.0,0.0,1.0,1.0,1.0,1.0,1.0,0.0,0.0,0.0,0.0,0.0,1.0,2.0,1.0,14.0,1.0,22.0,1.0,114.0,1.0,51.0,1.0,6.0,1.0,1.0,1.0,1.0,1.0,1.0,1.0,3.0,1.0,32.0,9.0,6.0,10.0,0.0,0.0,0.0,1.0,0.0,6.0,1.0,4.0,4.0,1.0,0.0,2.0,0.0,0.0,0.0,1.0,0.0,0.0,1.0,0.0,1.0,1.0,1.0,0.0,0.0,1.0,0.0,0.0,0.0,0.0,1.0,0.0,0.0,,,,,0.0,,,,,,,1.0,1.0,0.0,0.0,0.0,1.0,0.0,0.0,0.0,1.0,1.0,1.0,0.0,0.0,1.0,1.0,0.0,0.0,0.0,0.0,0.0,0.0,1.0,1.0,0.0,0.0,1.0,0.0,0.0,1.0,0.0,0.0,0.0,0.0,0.0,0.0,0.0,0.0,0.0,0.0,0.0,0.0,0.0,0.0,0.0,0.0,0.0,0.0,0.0,0.0,0.0,0.0,1.0,1.0
2025,Sudeste,3,São Paulo,SP,35,Ourinhos,3534708,Marília,3504,Ourinhos,350015,Assis,10,Ourinhos,40,Ourinhos,353470805,,,SENAC OURINHOS,35007931,4,1.0,1,0.0,DUQUE DE CAXIAS,679,,VILA RECREIO,19911621,,,,,1,15000.0,06JAN2025:00:00:00,12DEC2025:00:00:00,,,,,0.0,,,,,,,,,,,,,,,,,,,,0.0,0.0,0.0,0.0,0.0,1.0,0.0,"3,70981E+12","3,70981E+12",1.0,2.0,,,1.0,1.0,0.0,0.0,0.0,0.0,,0.0,0.0,0.0,1.0,1.0,0.0,0.0,0.0,0.0,0.0,1.0,1.0,0.0,0.0,1.0,0.0,0.0,0.0,0.0,1.0,0.0,0.0,1.0,0.0,1.0,0.0,1.0,0.0,1.0,1.0,0.0,1.0,1.0,0.0,1.0,1.0,1.0,1.0,1.0,1.0,1.0,0.0,0.0,0.0,1.0,0.0,1.0,1.0,0.0,0.0,0.0,0.0,0.0,0.0,0.0,0.0,0.0,0.0,0.0,1.0,1.0,1.0,1.0,0.0,1.0,0.0,0.0,0.0,0.0,1.0,1.0,1.0,1.0,1.0,1.0,1.0,1.0,0.0,1.0,20.0,0.0,20.0,20.0,20.0,0.0,0.0,1.0,1.0,1.0,1.0,1.0,0.0,0.0,0.0,1.0,2.0,1.0,6.0,0.0,0.0,1.0,88888.0,1.0,60.0,1.0,25.0,0.0,0.0,1.0,1.0,1.0,1.0,1.0,1.0,1.0,3.0,1.0,23.0,16.0,4.0,13.0,0.0,0.0,0.0,0.0,0.0,3.0,1.0,8.0,0.0,1.0,0.0,0.0,0.0,0.0,0.0,1.0,0.0,0.0,0.0,0.0,1.0,1.0,1.0,0.0,0.0,1.0,1.0,1.0,0.0,0.0,1.0,0.0,0.0,,,,,0.0,,,,,,,1.0,1.0,0.0,0.0,0.0,1.0,0.0,0.0,0.0,0.0,1.0,1.0,0.0,0.0,1.0,1.0,0.0,0.0,0.0,0.0,0.0,0.0,1.0,1.0,0.0,0.0,0.0,0.0,0.0,1.0,0.0,0.0,0.0,0.0,0.0,0.0,0.0,0.0,0.0,0.0,0.0,0.0,0.0,0.0,0.0,0.0,0.0,0.0,0.0,0.0,0.0,0.0,1.0,0.0
2025,Sudeste,3,São Paulo,SP,35,Pindamonhangaba,3538006,São José dos Campos,3511,Taubaté - Pindamonhangaba,350050,Vale do Paraíba Paulista,13,São José dos Campos,50,Pindamonhangaba,353800605,,,SENAC PINDAMONHANGABA,35004681,4,1.0,1,0.0,RUA SUICA,1255,,SANTANA,12403610,,,-229.204.142,-454.466.821,1,15000.0,06JAN2025:00:00:00,12DEC2025:00:00:00,,,,,0.0,,,,,,,,,,,,,,,,,,,,0.0,0.0,0.0,0.0,0.0,1.0,0.0,"3,70981E+12","3,70981E+12",1.0,2.0,,,1.0,1.0,0.0,0.0,0.0,0.0,,1.0,0.0,0.0,1.0,1.0,0.0,1.0,0.0,0.0,0.0,1.0,1.0,1.0,0.0,1.0,0.0,0.0,0.0,0.0,1.0,0.0,0.0,1.0,0.0,1.0,0.0,1.0,0.0,1.0,1.0,0.0,1.0,1.0,0.0,1.0,1.0,1.0,1.0,1.0,1.0,0.0,0.0,0.0,1.0,1.0,1.0,1.0,0.0,0.0,0.0,0.0,0.0,0.0,0.0,1.0,1.0,0.0,1.0,0.0,1.0,1.0,0.0,1.0,0.0,1.0,0.0,0.0,0.0,0.0,1.0,1.0,1.0,1.0,0.0,1.0,1.0,1.0,0.0,1.0,22.0,5.0,27.0,22.0,22.0,0.0,0.0,1.0,1.0,1.0,1.0,1.0,0.0,0.0,0.0,1.0,2.0,1.0,6.0,1.0,22.0,1.0,28.0,1.0,128.0,1.0,173.0,1.0,6.0,1.0,1.0,1.0,1.0,1.0,1.0,1.0,3.0,1.0,31.0,15.0,1.0,22.0,2.0,0.0,0.0,0.0,0.0,2.0,1.0,6.0,0.0,1.0,0.0,88888.0,0.0,0.0,0.0,1.0,0.0,1.0,1.0,1.0,1.0,1.0,1.0,1.0,0.0,1.0,0.0,0.0,0.0,0.0,1.0,0.0,0.0,,,,,0.0,,,,,,,1.0,1.0,0.0,0.0,0.0,1.0,0.0,0.0,0.0,1.0,1.0,1.0,0.0,0.0,1.0,1.0,0.0,0.0,0.0,1.0,0.0,1.0,1.0,1.0,0.0,0.0,0.0,1.0,0.0,1.0,0.0,0.0,0.0,0.0,0.0,1.0,0.0,0.0,0.0,0.0,0.0,0.0,0.0,0.0,0.0,0.0,0.0,0.0,0.0,0.0,0.0,0.0,1.0,0.0
2025,Sudeste,3,São Paulo,SP,35,Piracicaba,3538709,Campinas,3510,Piracicaba,350040,Piracicaba,6,Piracicaba,28,Piracicaba,353870905,,,SENAC PIRACICABA,35148970,4,1.0,1,0.0,RUA SANTA CRUZ,1148,,CIDADE ALTA,13419030,,,-227.290.569,-476.458.293,1,15000.0,06JAN2025:00:00:00,12DEC2025:00:00:00,,,,,0.0,,,,,,,,,,,,,,,,,,,,0.0,0.0,0.0,0.0,0.0,1.0,0.0,"3,70981E+12","3,70981E+12",1.0,2.0,,,1.0,1.0,0.0,0.0,0.0,0.0,,0.0,0.0,0.0,1.0,1.0,0.0,0.0,0.0,0.0,0.0,1.0,0.0,0.0,0.0,1.0,0.0,0.0,0.0,0.0,1.0,0.0,0.0,0.0,0.0,1.0,0.0,1.0,0.0,1.0,1.0,0.0,1.0,1.0,0.0,1.0,0.0,0.0,1.0,1.0,1.0,0.0,0.0,0.0,1.0,1.0,1.0,1.0,1.0,0.0,0.0,0.0,0.0,0.0,1.0,1.0,0.0,0.0,1.0,1.0,1.0,1.0,0.0,1.0,0.0,1.0,0.0,0.0,0.0,0.0,1.0,1.0,1.0,1.0,1.0,1.0,1.0,1.0,0.0,1.0,33.0,0.0,33.0,33.0,33.0,0.0,1.0,1.0,1.0,1.0,1.0,1.0,0.0,1.0,2.0,0.0,0.0,0.0,0.0,1.0,33.0,1.0,35.0,1.0,237.0,0.0,0.0,0.0,0.0,1.0,1.0,1.0,1.0,1.0,1.0,1.0,3.0,1.0,40.0,12.0,5.0,48.0,3.0,0.0,0.0,1.0,0.0,11.0,1.0,8.0,4.0,1.0,0.0,0.0,0.0,0.0,0.0,1.0,0.0,0.0,1.0,0.0,1.0,1.0,1.0,1.0,0.0,1.0,0.0,1.0,1.0,0.0,1.0,0.0,0.0,,,,,0.0,,,,,,,1.0,1.0,0.0,0.0,0.0,1.0,0.0,0.0,0.0,1.0,1.0,1.0,0.0,0.0,1.0,1.0,0.0,0.0,0.0,1.0,0.0,1.0,1.0,1.0,0.0,0.0,1.0,1.0,0.0,1.0,0.0,0.0,0.0,0.0,0.0,1.0,0.0,0.0,0.0,0.0,0.0,0.0,0.0,0.0,0.0,0.0,0.0,0.0,0.0,0.0,0.0,0.0,1.0,1.0
2025,Sudeste,3,São Paulo,SP,35,Presidente Prudente,3541406,Presidente Prudente,3505,Presidente Prudente,350018,Presidente Prudente,8,Presidente Prudente,36,Presidente Prudente,354140605,,,SENAC PRESIDENTE PRUDENTE,35148921,4,1.0,1,0.0,AV. MANOEL GOULART,2881,,VILA SANTA HELENA,19060000,,,-221.167.373,-514.091.941,1,15000.0,06JAN2025:00:00:00,12DEC2025:00:00:00,,,,,0.0,,,,,,,,,,,,,,,,,,,,0.0,0.0,0.0,0.0,0.0,1.0,0.0,"3,70981E+12","3,70981E+12",1.0,2.0,,,1.0,1.0,0.0,0.0,0.0,0.0,,0.0,0.0,0.0,1.0,1.0,0.0,0.0,0.0,0.0,0.0,1.0,0.0,0.0,0.0,1.0,0.0,0.0,0.0,0.0,1.0,0.0,0.0,0.0,0.0,1.0,0.0,0.0,0.0,1.0,1.0,0.0,1.0,1.0,0.0,1.0,1.0,0.0,1.0,1.0,0.0,0.0,0.0,0.0,0.0,1.0,1.0,1.0,1.0,0.0,0.0,0.0,0.0,0.0,0.0,0.0,0.0,0.0,0.0,1.0,1.0,1.0,1.0,1.0,0.0,1.0,0.0,0.0,0.0,0.0,1.0,1.0,0.0,1.0,1.0,0.0,1.0,0.0,0.0,0.0,17.0,0.0,17.0,17.0,17.0,0.0,1.0,1.0,0.0,1.0,1.0,1.0,0.0,1.0,2.0,1.0,2.0,1.0,7.0,1.0,6.0,1.0,17.0,1.0,100.0,1.0,45.0,0.0,0.0,1.0,1.0,1.0,1.0,0.0,1.0,1.0,3.0,1.0,22.0,9.0,4.0,0.0,0.0,0.0,0.0,0.0,0.0,1.0,1.0,4.0,0.0,1.0,0.0,1.0,0.0,0.0,0.0,1.0,0.0,0.0,1.0,0.0,1.0,0.0,1.0,1.0,0.0,0.0,0.0,0.0,0.0,0.0,0.0,0.0,0.0,,,,,0.0,,,,,,,1.0,1.0,0.0,0.0,0.0,1.0,0.0,0.0,0.0,1.0,1.0,1.0,0.0,0.0,1.0,1.0,0.0,0.0,0.0,0.0,0.0,0.0,1.0,1.0,0.0,0.0,1.0,0.0,0.0,1.0,0.0,0.0,0.0,0.0,0.0,0.0,0.0,0.0,0.0,0.0,0.0,0.0,0.0,0.0,0.0,0.0,0.0,0.0,0.0,0.0,0.0,0.0,1.0,1.0
2025,Sudeste,3,São Paulo,SP,35,Registro,3542602,Sorocaba,3502,Registro,350005,Litoral Sul Paulista,14,Registro,55,Registro,354260205,,,SENAC REGISTRO,35585701,4,1.0,1,0.0,RUA TEITI KOKI,105,,,11900000,,,-244.997.611,-478.398.517,1,15000.0,06JAN2025:00:00:00,12DEC2025:00:00:00,,,,,0.0,,,,,,,,,,,,,,,,,,,,0.0,0.0,0.0,0.0,0.0,1.0,0.0,"3,70981E+12","3,70981E+12",1.0,2.0,,,1.0,1.0,0.0,0.0,0.0,0.0,,0.0,0.0,0.0,1.0,1.0,0.0,0.0,0.0,0.0,0.0,1.0,0.0,0.0,0.0,1.0,0.0,0.0,0.0,0.0,1.0,0.0,0.0,0.0,0.0,1.0,0.0,0.0,0.0,1.0,1.0,1.0,1.0,1.0,0.0,1.0,1.0,1.0,1.0,1.0,0.0,0.0,0.0,0.0,0.0,1.0,1.0,0.0,1.0,0.0,0.0,0.0,0.0,0.0,0.0,0.0,0.0,0.0,0.0,0.0,1.0,1.0,1.0,1.0,0.0,1.0,0.0,0.0,0.0,0.0,1.0,1.0,1.0,1.0,1.0,1.0,1.0,1.0,0.0,1.0,20.0,0.0,20.0,20.0,20.0,0.0,0.0,1.0,0.0,0.0,1.0,1.0,0.0,1.0,3.0,0.0,0.0,1.0,5.0,0.0,0.0,1.0,21.0,1.0,120.0,1.0,90.0,0.0,0.0,1.0,1.0,1.0,1.0,1.0,1.0,1.0,3.0,1.0,26.0,8.0,4.0,0.0,0.0,0.0,0.0,0.0,0.0,5.0,1.0,6.0,0.0,1.0,0.0,1.0,0.0,0.0,0.0,1.0,0.0,1.0,1.0,0.0,1.0,1.0,1.0,0.0,0.0,0.0,0.0,1.0,0.0,0.0,1.0,0.0,0.0,,,,,0.0,,,,,,,1.0,1.0,1.0,0.0,0.0,1.0,0.0,0.0,0.0,0.0,1.0,1.0,0.0,0.0,1.0,1.0,0.0,0.0,0.0,1.0,0.0,1.0,1.0,1.0,0.0,0.0,0.0,1.0,0.0,1.0,0.0,0.0,0.0,0.0,0.0,1.0,0.0,0.0,0.0,0.0,0.0,0.0,0.0,0.0,0.0,0.0,0.0,0.0,0.0,0.0,0.0,0.0,1.0,0.0
2025,Sudeste,3,São Paulo,SP,35,Ribeirão Preto,3543402,Ribeirão Preto,3508,Ribeirão Preto,350031,Ribeirão Preto,2,Ribeirão Preto,14,Ribeirão Preto,354340205,,,SENAC RIBEIRAO PRETO,35148866,4,1.0,1,0.0,AV. CAPITAO SALOMAO,2133,,CAMPOS ELISEOS,14085430,,,-211.711.048,-477.981.006,1,15000.0,06JAN2025:00:00:00,12DEC2025:00:00:00,,,,,0.0,,,,,,,,,,,,,,,,,,,,0.0,0.0,0.0,0.0,0.0,1.0,0.0,"3,70981E+12","3,70981E+12",1.0,2.0,,,1.0,1.0,0.0,0.0,0.0,0.0,,1.0,1.0,0.0,1.0,1.0,1.0,1.0,1.0,0.0,0.0,1.0,1.0,0.0,0.0,1.0,0.0,0.0,0.0,0.0,1.0,1.0,0.0,1.0,0.0,1.0,0.0,1.0,0.0,1.0,1.0,0.0,1.0,1.0,0.0,1.0,1.0,1.0,1.0,1.0,0.0,0.0,0.0,0.0,0.0,1.0,1.0,1.0,0.0,0.0,0.0,0.0,0.0,0.0,0.0,0.0,0.0,0.0,1.0,1.0,1.0,1.0,0.0,1.0,0.0,1.0,0.0,0.0,0.0,0.0,1.0,1.0,1.0,1.0,0.0,1.0,1.0,1.0,0.0,0.0,54.0,15.0,69.0,54.0,0.0,0.0,1.0,1.0,0.0,1.0,1.0,1.0,0.0,0.0,0.0,1.0,40.0,1.0,15.0,1.0,50.0,1.0,63.0,1.0,376.0,1.0,204.0,1.0,12.0,1.0,1.0,1.0,1.0,1.0,1.0,1.0,3.0,1.0,28.0,15.0,1.0,0.0,0.0,0.0,0.0,1.0,0.0,0.0,1.0,0.0,0.0,1.0,0.0,2.0,0.0,0.0,0.0,0.0,0.0,0.0,0.0,1.0,1.0,1.0,1.0,0.0,0.0,1.0,0.0,1.0,0.0,0.0,1.0,0.0,0.0,,,,,0.0,,,,,,,1.0,1.0,1.0,0.0,0.0,1.0,0.0,0.0,0.0,0.0,1.0,1.0,0.0,0.0,1.0,1.0,0.0,0.0,0.0,1.0,0.0,1.0,1.0,1.0,0.0,0.0,0.0,1.0,0.0,1.0,0.0,0.0,0.0,0.0,0.0,1.0,0.0,0.0,0.0,0.0,0.0,0.0,0.0,0.0,0.0,0.0,0.0,0.0,0.0,0.0,0.0,0.0,1.0,0.0
2025,Sudeste,3,São Paulo,SP,35,Rio Claro,3543907,Campinas,3510,Rio Claro,350046,Piracicaba,6,Rio Claro,26,Rio Claro,354390705,,,SENAC RIO CLARO,35149111,4,1.0,1,0.0,AV. DOIS,720,,ZONA CENTRAL,13500411,,,-224.104.155,-475.652.407,1,15000.0,06JAN2025:00:00:00,12DEC2025:00:00:00,,,,,0.0,,,,,,,,,,,,,,,,,,,,0.0,0.0,0.0,0.0,0.0,1.0,0.0,"3,70981E+12","3,70981E+12",1.0,2.0,,,1.0,3.0,0.0,0.0,0.0,0.0,,0.0,0.0,0.0,1.0,1.0,0.0,0.0,0.0,0.0,0.0,1.0,0.0,0.0,0.0,1.0,0.0,0.0,0.0,0.0,1.0,0.0,0.0,0.0,0.0,1.0,0.0,0.0,0.0,1.0,0.0,0.0,1.0,1.0,0.0,1.0,0.0,0.0,1.0,1.0,0.0,0.0,0.0,0.0,0.0,1.0,0.0,0.0,1.0,0.0,0.0,0.0,0.0,0.0,0.0,0.0,0.0,0.0,0.0,0.0,1.0,1.0,0.0,1.0,0.0,1.0,0.0,0.0,0.0,0.0,1.0,1.0,1.0,1.0,1.0,1.0,1.0,0.0,0.0,1.0,12.0,0.0,12.0,12.0,12.0,0.0,0.0,1.0,1.0,1.0,1.0,1.0,0.0,0.0,0.0,1.0,1.0,1.0,2.0,0.0,0.0,1.0,12.0,1.0,52.0,1.0,15.0,1.0,3.0,1.0,1.0,1.0,1.0,1.0,1.0,1.0,3.0,1.0,13.0,5.0,3.0,9.0,0.0,0.0,0.0,0.0,0.0,3.0,1.0,3.0,0.0,1.0,0.0,0.0,0.0,0.0,0.0,0.0,0.0,0.0,1.0,0.0,1.0,0.0,1.0,0.0,0.0,0.0,0.0,0.0,0.0,0.0,0.0,0.0,0.0,,,,,0.0,,,,,,,1.0,0.0,0.0,0.0,0.0,1.0,0.0,0.0,0.0,0.0,1.0,1.0,0.0,0.0,1.0,1.0,0.0,0.0,0.0,0.0,0.0,0.0,1.0,1.0,0.0,0.0,0.0,0.0,0.0,1.0,0.0,0.0,0.0,0.0,0.0,0.0,0.0,0.0,0.0,0.0,0.0,0.0,0.0,0.0,0.0,0.0,0.0,0.0,0.0,0.0,0.0,0.0,1.0,0.0
2025,Sudeste,3,São Paulo,SP,35,Salto,3545209,Sorocaba,3502,Sorocaba,350003,Macro Metropolitana Paulista,12,Sorocaba,46,Salto,354520905,,,SENAC SALTO,35005871,4,1.0,1,0.0,DOUTORA SONIA MARIA BULLE LOPES,1245,,BURU,13328330,,,-2.314.550.839,-4.732.584.478,1,15000.0,06JAN2025:00:00:00,20DEC2025:00:00:00,,,,,0.0,,,,,,,,,,,,,,,,,,,,0.0,0.0,0.0,0.0,0.0,1.0,0.0,"3,70981E+12","3,70981E+12",1.0,2.0,,,1.0,3.0,0.0,0.0,0.0,0.0,,0.0,0.0,0.0,1.0,1.0,1.0,1.0,0.0,0.0,0.0,1.0,1.0,0.0,0.0,1.0,0.0,0.0,0.0,0.0,1.0,0.0,0.0,0.0,0.0,1.0,0.0,0.0,0.0,1.0,1.0,0.0,1.0,1.0,0.0,1.0,0.0,1.0,1.0,1.0,1.0,1.0,0.0,0.0,0.0,1.0,1.0,1.0,0.0,0.0,0.0,0.0,0.0,0.0,0.0,1.0,0.0,0.0,0.0,0.0,1.0,1.0,1.0,1.0,1.0,1.0,0.0,0.0,0.0,0.0,1.0,0.0,1.0,1.0,1.0,1.0,1.0,1.0,0.0,1.0,18.0,0.0,18.0,18.0,18.0,0.0,0.0,1.0,0.0,1.0,1.0,1.0,0.0,0.0,0.0,1.0,20.0,1.0,4.0,0.0,0.0,1.0,21.0,1.0,84.0,1.0,35.0,0.0,0.0,1.0,1.0,1.0,1.0,1.0,1.0,1.0,3.0,1.0,24.0,9.0,5.0,0.0,0.0,0.0,0.0,0.0,0.0,7.0,1.0,8.0,0.0,1.0,0.0,0.0,0.0,0.0,0.0,1.0,0.0,0.0,1.0,1.0,1.0,1.0,1.0,1.0,0.0,1.0,0.0,0.0,0.0,0.0,0.0,0.0,0.0,,,,,1.0,0.0,1.0,0.0,0.0,0.0,0.0,1.0,1.0,1.0,0.0,0.0,1.0,0.0,0.0,0.0,0.0,1.0,1.0,1.0,1.0,1.0,1.0,0.0,0.0,0.0,1.0,0.0,1.0,1.0,1.0,0.0,0.0,0.0,1.0,0.0,1.0,0.0,0.0,0.0,0.0,0.0,1.0,0.0,0.0,0.0,0.0,0.0,0.0,0.0,0.0,0.0,0.0,0.0,0.0,0.0,0.0,0.0,0.0,1.0,0.0
2025,Sudeste,3,São Paulo,SP,35,Santo André,3547809,São Paulo,3501,São Paulo,350001,Metropolitana de São Paulo,15,São Paulo,61,Santo André,354780905,,,SENAC SANTO ANDRE,35148738,4,1.0,1,0.0,RUA RAMIRO COLLEONI,110,,CENTRO,9040160,,,-236.610.412,-465.306.379,1,15000.0,06JAN2025:00:00:00,12DEC2025:00:00:00,,,,,0.0,,,,,,,,,,,,,,,,,,,,0.0,0.0,0.0,0.0,0.0,1.0,0.0,"3,70981E+12","3,70981E+12",1.0,2.0,,,1.0,1.0,0.0,0.0,0.0,0.0,,1.0,0.0,0.0,1.0,1.0,0.0,0.0,0.0,0.0,0.0,1.0,1.0,0.0,0.0,1.0,0.0,0.0,0.0,0.0,1.0,0.0,0.0,0.0,0.0,1.0,0.0,0.0,0.0,1.0,1.0,0.0,1.0,1.0,0.0,1.0,0.0,0.0,1.0,1.0,0.0,0.0,0.0,0.0,0.0,1.0,0.0,0.0,0.0,0.0,0.0,0.0,0.0,0.0,0.0,0.0,0.0,0.0,0.0,0.0,0.0,1.0,0.0,1.0,0.0,1.0,0.0,0.0,0.0,0.0,1.0,1.0,1.0,1.0,1.0,0.0,1.0,1.0,0.0,1.0,36.0,0.0,36.0,36.0,36.0,0.0,0.0,1.0,0.0,1.0,1.0,0.0,0.0,0.0,0.0,1.0,7.0,0.0,0.0,0.0,0.0,1.0,45.0,1.0,181.0,1.0,111.0,1.0,7.0,1.0,1.0,1.0,1.0,1.0,1.0,1.0,3.0,1.0,40.0,12.0,5.0,0.0,1.0,0.0,0.0,1.0,0.0,10.0,1.0,6.0,0.0,1.0,0.0,0.0,0.0,0.0,0.0,1.0,0.0,0.0,1.0,1.0,1.0,1.0,1.0,0.0,0.0,0.0,0.0,0.0,0.0,0.0,0.0,0.0,0.0,,,,,0.0,,,,,,,1.0,1.0,1.0,0.0,0.0,1.0,0.0,0.0,0.0,1.0,1.0,1.0,0.0,0.0,1.0,1.0,0.0,0.0,0.0,1.0,0.0,1.0,1.0,1.0,0.0,0.0,0.0,1.0,0.0,1.0,0.0,0.0,0.0,0.0,0.0,1.0,0.0,0.0,0.0,0.0,0.0,0.0,0.0,0.0,0.0,0.0,0.0,0.0,0.0,0.0,0.0,0.0,1.0,0.0
2025,Sudeste,3,São Paulo,SP,35,Santos,3548500,São Paulo,3501,Santos,350002,Metropolitana de São Paulo,15,Santos,63,Santos,354850005,,,SENAC SANTOS,35148751,4,1.0,1,0.0,AV. CONSELHEIRO NEBIAS,309,,VILA MATHIAS,11015003,,,-239.472.882,-463.213.659,1,15000.0,06JAN2025:00:00:00,12DEC2025:00:00:00,,,,,0.0,,,,,,,,,,,,,,,,,,,,0.0,0.0,0.0,0.0,0.0,1.0,0.0,"3,70981E+12","3,70981E+12",1.0,2.0,,,1.0,1.0,0.0,0.0,0.0,0.0,,1.0,0.0,0.0,1.0,1.0,0.0,0.0,0.0,0.0,0.0,1.0,0.0,0.0,0.0,1.0,0.0,0.0,0.0,0.0,1.0,0.0,0.0,1.0,0.0,1.0,0.0,1.0,0.0,1.0,1.0,1.0,1.0,1.0,0.0,1.0,0.0,0.0,1.0,1.0,1.0,1.0,0.0,0.0,0.0,1.0,1.0,1.0,1.0,0.0,0.0,0.0,0.0,0.0,0.0,1.0,0.0,0.0,1.0,0.0,1.0,1.0,0.0,1.0,0.0,1.0,0.0,0.0,0.0,0.0,1.0,1.0,1.0,0.0,1.0,0.0,1.0,1.0,0.0,0.0,29.0,1.0,30.0,29.0,10.0,0.0,1.0,1.0,1.0,1.0,1.0,1.0,0.0,0.0,0.0,1.0,1.0,1.0,2.0,1.0,15.0,1.0,39.0,1.0,115.0,1.0,195.0,1.0,50.0,1.0,1.0,1.0,1.0,1.0,1.0,1.0,3.0,1.0,44.0,11.0,5.0,17.0,1.0,0.0,0.0,1.0,3.0,6.0,1.0,4.0,0.0,1.0,0.0,2.0,1.0,0.0,0.0,1.0,0.0,1.0,1.0,0.0,1.0,1.0,1.0,1.0,0.0,1.0,0.0,0.0,0.0,0.0,0.0,0.0,0.0,,,,,0.0,,,,,,,1.0,1.0,1.0,0.0,0.0,1.0,0.0,0.0,0.0,1.0,1.0,1.0,0.0,0.0,1.0,1.0,0.0,0.0,0.0,1.0,0.0,1.0,1.0,1.0,0.0,0.0,0.0,1.0,0.0,1.0,0.0,0.0,0.0,0.0,0.0,1.0,0.0,0.0,0.0,0.0,0.0,0.0,0.0,0.0,0.0,0.0,0.0,0.0,0.0,0.0,0.0,0.0,1.0,0.0
2025,Sudeste,3,São Paulo,SP,35,São Bernardo do Campo,3548708,São Paulo,3501,São Paulo,350001,Metropolitana de São Paulo,15,São Paulo,61,São Bernardo do Campo,354870805,,,SENAC SAO BERNARDO DO CAMPO,35569070,4,1.0,1,0.0,AVENIDA SENADOR VERGUEIRO,400,,CENTRO,9750000,,,-236.910.563,-465.521.092,1,15000.0,06JAN2025:00:00:00,12DEC2025:00:00:00,,,,,0.0,,,,,,,,,,,,,,,,,,,,0.0,0.0,0.0,0.0,0.0,1.0,0.0,"3,70981E+12","3,70981E+12",1.0,2.0,,,1.0,1.0,0.0,0.0,0.0,0.0,,1.0,0.0,0.0,1.0,1.0,0.0,0.0,0.0,0.0,0.0,1.0,0.0,0.0,0.0,1.0,0.0,0.0,0.0,0.0,1.0,0.0,0.0,0.0,0.0,1.0,0.0,1.0,0.0,1.0,1.0,0.0,1.0,1.0,0.0,1.0,1.0,1.0,1.0,1.0,0.0,0.0,0.0,0.0,0.0,1.0,1.0,1.0,1.0,0.0,0.0,0.0,0.0,0.0,1.0,0.0,0.0,0.0,0.0,1.0,1.0,1.0,0.0,1.0,0.0,1.0,0.0,0.0,0.0,0.0,1.0,1.0,1.0,1.0,1.0,1.0,1.0,1.0,0.0,1.0,42.0,0.0,42.0,41.0,42.0,0.0,1.0,1.0,0.0,1.0,1.0,1.0,0.0,0.0,0.0,0.0,0.0,1.0,4.0,1.0,38.0,1.0,42.0,1.0,168.0,1.0,228.0,1.0,14.0,1.0,1.0,1.0,1.0,1.0,1.0,1.0,3.0,1.0,41.0,15.0,4.0,0.0,8.0,0.0,0.0,1.0,0.0,8.0,1.0,6.0,8.0,1.0,0.0,0.0,0.0,0.0,0.0,1.0,0.0,0.0,1.0,1.0,1.0,1.0,1.0,1.0,0.0,1.0,0.0,1.0,0.0,0.0,0.0,0.0,0.0,,,,,0.0,,,,,,,1.0,1.0,1.0,0.0,0.0,1.0,0.0,0.0,0.0,0.0,1.0,1.0,0.0,0.0,1.0,1.0,0.0,0.0,0.0,1.0,0.0,1.0,1.0,1.0,0.0,0.0,0.0,1.0,0.0,1.0,0.0,0.0,0.0,0.0,0.0,1.0,0.0,0.0,0.0,0.0,0.0,0.0,0.0,0.0,0.0,0.0,0.0,0.0,0.0,0.0,0.0,0.0,1.0,0.0
2025,Sudeste,3,São Paulo,SP,35,São Carlos,3548906,Araraquara,3509,São Carlos,350037,Araraquara,5,São Carlos,25,São Carlos,354890605,,,SENAC SAO CARLOS,35148878,4,1.0,1,0.0,RUA EPISCOPAL,700,,NUCLEO RESIDENCIAL SILVIO VILARI,13560570,16.0,991359801.0,-220.252.647,-478.913.421,1,15000.0,06JAN2025:00:00:00,12DEC2025:00:00:00,,,,,0.0,,,,,,,,,,,,,,,,,,,,0.0,0.0,0.0,0.0,0.0,1.0,0.0,"3,70981E+12","3,70981E+12",1.0,2.0,,,1.0,1.0,0.0,0.0,0.0,0.0,,1.0,1.0,0.0,1.0,1.0,0.0,0.0,0.0,0.0,0.0,1.0,0.0,0.0,0.0,1.0,0.0,0.0,0.0,0.0,1.0,0.0,1.0,1.0,0.0,1.0,1.0,1.0,0.0,1.0,1.0,0.0,1.0,1.0,0.0,1.0,1.0,1.0,1.0,1.0,1.0,1.0,0.0,0.0,1.0,1.0,1.0,0.0,0.0,0.0,0.0,0.0,0.0,0.0,0.0,0.0,0.0,0.0,0.0,1.0,1.0,1.0,0.0,1.0,0.0,1.0,0.0,0.0,0.0,0.0,1.0,1.0,1.0,1.0,1.0,1.0,1.0,1.0,0.0,1.0,30.0,7.0,37.0,30.0,30.0,0.0,0.0,1.0,1.0,1.0,1.0,1.0,0.0,0.0,0.0,1.0,6.0,1.0,11.0,1.0,28.0,1.0,88888.0,1.0,268.0,1.0,213.0,1.0,7.0,1.0,1.0,1.0,1.0,1.0,1.0,1.0,3.0,1.0,18.0,1.0,5.0,0.0,2.0,0.0,0.0,1.0,0.0,6.0,1.0,6.0,3.0,14.0,0.0,1.0,0.0,0.0,0.0,1.0,0.0,0.0,1.0,0.0,1.0,1.0,1.0,0.0,0.0,1.0,0.0,0.0,0.0,0.0,1.0,0.0,0.0,,,,,0.0,,,,,,,1.0,1.0,1.0,0.0,0.0,1.0,0.0,0.0,0.0,1.0,1.0,1.0,0.0,0.0,1.0,1.0,0.0,0.0,0.0,1.0,0.0,1.0,1.0,1.0,0.0,0.0,1.0,1.0,0.0,1.0,0.0,0.0,0.0,0.0,0.0,1.0,0.0,0.0,0.0,0.0,0.0,0.0,0.0,0.0,0.0,0.0,0.0,0.0,0.0,0.0,0.0,0.0,1.0,1.0
2025,Sudeste,3,São Paulo,SP,35,São João da Boa Vista,3549102,Campinas,3510,São João da Boa Vista,350044,Campinas,7,São João da Boa Vista,30,São João da Boa Vista,354910205,,,SENAC SAO JOAO DA BOA VISTA,35149123,4,1.0,1,0.0,RUA SAO JOAO,204,,CENTRO,13870222,,,-219.671.404,-467.995.251,1,15000.0,06JAN2025:00:00:00,12DEC2025:00:00:00,,,,,0.0,,,,,,,,,,,,,,,,,,,,0.0,0.0,0.0,0.0,0.0,1.0,0.0,"3,70981E+12","3,70981E+12",1.0,2.0,,,1.0,3.0,0.0,0.0,0.0,0.0,,1.0,0.0,0.0,1.0,1.0,0.0,0.0,0.0,0.0,0.0,1.0,0.0,0.0,0.0,1.0,0.0,0.0,0.0,0.0,1.0,0.0,0.0,0.0,0.0,1.0,1.0,1.0,0.0,1.0,1.0,0.0,1.0,1.0,0.0,1.0,0.0,0.0,1.0,1.0,1.0,0.0,0.0,0.0,0.0,1.0,1.0,0.0,1.0,0.0,0.0,0.0,0.0,0.0,0.0,0.0,0.0,0.0,0.0,0.0,0.0,1.0,0.0,1.0,0.0,1.0,0.0,0.0,0.0,0.0,1.0,1.0,1.0,0.0,0.0,1.0,1.0,1.0,0.0,1.0,7.0,0.0,7.0,7.0,7.0,0.0,1.0,1.0,1.0,1.0,1.0,1.0,0.0,0.0,0.0,0.0,0.0,1.0,3.0,0.0,0.0,1.0,88888.0,1.0,15.0,1.0,62.0,0.0,0.0,1.0,1.0,1.0,1.0,1.0,1.0,1.0,3.0,1.0,14.0,5.0,3.0,0.0,0.0,0.0,0.0,0.0,0.0,3.0,1.0,4.0,1.0,1.0,0.0,0.0,0.0,0.0,0.0,1.0,0.0,0.0,1.0,1.0,1.0,1.0,1.0,0.0,0.0,0.0,0.0,0.0,0.0,0.0,0.0,0.0,0.0,,,,,0.0,,,,,,,1.0,1.0,1.0,0.0,0.0,1.0,0.0,0.0,0.0,1.0,1.0,1.0,0.0,0.0,1.0,1.0,0.0,0.0,0.0,0.0,0.0,0.0,1.0,1.0,0.0,0.0,0.0,0.0,0.0,1.0,0.0,0.0,0.0,0.0,0.0,0.0,0.0,0.0,0.0,0.0,0.0,0.0,0.0,0.0,0.0,0.0,0.0,0.0,0.0,0.0,0.0,0.0,1.0,0.0
2025,Sudeste,3,São Paulo,SP,35,São José do Rio Preto,3549805,São José do Rio Preto,3507,São José do Rio Preto,350025,São José do Rio Preto,1,São José do Rio Preto,4,São José do Rio Preto,354980505,,,SENAC SAO JOSE DO RIO PRETO,35148908,4,1.0,1,0.0,RUA JORGE TIBIRICA,3518,,VILA SANTA CRUZ,15014040,,,-208.148.762,-493.772.671,1,15000.0,06JAN2025:00:00:00,12DEC2025:00:00:00,,,,,0.0,,,,,,,,,,,,,,,,,,,,0.0,0.0,0.0,0.0,0.0,1.0,0.0,"3,70981E+12","3,70981E+12",1.0,2.0,,,1.0,1.0,0.0,0.0,0.0,0.0,,1.0,1.0,0.0,1.0,1.0,1.0,0.0,0.0,0.0,0.0,1.0,0.0,0.0,0.0,1.0,0.0,0.0,0.0,0.0,1.0,0.0,0.0,1.0,0.0,1.0,1.0,0.0,0.0,1.0,1.0,0.0,1.0,1.0,0.0,1.0,1.0,1.0,1.0,1.0,1.0,1.0,0.0,0.0,0.0,1.0,1.0,1.0,1.0,0.0,0.0,0.0,0.0,0.0,0.0,0.0,0.0,0.0,0.0,0.0,1.0,1.0,1.0,1.0,0.0,1.0,0.0,0.0,0.0,0.0,1.0,1.0,1.0,1.0,1.0,1.0,1.0,1.0,0.0,1.0,24.0,0.0,24.0,24.0,24.0,0.0,0.0,1.0,1.0,1.0,1.0,1.0,0.0,0.0,0.0,0.0,0.0,1.0,15.0,1.0,13.0,1.0,24.0,1.0,386.0,1.0,287.0,0.0,0.0,1.0,1.0,1.0,1.0,1.0,1.0,1.0,3.0,1.0,42.0,12.0,6.0,3.0,2.0,0.0,0.0,1.0,3.0,8.0,1.0,8.0,0.0,1.0,0.0,4.0,0.0,0.0,0.0,1.0,0.0,0.0,1.0,0.0,1.0,0.0,1.0,0.0,0.0,1.0,0.0,1.0,0.0,0.0,1.0,0.0,0.0,,,,,0.0,,,,,,,1.0,1.0,1.0,0.0,0.0,1.0,0.0,0.0,0.0,1.0,1.0,1.0,0.0,0.0,1.0,1.0,0.0,0.0,0.0,1.0,0.0,1.0,1.0,1.0,0.0,0.0,1.0,1.0,0.0,1.0,0.0,0.0,0.0,0.0,0.0,1.0,0.0,0.0,0.0,0.0,0.0,0.0,0.0,0.0,0.0,0.0,0.0,0.0,0.0,0.0,0.0,0.0,1.0,1.0
2025,Sudeste,3,São Paulo,SP,35,São José dos Campos,3549904,São José dos Campos,3511,São José dos Campos,350049,Vale do Paraíba Paulista,13,São José dos Campos,50,São José dos Campos,354990405,,,SENAC SAO JOSE DOS CAMPOS,35148945,4,1.0,1,0.0,RUA SAIGIRO NAKAMURA,400,,VILA INDUSTRIAL,12220280,,,-231.804.883,-458.587.109,1,15000.0,06JAN2025:00:00:00,12DEC2025:00:00:00,,,,,0.0,,,,,,,,,,,,,,,,,,,,0.0,0.0,0.0,0.0,0.0,1.0,0.0,"3,70981E+12","3,70981E+12",1.0,2.0,,,1.0,1.0,0.0,0.0,0.0,0.0,,1.0,1.0,0.0,1.0,1.0,1.0,0.0,0.0,0.0,0.0,1.0,0.0,0.0,0.0,1.0,0.0,0.0,0.0,0.0,0.0,0.0,0.0,1.0,0.0,1.0,0.0,1.0,0.0,1.0,1.0,1.0,1.0,1.0,0.0,1.0,0.0,0.0,1.0,1.0,0.0,0.0,0.0,0.0,0.0,1.0,1.0,0.0,0.0,0.0,0.0,0.0,0.0,0.0,0.0,0.0,0.0,0.0,0.0,0.0,1.0,1.0,0.0,1.0,0.0,1.0,0.0,0.0,0.0,0.0,1.0,1.0,1.0,1.0,1.0,1.0,1.0,1.0,0.0,1.0,23.0,15.0,38.0,21.0,23.0,0.0,0.0,1.0,1.0,1.0,1.0,1.0,0.0,1.0,2.0,1.0,1.0,1.0,7.0,1.0,20.0,1.0,37.0,1.0,246.0,1.0,193.0,0.0,0.0,1.0,1.0,1.0,1.0,1.0,1.0,1.0,3.0,1.0,35.0,14.0,5.0,16.0,1.0,0.0,0.0,1.0,0.0,2.0,1.0,6.0,0.0,1.0,0.0,0.0,0.0,0.0,0.0,1.0,0.0,0.0,1.0,0.0,1.0,1.0,1.0,1.0,0.0,0.0,1.0,0.0,1.0,0.0,0.0,0.0,0.0,,,,,0.0,,,,,,,1.0,1.0,1.0,0.0,0.0,1.0,0.0,0.0,0.0,0.0,1.0,1.0,0.0,0.0,1.0,1.0,0.0,0.0,0.0,1.0,0.0,1.0,1.0,1.0,0.0,0.0,0.0,1.0,0.0,1.0,0.0,0.0,0.0,0.0,0.0,1.0,0.0,0.0,0.0,0.0,0.0,0.0,0.0,0.0,0.0,0.0,0.0,0.0,0.0,0.0,0.0,0.0,1.0,0.0
2025,Sudeste,3,São Paulo,SP,35,São Paulo,3550308,São Paulo,3501,São Paulo,350001,Metropolitana de São Paulo,15,São Paulo,61,Itaquera,355030837,,,SENAC ITAQUERA,35149100,4,1.0,1,0.0,AV. ITAQUERA,8266,,VILA CARMOSINA,8295000,11.0,21859200.0,-235.398.082,-464.564.005,1,15000.0,06JAN2025:00:00:00,12DEC2025:00:00:00,,,,,0.0,,,,,,,,,,,,,,,,,,,,0.0,0.0,0.0,0.0,0.0,1.0,0.0,"3,70981E+12","3,70981E+12",1.0,2.0,,,1.0,1.0,0.0,0.0,0.0,0.0,,1.0,0.0,0.0,1.0,1.0,0.0,0.0,0.0,0.0,0.0,1.0,0.0,0.0,0.0,1.0,0.0,0.0,0.0,0.0,1.0,0.0,0.0,1.0,0.0,1.0,0.0,0.0,0.0,1.0,0.0,0.0,1.0,1.0,0.0,1.0,1.0,0.0,1.0,1.0,0.0,0.0,0.0,0.0,0.0,1.0,0.0,0.0,0.0,0.0,0.0,0.0,0.0,0.0,0.0,0.0,0.0,0.0,0.0,0.0,1.0,1.0,0.0,1.0,0.0,1.0,0.0,0.0,0.0,0.0,1.0,1.0,1.0,1.0,0.0,1.0,1.0,1.0,0.0,0.0,16.0,0.0,16.0,16.0,16.0,0.0,0.0,1.0,1.0,1.0,1.0,1.0,0.0,0.0,0.0,0.0,0.0,1.0,8.0,0.0,0.0,1.0,19.0,1.0,135.0,1.0,81.0,1.0,11.0,1.0,1.0,1.0,1.0,1.0,1.0,1.0,3.0,1.0,36.0,7.0,1.0,0.0,0.0,0.0,0.0,1.0,0.0,1.0,1.0,0.0,0.0,1.0,0.0,0.0,0.0,0.0,0.0,1.0,0.0,0.0,0.0,1.0,1.0,1.0,1.0,0.0,0.0,1.0,0.0,0.0,0.0,0.0,1.0,0.0,0.0,,,,,0.0,,,,,,,1.0,1.0,1.0,0.0,0.0,1.0,0.0,0.0,0.0,0.0,1.0,1.0,0.0,0.0,1.0,1.0,0.0,0.0,0.0,0.0,0.0,0.0,1.0,1.0,0.0,0.0,0.0,0.0,0.0,1.0,0.0,0.0,0.0,0.0,0.0,0.0,0.0,0.0,0.0,0.0,0.0,0.0,0.0,0.0,0.0,0.0,0.0,0.0,0.0,0.0,0.0,0.0,1.0,0.0
2025,Sudeste,3,São Paulo,SP,35,São Paulo,3550308,São Paulo,3501,São Paulo,350001,Metropolitana de São Paulo,15,São Paulo,61,Jabaquara,355030838,,,SENAC JABAQUARA,35148702,4,1.0,1,0.0,AV. DO CAFE,298,,VILA GUARANI (Z SUL),4311000,,,-236.345.441,-466.395.708,1,15000.0,06JAN2025:00:00:00,12DEC2025:00:00:00,,,,,0.0,,,,,,,,,,,,,,,,,,,,0.0,0.0,0.0,0.0,0.0,1.0,0.0,"3,70981E+12","3,70981E+12",1.0,2.0,,,1.0,1.0,0.0,0.0,0.0,0.0,,0.0,0.0,0.0,1.0,1.0,1.0,0.0,0.0,0.0,0.0,1.0,0.0,0.0,0.0,1.0,0.0,0.0,0.0,0.0,1.0,0.0,0.0,1.0,0.0,1.0,0.0,1.0,0.0,1.0,1.0,0.0,1.0,1.0,0.0,1.0,1.0,0.0,1.0,1.0,0.0,1.0,0.0,0.0,1.0,1.0,1.0,0.0,0.0,0.0,0.0,0.0,0.0,0.0,0.0,0.0,0.0,0.0,0.0,0.0,0.0,1.0,0.0,1.0,0.0,1.0,0.0,0.0,0.0,0.0,1.0,1.0,1.0,1.0,1.0,1.0,1.0,1.0,0.0,1.0,18.0,0.0,18.0,18.0,0.0,0.0,0.0,1.0,1.0,1.0,1.0,1.0,0.0,1.0,1.0,1.0,1.0,1.0,12.0,0.0,0.0,1.0,15.0,1.0,68.0,1.0,150.0,0.0,0.0,1.0,1.0,1.0,1.0,1.0,1.0,1.0,3.0,1.0,28.0,10.0,7.0,0.0,2.0,0.0,0.0,1.0,0.0,7.0,1.0,6.0,0.0,1.0,0.0,1.0,0.0,0.0,0.0,0.0,0.0,1.0,1.0,1.0,1.0,1.0,1.0,1.0,1.0,1.0,0.0,1.0,0.0,0.0,0.0,0.0,0.0,,,,,0.0,,,,,,,1.0,1.0,1.0,0.0,0.0,1.0,0.0,0.0,0.0,0.0,1.0,1.0,0.0,0.0,1.0,1.0,0.0,0.0,0.0,1.0,0.0,1.0,1.0,1.0,0.0,0.0,0.0,1.0,0.0,1.0,0.0,0.0,0.0,0.0,0.0,1.0,0.0,0.0,0.0,0.0,0.0,0.0,0.0,0.0,0.0,0.0,0.0,0.0,0.0,0.0,0.0,0.0,1.0,0.0
2025,Sudeste,3,São Paulo,SP,35,São Paulo,3550308,São Paulo,3501,São Paulo,350001,Metropolitana de São Paulo,15,São Paulo,61,Lapa,355030848,,,SENAC FRANCISCO MATARAZZO,35148623,4,1.0,1,0.0,AV. FRANCISCO MATARAZZO,249,,AGUA BRANCA,5001000,,,-235.310.399,-466.661.903,1,15000.0,06JAN2025:00:00:00,12DEC2025:00:00:00,,,,,0.0,,,,,,,,,,,,,,,,,,,,0.0,0.0,0.0,0.0,0.0,1.0,0.0,"3,70981E+12","3,70981E+12",1.0,2.0,,,1.0,1.0,0.0,0.0,0.0,0.0,,1.0,1.0,0.0,1.0,1.0,0.0,0.0,0.0,0.0,0.0,1.0,1.0,0.0,0.0,1.0,0.0,0.0,0.0,0.0,1.0,0.0,0.0,0.0,0.0,1.0,1.0,0.0,0.0,1.0,1.0,0.0,0.0,1.0,0.0,1.0,1.0,1.0,1.0,1.0,0.0,0.0,0.0,0.0,0.0,1.0,0.0,0.0,0.0,0.0,0.0,0.0,0.0,0.0,0.0,0.0,0.0,0.0,0.0,0.0,0.0,1.0,0.0,1.0,0.0,1.0,0.0,0.0,0.0,0.0,1.0,1.0,1.0,1.0,0.0,1.0,1.0,1.0,0.0,1.0,39.0,0.0,39.0,39.0,39.0,0.0,0.0,1.0,0.0,1.0,1.0,1.0,0.0,1.0,1.0,1.0,1.0,1.0,13.0,1.0,39.0,1.0,46.0,1.0,59.0,1.0,251.0,1.0,13.0,1.0,1.0,1.0,1.0,1.0,1.0,1.0,3.0,1.0,42.0,14.0,5.0,0.0,7.0,0.0,0.0,1.0,0.0,2.0,1.0,8.0,88888.0,1.0,0.0,0.0,0.0,0.0,0.0,1.0,0.0,1.0,1.0,1.0,1.0,1.0,1.0,1.0,0.0,1.0,0.0,1.0,1.0,0.0,0.0,0.0,0.0,,,,,0.0,,,,,,,1.0,1.0,1.0,0.0,0.0,1.0,0.0,0.0,0.0,1.0,1.0,1.0,0.0,0.0,1.0,1.0,0.0,0.0,0.0,1.0,0.0,1.0,1.0,1.0,0.0,0.0,0.0,1.0,0.0,1.0,0.0,0.0,0.0,0.0,0.0,1.0,0.0,0.0,0.0,0.0,0.0,0.0,0.0,0.0,0.0,0.0,0.0,0.0,0.0,0.0,0.0,0.0,1.0,0.0
2025,Sudeste,3,São Paulo,SP,35,São Paulo,3550308,São Paulo,3501,São Paulo,350001,Metropolitana de São Paulo,15,São Paulo,61,Lapa,355030848,,,SENAC LAPA SCIPIAO,35148994,4,1.0,1,0.0,RUA CIPIAO,67,,VILA ROMANA,5047060,,,-235.219.347,-466.990.903,1,15000.0,06JAN2025:00:00:00,12DEC2025:00:00:00,,,,,0.0,,,,,,,,,,,,,,,,,,,,0.0,0.0,0.0,0.0,0.0,1.0,0.0,"3,70981E+12","3,70981E+12",1.0,2.0,,,1.0,1.0,0.0,0.0,0.0,0.0,,1.0,1.0,0.0,1.0,1.0,0.0,0.0,0.0,0.0,0.0,1.0,0.0,0.0,0.0,1.0,0.0,0.0,0.0,0.0,1.0,0.0,0.0,0.0,0.0,1.0,1.0,0.0,0.0,1.0,0.0,0.0,1.0,1.0,0.0,1.0,0.0,0.0,1.0,1.0,0.0,0.0,0.0,0.0,1.0,1.0,1.0,1.0,0.0,0.0,0.0,0.0,0.0,0.0,0.0,0.0,0.0,0.0,0.0,1.0,1.0,1.0,1.0,1.0,1.0,1.0,0.0,0.0,0.0,0.0,1.0,1.0,1.0,1.0,1.0,1.0,1.0,1.0,0.0,1.0,19.0,0.0,19.0,19.0,19.0,0.0,0.0,1.0,0.0,1.0,1.0,1.0,0.0,1.0,4.0,1.0,4.0,1.0,22.0,1.0,88888.0,1.0,88888.0,1.0,415.0,0.0,0.0,1.0,10.0,1.0,1.0,1.0,1.0,1.0,1.0,1.0,3.0,1.0,28.0,14.0,5.0,0.0,7.0,0.0,0.0,1.0,0.0,2.0,1.0,0.0,4.0,1.0,0.0,1.0,0.0,0.0,0.0,1.0,0.0,1.0,1.0,0.0,1.0,1.0,1.0,1.0,0.0,1.0,1.0,1.0,0.0,1.0,1.0,0.0,0.0,,,,,0.0,,,,,,,1.0,1.0,1.0,0.0,0.0,1.0,0.0,0.0,0.0,1.0,1.0,1.0,0.0,0.0,1.0,1.0,0.0,0.0,0.0,1.0,0.0,1.0,1.0,1.0,0.0,0.0,1.0,1.0,0.0,1.0,0.0,0.0,0.0,0.0,0.0,1.0,0.0,0.0,0.0,0.0,0.0,0.0,0.0,0.0,0.0,0.0,0.0,0.0,0.0,0.0,0.0,0.0,1.0,1.0
2025,Sudeste,3,São Paulo,SP,35,São Paulo,3550308,São Paulo,3501,São Paulo,350001,Metropolitana de São Paulo,15,São Paulo,61,Lapa,355030848,,,SENAC LAPA FAUSTOLO,35149081,4,1.0,1,0.0,RUA FAUSTOLO,1347,,LAPA,5041001,,,-235.241.119,-466.985.618,1,15000.0,06JAN2025:00:00:00,12DEC2025:00:00:00,,,,,0.0,,,,,,,,,,,,,,,,,,,,0.0,0.0,0.0,0.0,0.0,1.0,0.0,"3,70981E+12","3,70981E+12",1.0,2.0,,,1.0,1.0,0.0,0.0,0.0,0.0,,0.0,1.0,0.0,1.0,1.0,0.0,0.0,0.0,0.0,0.0,1.0,0.0,0.0,0.0,1.0,0.0,0.0,0.0,0.0,1.0,0.0,0.0,0.0,0.0,1.0,1.0,1.0,0.0,1.0,0.0,0.0,1.0,1.0,0.0,1.0,1.0,1.0,1.0,1.0,0.0,0.0,0.0,0.0,0.0,1.0,1.0,0.0,1.0,0.0,0.0,0.0,0.0,0.0,0.0,0.0,0.0,0.0,0.0,0.0,1.0,1.0,0.0,1.0,0.0,1.0,0.0,0.0,0.0,0.0,1.0,1.0,1.0,0.0,1.0,1.0,0.0,1.0,0.0,1.0,7.0,4.0,11.0,7.0,4.0,0.0,1.0,1.0,1.0,1.0,1.0,1.0,0.0,1.0,3.0,0.0,0.0,1.0,4.0,1.0,3.0,1.0,88888.0,1.0,38.0,1.0,28.0,0.0,0.0,1.0,1.0,1.0,1.0,1.0,1.0,1.0,3.0,1.0,16.0,7.0,4.0,9.0,1.0,0.0,0.0,0.0,0.0,4.0,1.0,2.0,0.0,1.0,0.0,0.0,0.0,0.0,0.0,1.0,0.0,0.0,0.0,0.0,1.0,1.0,1.0,0.0,0.0,1.0,0.0,0.0,0.0,0.0,0.0,0.0,0.0,,,,,0.0,,,,,,,1.0,0.0,0.0,0.0,0.0,1.0,0.0,0.0,0.0,0.0,1.0,1.0,0.0,0.0,1.0,1.0,0.0,0.0,0.0,0.0,0.0,0.0,1.0,1.0,0.0,0.0,0.0,0.0,0.0,1.0,0.0,0.0,0.0,0.0,0.0,0.0,0.0,0.0,0.0,0.0,0.0,0.0,0.0,0.0,0.0,0.0,0.0,0.0,0.0,0.0,0.0,0.0,1.0,0.0
2025,Sudeste,3,São Paulo,SP,35,São Paulo,3550308,São Paulo,3501,São Paulo,350001,Metropolitana de São Paulo,15,São Paulo,61,Lapa,355030848,,,SENAC LAPA TITO,35287258,4,1.0,1,0.0,RUA TITO,54,,VILA ROMANA,5051000,,,-235.280.749,-46.691.676,1,15000.0,06JAN2025:00:00:00,12DEC2025:00:00:00,,,,,0.0,,,,,,,,,,,,,,,,,,,,0.0,0.0,0.0,0.0,0.0,1.0,0.0,"3,70981E+12","3,70981E+12",1.0,2.0,,,1.0,1.0,0.0,0.0,0.0,0.0,,1.0,0.0,0.0,1.0,1.0,0.0,0.0,0.0,0.0,0.0,1.0,1.0,0.0,0.0,1.0,1.0,0.0,1.0,0.0,1.0,0.0,0.0,1.0,0.0,1.0,0.0,1.0,0.0,1.0,1.0,0.0,0.0,1.0,0.0,1.0,0.0,0.0,1.0,1.0,0.0,0.0,0.0,0.0,0.0,1.0,0.0,1.0,0.0,0.0,0.0,0.0,0.0,0.0,0.0,0.0,0.0,0.0,0.0,0.0,1.0,1.0,1.0,1.0,0.0,1.0,0.0,0.0,0.0,0.0,1.0,1.0,1.0,1.0,0.0,1.0,1.0,1.0,0.0,0.0,43.0,0.0,43.0,43.0,43.0,0.0,0.0,1.0,0.0,1.0,1.0,1.0,0.0,0.0,0.0,0.0,0.0,0.0,0.0,1.0,41.0,1.0,88888.0,1.0,810.0,1.0,265.0,1.0,6.0,1.0,1.0,1.0,1.0,1.0,1.0,1.0,3.0,1.0,50.0,16.0,7.0,0.0,0.0,0.0,0.0,1.0,0.0,11.0,1.0,6.0,0.0,1.0,0.0,1.0,0.0,0.0,0.0,0.0,0.0,0.0,0.0,0.0,1.0,0.0,1.0,0.0,0.0,0.0,0.0,0.0,0.0,0.0,1.0,0.0,0.0,,,,,0.0,,,,,,,1.0,1.0,1.0,0.0,0.0,1.0,0.0,0.0,0.0,0.0,1.0,1.0,0.0,0.0,1.0,1.0,0.0,0.0,0.0,1.0,0.0,1.0,1.0,1.0,0.0,0.0,0.0,1.0,0.0,1.0,0.0,0.0,0.0,0.0,0.0,1.0,0.0,0.0,0.0,0.0,0.0,0.0,0.0,0.0,0.0,0.0,0.0,0.0,0.0,0.0,0.0,0.0,1.0,0.0
2025,Sudeste,3,São Paulo,SP,35,São Paulo,3550308,São Paulo,3501,São Paulo,350001,Metropolitana de São Paulo,15,São Paulo,61,Penha,355030859,,,SENAC PENHA,35149135,4,1.0,1,0.0,RUA FRANCISCO COIMBRA,403,,PENHA DE FRANCA,3639000,,,-235.262.788,-465.400.205,1,15000.0,06JAN2025:00:00:00,12DEC2025:00:00:00,,,,,0.0,,,,,,,,,,,,,,,,,,,,0.0,0.0,0.0,0.0,0.0,1.0,0.0,"3,70981E+12","3,70981E+12",1.0,2.0,,,1.0,1.0,0.0,0.0,0.0,0.0,,1.0,0.0,0.0,1.0,1.0,0.0,0.0,0.0,0.0,0.0,1.0,0.0,0.0,0.0,1.0,0.0,0.0,0.0,0.0,1.0,0.0,0.0,0.0,0.0,1.0,0.0,0.0,0.0,1.0,1.0,0.0,1.0,1.0,0.0,1.0,0.0,0.0,1.0,1.0,0.0,1.0,0.0,0.0,0.0,1.0,1.0,1.0,1.0,0.0,0.0,0.0,0.0,0.0,0.0,0.0,0.0,0.0,0.0,0.0,0.0,1.0,0.0,1.0,0.0,1.0,0.0,0.0,0.0,0.0,1.0,1.0,1.0,1.0,1.0,1.0,1.0,1.0,0.0,1.0,16.0,0.0,16.0,15.0,16.0,0.0,0.0,1.0,1.0,1.0,1.0,1.0,0.0,1.0,1.0,1.0,1.0,1.0,6.0,1.0,14.0,1.0,16.0,1.0,112.0,1.0,17.0,0.0,0.0,1.0,1.0,1.0,1.0,1.0,1.0,1.0,3.0,1.0,28.0,10.0,1.0,0.0,0.0,0.0,0.0,1.0,4.0,4.0,1.0,6.0,0.0,1.0,0.0,0.0,0.0,0.0,0.0,1.0,0.0,0.0,0.0,0.0,1.0,0.0,1.0,0.0,0.0,0.0,0.0,0.0,0.0,0.0,0.0,0.0,0.0,,,,,0.0,,,,,,,1.0,1.0,0.0,0.0,0.0,1.0,0.0,0.0,0.0,1.0,1.0,1.0,0.0,0.0,1.0,1.0,0.0,0.0,0.0,0.0,0.0,0.0,1.0,1.0,0.0,0.0,0.0,0.0,0.0,1.0,0.0,0.0,0.0,0.0,0.0,0.0,0.0,0.0,0.0,0.0,0.0,0.0,0.0,0.0,0.0,0.0,0.0,0.0,0.0,0.0,0.0,0.0,1.0,0.0
2025,Sudeste,3,São Paulo,SP,35,São Paulo,3550308,São Paulo,3501,São Paulo,350001,Metropolitana de São Paulo,15,São Paulo,61,Santana,355030870,,,SENAC SANTANA,35148573,4,1.0,1,0.0,RUA VOLUNTARIOS DA PATRIA,3167,,SANTANA,2401200,,,-2.349.201,-4.662.595,1,15000.0,06JAN2025:00:00:00,12DEC2025:00:00:00,,,,,0.0,,,,,,,,,,,,,,,,,,,,0.0,0.0,0.0,0.0,0.0,1.0,0.0,"3,70981E+12","3,70981E+12",1.0,2.0,,,1.0,1.0,0.0,0.0,0.0,0.0,,1.0,1.0,0.0,1.0,1.0,0.0,0.0,0.0,0.0,0.0,1.0,0.0,0.0,0.0,1.0,1.0,0.0,1.0,0.0,1.0,0.0,0.0,1.0,0.0,1.0,0.0,1.0,0.0,1.0,1.0,0.0,1.0,1.0,0.0,1.0,0.0,0.0,1.0,1.0,0.0,0.0,0.0,0.0,0.0,1.0,1.0,0.0,0.0,0.0,0.0,0.0,0.0,0.0,0.0,0.0,0.0,0.0,0.0,1.0,1.0,1.0,0.0,1.0,0.0,1.0,0.0,0.0,0.0,0.0,1.0,1.0,1.0,1.0,1.0,1.0,1.0,1.0,0.0,1.0,21.0,0.0,21.0,21.0,21.0,0.0,0.0,1.0,1.0,1.0,1.0,1.0,0.0,1.0,1.0,1.0,2.0,1.0,2.0,1.0,18.0,1.0,21.0,1.0,154.0,1.0,124.0,0.0,0.0,1.0,1.0,1.0,1.0,1.0,1.0,1.0,3.0,1.0,26.0,8.0,5.0,0.0,0.0,0.0,0.0,1.0,0.0,4.0,1.0,4.0,0.0,1.0,0.0,2.0,0.0,0.0,0.0,1.0,0.0,0.0,1.0,0.0,1.0,1.0,1.0,0.0,0.0,0.0,0.0,0.0,0.0,0.0,0.0,0.0,0.0,,,,,0.0,,,,,,,1.0,1.0,0.0,0.0,0.0,1.0,0.0,0.0,0.0,1.0,1.0,1.0,0.0,0.0,1.0,1.0,0.0,0.0,0.0,0.0,0.0,0.0,1.0,1.0,0.0,0.0,0.0,0.0,0.0,1.0,0.0,0.0,0.0,0.0,0.0,0.0,0.0,0.0,0.0,0.0,0.0,0.0,0.0,0.0,0.0,0.0,0.0,0.0,0.0,0.0,0.0,0.0,1.0,0.0
2025,Sudeste,3,São Paulo,SP,35,São Paulo,3550308,São Paulo,3501,São Paulo,350001,Metropolitana de São Paulo,15,São Paulo,61,Santo Amaro,355030871,,,SENAC LARGO TREZE,35148714,4,1.0,1,0.0,RUA DR. ANTONIO BENTO,393,,SANTO AMARO,4750000,11.0,37373909.0,-236.471.143,-467.039.186,1,15000.0,06JAN2025:00:00:00,12DEC2025:00:00:00,,,,,0.0,,,,,,,,,,,,,,,,,,,,0.0,0.0,0.0,0.0,0.0,1.0,0.0,"3,70981E+12","3,70981E+12",1.0,2.0,,,1.0,1.0,0.0,0.0,0.0,0.0,,1.0,0.0,0.0,1.0,1.0,0.0,0.0,0.0,0.0,0.0,1.0,0.0,0.0,0.0,1.0,0.0,0.0,0.0,0.0,1.0,0.0,0.0,0.0,0.0,1.0,0.0,0.0,0.0,1.0,1.0,0.0,1.0,1.0,0.0,1.0,1.0,0.0,1.0,1.0,0.0,0.0,0.0,0.0,0.0,1.0,0.0,0.0,1.0,0.0,0.0,0.0,0.0,0.0,0.0,0.0,0.0,0.0,0.0,1.0,0.0,1.0,0.0,1.0,0.0,1.0,0.0,0.0,0.0,0.0,1.0,1.0,1.0,1.0,0.0,1.0,1.0,1.0,0.0,0.0,29.0,24.0,53.0,29.0,29.0,0.0,0.0,1.0,1.0,1.0,1.0,1.0,0.0,0.0,0.0,1.0,30.0,1.0,8.0,1.0,21.0,1.0,29.0,1.0,184.0,1.0,83.0,1.0,11.0,1.0,1.0,1.0,1.0,1.0,1.0,1.0,3.0,1.0,28.0,16.0,5.0,29.0,0.0,0.0,0.0,1.0,0.0,5.0,1.0,0.0,2.0,1.0,0.0,0.0,0.0,0.0,0.0,1.0,0.0,0.0,1.0,0.0,1.0,1.0,1.0,1.0,0.0,1.0,0.0,1.0,0.0,0.0,0.0,0.0,0.0,,,,,0.0,,,,,,,1.0,1.0,1.0,0.0,0.0,1.0,0.0,0.0,0.0,1.0,1.0,1.0,0.0,0.0,1.0,1.0,0.0,0.0,0.0,0.0,0.0,0.0,1.0,1.0,0.0,0.0,0.0,0.0,0.0,1.0,0.0,0.0,0.0,0.0,0.0,0.0,0.0,0.0,0.0,0.0,0.0,0.0,0.0,0.0,0.0,0.0,0.0,0.0,0.0,0.0,0.0,0.0,1.0,0.0
2025,Sudeste,3,São Paulo,SP,35,São Paulo,3550308,São Paulo,3501,São Paulo,350001,Metropolitana de São Paulo,15,São Paulo,61,Santo Amaro,355030871,,,SENAC NACOES UNIDAS,35269025,4,1.0,1,0.0,AV. ENGENHEIRO EUSEBIO STEVAUX,823,O DOCUMENTO NO EST,JURUBATUBA,4696000,11.0,56827560.0,-2.366.992,-4.670.117,1,15000.0,06JAN2025:00:00:00,12DEC2025:00:00:00,,,,,0.0,,,,,,,,,,,,,,,,,,,,0.0,0.0,0.0,0.0,0.0,1.0,0.0,"3,70981E+12","3,70981E+12",1.0,2.0,,,1.0,1.0,0.0,0.0,0.0,0.0,,0.0,0.0,0.0,1.0,1.0,0.0,0.0,0.0,0.0,0.0,1.0,1.0,0.0,0.0,1.0,1.0,0.0,1.0,0.0,0.0,0.0,0.0,1.0,0.0,1.0,0.0,0.0,0.0,1.0,1.0,0.0,1.0,1.0,0.0,1.0,1.0,1.0,1.0,1.0,0.0,0.0,0.0,0.0,0.0,1.0,1.0,1.0,1.0,0.0,0.0,1.0,1.0,1.0,0.0,0.0,0.0,0.0,1.0,1.0,1.0,1.0,1.0,1.0,1.0,1.0,0.0,0.0,0.0,0.0,1.0,1.0,1.0,1.0,1.0,1.0,1.0,1.0,0.0,1.0,67.0,0.0,67.0,67.0,67.0,0.0,0.0,1.0,1.0,1.0,1.0,1.0,0.0,0.0,0.0,1.0,1.0,1.0,2.0,0.0,0.0,1.0,67.0,1.0,2297.0,1.0,994.0,0.0,0.0,1.0,1.0,1.0,1.0,1.0,1.0,1.0,3.0,1.0,23.0,128.0,25.0,5.0,1.0,0.0,0.0,0.0,0.0,5.0,1.0,17.0,13.0,1.0,0.0,1.0,0.0,0.0,0.0,0.0,0.0,0.0,1.0,0.0,1.0,1.0,1.0,1.0,0.0,0.0,0.0,0.0,0.0,0.0,0.0,0.0,0.0,,,,,0.0,,,,,,,1.0,1.0,0.0,0.0,0.0,1.0,0.0,0.0,0.0,0.0,1.0,1.0,0.0,0.0,1.0,1.0,0.0,0.0,0.0,1.0,0.0,1.0,1.0,1.0,0.0,0.0,0.0,1.0,0.0,1.0,0.0,0.0,0.0,0.0,0.0,1.0,0.0,0.0,0.0,0.0,0.0,0.0,0.0,0.0,0.0,0.0,0.0,0.0,0.0,0.0,0.0,0.0,0.0,0.0
2025,Sudeste,3,São Paulo,SP,35,São Paulo,3550308,São Paulo,3501,São Paulo,350001,Metropolitana de São Paulo,15,São Paulo,61,São Miguel,355030874,,,SENAC SAO MIGUEL PAULISTA,35004682,4,1.0,1,0.0,AVENIDA MARECHAL TITO,1500,,SAO MIGUEL PAULISTA,8010090,,,-234.961.151,-46.431.923,1,15000.0,06JAN2025:00:00:00,12DEC2025:00:00:00,,,,,0.0,,,,,,,,,,,,,,,,,,,,0.0,0.0,0.0,0.0,0.0,1.0,0.0,"3,70981E+12","3,70981E+12",1.0,2.0,,,1.0,1.0,0.0,0.0,0.0,0.0,,1.0,1.0,0.0,1.0,1.0,0.0,0.0,0.0,0.0,0.0,1.0,1.0,0.0,0.0,1.0,0.0,0.0,0.0,0.0,1.0,0.0,0.0,0.0,0.0,1.0,0.0,0.0,0.0,1.0,1.0,0.0,1.0,1.0,0.0,1.0,1.0,0.0,1.0,1.0,0.0,1.0,0.0,0.0,0.0,1.0,0.0,0.0,0.0,0.0,0.0,1.0,0.0,1.0,0.0,0.0,0.0,0.0,1.0,1.0,1.0,1.0,0.0,1.0,0.0,1.0,0.0,0.0,0.0,0.0,1.0,1.0,1.0,1.0,1.0,1.0,1.0,1.0,0.0,0.0,49.0,0.0,49.0,49.0,49.0,0.0,1.0,1.0,0.0,1.0,1.0,1.0,0.0,0.0,0.0,0.0,0.0,1.0,16.0,0.0,0.0,1.0,49.0,1.0,645.0,1.0,50.0,0.0,0.0,1.0,1.0,1.0,1.0,1.0,1.0,1.0,3.0,1.0,50.0,35.0,8.0,0.0,7.0,0.0,0.0,0.0,0.0,1.0,1.0,18.0,4.0,30.0,0.0,0.0,0.0,0.0,0.0,1.0,0.0,0.0,1.0,1.0,1.0,1.0,1.0,1.0,0.0,1.0,0.0,0.0,0.0,0.0,0.0,0.0,0.0,,,,,0.0,,,,,,,1.0,1.0,1.0,0.0,0.0,1.0,0.0,0.0,0.0,1.0,1.0,1.0,0.0,0.0,1.0,1.0,0.0,0.0,0.0,1.0,0.0,1.0,1.0,1.0,0.0,0.0,0.0,1.0,0.0,1.0,0.0,0.0,0.0,0.0,0.0,1.0,0.0,0.0,0.0,0.0,0.0,0.0,0.0,0.0,0.0,0.0,0.0,0.0,0.0,0.0,0.0,0.0,1.0,0.0
2025,Sudeste,3,São Paulo,SP,35,São Paulo,3550308,São Paulo,3501,São Paulo,350001,Metropolitana de São Paulo,15,São Paulo,61,Sé,355030878,,,SENAC TIRADENTES,35148659,4,1.0,1,0.0,AV. TIRADENTES,822,,CENTRO,1102000,,,-23.528.645,-466.309.089,1,15000.0,06JAN2025:00:00:00,12DEC2025:00:00:00,,,,,0.0,,,,,,,,,,,,,,,,,,,,0.0,0.0,0.0,0.0,0.0,1.0,0.0,"3,70981E+12","3,70981E+12",1.0,2.0,,,1.0,1.0,0.0,0.0,0.0,0.0,,0.0,0.0,0.0,1.0,1.0,0.0,0.0,0.0,0.0,0.0,1.0,0.0,0.0,0.0,1.0,0.0,0.0,0.0,0.0,1.0,0.0,0.0,1.0,0.0,1.0,0.0,0.0,0.0,1.0,1.0,0.0,1.0,1.0,0.0,1.0,0.0,0.0,1.0,1.0,0.0,0.0,0.0,0.0,0.0,1.0,1.0,1.0,0.0,0.0,0.0,0.0,0.0,0.0,0.0,0.0,0.0,0.0,0.0,0.0,1.0,1.0,1.0,1.0,0.0,1.0,0.0,0.0,0.0,0.0,1.0,1.0,1.0,1.0,1.0,1.0,1.0,0.0,0.0,1.0,40.0,0.0,40.0,40.0,40.0,0.0,0.0,1.0,1.0,1.0,1.0,1.0,0.0,0.0,0.0,1.0,1.0,1.0,5.0,1.0,22.0,1.0,39.0,1.0,114.0,1.0,162.0,0.0,0.0,1.0,1.0,1.0,1.0,1.0,1.0,1.0,3.0,1.0,72.0,16.0,6.0,26.0,0.0,0.0,0.0,1.0,0.0,1.0,1.0,6.0,5.0,1.0,0.0,1.0,0.0,0.0,0.0,1.0,0.0,0.0,1.0,0.0,1.0,1.0,1.0,0.0,0.0,0.0,0.0,0.0,0.0,0.0,0.0,0.0,0.0,,,,,0.0,,,,,,,1.0,1.0,0.0,0.0,0.0,1.0,0.0,0.0,0.0,0.0,1.0,1.0,0.0,0.0,1.0,1.0,0.0,0.0,0.0,0.0,0.0,0.0,1.0,1.0,0.0,0.0,0.0,0.0,0.0,1.0,0.0,0.0,0.0,0.0,0.0,0.0,0.0,0.0,0.0,0.0,0.0,0.0,0.0,0.0,0.0,0.0,0.0,0.0,0.0,0.0,0.0,0.0,1.0,0.0
2025,Sudeste,3,São Paulo,SP,35,São Paulo,3550308,São Paulo,3501,São Paulo,350001,Metropolitana de São Paulo,15,São Paulo,61,Sé,355030878,,,SENAC ACLIMACAO,35449477,4,1.0,1,0.0,RUA PIRES DA MOTA,838,,ACLIMACAO,1529000,,,-235.687.317,-466.361.799,1,15000.0,06JAN2025:00:00:00,12DEC2025:00:00:00,,,,,0.0,,,,,,,,,,,,,,,,,,,,0.0,0.0,0.0,0.0,0.0,1.0,0.0,"3,70981E+12","3,70981E+12",1.0,2.0,,,1.0,1.0,0.0,0.0,0.0,0.0,,1.0,1.0,0.0,1.0,1.0,0.0,0.0,0.0,0.0,0.0,1.0,0.0,0.0,0.0,1.0,0.0,0.0,0.0,0.0,1.0,0.0,0.0,1.0,0.0,1.0,0.0,0.0,0.0,1.0,0.0,0.0,1.0,1.0,0.0,1.0,0.0,1.0,1.0,1.0,1.0,1.0,0.0,0.0,0.0,1.0,0.0,0.0,1.0,0.0,0.0,1.0,0.0,1.0,0.0,0.0,0.0,0.0,0.0,0.0,1.0,1.0,0.0,1.0,0.0,1.0,0.0,1.0,0.0,0.0,1.0,1.0,1.0,1.0,0.0,1.0,1.0,1.0,0.0,0.0,26.0,0.0,26.0,26.0,26.0,0.0,0.0,1.0,1.0,1.0,1.0,1.0,0.0,1.0,1.0,1.0,3.0,1.0,24.0,1.0,17.0,1.0,88888.0,1.0,117.0,1.0,238.0,1.0,6.0,1.0,1.0,1.0,1.0,1.0,1.0,1.0,3.0,1.0,25.0,17.0,9.0,51.0,2.0,0.0,0.0,1.0,23.0,7.0,1.0,2.0,1.0,1.0,0.0,2.0,0.0,0.0,0.0,1.0,0.0,0.0,1.0,1.0,1.0,1.0,1.0,1.0,1.0,1.0,0.0,1.0,0.0,0.0,1.0,0.0,0.0,,,,,0.0,,,,,,,1.0,1.0,1.0,0.0,0.0,1.0,0.0,0.0,0.0,1.0,1.0,1.0,0.0,0.0,1.0,1.0,0.0,0.0,0.0,1.0,0.0,1.0,1.0,1.0,0.0,0.0,0.0,1.0,0.0,1.0,0.0,0.0,0.0,0.0,0.0,1.0,0.0,0.0,0.0,0.0,0.0,0.0,0.0,0.0,0.0,0.0,0.0,0.0,0.0,0.0,0.0,0.0,1.0,0.0
2025,Sudeste,3,São Paulo,SP,35,São Paulo,3550308,São Paulo,3501,São Paulo,350001,Metropolitana de São Paulo,15,São Paulo,61,Socorro,355030879,,,SENAC JARDIM PRIMAVERA,35463536,4,1.0,1,0.0,AV. MANUEL ALVES SOARES,1100,,PARQUE COLONIAL,4821270,,,-236.470.662,-467.039.146,1,15000.0,06JAN2025:00:00:00,12DEC2025:00:00:00,,,,,0.0,,,,,,,,,,,,,,,,,,,,0.0,0.0,0.0,0.0,0.0,1.0,0.0,"3,70981E+12","3,70981E+12",1.0,2.0,,,1.0,3.0,0.0,0.0,0.0,0.0,,1.0,0.0,0.0,1.0,1.0,0.0,0.0,0.0,0.0,0.0,1.0,0.0,0.0,0.0,1.0,0.0,0.0,0.0,0.0,1.0,0.0,0.0,0.0,0.0,1.0,0.0,1.0,0.0,1.0,1.0,0.0,0.0,1.0,0.0,1.0,1.0,1.0,1.0,1.0,0.0,0.0,0.0,0.0,0.0,1.0,0.0,0.0,1.0,0.0,0.0,0.0,0.0,0.0,0.0,0.0,0.0,0.0,0.0,0.0,0.0,1.0,0.0,1.0,0.0,1.0,0.0,0.0,0.0,0.0,1.0,0.0,1.0,1.0,1.0,1.0,1.0,1.0,0.0,0.0,6.0,0.0,6.0,6.0,6.0,0.0,0.0,1.0,1.0,1.0,1.0,1.0,0.0,0.0,0.0,1.0,1.0,1.0,3.0,1.0,6.0,1.0,88888.0,1.0,27.0,1.0,10.0,0.0,0.0,1.0,1.0,1.0,1.0,1.0,1.0,1.0,3.0,1.0,9.0,9.0,1.0,12.0,2.0,0.0,0.0,1.0,0.0,2.0,1.0,5.0,1.0,1.0,0.0,0.0,0.0,0.0,0.0,0.0,0.0,0.0,0.0,0.0,1.0,1.0,1.0,1.0,0.0,1.0,0.0,1.0,0.0,0.0,0.0,0.0,0.0,,,,,0.0,,,,,,,1.0,1.0,0.0,0.0,0.0,1.0,0.0,0.0,0.0,1.0,1.0,1.0,0.0,0.0,1.0,1.0,0.0,0.0,0.0,0.0,0.0,0.0,1.0,1.0,0.0,0.0,0.0,0.0,0.0,1.0,0.0,0.0,0.0,0.0,0.0,0.0,0.0,0.0,0.0,0.0,0.0,0.0,0.0,0.0,0.0,0.0,0.0,0.0,0.0,0.0,0.0,0.0,1.0,0.0
2025,Sudeste,3,São Paulo,SP,35,São Paulo,3550308,São Paulo,3501,São Paulo,350001,Metropolitana de São Paulo,15,São Paulo,61,Tatuapé,355030880,,,SENAC TATUAPE SERRA DE BRAGANCA,35006847,4,1.0,1,0.0,RUA SERRA DE BRAGANCA,990,,VILA GOMES CARDIM,3318000,,,,,1,15000.0,06JAN2025:00:00:00,12DEC2025:00:00:00,,,,,0.0,,,,,,,,,,,,,,,,,,,,0.0,0.0,0.0,0.0,0.0,1.0,0.0,"3,70981E+12","3,70981E+12",1.0,2.0,,,1.0,3.0,0.0,0.0,0.0,0.0,,1.0,0.0,0.0,1.0,1.0,0.0,0.0,0.0,0.0,0.0,1.0,0.0,0.0,0.0,1.0,0.0,0.0,0.0,0.0,1.0,0.0,0.0,0.0,0.0,1.0,0.0,0.0,0.0,1.0,1.0,0.0,0.0,1.0,0.0,1.0,0.0,0.0,1.0,1.0,0.0,0.0,0.0,0.0,0.0,1.0,0.0,1.0,0.0,0.0,0.0,0.0,0.0,0.0,0.0,0.0,0.0,0.0,0.0,0.0,0.0,1.0,0.0,1.0,0.0,1.0,0.0,0.0,0.0,0.0,1.0,0.0,1.0,1.0,1.0,1.0,1.0,1.0,0.0,0.0,4.0,0.0,4.0,4.0,4.0,0.0,0.0,1.0,0.0,1.0,1.0,1.0,0.0,0.0,0.0,1.0,4.0,1.0,1.0,1.0,4.0,1.0,4.0,1.0,30.0,0.0,0.0,0.0,0.0,1.0,1.0,1.0,1.0,1.0,1.0,1.0,3.0,1.0,8.0,4.0,1.0,4.0,0.0,0.0,0.0,0.0,0.0,2.0,1.0,4.0,0.0,1.0,0.0,0.0,0.0,0.0,0.0,0.0,0.0,0.0,0.0,0.0,1.0,0.0,1.0,0.0,0.0,0.0,0.0,0.0,0.0,0.0,0.0,0.0,0.0,,,,,0.0,,,,,,,1.0,1.0,0.0,0.0,0.0,1.0,0.0,0.0,0.0,1.0,1.0,1.0,0.0,0.0,1.0,1.0,0.0,0.0,0.0,0.0,0.0,0.0,1.0,1.0,0.0,0.0,0.0,0.0,0.0,1.0,0.0,0.0,0.0,0.0,0.0,0.0,0.0,0.0,0.0,0.0,0.0,0.0,0.0,0.0,0.0,0.0,0.0,0.0,0.0,0.0,0.0,0.0,1.0,0.0
2025,Sudeste,3,São Paulo,SP,35,São Paulo,3550308,São Paulo,3501,São Paulo,350001,Metropolitana de São Paulo,15,São Paulo,61,Tatuapé,355030880,,,SENAC TATUAPE CEL LUIS AMERICANO,35148593,4,1.0,1,0.0,RUA CORONEL LUIZ AMERICANO,130,,VILA AZEVEDO,3308020,,,-235.411.922,-465.749.218,1,15000.0,06JAN2025:00:00:00,12DEC2025:00:00:00,,,,,0.0,,,,,,,,,,,,,,,,,,,,0.0,0.0,0.0,0.0,0.0,1.0,0.0,"3,70981E+12","3,70981E+12",1.0,2.0,,,1.0,1.0,0.0,0.0,0.0,0.0,,1.0,0.0,0.0,1.0,1.0,0.0,0.0,0.0,0.0,0.0,1.0,0.0,0.0,0.0,1.0,0.0,0.0,0.0,0.0,1.0,0.0,0.0,0.0,0.0,1.0,0.0,0.0,0.0,1.0,1.0,0.0,1.0,1.0,0.0,1.0,0.0,0.0,1.0,1.0,0.0,0.0,0.0,0.0,0.0,1.0,0.0,0.0,0.0,0.0,0.0,0.0,0.0,0.0,0.0,0.0,0.0,0.0,0.0,0.0,1.0,1.0,0.0,1.0,0.0,1.0,0.0,0.0,0.0,0.0,1.0,1.0,1.0,1.0,1.0,1.0,1.0,1.0,0.0,0.0,6.0,0.0,6.0,6.0,6.0,0.0,1.0,1.0,1.0,1.0,1.0,1.0,0.0,0.0,0.0,1.0,6.0,1.0,2.0,1.0,6.0,1.0,6.0,1.0,108.0,1.0,50.0,0.0,0.0,1.0,1.0,1.0,1.0,1.0,1.0,1.0,3.0,1.0,28.0,10.0,1.0,88888.0,1.0,0.0,0.0,0.0,0.0,4.0,1.0,6.0,0.0,1.0,0.0,1.0,0.0,0.0,0.0,1.0,0.0,1.0,0.0,0.0,1.0,0.0,1.0,0.0,0.0,0.0,0.0,1.0,0.0,0.0,0.0,0.0,0.0,,,,,0.0,,,,,,,1.0,1.0,0.0,0.0,0.0,1.0,0.0,0.0,0.0,1.0,1.0,1.0,0.0,0.0,1.0,1.0,0.0,0.0,0.0,0.0,0.0,0.0,1.0,1.0,0.0,0.0,0.0,0.0,0.0,1.0,0.0,0.0,0.0,0.0,0.0,0.0,0.0,0.0,0.0,0.0,0.0,0.0,0.0,0.0,0.0,0.0,0.0,0.0,0.0,0.0,0.0,0.0,1.0,0.0
2025,Sudeste,3,São Paulo,SP,35,São Paulo,3550308,São Paulo,3501,São Paulo,350001,Metropolitana de São Paulo,15,São Paulo,61,Vila Prudente,355030893,,,SENAC VILA PRUDENTE,35148581,4,1.0,1,0.0,RUA DO ORFANATO,316,,VILA PRUDENTE,3131010,,,-23.580.338,-465.823.834,1,15000.0,06JAN2025:00:00:00,12DEC2025:00:00:00,,,,,0.0,,,,,,,,,,,,,,,,,,,,0.0,0.0,0.0,0.0,0.0,1.0,0.0,"3,70981E+12","3,70981E+12",1.0,2.0,,,1.0,1.0,0.0,0.0,0.0,0.0,,1.0,1.0,0.0,1.0,1.0,0.0,0.0,0.0,0.0,0.0,1.0,0.0,0.0,0.0,1.0,1.0,0.0,1.0,0.0,1.0,0.0,0.0,1.0,0.0,1.0,0.0,0.0,0.0,1.0,0.0,0.0,1.0,1.0,0.0,1.0,1.0,0.0,1.0,1.0,0.0,0.0,0.0,0.0,0.0,1.0,0.0,1.0,0.0,0.0,0.0,0.0,0.0,0.0,0.0,0.0,0.0,0.0,0.0,0.0,1.0,1.0,1.0,1.0,0.0,1.0,0.0,0.0,0.0,0.0,1.0,1.0,1.0,1.0,1.0,0.0,1.0,0.0,0.0,0.0,23.0,0.0,23.0,23.0,23.0,0.0,0.0,1.0,1.0,1.0,1.0,1.0,0.0,0.0,0.0,1.0,2.0,1.0,5.0,1.0,14.0,1.0,88888.0,1.0,164.0,1.0,57.0,1.0,8.0,1.0,1.0,1.0,1.0,1.0,1.0,1.0,3.0,1.0,24.0,10.0,4.0,0.0,0.0,0.0,0.0,0.0,0.0,6.0,1.0,3.0,0.0,1.0,0.0,0.0,0.0,0.0,0.0,1.0,0.0,0.0,1.0,0.0,1.0,1.0,1.0,0.0,0.0,0.0,0.0,0.0,0.0,0.0,0.0,0.0,0.0,,,,,0.0,,,,,,,1.0,1.0,0.0,0.0,0.0,1.0,0.0,0.0,0.0,0.0,1.0,1.0,0.0,0.0,1.0,1.0,0.0,0.0,0.0,0.0,0.0,0.0,1.0,1.0,0.0,0.0,0.0,0.0,0.0,1.0,0.0,0.0,0.0,0.0,0.0,0.0,0.0,0.0,0.0,0.0,0.0,0.0,0.0,0.0,0.0,0.0,0.0,0.0,0.0,0.0,0.0,0.0,1.0,0.0
2025,Sudeste,3,São Paulo,SP,35,Sorocaba,3552205,Sorocaba,3502,Sorocaba,350003,Macro Metropolitana Paulista,12,Sorocaba,46,Sorocaba,355220505,,,SENAC SOROCABA,35148799,4,1.0,1,0.0,AV. CEL. NOGUEIRA PADILHA,2392,,VILA HORTENCIA,18020003,,,-235.138.399,-474.321.972,1,15000.0,06JAN2025:00:00:00,12DEC2025:00:00:00,,,,,0.0,,,,,,,,,,,,,,,,,,,,0.0,0.0,0.0,0.0,0.0,1.0,0.0,"3,70981E+12","3,70981E+12",1.0,2.0,,,1.0,1.0,0.0,0.0,0.0,0.0,,1.0,1.0,0.0,1.0,1.0,1.0,0.0,0.0,0.0,0.0,1.0,1.0,0.0,0.0,1.0,0.0,0.0,0.0,0.0,1.0,0.0,0.0,1.0,0.0,1.0,0.0,1.0,0.0,1.0,1.0,1.0,1.0,1.0,0.0,1.0,1.0,0.0,1.0,1.0,0.0,0.0,0.0,0.0,1.0,1.0,1.0,0.0,1.0,0.0,0.0,0.0,0.0,0.0,0.0,1.0,0.0,0.0,1.0,0.0,1.0,1.0,1.0,1.0,0.0,1.0,1.0,0.0,0.0,0.0,1.0,1.0,0.0,1.0,1.0,1.0,1.0,1.0,0.0,1.0,48.0,15.0,63.0,48.0,48.0,0.0,0.0,1.0,1.0,1.0,1.0,1.0,0.0,0.0,0.0,0.0,0.0,1.0,1.0,1.0,10.0,1.0,48.0,1.0,275.0,1.0,104.0,1.0,6.0,1.0,1.0,1.0,1.0,1.0,1.0,1.0,3.0,1.0,28.0,23.0,6.0,37.0,0.0,0.0,0.0,1.0,0.0,0.0,1.0,23.0,0.0,1.0,0.0,0.0,0.0,0.0,0.0,1.0,0.0,1.0,1.0,0.0,1.0,1.0,1.0,1.0,1.0,1.0,0.0,1.0,1.0,1.0,1.0,0.0,0.0,,,,,0.0,,,,,,,1.0,1.0,1.0,0.0,0.0,1.0,0.0,0.0,0.0,1.0,1.0,1.0,0.0,0.0,1.0,1.0,0.0,0.0,0.0,1.0,0.0,1.0,1.0,1.0,0.0,0.0,0.0,1.0,0.0,1.0,0.0,0.0,0.0,0.0,0.0,1.0,0.0,0.0,0.0,0.0,0.0,0.0,0.0,0.0,0.0,0.0,0.0,0.0,0.0,0.0,0.0,0.0,1.0,0.0
2025,Sudeste,3,São Paulo,SP,35,Taboão da Serra,3552809,São Paulo,3501,São Paulo,350001,Metropolitana de São Paulo,15,Itapecerica da Serra,60,Taboão da Serra,355280905,,,SENAC TABOAO DA SERRA,35563390,4,1.0,1,0.0,RUA SALVADOR BRANCO DE ANDRADE,182,,JARDIM SAO MIGUEL,6760100,11.0,42452000.0,-236.126.568,-467.723.498,1,15000.0,06JAN2025:00:00:00,12DEC2025:00:00:00,,,,,0.0,,,,,,,,,,,,,,,,,,,,0.0,0.0,0.0,0.0,0.0,1.0,0.0,"3,70981E+12","3,70981E+12",1.0,2.0,,,1.0,1.0,0.0,0.0,0.0,0.0,,1.0,0.0,0.0,1.0,1.0,0.0,0.0,0.0,0.0,0.0,1.0,0.0,0.0,0.0,1.0,0.0,0.0,0.0,0.0,1.0,0.0,0.0,0.0,0.0,1.0,1.0,1.0,0.0,1.0,1.0,0.0,1.0,1.0,0.0,1.0,0.0,1.0,1.0,1.0,0.0,0.0,0.0,0.0,0.0,1.0,0.0,1.0,0.0,0.0,0.0,0.0,0.0,0.0,1.0,0.0,0.0,0.0,0.0,0.0,0.0,1.0,0.0,1.0,0.0,1.0,0.0,0.0,0.0,0.0,1.0,1.0,1.0,1.0,1.0,1.0,1.0,1.0,0.0,1.0,20.0,0.0,20.0,20.0,20.0,0.0,0.0,1.0,0.0,1.0,1.0,1.0,0.0,0.0,0.0,1.0,1.0,1.0,2.0,0.0,0.0,1.0,19.0,1.0,142.0,1.0,48.0,1.0,2.0,1.0,1.0,1.0,1.0,1.0,1.0,1.0,3.0,1.0,35.0,10.0,5.0,0.0,1.0,0.0,0.0,1.0,0.0,8.0,1.0,4.0,0.0,1.0,0.0,0.0,1.0,0.0,0.0,1.0,0.0,0.0,1.0,1.0,1.0,1.0,1.0,0.0,0.0,0.0,0.0,0.0,0.0,0.0,0.0,0.0,0.0,,,,,0.0,,,,,,,1.0,1.0,0.0,0.0,0.0,1.0,0.0,0.0,0.0,1.0,1.0,1.0,0.0,0.0,1.0,1.0,0.0,0.0,0.0,1.0,0.0,1.0,1.0,1.0,0.0,0.0,1.0,1.0,0.0,1.0,0.0,0.0,0.0,0.0,0.0,1.0,0.0,0.0,0.0,0.0,0.0,0.0,0.0,0.0,0.0,0.0,0.0,0.0,0.0,0.0,0.0,0.0,1.0,1.0
2025,Sudeste,3,São Paulo,SP,35,Taubaté,3554102,São José dos Campos,3511,Taubaté - Pindamonhangaba,350050,Vale do Paraíba Paulista,13,São José dos Campos,50,Taubaté,355410205,,,SENAC TAUBATE,35148775,4,1.0,1,0.0,RUA NELSON FREIRE CAMPELLO,202,,CENTRO,12010700,12.0,21256099.0,-23.036.341,-455.614.403,1,15000.0,02JAN2025:00:00:00,23DEC2025:00:00:00,,,,,0.0,,,,,,,,,,,,,,,,,,,,0.0,0.0,0.0,0.0,0.0,1.0,0.0,"3,70981E+12","3,70981E+12",1.0,2.0,,,1.0,1.0,0.0,0.0,0.0,0.0,,1.0,0.0,0.0,1.0,1.0,1.0,0.0,0.0,0.0,0.0,1.0,0.0,0.0,0.0,1.0,0.0,0.0,0.0,0.0,1.0,0.0,0.0,1.0,0.0,1.0,0.0,0.0,0.0,1.0,1.0,0.0,1.0,1.0,0.0,1.0,1.0,0.0,1.0,1.0,0.0,1.0,0.0,0.0,0.0,1.0,1.0,0.0,1.0,0.0,0.0,0.0,0.0,0.0,0.0,0.0,0.0,0.0,0.0,0.0,0.0,1.0,0.0,1.0,0.0,1.0,0.0,0.0,0.0,0.0,1.0,0.0,1.0,1.0,1.0,0.0,1.0,1.0,0.0,1.0,21.0,0.0,21.0,21.0,21.0,0.0,1.0,1.0,0.0,1.0,1.0,0.0,0.0,0.0,0.0,0.0,0.0,1.0,7.0,1.0,10.0,1.0,88888.0,1.0,197.0,1.0,80.0,0.0,0.0,1.0,1.0,1.0,1.0,1.0,1.0,1.0,3.0,1.0,29.0,12.0,1.0,16.0,0.0,0.0,0.0,1.0,3.0,4.0,1.0,5.0,3.0,1.0,0.0,0.0,0.0,0.0,0.0,1.0,0.0,0.0,1.0,0.0,0.0,0.0,1.0,0.0,0.0,0.0,0.0,0.0,0.0,0.0,0.0,0.0,0.0,,,,,0.0,,,,,,,1.0,0.0,0.0,0.0,0.0,1.0,0.0,0.0,0.0,1.0,1.0,1.0,0.0,0.0,1.0,1.0,0.0,0.0,0.0,0.0,0.0,0.0,1.0,1.0,0.0,0.0,1.0,0.0,0.0,1.0,0.0,0.0,0.0,0.0,0.0,0.0,0.0,0.0,0.0,0.0,0.0,0.0,0.0,0.0,0.0,0.0,0.0,0.0,0.0,0.0,0.0,0.0,1.0,1.0
2025,Sudeste,3,São Paulo,SP,35,Votuporanga,3557105,São José do Rio Preto,3507,Votuporanga,350027,São José do Rio Preto,1,Votuporanga,3,Votuporanga,355710505,,,SENAC VOTUPORANGA,35149073,4,1.0,1,0.0,RUA GUAPORE,3221,,SANTA LUZIA,15500086,17.0,34266718.0,-204.110.692,-499.779.647,1,15000.0,06JAN2025:00:00:00,19DEC2025:00:00:00,,,,,0.0,,,,,,,,,,,,,,,,,,,,0.0,0.0,0.0,0.0,0.0,1.0,0.0,"3,70981E+12","3,70981E+12",1.0,2.0,,,1.0,1.0,0.0,0.0,0.0,0.0,,1.0,0.0,0.0,1.0,1.0,0.0,0.0,0.0,0.0,0.0,1.0,0.0,0.0,0.0,1.0,0.0,0.0,0.0,0.0,1.0,0.0,0.0,0.0,0.0,1.0,1.0,1.0,0.0,1.0,1.0,0.0,1.0,1.0,0.0,1.0,0.0,1.0,1.0,1.0,1.0,1.0,0.0,0.0,0.0,1.0,1.0,1.0,1.0,0.0,0.0,0.0,0.0,0.0,0.0,0.0,0.0,0.0,0.0,0.0,1.0,1.0,0.0,1.0,0.0,1.0,0.0,0.0,0.0,0.0,0.0,0.0,1.0,1.0,1.0,0.0,1.0,1.0,0.0,0.0,9.0,10.0,19.0,19.0,9.0,0.0,0.0,1.0,1.0,1.0,1.0,1.0,0.0,1.0,10.0,1.0,1.0,1.0,4.0,1.0,9.0,1.0,9.0,1.0,37.0,1.0,20.0,1.0,20.0,1.0,1.0,1.0,1.0,1.0,1.0,1.0,3.0,1.0,25.0,4.0,1.0,0.0,0.0,0.0,0.0,0.0,0.0,1.0,1.0,4.0,0.0,1.0,0.0,0.0,0.0,0.0,0.0,1.0,0.0,0.0,1.0,0.0,1.0,0.0,1.0,1.0,0.0,0.0,0.0,0.0,0.0,0.0,0.0,0.0,0.0,,,,,0.0,,,,,,,1.0,1.0,1.0,0.0,0.0,1.0,0.0,0.0,0.0,1.0,1.0,1.0,0.0,0.0,1.0,1.0,0.0,0.0,0.0,0.0,0.0,0.0,1.0,1.0,0.0,0.0,0.0,0.0,0.0,1.0,0.0,0.0,0.0,0.0,0.0,0.0,0.0,0.0,0.0,0.0,0.0,0.0,0.0,0.0,0.0,0.0,0.0,0.0,0.0,0.0,0.0,0.0,1.0,0.0
2025,Sul,4,Paraná,PR,41,Apucarana,4101408,Londrina,4105,Apucarana,410023,Norte Central Paranaense,3,Apucarana,10,Apucarana,410140805,,,UEP 5 - UNIDADE DE EDUCACAO PRO E TECNOLOGICA DE APUCARANA- SENAC,41152085,4,1.0,1,0.0,GASTAO VIDIGAL,185,,CENTRO,86800050,43.0,34202800.0,-2.356.037.131,-5.146.797.874,1,1.0,06JAN2025:00:00:00,13DEC2025:00:00:00,,,,,1.0,2.0,0.0,0.0,0.0,1.0,0.0,0.0,,,,,,,0.0,0.0,0.0,1.0,0.0,0.0,0.0,0.0,0.0,0.0,0.0,1.0,0.0,"3,54109E+12","3,54109E+12",1.0,2.0,,,1.0,1.0,0.0,0.0,0.0,0.0,,0.0,1.0,0.0,1.0,1.0,0.0,0.0,0.0,0.0,0.0,1.0,0.0,0.0,0.0,1.0,0.0,0.0,0.0,0.0,1.0,0.0,0.0,0.0,0.0,1.0,0.0,0.0,0.0,1.0,0.0,0.0,1.0,1.0,0.0,1.0,1.0,0.0,1.0,1.0,1.0,0.0,0.0,0.0,0.0,1.0,0.0,1.0,0.0,0.0,0.0,0.0,0.0,0.0,0.0,0.0,0.0,0.0,0.0,0.0,0.0,1.0,1.0,1.0,0.0,1.0,0.0,0.0,0.0,0.0,1.0,1.0,1.0,1.0,1.0,0.0,0.0,1.0,0.0,0.0,17.0,0.0,17.0,0.0,0.0,0.0,1.0,1.0,1.0,1.0,1.0,1.0,0.0,1.0,1.0,1.0,1.0,1.0,1.0,0.0,0.0,1.0,12.0,1.0,36.0,0.0,0.0,0.0,0.0,1.0,1.0,1.0,1.0,0.0,1.0,1.0,3.0,1.0,6.0,0.0,0.0,88888.0,0.0,0.0,0.0,0.0,2.0,2.0,1.0,0.0,0.0,1.0,0.0,0.0,0.0,0.0,0.0,1.0,0.0,1.0,1.0,0.0,0.0,0.0,0.0,0.0,0.0,0.0,0.0,0.0,0.0,0.0,0.0,0.0,0.0,,,,,1.0,0.0,1.0,0.0,0.0,0.0,0.0,1.0,0.0,0.0,0.0,0.0,0.0,0.0,0.0,1.0,0.0,0.0,9.0,9.0,9.0,9.0,9.0,9.0,0.0,0.0,1.0,0.0,1.0,1.0,1.0,0.0,0.0,0.0,0.0,0.0,1.0,0.0,0.0,0.0,0.0,0.0,0.0,0.0,0.0,0.0,0.0,0.0,0.0,0.0,0.0,0.0,0.0,0.0,0.0,0.0,0.0,0.0,0.0,1.0,0.0
2025,Sul,4,Paraná,PR,41,Arapongas,4101507,Londrina,4105,Londrina,410021,Norte Central Paranaense,3,Apucarana,10,Arapongas,410150705,,,UEP 48 - UNIDADE DE EDUCACAO PRO E TECNOLOGICA DE ARAPONGAS- SENAC,41164911,4,1.0,1,0.0,RUA TICO TICO REI,51,,JARDIM CARAVELLE,86702666,43.0,32235650.0,,,1,1.0,06JAN2025:00:00:00,13DEC2025:00:00:00,,,,,1.0,2.0,0.0,0.0,0.0,1.0,0.0,0.0,,,,,,,0.0,0.0,0.0,1.0,0.0,0.0,0.0,0.0,0.0,0.0,0.0,1.0,0.0,"3,54109E+12","3,54109E+12",1.0,2.0,,,1.0,1.0,0.0,0.0,0.0,0.0,,0.0,1.0,0.0,1.0,1.0,0.0,0.0,0.0,0.0,0.0,1.0,0.0,0.0,0.0,1.0,0.0,0.0,0.0,0.0,1.0,0.0,0.0,0.0,0.0,1.0,0.0,0.0,0.0,1.0,0.0,0.0,1.0,1.0,0.0,1.0,1.0,1.0,1.0,1.0,1.0,0.0,0.0,0.0,0.0,1.0,0.0,1.0,0.0,0.0,0.0,1.0,1.0,0.0,0.0,0.0,0.0,0.0,0.0,0.0,0.0,1.0,1.0,1.0,0.0,1.0,0.0,0.0,0.0,0.0,1.0,0.0,1.0,1.0,1.0,0.0,1.0,1.0,0.0,0.0,8.0,0.0,8.0,0.0,0.0,0.0,0.0,1.0,1.0,1.0,1.0,1.0,0.0,1.0,1.0,1.0,1.0,1.0,1.0,0.0,0.0,1.0,7.0,1.0,37.0,0.0,0.0,1.0,25.0,1.0,1.0,1.0,1.0,0.0,1.0,1.0,3.0,1.0,3.0,4.0,1.0,7.0,0.0,0.0,0.0,0.0,0.0,2.0,1.0,0.0,0.0,1.0,0.0,0.0,0.0,0.0,0.0,1.0,0.0,1.0,1.0,0.0,1.0,0.0,0.0,0.0,0.0,0.0,0.0,0.0,0.0,0.0,0.0,0.0,0.0,,,,,1.0,0.0,1.0,0.0,0.0,0.0,0.0,1.0,0.0,0.0,0.0,0.0,0.0,0.0,0.0,1.0,0.0,0.0,9.0,9.0,9.0,9.0,9.0,9.0,0.0,0.0,1.0,0.0,1.0,1.0,1.0,0.0,0.0,0.0,1.0,0.0,1.0,0.0,0.0,0.0,0.0,0.0,1.0,0.0,0.0,0.0,0.0,0.0,0.0,0.0,0.0,0.0,0.0,0.0,0.0,0.0,0.0,0.0,0.0,1.0,0.0
2025,Sul,4,Paraná,PR,41,Barracão,4102604,Cascavel,4103,Francisco Beltrão,410009,Sudoeste Paranaense,7,Francisco Beltrão,26,Barracão,410260405,,,UEP 41 - UNIDADE DE EDUCACAO PROFISSIONAL E TECNOLOGICA DE BARRACAO- SENAC,41152336,4,,1,,AV. BRASILIA,60,1 ANDAR,,85700000,49.0,36440317.0,,,2,12.0,,,,,,,,,,,,,,,,,,,,,,,,,,,,,,,,,,,,,,,,,,,,,,,,,,,,,,,,,,,,,,,,,,,,,,,,,,,,,,,,,,,,,,,,,,,,,,,,,,,,,,,,,,,,,,,,,,,,,,,,,,,,,,,,,,,,,,,,,,,,,,,,,,,,,,,,,,,,,,,,,,,,,,,,,,,,,,,,,,,,,,,,,,,,,,,,,,,,,,,,,,,,,,,,,,,,,,,,,,,,,,,,,,,,,,,,,,,,,,,,,,,,,,,,,,,,,,,,,,,,,,,,,
2025,Sul,4,Paraná,PR,41,Bela Vista do Paraíso,4102802,Londrina,4105,Londrina,410021,Norte Central Paranaense,3,Porecatu,7,Bela Vista do Paraíso,410280205,,,UEP 52 - UNIDADE DE EDUCACAO PRO E TECNOLOGICA DE BELA VISTA DO PARAISO- SENAC,41163966,4,1.0,1,0.0,PRACA BRASILIO DE ARAUJO FILHO,41,,CENTRO,86130000,43.0,32428749.0,,,1,18.0,06JAN2025:00:00:00,13DEC2025:00:00:00,,,,,0.0,,,,,,,,,,,,,,,,,,,,0.0,0.0,0.0,0.0,0.0,1.0,0.0,"3,54109E+12","3,54109E+12",1.0,1.0,,,1.0,1.0,0.0,0.0,0.0,0.0,,0.0,1.0,0.0,1.0,1.0,0.0,0.0,0.0,0.0,0.0,1.0,0.0,0.0,0.0,1.0,0.0,0.0,0.0,0.0,1.0,0.0,0.0,0.0,0.0,1.0,0.0,0.0,0.0,1.0,0.0,0.0,1.0,1.0,0.0,1.0,1.0,0.0,1.0,1.0,1.0,0.0,0.0,0.0,0.0,1.0,0.0,1.0,0.0,0.0,0.0,0.0,0.0,0.0,0.0,0.0,0.0,0.0,0.0,0.0,0.0,1.0,1.0,1.0,0.0,1.0,0.0,0.0,0.0,0.0,1.0,1.0,1.0,1.0,1.0,0.0,0.0,1.0,0.0,0.0,2.0,0.0,2.0,0.0,0.0,0.0,1.0,1.0,1.0,1.0,1.0,1.0,0.0,1.0,1.0,1.0,1.0,1.0,1.0,0.0,0.0,1.0,2.0,1.0,88888.0,0.0,0.0,0.0,0.0,1.0,1.0,1.0,1.0,0.0,1.0,1.0,3.0,1.0,1.0,0.0,0.0,1.0,0.0,0.0,0.0,0.0,0.0,0.0,0.0,0.0,0.0,1.0,0.0,0.0,0.0,0.0,0.0,1.0,0.0,1.0,1.0,0.0,0.0,0.0,0.0,0.0,0.0,0.0,0.0,0.0,0.0,0.0,0.0,0.0,0.0,,,,,1.0,0.0,1.0,0.0,0.0,0.0,0.0,1.0,0.0,0.0,0.0,0.0,0.0,0.0,0.0,1.0,0.0,0.0,9.0,9.0,9.0,9.0,9.0,9.0,0.0,0.0,0.0,0.0,0.0,1.0,1.0,0.0,0.0,0.0,0.0,0.0,1.0,0.0,0.0,0.0,0.0,0.0,0.0,0.0,0.0,0.0,0.0,0.0,0.0,0.0,0.0,0.0,0.0,0.0,0.0,0.0,0.0,0.0,0.0,1.0,0.0
2025,Sul,4,Paraná,PR,41,Campo Mourão,4104303,Maringá,4104,Campo Mourão,410015,Centro Ocidental Paranaense,2,Campo Mourão,5,Campo Mourão,410430305,,,UEP 11 - UNIDADE DE EDUCACAO PRO E TECNOLOGICA DE CAMPO MOURAO- SENAC,41152140,4,1.0,1,0.0,SAO JOSAFAT,1651,,CENTRO,87302170,44.0,35185600.0,-2.404.417.944,-5.238.559.905,1,5.0,06JAN2025:00:00:00,13DEC2025:00:00:00,,,,,1.0,2.0,0.0,0.0,0.0,1.0,0.0,0.0,,,,,,,0.0,0.0,0.0,1.0,0.0,0.0,0.0,0.0,0.0,0.0,0.0,1.0,0.0,"3,54109E+12","3,54109E+12",1.0,2.0,,,1.0,1.0,0.0,0.0,0.0,0.0,,0.0,1.0,0.0,1.0,1.0,0.0,0.0,0.0,0.0,0.0,1.0,0.0,0.0,0.0,1.0,0.0,0.0,0.0,0.0,1.0,0.0,0.0,0.0,0.0,1.0,0.0,0.0,0.0,1.0,0.0,0.0,1.0,1.0,0.0,1.0,1.0,0.0,1.0,1.0,1.0,0.0,0.0,0.0,0.0,1.0,0.0,1.0,0.0,0.0,0.0,0.0,0.0,0.0,0.0,0.0,0.0,0.0,0.0,0.0,0.0,1.0,1.0,1.0,0.0,1.0,0.0,0.0,0.0,0.0,1.0,1.0,1.0,1.0,1.0,0.0,0.0,1.0,0.0,0.0,18.0,0.0,18.0,0.0,0.0,0.0,1.0,1.0,1.0,1.0,1.0,1.0,0.0,1.0,1.0,1.0,1.0,1.0,1.0,0.0,0.0,1.0,16.0,1.0,58.0,0.0,0.0,0.0,0.0,1.0,1.0,1.0,1.0,0.0,1.0,1.0,3.0,1.0,10.0,0.0,1.0,12.0,0.0,0.0,0.0,0.0,1.0,3.0,1.0,0.0,1.0,1.0,0.0,0.0,0.0,0.0,0.0,1.0,0.0,1.0,1.0,0.0,0.0,0.0,0.0,0.0,0.0,0.0,0.0,0.0,0.0,0.0,0.0,0.0,0.0,,,,,1.0,0.0,1.0,0.0,0.0,0.0,0.0,1.0,0.0,0.0,0.0,0.0,0.0,0.0,0.0,1.0,0.0,0.0,9.0,9.0,9.0,9.0,9.0,9.0,0.0,0.0,1.0,0.0,1.0,1.0,1.0,0.0,0.0,0.0,0.0,0.0,1.0,0.0,0.0,0.0,0.0,0.0,0.0,0.0,0.0,0.0,0.0,0.0,0.0,0.0,0.0,0.0,0.0,0.0,0.0,0.0,0.0,0.0,0.0,1.0,0.0
2025,Sul,4,Paraná,PR,41,Cascavel,4104808,Cascavel,4103,Cascavel,410006,Oeste Paranaense,6,Cascavel,23,Cascavel,410480805,,,UEP 4 - UNIDADE DE EDUCACAO PRO E TECNOLOGICA DE CASCAVEL- SENAC,41152077,4,1.0,1,0.0,RECIFE,2283,,CENTRO,85810031,45.0,33921200.0,-2.495.114.571,-5.347.969.053,1,6.0,06JAN2025:00:00:00,13DEC2025:00:00:00,,,,,1.0,2.0,0.0,0.0,0.0,1.0,0.0,0.0,,,,,,,0.0,0.0,0.0,1.0,0.0,0.0,0.0,0.0,0.0,0.0,0.0,1.0,0.0,"3,54109E+12","3,54109E+12",1.0,2.0,,,1.0,1.0,0.0,0.0,0.0,0.0,,0.0,1.0,0.0,1.0,1.0,0.0,0.0,0.0,0.0,0.0,1.0,0.0,0.0,0.0,1.0,0.0,0.0,0.0,0.0,1.0,0.0,0.0,0.0,0.0,1.0,0.0,0.0,0.0,1.0,0.0,0.0,1.0,1.0,0.0,1.0,1.0,0.0,1.0,1.0,1.0,0.0,0.0,0.0,0.0,1.0,0.0,1.0,0.0,0.0,0.0,0.0,0.0,0.0,0.0,0.0,0.0,0.0,0.0,0.0,0.0,1.0,1.0,1.0,0.0,1.0,0.0,0.0,0.0,0.0,1.0,1.0,1.0,1.0,1.0,0.0,0.0,1.0,0.0,0.0,12.0,0.0,12.0,0.0,0.0,0.0,1.0,1.0,1.0,1.0,1.0,1.0,0.0,1.0,1.0,1.0,1.0,1.0,1.0,0.0,0.0,1.0,14.0,1.0,109.0,0.0,0.0,0.0,0.0,1.0,1.0,1.0,1.0,0.0,1.0,1.0,3.0,1.0,8.0,0.0,1.0,10.0,0.0,0.0,0.0,0.0,0.0,4.0,1.0,0.0,1.0,1.0,0.0,0.0,0.0,0.0,0.0,1.0,0.0,1.0,1.0,0.0,0.0,0.0,0.0,0.0,0.0,0.0,0.0,0.0,0.0,0.0,0.0,0.0,0.0,,,,,1.0,0.0,1.0,0.0,0.0,0.0,0.0,1.0,0.0,0.0,0.0,0.0,0.0,0.0,0.0,1.0,0.0,0.0,9.0,9.0,9.0,9.0,9.0,9.0,0.0,0.0,1.0,0.0,1.0,1.0,1.0,0.0,0.0,0.0,0.0,0.0,1.0,0.0,0.0,0.0,0.0,0.0,0.0,0.0,0.0,0.0,0.0,0.0,0.0,0.0,0.0,0.0,0.0,0.0,0.0,0.0,0.0,0.0,0.0,1.0,0.0
2025,Sul,4,Paraná,PR,41,Castro,4104907,Ponta Grossa,4106,Ponta Grossa,410027,Centro Oriental Paranaense,5,Ponta Grossa,21,Castro,410490705,,,UEP 14 - UNIDADE DE EDUCACAO PRO E TECNOLOGICA DE CASTRO- SENAC,41152174,4,1.0,1,0.0,ALFREDO LUIZ DE MATTOS,273,,CENTRO,84165030,42.0,32338650.0,-2.478.870.167,-5.001.034.167,1,25.0,06JAN2025:00:00:00,13DEC2025:00:00:00,,,,,1.0,2.0,0.0,0.0,0.0,1.0,0.0,0.0,,,,,,,0.0,0.0,0.0,1.0,0.0,0.0,0.0,0.0,0.0,0.0,0.0,1.0,0.0,"3,54109E+12","3,54109E+12",1.0,2.0,,,1.0,1.0,0.0,0.0,0.0,0.0,,0.0,1.0,0.0,1.0,1.0,0.0,0.0,0.0,0.0,0.0,1.0,0.0,0.0,0.0,1.0,0.0,0.0,0.0,0.0,1.0,0.0,0.0,0.0,0.0,1.0,0.0,0.0,0.0,1.0,0.0,0.0,1.0,1.0,0.0,1.0,1.0,0.0,1.0,1.0,1.0,0.0,0.0,0.0,0.0,1.0,0.0,1.0,0.0,0.0,0.0,0.0,0.0,0.0,0.0,0.0,0.0,0.0,0.0,0.0,0.0,1.0,1.0,1.0,0.0,1.0,0.0,0.0,0.0,0.0,1.0,1.0,1.0,1.0,1.0,0.0,0.0,1.0,0.0,0.0,7.0,0.0,7.0,0.0,0.0,0.0,1.0,1.0,1.0,1.0,1.0,1.0,0.0,1.0,1.0,1.0,1.0,1.0,1.0,0.0,0.0,1.0,88888.0,1.0,32.0,0.0,0.0,0.0,0.0,1.0,1.0,1.0,1.0,0.0,1.0,1.0,3.0,1.0,3.0,0.0,0.0,6.0,0.0,0.0,0.0,0.0,0.0,2.0,1.0,0.0,0.0,1.0,0.0,0.0,0.0,0.0,0.0,1.0,0.0,1.0,1.0,0.0,0.0,0.0,0.0,0.0,0.0,0.0,0.0,0.0,0.0,0.0,0.0,0.0,0.0,,,,,1.0,0.0,1.0,0.0,0.0,0.0,0.0,1.0,0.0,0.0,0.0,0.0,0.0,0.0,0.0,1.0,0.0,0.0,9.0,9.0,9.0,9.0,9.0,9.0,0.0,0.0,1.0,0.0,1.0,1.0,1.0,0.0,0.0,0.0,0.0,0.0,1.0,0.0,0.0,0.0,0.0,0.0,0.0,0.0,0.0,0.0,0.0,0.0,0.0,0.0,0.0,0.0,0.0,0.0,0.0,0.0,0.0,0.0,0.0,1.0,0.0
2025,Sul,4,Paraná,PR,41,Cornélio Procópio,4106407,Londrina,4105,Cornélio Procópio ¿ Bandeirantes,410024,Norte Pioneiro Paranaense,4,Cornélio Procópio,15,Cornélio Procópio,410640705,,,UEP 30 - UNIDADE DE EDUCACAO PRO E TECNOLOGICA DE CORNELIO PROCOPIO- SENAC,41152280,4,1.0,1,0.0,AV  MINAS GERAIS,751,,CENTRO,86300003,43.0,35206500.0,-2.318.152.886,-5.065.430.213,1,8.0,06JAN2025:00:00:00,13DEC2025:00:00:00,,,,,0.0,,,,,,,,,,,,,,,,,,,,0.0,0.0,0.0,0.0,0.0,1.0,0.0,"3,54109E+12","3,54109E+12",1.0,1.0,,,1.0,1.0,0.0,0.0,0.0,0.0,,0.0,1.0,0.0,1.0,1.0,0.0,0.0,0.0,0.0,0.0,1.0,0.0,0.0,0.0,1.0,0.0,0.0,0.0,0.0,1.0,0.0,0.0,0.0,0.0,1.0,0.0,0.0,0.0,1.0,0.0,0.0,1.0,1.0,0.0,1.0,1.0,0.0,1.0,1.0,1.0,0.0,0.0,0.0,0.0,1.0,0.0,1.0,0.0,0.0,0.0,0.0,0.0,0.0,0.0,0.0,0.0,0.0,0.0,0.0,0.0,1.0,1.0,1.0,0.0,1.0,0.0,0.0,0.0,0.0,1.0,1.0,1.0,1.0,1.0,0.0,0.0,1.0,0.0,0.0,9.0,0.0,9.0,0.0,0.0,0.0,1.0,1.0,1.0,1.0,1.0,1.0,0.0,1.0,1.0,1.0,1.0,1.0,1.0,1.0,1.0,1.0,10.0,1.0,32.0,0.0,0.0,0.0,0.0,1.0,1.0,1.0,1.0,0.0,1.0,1.0,3.0,1.0,5.0,0.0,0.0,88888.0,0.0,0.0,0.0,0.0,0.0,2.0,1.0,0.0,0.0,1.0,0.0,0.0,0.0,0.0,0.0,1.0,0.0,1.0,1.0,0.0,0.0,0.0,0.0,0.0,0.0,0.0,0.0,0.0,0.0,0.0,0.0,0.0,0.0,,,,,1.0,0.0,1.0,0.0,0.0,0.0,0.0,1.0,0.0,0.0,0.0,0.0,0.0,0.0,0.0,1.0,0.0,0.0,9.0,9.0,9.0,9.0,9.0,9.0,0.0,0.0,0.0,0.0,0.0,1.0,1.0,0.0,0.0,0.0,0.0,0.0,1.0,0.0,0.0,0.0,0.0,0.0,0.0,0.0,0.0,0.0,0.0,0.0,0.0,0.0,0.0,0.0,0.0,0.0,0.0,0.0,0.0,0.0,0.0,1.0,0.0
2025,Sul,4,Paraná,PR,41,Curitiba,4106902,Curitiba,4101,Curitiba,410001,Metropolitana de Curitiba,10,Curitiba,37,Curitiba,410690205,,,UEP 20 - UNIDADE DE EDUCACAO PROFISSIONAL DO PORTAO- SENAC,41152239,4,,1,,CALIXTO RAZOLINI,215,,PORTAO,81070060,41.0,32293439.0,-2.547.624,-4.929.453,2,9.0,,,,,,,,,,,,,,,,,,,,,,,,,,,,,,,,,,,,,,,,,,,,,,,,,,,,,,,,,,,,,,,,,,,,,,,,,,,,,,,,,,,,,,,,,,,,,,,,,,,,,,,,,,,,,,,,,,,,,,,,,,,,,,,,,,,,,,,,,,,,,,,,,,,,,,,,,,,,,,,,,,,,,,,,,,,,,,,,,,,,,,,,,,,,,,,,,,,,,,,,,,,,,,,,,,,,,,,,,,,,,,,,,,,,,,,,,,,,,,,,,,,,,,,,,,,,,,,,,,,,,,,,,
2025,Sul,4,Paraná,PR,41,Curitiba,4106902,Curitiba,4101,Curitiba,410001,Metropolitana de Curitiba,10,Curitiba,37,Curitiba,410690205,,,UEP 46 - UNIDADE DE EDUCACAO PRO E TECNOLOGICA DE CURITIBA PORTAO- SENAC,41156218,4,1.0,1,0.0,CALIXTO RAZOLINI,215,,PORTÃO,81070060,41.0,33145850.0,-2.547.618.468,-4.929.434.306,1,9.0,06JAN2025:00:00:00,13DEC2025:00:00:00,,,,,1.0,2.0,0.0,0.0,0.0,1.0,0.0,0.0,,,,,,,0.0,0.0,0.0,1.0,0.0,0.0,0.0,0.0,0.0,0.0,0.0,1.0,0.0,"3,54109E+12","3,54109E+12",1.0,2.0,,,1.0,1.0,0.0,0.0,0.0,0.0,,0.0,1.0,0.0,1.0,1.0,0.0,0.0,0.0,0.0,0.0,1.0,0.0,0.0,0.0,1.0,0.0,0.0,0.0,0.0,1.0,0.0,0.0,0.0,0.0,1.0,0.0,0.0,0.0,1.0,0.0,0.0,1.0,1.0,0.0,1.0,1.0,0.0,1.0,1.0,1.0,0.0,0.0,0.0,0.0,1.0,0.0,1.0,0.0,0.0,0.0,0.0,0.0,0.0,0.0,0.0,0.0,0.0,0.0,0.0,0.0,1.0,1.0,1.0,0.0,1.0,0.0,0.0,0.0,0.0,1.0,1.0,1.0,1.0,1.0,0.0,0.0,1.0,0.0,0.0,15.0,0.0,15.0,0.0,0.0,0.0,1.0,1.0,1.0,1.0,1.0,1.0,0.0,1.0,1.0,1.0,1.0,1.0,1.0,1.0,1.0,1.0,88888.0,1.0,216.0,1.0,37.0,1.0,25.0,1.0,1.0,1.0,1.0,0.0,1.0,1.0,3.0,1.0,18.0,0.0,1.0,19.0,0.0,0.0,0.0,0.0,4.0,5.0,1.0,0.0,3.0,1.0,0.0,0.0,0.0,0.0,0.0,1.0,0.0,1.0,1.0,0.0,0.0,0.0,0.0,0.0,0.0,0.0,0.0,0.0,0.0,0.0,0.0,0.0,0.0,,,,,1.0,0.0,1.0,0.0,0.0,0.0,0.0,1.0,0.0,0.0,0.0,0.0,0.0,0.0,0.0,1.0,0.0,0.0,9.0,9.0,9.0,9.0,9.0,9.0,0.0,0.0,1.0,0.0,1.0,1.0,1.0,0.0,1.0,0.0,0.0,0.0,1.0,0.0,0.0,0.0,0.0,0.0,0.0,0.0,0.0,0.0,0.0,0.0,0.0,0.0,0.0,0.0,0.0,0.0,0.0,0.0,0.0,0.0,0.0,1.0,0.0
2025,Sul,4,Paraná,PR,41,Curitiba,4106902,Curitiba,4101,Curitiba,410001,Metropolitana de Curitiba,10,Curitiba,37,Curitiba,410690205,,,UEP 1 - UNIDADE DE EDUCACAO PRO E TECNOLOGICA DE CURITIBA CENTRO- SENAC,41376897,4,1.0,1,0.0,ANDRE DE BARROS,750,,CENTRO,80010080,41.0,32194700.0,-2.543.365.215,-4.926.567.201,1,9.0,06JAN2025:00:00:00,13DEC2025:00:00:00,,,,,1.0,2.0,0.0,0.0,0.0,1.0,0.0,0.0,,,,,,,0.0,0.0,0.0,1.0,0.0,0.0,0.0,0.0,0.0,0.0,0.0,1.0,0.0,"3,54109E+12","3,54109E+12",1.0,2.0,,,1.0,1.0,0.0,0.0,0.0,0.0,,0.0,1.0,0.0,1.0,1.0,0.0,0.0,0.0,0.0,0.0,1.0,0.0,0.0,0.0,1.0,0.0,0.0,0.0,0.0,1.0,0.0,0.0,0.0,0.0,1.0,0.0,0.0,0.0,1.0,0.0,0.0,1.0,1.0,0.0,1.0,1.0,0.0,1.0,1.0,1.0,0.0,0.0,0.0,0.0,1.0,0.0,1.0,0.0,0.0,0.0,0.0,0.0,0.0,0.0,0.0,0.0,0.0,0.0,0.0,0.0,1.0,1.0,1.0,0.0,1.0,0.0,0.0,0.0,0.0,1.0,1.0,1.0,1.0,1.0,0.0,0.0,1.0,0.0,0.0,74.0,0.0,74.0,0.0,0.0,0.0,1.0,1.0,1.0,1.0,1.0,1.0,0.0,1.0,1.0,1.0,1.0,1.0,1.0,0.0,0.0,1.0,84.0,1.0,476.0,1.0,29.0,1.0,43.0,1.0,1.0,1.0,1.0,0.0,1.0,1.0,3.0,1.0,66.0,2.0,1.0,19.0,0.0,0.0,0.0,1.0,15.0,18.0,2.0,0.0,10.0,1.0,0.0,0.0,0.0,0.0,0.0,1.0,0.0,1.0,1.0,0.0,1.0,0.0,0.0,0.0,0.0,0.0,0.0,0.0,0.0,0.0,0.0,0.0,0.0,,,,,1.0,0.0,1.0,0.0,0.0,0.0,0.0,1.0,0.0,0.0,0.0,0.0,0.0,0.0,0.0,1.0,0.0,0.0,9.0,9.0,9.0,9.0,9.0,9.0,0.0,0.0,1.0,0.0,1.0,1.0,1.0,0.0,0.0,0.0,1.0,0.0,1.0,0.0,0.0,0.0,0.0,0.0,1.0,0.0,0.0,0.0,0.0,0.0,0.0,0.0,0.0,0.0,0.0,0.0,0.0,0.0,0.0,0.0,0.0,1.0,0.0
2025,Sul,4,Paraná,PR,41,Foz do Iguaçu,4108304,Cascavel,4103,Foz do Iguaçu,410007,Oeste Paranaense,6,Foz do Iguaçu,24,Foz do Iguaçu,410830405,,,UEP 6 - UNIDADE DE EDUCACAO PRO E TECNOLOGICA DE FOZ DO IGUACU- SENAC,41152093,4,1.0,1,0.0,JOAO ROUVER,160,,CENTRO,85851300,45.0,35216200.0,-2.554.764.433,-5.459.003.955,1,11.0,06JAN2025:00:00:00,13DEC2025:00:00:00,,,,,1.0,2.0,0.0,0.0,0.0,1.0,0.0,0.0,,,,,,,0.0,0.0,0.0,1.0,0.0,0.0,0.0,0.0,0.0,0.0,0.0,1.0,0.0,"3,54109E+12","3,54109E+12",1.0,2.0,,,1.0,1.0,0.0,0.0,0.0,0.0,,0.0,1.0,0.0,1.0,1.0,0.0,0.0,0.0,0.0,0.0,1.0,0.0,0.0,0.0,1.0,0.0,0.0,0.0,0.0,1.0,0.0,0.0,0.0,0.0,1.0,0.0,0.0,0.0,1.0,0.0,0.0,1.0,1.0,0.0,1.0,1.0,0.0,1.0,1.0,1.0,0.0,0.0,0.0,0.0,1.0,0.0,1.0,0.0,0.0,0.0,0.0,0.0,0.0,0.0,0.0,0.0,0.0,0.0,0.0,0.0,1.0,1.0,1.0,0.0,1.0,0.0,0.0,0.0,0.0,1.0,1.0,1.0,1.0,1.0,0.0,0.0,1.0,0.0,0.0,14.0,0.0,14.0,0.0,0.0,0.0,1.0,1.0,1.0,1.0,1.0,1.0,0.0,1.0,1.0,1.0,1.0,1.0,1.0,0.0,0.0,1.0,15.0,1.0,39.0,0.0,0.0,1.0,29.0,1.0,1.0,1.0,1.0,0.0,1.0,1.0,3.0,1.0,7.0,1.0,0.0,14.0,0.0,0.0,0.0,0.0,5.0,3.0,1.0,0.0,1.0,1.0,0.0,0.0,0.0,0.0,0.0,1.0,0.0,1.0,1.0,0.0,0.0,0.0,0.0,0.0,0.0,0.0,0.0,0.0,0.0,0.0,0.0,0.0,0.0,,,,,1.0,0.0,1.0,0.0,0.0,0.0,0.0,1.0,0.0,0.0,0.0,0.0,0.0,0.0,0.0,1.0,0.0,0.0,9.0,9.0,9.0,9.0,9.0,9.0,0.0,0.0,1.0,0.0,1.0,1.0,1.0,0.0,0.0,0.0,1.0,0.0,1.0,0.0,0.0,0.0,0.0,0.0,1.0,0.0,0.0,0.0,0.0,0.0,0.0,0.0,0.0,0.0,0.0,0.0,0.0,0.0,0.0,0.0,0.0,1.0,0.0
2025,Sul,4,Paraná,PR,41,Francisco Beltrão,4108403,Cascavel,4103,Francisco Beltrão,410009,Sudoeste Paranaense,7,Francisco Beltrão,26,Francisco Beltrão,410840305,,,UEP 16 - UNIDADE DE EDUCACAO PRO E TECNOLOGICA DE FRANCISCO BELTRAO- SENAC,41152190,4,1.0,1,0.0,AV  JULIO ASSIS CAVALHEIRO,2191,,INDUSTRIAL,85601274,46.0,39056800.0,-2.608.789.893,-5.304.221.606,1,12.0,06JAN2025:00:00:00,13DEC2025:00:00:00,,,,,0.0,,,,,,,,,,,,,,,,,,,,0.0,0.0,0.0,0.0,0.0,1.0,0.0,"3,54109E+12","3,54109E+12",1.0,1.0,,,1.0,1.0,0.0,0.0,0.0,0.0,,0.0,1.0,0.0,1.0,1.0,0.0,0.0,0.0,0.0,0.0,1.0,0.0,0.0,0.0,1.0,0.0,0.0,0.0,0.0,1.0,0.0,0.0,0.0,0.0,1.0,0.0,0.0,0.0,1.0,0.0,0.0,1.0,1.0,0.0,1.0,1.0,0.0,1.0,1.0,1.0,0.0,0.0,0.0,0.0,1.0,0.0,1.0,0.0,0.0,0.0,0.0,0.0,0.0,0.0,0.0,0.0,0.0,0.0,0.0,0.0,1.0,1.0,1.0,0.0,1.0,0.0,0.0,0.0,0.0,1.0,1.0,1.0,1.0,1.0,0.0,0.0,1.0,0.0,0.0,12.0,0.0,12.0,0.0,0.0,0.0,0.0,1.0,0.0,0.0,1.0,0.0,0.0,0.0,0.0,0.0,0.0,0.0,0.0,0.0,0.0,1.0,16.0,1.0,28.0,0.0,0.0,0.0,0.0,1.0,1.0,1.0,1.0,0.0,1.0,1.0,3.0,1.0,7.0,0.0,0.0,88888.0,0.0,0.0,0.0,0.0,0.0,2.0,1.0,1.0,1.0,1.0,0.0,0.0,0.0,0.0,0.0,1.0,0.0,1.0,0.0,0.0,0.0,0.0,0.0,0.0,0.0,0.0,0.0,0.0,0.0,0.0,0.0,0.0,0.0,,,,,1.0,0.0,1.0,0.0,0.0,0.0,0.0,1.0,0.0,0.0,0.0,0.0,0.0,0.0,0.0,1.0,0.0,0.0,9.0,9.0,9.0,9.0,9.0,9.0,0.0,0.0,0.0,0.0,0.0,1.0,1.0,0.0,0.0,0.0,0.0,0.0,1.0,0.0,0.0,0.0,0.0,0.0,0.0,0.0,0.0,0.0,0.0,0.0,0.0,0.0,0.0,0.0,0.0,0.0,0.0,0.0,0.0,0.0,0.0,1.0,0.0
2025,Sul,4,Paraná,PR,41,Guarapuava,4109401,Guarapuava,4102,Guarapuava,410004,Centro-Sul Paranaense,8,Guarapuava,29,Guarapuava,410940105,,,UEP 7 - UNIDADE DE EDUCACAO PRO E TECNOLOGICA DE GUARAPUAVA- SENAC,41152107,4,1.0,1,0.0,PADRE CHAGAS,3899,C P  787,CENTRO,85010020,42.0,36267500.0,-2.539.623.822,-5.147.033.635,1,14.0,06JAN2025:00:00:00,13DEC2025:00:00:00,,,,,0.0,,,,,,,,,,,,,,,,,,,,0.0,0.0,0.0,0.0,0.0,1.0,0.0,"3,54109E+12","3,54109E+12",1.0,1.0,,,1.0,1.0,0.0,0.0,0.0,0.0,,0.0,1.0,0.0,1.0,1.0,0.0,0.0,0.0,0.0,0.0,1.0,0.0,0.0,0.0,1.0,0.0,0.0,0.0,0.0,1.0,0.0,0.0,0.0,0.0,1.0,0.0,0.0,0.0,1.0,0.0,0.0,0.0,1.0,0.0,1.0,1.0,0.0,1.0,1.0,1.0,0.0,0.0,0.0,0.0,1.0,0.0,0.0,1.0,0.0,0.0,0.0,0.0,0.0,0.0,0.0,0.0,0.0,0.0,0.0,0.0,1.0,0.0,1.0,0.0,1.0,0.0,0.0,0.0,0.0,1.0,1.0,1.0,1.0,1.0,0.0,0.0,1.0,0.0,0.0,9.0,0.0,9.0,0.0,0.0,0.0,0.0,1.0,1.0,1.0,1.0,1.0,0.0,1.0,1.0,1.0,1.0,1.0,1.0,1.0,1.0,1.0,9.0,1.0,38.0,0.0,0.0,0.0,0.0,1.0,1.0,1.0,1.0,0.0,1.0,1.0,3.0,1.0,6.0,0.0,0.0,6.0,0.0,0.0,0.0,0.0,0.0,2.0,1.0,0.0,1.0,1.0,0.0,0.0,0.0,0.0,0.0,1.0,0.0,1.0,1.0,0.0,0.0,0.0,1.0,0.0,0.0,0.0,0.0,0.0,0.0,0.0,0.0,0.0,0.0,,,,,1.0,0.0,1.0,0.0,0.0,0.0,0.0,1.0,0.0,0.0,0.0,0.0,0.0,0.0,0.0,1.0,0.0,0.0,9.0,9.0,9.0,9.0,9.0,9.0,0.0,0.0,0.0,0.0,0.0,1.0,1.0,0.0,0.0,0.0,0.0,0.0,1.0,0.0,0.0,0.0,0.0,0.0,0.0,0.0,0.0,0.0,0.0,0.0,0.0,0.0,0.0,0.0,0.0,0.0,0.0,0.0,0.0,0.0,0.0,1.0,0.0
2025,Sul,4,Paraná,PR,41,Irati,4110706,Ponta Grossa,4106,Irati,410029,Sudeste Paranaense,9,Irati,32,Irati,411070605,,,UEP 17 - UNIDADE DE EDUCACAO PRO E TECNOLOGICA DE IRATI- SENAC,41152204,4,1.0,1,0.0,AV  VICENTE MACHADO,24,,CENTRO,84500039,42.0,34216400.0,-2.546.437.277,-5.064.999.897,1,15.0,06JAN2025:00:00:00,13DEC2025:00:00:00,,,,,0.0,,,,,,,,,,,,,,,,,,,,0.0,0.0,0.0,0.0,0.0,1.0,0.0,"3,54109E+12","3,54109E+12",1.0,1.0,,,1.0,1.0,0.0,0.0,0.0,0.0,,0.0,1.0,0.0,1.0,1.0,0.0,0.0,0.0,0.0,0.0,1.0,0.0,0.0,0.0,1.0,0.0,0.0,0.0,0.0,1.0,0.0,0.0,0.0,0.0,1.0,0.0,0.0,0.0,1.0,0.0,0.0,1.0,1.0,0.0,1.0,1.0,0.0,1.0,1.0,1.0,0.0,0.0,0.0,0.0,1.0,0.0,1.0,0.0,0.0,0.0,0.0,0.0,0.0,0.0,0.0,0.0,0.0,0.0,0.0,0.0,1.0,1.0,1.0,0.0,1.0,0.0,0.0,0.0,0.0,1.0,1.0,1.0,1.0,1.0,0.0,0.0,1.0,0.0,0.0,9.0,0.0,9.0,0.0,0.0,0.0,1.0,1.0,1.0,1.0,1.0,1.0,0.0,1.0,1.0,1.0,1.0,1.0,1.0,1.0,1.0,1.0,88888.0,1.0,24.0,0.0,0.0,0.0,0.0,1.0,1.0,1.0,1.0,0.0,1.0,1.0,3.0,1.0,5.0,0.0,0.0,88888.0,0.0,0.0,0.0,0.0,0.0,2.0,1.0,0.0,0.0,1.0,0.0,0.0,0.0,0.0,0.0,1.0,0.0,1.0,1.0,0.0,0.0,0.0,0.0,0.0,0.0,0.0,0.0,0.0,0.0,0.0,0.0,0.0,0.0,,,,,1.0,0.0,1.0,0.0,0.0,0.0,0.0,1.0,0.0,0.0,0.0,0.0,0.0,0.0,0.0,1.0,0.0,0.0,9.0,9.0,9.0,9.0,9.0,9.0,0.0,0.0,0.0,0.0,0.0,1.0,1.0,0.0,0.0,0.0,0.0,0.0,1.0,0.0,0.0,0.0,0.0,0.0,0.0,0.0,0.0,0.0,0.0,0.0,0.0,0.0,0.0,0.0,0.0,0.0,0.0,0.0,0.0,0.0,0.0,1.0,0.0
2025,Sul,4,Paraná,PR,41,Ivaiporã,4111506,Londrina,4105,Ivaiporã,410025,Norte Central Paranaense,3,Ivaiporã,13,Ivaiporã,411150605,,,UEP 22 - UNIDADE DE EDUCACAO PRO E TECNOLOGICA DE IVAIPORA- SENAC,41152255,4,1.0,1,0.0,AV  APARICIO CARDOSO BITENCOURT,950,,JARDIM IMPERIAL,86870000,43.0,34728200.0,-2.424.172.174,-5.167.899.379,1,16.0,06JAN2025:00:00:00,13DEC2025:00:00:00,,,,,1.0,2.0,0.0,0.0,0.0,1.0,0.0,0.0,,,,,,,0.0,0.0,0.0,1.0,0.0,0.0,0.0,0.0,0.0,0.0,0.0,1.0,0.0,"3,54109E+12","3,54109E+12",1.0,2.0,,,1.0,1.0,0.0,0.0,0.0,0.0,,0.0,1.0,0.0,1.0,1.0,0.0,0.0,0.0,0.0,0.0,1.0,0.0,0.0,0.0,1.0,0.0,0.0,0.0,0.0,1.0,0.0,0.0,0.0,0.0,1.0,0.0,0.0,0.0,1.0,0.0,0.0,1.0,1.0,0.0,1.0,1.0,0.0,1.0,1.0,1.0,0.0,0.0,0.0,0.0,1.0,0.0,1.0,0.0,0.0,0.0,0.0,0.0,0.0,0.0,0.0,0.0,0.0,0.0,0.0,0.0,1.0,1.0,1.0,0.0,1.0,0.0,0.0,0.0,0.0,1.0,1.0,1.0,1.0,1.0,0.0,0.0,1.0,0.0,0.0,10.0,0.0,10.0,0.0,0.0,0.0,1.0,1.0,1.0,1.0,1.0,1.0,0.0,1.0,1.0,1.0,1.0,1.0,1.0,0.0,0.0,1.0,88888.0,1.0,40.0,0.0,0.0,1.0,31.0,1.0,1.0,1.0,1.0,0.0,1.0,1.0,3.0,1.0,8.0,0.0,0.0,7.0,0.0,0.0,0.0,0.0,4.0,2.0,1.0,0.0,0.0,1.0,0.0,0.0,0.0,0.0,0.0,1.0,0.0,1.0,1.0,0.0,0.0,0.0,0.0,0.0,0.0,0.0,0.0,0.0,0.0,0.0,0.0,0.0,0.0,,,,,1.0,0.0,1.0,0.0,0.0,0.0,0.0,1.0,0.0,0.0,0.0,0.0,0.0,0.0,0.0,1.0,0.0,0.0,9.0,9.0,9.0,9.0,9.0,9.0,0.0,0.0,1.0,0.0,1.0,1.0,1.0,0.0,0.0,0.0,1.0,0.0,1.0,0.0,0.0,0.0,0.0,0.0,1.0,0.0,0.0,0.0,0.0,0.0,0.0,0.0,0.0,0.0,0.0,0.0,0.0,0.0,0.0,0.0,0.0,1.0,0.0
2025,Sul,4,Paraná,PR,41,Jacarezinho,4111803,Londrina,4105,Santo Antônio da Platina,410022,Norte Pioneiro Paranaense,4,Jacarezinho,16,Jacarezinho,411180305,,,UEP 19 - UNIDADE DE EDUCACAO PRO E TECNOLOGICA DE JACAREZINHO- SENAC,41152220,4,1.0,1,0.0,RUA DOIS DE ABRIL,742,,,86400000,43.0,35113000.0,-2.316.438.558,-4.997.382.783,1,17.0,06JAN2025:00:00:00,13DEC2025:00:00:00,,,,,1.0,2.0,0.0,0.0,0.0,1.0,0.0,0.0,,,,,,,0.0,0.0,0.0,1.0,0.0,0.0,0.0,0.0,0.0,0.0,0.0,1.0,0.0,"3,54109E+12","3,54109E+12",1.0,2.0,,,1.0,1.0,0.0,0.0,0.0,0.0,,0.0,1.0,0.0,1.0,1.0,0.0,0.0,0.0,0.0,0.0,1.0,0.0,0.0,0.0,1.0,0.0,0.0,0.0,0.0,1.0,0.0,0.0,0.0,0.0,1.0,0.0,0.0,0.0,1.0,0.0,0.0,1.0,1.0,0.0,1.0,1.0,0.0,1.0,1.0,1.0,0.0,0.0,0.0,0.0,1.0,0.0,1.0,0.0,0.0,0.0,0.0,0.0,0.0,0.0,0.0,0.0,0.0,0.0,0.0,0.0,1.0,1.0,1.0,0.0,1.0,0.0,0.0,0.0,0.0,1.0,1.0,1.0,1.0,1.0,0.0,0.0,1.0,0.0,0.0,9.0,0.0,9.0,0.0,0.0,0.0,1.0,1.0,1.0,1.0,1.0,1.0,0.0,1.0,1.0,1.0,1.0,1.0,1.0,0.0,0.0,1.0,88888.0,1.0,40.0,0.0,0.0,1.0,30.0,1.0,1.0,1.0,1.0,0.0,1.0,1.0,3.0,1.0,5.0,0.0,0.0,88888.0,0.0,0.0,0.0,0.0,4.0,2.0,1.0,0.0,0.0,1.0,0.0,0.0,0.0,0.0,0.0,1.0,0.0,1.0,1.0,0.0,0.0,0.0,0.0,0.0,0.0,0.0,0.0,0.0,0.0,0.0,0.0,0.0,0.0,,,,,1.0,0.0,1.0,0.0,0.0,0.0,0.0,1.0,0.0,0.0,0.0,0.0,0.0,0.0,0.0,1.0,0.0,0.0,9.0,9.0,9.0,9.0,9.0,9.0,0.0,0.0,1.0,0.0,1.0,1.0,1.0,0.0,0.0,0.0,1.0,0.0,1.0,0.0,0.0,0.0,0.0,0.0,1.0,0.0,0.0,0.0,0.0,0.0,0.0,0.0,0.0,0.0,0.0,0.0,0.0,0.0,0.0,0.0,0.0,1.0,0.0
2025,Sul,4,Paraná,PR,41,Londrina,4113700,Londrina,4105,Londrina,410021,Norte Central Paranaense,3,Londrina,11,Londrina,411370005,,,UEP 2 - UNIDADE DE EDUCACAO PRO E TECNOLOGICA DE LONDRINA CENTRO- SENAC,41152050,4,1.0,1,0.0,RUA RAPOSO TAVARES,894,,VILA LARSEN 1,86010580,43.0,35725500.0,-2.332.101.435,-5.116.013.138,1,18.0,06JAN2025:00:00:00,13DEC2025:00:00:00,,,,,0.0,,,,,,,,,,,,,,,,,,,,0.0,0.0,0.0,0.0,0.0,1.0,0.0,"3,54109E+12","3,54109E+12",1.0,1.0,,,1.0,1.0,0.0,0.0,0.0,0.0,,0.0,1.0,0.0,1.0,1.0,0.0,0.0,0.0,0.0,0.0,1.0,0.0,0.0,0.0,1.0,0.0,0.0,0.0,0.0,1.0,0.0,0.0,0.0,0.0,1.0,0.0,0.0,0.0,1.0,0.0,0.0,1.0,1.0,0.0,1.0,1.0,0.0,1.0,1.0,1.0,0.0,0.0,0.0,0.0,1.0,0.0,1.0,0.0,0.0,0.0,0.0,0.0,0.0,0.0,0.0,0.0,0.0,0.0,0.0,0.0,1.0,1.0,1.0,0.0,1.0,0.0,0.0,0.0,0.0,1.0,1.0,1.0,1.0,1.0,0.0,0.0,1.0,0.0,0.0,17.0,0.0,17.0,0.0,0.0,0.0,1.0,1.0,1.0,1.0,1.0,1.0,0.0,1.0,1.0,1.0,1.0,1.0,1.0,0.0,0.0,1.0,19.0,1.0,115.0,1.0,18.0,1.0,28.0,1.0,1.0,1.0,1.0,0.0,1.0,1.0,3.0,1.0,9.0,0.0,1.0,7.0,0.0,0.0,0.0,0.0,2.0,5.0,1.0,0.0,0.0,1.0,0.0,0.0,0.0,0.0,0.0,1.0,0.0,1.0,1.0,0.0,0.0,0.0,0.0,0.0,0.0,0.0,0.0,0.0,0.0,0.0,0.0,0.0,0.0,,,,,1.0,0.0,1.0,0.0,0.0,0.0,0.0,1.0,0.0,0.0,0.0,0.0,0.0,0.0,0.0,1.0,0.0,0.0,9.0,9.0,9.0,9.0,9.0,9.0,0.0,0.0,1.0,0.0,1.0,1.0,1.0,0.0,0.0,0.0,1.0,0.0,1.0,0.0,0.0,0.0,0.0,0.0,1.0,0.0,0.0,0.0,0.0,0.0,0.0,0.0,0.0,0.0,0.0,0.0,0.0,0.0,0.0,0.0,0.0,1.0,0.0
2025,Sul,4,Paraná,PR,41,Londrina,4113700,Londrina,4105,Londrina,410021,Norte Central Paranaense,3,Londrina,11,Londrina,411370005,,,UEP 42 - UNIDADE DE EDUCACAO PRO E TECNOLOGICA DE LONDRINA NORTE- SENAC,41158490,4,1.0,1,0.0,RUA CEGONHA,100,,CONJUNTO HABITACIONAL VIOLIM,86084635,43.0,35727950.0,-2.325.872.109,-511.541.363,1,18.0,06JAN2025:00:00:00,13DEC2025:00:00:00,,,,,1.0,2.0,0.0,0.0,0.0,1.0,0.0,0.0,,,,,,,0.0,0.0,0.0,1.0,0.0,0.0,0.0,0.0,0.0,0.0,0.0,1.0,0.0,"3,54109E+12","3,54109E+12",1.0,2.0,,,1.0,1.0,0.0,0.0,0.0,0.0,,0.0,1.0,0.0,1.0,1.0,0.0,0.0,0.0,0.0,0.0,1.0,0.0,0.0,0.0,1.0,0.0,0.0,0.0,0.0,1.0,0.0,0.0,0.0,0.0,1.0,0.0,0.0,0.0,1.0,0.0,0.0,1.0,1.0,0.0,1.0,1.0,0.0,1.0,1.0,1.0,0.0,0.0,0.0,0.0,1.0,0.0,1.0,0.0,0.0,0.0,0.0,0.0,0.0,0.0,0.0,0.0,0.0,0.0,0.0,0.0,1.0,1.0,1.0,0.0,1.0,0.0,0.0,0.0,0.0,1.0,1.0,1.0,1.0,1.0,0.0,0.0,1.0,0.0,0.0,12.0,0.0,12.0,12.0,0.0,0.0,1.0,1.0,1.0,1.0,1.0,1.0,0.0,1.0,1.0,1.0,1.0,1.0,1.0,0.0,0.0,1.0,2.0,1.0,96.0,0.0,0.0,0.0,0.0,1.0,1.0,1.0,1.0,0.0,1.0,1.0,3.0,1.0,8.0,0.0,1.0,10.0,0.0,0.0,0.0,0.0,1.0,4.0,1.0,0.0,0.0,1.0,0.0,0.0,0.0,0.0,0.0,1.0,0.0,1.0,1.0,0.0,0.0,0.0,0.0,0.0,0.0,0.0,0.0,0.0,0.0,0.0,0.0,0.0,0.0,,,,,1.0,0.0,1.0,0.0,0.0,0.0,0.0,1.0,0.0,0.0,0.0,0.0,0.0,0.0,0.0,1.0,0.0,0.0,9.0,9.0,9.0,9.0,9.0,9.0,0.0,0.0,1.0,0.0,1.0,1.0,1.0,0.0,0.0,0.0,1.0,0.0,1.0,0.0,0.0,0.0,0.0,0.0,1.0,0.0,0.0,0.0,0.0,0.0,0.0,0.0,0.0,0.0,0.0,0.0,0.0,0.0,0.0,0.0,0.0,1.0,0.0
2025,Sul,4,Paraná,PR,41,Marechal Cândido Rondon,4114609,Cascavel,4103,Marechal Cândido Rondon,410013,Oeste Paranaense,6,Toledo,22,Marechal Cândido Rondon,411460905,,,UEP 37 - UNIDADE DE EDUCACAO PRO E TECNOLOGICA DE MARECHAL CANDIDO RONDON- SENAC,41153618,4,1.0,1,0.0,SANTA CATARINA,5736,,VILA GAUCHA,85966184,45.0,32844200.0,-245.583.358,-5.407.473.353,1,27.0,06JAN2025:00:00:00,13DEC2025:00:00:00,,,,,0.0,,,,,,,,,,,,,,,,,,,,0.0,0.0,0.0,0.0,0.0,1.0,0.0,"3,54109E+12","3,54109E+12",1.0,2.0,,,1.0,1.0,0.0,0.0,0.0,0.0,,0.0,1.0,0.0,1.0,1.0,0.0,0.0,0.0,0.0,0.0,1.0,0.0,0.0,0.0,1.0,0.0,0.0,0.0,0.0,1.0,0.0,0.0,0.0,0.0,1.0,0.0,0.0,0.0,1.0,0.0,0.0,1.0,1.0,0.0,1.0,1.0,0.0,1.0,1.0,1.0,0.0,0.0,0.0,0.0,1.0,0.0,1.0,0.0,0.0,0.0,0.0,0.0,0.0,0.0,0.0,0.0,0.0,0.0,0.0,0.0,1.0,1.0,1.0,0.0,1.0,0.0,0.0,0.0,0.0,1.0,1.0,1.0,1.0,1.0,0.0,1.0,1.0,0.0,0.0,7.0,0.0,7.0,7.0,7.0,0.0,0.0,1.0,1.0,1.0,1.0,1.0,0.0,1.0,1.0,1.0,1.0,1.0,1.0,0.0,0.0,1.0,7.0,1.0,33.0,1.0,1.0,0.0,0.0,1.0,1.0,1.0,1.0,1.0,1.0,1.0,3.0,1.0,7.0,0.0,1.0,88888.0,0.0,0.0,0.0,0.0,0.0,2.0,1.0,0.0,0.0,1.0,0.0,0.0,0.0,0.0,0.0,1.0,0.0,1.0,1.0,0.0,1.0,0.0,0.0,0.0,0.0,0.0,0.0,0.0,0.0,0.0,0.0,0.0,0.0,,,,,1.0,0.0,1.0,0.0,0.0,0.0,0.0,1.0,0.0,0.0,0.0,0.0,0.0,0.0,0.0,1.0,0.0,0.0,9.0,9.0,9.0,9.0,9.0,9.0,0.0,0.0,0.0,0.0,0.0,1.0,1.0,0.0,0.0,0.0,0.0,0.0,1.0,0.0,0.0,0.0,0.0,0.0,0.0,0.0,0.0,0.0,0.0,0.0,0.0,0.0,0.0,0.0,0.0,0.0,0.0,0.0,0.0,0.0,0.0,1.0,0.0
2025,Sul,4,Paraná,PR,41,Maringá,4115200,Maringá,4104,Maringá,410014,Norte Central Paranaense,3,Maringá,9,Maringá,411520005,,,UEP 3 - UNIDADE DE EDUCACAO PRO E TECNOLOGICA DE MARINGA- SENAC,41152069,4,1.0,1,0.0,COLOMBO,6225,,ZONA 7,87020000,44.0,32185100.0,-2.341.156.817,-5.194.034.164,1,19.0,06JAN2025:00:00:00,13DEC2025:00:00:00,,,,,1.0,2.0,0.0,0.0,0.0,1.0,0.0,0.0,,,,,,,0.0,0.0,0.0,1.0,0.0,0.0,0.0,0.0,0.0,0.0,0.0,1.0,0.0,"3,54109E+12","3,54109E+12",1.0,2.0,,,1.0,1.0,0.0,0.0,0.0,0.0,,0.0,1.0,0.0,1.0,1.0,0.0,0.0,0.0,0.0,0.0,1.0,0.0,0.0,0.0,1.0,0.0,0.0,0.0,0.0,1.0,0.0,0.0,0.0,0.0,1.0,0.0,0.0,0.0,1.0,0.0,0.0,1.0,1.0,0.0,1.0,1.0,0.0,1.0,1.0,1.0,0.0,0.0,0.0,0.0,1.0,0.0,1.0,0.0,0.0,0.0,0.0,0.0,0.0,0.0,0.0,0.0,0.0,0.0,0.0,0.0,1.0,1.0,1.0,0.0,1.0,0.0,0.0,0.0,0.0,1.0,1.0,1.0,1.0,1.0,0.0,0.0,1.0,0.0,0.0,22.0,0.0,22.0,0.0,0.0,0.0,1.0,1.0,1.0,1.0,1.0,1.0,0.0,1.0,1.0,1.0,1.0,1.0,1.0,0.0,0.0,1.0,22.0,1.0,119.0,1.0,22.0,0.0,0.0,1.0,1.0,1.0,1.0,0.0,1.0,1.0,3.0,1.0,15.0,0.0,2.0,15.0,0.0,0.0,0.0,0.0,4.0,5.0,2.0,0.0,1.0,1.0,0.0,0.0,0.0,0.0,0.0,1.0,0.0,1.0,1.0,0.0,0.0,0.0,0.0,0.0,0.0,0.0,0.0,0.0,0.0,0.0,0.0,0.0,0.0,,,,,1.0,0.0,1.0,0.0,0.0,0.0,0.0,1.0,0.0,0.0,0.0,0.0,0.0,0.0,0.0,1.0,0.0,0.0,9.0,9.0,9.0,9.0,9.0,9.0,0.0,0.0,1.0,0.0,1.0,1.0,1.0,0.0,0.0,0.0,0.0,0.0,1.0,0.0,0.0,0.0,0.0,0.0,0.0,0.0,0.0,0.0,0.0,0.0,0.0,0.0,0.0,0.0,0.0,0.0,0.0,0.0,0.0,0.0,0.0,1.0,0.0
2025,Sul,4,Paraná,PR,41,Matinhos,4115705,Curitiba,4101,Paranaguá,410002,Metropolitana de Curitiba,10,Paranaguá,38,Matinhos,411570505,,,UEP 34 - UNIDADE DE EDUCACAO PRO E TECNOLOGICA DE MATINHOS CAIOBA- SENAC,41152310,4,1.0,1,0.0,RUA DOUTOR JOSE PINTO REBELO JUNIOR,91,,,83260000,41.0,34528050.0,-2.582.467.066,-4.853.499.248,1,21.0,06JAN2025:00:00:00,13DEC2025:00:00:00,,,,,1.0,2.0,0.0,0.0,0.0,1.0,0.0,0.0,,,,,,,0.0,0.0,0.0,1.0,0.0,0.0,0.0,0.0,0.0,0.0,0.0,1.0,0.0,"3,54109E+12","3,54109E+12",1.0,2.0,,,1.0,1.0,0.0,0.0,0.0,0.0,,0.0,1.0,0.0,1.0,1.0,0.0,0.0,0.0,0.0,0.0,1.0,0.0,0.0,0.0,1.0,0.0,0.0,0.0,0.0,1.0,0.0,0.0,0.0,0.0,1.0,0.0,0.0,0.0,1.0,0.0,0.0,1.0,1.0,0.0,1.0,1.0,0.0,1.0,1.0,1.0,0.0,0.0,0.0,0.0,1.0,0.0,1.0,0.0,0.0,0.0,0.0,0.0,0.0,0.0,0.0,0.0,0.0,0.0,0.0,0.0,1.0,1.0,1.0,0.0,1.0,0.0,0.0,0.0,0.0,1.0,1.0,1.0,1.0,1.0,0.0,0.0,1.0,0.0,0.0,9.0,0.0,9.0,0.0,0.0,0.0,1.0,1.0,1.0,1.0,1.0,1.0,0.0,1.0,1.0,1.0,1.0,1.0,1.0,0.0,0.0,1.0,8.0,1.0,40.0,1.0,30.0,1.0,36.0,1.0,1.0,1.0,1.0,0.0,1.0,1.0,3.0,1.0,6.0,2.0,0.0,8.0,0.0,0.0,0.0,0.0,2.0,2.0,1.0,0.0,0.0,1.0,0.0,0.0,0.0,0.0,0.0,1.0,0.0,1.0,1.0,0.0,0.0,0.0,0.0,0.0,0.0,0.0,0.0,0.0,0.0,0.0,0.0,0.0,0.0,,,,,1.0,0.0,1.0,0.0,0.0,0.0,0.0,1.0,0.0,0.0,0.0,0.0,0.0,0.0,0.0,1.0,0.0,0.0,9.0,9.0,9.0,9.0,9.0,9.0,0.0,0.0,1.0,0.0,1.0,1.0,1.0,0.0,0.0,0.0,1.0,0.0,1.0,0.0,0.0,0.0,0.0,0.0,1.0,0.0,0.0,0.0,0.0,0.0,0.0,0.0,0.0,0.0,0.0,0.0,0.0,0.0,0.0,0.0,0.0,1.0,0.0
2025,Sul,4,Paraná,PR,41,Medianeira,4115804,Cascavel,4103,Foz do Iguaçu,410007,Oeste Paranaense,6,Foz do Iguaçu,24,Medianeira,411580405,,,UEP 36 - UNIDADE DE EDUCACAO PRO E TECNOLOGICA DE MEDIANEIRA- SENAC,41156463,4,1.0,1,0.0,RIACHUELO,1761,,CENTRO,85720043,45.0,32403650.0,-2.529.463.045,-5.409.043.649,1,11.0,06JAN2025:00:00:00,13DEC2025:00:00:00,,,,,1.0,2.0,0.0,0.0,0.0,1.0,0.0,0.0,,,,,,,0.0,0.0,0.0,1.0,0.0,0.0,0.0,0.0,0.0,0.0,0.0,1.0,0.0,"3,54109E+12","3,54109E+12",1.0,2.0,,,1.0,1.0,0.0,0.0,0.0,0.0,,0.0,1.0,0.0,1.0,1.0,0.0,0.0,0.0,0.0,0.0,1.0,0.0,0.0,0.0,1.0,0.0,0.0,0.0,0.0,1.0,0.0,0.0,0.0,0.0,1.0,0.0,0.0,0.0,1.0,0.0,0.0,1.0,1.0,0.0,1.0,1.0,0.0,1.0,1.0,1.0,0.0,0.0,0.0,0.0,1.0,0.0,1.0,0.0,0.0,0.0,0.0,0.0,0.0,0.0,0.0,0.0,0.0,0.0,0.0,0.0,1.0,1.0,1.0,0.0,1.0,0.0,0.0,0.0,0.0,1.0,1.0,1.0,1.0,1.0,0.0,0.0,1.0,0.0,0.0,8.0,0.0,8.0,0.0,0.0,0.0,1.0,1.0,1.0,1.0,1.0,1.0,0.0,1.0,1.0,1.0,1.0,1.0,1.0,0.0,0.0,1.0,10.0,1.0,39.0,0.0,0.0,0.0,0.0,1.0,1.0,1.0,1.0,0.0,1.0,1.0,3.0,1.0,6.0,0.0,0.0,88888.0,0.0,0.0,0.0,0.0,0.0,2.0,1.0,0.0,0.0,1.0,0.0,0.0,0.0,0.0,0.0,1.0,0.0,1.0,1.0,0.0,0.0,0.0,0.0,0.0,0.0,0.0,0.0,0.0,0.0,0.0,0.0,0.0,0.0,,,,,1.0,0.0,1.0,0.0,0.0,0.0,0.0,1.0,0.0,0.0,0.0,0.0,0.0,0.0,0.0,1.0,0.0,0.0,9.0,9.0,9.0,9.0,9.0,9.0,0.0,0.0,1.0,0.0,1.0,1.0,1.0,0.0,0.0,0.0,0.0,0.0,1.0,0.0,0.0,0.0,0.0,0.0,0.0,0.0,0.0,0.0,0.0,0.0,0.0,0.0,0.0,0.0,0.0,0.0,0.0,0.0,0.0,0.0,0.0,1.0,0.0
2025,Sul,4,Paraná,PR,41,Nova Londrina,4117107,Maringá,4104,Paranavaí,410017,Noroeste Paranaense,1,Paranavaí,1,Nova Londrina,411710705,,,UEP 47 - UNIDADE DE EDUCACAO PRO E TECNOLOGICA DE NOVA LONDRINA- SENAC,41163958,4,1.0,1,0.0,AV  FIORAVANTE JOSE MONTANHER,576,,,87970000,44.0,34328750.0,,,1,20.0,06JAN2025:00:00:00,13DEC2025:00:00:00,,,,,1.0,2.0,0.0,0.0,0.0,1.0,0.0,0.0,,,,,,,0.0,0.0,0.0,1.0,0.0,0.0,0.0,0.0,0.0,0.0,0.0,1.0,0.0,"3,54109E+12","3,54109E+12",1.0,2.0,,,1.0,1.0,0.0,0.0,0.0,0.0,,0.0,1.0,0.0,1.0,1.0,0.0,0.0,0.0,0.0,0.0,1.0,0.0,0.0,0.0,1.0,0.0,0.0,0.0,0.0,1.0,0.0,0.0,0.0,0.0,1.0,0.0,0.0,0.0,1.0,0.0,0.0,1.0,1.0,0.0,1.0,1.0,0.0,1.0,1.0,1.0,0.0,0.0,0.0,0.0,1.0,0.0,1.0,0.0,0.0,0.0,0.0,0.0,0.0,0.0,0.0,0.0,0.0,0.0,0.0,0.0,1.0,1.0,1.0,0.0,1.0,0.0,0.0,0.0,0.0,1.0,1.0,1.0,1.0,1.0,0.0,0.0,1.0,0.0,0.0,9.0,0.0,9.0,0.0,0.0,0.0,1.0,1.0,1.0,1.0,1.0,1.0,0.0,1.0,1.0,1.0,1.0,1.0,1.0,0.0,0.0,1.0,11.0,1.0,32.0,0.0,0.0,0.0,0.0,1.0,1.0,1.0,1.0,0.0,1.0,1.0,3.0,1.0,5.0,0.0,0.0,88888.0,0.0,0.0,0.0,0.0,2.0,1.0,1.0,0.0,0.0,1.0,0.0,0.0,0.0,0.0,0.0,1.0,0.0,1.0,1.0,0.0,0.0,0.0,0.0,0.0,0.0,0.0,0.0,0.0,0.0,0.0,0.0,0.0,0.0,,,,,1.0,0.0,1.0,0.0,0.0,0.0,0.0,1.0,0.0,0.0,0.0,0.0,0.0,0.0,0.0,1.0,0.0,0.0,9.0,9.0,9.0,9.0,9.0,9.0,0.0,0.0,1.0,0.0,1.0,1.0,1.0,0.0,0.0,0.0,0.0,0.0,1.0,0.0,0.0,0.0,0.0,0.0,0.0,0.0,0.0,0.0,0.0,0.0,0.0,0.0,0.0,0.0,0.0,0.0,0.0,0.0,0.0,0.0,0.0,1.0,0.0
2025,Sul,4,Paraná,PR,41,Palmas,4117602,Cascavel,4103,Pato Branco,410010,Centro-Sul Paranaense,8,Palmas,30,Palmas,411760205,,,UEP 31 - UNIDADE DE EDUCACAO PRO E TECNOLOGICA DE PALMAS- SENAC,41152298,4,1.0,1,0.0,BERNARDO RIBEIRO VIANNA,903,,CENTRO,85690021,46.0,32638600.0,-2.648.352.727,-519.908.441,1,23.0,06JAN2025:00:00:00,13DEC2025:00:00:00,,,,,0.0,,,,,,,,,,,,,,,,,,,,0.0,0.0,0.0,0.0,0.0,1.0,0.0,"3,54109E+12","3,54109E+12",1.0,2.0,,,1.0,2.0,0.0,0.0,0.0,0.0,,0.0,1.0,0.0,1.0,1.0,0.0,0.0,0.0,0.0,0.0,1.0,0.0,0.0,0.0,1.0,0.0,0.0,0.0,0.0,1.0,0.0,0.0,0.0,0.0,1.0,0.0,0.0,0.0,1.0,0.0,0.0,0.0,1.0,0.0,1.0,0.0,0.0,1.0,1.0,1.0,0.0,0.0,0.0,0.0,1.0,0.0,0.0,0.0,0.0,0.0,0.0,0.0,0.0,0.0,0.0,0.0,0.0,0.0,0.0,0.0,1.0,0.0,1.0,0.0,1.0,0.0,0.0,0.0,0.0,1.0,1.0,1.0,1.0,1.0,0.0,0.0,0.0,0.0,0.0,4.0,0.0,4.0,0.0,0.0,0.0,1.0,1.0,1.0,1.0,1.0,1.0,0.0,1.0,1.0,1.0,1.0,1.0,1.0,1.0,1.0,1.0,1.0,1.0,4.0,1.0,1.0,1.0,2.0,1.0,1.0,1.0,1.0,0.0,1.0,1.0,3.0,1.0,2.0,0.0,0.0,2.0,0.0,0.0,0.0,0.0,0.0,0.0,0.0,0.0,0.0,0.0,0.0,0.0,0.0,0.0,0.0,1.0,0.0,1.0,1.0,0.0,0.0,0.0,0.0,0.0,0.0,0.0,0.0,0.0,0.0,0.0,0.0,0.0,0.0,,,,,1.0,0.0,1.0,0.0,0.0,0.0,0.0,1.0,0.0,0.0,0.0,0.0,0.0,0.0,0.0,1.0,0.0,0.0,9.0,9.0,9.0,9.0,9.0,9.0,0.0,0.0,0.0,0.0,0.0,1.0,1.0,0.0,0.0,0.0,0.0,0.0,1.0,0.0,0.0,0.0,0.0,0.0,0.0,0.0,0.0,0.0,0.0,0.0,0.0,0.0,0.0,0.0,0.0,0.0,0.0,0.0,0.0,0.0,0.0,1.0,0.0
2025,Sul,4,Paraná,PR,41,Paranaguá,4118204,Curitiba,4101,Paranaguá,410002,Metropolitana de Curitiba,10,Paranaguá,38,Paranaguá,411820405,,,UEP 12 - UNIDADE DE EDUCACAO PRO E TECNOLOGICA DE PARANAGUA- SENAC,41152158,4,1.0,1,0.0,CORONEL ELYSIO PEREIRA,1191,,ESTRADINHA,83206000,41.0,34275900.0,-2.553.190.057,-4.852.189.384,1,21.0,06JAN2025:00:00:00,13DEC2025:00:00:00,,,,,0.0,,,,,,,,,,,,,,,,,,,,0.0,0.0,0.0,0.0,0.0,1.0,0.0,"3,54109E+12","3,54109E+12",1.0,1.0,,,1.0,1.0,0.0,0.0,0.0,0.0,,0.0,1.0,0.0,1.0,1.0,0.0,0.0,0.0,0.0,0.0,1.0,0.0,0.0,0.0,1.0,0.0,0.0,0.0,0.0,1.0,0.0,0.0,0.0,0.0,1.0,0.0,0.0,0.0,1.0,0.0,0.0,1.0,1.0,0.0,1.0,1.0,0.0,1.0,1.0,1.0,0.0,0.0,0.0,0.0,1.0,0.0,1.0,0.0,0.0,0.0,0.0,0.0,0.0,0.0,0.0,0.0,0.0,0.0,0.0,0.0,1.0,1.0,1.0,0.0,1.0,0.0,0.0,0.0,0.0,1.0,1.0,1.0,1.0,1.0,0.0,0.0,1.0,0.0,0.0,11.0,0.0,11.0,0.0,0.0,0.0,1.0,1.0,1.0,1.0,1.0,1.0,0.0,1.0,1.0,1.0,1.0,1.0,1.0,0.0,0.0,1.0,9.0,1.0,41.0,1.0,26.0,0.0,0.0,1.0,1.0,1.0,1.0,0.0,1.0,1.0,3.0,1.0,10.0,3.0,0.0,8.0,0.0,0.0,0.0,0.0,2.0,3.0,1.0,1.0,0.0,1.0,0.0,0.0,0.0,0.0,0.0,1.0,0.0,1.0,1.0,0.0,0.0,0.0,0.0,0.0,0.0,0.0,0.0,0.0,0.0,0.0,0.0,0.0,0.0,,,,,1.0,0.0,1.0,0.0,0.0,0.0,0.0,1.0,0.0,0.0,0.0,0.0,0.0,0.0,0.0,1.0,0.0,0.0,9.0,9.0,9.0,9.0,9.0,9.0,0.0,0.0,0.0,0.0,0.0,1.0,1.0,0.0,0.0,0.0,0.0,0.0,1.0,0.0,0.0,0.0,0.0,0.0,0.0,0.0,0.0,0.0,0.0,0.0,0.0,0.0,0.0,0.0,0.0,0.0,0.0,0.0,0.0,0.0,0.0,1.0,0.0
2025,Sul,4,Paraná,PR,41,Paranavaí,4118402,Maringá,4104,Paranavaí,410017,Noroeste Paranaense,1,Paranavaí,1,Paranavaí,411840205,,,UEP 13 - UNIDADE DE EDUCACAO PRO E TECNOLOGICA DE PARANAVAI- SENAC,41152166,4,1.0,1,0.0,RIO GRANDE DO NORTE,1240,,CENTRO,87701020,44.0,34748400.0,-2.308.550.427,-5.246.407.907,1,22.0,06JAN2025:00:00:00,13DEC2025:00:00:00,,,,,1.0,2.0,0.0,0.0,0.0,1.0,0.0,0.0,,,,,,,0.0,0.0,0.0,1.0,0.0,0.0,0.0,0.0,0.0,0.0,0.0,1.0,0.0,"3,54109E+12","3,54109E+12",1.0,2.0,,,1.0,1.0,0.0,0.0,0.0,0.0,,0.0,1.0,0.0,1.0,1.0,0.0,0.0,0.0,0.0,0.0,1.0,0.0,0.0,0.0,1.0,0.0,0.0,0.0,0.0,1.0,0.0,0.0,0.0,0.0,1.0,0.0,0.0,0.0,1.0,0.0,0.0,1.0,1.0,0.0,1.0,1.0,0.0,1.0,1.0,1.0,0.0,0.0,0.0,0.0,1.0,1.0,1.0,1.0,0.0,0.0,0.0,0.0,0.0,0.0,0.0,0.0,0.0,0.0,0.0,0.0,1.0,1.0,1.0,0.0,1.0,0.0,0.0,0.0,0.0,1.0,1.0,1.0,1.0,1.0,0.0,0.0,1.0,0.0,0.0,9.0,0.0,9.0,9.0,9.0,0.0,1.0,1.0,1.0,1.0,1.0,1.0,0.0,1.0,1.0,1.0,1.0,1.0,1.0,0.0,0.0,1.0,9.0,1.0,29.0,0.0,0.0,0.0,0.0,1.0,1.0,1.0,1.0,0.0,1.0,1.0,3.0,1.0,7.0,0.0,0.0,8.0,0.0,0.0,0.0,0.0,0.0,3.0,1.0,0.0,0.0,1.0,0.0,0.0,0.0,0.0,0.0,1.0,0.0,1.0,1.0,0.0,0.0,0.0,0.0,0.0,0.0,0.0,0.0,0.0,0.0,0.0,0.0,0.0,0.0,,,,,1.0,0.0,1.0,0.0,0.0,0.0,0.0,1.0,0.0,0.0,0.0,0.0,0.0,0.0,0.0,1.0,0.0,0.0,9.0,9.0,9.0,9.0,9.0,9.0,0.0,0.0,0.0,0.0,0.0,1.0,1.0,0.0,0.0,0.0,0.0,0.0,1.0,0.0,0.0,0.0,0.0,0.0,0.0,0.0,0.0,0.0,0.0,0.0,0.0,0.0,0.0,0.0,0.0,0.0,0.0,0.0,0.0,0.0,0.0,1.0,0.0
2025,Sul,4,Paraná,PR,41,Pato Branco,4118501,Cascavel,4103,Pato Branco,410010,Sudoeste Paranaense,7,Pato Branco,27,Pato Branco,411850105,,,UEP 9 - UNIDADE DE EDUCACAO PRO E TECNOLOGICA DE PATO BRANCO- SENAC,41152123,4,1.0,1,0.0,TUPI,385,,BORTOT,85504000,46.0,32723700.0,-2.620.932.527,-5.267.700.059,1,23.0,06JAN2025:00:00:00,13DEC2025:00:00:00,,,,,0.0,,,,,,,,,,,,,,,,,,,,0.0,0.0,0.0,0.0,0.0,1.0,0.0,"3,54109E+12","3,54109E+12",1.0,2.0,,,1.0,1.0,0.0,0.0,0.0,0.0,,0.0,1.0,0.0,1.0,1.0,0.0,0.0,0.0,0.0,0.0,1.0,0.0,0.0,0.0,1.0,0.0,0.0,0.0,0.0,1.0,0.0,0.0,0.0,0.0,1.0,0.0,0.0,0.0,1.0,0.0,0.0,1.0,1.0,0.0,1.0,1.0,0.0,1.0,1.0,1.0,0.0,0.0,0.0,0.0,1.0,0.0,1.0,0.0,0.0,0.0,0.0,0.0,0.0,0.0,0.0,0.0,0.0,0.0,0.0,0.0,1.0,1.0,1.0,0.0,1.0,0.0,0.0,0.0,0.0,1.0,1.0,1.0,1.0,1.0,0.0,0.0,1.0,0.0,0.0,15.0,0.0,15.0,0.0,0.0,0.0,1.0,1.0,1.0,1.0,1.0,1.0,0.0,1.0,1.0,1.0,1.0,1.0,1.0,1.0,1.0,1.0,15.0,1.0,69.0,0.0,0.0,0.0,0.0,1.0,1.0,1.0,1.0,0.0,1.0,1.0,3.0,1.0,2.0,0.0,1.0,88888.0,0.0,0.0,0.0,0.0,0.0,2.0,1.0,0.0,0.0,1.0,0.0,0.0,0.0,0.0,0.0,1.0,0.0,1.0,1.0,0.0,0.0,0.0,0.0,0.0,0.0,0.0,0.0,0.0,0.0,0.0,0.0,0.0,0.0,,,,,1.0,0.0,1.0,0.0,0.0,0.0,0.0,1.0,0.0,0.0,0.0,0.0,0.0,0.0,0.0,1.0,0.0,0.0,9.0,9.0,9.0,9.0,9.0,9.0,0.0,0.0,0.0,0.0,0.0,1.0,1.0,0.0,0.0,0.0,0.0,0.0,1.0,0.0,0.0,0.0,0.0,0.0,0.0,0.0,0.0,0.0,0.0,0.0,0.0,0.0,0.0,0.0,0.0,0.0,0.0,0.0,0.0,0.0,0.0,1.0,0.0
2025,Sul,4,Paraná,PR,41,Ponta Grossa,4119905,Ponta Grossa,4106,Ponta Grossa,410027,Centro Oriental Paranaense,5,Ponta Grossa,21,Ponta Grossa,411990505,,,UEP 8 - UNIDADE DE EDUCACAO PRO E TECNOLOGICA DE PONTA GROSSA- SENAC,41152115,4,1.0,1,0.0,AV  JOAO MANOEL DOS SANTOS RIBAS,313,,CENTRO,84051410,42.0,32286600.0,-2.509.342.095,-5.016.955.005,1,25.0,06JAN2025:00:00:00,13DEC2025:00:00:00,,,,,0.0,,,,,,,,,,,,,,,,,,,,0.0,0.0,0.0,0.0,0.0,1.0,0.0,"3,54109E+12","3,54109E+12",1.0,1.0,,,1.0,1.0,0.0,0.0,0.0,0.0,,0.0,1.0,0.0,1.0,1.0,0.0,0.0,0.0,0.0,0.0,1.0,0.0,0.0,0.0,1.0,0.0,0.0,0.0,0.0,1.0,0.0,0.0,0.0,0.0,1.0,0.0,0.0,0.0,1.0,0.0,0.0,1.0,1.0,0.0,1.0,1.0,0.0,1.0,1.0,1.0,0.0,0.0,0.0,0.0,1.0,0.0,1.0,0.0,0.0,0.0,0.0,0.0,0.0,0.0,0.0,0.0,0.0,0.0,0.0,0.0,1.0,1.0,1.0,0.0,1.0,0.0,0.0,0.0,0.0,1.0,1.0,1.0,1.0,1.0,0.0,0.0,1.0,0.0,0.0,9.0,0.0,9.0,0.0,0.0,0.0,1.0,1.0,1.0,1.0,1.0,1.0,0.0,1.0,1.0,1.0,1.0,1.0,1.0,0.0,0.0,1.0,9.0,1.0,88.0,0.0,0.0,0.0,0.0,1.0,1.0,1.0,1.0,0.0,1.0,1.0,3.0,1.0,6.0,0.0,1.0,88888.0,0.0,0.0,0.0,0.0,0.0,4.0,1.0,0.0,2.0,1.0,0.0,0.0,0.0,0.0,0.0,1.0,0.0,1.0,1.0,0.0,0.0,0.0,0.0,0.0,0.0,0.0,0.0,0.0,0.0,0.0,0.0,0.0,0.0,,,,,1.0,0.0,1.0,0.0,0.0,0.0,0.0,1.0,0.0,0.0,0.0,0.0,0.0,0.0,0.0,1.0,0.0,0.0,9.0,9.0,9.0,9.0,9.0,9.0,0.0,0.0,0.0,0.0,0.0,1.0,1.0,0.0,0.0,0.0,0.0,0.0,1.0,0.0,0.0,0.0,0.0,0.0,0.0,0.0,0.0,0.0,0.0,0.0,0.0,0.0,0.0,0.0,0.0,0.0,0.0,0.0,0.0,0.0,0.0,1.0,0.0
2025,Sul,4,Paraná,PR,41,Ponta Grossa,4119905,Ponta Grossa,4106,Ponta Grossa,410027,Centro Oriental Paranaense,5,Ponta Grossa,21,Ponta Grossa,411990505,,,UEP 50 - UNIDADE DE EDUCACAO PRO E TECNOLOGICA DE PONTA GROSSA ESTACAO SAUDADE- SENAC,41163397,4,1.0,1,0.0,RUA FERNANDES PINHEIRO,77,PRACA JOAO,CENTRO,84010135,42.0,32286615.0,,,1,25.0,06JAN2025:00:00:00,13DEC2025:00:00:00,,,,,1.0,2.0,0.0,0.0,0.0,1.0,0.0,0.0,,,,,,,0.0,0.0,0.0,1.0,0.0,0.0,0.0,0.0,0.0,0.0,0.0,1.0,0.0,"3,54109E+12","3,54109E+12",1.0,2.0,,,1.0,1.0,0.0,0.0,0.0,0.0,,0.0,1.0,0.0,1.0,1.0,0.0,0.0,0.0,0.0,0.0,1.0,0.0,0.0,0.0,1.0,0.0,0.0,0.0,0.0,1.0,0.0,0.0,0.0,0.0,1.0,0.0,0.0,0.0,1.0,0.0,0.0,1.0,1.0,0.0,1.0,1.0,0.0,1.0,1.0,1.0,0.0,0.0,0.0,0.0,1.0,0.0,1.0,0.0,0.0,0.0,0.0,0.0,0.0,0.0,0.0,0.0,0.0,0.0,0.0,0.0,1.0,1.0,1.0,0.0,1.0,0.0,0.0,0.0,0.0,1.0,1.0,1.0,1.0,1.0,0.0,0.0,1.0,0.0,0.0,3.0,0.0,3.0,0.0,0.0,0.0,1.0,1.0,1.0,1.0,1.0,1.0,0.0,1.0,1.0,1.0,1.0,1.0,1.0,0.0,0.0,1.0,3.0,1.0,2.0,0.0,0.0,0.0,0.0,1.0,1.0,1.0,1.0,0.0,1.0,1.0,3.0,1.0,2.0,0.0,0.0,1.0,0.0,0.0,0.0,0.0,1.0,0.0,0.0,0.0,0.0,1.0,0.0,0.0,0.0,0.0,0.0,1.0,0.0,1.0,1.0,0.0,0.0,0.0,0.0,0.0,0.0,0.0,0.0,0.0,0.0,0.0,0.0,0.0,0.0,,,,,1.0,0.0,1.0,0.0,0.0,0.0,0.0,1.0,0.0,0.0,0.0,0.0,0.0,0.0,0.0,1.0,0.0,0.0,9.0,9.0,9.0,9.0,9.0,9.0,0.0,0.0,1.0,0.0,1.0,1.0,1.0,0.0,0.0,0.0,0.0,0.0,1.0,0.0,0.0,0.0,0.0,0.0,0.0,0.0,0.0,0.0,0.0,0.0,0.0,0.0,0.0,0.0,0.0,0.0,0.0,0.0,0.0,0.0,0.0,1.0,0.0
2025,Sul,4,Paraná,PR,41,Prudentópolis,4120606,Guarapuava,4102,Guarapuava,410004,Sudeste Paranaense,9,Prudentópolis,31,Prudentópolis,412060605,,,UEP 28 - UNIDADE DE EDUCACAO PRO E TECNOLOGICA DE PRUDENTOPOLIS- SENAC,41152263,4,1.0,1,0.0,RUA PREFEITO ANTONIO WITCHEMICHEN,777,,,84400000,42.0,34468450.0,-2.521.139.804,-5.098.256.624,1,15.0,06JAN2025:00:00:00,13DEC2025:00:00:00,,,,,0.0,,,,,,,,,,,,,,,,,,,,0.0,0.0,0.0,0.0,0.0,1.0,0.0,"3,54109E+12","3,54109E+12",1.0,2.0,,,1.0,2.0,0.0,0.0,0.0,0.0,,0.0,1.0,0.0,1.0,1.0,0.0,0.0,0.0,0.0,0.0,1.0,0.0,0.0,0.0,1.0,0.0,0.0,0.0,0.0,1.0,0.0,0.0,0.0,0.0,1.0,0.0,0.0,0.0,1.0,0.0,0.0,1.0,1.0,0.0,1.0,1.0,0.0,1.0,1.0,1.0,0.0,0.0,0.0,0.0,1.0,0.0,1.0,0.0,0.0,0.0,0.0,0.0,0.0,0.0,0.0,0.0,0.0,0.0,0.0,0.0,1.0,1.0,1.0,0.0,1.0,0.0,0.0,0.0,0.0,1.0,1.0,1.0,1.0,1.0,0.0,0.0,1.0,0.0,0.0,10.0,0.0,10.0,0.0,0.0,0.0,1.0,1.0,1.0,1.0,1.0,1.0,0.0,1.0,1.0,1.0,1.0,1.0,1.0,1.0,1.0,1.0,10.0,1.0,88888.0,0.0,0.0,0.0,0.0,1.0,1.0,1.0,1.0,0.0,1.0,1.0,3.0,1.0,3.0,2.0,1.0,88888.0,0.0,0.0,0.0,0.0,0.0,2.0,1.0,1.0,0.0,1.0,0.0,0.0,0.0,0.0,0.0,1.0,0.0,1.0,1.0,0.0,0.0,0.0,0.0,0.0,0.0,0.0,0.0,0.0,0.0,0.0,0.0,0.0,0.0,,,,,1.0,0.0,1.0,0.0,0.0,0.0,0.0,1.0,0.0,0.0,0.0,0.0,0.0,0.0,0.0,1.0,0.0,0.0,9.0,9.0,9.0,9.0,9.0,9.0,0.0,0.0,0.0,0.0,0.0,1.0,1.0,0.0,0.0,0.0,0.0,0.0,1.0,0.0,0.0,0.0,0.0,0.0,0.0,0.0,0.0,0.0,0.0,0.0,0.0,0.0,0.0,0.0,0.0,0.0,0.0,0.0,0.0,0.0,0.0,1.0,0.0
2025,Sul,4,Paraná,PR,41,Rio Negro,4122305,Curitiba,4101,Curitiba,410001,Metropolitana de Curitiba,10,Rio Negro,39,Rio Negro,412230505,,,UEP 38 - UNIDADE DE EDUCACAO PRO E TECNOLOGICA DE RIO NEGRO- SENAC,41160843,4,1.0,1,0.0,RUA MARCAL JOSE PEREIRA,100,,ESTACAO NOVA,83881006,47.0,36413050.0,-2.609.567.952,-4.980.097.541,1,3.0,06JAN2025:00:00:00,13DEC2025:00:00:00,,,,,1.0,2.0,0.0,0.0,0.0,1.0,0.0,0.0,,,,,,,0.0,0.0,0.0,1.0,0.0,0.0,0.0,0.0,0.0,0.0,0.0,1.0,0.0,"3,54109E+12","3,54109E+12",1.0,2.0,,,1.0,1.0,0.0,0.0,0.0,0.0,,0.0,1.0,0.0,1.0,1.0,0.0,0.0,0.0,0.0,0.0,1.0,0.0,0.0,0.0,1.0,0.0,0.0,0.0,0.0,1.0,0.0,0.0,0.0,0.0,1.0,0.0,0.0,0.0,1.0,0.0,0.0,1.0,1.0,0.0,1.0,1.0,0.0,1.0,1.0,1.0,0.0,0.0,0.0,0.0,1.0,0.0,1.0,0.0,0.0,0.0,0.0,0.0,0.0,0.0,0.0,0.0,0.0,0.0,0.0,0.0,1.0,1.0,1.0,0.0,1.0,0.0,0.0,0.0,0.0,1.0,1.0,1.0,1.0,1.0,0.0,0.0,1.0,0.0,0.0,8.0,0.0,8.0,0.0,0.0,0.0,1.0,1.0,1.0,1.0,1.0,1.0,0.0,1.0,1.0,1.0,1.0,1.0,1.0,0.0,0.0,1.0,9.0,1.0,41.0,1.0,1.0,0.0,0.0,1.0,1.0,1.0,1.0,0.0,1.0,1.0,3.0,1.0,6.0,0.0,0.0,88888.0,0.0,0.0,0.0,0.0,1.0,1.0,1.0,0.0,0.0,1.0,0.0,0.0,0.0,0.0,0.0,1.0,0.0,1.0,1.0,0.0,0.0,0.0,0.0,0.0,0.0,0.0,0.0,0.0,0.0,0.0,0.0,0.0,0.0,,,,,1.0,0.0,1.0,0.0,0.0,0.0,0.0,1.0,0.0,0.0,0.0,0.0,0.0,0.0,0.0,1.0,0.0,0.0,9.0,9.0,9.0,9.0,9.0,9.0,0.0,0.0,1.0,0.0,1.0,1.0,1.0,0.0,0.0,0.0,0.0,0.0,1.0,0.0,0.0,0.0,0.0,0.0,0.0,0.0,0.0,0.0,0.0,0.0,0.0,0.0,0.0,0.0,0.0,0.0,0.0,0.0,0.0,0.0,0.0,1.0,0.0
2025,Sul,4,Paraná,PR,41,Santo Antônio da Platina,4124103,Londrina,4105,Santo Antônio da Platina,410022,Norte Pioneiro Paranaense,4,Jacarezinho,16,Santo Antônio da Platina,412410305,,,UEP 21 - UNIDADE DE EDUCACAO PRO E TECNOLOGICA DE SANTO ANTONIO DA PLATINA- SENAC,41152247,4,1.0,1,0.0,RUA RUI BARBOSA,799,,CENTRO,86430000,43.0,35583550.0,-23.295.631,-5.007.648.943,1,17.0,06JAN2025:00:00:00,13DEC2025:00:00:00,,,,,0.0,,,,,,,,,,,,,,,,,,,,0.0,0.0,0.0,0.0,0.0,1.0,0.0,"3,54109E+12","3,54109E+12",1.0,1.0,,,1.0,1.0,0.0,0.0,0.0,0.0,,0.0,1.0,0.0,1.0,1.0,0.0,0.0,0.0,0.0,0.0,1.0,0.0,0.0,0.0,1.0,0.0,0.0,0.0,0.0,1.0,0.0,0.0,0.0,0.0,1.0,0.0,0.0,0.0,1.0,0.0,0.0,1.0,1.0,0.0,1.0,1.0,0.0,1.0,1.0,1.0,0.0,0.0,0.0,0.0,1.0,0.0,1.0,0.0,0.0,0.0,0.0,0.0,0.0,0.0,0.0,0.0,0.0,0.0,0.0,0.0,1.0,1.0,1.0,0.0,1.0,0.0,0.0,0.0,0.0,1.0,1.0,1.0,1.0,1.0,0.0,0.0,1.0,0.0,0.0,4.0,0.0,4.0,0.0,0.0,0.0,1.0,1.0,1.0,1.0,1.0,1.0,0.0,1.0,1.0,1.0,1.0,1.0,1.0,0.0,0.0,1.0,88888.0,1.0,26.0,0.0,0.0,0.0,0.0,1.0,1.0,1.0,1.0,0.0,1.0,1.0,3.0,1.0,2.0,0.0,0.0,3.0,0.0,0.0,0.0,0.0,88888.0,1.0,0.0,0.0,0.0,1.0,0.0,0.0,0.0,0.0,0.0,1.0,0.0,1.0,1.0,0.0,0.0,0.0,0.0,0.0,0.0,0.0,0.0,0.0,0.0,0.0,0.0,0.0,0.0,,,,,1.0,0.0,1.0,0.0,0.0,0.0,0.0,1.0,0.0,0.0,0.0,0.0,0.0,0.0,0.0,1.0,0.0,0.0,9.0,9.0,9.0,9.0,9.0,9.0,0.0,0.0,0.0,0.0,0.0,1.0,1.0,0.0,0.0,0.0,0.0,0.0,1.0,0.0,0.0,0.0,0.0,0.0,0.0,0.0,0.0,0.0,0.0,0.0,0.0,0.0,0.0,0.0,0.0,0.0,0.0,0.0,0.0,0.0,0.0,1.0,0.0
2025,Sul,4,Paraná,PR,41,São José dos Pinhais,4125506,Curitiba,4101,Curitiba,410001,Metropolitana de Curitiba,10,Curitiba,37,São José dos Pinhais,412550605,,,UEP 39 - UNIDADE DE EDUCACAO PRO E TECNOLOGICA DE SAO JOSE DOS PINHAIS- SENAC,41158482,4,1.0,1,0.0,AV  ROCHA POMBO,3028,LOTE E-969,CRUZEIRO,83010620,41.0,35865350.0,-2.553.522.067,-4.918.680.956,1,3.0,06JAN2025:00:00:00,13DEC2025:00:00:00,,,,,1.0,2.0,0.0,0.0,0.0,1.0,0.0,0.0,,,,,,,0.0,0.0,0.0,1.0,0.0,0.0,0.0,0.0,0.0,0.0,0.0,1.0,0.0,"3,54109E+12","3,54109E+12",1.0,2.0,,,1.0,1.0,0.0,0.0,0.0,0.0,,0.0,1.0,0.0,1.0,1.0,0.0,0.0,0.0,0.0,0.0,1.0,0.0,0.0,0.0,1.0,0.0,0.0,0.0,0.0,1.0,0.0,0.0,0.0,0.0,1.0,0.0,0.0,0.0,1.0,0.0,0.0,1.0,1.0,0.0,1.0,1.0,0.0,1.0,1.0,1.0,0.0,0.0,0.0,0.0,1.0,0.0,1.0,0.0,0.0,0.0,0.0,0.0,0.0,0.0,0.0,0.0,0.0,0.0,0.0,0.0,1.0,1.0,1.0,0.0,1.0,0.0,0.0,0.0,0.0,1.0,1.0,1.0,1.0,1.0,0.0,0.0,1.0,0.0,0.0,12.0,0.0,12.0,0.0,0.0,0.0,1.0,1.0,1.0,1.0,1.0,1.0,0.0,1.0,1.0,1.0,1.0,1.0,1.0,0.0,0.0,1.0,2.0,1.0,77.0,1.0,40.0,1.0,35.0,1.0,1.0,1.0,1.0,0.0,1.0,1.0,3.0,1.0,12.0,0.0,1.0,11.0,1.0,0.0,0.0,0.0,3.0,4.0,1.0,0.0,3.0,1.0,0.0,0.0,0.0,0.0,0.0,1.0,0.0,1.0,1.0,0.0,0.0,0.0,0.0,0.0,0.0,0.0,0.0,0.0,0.0,0.0,0.0,0.0,0.0,,,,,1.0,0.0,1.0,0.0,0.0,0.0,0.0,1.0,0.0,0.0,0.0,0.0,0.0,0.0,0.0,1.0,0.0,0.0,9.0,9.0,9.0,9.0,9.0,9.0,0.0,0.0,1.0,0.0,1.0,1.0,1.0,0.0,0.0,0.0,1.0,0.0,1.0,0.0,0.0,0.0,0.0,0.0,0.0,1.0,0.0,0.0,0.0,0.0,0.0,0.0,0.0,0.0,0.0,0.0,0.0,0.0,0.0,0.0,0.0,1.0,0.0
2025,Sul,4,Paraná,PR,41,São Mateus do Sul,4125605,Curitiba,4101,União da Vitória,410003,Sudeste Paranaense,9,São Mateus do Sul,34,São Mateus do Sul,412560505,,,UEP 29 - UNIDADE DE EDUCACAO PRO E TECNOLOGICA DE SAO MATEUS DO SUL- SENAC,41152271,4,1.0,1,0.0,RUA LEDY AFONSO RODERJAN,1191,,VILA BLASCZYK,83900031,42.0,35201700.0,-2.586.503.942,-5.039.022.189,1,29.0,06JAN2025:00:00:00,13DEC2025:00:00:00,,,,,0.0,,,,,,,,,,,,,,,,,,,,0.0,0.0,0.0,0.0,0.0,1.0,0.0,"3,54109E+12","3,54109E+12",1.0,1.0,,,1.0,1.0,0.0,0.0,0.0,0.0,,0.0,1.0,0.0,1.0,1.0,0.0,0.0,0.0,0.0,0.0,1.0,0.0,0.0,0.0,1.0,0.0,0.0,0.0,0.0,1.0,0.0,0.0,0.0,0.0,1.0,0.0,0.0,0.0,1.0,0.0,0.0,1.0,1.0,0.0,1.0,1.0,0.0,1.0,1.0,1.0,0.0,0.0,0.0,0.0,1.0,0.0,1.0,0.0,0.0,0.0,0.0,0.0,0.0,0.0,0.0,0.0,0.0,0.0,0.0,0.0,1.0,1.0,1.0,0.0,1.0,0.0,0.0,0.0,0.0,1.0,1.0,1.0,1.0,1.0,0.0,0.0,1.0,0.0,0.0,7.0,0.0,7.0,0.0,0.0,0.0,1.0,1.0,1.0,1.0,1.0,1.0,0.0,1.0,1.0,1.0,1.0,1.0,1.0,1.0,1.0,1.0,7.0,1.0,33.0,0.0,0.0,0.0,0.0,1.0,1.0,1.0,1.0,0.0,1.0,1.0,3.0,1.0,3.0,0.0,0.0,88888.0,0.0,0.0,0.0,0.0,0.0,2.0,1.0,0.0,0.0,1.0,0.0,0.0,0.0,0.0,0.0,1.0,0.0,1.0,1.0,0.0,0.0,0.0,0.0,0.0,0.0,0.0,0.0,0.0,0.0,0.0,0.0,0.0,0.0,,,,,1.0,0.0,1.0,0.0,0.0,0.0,0.0,1.0,0.0,0.0,0.0,0.0,0.0,0.0,0.0,1.0,0.0,0.0,9.0,9.0,9.0,9.0,9.0,9.0,0.0,0.0,0.0,0.0,0.0,1.0,1.0,0.0,0.0,0.0,0.0,0.0,1.0,0.0,0.0,0.0,0.0,0.0,0.0,0.0,0.0,0.0,0.0,0.0,0.0,0.0,0.0,0.0,0.0,0.0,0.0,0.0,0.0,0.0,0.0,1.0,0.0
2025,Sul,4,Paraná,PR,41,Toledo,4127700,Cascavel,4103,Toledo,410008,Oeste Paranaense,6,Toledo,22,Toledo,412770005,,,UEP 15 - UNIDADE DE EDUCACAO PRO E TECNOLOGICA DE TOLEDO- SENAC,41152182,4,1.0,1,0.0,GUAIRA,3332,,JARDIM LA SALLE,85903220,45.0,33788100.0,-2.472.272.101,-537.518.367,1,27.0,06JAN2025:00:00:00,13DEC2025:00:00:00,,,,,1.0,2.0,0.0,0.0,0.0,1.0,0.0,0.0,,,,,,,0.0,0.0,0.0,1.0,0.0,0.0,0.0,0.0,0.0,0.0,0.0,1.0,0.0,"3,54109E+12","3,54109E+12",1.0,2.0,,,1.0,1.0,0.0,0.0,0.0,0.0,,0.0,1.0,0.0,1.0,1.0,0.0,0.0,0.0,0.0,0.0,1.0,0.0,0.0,0.0,1.0,0.0,0.0,0.0,0.0,1.0,0.0,0.0,0.0,0.0,1.0,0.0,0.0,0.0,1.0,0.0,0.0,1.0,1.0,0.0,1.0,1.0,0.0,1.0,1.0,1.0,0.0,0.0,0.0,0.0,1.0,0.0,1.0,0.0,0.0,0.0,0.0,0.0,0.0,0.0,0.0,0.0,0.0,0.0,0.0,0.0,1.0,1.0,1.0,0.0,1.0,0.0,0.0,0.0,0.0,1.0,1.0,1.0,1.0,1.0,0.0,1.0,1.0,0.0,0.0,14.0,0.0,14.0,0.0,0.0,0.0,1.0,1.0,1.0,1.0,1.0,1.0,0.0,0.0,0.0,1.0,14.0,0.0,0.0,1.0,1.0,1.0,15.0,1.0,50.0,1.0,3.0,1.0,12.0,1.0,1.0,1.0,1.0,1.0,1.0,1.0,3.0,1.0,8.0,1.0,0.0,88888.0,0.0,0.0,1.0,0.0,3.0,2.0,2.0,1.0,1.0,1.0,0.0,0.0,0.0,0.0,0.0,1.0,0.0,1.0,1.0,0.0,0.0,0.0,0.0,0.0,0.0,0.0,0.0,0.0,0.0,0.0,0.0,0.0,0.0,,,,,1.0,0.0,1.0,0.0,0.0,0.0,0.0,1.0,0.0,0.0,0.0,0.0,0.0,0.0,0.0,1.0,0.0,0.0,9.0,9.0,9.0,9.0,9.0,9.0,0.0,0.0,1.0,0.0,1.0,1.0,1.0,0.0,0.0,0.0,0.0,0.0,1.0,0.0,0.0,0.0,0.0,0.0,0.0,0.0,0.0,0.0,0.0,0.0,0.0,0.0,0.0,0.0,0.0,0.0,0.0,0.0,0.0,0.0,0.0,1.0,0.0
2025,Sul,4,Paraná,PR,41,Umuarama,4128104,Maringá,4104,Umuarama,410016,Noroeste Paranaense,1,Umuarama,2,Umuarama,412810405,,,UEP 10 - UNIDADE DE EDUCACAO PRO E TECNOLOGICA DE UMUARAMA- SENAC,41152131,4,1.0,1,0.0,DUQUE DE CAXIAS,5238,,ZONA V,87504040,44.0,36215700.0,-2.375.337.905,-533.078.803,1,28.0,06JAN2025:00:00:00,13DEC2025:00:00:00,,,,,0.0,,,,,,,,,,,,,,,,,,,,0.0,0.0,0.0,0.0,0.0,1.0,0.0,"3,54109E+12","3,54109E+12",1.0,2.0,,,1.0,1.0,0.0,0.0,0.0,0.0,,0.0,1.0,0.0,1.0,1.0,0.0,0.0,0.0,0.0,0.0,1.0,0.0,0.0,0.0,1.0,0.0,0.0,0.0,0.0,1.0,0.0,0.0,0.0,0.0,1.0,0.0,0.0,0.0,1.0,0.0,0.0,1.0,1.0,0.0,1.0,1.0,0.0,1.0,1.0,1.0,0.0,0.0,0.0,0.0,1.0,0.0,1.0,0.0,0.0,0.0,0.0,0.0,0.0,0.0,0.0,0.0,0.0,0.0,0.0,0.0,1.0,1.0,1.0,0.0,1.0,0.0,0.0,0.0,0.0,1.0,1.0,1.0,1.0,1.0,0.0,0.0,1.0,0.0,0.0,14.0,0.0,14.0,0.0,0.0,0.0,1.0,1.0,1.0,1.0,1.0,1.0,0.0,1.0,1.0,1.0,1.0,1.0,1.0,0.0,0.0,1.0,88888.0,1.0,51.0,0.0,0.0,1.0,28.0,1.0,1.0,1.0,1.0,0.0,1.0,1.0,3.0,1.0,7.0,0.0,0.0,88888.0,0.0,0.0,0.0,0.0,1.0,2.0,1.0,0.0,0.0,1.0,0.0,0.0,0.0,0.0,0.0,1.0,0.0,1.0,1.0,0.0,0.0,0.0,0.0,0.0,0.0,0.0,0.0,0.0,0.0,0.0,0.0,0.0,0.0,,,,,1.0,0.0,1.0,0.0,0.0,0.0,0.0,1.0,0.0,0.0,0.0,0.0,0.0,0.0,0.0,1.0,0.0,0.0,9.0,9.0,9.0,9.0,9.0,9.0,0.0,0.0,1.0,0.0,1.0,1.0,1.0,0.0,0.0,0.0,1.0,0.0,1.0,0.0,0.0,0.0,0.0,0.0,1.0,0.0,0.0,0.0,0.0,0.0,0.0,0.0,0.0,0.0,0.0,0.0,0.0,0.0,0.0,0.0,0.0,1.0,0.0
2025,Sul,4,Paraná,PR,41,União da Vitória,4128203,Curitiba,4101,União da Vitória,410003,Sudeste Paranaense,9,União da Vitória,33,União da Vitória,412820305,,,UEP 18 - UNIDADE DE EDUCACAO PRO E TECNOLOGICA DE UNIAO DA VITORIA- SENAC,41152212,4,1.0,1,0.0,RUA VALENTIN VARACOSKI,161,,CENTRO,84600110,42.0,35241500.0,-262.381.664,-5.108.787.414,1,29.0,06JAN2025:00:00:00,13DEC2025:00:00:00,,,,,0.0,,,,,,,,,,,,,,,,,,,,0.0,0.0,0.0,0.0,0.0,1.0,0.0,"3,54109E+12","3,54109E+12",1.0,1.0,,,1.0,1.0,0.0,0.0,0.0,0.0,,0.0,1.0,0.0,1.0,1.0,0.0,0.0,0.0,0.0,0.0,1.0,0.0,0.0,0.0,1.0,0.0,0.0,0.0,0.0,1.0,0.0,0.0,0.0,0.0,1.0,0.0,0.0,0.0,1.0,0.0,0.0,1.0,1.0,0.0,1.0,1.0,0.0,1.0,1.0,1.0,0.0,0.0,0.0,0.0,1.0,0.0,1.0,0.0,0.0,0.0,0.0,0.0,0.0,0.0,0.0,0.0,0.0,0.0,0.0,0.0,1.0,1.0,1.0,0.0,1.0,0.0,0.0,0.0,0.0,1.0,1.0,1.0,1.0,1.0,0.0,0.0,1.0,0.0,0.0,9.0,0.0,9.0,0.0,0.0,0.0,1.0,1.0,1.0,1.0,1.0,1.0,0.0,1.0,1.0,1.0,1.0,1.0,1.0,0.0,0.0,1.0,9.0,1.0,64.0,0.0,0.0,0.0,0.0,1.0,1.0,1.0,1.0,0.0,1.0,1.0,3.0,1.0,5.0,0.0,1.0,88888.0,0.0,0.0,0.0,0.0,1.0,2.0,1.0,0.0,1.0,1.0,0.0,0.0,0.0,0.0,0.0,1.0,0.0,1.0,1.0,0.0,0.0,0.0,0.0,0.0,0.0,0.0,0.0,0.0,0.0,0.0,0.0,0.0,0.0,,,,,1.0,0.0,1.0,0.0,0.0,0.0,0.0,1.0,0.0,0.0,0.0,0.0,0.0,0.0,0.0,1.0,0.0,0.0,9.0,9.0,9.0,9.0,9.0,9.0,0.0,0.0,1.0,0.0,1.0,1.0,1.0,0.0,0.0,0.0,1.0,0.0,1.0,0.0,0.0,0.0,0.0,0.0,1.0,0.0,0.0,0.0,0.0,0.0,0.0,0.0,0.0,0.0,0.0,0.0,0.0,0.0,0.0,0.0,0.0,1.0,0.0
2025,Sul,4,Santa Catarina,SC,42,Araranguá,4201406,Criciúma,4202,Araranguá,420004,Sul Catarinense,6,Araranguá,20,Araranguá,420140605,,,CENTRO DE EDUCACAO PROFISSIONAL SENAC ARARANGUA,42156114,4,1.0,1,0.0,SETE DE SETEMBRO,1350,,CENTRO,88900015,48.0,988289966.0,-2.893.777.784,-4.948.796.903,1,21.0,10FEB2025:00:00:00,12DEC2025:00:00:00,,,,,0.0,,,,,,,,,,,,,,,,,,,,0.0,0.0,0.0,0.0,0.0,1.0,0.0,"3,60374E+12","3,60374E+12",1.0,2.0,,,1.0,2.0,0.0,0.0,0.0,0.0,,0.0,0.0,0.0,1.0,1.0,0.0,0.0,0.0,0.0,0.0,1.0,0.0,0.0,0.0,1.0,0.0,0.0,0.0,0.0,1.0,0.0,0.0,0.0,0.0,1.0,0.0,0.0,0.0,1.0,0.0,0.0,0.0,1.0,0.0,1.0,0.0,0.0,1.0,1.0,1.0,0.0,0.0,0.0,0.0,1.0,0.0,0.0,0.0,0.0,0.0,0.0,0.0,0.0,1.0,0.0,0.0,0.0,0.0,0.0,0.0,1.0,0.0,1.0,0.0,1.0,0.0,0.0,0.0,0.0,1.0,1.0,1.0,1.0,0.0,0.0,1.0,1.0,0.0,0.0,9.0,0.0,9.0,9.0,9.0,0.0,0.0,1.0,0.0,0.0,1.0,1.0,0.0,0.0,0.0,1.0,9.0,0.0,0.0,0.0,0.0,1.0,9.0,1.0,3.0,1.0,7.0,0.0,0.0,1.0,1.0,1.0,1.0,0.0,1.0,1.0,3.0,1.0,3.0,1.0,0.0,0.0,1.0,0.0,0.0,0.0,0.0,1.0,1.0,1.0,0.0,1.0,0.0,1.0,0.0,0.0,0.0,1.0,0.0,1.0,1.0,0.0,1.0,0.0,1.0,1.0,0.0,0.0,0.0,0.0,0.0,0.0,0.0,0.0,0.0,,,,,0.0,,,,,,,1.0,1.0,0.0,0.0,0.0,1.0,0.0,0.0,0.0,1.0,0.0,9.0,9.0,9.0,9.0,9.0,9.0,0.0,0.0,0.0,0.0,0.0,1.0,1.0,0.0,0.0,0.0,0.0,0.0,1.0,0.0,0.0,0.0,0.0,0.0,0.0,0.0,0.0,0.0,0.0,0.0,0.0,0.0,0.0,0.0,0.0,0.0,0.0,0.0,0.0,0.0,0.0,1.0,0.0
2025,Sul,4,Santa Catarina,SC,42,Blumenau,4202404,Blumenau,4207,Blumenau,420019,Vale do Itajaí,4,Blumenau,12,Blumenau,420240405,,,FACULDADE DE TECNOLOGIA SENAC BLUMENAU,42272327,4,1.0,1,0.0,BRASIL,610,,PONTA AGUDA,89050000,47.0,30359999.0,-2.691.503.248,-490.643.267,1,15.0,10FEB2025:00:00:00,15DEC2025:00:00:00,,,,,0.0,,,,,,,,,,,,,,,,,,,,0.0,0.0,0.0,0.0,1.0,1.0,0.0,"3,60374E+12","3,60374E+12",1.0,2.0,,3948.0,1.0,1.0,0.0,0.0,0.0,0.0,,0.0,1.0,0.0,1.0,1.0,0.0,0.0,0.0,0.0,0.0,1.0,0.0,0.0,0.0,1.0,0.0,0.0,0.0,0.0,1.0,0.0,0.0,0.0,0.0,1.0,0.0,0.0,0.0,1.0,0.0,0.0,1.0,1.0,0.0,1.0,0.0,1.0,1.0,1.0,1.0,1.0,0.0,0.0,1.0,1.0,0.0,1.0,1.0,0.0,0.0,1.0,0.0,1.0,0.0,0.0,0.0,0.0,0.0,0.0,0.0,1.0,0.0,1.0,1.0,1.0,0.0,0.0,0.0,0.0,1.0,0.0,1.0,1.0,1.0,0.0,1.0,1.0,0.0,0.0,40.0,0.0,40.0,40.0,40.0,0.0,0.0,1.0,1.0,1.0,1.0,1.0,0.0,0.0,0.0,1.0,2.0,1.0,12.0,1.0,5.0,1.0,20.0,1.0,100.0,1.0,25.0,0.0,0.0,1.0,1.0,1.0,1.0,1.0,1.0,1.0,3.0,1.0,3.0,5.0,2.0,88888.0,1.0,0.0,0.0,1.0,0.0,2.0,1.0,1.0,0.0,1.0,0.0,0.0,0.0,0.0,0.0,1.0,0.0,1.0,1.0,0.0,1.0,1.0,0.0,1.0,0.0,0.0,0.0,0.0,0.0,0.0,0.0,0.0,0.0,,,,,0.0,,,,,,,1.0,1.0,0.0,0.0,0.0,1.0,0.0,0.0,0.0,1.0,0.0,9.0,9.0,9.0,9.0,9.0,9.0,0.0,0.0,1.0,0.0,1.0,1.0,1.0,0.0,0.0,0.0,1.0,0.0,1.0,0.0,0.0,0.0,0.0,0.0,1.0,0.0,0.0,0.0,0.0,0.0,0.0,0.0,0.0,0.0,0.0,0.0,0.0,0.0,0.0,0.0,0.0,1.0,0.0
2025,Sul,4,Santa Catarina,SC,42,Brusque,4202909,Blumenau,4207,Brusque,420021,Vale do Itajaí,4,Blumenau,12,Brusque,420290905,,,CENTRO DE EDUCACAO PROFISSIONAL SENAC DE BRUSQUE,42139430,4,1.0,1,0.0,DEPUTADO ANTONIO HEIL,191,,CENTRO II,88353100,47.0,33512626.0,-2.709.892.514,-4.890.683.271,1,16.0,20JAN2025:00:00:00,12DEC2025:00:00:00,,,,,0.0,,,,,,,,,,,,,,,,,,,,0.0,0.0,0.0,0.0,0.0,1.0,1.0,"3,60374E+12","3,60374E+12",1.0,2.0,,,1.0,2.0,0.0,0.0,0.0,0.0,,0.0,0.0,0.0,1.0,1.0,0.0,0.0,0.0,0.0,0.0,1.0,0.0,0.0,0.0,1.0,0.0,0.0,0.0,0.0,1.0,0.0,0.0,0.0,0.0,1.0,0.0,0.0,0.0,1.0,0.0,0.0,0.0,1.0,0.0,1.0,1.0,1.0,1.0,1.0,1.0,0.0,0.0,0.0,0.0,1.0,1.0,0.0,0.0,0.0,0.0,0.0,0.0,0.0,0.0,0.0,0.0,0.0,0.0,0.0,0.0,1.0,1.0,1.0,0.0,1.0,0.0,0.0,0.0,0.0,1.0,1.0,1.0,1.0,1.0,0.0,1.0,1.0,0.0,0.0,18.0,0.0,18.0,18.0,18.0,0.0,0.0,1.0,1.0,1.0,1.0,1.0,0.0,0.0,0.0,0.0,0.0,1.0,2.0,1.0,3.0,1.0,4.0,1.0,70.0,1.0,70.0,0.0,0.0,1.0,1.0,1.0,1.0,0.0,1.0,1.0,3.0,1.0,7.0,4.0,1.0,0.0,0.0,0.0,0.0,0.0,0.0,3.0,1.0,2.0,0.0,0.0,0.0,0.0,0.0,0.0,0.0,1.0,0.0,1.0,1.0,0.0,0.0,0.0,1.0,0.0,0.0,0.0,0.0,0.0,0.0,0.0,0.0,0.0,0.0,,,,,0.0,,,,,,,1.0,0.0,0.0,0.0,0.0,0.0,0.0,0.0,1.0,1.0,0.0,9.0,9.0,9.0,9.0,9.0,9.0,0.0,0.0,0.0,0.0,0.0,1.0,1.0,0.0,0.0,0.0,0.0,0.0,1.0,0.0,0.0,0.0,0.0,0.0,0.0,0.0,0.0,0.0,0.0,0.0,0.0,0.0,0.0,0.0,0.0,0.0,0.0,0.0,0.0,0.0,0.0,1.0,0.0
2025,Sul,4,Santa Catarina,SC,42,Caçador,4203006,Caçador,4205,Caçador,420014,Oeste Catarinense,1,Joaçaba,4,Caçador,420300605,,,FACULDADE SENAC DE CACADOR,42276276,4,1.0,1,0.0,SETE DE SETEMBRO,169,,CENTRO,89500133,49.0,35630000.0,-267.750.131,-510.141.132,1,10.0,10FEB2025:00:00:00,12DEC2025:00:00:00,,,,,0.0,,,,,,,,,,,,,,,,,,,,0.0,0.0,0.0,0.0,0.0,1.0,0.0,"3,60374E+12","3,60374E+12",1.0,2.0,,5131.0,1.0,1.0,0.0,0.0,0.0,0.0,,0.0,0.0,0.0,1.0,1.0,0.0,0.0,0.0,0.0,0.0,1.0,0.0,0.0,0.0,1.0,0.0,0.0,0.0,0.0,1.0,0.0,0.0,0.0,0.0,1.0,0.0,1.0,0.0,1.0,0.0,0.0,1.0,1.0,0.0,1.0,0.0,0.0,1.0,1.0,1.0,0.0,0.0,0.0,0.0,1.0,1.0,0.0,1.0,0.0,0.0,0.0,0.0,0.0,0.0,0.0,0.0,0.0,0.0,0.0,0.0,1.0,1.0,1.0,0.0,1.0,0.0,0.0,0.0,0.0,1.0,1.0,1.0,1.0,1.0,0.0,1.0,1.0,0.0,0.0,17.0,0.0,17.0,17.0,17.0,0.0,0.0,1.0,1.0,1.0,1.0,1.0,0.0,0.0,0.0,1.0,17.0,1.0,5.0,0.0,0.0,1.0,17.0,1.0,88.0,1.0,20.0,0.0,0.0,1.0,1.0,1.0,1.0,1.0,1.0,1.0,3.0,1.0,6.0,3.0,1.0,0.0,0.0,0.0,0.0,0.0,0.0,2.0,1.0,1.0,0.0,1.0,0.0,0.0,0.0,0.0,0.0,1.0,0.0,1.0,1.0,0.0,0.0,1.0,1.0,0.0,0.0,0.0,0.0,0.0,0.0,0.0,0.0,0.0,0.0,,,,,0.0,,,,,,,1.0,1.0,1.0,0.0,0.0,1.0,0.0,0.0,0.0,0.0,0.0,9.0,9.0,9.0,9.0,9.0,9.0,0.0,0.0,0.0,0.0,0.0,1.0,1.0,0.0,0.0,0.0,0.0,0.0,1.0,0.0,0.0,0.0,0.0,0.0,0.0,0.0,0.0,0.0,0.0,0.0,0.0,0.0,0.0,0.0,0.0,0.0,0.0,0.0,0.0,0.0,0.0,1.0,0.0
2025,Sul,4,Santa Catarina,SC,42,Campo Alegre,4203303,Joinville,4206,São Bento do Sul - Rio Negrinho,420018,Norte Catarinense,2,São Bento do Sul,7,Campo Alegre,420330305,,,SENAC DE CAMPO ALEGRE,42149444,4,,1,,RUA NEREU RAMOS,124,,,89294000,47.0,36340602.0,-2.619.427,-4.926.495,3,24.0,,,,,,,,,,,,,,,,,,,,,,,,,,,,,,,,,,,,,,,,,,,,,,,,,,,,,,,,,,,,,,,,,,,,,,,,,,,,,,,,,,,,,,,,,,,,,,,,,,,,,,,,,,,,,,,,,,,,,,,,,,,,,,,,,,,,,,,,,,,,,,,,,,,,,,,,,,,,,,,,,,,,,,,,,,,,,,,,,,,,,,,,,,,,,,,,,,,,,,,,,,,,,,,,,,,,,,,,,,,,,,,,,,,,,,,,,,,,,,,,,,,,,,,,,,,,,,,,,,,,,,,,,
2025,Sul,4,Santa Catarina,SC,42,Canoinhas,4203808,Joinville,4206,Mafra,420017,Norte Catarinense,2,Canoinhas,6,Canoinhas,420380805,,,SENAC CANOINHAS,42148928,4,1.0,1,0.0,LOURENCO ROLANDO MALUCELLI,16,SENAC,CENTRO,89460062,47.0,36224853.0,-2.617.426.627,-503.952.569,1,25.0,27JAN2025:00:00:00,12DEC2025:00:00:00,,,,,0.0,,,,,,,,,,,,,,,,,,,,0.0,0.0,0.0,0.0,0.0,1.0,0.0,"3,60374E+12","3,60374E+12",1.0,2.0,,,1.0,2.0,0.0,0.0,0.0,0.0,,0.0,0.0,0.0,1.0,1.0,0.0,0.0,0.0,0.0,0.0,1.0,0.0,0.0,0.0,1.0,0.0,0.0,0.0,0.0,1.0,0.0,0.0,0.0,0.0,1.0,0.0,0.0,0.0,1.0,0.0,0.0,1.0,1.0,0.0,1.0,0.0,0.0,1.0,1.0,1.0,0.0,0.0,0.0,0.0,0.0,1.0,0.0,0.0,0.0,0.0,0.0,0.0,0.0,0.0,0.0,0.0,0.0,0.0,0.0,0.0,0.0,0.0,1.0,1.0,1.0,0.0,0.0,0.0,0.0,1.0,0.0,0.0,1.0,0.0,0.0,0.0,0.0,0.0,0.0,5.0,0.0,5.0,5.0,5.0,0.0,0.0,1.0,1.0,1.0,1.0,1.0,0.0,0.0,0.0,0.0,0.0,1.0,1.0,0.0,0.0,1.0,88888.0,1.0,6.0,1.0,88888.0,1.0,1.0,1.0,1.0,1.0,1.0,0.0,1.0,1.0,3.0,1.0,88888.0,1.0,1.0,0.0,0.0,0.0,0.0,0.0,0.0,2.0,1.0,0.0,0.0,2.0,0.0,0.0,0.0,0.0,0.0,1.0,0.0,0.0,1.0,0.0,1.0,0.0,1.0,0.0,0.0,0.0,0.0,0.0,0.0,0.0,0.0,0.0,0.0,,,,,1.0,0.0,0.0,0.0,0.0,0.0,1.0,1.0,0.0,0.0,0.0,0.0,0.0,0.0,0.0,1.0,1.0,0.0,9.0,9.0,9.0,9.0,9.0,9.0,0.0,0.0,0.0,0.0,0.0,1.0,1.0,0.0,0.0,0.0,0.0,0.0,1.0,0.0,0.0,0.0,0.0,0.0,0.0,0.0,0.0,0.0,0.0,0.0,0.0,0.0,0.0,0.0,0.0,0.0,0.0,0.0,0.0,0.0,0.0,1.0,0.0
2025,Sul,4,Santa Catarina,SC,42,Chapecó,4204202,Chapecó,4204,Chapecó,420007,Oeste Catarinense,1,Chapecó,2,Chapecó,420420205,,,FACULDADE DE TECNOLOGIA SENAC CHAPECO,42139031,4,1.0,1,0.0,CASTRO ALVES - E,298,,SÃO CRISTÓVÃO,89803110,49.0,33615007.0,-270.874.431,-5.262.549.617,1,4.0,20JAN2025:00:00:00,19DEC2025:00:00:00,,,,,0.0,,,,,,,,,,,,,,,,,,,,0.0,0.0,0.0,0.0,0.0,1.0,0.0,"3,60374E+12","3,60374E+12",1.0,2.0,,3947.0,1.0,1.0,0.0,0.0,0.0,0.0,,0.0,0.0,0.0,1.0,1.0,0.0,0.0,0.0,0.0,0.0,1.0,0.0,0.0,0.0,1.0,0.0,0.0,0.0,0.0,1.0,0.0,0.0,0.0,0.0,1.0,0.0,1.0,0.0,1.0,0.0,0.0,1.0,1.0,0.0,1.0,0.0,0.0,1.0,1.0,1.0,0.0,0.0,0.0,0.0,1.0,1.0,0.0,1.0,0.0,0.0,0.0,0.0,0.0,0.0,0.0,0.0,0.0,0.0,0.0,0.0,1.0,0.0,1.0,0.0,1.0,0.0,0.0,0.0,0.0,1.0,1.0,0.0,1.0,1.0,0.0,0.0,1.0,0.0,0.0,13.0,0.0,13.0,13.0,13.0,0.0,0.0,1.0,0.0,0.0,1.0,1.0,0.0,0.0,0.0,1.0,88888.0,1.0,1.0,0.0,0.0,1.0,88888.0,1.0,43.0,1.0,154.0,0.0,0.0,1.0,1.0,1.0,1.0,0.0,1.0,1.0,3.0,1.0,4.0,6.0,2.0,1.0,0.0,0.0,0.0,1.0,0.0,5.0,1.0,2.0,0.0,0.0,0.0,1.0,0.0,0.0,0.0,1.0,0.0,1.0,0.0,0.0,1.0,0.0,1.0,0.0,0.0,0.0,0.0,0.0,0.0,0.0,0.0,0.0,0.0,,,,,0.0,,,,,,,1.0,1.0,0.0,0.0,0.0,0.0,0.0,1.0,0.0,1.0,0.0,9.0,9.0,9.0,9.0,9.0,9.0,0.0,0.0,0.0,0.0,0.0,1.0,1.0,0.0,0.0,0.0,0.0,0.0,1.0,0.0,0.0,0.0,0.0,0.0,0.0,0.0,0.0,0.0,0.0,0.0,0.0,0.0,0.0,0.0,0.0,0.0,0.0,0.0,0.0,0.0,0.0,1.0,0.0
2025,Sul,4,Santa Catarina,SC,42,Concórdia,4204301,Chapecó,4204,Concórdia,420010,Oeste Catarinense,1,Concórdia,5,Concórdia,420430105,,,FACULDADE SENAC CONCORDIA,42139007,4,1.0,1,0.0,JOAO ZANARDI,330,,NOSSA SENHORA DA SALETE,89700396,49.0,34422993.0,-272.155.912,-520.156.789,1,6.0,10FEB2025:00:00:00,12DEC2025:00:00:00,,,,,0.0,,,,,,,,,,,,,,,,,,,,0.0,0.0,0.0,0.0,0.0,0.0,1.0,"3,60374E+12","3,60374E+12",1.0,2.0,,17777.0,1.0,1.0,0.0,0.0,0.0,0.0,,0.0,0.0,0.0,1.0,1.0,0.0,0.0,0.0,0.0,0.0,1.0,0.0,0.0,0.0,1.0,1.0,0.0,1.0,0.0,1.0,0.0,0.0,0.0,0.0,1.0,0.0,1.0,0.0,1.0,0.0,0.0,1.0,1.0,0.0,1.0,1.0,0.0,1.0,1.0,0.0,0.0,0.0,0.0,0.0,1.0,0.0,0.0,1.0,0.0,0.0,0.0,0.0,0.0,0.0,0.0,0.0,0.0,0.0,0.0,0.0,1.0,1.0,1.0,0.0,0.0,0.0,0.0,0.0,0.0,1.0,1.0,0.0,1.0,1.0,0.0,1.0,1.0,0.0,0.0,10.0,0.0,10.0,10.0,10.0,0.0,0.0,1.0,0.0,0.0,1.0,1.0,0.0,0.0,0.0,1.0,10.0,1.0,10.0,1.0,3.0,1.0,10.0,1.0,100.0,1.0,60.0,0.0,0.0,1.0,1.0,1.0,1.0,1.0,1.0,1.0,3.0,1.0,7.0,2.0,2.0,0.0,0.0,0.0,0.0,1.0,0.0,6.0,1.0,1.0,0.0,1.0,0.0,0.0,0.0,0.0,0.0,1.0,0.0,1.0,1.0,0.0,1.0,0.0,0.0,0.0,0.0,1.0,0.0,0.0,0.0,0.0,0.0,0.0,0.0,,,,,0.0,,,,,,,1.0,1.0,1.0,0.0,0.0,0.0,0.0,0.0,1.0,1.0,0.0,9.0,9.0,9.0,9.0,9.0,9.0,0.0,0.0,0.0,0.0,0.0,1.0,1.0,0.0,0.0,0.0,0.0,0.0,1.0,0.0,0.0,0.0,0.0,0.0,0.0,0.0,0.0,0.0,0.0,0.0,0.0,0.0,0.0,0.0,0.0,0.0,0.0,0.0,0.0,0.0,0.0,1.0,0.0
2025,Sul,4,Santa Catarina,SC,42,Criciúma,4204608,Criciúma,4202,Criciúma,420002,Sul Catarinense,6,Criciúma,19,Criciúma,420460805,,,FACULDADE SENAC CRICIUMA,42151031,4,1.0,1,0.0,HENRIQUE LAGE,560,,CENTRO,88801010,48.0,988289966.0,-2.867.867,-4.937.627.333,1,20.0,10FEB2025:00:00:00,12DEC2025:00:00:00,,,,,0.0,,,,,,,,,,,,,,,,,,,,0.0,0.0,0.0,0.0,0.0,1.0,0.0,"3,60374E+12","3,60374E+12",1.0,1.0,,17277.0,1.0,1.0,0.0,0.0,0.0,0.0,,0.0,0.0,0.0,1.0,1.0,0.0,0.0,0.0,0.0,0.0,1.0,0.0,0.0,0.0,1.0,0.0,0.0,0.0,0.0,1.0,0.0,0.0,0.0,0.0,1.0,0.0,0.0,0.0,1.0,1.0,0.0,1.0,1.0,0.0,1.0,0.0,1.0,1.0,1.0,1.0,0.0,0.0,0.0,1.0,1.0,1.0,1.0,1.0,0.0,0.0,1.0,1.0,0.0,1.0,0.0,0.0,0.0,0.0,0.0,0.0,1.0,0.0,1.0,0.0,1.0,0.0,0.0,0.0,0.0,1.0,1.0,1.0,1.0,1.0,0.0,1.0,1.0,0.0,0.0,41.0,0.0,41.0,41.0,41.0,0.0,0.0,1.0,0.0,1.0,1.0,1.0,0.0,0.0,0.0,1.0,41.0,1.0,3.0,0.0,0.0,1.0,41.0,1.0,8.0,1.0,8.0,1.0,5.0,1.0,1.0,1.0,1.0,0.0,1.0,1.0,3.0,1.0,13.0,9.0,1.0,0.0,2.0,0.0,0.0,1.0,0.0,3.0,1.0,2.0,1.0,1.0,1.0,0.0,0.0,0.0,0.0,1.0,0.0,1.0,1.0,0.0,1.0,0.0,1.0,1.0,0.0,0.0,0.0,0.0,0.0,0.0,1.0,0.0,0.0,,,,,0.0,,,,,,,1.0,1.0,0.0,0.0,0.0,1.0,0.0,0.0,0.0,1.0,1.0,0.0,0.0,0.0,0.0,1.0,0.0,0.0,0.0,1.0,0.0,1.0,1.0,1.0,0.0,0.0,0.0,1.0,0.0,1.0,0.0,0.0,0.0,0.0,0.0,1.0,0.0,0.0,0.0,0.0,0.0,0.0,0.0,0.0,0.0,0.0,0.0,0.0,0.0,0.0,0.0,0.0,1.0,0.0
2025,Sul,4,Santa Catarina,SC,42,Curitibanos,4204806,Lages,4203,Curitibanos,420006,Serrana,3,Curitibanos,9,Curitibanos,420480605,,,SENAC SERVICO NACIONAL DE APRENDIZAGEM COMERCIAL,42116651,4,1.0,1,0.0,AVENIDA SALOMAO CARNEIRO DE ALMEIDA - EDIFICIO GABOARDI MASTER CENTER,388,6º ANDAR,,89520000,49.0,32415937.0,-2.728.824.701,-5.057.756.794,1,11.0,03FEB2025:00:00:00,12DEC2025:00:00:00,,,,,0.0,,,,,,,,,,,,,,,,,,,,0.0,0.0,0.0,0.0,0.0,1.0,0.0,"3,60374E+12","3,60374E+12",1.0,2.0,,,1.0,2.0,0.0,0.0,0.0,0.0,,0.0,0.0,0.0,1.0,1.0,0.0,0.0,0.0,0.0,0.0,1.0,0.0,0.0,0.0,1.0,0.0,0.0,0.0,0.0,1.0,0.0,0.0,0.0,0.0,1.0,0.0,0.0,0.0,0.0,0.0,0.0,0.0,1.0,0.0,1.0,1.0,0.0,0.0,1.0,1.0,0.0,0.0,0.0,0.0,1.0,0.0,0.0,0.0,0.0,0.0,0.0,0.0,0.0,0.0,0.0,0.0,0.0,0.0,0.0,0.0,0.0,1.0,0.0,0.0,0.0,0.0,0.0,0.0,0.0,0.0,1.0,0.0,1.0,1.0,0.0,0.0,0.0,0.0,0.0,5.0,0.0,5.0,5.0,5.0,0.0,0.0,1.0,0.0,1.0,0.0,1.0,0.0,0.0,0.0,0.0,0.0,1.0,1.0,0.0,0.0,1.0,5.0,1.0,20.0,1.0,15.0,0.0,0.0,1.0,1.0,1.0,1.0,0.0,1.0,1.0,2.0,0.0,3.0,1.0,0.0,0.0,0.0,0.0,0.0,0.0,0.0,0.0,0.0,0.0,0.0,0.0,0.0,0.0,0.0,0.0,0.0,1.0,0.0,0.0,1.0,0.0,0.0,0.0,1.0,0.0,0.0,0.0,0.0,0.0,0.0,0.0,0.0,0.0,0.0,,,,,0.0,,,,,,,1.0,1.0,0.0,0.0,0.0,0.0,0.0,0.0,1.0,1.0,0.0,9.0,9.0,9.0,9.0,9.0,9.0,0.0,0.0,0.0,0.0,0.0,1.0,1.0,0.0,0.0,0.0,0.0,0.0,1.0,0.0,0.0,0.0,0.0,0.0,0.0,0.0,0.0,0.0,0.0,0.0,0.0,0.0,0.0,0.0,0.0,0.0,0.0,0.0,0.0,0.0,0.0,1.0,0.0
2025,Sul,4,Santa Catarina,SC,42,Florianópolis,4205407,Florianópolis,4201,Florianópolis,420001,Grande Florianópolis,5,Florianópolis,16,Florianópolis,420540705,,,SENAC DE FLORIANOPOLIS,42270278,4,1.0,1,0.0,SILVA JARDIM,360,,CENTRO,88020200,48.0,999963252.0,-2.760.367.667,-4.854.681.333,1,10000.0,27FEB2025:00:00:00,12DEC2025:00:00:00,,,,,0.0,,,,,,,,,,,,,,,,,,,,0.0,0.0,0.0,0.0,0.0,1.0,0.0,"3,60374E+12","3,60374E+12",1.0,2.0,,,1.0,1.0,0.0,0.0,0.0,0.0,,0.0,0.0,1.0,1.0,1.0,0.0,0.0,0.0,0.0,0.0,1.0,0.0,0.0,0.0,1.0,0.0,0.0,0.0,0.0,1.0,0.0,0.0,0.0,0.0,1.0,0.0,0.0,0.0,1.0,0.0,0.0,1.0,1.0,0.0,1.0,1.0,0.0,1.0,1.0,1.0,0.0,0.0,0.0,0.0,1.0,1.0,1.0,0.0,0.0,0.0,0.0,0.0,0.0,0.0,0.0,0.0,0.0,0.0,0.0,0.0,1.0,1.0,1.0,0.0,1.0,0.0,0.0,0.0,0.0,1.0,1.0,1.0,1.0,1.0,0.0,1.0,1.0,0.0,0.0,23.0,0.0,23.0,23.0,23.0,0.0,0.0,1.0,0.0,0.0,1.0,1.0,0.0,0.0,0.0,1.0,22.0,1.0,2.0,1.0,22.0,1.0,7.0,1.0,200.0,1.0,53.0,0.0,0.0,1.0,1.0,1.0,1.0,1.0,1.0,1.0,3.0,1.0,23.0,6.0,4.0,88888.0,0.0,0.0,0.0,1.0,0.0,12.0,1.0,2.0,2.0,1.0,0.0,0.0,0.0,0.0,0.0,1.0,0.0,1.0,1.0,0.0,1.0,1.0,0.0,0.0,0.0,0.0,0.0,0.0,0.0,0.0,0.0,0.0,0.0,,,,,0.0,,,,,,,1.0,1.0,0.0,0.0,0.0,1.0,0.0,0.0,0.0,1.0,0.0,9.0,9.0,9.0,9.0,9.0,9.0,0.0,0.0,0.0,0.0,0.0,1.0,1.0,0.0,0.0,0.0,0.0,0.0,1.0,0.0,0.0,0.0,0.0,0.0,0.0,0.0,0.0,0.0,0.0,0.0,0.0,0.0,0.0,0.0,0.0,0.0,0.0,0.0,0.0,0.0,0.0,1.0,0.0
2025,Sul,4,Santa Catarina,SC,42,Florianópolis,4205407,Florianópolis,4201,Florianópolis,420001,Grande Florianópolis,5,Florianópolis,16,Florianópolis,420540705,,,SENAC SAUDE E BELEZA,42330270,4,1.0,1,0.0,RUA SILVA JARDIM,360,,PRAINHA,88020200,48.0,999963252.0,-275.946.031,-4.855.751.247,1,10000.0,27JAN2025:00:00:00,12DEC2025:00:00:00,,,,,0.0,,,,,,,,,,,,,,,,,,,,0.0,0.0,0.0,0.0,0.0,1.0,0.0,"3,60374E+12","3,60374E+12",1.0,2.0,,3295.0,1.0,1.0,0.0,0.0,0.0,0.0,,0.0,0.0,1.0,1.0,1.0,0.0,0.0,0.0,0.0,0.0,1.0,0.0,0.0,0.0,1.0,0.0,0.0,0.0,0.0,1.0,0.0,0.0,0.0,0.0,1.0,0.0,0.0,0.0,1.0,0.0,0.0,1.0,1.0,0.0,1.0,0.0,0.0,1.0,1.0,1.0,0.0,0.0,0.0,0.0,1.0,1.0,1.0,0.0,0.0,0.0,0.0,0.0,0.0,0.0,0.0,0.0,0.0,0.0,0.0,0.0,1.0,1.0,1.0,0.0,1.0,0.0,0.0,0.0,0.0,1.0,1.0,1.0,1.0,1.0,0.0,1.0,1.0,0.0,0.0,23.0,0.0,23.0,23.0,23.0,0.0,0.0,1.0,0.0,0.0,1.0,1.0,0.0,0.0,0.0,1.0,22.0,1.0,2.0,1.0,22.0,1.0,7.0,1.0,88888.0,1.0,88888.0,0.0,0.0,1.0,1.0,1.0,1.0,1.0,1.0,0.0,3.0,1.0,0.0,0.0,0.0,0.0,0.0,0.0,0.0,0.0,0.0,0.0,0.0,0.0,0.0,0.0,0.0,0.0,0.0,0.0,0.0,1.0,0.0,1.0,1.0,0.0,1.0,1.0,0.0,0.0,0.0,0.0,0.0,0.0,0.0,0.0,0.0,0.0,0.0,,,,,0.0,,,,,,,1.0,1.0,0.0,0.0,0.0,1.0,0.0,0.0,0.0,1.0,0.0,9.0,9.0,9.0,9.0,9.0,9.0,0.0,0.0,0.0,0.0,0.0,1.0,1.0,0.0,0.0,0.0,0.0,0.0,1.0,0.0,0.0,0.0,0.0,0.0,0.0,0.0,0.0,0.0,0.0,0.0,0.0,0.0,0.0,0.0,0.0,0.0,0.0,0.0,0.0,0.0,0.0,1.0,0.0
2025,Sul,4,Santa Catarina,SC,42,Itajaí,4208203,Blumenau,4207,Itajaí,420020,Vale do Itajaí,4,Itajaí,13,Itajaí,420820305,,,SERVICO NACIONAL DE APRENDIZAGEM COMERCIAL - SENAC DE ITAJAI,42119430,4,1.0,1,0.0,BRUSQUE,257,,CENTRO,88302000,47.0,33480410.0,-2.691.023,-4.866.413.333,1,17.0,27JAN2025:00:00:00,11DEC2025:00:00:00,,,,,0.0,,,,,,,,,,,,,,,,,,,,0.0,0.0,0.0,0.0,0.0,1.0,0.0,"3,60374E+12","3,60374E+12",1.0,2.0,,,1.0,2.0,0.0,0.0,0.0,0.0,,0.0,0.0,0.0,1.0,1.0,0.0,0.0,0.0,0.0,0.0,1.0,0.0,0.0,0.0,1.0,0.0,0.0,0.0,0.0,1.0,0.0,0.0,0.0,0.0,1.0,0.0,0.0,0.0,1.0,0.0,0.0,0.0,1.0,0.0,1.0,1.0,0.0,1.0,1.0,1.0,1.0,0.0,0.0,0.0,1.0,1.0,0.0,1.0,0.0,0.0,0.0,0.0,0.0,0.0,0.0,0.0,0.0,0.0,0.0,0.0,1.0,0.0,1.0,0.0,1.0,0.0,0.0,0.0,0.0,0.0,1.0,0.0,1.0,0.0,0.0,0.0,0.0,0.0,0.0,10.0,0.0,10.0,10.0,10.0,0.0,0.0,1.0,1.0,1.0,1.0,1.0,0.0,0.0,0.0,0.0,0.0,1.0,2.0,0.0,0.0,1.0,9.0,1.0,20.0,1.0,35.0,0.0,0.0,1.0,1.0,1.0,1.0,0.0,1.0,1.0,3.0,1.0,4.0,2.0,1.0,0.0,3.0,0.0,0.0,1.0,0.0,1.0,1.0,2.0,0.0,0.0,0.0,0.0,0.0,0.0,0.0,1.0,0.0,1.0,1.0,0.0,1.0,0.0,1.0,1.0,0.0,0.0,0.0,0.0,0.0,0.0,0.0,0.0,0.0,,,,,0.0,,,,,,,1.0,0.0,1.0,0.0,0.0,1.0,0.0,0.0,0.0,1.0,0.0,9.0,9.0,9.0,9.0,9.0,9.0,0.0,0.0,0.0,0.0,0.0,1.0,1.0,0.0,0.0,0.0,0.0,0.0,1.0,0.0,0.0,0.0,0.0,0.0,0.0,0.0,0.0,0.0,0.0,0.0,0.0,0.0,0.0,0.0,0.0,0.0,0.0,0.0,0.0,0.0,0.0,1.0,0.0
2025,Sul,4,Santa Catarina,SC,42,Joaçaba,4209003,Chapecó,4204,Joaçaba - Herval d'Oeste,420008,Oeste Catarinense,1,Joaçaba,4,Joaçaba,420900305,,,SERVICO NACIONAL DE APRENDIZAGEM COMERCIAL - SENAC - JOACABA,42138876,4,1.0,1,0.0,RUA TIRADENTES,170,,CENTRO,89600000,49.0,39065600.0,-271.748.283,-515.055.252,1,7.0,10FEB2025:00:00:00,05DEC2025:00:00:00,,,,,0.0,,,,,,,,,,,,,,,,,,,,0.0,0.0,0.0,0.0,0.0,1.0,0.0,"3,60374E+12","3,60374E+12",1.0,2.0,,,1.0,2.0,0.0,0.0,0.0,0.0,,0.0,0.0,0.0,1.0,1.0,0.0,0.0,0.0,0.0,0.0,1.0,0.0,0.0,0.0,1.0,0.0,0.0,0.0,0.0,1.0,0.0,0.0,0.0,0.0,0.0,0.0,0.0,1.0,1.0,0.0,0.0,0.0,1.0,0.0,1.0,1.0,0.0,1.0,1.0,1.0,0.0,0.0,0.0,0.0,1.0,1.0,0.0,0.0,0.0,0.0,0.0,0.0,0.0,0.0,0.0,0.0,0.0,0.0,0.0,0.0,1.0,0.0,1.0,0.0,1.0,0.0,0.0,0.0,0.0,1.0,1.0,0.0,1.0,1.0,0.0,1.0,1.0,0.0,1.0,16.0,0.0,16.0,16.0,16.0,0.0,0.0,1.0,1.0,1.0,1.0,1.0,0.0,0.0,0.0,1.0,10.0,1.0,2.0,0.0,0.0,1.0,16.0,1.0,30.0,1.0,60.0,0.0,0.0,1.0,1.0,1.0,1.0,0.0,1.0,1.0,3.0,1.0,3.0,5.0,1.0,88888.0,0.0,0.0,0.0,1.0,0.0,4.0,1.0,2.0,1.0,4.0,0.0,0.0,0.0,0.0,0.0,1.0,0.0,0.0,1.0,0.0,1.0,0.0,1.0,0.0,0.0,0.0,0.0,0.0,0.0,0.0,0.0,0.0,0.0,,,,,0.0,,,,,,,1.0,0.0,0.0,0.0,0.0,1.0,0.0,0.0,0.0,1.0,0.0,9.0,9.0,9.0,9.0,9.0,9.0,0.0,0.0,0.0,0.0,0.0,1.0,1.0,0.0,0.0,0.0,0.0,0.0,1.0,0.0,0.0,0.0,0.0,0.0,0.0,0.0,0.0,0.0,0.0,0.0,0.0,0.0,0.0,0.0,0.0,0.0,0.0,0.0,0.0,0.0,0.0,1.0,0.0
2025,Sul,4,Santa Catarina,SC,42,Joinville,4209102,Joinville,4206,Joinville,420016,Norte Catarinense,2,Joinville,8,Joinville,420910205,,,SENAC DE JOINVILLE,42280265,4,1.0,1,0.0,VISCONDE DE TAUNAY,730,,ATIRADORES,89203062,47.0,34316666.0,-2.630.546,-48.853,1,22.0,10FEB2025:00:00:00,12DEC2025:00:00:00,,,,,0.0,,,,,,,,,,,,,,,,,,,,0.0,0.0,0.0,0.0,0.0,1.0,0.0,"3,60374E+12","3,60374E+12",1.0,2.0,,24378.0,1.0,1.0,0.0,0.0,0.0,0.0,,0.0,0.0,0.0,1.0,1.0,0.0,0.0,0.0,0.0,0.0,1.0,0.0,0.0,0.0,1.0,0.0,0.0,0.0,0.0,1.0,0.0,0.0,0.0,0.0,1.0,0.0,0.0,0.0,1.0,0.0,0.0,1.0,1.0,0.0,1.0,1.0,1.0,1.0,1.0,1.0,1.0,0.0,0.0,1.0,1.0,1.0,0.0,1.0,0.0,0.0,1.0,0.0,1.0,0.0,0.0,0.0,0.0,0.0,0.0,0.0,1.0,0.0,1.0,0.0,1.0,0.0,0.0,0.0,0.0,1.0,1.0,1.0,0.0,0.0,0.0,1.0,1.0,0.0,0.0,37.0,0.0,37.0,37.0,37.0,0.0,0.0,1.0,1.0,1.0,1.0,1.0,0.0,0.0,0.0,1.0,22.0,0.0,0.0,0.0,0.0,1.0,22.0,1.0,150.0,1.0,43.0,1.0,22.0,1.0,1.0,1.0,1.0,0.0,1.0,1.0,3.0,1.0,7.0,8.0,3.0,0.0,0.0,0.0,0.0,1.0,0.0,4.0,1.0,3.0,2.0,0.0,0.0,1.0,0.0,0.0,0.0,1.0,0.0,1.0,1.0,0.0,1.0,0.0,1.0,1.0,0.0,0.0,0.0,0.0,0.0,0.0,0.0,0.0,0.0,,,,,0.0,,,,,,,1.0,0.0,0.0,0.0,0.0,0.0,0.0,0.0,1.0,1.0,1.0,0.0,0.0,0.0,0.0,1.0,0.0,0.0,0.0,1.0,0.0,1.0,1.0,1.0,0.0,0.0,0.0,1.0,0.0,1.0,0.0,0.0,0.0,0.0,0.0,1.0,0.0,0.0,0.0,0.0,0.0,0.0,0.0,0.0,0.0,0.0,0.0,0.0,0.0,0.0,0.0,0.0,1.0,0.0
2025,Sul,4,Santa Catarina,SC,42,Lages,4209300,Lages,4203,Lages,420005,Serrana,3,Campos de Lages,10,Lages,420930005,,,SENAC DE LAGES,42332281,4,1.0,1,0.0,DOM PEDRO II,1450,,UNIVERSITÁRIO,88509001,49.0,32233855.0,-27.819.165,-5.031.481.167,1,26.0,03FEB2025:00:00:00,12DEC2025:00:00:00,,,,,0.0,,,,,,,,,,,,,,,,,,,,0.0,0.0,0.0,0.0,0.0,1.0,0.0,"3,60374E+12","3,60374E+12",1.0,2.0,,,1.0,1.0,0.0,0.0,0.0,0.0,,0.0,0.0,0.0,1.0,1.0,0.0,0.0,0.0,0.0,0.0,1.0,0.0,0.0,0.0,1.0,0.0,0.0,0.0,0.0,1.0,0.0,0.0,0.0,0.0,1.0,0.0,0.0,0.0,1.0,0.0,0.0,1.0,1.0,0.0,1.0,1.0,0.0,1.0,1.0,1.0,1.0,0.0,0.0,0.0,1.0,1.0,1.0,1.0,0.0,0.0,0.0,0.0,0.0,1.0,0.0,0.0,0.0,0.0,0.0,0.0,1.0,1.0,1.0,0.0,1.0,0.0,0.0,0.0,0.0,1.0,1.0,1.0,0.0,1.0,0.0,1.0,1.0,0.0,0.0,14.0,1.0,15.0,14.0,15.0,0.0,0.0,1.0,0.0,1.0,0.0,0.0,0.0,0.0,0.0,0.0,0.0,1.0,2.0,0.0,0.0,1.0,14.0,1.0,25.0,1.0,51.0,0.0,0.0,1.0,1.0,1.0,1.0,1.0,1.0,1.0,3.0,1.0,0.0,2.0,1.0,0.0,2.0,0.0,0.0,0.0,0.0,1.0,1.0,1.0,6.0,4.0,0.0,0.0,0.0,0.0,0.0,1.0,0.0,1.0,0.0,0.0,0.0,0.0,1.0,0.0,0.0,0.0,0.0,0.0,0.0,0.0,0.0,0.0,0.0,,,,,0.0,,,,,,,1.0,1.0,0.0,0.0,0.0,1.0,0.0,0.0,0.0,1.0,0.0,9.0,9.0,9.0,9.0,9.0,9.0,0.0,0.0,0.0,0.0,0.0,1.0,1.0,0.0,0.0,0.0,0.0,0.0,1.0,0.0,0.0,0.0,0.0,0.0,0.0,0.0,0.0,0.0,0.0,0.0,0.0,0.0,0.0,0.0,0.0,0.0,0.0,0.0,0.0,0.0,0.0,1.0,0.0
2025,Sul,4,Santa Catarina,SC,42,Mafra,4210100,Joinville,4206,Mafra,420017,Norte Catarinense,2,Canoinhas,6,Mafra,421010005,,,SENAC DE MAFRA,42149487,4,1.0,1,0.0,FELIPE SCHMIDT,809,,CENTRO I BAIXADA,89300178,47.0,32080130.0,-261.183.133,-498.056.117,1,36.0,01JAN2025:00:00:00,31DEC2025:00:00:00,,,,,0.0,,,,,,,,,,,,,,,,,,,,1.0,0.0,0.0,0.0,0.0,1.0,1.0,"3,60374E+12","3,60374E+12",1.0,2.0,,,1.0,2.0,0.0,0.0,0.0,0.0,,0.0,0.0,0.0,1.0,1.0,0.0,0.0,0.0,0.0,0.0,1.0,0.0,0.0,0.0,1.0,0.0,0.0,0.0,0.0,1.0,0.0,0.0,0.0,0.0,1.0,0.0,1.0,0.0,0.0,0.0,0.0,0.0,1.0,0.0,1.0,1.0,0.0,1.0,1.0,1.0,0.0,0.0,0.0,0.0,1.0,1.0,0.0,0.0,0.0,0.0,0.0,0.0,0.0,0.0,0.0,0.0,0.0,0.0,0.0,0.0,1.0,0.0,1.0,0.0,1.0,0.0,0.0,0.0,0.0,0.0,1.0,1.0,0.0,0.0,0.0,0.0,0.0,0.0,0.0,6.0,0.0,6.0,0.0,0.0,0.0,0.0,1.0,0.0,1.0,1.0,1.0,0.0,0.0,0.0,0.0,0.0,1.0,1.0,0.0,0.0,1.0,88888.0,0.0,0.0,1.0,102.0,0.0,0.0,1.0,1.0,1.0,1.0,0.0,1.0,1.0,2.0,1.0,1.0,1.0,0.0,0.0,1.0,0.0,0.0,0.0,0.0,1.0,1.0,1.0,0.0,1.0,0.0,0.0,0.0,0.0,0.0,1.0,0.0,1.0,1.0,0.0,1.0,0.0,1.0,0.0,0.0,0.0,0.0,0.0,0.0,0.0,0.0,0.0,0.0,,,,,1.0,0.0,1.0,0.0,0.0,0.0,0.0,1.0,0.0,0.0,0.0,0.0,0.0,0.0,0.0,1.0,0.0,0.0,9.0,9.0,9.0,9.0,9.0,9.0,0.0,0.0,0.0,0.0,0.0,1.0,1.0,0.0,0.0,1.0,0.0,0.0,1.0,0.0,0.0,0.0,0.0,0.0,0.0,0.0,0.0,0.0,0.0,0.0,0.0,0.0,0.0,0.0,0.0,0.0,0.0,0.0,0.0,0.0,0.0,1.0,1.0
2025,Sul,4,Santa Catarina,SC,42,Palhoça,4211900,Florianópolis,4201,Florianópolis,420001,Grande Florianópolis,5,Florianópolis,16,Palhoça,421190005,,,CENTRO DE ED PROFISSIONAL SENAC PALHOCA,42149223,4,1.0,1,0.0,JOAO PEREIRA DOS SANTOS,303,,PONTE DO IMARUIM,88130475,48.0,33419128.0,-2.763.594.236,-4.865.357.685,1,10000.0,10FEB2025:00:00:00,15DEC2025:00:00:00,,,,,0.0,,,,,,,,,,,,,,,,,,,,0.0,0.0,0.0,0.0,0.0,1.0,0.0,"3,60374E+12","3,60374E+12",1.0,2.0,,,1.0,1.0,0.0,0.0,0.0,0.0,,0.0,0.0,0.0,1.0,1.0,0.0,0.0,0.0,0.0,0.0,1.0,0.0,0.0,0.0,1.0,0.0,0.0,0.0,0.0,1.0,0.0,0.0,0.0,0.0,1.0,0.0,0.0,0.0,1.0,0.0,0.0,1.0,1.0,0.0,1.0,0.0,0.0,1.0,1.0,1.0,0.0,0.0,0.0,0.0,1.0,0.0,0.0,1.0,0.0,0.0,0.0,0.0,0.0,1.0,0.0,0.0,0.0,0.0,0.0,0.0,1.0,0.0,1.0,0.0,1.0,0.0,0.0,0.0,0.0,1.0,1.0,1.0,1.0,1.0,0.0,1.0,1.0,0.0,0.0,21.0,0.0,21.0,21.0,21.0,0.0,0.0,1.0,0.0,1.0,0.0,0.0,0.0,0.0,0.0,1.0,20.0,1.0,3.0,1.0,3.0,1.0,20.0,1.0,94.0,1.0,27.0,1.0,10.0,1.0,1.0,1.0,1.0,0.0,1.0,1.0,3.0,1.0,0.0,0.0,1.0,1.0,1.0,0.0,0.0,1.0,0.0,1.0,1.0,2.0,0.0,1.0,0.0,0.0,0.0,0.0,0.0,1.0,0.0,1.0,1.0,0.0,1.0,0.0,0.0,1.0,0.0,0.0,0.0,0.0,0.0,0.0,0.0,0.0,0.0,,,,,0.0,,,,,,,1.0,1.0,0.0,0.0,0.0,0.0,0.0,0.0,1.0,1.0,0.0,9.0,9.0,9.0,9.0,9.0,9.0,0.0,0.0,1.0,1.0,1.0,1.0,1.0,0.0,0.0,0.0,1.0,0.0,1.0,0.0,0.0,0.0,0.0,0.0,0.0,1.0,0.0,0.0,0.0,0.0,0.0,0.0,0.0,0.0,0.0,0.0,0.0,0.0,0.0,0.0,0.0,1.0,0.0
2025,Sul,4,Santa Catarina,SC,42,Porto União,4213609,Joinville,4206,Mafra,420017,Norte Catarinense,2,Canoinhas,6,Porto União,421360905,,,SERVICO NACIONAL DE APRENDIZAGEM COMERCIAL - SENAC PORTO UNIAO,42119448,4,1.0,1,0.0,AVENIDA GETULIO VARGAS,890,SENAC,CENTRO,89400000,42.0,35231516.0,-2.624.156.167,-510.868,1,25.0,10FEB2025:00:00:00,15DEC2025:00:00:00,,,,,0.0,,,,,,,,,,,,,,,,,,,,0.0,0.0,0.0,0.0,0.0,1.0,0.0,"3,60374E+12","3,60374E+12",1.0,2.0,,,1.0,2.0,0.0,0.0,0.0,0.0,,0.0,0.0,0.0,1.0,1.0,0.0,0.0,0.0,0.0,0.0,1.0,0.0,0.0,0.0,1.0,0.0,0.0,0.0,0.0,1.0,0.0,0.0,0.0,0.0,1.0,0.0,0.0,0.0,0.0,0.0,0.0,1.0,1.0,0.0,1.0,0.0,0.0,1.0,1.0,1.0,0.0,0.0,0.0,0.0,1.0,1.0,0.0,0.0,0.0,0.0,0.0,0.0,0.0,0.0,0.0,0.0,0.0,0.0,0.0,0.0,1.0,0.0,1.0,0.0,1.0,0.0,0.0,0.0,0.0,1.0,1.0,1.0,1.0,0.0,0.0,1.0,1.0,0.0,0.0,13.0,0.0,13.0,13.0,13.0,0.0,0.0,1.0,0.0,1.0,1.0,1.0,0.0,0.0,0.0,0.0,0.0,1.0,3.0,0.0,0.0,1.0,88888.0,1.0,76.0,1.0,35.0,0.0,0.0,1.0,1.0,1.0,1.0,1.0,1.0,1.0,3.0,1.0,3.0,3.0,1.0,0.0,0.0,0.0,0.0,0.0,0.0,3.0,1.0,0.0,0.0,2.0,0.0,0.0,0.0,0.0,0.0,1.0,0.0,1.0,1.0,0.0,1.0,1.0,1.0,0.0,0.0,0.0,0.0,0.0,0.0,0.0,0.0,0.0,0.0,,,,,0.0,,,,,,,1.0,0.0,0.0,0.0,0.0,0.0,0.0,0.0,1.0,1.0,0.0,9.0,9.0,9.0,9.0,9.0,9.0,0.0,0.0,0.0,0.0,0.0,1.0,1.0,0.0,0.0,0.0,0.0,0.0,1.0,0.0,0.0,0.0,0.0,0.0,0.0,0.0,0.0,0.0,0.0,0.0,0.0,0.0,0.0,0.0,0.0,0.0,0.0,0.0,0.0,0.0,0.0,1.0,0.0
2025,Sul,4,Santa Catarina,SC,42,Quilombo,4214201,Chapecó,4204,Chapecó,420007,Oeste Catarinense,1,Chapecó,2,Quilombo,421420105,,,FACULDADE DE TECNOLOGIA SENAC CHAPECO,42149517,4,,1,,ALBERTO BODANESE PRIMO,1227,,,89850000,49.0,33615007.0,,,3,31.0,,,,,,,,,,,,,,,,,,,,,,,,,,,,,,,,,,,,,,,,,,,,,,,,,,,,,,,,,,,,,,,,,,,,,,,,,,,,,,,,,,,,,,,,,,,,,,,,,,,,,,,,,,,,,,,,,,,,,,,,,,,,,,,,,,,,,,,,,,,,,,,,,,,,,,,,,,,,,,,,,,,,,,,,,,,,,,,,,,,,,,,,,,,,,,,,,,,,,,,,,,,,,,,,,,,,,,,,,,,,,,,,,,,,,,,,,,,,,,,,,,,,,,,,,,,,,,,,,,,,,,,,,
2025,Sul,4,Santa Catarina,SC,42,Rio do Sul,4214805,Blumenau,4207,Rio do Sul,420022,Vale do Itajaí,4,Rio do Sul,11,Rio do Sul,421480505,,,SENAC,42126649,4,1.0,1,0.0,VISCONDE DE CAIRU,60,,SANTANA,89160256,47.0,35212266.0,-272.134.377,-49.631.663,1,12.0,13JAN2025:00:00:00,12DEC2025:00:00:00,,,,,0.0,,,,,,,,,,,,,,,,,,,,0.0,0.0,0.0,0.0,0.0,1.0,0.0,"3,60374E+12","3,60374E+12",1.0,2.0,,,1.0,1.0,0.0,0.0,0.0,0.0,,0.0,0.0,0.0,1.0,1.0,0.0,0.0,0.0,0.0,0.0,1.0,0.0,0.0,0.0,1.0,0.0,0.0,0.0,0.0,1.0,0.0,0.0,0.0,0.0,0.0,0.0,0.0,1.0,0.0,0.0,0.0,0.0,1.0,0.0,1.0,0.0,1.0,1.0,1.0,1.0,0.0,0.0,0.0,1.0,1.0,0.0,0.0,0.0,0.0,0.0,0.0,0.0,0.0,0.0,0.0,0.0,0.0,0.0,0.0,0.0,1.0,0.0,1.0,0.0,1.0,0.0,0.0,0.0,0.0,1.0,0.0,0.0,0.0,1.0,0.0,0.0,0.0,0.0,0.0,16.0,1.0,17.0,15.0,15.0,0.0,0.0,1.0,1.0,1.0,0.0,1.0,0.0,0.0,0.0,1.0,1.0,1.0,2.0,1.0,1.0,1.0,16.0,1.0,42.0,1.0,50.0,0.0,0.0,1.0,1.0,1.0,1.0,1.0,1.0,1.0,3.0,1.0,5.0,2.0,1.0,0.0,0.0,0.0,0.0,1.0,0.0,8.0,1.0,0.0,1.0,1.0,0.0,0.0,0.0,0.0,0.0,1.0,0.0,0.0,1.0,0.0,1.0,0.0,1.0,1.0,0.0,0.0,0.0,0.0,0.0,0.0,0.0,0.0,0.0,,,,,0.0,,,,,,,1.0,1.0,1.0,0.0,0.0,0.0,0.0,0.0,1.0,1.0,0.0,9.0,9.0,9.0,9.0,9.0,9.0,0.0,0.0,0.0,0.0,0.0,1.0,1.0,0.0,0.0,0.0,0.0,0.0,1.0,0.0,0.0,0.0,0.0,0.0,0.0,0.0,0.0,0.0,0.0,0.0,0.0,0.0,0.0,0.0,0.0,0.0,0.0,0.0,0.0,0.0,0.0,1.0,0.0
2025,Sul,4,Santa Catarina,SC,42,Rio Negrinho,4215000,Joinville,4206,São Bento do Sul - Rio Negrinho,420018,Norte Catarinense,2,São Bento do Sul,7,Rio Negrinho,421500005,,,SENAC DE RIO NEGRINHO,42149479,4,,1,,CARLOS RUECKL,,NAO SE APLICA,CENTRO,89295001,47.0,36340602.0,,,3,24.0,,,,,,,,,,,,,,,,,,,,,,,,,,,,,,,,,,,,,,,,,,,,,,,,,,,,,,,,,,,,,,,,,,,,,,,,,,,,,,,,,,,,,,,,,,,,,,,,,,,,,,,,,,,,,,,,,,,,,,,,,,,,,,,,,,,,,,,,,,,,,,,,,,,,,,,,,,,,,,,,,,,,,,,,,,,,,,,,,,,,,,,,,,,,,,,,,,,,,,,,,,,,,,,,,,,,,,,,,,,,,,,,,,,,,,,,,,,,,,,,,,,,,,,,,,,,,,,,,,,,,,,,,
2025,Sul,4,Santa Catarina,SC,42,São Bento do Sul,4215802,Joinville,4206,São Bento do Sul - Rio Negrinho,420018,Norte Catarinense,2,São Bento do Sul,7,São Bento do Sul,421580205,,,SENAC DE SAO BENTO DO SUL,42330459,4,1.0,1,0.0,AUGUSTO KLIMMEK,277,EDIFICIO SAO JOSE,CENTRO,89280349,47.0,36340602.0,-262.524.561,-493.813.899,1,24.0,01JAN2025:00:00:00,31DEC2025:00:00:00,,,,,0.0,,,,,,,,,,,,,,,,,,,,1.0,0.0,0.0,0.0,0.0,1.0,1.0,"3,60374E+12","3,60374E+12",1.0,2.0,,,1.0,2.0,0.0,0.0,0.0,0.0,,0.0,0.0,0.0,1.0,1.0,0.0,0.0,0.0,0.0,0.0,1.0,0.0,0.0,0.0,1.0,0.0,0.0,0.0,0.0,1.0,0.0,0.0,0.0,0.0,1.0,0.0,1.0,0.0,1.0,0.0,0.0,0.0,1.0,0.0,1.0,1.0,0.0,1.0,1.0,1.0,0.0,0.0,0.0,0.0,1.0,1.0,0.0,0.0,0.0,0.0,0.0,0.0,0.0,0.0,0.0,0.0,0.0,0.0,0.0,0.0,1.0,0.0,0.0,0.0,1.0,0.0,0.0,0.0,0.0,0.0,1.0,0.0,0.0,0.0,0.0,0.0,0.0,0.0,0.0,7.0,0.0,7.0,7.0,7.0,0.0,0.0,1.0,0.0,1.0,1.0,1.0,0.0,0.0,0.0,0.0,0.0,0.0,0.0,0.0,0.0,1.0,88888.0,1.0,30.0,1.0,150.0,0.0,0.0,1.0,1.0,1.0,1.0,1.0,1.0,1.0,3.0,1.0,0.0,1.0,0.0,0.0,0.0,0.0,0.0,0.0,0.0,1.0,1.0,0.0,0.0,1.0,0.0,0.0,0.0,0.0,0.0,1.0,0.0,0.0,1.0,0.0,0.0,0.0,0.0,0.0,0.0,0.0,0.0,0.0,0.0,0.0,0.0,0.0,0.0,,,,,1.0,0.0,1.0,0.0,0.0,0.0,0.0,1.0,0.0,0.0,0.0,0.0,0.0,0.0,1.0,0.0,0.0,0.0,9.0,9.0,9.0,9.0,9.0,9.0,0.0,0.0,0.0,0.0,0.0,1.0,1.0,0.0,0.0,0.0,0.0,0.0,1.0,0.0,0.0,0.0,0.0,0.0,0.0,0.0,0.0,0.0,0.0,0.0,0.0,0.0,0.0,0.0,0.0,0.0,0.0,0.0,0.0,0.0,0.0,1.0,0.0
2025,Sul,4,Santa Catarina,SC,42,São Miguel do Oeste,4217204,Chapecó,4204,São Miguel do Oeste,420009,Oeste Catarinense,1,São Miguel do Oeste,1,São Miguel do Oeste,421720405,,,SENAC DE SAO MIGUEL DO OESTE,42296269,4,1.0,1,0.0,RUA SETE DE SETEMBRO,1415,,,89900000,49.0,36210055.0,-267.293.954,-535.259.326,1,1.0,10FEB2025:00:00:00,12DEC2025:00:00:00,,,,,0.0,,,,,,,,,,,,,,,,,,,,0.0,0.0,0.0,0.0,0.0,1.0,0.0,"3,60374E+12","3,60374E+12",1.0,2.0,,5133.0,1.0,1.0,0.0,0.0,0.0,0.0,,0.0,1.0,0.0,1.0,1.0,0.0,0.0,0.0,0.0,0.0,1.0,0.0,0.0,0.0,0.0,1.0,0.0,1.0,0.0,1.0,0.0,0.0,0.0,0.0,1.0,0.0,0.0,0.0,1.0,0.0,0.0,0.0,1.0,0.0,1.0,1.0,0.0,1.0,1.0,1.0,0.0,0.0,0.0,0.0,1.0,1.0,0.0,1.0,0.0,0.0,0.0,0.0,0.0,0.0,0.0,0.0,0.0,0.0,0.0,0.0,1.0,1.0,1.0,0.0,1.0,0.0,0.0,0.0,0.0,1.0,0.0,0.0,1.0,1.0,0.0,1.0,0.0,0.0,0.0,10.0,0.0,10.0,10.0,10.0,0.0,0.0,1.0,0.0,1.0,1.0,1.0,0.0,0.0,0.0,1.0,10.0,0.0,0.0,0.0,0.0,1.0,10.0,1.0,61.0,1.0,17.0,0.0,0.0,1.0,1.0,1.0,1.0,1.0,1.0,1.0,3.0,1.0,0.0,2.0,0.0,0.0,0.0,0.0,0.0,0.0,0.0,1.0,1.0,2.0,0.0,0.0,0.0,0.0,0.0,0.0,0.0,1.0,0.0,0.0,1.0,0.0,0.0,0.0,0.0,0.0,0.0,0.0,0.0,0.0,0.0,0.0,0.0,0.0,0.0,,,,,0.0,,,,,,,1.0,0.0,1.0,0.0,0.0,0.0,0.0,0.0,1.0,0.0,0.0,9.0,9.0,9.0,9.0,9.0,9.0,0.0,0.0,0.0,0.0,0.0,1.0,1.0,0.0,0.0,0.0,0.0,0.0,1.0,0.0,0.0,0.0,0.0,0.0,0.0,0.0,0.0,0.0,0.0,0.0,0.0,0.0,0.0,0.0,0.0,0.0,0.0,0.0,0.0,0.0,0.0,1.0,0.0
2025,Sul,4,Santa Catarina,SC,42,Tubarão,4218707,Criciúma,4202,Tubarão,420003,Sul Catarinense,6,Tubarão,18,Tubarão,421870705,,,FACULDADE DE TECNOLOGIA SENAC TUBARAO,42299268,4,1.0,1,0.0,AMARILDO JOSE DA ROSA,1600,,REVOREDO,88704650,48.0,36325414.0,-28.468.428,-489.989.712,1,19.0,10FEB2025:00:00:00,10DEC2025:00:00:00,,,,,0.0,,,,,,,,,,,,,,,,,,,,0.0,0.0,0.0,0.0,0.0,1.0,0.0,"3,60374E+12","3,60374E+12",1.0,2.0,,,1.0,2.0,0.0,0.0,0.0,0.0,,0.0,0.0,0.0,1.0,1.0,0.0,0.0,0.0,0.0,0.0,1.0,0.0,0.0,0.0,1.0,0.0,0.0,0.0,0.0,1.0,0.0,0.0,0.0,0.0,1.0,0.0,0.0,0.0,1.0,0.0,0.0,1.0,1.0,0.0,1.0,0.0,0.0,1.0,1.0,1.0,1.0,0.0,0.0,0.0,1.0,0.0,0.0,0.0,0.0,0.0,0.0,0.0,0.0,0.0,0.0,0.0,0.0,0.0,0.0,0.0,1.0,1.0,1.0,0.0,1.0,0.0,0.0,0.0,0.0,0.0,1.0,1.0,1.0,0.0,0.0,1.0,0.0,0.0,0.0,18.0,0.0,18.0,18.0,18.0,0.0,0.0,1.0,0.0,1.0,0.0,1.0,0.0,1.0,1.0,1.0,18.0,1.0,4.0,0.0,0.0,1.0,18.0,1.0,100.0,1.0,85.0,0.0,0.0,1.0,1.0,1.0,1.0,0.0,1.0,1.0,2.0,1.0,1.0,4.0,1.0,0.0,0.0,0.0,0.0,0.0,0.0,2.0,1.0,2.0,0.0,0.0,0.0,0.0,0.0,0.0,0.0,1.0,0.0,0.0,0.0,0.0,0.0,0.0,1.0,0.0,0.0,0.0,0.0,0.0,0.0,0.0,0.0,0.0,0.0,,,,,0.0,,,,,,,1.0,1.0,1.0,0.0,0.0,0.0,0.0,1.0,0.0,1.0,0.0,9.0,9.0,9.0,9.0,9.0,9.0,0.0,0.0,0.0,0.0,0.0,1.0,1.0,0.0,0.0,0.0,0.0,0.0,1.0,0.0,0.0,0.0,0.0,0.0,0.0,0.0,0.0,0.0,0.0,0.0,0.0,0.0,0.0,0.0,0.0,0.0,0.0,0.0,0.0,0.0,0.0,1.0,0.0
2025,Sul,4,Santa Catarina,SC,42,Xanxerê,4219507,Chapecó,4204,Xanxerê,420011,Oeste Catarinense,1,Xanxerê,3,Xanxerê,421950705,,,SERVICO NACIONAL DE APRENDIZAGEM COMERCIAL SENAC,42270294,4,1.0,1,0.0,R. IRINEU BORNHAUSEM,110,EDIFICIO VITORIA,,89820000,49.0,984125482.0,-26.871.561,-524.083.257,1,5.0,02JAN2025:00:00:00,30DEC2025:00:00:00,,,,,0.0,,,,,,,,,,,,,,,,,,,,0.0,0.0,0.0,0.0,0.0,1.0,0.0,"3,60374E+12","3,60374E+12",1.0,2.0,,,1.0,2.0,0.0,0.0,0.0,0.0,,0.0,1.0,0.0,1.0,0.0,1.0,0.0,0.0,0.0,0.0,1.0,0.0,0.0,0.0,1.0,0.0,0.0,0.0,0.0,1.0,0.0,0.0,0.0,0.0,1.0,0.0,0.0,0.0,1.0,0.0,0.0,0.0,1.0,0.0,1.0,1.0,0.0,1.0,1.0,1.0,0.0,0.0,0.0,0.0,0.0,0.0,0.0,0.0,0.0,0.0,0.0,0.0,0.0,0.0,0.0,0.0,0.0,0.0,0.0,0.0,1.0,0.0,1.0,0.0,1.0,0.0,0.0,0.0,0.0,1.0,1.0,0.0,1.0,1.0,1.0,1.0,1.0,0.0,1.0,8.0,1.0,9.0,9.0,9.0,0.0,0.0,1.0,1.0,1.0,1.0,1.0,0.0,0.0,0.0,1.0,88888.0,0.0,0.0,0.0,0.0,1.0,88888.0,1.0,24.0,1.0,146.0,0.0,0.0,1.0,1.0,1.0,1.0,0.0,1.0,1.0,3.0,1.0,8.0,2.0,1.0,0.0,0.0,0.0,0.0,0.0,0.0,5.0,1.0,0.0,1.0,0.0,0.0,0.0,0.0,0.0,0.0,1.0,0.0,1.0,1.0,0.0,1.0,0.0,1.0,0.0,0.0,0.0,0.0,0.0,0.0,0.0,0.0,0.0,0.0,,,,,0.0,,,,,,,1.0,0.0,0.0,0.0,0.0,1.0,0.0,0.0,0.0,1.0,0.0,9.0,9.0,9.0,9.0,9.0,9.0,0.0,0.0,0.0,0.0,0.0,1.0,1.0,0.0,0.0,0.0,0.0,0.0,1.0,0.0,0.0,0.0,0.0,0.0,0.0,0.0,0.0,0.0,0.0,0.0,0.0,0.0,0.0,0.0,0.0,0.0,0.0,0.0,0.0,0.0,0.0,1.0,0.0
2025,Sul,4,Rio Grande do Sul,RS,43,Bagé,4301602,Pelotas,4302,Bagé,430010,Sudoeste Rio-grandense,6,Campanha Meridional,31,Bagé,430160205,,,SENAC BAGE,43209386,4,1.0,1,0.0,MARECHAL FLORIANO,1456,CASA,CENTRO,96400010,53.0,32427233.0,-3.132.397,-5.410.535,1,13.0,24FEB2025:00:00:00,19DEC2025:00:00:00,,,,,0.0,,,,,,,,,,,,,,,,,,,,0.0,0.0,0.0,0.0,0.0,1.0,0.0,"3,42271E+12","3,42271E+12",1.0,2.0,,,1.0,1.0,0.0,0.0,0.0,0.0,,0.0,0.0,0.0,1.0,1.0,0.0,0.0,0.0,0.0,0.0,1.0,0.0,0.0,0.0,1.0,0.0,0.0,0.0,0.0,1.0,0.0,0.0,0.0,0.0,1.0,0.0,0.0,0.0,1.0,0.0,0.0,1.0,1.0,0.0,1.0,0.0,0.0,1.0,1.0,1.0,0.0,0.0,0.0,0.0,1.0,1.0,1.0,1.0,0.0,0.0,0.0,0.0,0.0,0.0,0.0,0.0,0.0,0.0,0.0,0.0,1.0,0.0,1.0,0.0,1.0,0.0,0.0,0.0,0.0,1.0,1.0,1.0,1.0,1.0,0.0,0.0,0.0,0.0,0.0,13.0,0.0,13.0,13.0,13.0,0.0,0.0,1.0,0.0,1.0,0.0,1.0,0.0,0.0,0.0,1.0,1.0,1.0,1.0,1.0,1.0,1.0,12.0,1.0,46.0,0.0,0.0,0.0,0.0,1.0,1.0,1.0,1.0,0.0,1.0,1.0,3.0,1.0,8.0,2.0,0.0,10.0,0.0,0.0,0.0,0.0,0.0,3.0,1.0,0.0,0.0,0.0,0.0,0.0,0.0,0.0,0.0,0.0,0.0,0.0,0.0,0.0,0.0,0.0,0.0,0.0,0.0,0.0,0.0,0.0,0.0,0.0,0.0,1.0,0.0,,,,,0.0,,,,,,,1.0,0.0,0.0,0.0,0.0,0.0,0.0,0.0,1.0,1.0,0.0,9.0,9.0,9.0,9.0,9.0,9.0,0.0,0.0,0.0,0.0,0.0,1.0,1.0,0.0,0.0,0.0,0.0,0.0,1.0,0.0,0.0,0.0,0.0,0.0,0.0,0.0,0.0,0.0,0.0,0.0,0.0,0.0,0.0,0.0,0.0,0.0,0.0,0.0,0.0,0.0,0.0,1.0,0.0
2025,Sul,4,Rio Grande do Sul,RS,43,Bento Gonçalves,4302105,Caxias do Sul,4307,Bento Gonçalves,430037,Nordeste Rio-grandense,2,Caxias do Sul,16,Bento Gonçalves,430210505,,,ESC EDUC PROFISSIONAL SENAC - BENTO GONCALVES,43209467,4,,1,,SALDANHA MARINHO,820,PREDIO COMERCIAL,CENTRO,95700082,54.0,34524200.0,-291.675,-5.151.187,2,16.0,,,,,,,,,,,,,,,,,,,,,,,,,,,,,,,,,,,,,,,,,,,,,,,,,,,,,,,,,,,,,,,,,,,,,,,,,,,,,,,,,,,,,,,,,,,,,,,,,,,,,,,,,,,,,,,,,,,,,,,,,,,,,,,,,,,,,,,,,,,,,,,,,,,,,,,,,,,,,,,,,,,,,,,,,,,,,,,,,,,,,,,,,,,,,,,,,,,,,,,,,,,,,,,,,,,,,,,,,,,,,,,,,,,,,,,,,,,,,,,,,,,,,,,,,,,,,,,,,,,,,,,,,
2025,Sul,4,Rio Grande do Sul,RS,43,Cachoeira do Sul,4303004,Santa Maria,4303,Cachoeira do Sul,430013,Centro Oriental Rio-grandense,4,Cachoeira do Sul,22,Cachoeira do Sul,430300405,,,ESC EDUC PROF SENAC CACHOEIRA DO SUL,43009255,4,1.0,1,0.0,JULIO DE CASTILHOS,835,COMERCIAL,CENTRO,96501000,51.0,37223187.0,-3.003.427,-5.290.682,1,24.0,05JAN2025:00:00:00,20DEC2025:00:00:00,,,,,0.0,,,,,,,,,,,,,,,,,,,,0.0,0.0,0.0,0.0,0.0,1.0,0.0,"3,42271E+12","3,42271E+12",1.0,2.0,,,1.0,2.0,0.0,0.0,0.0,0.0,,0.0,0.0,0.0,1.0,1.0,0.0,0.0,0.0,0.0,0.0,1.0,0.0,0.0,0.0,1.0,0.0,0.0,0.0,0.0,1.0,0.0,0.0,0.0,0.0,1.0,0.0,0.0,0.0,1.0,0.0,0.0,1.0,1.0,0.0,1.0,0.0,0.0,1.0,1.0,1.0,0.0,0.0,0.0,0.0,1.0,0.0,0.0,0.0,0.0,0.0,0.0,0.0,0.0,0.0,0.0,0.0,0.0,0.0,0.0,0.0,1.0,0.0,1.0,0.0,1.0,0.0,0.0,0.0,0.0,1.0,1.0,0.0,1.0,0.0,0.0,0.0,0.0,0.0,0.0,13.0,0.0,13.0,13.0,13.0,0.0,0.0,1.0,1.0,1.0,0.0,1.0,0.0,0.0,0.0,1.0,1.0,1.0,5.0,0.0,0.0,1.0,9.0,1.0,79.0,1.0,20.0,0.0,0.0,1.0,1.0,1.0,1.0,1.0,1.0,1.0,3.0,1.0,6.0,3.0,0.0,0.0,0.0,0.0,0.0,0.0,0.0,2.0,1.0,0.0,0.0,0.0,0.0,0.0,0.0,0.0,0.0,0.0,0.0,0.0,1.0,0.0,0.0,0.0,1.0,0.0,0.0,0.0,0.0,0.0,0.0,0.0,1.0,0.0,0.0,,,,,0.0,,,,,,,1.0,1.0,1.0,0.0,0.0,0.0,0.0,0.0,1.0,1.0,0.0,9.0,9.0,9.0,9.0,9.0,9.0,0.0,0.0,0.0,0.0,0.0,1.0,1.0,0.0,0.0,0.0,0.0,0.0,1.0,0.0,0.0,0.0,0.0,0.0,0.0,0.0,0.0,0.0,0.0,0.0,0.0,0.0,0.0,0.0,0.0,0.0,0.0,0.0,0.0,0.0,0.0,1.0,0.0
2025,Sul,4,Rio Grande do Sul,RS,43,Camaquã,4303509,Porto Alegre,4301,Camaquã,430005,Metropolitana de Porto Alegre,5,Camaquã,28,Camaquã,430350905,,,ESC EDUC PROF SENAC CAMAQUA,43008461,4,1.0,1,0.0,MARCIRIO DIAS LONGARAY,LOJA 01,PREDIO,OLARIA,96785168,51.0,36710363.0,-3.085.593,-5.181.087,1,12.0,02JAN2025:00:00:00,30DEC2025:00:00:00,,,,,0.0,,,,,,,,,,,,,,,,,,,,0.0,0.0,0.0,0.0,0.0,1.0,0.0,"3,42271E+12","3,42271E+12",1.0,2.0,,,1.0,2.0,0.0,0.0,0.0,0.0,,0.0,0.0,1.0,1.0,1.0,0.0,0.0,0.0,0.0,0.0,1.0,0.0,0.0,0.0,1.0,0.0,0.0,0.0,0.0,1.0,0.0,0.0,0.0,0.0,1.0,0.0,0.0,0.0,1.0,0.0,0.0,0.0,1.0,0.0,1.0,1.0,1.0,1.0,1.0,1.0,0.0,0.0,0.0,0.0,1.0,0.0,0.0,0.0,0.0,0.0,0.0,0.0,0.0,0.0,0.0,0.0,0.0,0.0,0.0,0.0,1.0,0.0,1.0,1.0,1.0,0.0,0.0,0.0,0.0,1.0,0.0,0.0,1.0,1.0,0.0,0.0,0.0,0.0,0.0,15.0,0.0,15.0,15.0,15.0,0.0,0.0,1.0,0.0,0.0,1.0,0.0,0.0,0.0,0.0,0.0,0.0,1.0,9.0,1.0,1.0,1.0,10.0,1.0,63.0,0.0,0.0,1.0,10.0,1.0,1.0,1.0,1.0,0.0,1.0,1.0,3.0,1.0,8.0,2.0,1.0,0.0,0.0,0.0,0.0,0.0,0.0,1.0,1.0,0.0,0.0,0.0,0.0,0.0,0.0,0.0,0.0,1.0,0.0,0.0,1.0,0.0,1.0,0.0,0.0,0.0,0.0,0.0,0.0,0.0,0.0,0.0,0.0,0.0,0.0,,,,,0.0,,,,,,,1.0,0.0,0.0,0.0,0.0,0.0,0.0,0.0,1.0,1.0,0.0,9.0,9.0,9.0,9.0,9.0,9.0,0.0,0.0,0.0,0.0,0.0,1.0,1.0,0.0,0.0,0.0,0.0,0.0,1.0,0.0,0.0,0.0,0.0,0.0,0.0,0.0,0.0,0.0,0.0,0.0,0.0,0.0,0.0,0.0,0.0,0.0,0.0,0.0,0.0,0.0,0.0,1.0,0.0
2025,Sul,4,Rio Grande do Sul,RS,43,Canoas,4304606,Porto Alegre,4301,Porto Alegre,430001,Metropolitana de Porto Alegre,5,Porto Alegre,26,Canoas,430460605,,,SENAC CANOAS,43300111,4,1.0,1,0.0,MATHIAS VELHO,255,PREDIO,CENTRO,92310300,51.0,34767222.0,-2.991.111,-5.118.497,1,27.0,20JAN2025:00:00:00,11DEC2025:00:00:00,,,,,0.0,,,,,,,,,,,,,,,,,,,,0.0,0.0,0.0,0.0,0.0,1.0,0.0,"3,42271E+12","3,42271E+12",1.0,3.0,,,1.0,1.0,0.0,0.0,0.0,0.0,,1.0,0.0,0.0,1.0,1.0,0.0,0.0,0.0,0.0,0.0,1.0,0.0,0.0,0.0,1.0,0.0,0.0,0.0,0.0,1.0,0.0,0.0,0.0,0.0,1.0,0.0,0.0,0.0,1.0,1.0,0.0,1.0,1.0,0.0,1.0,0.0,0.0,1.0,1.0,0.0,0.0,0.0,0.0,0.0,1.0,0.0,0.0,0.0,0.0,0.0,0.0,0.0,0.0,0.0,0.0,0.0,0.0,0.0,0.0,0.0,1.0,0.0,1.0,0.0,1.0,0.0,0.0,0.0,0.0,1.0,1.0,1.0,1.0,1.0,0.0,0.0,1.0,0.0,0.0,16.0,0.0,16.0,16.0,0.0,0.0,0.0,1.0,0.0,0.0,1.0,0.0,0.0,0.0,0.0,1.0,2.0,1.0,1.0,0.0,0.0,1.0,3.0,1.0,36.0,0.0,0.0,0.0,0.0,1.0,1.0,1.0,0.0,0.0,1.0,0.0,2.0,1.0,3.0,4.0,0.0,0.0,0.0,0.0,0.0,1.0,0.0,1.0,1.0,0.0,0.0,0.0,0.0,0.0,0.0,0.0,0.0,1.0,0.0,0.0,0.0,0.0,0.0,0.0,0.0,0.0,0.0,0.0,0.0,0.0,0.0,0.0,0.0,0.0,0.0,,,,,0.0,,,,,,,1.0,1.0,0.0,0.0,0.0,0.0,0.0,0.0,1.0,1.0,0.0,9.0,9.0,9.0,9.0,9.0,9.0,0.0,0.0,0.0,0.0,0.0,1.0,1.0,0.0,0.0,0.0,0.0,0.0,1.0,0.0,0.0,0.0,0.0,0.0,0.0,0.0,0.0,0.0,0.0,0.0,0.0,0.0,0.0,0.0,0.0,0.0,0.0,0.0,0.0,0.0,0.0,1.0,0.0
2025,Sul,4,Rio Grande do Sul,RS,43,Carazinho,4304705,Passo Fundo,4306,Carazinho,430028,Noroeste Rio-grandense,1,Carazinho,9,Carazinho,430470505,,,EEP SENAC CARAZINHO,43059180,4,1.0,1,0.0,AV FLORES DA CUNHA,2821,PREDIO,,99500000,54.0,33315557.0,,,1,39.0,10MAR2025:00:00:00,30DEC2025:00:00:00,,,,,0.0,,,,,,,,,,,,,,,,,,,,0.0,0.0,0.0,0.0,0.0,1.0,1.0,"3,42271E+12","3,42271E+12",1.0,2.0,,,1.0,2.0,0.0,0.0,0.0,0.0,,0.0,0.0,0.0,1.0,1.0,0.0,0.0,0.0,0.0,0.0,1.0,0.0,0.0,0.0,1.0,1.0,0.0,1.0,0.0,1.0,0.0,0.0,0.0,0.0,1.0,0.0,0.0,0.0,1.0,0.0,0.0,0.0,1.0,0.0,1.0,1.0,0.0,1.0,1.0,1.0,0.0,0.0,0.0,0.0,1.0,0.0,0.0,1.0,0.0,0.0,0.0,0.0,0.0,0.0,0.0,0.0,0.0,0.0,0.0,0.0,1.0,0.0,1.0,0.0,1.0,0.0,0.0,0.0,0.0,1.0,1.0,0.0,1.0,0.0,0.0,0.0,0.0,0.0,0.0,15.0,0.0,15.0,15.0,15.0,0.0,0.0,1.0,0.0,0.0,1.0,0.0,0.0,0.0,0.0,0.0,0.0,1.0,5.0,1.0,1.0,1.0,14.0,1.0,96.0,1.0,3.0,1.0,10.0,1.0,1.0,1.0,1.0,0.0,1.0,1.0,3.0,1.0,2.0,3.0,0.0,0.0,0.0,0.0,0.0,0.0,0.0,1.0,1.0,0.0,0.0,1.0,0.0,0.0,0.0,0.0,0.0,1.0,0.0,0.0,0.0,0.0,0.0,0.0,1.0,0.0,0.0,0.0,0.0,0.0,0.0,0.0,0.0,0.0,0.0,,,,,1.0,0.0,1.0,0.0,0.0,0.0,0.0,1.0,0.0,0.0,0.0,0.0,0.0,0.0,0.0,1.0,0.0,1.0,0.0,0.0,0.0,0.0,1.0,0.0,0.0,0.0,0.0,0.0,0.0,1.0,1.0,0.0,0.0,0.0,0.0,0.0,1.0,0.0,0.0,0.0,0.0,0.0,0.0,0.0,0.0,0.0,0.0,0.0,0.0,0.0,0.0,0.0,0.0,0.0,0.0,0.0,0.0,0.0,0.0,1.0,0.0
2025,Sul,4,Rio Grande do Sul,RS,43,Caxias do Sul,4305108,Caxias do Sul,4307,Caxias do Sul,430036,Nordeste Rio-grandense,2,Caxias do Sul,16,Caxias do Sul,430510805,,,SENAC CAXIAS DO SUL,43009263,4,1.0,1,0.0,JULIO DE CASTILHOS,3638,ESCOLA,CINQÜENTENÁRIO,95010262,54.0,32251666.0,-2.916.849,-5.119.946,1,4.0,06JAN2025:00:00:00,19DEC2025:00:00:00,,,,,0.0,,,,,,,,,,,,,,,,,,,,0.0,0.0,0.0,0.0,0.0,1.0,0.0,"3,42271E+12","3,42271E+12",1.0,4.0,,,1.0,1.0,0.0,0.0,0.0,0.0,,1.0,0.0,0.0,1.0,1.0,0.0,0.0,0.0,0.0,0.0,1.0,0.0,0.0,0.0,1.0,0.0,0.0,0.0,0.0,1.0,0.0,0.0,0.0,0.0,1.0,0.0,0.0,0.0,1.0,1.0,0.0,0.0,1.0,0.0,1.0,0.0,1.0,1.0,1.0,1.0,1.0,0.0,0.0,0.0,1.0,0.0,0.0,1.0,0.0,0.0,0.0,0.0,0.0,0.0,0.0,0.0,0.0,0.0,0.0,0.0,1.0,0.0,1.0,0.0,0.0,0.0,0.0,0.0,0.0,0.0,1.0,0.0,1.0,1.0,0.0,0.0,0.0,0.0,0.0,17.0,8.0,25.0,16.0,17.0,0.0,0.0,1.0,0.0,0.0,1.0,0.0,0.0,1.0,2.0,1.0,2.0,1.0,20.0,0.0,0.0,1.0,20.0,1.0,82.0,1.0,100.0,0.0,0.0,1.0,1.0,1.0,1.0,0.0,1.0,1.0,3.0,1.0,16.0,10.0,0.0,0.0,0.0,0.0,0.0,0.0,0.0,7.0,1.0,0.0,0.0,0.0,1.0,0.0,0.0,0.0,0.0,0.0,0.0,1.0,1.0,0.0,1.0,0.0,1.0,1.0,0.0,0.0,0.0,0.0,0.0,0.0,0.0,0.0,0.0,,,,,1.0,0.0,0.0,0.0,0.0,0.0,1.0,1.0,0.0,0.0,0.0,0.0,0.0,1.0,0.0,0.0,1.0,0.0,9.0,9.0,9.0,9.0,9.0,9.0,0.0,0.0,1.0,0.0,1.0,1.0,1.0,0.0,0.0,0.0,1.0,0.0,1.0,0.0,0.0,0.0,0.0,0.0,1.0,0.0,0.0,0.0,0.0,0.0,0.0,0.0,0.0,0.0,0.0,0.0,0.0,0.0,0.0,0.0,0.0,1.0,0.0
2025,Sul,4,Rio Grande do Sul,RS,43,Cruz Alta,4306106,Passo Fundo,4306,Cruz Alta,430027,Noroeste Rio-grandense,1,Cruz Alta,11,Cruz Alta,430610605,,,SERVICO NACIONAL DE APRENDIZAGEM COMERCIAL SENAC AR RS,43220100,4,1.0,1,0.0,GENERAL JOAO MANOEL,441,,CENTRO,98005170,55.0,33263379.0,,,1,9.0,13JAN2025:00:00:00,19DEC2025:00:00:00,,,,,0.0,,,,,,,,,,,,,,,,,,,,0.0,0.0,0.0,0.0,0.0,1.0,0.0,"3,42271E+12","3,42271E+12",1.0,1.0,,,1.0,2.0,0.0,0.0,0.0,0.0,,0.0,0.0,0.0,1.0,1.0,0.0,0.0,0.0,0.0,0.0,1.0,0.0,0.0,0.0,1.0,0.0,0.0,0.0,0.0,1.0,0.0,0.0,0.0,0.0,0.0,0.0,0.0,1.0,1.0,0.0,0.0,0.0,1.0,0.0,1.0,0.0,0.0,0.0,0.0,1.0,1.0,0.0,0.0,0.0,1.0,0.0,0.0,0.0,0.0,0.0,0.0,0.0,0.0,0.0,0.0,0.0,0.0,0.0,0.0,0.0,1.0,0.0,0.0,0.0,0.0,0.0,0.0,0.0,0.0,1.0,1.0,0.0,1.0,0.0,0.0,0.0,0.0,0.0,0.0,8.0,0.0,8.0,8.0,8.0,0.0,0.0,1.0,0.0,0.0,1.0,0.0,0.0,0.0,0.0,1.0,1.0,1.0,3.0,0.0,0.0,1.0,5.0,1.0,15.0,1.0,2.0,0.0,0.0,1.0,1.0,1.0,1.0,0.0,1.0,1.0,3.0,1.0,2.0,2.0,0.0,0.0,0.0,0.0,0.0,0.0,0.0,1.0,1.0,0.0,0.0,1.0,0.0,0.0,0.0,0.0,0.0,0.0,0.0,0.0,0.0,0.0,1.0,0.0,0.0,0.0,0.0,0.0,0.0,0.0,0.0,0.0,0.0,0.0,0.0,,,,,0.0,,,,,,,1.0,0.0,0.0,0.0,0.0,0.0,0.0,0.0,1.0,0.0,0.0,9.0,9.0,9.0,9.0,9.0,9.0,0.0,0.0,0.0,0.0,0.0,1.0,1.0,0.0,0.0,0.0,0.0,0.0,1.0,0.0,0.0,0.0,0.0,0.0,0.0,0.0,0.0,0.0,0.0,0.0,0.0,0.0,0.0,0.0,0.0,0.0,0.0,0.0,0.0,0.0,0.0,1.0,0.0
2025,Sul,4,Rio Grande do Sul,RS,43,Erechim,4307005,Passo Fundo,4306,Erechim,430026,Noroeste Rio-grandense,1,Erechim,4,Erechim,430700505,,,SENAC - SERV NAC APREND COMERCIAL - ERECHIM,43209360,4,1.0,1,0.0,DA BANDEIRA,26,,CENTRO,99700010,54.0,35222999.0,-276.358,-5.227.383,1,15.0,13JAN2025:00:00:00,20DEC2025:00:00:00,,,,,0.0,,,,,,,,,,,,,,,,,,,,0.0,0.0,0.0,0.0,0.0,1.0,0.0,"3,42271E+12","3,42271E+12",1.0,2.0,,,1.0,2.0,0.0,0.0,0.0,0.0,,0.0,0.0,0.0,1.0,1.0,0.0,0.0,0.0,0.0,0.0,1.0,0.0,0.0,0.0,1.0,0.0,0.0,0.0,0.0,1.0,0.0,0.0,0.0,0.0,1.0,1.0,0.0,0.0,0.0,0.0,0.0,0.0,1.0,0.0,1.0,1.0,0.0,1.0,1.0,1.0,0.0,0.0,0.0,0.0,1.0,0.0,0.0,0.0,0.0,0.0,0.0,0.0,0.0,0.0,0.0,0.0,0.0,0.0,0.0,0.0,1.0,0.0,1.0,0.0,1.0,0.0,0.0,0.0,0.0,0.0,1.0,0.0,0.0,1.0,0.0,0.0,0.0,0.0,0.0,21.0,0.0,21.0,21.0,0.0,0.0,0.0,1.0,0.0,0.0,1.0,0.0,0.0,0.0,0.0,1.0,4.0,1.0,15.0,0.0,0.0,1.0,13.0,1.0,97.0,1.0,1.0,1.0,1.0,1.0,1.0,1.0,1.0,0.0,1.0,0.0,0.0,1.0,10.0,2.0,0.0,88888.0,0.0,0.0,0.0,2.0,0.0,88888.0,1.0,1.0,1.0,1.0,0.0,0.0,0.0,0.0,0.0,0.0,0.0,0.0,1.0,0.0,1.0,0.0,0.0,0.0,0.0,0.0,0.0,0.0,0.0,0.0,0.0,0.0,0.0,,,,,1.0,0.0,1.0,0.0,0.0,0.0,0.0,1.0,1.0,1.0,0.0,0.0,0.0,0.0,0.0,1.0,0.0,0.0,9.0,9.0,9.0,9.0,9.0,9.0,0.0,0.0,0.0,0.0,0.0,1.0,1.0,0.0,0.0,0.0,0.0,0.0,1.0,0.0,0.0,0.0,0.0,0.0,0.0,0.0,0.0,0.0,0.0,0.0,0.0,0.0,0.0,0.0,0.0,0.0,0.0,0.0,0.0,0.0,0.0,1.0,0.0
2025,Sul,4,Rio Grande do Sul,RS,43,Farroupilha,4307906,Caxias do Sul,4307,Caxias do Sul,430036,Nordeste Rio-grandense,2,Caxias do Sul,16,Farroupilha,430790605,,,EEP SENAC FARROUPILHA,43012027,4,1.0,1,0.0,DA REPUBLICA,617,,CENTRO,95170484,54.0,20181199.0,-2.922.809,-5.134.537,1,4.0,02JAN2025:00:00:00,31DEC2025:00:00:00,,,,,0.0,,,,,,,,,,,,,,,,,,,,0.0,0.0,0.0,0.0,0.0,1.0,0.0,"3,42271E+12","3,42271E+12",1.0,2.0,,,1.0,2.0,0.0,0.0,0.0,0.0,,0.0,0.0,0.0,1.0,1.0,0.0,0.0,0.0,0.0,0.0,1.0,0.0,0.0,0.0,1.0,0.0,0.0,0.0,0.0,1.0,0.0,0.0,0.0,0.0,1.0,0.0,0.0,0.0,0.0,0.0,0.0,0.0,1.0,0.0,1.0,0.0,0.0,1.0,1.0,1.0,0.0,0.0,0.0,0.0,1.0,0.0,0.0,0.0,0.0,0.0,0.0,0.0,0.0,0.0,0.0,0.0,0.0,0.0,0.0,1.0,1.0,0.0,1.0,0.0,1.0,0.0,0.0,0.0,0.0,1.0,1.0,1.0,1.0,1.0,0.0,0.0,0.0,0.0,0.0,10.0,0.0,10.0,10.0,10.0,0.0,0.0,1.0,0.0,0.0,1.0,1.0,0.0,0.0,0.0,0.0,0.0,1.0,7.0,0.0,0.0,1.0,10.0,1.0,24.0,0.0,0.0,1.0,10.0,1.0,1.0,1.0,1.0,0.0,1.0,1.0,2.0,1.0,88888.0,2.0,1.0,0.0,0.0,0.0,0.0,0.0,0.0,88888.0,1.0,0.0,0.0,0.0,0.0,0.0,0.0,0.0,0.0,0.0,0.0,0.0,1.0,0.0,1.0,0.0,1.0,0.0,0.0,0.0,0.0,0.0,0.0,0.0,0.0,0.0,0.0,,,,,0.0,,,,,,,1.0,0.0,0.0,0.0,0.0,0.0,0.0,0.0,1.0,0.0,1.0,0.0,0.0,0.0,0.0,1.0,0.0,0.0,0.0,0.0,0.0,0.0,1.0,1.0,0.0,0.0,0.0,0.0,0.0,1.0,0.0,0.0,0.0,0.0,0.0,0.0,0.0,0.0,0.0,0.0,0.0,0.0,0.0,0.0,0.0,0.0,0.0,0.0,0.0,0.0,0.0,0.0,1.0,0.0
2025,Sul,4,Rio Grande do Sul,RS,43,Gramado,4309100,Caxias do Sul,4307,Caxias do Sul,430036,Metropolitana de Porto Alegre,5,Gramado-Canela,24,Gramado,430910005,,,ESC EDUC PROF SENAC GRAMADO,43008313,4,1.0,1,0.0,SAO PEDRO,663,,CENTRO,95670070,54.0,32864445.0,,,1,4.0,13MAY2025:00:00:00,27MAY2026:00:00:00,,,,,0.0,,,,,,,,,,,,,,,,,,,,0.0,0.0,0.0,0.0,0.0,1.0,0.0,"3,42271E+12","3,42271E+12",1.0,2.0,,,1.0,2.0,0.0,0.0,0.0,0.0,,0.0,0.0,0.0,1.0,1.0,0.0,0.0,0.0,0.0,0.0,1.0,0.0,0.0,0.0,1.0,0.0,0.0,0.0,0.0,1.0,0.0,0.0,0.0,0.0,1.0,0.0,0.0,0.0,1.0,0.0,0.0,0.0,1.0,0.0,1.0,0.0,0.0,1.0,1.0,1.0,1.0,0.0,0.0,0.0,1.0,0.0,0.0,0.0,0.0,0.0,0.0,0.0,0.0,0.0,0.0,0.0,0.0,0.0,0.0,0.0,1.0,0.0,1.0,0.0,0.0,0.0,0.0,0.0,0.0,1.0,1.0,0.0,0.0,0.0,0.0,0.0,0.0,0.0,0.0,7.0,0.0,7.0,7.0,0.0,0.0,0.0,1.0,0.0,0.0,1.0,1.0,0.0,0.0,0.0,0.0,0.0,1.0,3.0,0.0,0.0,1.0,4.0,1.0,2.0,0.0,0.0,0.0,0.0,1.0,1.0,1.0,1.0,0.0,1.0,0.0,3.0,1.0,3.0,2.0,0.0,0.0,0.0,0.0,0.0,0.0,0.0,1.0,1.0,1.0,0.0,1.0,0.0,0.0,0.0,0.0,0.0,0.0,0.0,0.0,0.0,0.0,1.0,0.0,0.0,0.0,0.0,0.0,0.0,0.0,0.0,0.0,0.0,0.0,0.0,,,,,0.0,,,,,,,1.0,0.0,0.0,0.0,0.0,0.0,0.0,0.0,1.0,1.0,0.0,9.0,9.0,9.0,9.0,9.0,9.0,0.0,0.0,0.0,0.0,0.0,1.0,1.0,0.0,0.0,0.0,0.0,0.0,1.0,0.0,0.0,0.0,0.0,0.0,0.0,0.0,0.0,0.0,0.0,0.0,0.0,0.0,0.0,0.0,0.0,0.0,0.0,0.0,0.0,0.0,0.0,1.0,0.0
2025,Sul,4,Rio Grande do Sul,RS,43,Gravataí,4309209,Porto Alegre,4301,Porto Alegre,430001,Metropolitana de Porto Alegre,5,Porto Alegre,26,Gravataí,430920905,,,SENAC GRAVATAI,43209378,4,1.0,1,0.0,DORIVAL CANDIDO LUZ DE OLIVEIRA,480,PREDIO,COHAB C,94030000,51.0,38223200.0,-2.993.879,-5.099.923,1,28.0,03FEB2025:00:00:00,19DEC2025:00:00:00,,,,,0.0,,,,,,,,,,,,,,,,,,,,0.0,0.0,0.0,0.0,0.0,1.0,0.0,"3,42271E+12","3,42271E+12",1.0,3.0,,,1.0,1.0,0.0,0.0,0.0,0.0,,0.0,0.0,0.0,1.0,1.0,0.0,0.0,0.0,0.0,0.0,1.0,0.0,0.0,0.0,1.0,0.0,0.0,0.0,0.0,1.0,0.0,0.0,0.0,0.0,1.0,0.0,0.0,0.0,1.0,0.0,0.0,0.0,1.0,0.0,1.0,1.0,0.0,1.0,1.0,0.0,0.0,0.0,0.0,0.0,1.0,0.0,1.0,1.0,0.0,0.0,0.0,0.0,0.0,0.0,0.0,0.0,0.0,0.0,0.0,0.0,1.0,0.0,1.0,0.0,1.0,0.0,0.0,0.0,0.0,1.0,1.0,1.0,1.0,1.0,1.0,1.0,1.0,0.0,0.0,27.0,0.0,27.0,27.0,27.0,0.0,0.0,1.0,1.0,1.0,1.0,1.0,0.0,0.0,0.0,1.0,1.0,1.0,19.0,0.0,0.0,1.0,3.0,1.0,72.0,1.0,10.0,0.0,0.0,1.0,1.0,1.0,1.0,0.0,1.0,1.0,3.0,1.0,3.0,4.0,1.0,5.0,0.0,0.0,0.0,1.0,0.0,6.0,1.0,1.0,0.0,1.0,1.0,0.0,0.0,0.0,0.0,1.0,0.0,0.0,1.0,0.0,0.0,0.0,1.0,0.0,0.0,0.0,0.0,0.0,0.0,0.0,0.0,0.0,0.0,,,,,0.0,,,,,,,1.0,0.0,0.0,0.0,0.0,0.0,0.0,0.0,1.0,1.0,1.0,0.0,0.0,0.0,0.0,1.0,0.0,0.0,0.0,0.0,0.0,0.0,1.0,1.0,0.0,0.0,0.0,0.0,0.0,1.0,0.0,0.0,0.0,0.0,0.0,0.0,0.0,0.0,0.0,0.0,0.0,0.0,0.0,0.0,0.0,0.0,0.0,0.0,0.0,0.0,0.0,0.0,1.0,0.0
2025,Sul,4,Rio Grande do Sul,RS,43,Ijuí,4310207,Ijuí,4305,Ijuí,430018,Noroeste Rio-grandense,1,Ijuí,8,Ijuí,431020705,,,SERVICO NACIONAL DE APRENDIZAGEM COMERCIAL - SENAC IJUI,43207243,4,1.0,1,0.0,RUA 13 DE MAIO,136,SALA,CENTRO,98700000,55.0,991664738.0,,,1,36.0,13JAN2025:00:00:00,19DEC2025:00:00:00,,,,,0.0,,,,,,,,,,,,,,,,,,,,0.0,0.0,0.0,0.0,0.0,1.0,0.0,"3,42271E+12","3,42271E+12",1.0,1.0,,,1.0,2.0,0.0,0.0,0.0,0.0,,0.0,0.0,0.0,1.0,1.0,0.0,0.0,0.0,0.0,0.0,1.0,0.0,0.0,0.0,1.0,0.0,0.0,0.0,0.0,1.0,0.0,0.0,0.0,0.0,0.0,0.0,0.0,1.0,1.0,0.0,0.0,0.0,1.0,0.0,1.0,0.0,0.0,1.0,1.0,1.0,1.0,0.0,0.0,0.0,1.0,1.0,0.0,0.0,0.0,0.0,0.0,0.0,0.0,0.0,0.0,0.0,0.0,0.0,0.0,1.0,1.0,0.0,1.0,1.0,1.0,0.0,0.0,0.0,0.0,1.0,0.0,0.0,1.0,1.0,0.0,0.0,1.0,0.0,0.0,13.0,0.0,13.0,13.0,13.0,0.0,0.0,1.0,0.0,0.0,1.0,0.0,0.0,1.0,13.0,1.0,3.0,1.0,1.0,1.0,13.0,0.0,0.0,1.0,48.0,1.0,25.0,1.0,10.0,1.0,1.0,1.0,1.0,0.0,1.0,1.0,3.0,1.0,6.0,3.0,0.0,0.0,0.0,0.0,0.0,0.0,0.0,4.0,1.0,0.0,0.0,4.0,0.0,0.0,0.0,0.0,0.0,1.0,1.0,1.0,1.0,0.0,1.0,1.0,1.0,1.0,0.0,1.0,0.0,0.0,0.0,0.0,0.0,0.0,0.0,,,,,0.0,,,,,,,1.0,0.0,0.0,0.0,0.0,0.0,0.0,0.0,1.0,1.0,0.0,9.0,9.0,9.0,9.0,9.0,9.0,0.0,0.0,0.0,0.0,0.0,1.0,1.0,0.0,0.0,0.0,0.0,0.0,1.0,0.0,0.0,0.0,0.0,0.0,0.0,0.0,0.0,0.0,0.0,0.0,0.0,0.0,0.0,0.0,0.0,0.0,0.0,0.0,0.0,0.0,0.0,1.0,0.0
2025,Sul,4,Rio Grande do Sul,RS,43,Lajeado,4311403,Santa Cruz do Sul - Lajeado,4308,Lajeado,430041,Centro Oriental Rio-grandense,4,Lajeado-Estrela,21,Lajeado,431140305,,,ESC EDUC PROF SENAC - LAJEADO,43209394,4,1.0,1,0.0,SENADOR ALBERTO PASQUALINI,421,TERREO,AMERICANO,95900560,51.0,37484644.0,-2.945.698,-5.196.706,1,3.0,03FEB2025:00:00:00,18DEC2025:00:00:00,,,,,0.0,,,,,,,,,,,,,,,,,,,,0.0,0.0,0.0,0.0,0.0,1.0,0.0,"3,42271E+12","3,42271E+12",1.0,2.0,,,1.0,2.0,0.0,0.0,0.0,0.0,,0.0,0.0,0.0,1.0,1.0,0.0,0.0,0.0,0.0,0.0,1.0,0.0,0.0,0.0,1.0,0.0,0.0,0.0,0.0,1.0,0.0,0.0,0.0,0.0,1.0,0.0,0.0,0.0,1.0,0.0,0.0,1.0,1.0,0.0,1.0,0.0,0.0,1.0,1.0,0.0,0.0,0.0,0.0,0.0,1.0,0.0,0.0,0.0,0.0,0.0,0.0,0.0,0.0,0.0,0.0,0.0,0.0,0.0,0.0,0.0,1.0,1.0,1.0,1.0,1.0,0.0,0.0,0.0,0.0,1.0,1.0,0.0,1.0,0.0,0.0,0.0,0.0,0.0,0.0,14.0,0.0,14.0,14.0,14.0,0.0,0.0,1.0,1.0,1.0,1.0,1.0,0.0,1.0,1.0,1.0,2.0,1.0,7.0,1.0,1.0,1.0,14.0,1.0,32.0,1.0,10.0,1.0,10.0,1.0,1.0,1.0,1.0,1.0,1.0,1.0,3.0,1.0,1.0,2.0,0.0,0.0,0.0,0.0,0.0,0.0,0.0,1.0,1.0,0.0,0.0,0.0,0.0,0.0,0.0,0.0,0.0,0.0,0.0,1.0,1.0,0.0,1.0,0.0,1.0,0.0,0.0,0.0,0.0,0.0,0.0,0.0,0.0,0.0,0.0,,,,,0.0,,,,,,,1.0,1.0,1.0,0.0,0.0,0.0,0.0,0.0,1.0,0.0,1.0,0.0,0.0,0.0,1.0,1.0,0.0,0.0,0.0,0.0,0.0,0.0,1.0,1.0,0.0,0.0,0.0,0.0,0.0,1.0,0.0,0.0,0.0,0.0,0.0,0.0,0.0,0.0,0.0,0.0,0.0,0.0,0.0,0.0,0.0,0.0,0.0,0.0,0.0,0.0,0.0,0.0,1.0,0.0
2025,Sul,4,Rio Grande do Sul,RS,43,Montenegro,4312401,Porto Alegre,4301,Montenegro,430007,Metropolitana de Porto Alegre,5,Montenegro,23,Montenegro,431240105,,,EEP SENAC MONTENEGRO,43077218,4,1.0,1,0.0,CAPITAO PORFIRIO,2225,SENAC MONTENEGRO,CENTRO,92510305,51.0,33766588.0,,,1,2.0,02JAN2025:00:00:00,31DEC2025:00:00:00,,,,,0.0,,,,,,,,,,,,,,,,,,,,0.0,0.0,0.0,0.0,0.0,1.0,1.0,"3,42271E+12","3,42271E+12",1.0,1.0,,,1.0,2.0,0.0,0.0,0.0,0.0,,1.0,1.0,0.0,1.0,1.0,0.0,0.0,0.0,0.0,0.0,1.0,0.0,0.0,0.0,1.0,0.0,0.0,0.0,0.0,1.0,0.0,0.0,0.0,0.0,1.0,0.0,0.0,0.0,0.0,0.0,0.0,1.0,1.0,0.0,1.0,0.0,0.0,1.0,1.0,0.0,0.0,0.0,0.0,0.0,1.0,0.0,0.0,0.0,0.0,0.0,0.0,0.0,0.0,0.0,0.0,0.0,0.0,0.0,0.0,0.0,1.0,0.0,1.0,0.0,1.0,0.0,0.0,0.0,0.0,1.0,1.0,0.0,1.0,1.0,0.0,0.0,0.0,0.0,0.0,13.0,7.0,20.0,20.0,20.0,0.0,0.0,1.0,0.0,0.0,1.0,1.0,0.0,0.0,0.0,1.0,1.0,1.0,18.0,0.0,0.0,1.0,5.0,1.0,52.0,1.0,3.0,1.0,12.0,1.0,1.0,1.0,1.0,1.0,1.0,1.0,3.0,1.0,88888.0,3.0,0.0,88888.0,0.0,0.0,0.0,0.0,0.0,1.0,1.0,0.0,1.0,1.0,0.0,0.0,0.0,0.0,0.0,1.0,0.0,0.0,1.0,0.0,1.0,1.0,1.0,1.0,0.0,0.0,0.0,0.0,0.0,0.0,0.0,0.0,0.0,,,,,0.0,,,,,,,1.0,1.0,1.0,0.0,0.0,0.0,0.0,0.0,1.0,1.0,0.0,9.0,9.0,9.0,9.0,9.0,9.0,0.0,0.0,0.0,0.0,0.0,1.0,1.0,0.0,0.0,0.0,0.0,0.0,1.0,0.0,0.0,0.0,0.0,0.0,0.0,0.0,0.0,0.0,0.0,0.0,0.0,0.0,0.0,0.0,0.0,0.0,0.0,0.0,0.0,0.0,0.0,1.0,0.0
2025,Sul,4,Rio Grande do Sul,RS,43,Novo Hamburgo,4313409,Porto Alegre,4301,Novo Hamburgo - São Leopoldo,430002,Metropolitana de Porto Alegre,5,Porto Alegre,26,Novo Hamburgo,431340905,,,SENAC NOVO HAMBURGO,43237606,4,1.0,1,0.0,NACOES UNIDAS,3760,,PÁTRIA NOVA,93320162,51.0,35537350.0,-2.969.296,-5.112.671,1,2.0,01JAN2025:00:00:00,30DEC2025:00:00:00,,,,,0.0,,,,,,,,,,,,,,,,,,,,0.0,0.0,0.0,0.0,0.0,1.0,0.0,"3,42271E+12","3,42271E+12",1.0,3.0,,,1.0,2.0,0.0,0.0,0.0,0.0,,0.0,0.0,0.0,1.0,1.0,0.0,0.0,0.0,0.0,0.0,1.0,0.0,1.0,0.0,1.0,0.0,0.0,0.0,0.0,1.0,0.0,0.0,0.0,0.0,1.0,0.0,0.0,0.0,1.0,0.0,0.0,0.0,1.0,0.0,1.0,1.0,0.0,1.0,1.0,1.0,1.0,0.0,0.0,0.0,1.0,1.0,0.0,1.0,0.0,0.0,0.0,0.0,0.0,0.0,0.0,0.0,0.0,0.0,0.0,1.0,1.0,0.0,1.0,0.0,1.0,0.0,0.0,0.0,0.0,1.0,1.0,1.0,0.0,1.0,1.0,0.0,1.0,0.0,1.0,17.0,0.0,17.0,17.0,17.0,0.0,0.0,1.0,1.0,1.0,1.0,1.0,0.0,0.0,0.0,1.0,2.0,1.0,11.0,1.0,2.0,1.0,14.0,1.0,60.0,1.0,12.0,0.0,0.0,1.0,1.0,1.0,1.0,0.0,1.0,1.0,3.0,1.0,11.0,4.0,0.0,0.0,0.0,0.0,0.0,0.0,0.0,1.0,1.0,0.0,0.0,1.0,1.0,0.0,0.0,0.0,0.0,1.0,0.0,0.0,1.0,0.0,0.0,0.0,1.0,0.0,0.0,0.0,0.0,0.0,0.0,0.0,0.0,0.0,0.0,,,,,0.0,,,,,,,1.0,1.0,1.0,0.0,0.0,0.0,0.0,0.0,1.0,1.0,0.0,9.0,9.0,9.0,9.0,9.0,9.0,0.0,0.0,0.0,0.0,0.0,1.0,1.0,0.0,0.0,0.0,0.0,0.0,1.0,0.0,0.0,0.0,0.0,0.0,0.0,0.0,0.0,0.0,0.0,0.0,0.0,0.0,0.0,0.0,0.0,0.0,0.0,0.0,0.0,0.0,0.0,1.0,0.0
2025,Sul,4,Rio Grande do Sul,RS,43,Passo Fundo,4314100,Passo Fundo,4306,Passo Fundo,430025,Noroeste Rio-grandense,1,Passo Fundo,10,Passo Fundo,431410005,,,ESCOLA DE EDUCACAO PROFISSIONAL SENAC PASSO FUNDO,43207391,4,1.0,1,0.0,SETE DE SETEMBRO,1045,,VILA RODRIGUES,99010122,54.0,33134599.0,-2.826.542,-5.240.432,1,7.0,06JAN2025:00:00:00,20DEC2025:00:00:00,,,,,0.0,,,,,,,,,,,,,,,,,,,,0.0,0.0,0.0,0.0,1.0,1.0,0.0,"3,42271E+12","3,42271E+12",1.0,2.0,,,1.0,1.0,0.0,0.0,0.0,0.0,,0.0,0.0,0.0,1.0,1.0,0.0,0.0,0.0,0.0,0.0,1.0,0.0,0.0,0.0,1.0,0.0,0.0,0.0,0.0,1.0,0.0,0.0,0.0,0.0,1.0,0.0,0.0,0.0,1.0,0.0,0.0,1.0,1.0,0.0,1.0,0.0,0.0,1.0,1.0,1.0,0.0,0.0,0.0,0.0,1.0,0.0,0.0,1.0,0.0,0.0,0.0,0.0,0.0,0.0,0.0,0.0,0.0,0.0,0.0,0.0,1.0,0.0,1.0,0.0,1.0,0.0,0.0,0.0,0.0,1.0,0.0,0.0,0.0,1.0,0.0,0.0,0.0,0.0,0.0,17.0,0.0,17.0,17.0,17.0,0.0,0.0,1.0,1.0,0.0,1.0,0.0,0.0,0.0,0.0,1.0,1.0,1.0,10.0,0.0,0.0,1.0,10.0,1.0,75.0,0.0,0.0,0.0,0.0,1.0,1.0,1.0,1.0,0.0,1.0,1.0,3.0,1.0,6.0,3.0,1.0,0.0,0.0,0.0,0.0,0.0,0.0,5.0,1.0,1.0,0.0,3.0,0.0,0.0,0.0,0.0,0.0,1.0,0.0,0.0,1.0,0.0,0.0,0.0,1.0,0.0,0.0,0.0,0.0,0.0,0.0,0.0,0.0,0.0,0.0,,,,,0.0,,,,,,,1.0,0.0,1.0,0.0,0.0,0.0,0.0,0.0,1.0,0.0,0.0,9.0,9.0,9.0,9.0,9.0,9.0,0.0,0.0,0.0,0.0,0.0,1.0,1.0,0.0,0.0,0.0,0.0,0.0,1.0,0.0,0.0,0.0,0.0,0.0,0.0,0.0,0.0,0.0,0.0,0.0,0.0,0.0,0.0,0.0,0.0,0.0,0.0,0.0,0.0,0.0,0.0,1.0,0.0
2025,Sul,4,Rio Grande do Sul,RS,43,Pelotas,4314407,Pelotas,4302,Pelotas,430009,Sudeste Rio-grandense,7,Pelotas,33,Pelotas,431440705,,,CENTRO UNIVERSITARIO SENAC RS - UNISENAC CAMPUS PELOTAS,43008941,4,1.0,1,0.0,GONCALVES CHAVES,602,,CENTRO,96015560,53.0,999496374.0,-3.177.042,-5.233.857,1,5.0,03FEB2025:00:00:00,19DEC2025:00:00:00,,,,,0.0,,,,,,,,,,,,,,,,,,,,0.0,0.0,0.0,0.0,0.0,1.0,0.0,"3,42271E+12","3,42271E+12",1.0,4.0,,3804.0,1.0,2.0,0.0,0.0,0.0,0.0,,0.0,0.0,0.0,1.0,1.0,0.0,0.0,0.0,0.0,0.0,1.0,0.0,0.0,0.0,1.0,0.0,0.0,0.0,0.0,1.0,0.0,0.0,0.0,0.0,0.0,0.0,0.0,1.0,1.0,0.0,0.0,0.0,1.0,0.0,1.0,0.0,0.0,1.0,1.0,1.0,1.0,0.0,0.0,0.0,1.0,0.0,0.0,0.0,0.0,0.0,0.0,0.0,0.0,1.0,0.0,0.0,0.0,0.0,0.0,0.0,1.0,1.0,1.0,0.0,1.0,0.0,0.0,0.0,0.0,1.0,1.0,1.0,0.0,1.0,0.0,0.0,0.0,0.0,1.0,23.0,0.0,23.0,23.0,0.0,0.0,0.0,1.0,1.0,1.0,1.0,1.0,0.0,0.0,0.0,1.0,5.0,1.0,18.0,1.0,11.0,1.0,17.0,1.0,88888.0,1.0,134.0,0.0,0.0,1.0,1.0,1.0,1.0,1.0,1.0,1.0,3.0,1.0,14.0,5.0,1.0,0.0,0.0,0.0,0.0,0.0,0.0,4.0,1.0,0.0,0.0,0.0,0.0,0.0,0.0,0.0,0.0,1.0,0.0,0.0,0.0,0.0,0.0,0.0,1.0,0.0,0.0,0.0,0.0,0.0,0.0,0.0,0.0,0.0,0.0,,,,,0.0,,,,,,,1.0,1.0,1.0,0.0,0.0,1.0,0.0,0.0,0.0,1.0,0.0,9.0,9.0,9.0,9.0,9.0,9.0,0.0,0.0,0.0,0.0,0.0,1.0,1.0,0.0,0.0,0.0,0.0,0.0,1.0,0.0,0.0,0.0,0.0,0.0,0.0,0.0,0.0,0.0,0.0,0.0,0.0,0.0,0.0,0.0,0.0,0.0,0.0,0.0,0.0,0.0,0.0,1.0,0.0
2025,Sul,4,Rio Grande do Sul,RS,43,Pelotas,4314407,Pelotas,4302,Pelotas,430009,Sudeste Rio-grandense,7,Pelotas,33,Pelotas,431440705,,,ESCOLA DE EDUCACAO PROFISSIONAL SENAC PELOTAS,43208266,4,1.0,1,0.0,DOM PEDRO II,901,,CENTRO,96010300,53.0,32258889.0,-317.731,-523.446,1,5.0,02JAN2025:00:00:00,30DEC2025:00:00:00,,,,,0.0,,,,,,,,,,,,,,,,,,,,0.0,0.0,0.0,0.0,0.0,1.0,0.0,"3,42271E+12","3,42271E+12",1.0,2.0,,,1.0,1.0,0.0,0.0,0.0,0.0,,1.0,0.0,0.0,1.0,1.0,0.0,0.0,0.0,0.0,0.0,1.0,0.0,0.0,0.0,1.0,0.0,0.0,0.0,0.0,1.0,0.0,0.0,0.0,0.0,1.0,0.0,1.0,0.0,1.0,0.0,0.0,1.0,1.0,0.0,1.0,0.0,0.0,1.0,1.0,1.0,1.0,0.0,0.0,0.0,1.0,1.0,0.0,0.0,0.0,0.0,0.0,0.0,0.0,0.0,0.0,0.0,0.0,0.0,0.0,0.0,1.0,0.0,1.0,0.0,1.0,0.0,0.0,0.0,0.0,1.0,1.0,0.0,1.0,0.0,0.0,0.0,1.0,0.0,0.0,24.0,1.0,25.0,24.0,23.0,0.0,0.0,1.0,1.0,1.0,1.0,1.0,0.0,0.0,0.0,1.0,2.0,1.0,21.0,1.0,1.0,1.0,4.0,1.0,36.0,0.0,0.0,0.0,0.0,1.0,1.0,1.0,1.0,1.0,1.0,1.0,3.0,1.0,15.0,6.0,0.0,0.0,0.0,0.0,0.0,0.0,0.0,23.0,1.0,0.0,1.0,0.0,1.0,0.0,0.0,0.0,0.0,1.0,0.0,0.0,1.0,0.0,0.0,0.0,1.0,0.0,0.0,0.0,0.0,0.0,0.0,0.0,0.0,0.0,0.0,,,,,0.0,,,,,,,1.0,0.0,1.0,0.0,0.0,0.0,0.0,0.0,1.0,0.0,0.0,9.0,9.0,9.0,9.0,9.0,9.0,0.0,0.0,0.0,0.0,0.0,1.0,1.0,0.0,0.0,0.0,0.0,0.0,1.0,0.0,0.0,0.0,0.0,0.0,0.0,0.0,0.0,0.0,0.0,0.0,0.0,0.0,0.0,0.0,0.0,0.0,0.0,0.0,0.0,0.0,0.0,1.0,0.0
2025,Sul,4,Rio Grande do Sul,RS,43,Porto Alegre,4314902,Porto Alegre,4301,Porto Alegre,430001,Metropolitana de Porto Alegre,5,Porto Alegre,26,Porto Alegre,431490205,,,SENAC TECH,43009212,4,1.0,1,0.0,VENANCIO AIRES,93,,AZENHA,90040191,51.0,32887750.0,-3.004.303,-5.121.947,1,1.0,03FEB2025:00:00:00,18DEC2025:00:00:00,,,,,0.0,,,,,,,,,,,,,,,,,,,,0.0,0.0,0.0,0.0,0.0,1.0,0.0,"3,42271E+12","3,42271E+12",1.0,2.0,,,1.0,1.0,0.0,0.0,0.0,0.0,,0.0,0.0,0.0,1.0,1.0,0.0,0.0,0.0,0.0,0.0,1.0,0.0,0.0,0.0,1.0,0.0,0.0,0.0,0.0,1.0,0.0,0.0,0.0,0.0,1.0,0.0,0.0,0.0,1.0,0.0,0.0,0.0,1.0,0.0,1.0,1.0,0.0,1.0,1.0,1.0,0.0,0.0,0.0,0.0,1.0,1.0,0.0,1.0,0.0,0.0,0.0,0.0,0.0,0.0,0.0,0.0,0.0,1.0,0.0,0.0,1.0,0.0,1.0,0.0,1.0,1.0,0.0,0.0,0.0,1.0,1.0,0.0,1.0,1.0,0.0,0.0,1.0,0.0,1.0,22.0,0.0,22.0,22.0,20.0,0.0,0.0,1.0,1.0,1.0,1.0,1.0,0.0,0.0,0.0,0.0,0.0,1.0,4.0,1.0,1.0,1.0,22.0,1.0,88888.0,1.0,6.0,0.0,0.0,1.0,1.0,1.0,1.0,1.0,1.0,1.0,3.0,1.0,12.0,5.0,0.0,0.0,0.0,0.0,0.0,0.0,0.0,18.0,1.0,2.0,0.0,4.0,0.0,0.0,0.0,0.0,0.0,0.0,0.0,0.0,0.0,0.0,1.0,1.0,1.0,0.0,0.0,0.0,0.0,0.0,0.0,0.0,0.0,0.0,0.0,,,,,0.0,,,,,,,1.0,0.0,0.0,0.0,0.0,0.0,0.0,0.0,1.0,0.0,0.0,9.0,9.0,9.0,9.0,9.0,9.0,0.0,0.0,0.0,0.0,0.0,1.0,1.0,0.0,0.0,0.0,0.0,0.0,1.0,0.0,0.0,0.0,0.0,0.0,0.0,0.0,0.0,0.0,0.0,0.0,0.0,0.0,0.0,0.0,0.0,0.0,0.0,0.0,0.0,0.0,0.0,1.0,0.0
2025,Sul,4,Rio Grande do Sul,RS,43,Porto Alegre,4314902,Porto Alegre,4301,Porto Alegre,430001,Metropolitana de Porto Alegre,5,Porto Alegre,26,Porto Alegre,431490205,,,EEP SENAC COMUNIDADE,43011985,4,1.0,1,0.0,CORONEL GENUINO,358,,CENTRO HISTÓRICO,90010350,51.0,32255222.0,-3.003.436,-5.122.605,1,1.0,06JAN2025:00:00:00,31DEC2025:00:00:00,,,,,0.0,,,,,,,,,,,,,,,,,,,,0.0,0.0,0.0,0.0,0.0,1.0,0.0,"3,42271E+12","3,42271E+12",1.0,1.0,,,1.0,1.0,0.0,0.0,0.0,0.0,,1.0,0.0,0.0,1.0,1.0,0.0,0.0,0.0,0.0,0.0,1.0,0.0,0.0,0.0,1.0,0.0,0.0,0.0,0.0,1.0,0.0,0.0,0.0,0.0,1.0,0.0,0.0,0.0,1.0,0.0,0.0,1.0,1.0,0.0,1.0,0.0,0.0,0.0,0.0,0.0,0.0,0.0,1.0,0.0,1.0,0.0,0.0,0.0,0.0,0.0,0.0,0.0,0.0,1.0,0.0,0.0,0.0,0.0,0.0,0.0,1.0,0.0,1.0,0.0,1.0,1.0,0.0,0.0,0.0,1.0,1.0,1.0,1.0,1.0,1.0,0.0,1.0,0.0,1.0,20.0,0.0,20.0,20.0,20.0,0.0,0.0,1.0,0.0,0.0,1.0,1.0,0.0,0.0,0.0,1.0,20.0,0.0,0.0,1.0,1.0,1.0,20.0,1.0,93.0,0.0,0.0,0.0,0.0,1.0,1.0,1.0,1.0,0.0,1.0,1.0,3.0,1.0,7.0,5.0,0.0,0.0,0.0,0.0,0.0,1.0,0.0,88888.0,1.0,0.0,0.0,12.0,1.0,0.0,0.0,0.0,0.0,1.0,0.0,0.0,1.0,0.0,1.0,1.0,1.0,0.0,0.0,0.0,0.0,0.0,0.0,0.0,0.0,0.0,0.0,,,,,0.0,,,,,,,1.0,1.0,0.0,0.0,0.0,0.0,0.0,0.0,1.0,1.0,0.0,9.0,9.0,9.0,9.0,9.0,9.0,0.0,0.0,0.0,0.0,0.0,1.0,1.0,0.0,0.0,0.0,0.0,0.0,1.0,0.0,0.0,0.0,0.0,0.0,0.0,0.0,0.0,0.0,0.0,0.0,0.0,0.0,0.0,0.0,0.0,0.0,0.0,0.0,0.0,0.0,0.0,1.0,0.0
2025,Sul,4,Rio Grande do Sul,RS,43,Porto Alegre,4314902,Porto Alegre,4301,Porto Alegre,430001,Metropolitana de Porto Alegre,5,Porto Alegre,26,Porto Alegre,431490205,,,SENAC EAD RIO GRANDE DO SUL,43049702,4,1.0,1,0.0,AV. ALBERTO BINS,665,ANDAR 6 AO 8,CENTRO HISTORICO,90030142,51.0,32142997.0,-3.002.787,-5.121.843,1,1.0,29MAY2024:00:00:00,31DEC2025:00:00:00,,,,,0.0,,,,,,,,,,,,,,,,,,,,0.0,0.0,0.0,0.0,0.0,1.0,0.0,"3,42271E+12","3,42271E+12",1.0,2.0,,,1.0,2.0,0.0,0.0,0.0,0.0,,0.0,0.0,0.0,1.0,1.0,0.0,0.0,0.0,0.0,0.0,1.0,0.0,0.0,0.0,1.0,0.0,0.0,0.0,0.0,1.0,0.0,0.0,0.0,0.0,1.0,0.0,0.0,0.0,0.0,0.0,0.0,0.0,1.0,0.0,1.0,0.0,1.0,1.0,1.0,1.0,0.0,0.0,0.0,0.0,0.0,0.0,0.0,0.0,0.0,0.0,0.0,0.0,0.0,0.0,0.0,0.0,0.0,0.0,0.0,0.0,1.0,0.0,1.0,0.0,1.0,0.0,0.0,0.0,0.0,1.0,1.0,0.0,1.0,0.0,0.0,0.0,0.0,0.0,0.0,1.0,0.0,1.0,0.0,0.0,0.0,0.0,1.0,1.0,0.0,1.0,1.0,0.0,0.0,0.0,1.0,1.0,1.0,88888.0,0.0,0.0,1.0,2.0,1.0,295.0,1.0,14.0,1.0,1.0,1.0,0.0,1.0,1.0,0.0,0.0,0.0,3.0,1.0,111.0,0.0,0.0,0.0,0.0,0.0,0.0,0.0,0.0,247.0,17.0,0.0,0.0,3.0,0.0,0.0,0.0,0.0,0.0,0.0,0.0,0.0,0.0,0.0,0.0,0.0,0.0,0.0,0.0,0.0,0.0,0.0,0.0,0.0,0.0,1.0,0.0,,,,,0.0,,,,,,,1.0,0.0,0.0,0.0,0.0,0.0,0.0,0.0,1.0,1.0,0.0,9.0,9.0,9.0,9.0,9.0,9.0,0.0,0.0,0.0,0.0,0.0,1.0,0.0,0.0,1.0,0.0,0.0,0.0,1.0,0.0,0.0,0.0,0.0,0.0,0.0,0.0,0.0,0.0,0.0,0.0,0.0,0.0,0.0,0.0,0.0,0.0,0.0,0.0,0.0,0.0,0.0,1.0,0.0
2025,Sul,4,Rio Grande do Sul,RS,43,Porto Alegre,4314902,Porto Alegre,4301,Porto Alegre,430001,Metropolitana de Porto Alegre,5,Porto Alegre,26,Porto Alegre,431490205,,,EEP ESCOLA DE ENSINO MEDIO SENAC DISTRITO CRIATIVO,43089089,4,1.0,1,0.0,"AVENIDA CRISTOVAO COLOMBO, 545",,,FLORESTA,90560900,51.0,,,,1,1.0,17FEB2025:00:00:00,12DEC2025:00:00:00,,,,,0.0,,,,,,,,,,,,,,,,,,,,0.0,0.0,0.0,0.0,0.0,1.0,0.0,"3,42271E+12","3,42271E+12",1.0,1.0,,,1.0,2.0,0.0,0.0,0.0,0.0,,0.0,0.0,0.0,1.0,1.0,0.0,0.0,0.0,0.0,0.0,1.0,0.0,0.0,0.0,1.0,0.0,0.0,0.0,0.0,0.0,0.0,0.0,0.0,1.0,1.0,0.0,0.0,0.0,1.0,0.0,0.0,0.0,1.0,0.0,1.0,0.0,0.0,1.0,1.0,1.0,1.0,0.0,0.0,0.0,1.0,0.0,0.0,1.0,0.0,0.0,0.0,0.0,0.0,0.0,0.0,0.0,0.0,0.0,0.0,0.0,1.0,0.0,1.0,0.0,0.0,1.0,0.0,0.0,0.0,1.0,1.0,1.0,0.0,1.0,0.0,0.0,0.0,0.0,0.0,11.0,0.0,11.0,0.0,0.0,0.0,0.0,1.0,1.0,1.0,1.0,1.0,0.0,0.0,0.0,1.0,1.0,1.0,13.0,1.0,2.0,1.0,8.0,1.0,19.0,1.0,240.0,1.0,16.0,1.0,1.0,1.0,1.0,0.0,1.0,1.0,3.0,1.0,88888.0,4.0,2.0,0.0,0.0,0.0,0.0,0.0,0.0,2.0,1.0,2.0,0.0,0.0,0.0,0.0,0.0,0.0,0.0,0.0,0.0,1.0,1.0,0.0,1.0,1.0,1.0,1.0,0.0,1.0,0.0,0.0,1.0,0.0,1.0,0.0,0.0,,,,,0.0,,,,,,,1.0,1.0,1.0,0.0,0.0,1.0,0.0,1.0,0.0,1.0,0.0,9.0,9.0,9.0,9.0,9.0,9.0,0.0,0.0,1.0,0.0,1.0,1.0,1.0,0.0,0.0,0.0,1.0,0.0,1.0,0.0,0.0,0.0,0.0,0.0,1.0,0.0,0.0,0.0,0.0,0.0,0.0,0.0,0.0,0.0,0.0,0.0,0.0,0.0,0.0,0.0,0.0,1.0,0.0
2025,Sul,4,Rio Grande do Sul,RS,43,Porto Alegre,4314902,Porto Alegre,4301,Porto Alegre,430001,Metropolitana de Porto Alegre,5,Porto Alegre,26,Porto Alegre,431490205,,,SENAC SAUDE,43313051,4,1.0,1,0.0,ASSIS BRASIL,1481,,PASSO DA AREIA,91010005,51.0,33410444.0,-3.000.942,-5.117.146,1,1.0,04JAN2025:00:00:00,20DEC2025:00:00:00,,,,,0.0,,,,,,,,,,,,,,,,,,,,0.0,0.0,0.0,0.0,0.0,1.0,0.0,"3,42271E+12","3,42271E+12",1.0,2.0,,,1.0,1.0,0.0,0.0,0.0,0.0,,0.0,1.0,0.0,1.0,1.0,0.0,0.0,0.0,0.0,0.0,1.0,0.0,0.0,0.0,1.0,0.0,0.0,0.0,0.0,1.0,0.0,0.0,0.0,0.0,1.0,0.0,0.0,0.0,1.0,1.0,0.0,1.0,1.0,0.0,1.0,1.0,0.0,1.0,1.0,0.0,0.0,0.0,0.0,0.0,1.0,1.0,0.0,1.0,0.0,0.0,0.0,0.0,0.0,1.0,0.0,0.0,0.0,0.0,0.0,0.0,1.0,0.0,1.0,0.0,1.0,0.0,0.0,0.0,0.0,1.0,1.0,0.0,1.0,1.0,0.0,0.0,1.0,0.0,0.0,23.0,3.0,26.0,23.0,23.0,0.0,0.0,1.0,1.0,1.0,1.0,1.0,0.0,0.0,0.0,0.0,0.0,1.0,5.0,1.0,2.0,1.0,23.0,1.0,24.0,0.0,0.0,0.0,0.0,1.0,1.0,1.0,1.0,0.0,1.0,0.0,3.0,1.0,30.0,6.0,0.0,5.0,0.0,0.0,0.0,0.0,0.0,30.0,2.0,2.0,1.0,1.0,0.0,0.0,0.0,0.0,0.0,1.0,0.0,1.0,1.0,0.0,0.0,1.0,1.0,0.0,0.0,0.0,0.0,1.0,0.0,0.0,0.0,0.0,0.0,,,,,0.0,,,,,,,1.0,1.0,0.0,0.0,0.0,0.0,0.0,0.0,1.0,1.0,1.0,0.0,0.0,0.0,1.0,0.0,0.0,0.0,0.0,0.0,0.0,0.0,1.0,1.0,0.0,0.0,0.0,0.0,0.0,1.0,0.0,0.0,0.0,0.0,0.0,0.0,0.0,0.0,0.0,0.0,0.0,0.0,0.0,0.0,0.0,0.0,0.0,0.0,0.0,0.0,0.0,0.0,1.0,0.0
2025,Sul,4,Rio Grande do Sul,RS,43,Rio Grande,4315602,Pelotas,4302,Pelotas,430009,Sudeste Rio-grandense,7,Litoral Lagunar,35,Rio Grande,431560205,,,SENAC RIO GRANDE,43176615,4,1.0,1,0.0,PRESIDENTE VARGAS,299,,SÃO PAULO,96202336,53.0,32312355.0,-3.203.289,-5.209.021,1,18.0,10FEB2025:00:00:00,19DEC2025:00:00:00,,,,,0.0,,,,,,,,,,,,,,,,,,,,0.0,0.0,0.0,0.0,0.0,1.0,0.0,"3,42271E+12","3,42271E+12",1.0,2.0,,,1.0,2.0,0.0,0.0,0.0,0.0,,0.0,0.0,0.0,1.0,1.0,0.0,0.0,0.0,0.0,0.0,1.0,0.0,1.0,0.0,1.0,0.0,0.0,0.0,0.0,1.0,0.0,0.0,0.0,0.0,1.0,0.0,0.0,0.0,1.0,0.0,0.0,0.0,1.0,0.0,1.0,0.0,0.0,1.0,1.0,0.0,0.0,0.0,0.0,0.0,1.0,1.0,0.0,1.0,0.0,0.0,0.0,0.0,0.0,0.0,0.0,0.0,0.0,0.0,0.0,0.0,1.0,0.0,1.0,0.0,1.0,0.0,0.0,0.0,0.0,1.0,1.0,1.0,1.0,1.0,0.0,1.0,1.0,0.0,0.0,15.0,0.0,15.0,15.0,15.0,0.0,0.0,1.0,1.0,1.0,1.0,1.0,0.0,0.0,0.0,1.0,2.0,1.0,7.0,0.0,0.0,1.0,10.0,1.0,90.0,1.0,34.0,0.0,0.0,1.0,1.0,1.0,1.0,0.0,1.0,1.0,3.0,1.0,11.0,6.0,0.0,0.0,0.0,0.0,0.0,0.0,0.0,5.0,1.0,0.0,0.0,2.0,0.0,0.0,0.0,0.0,0.0,1.0,0.0,0.0,1.0,0.0,0.0,0.0,1.0,0.0,0.0,0.0,0.0,0.0,0.0,0.0,0.0,0.0,0.0,,,,,0.0,,,,,,,1.0,0.0,0.0,0.0,0.0,0.0,0.0,0.0,1.0,0.0,0.0,9.0,9.0,9.0,9.0,9.0,9.0,0.0,0.0,0.0,0.0,0.0,1.0,1.0,0.0,0.0,0.0,0.0,0.0,1.0,0.0,0.0,0.0,0.0,0.0,0.0,0.0,0.0,0.0,0.0,0.0,0.0,0.0,0.0,0.0,0.0,0.0,0.0,0.0,0.0,0.0,0.0,1.0,0.0
2025,Sul,4,Rio Grande do Sul,RS,43,Santa Cruz do Sul,4316808,Santa Cruz do Sul - Lajeado,4308,Santa Cruz do Sul,430040,Centro Oriental Rio-grandense,4,Santa Cruz do Sul,20,Santa Cruz do Sul,431680805,,,ESCOLA DE ENSINO MEDIO E TECNICO SENAC SANTA CRUZ,43012043,4,1.0,1,0.0,"RUA VENANCIO AIRES, 683",300,PREDIO,CENTRO,96810970,51.0,37159335.0,,,1,6.0,20JAN2025:00:00:00,12DEC2025:00:00:00,,,,,0.0,,,,,,,,,,,,,,,,,,,,0.0,0.0,0.0,0.0,0.0,1.0,0.0,"3,42271E+12","3,42271E+12",1.0,2.0,,,1.0,2.0,0.0,0.0,0.0,0.0,,0.0,0.0,0.0,1.0,1.0,0.0,0.0,0.0,0.0,0.0,1.0,0.0,0.0,0.0,1.0,0.0,0.0,0.0,0.0,1.0,0.0,0.0,0.0,0.0,1.0,0.0,0.0,0.0,1.0,0.0,0.0,1.0,1.0,0.0,1.0,0.0,0.0,1.0,1.0,1.0,0.0,0.0,0.0,0.0,1.0,0.0,0.0,0.0,0.0,0.0,0.0,0.0,0.0,0.0,0.0,0.0,0.0,0.0,0.0,0.0,1.0,0.0,1.0,0.0,1.0,0.0,0.0,0.0,0.0,1.0,1.0,0.0,0.0,1.0,0.0,0.0,0.0,0.0,0.0,11.0,0.0,11.0,11.0,11.0,0.0,0.0,1.0,0.0,1.0,0.0,1.0,0.0,0.0,0.0,0.0,0.0,1.0,13.0,1.0,1.0,1.0,9.0,1.0,65.0,1.0,93.0,0.0,0.0,1.0,1.0,1.0,1.0,0.0,1.0,1.0,3.0,1.0,2.0,3.0,0.0,5.0,0.0,0.0,0.0,0.0,0.0,2.0,1.0,0.0,2.0,1.0,0.0,0.0,0.0,0.0,0.0,1.0,0.0,1.0,1.0,0.0,1.0,0.0,1.0,1.0,0.0,0.0,0.0,0.0,0.0,0.0,1.0,0.0,0.0,,,,,0.0,,,,,,,1.0,1.0,0.0,0.0,0.0,0.0,0.0,0.0,1.0,1.0,0.0,9.0,9.0,9.0,9.0,9.0,9.0,0.0,0.0,1.0,0.0,1.0,1.0,1.0,0.0,0.0,0.0,1.0,0.0,1.0,0.0,0.0,0.0,0.0,0.0,1.0,0.0,0.0,0.0,0.0,0.0,0.0,0.0,0.0,0.0,0.0,0.0,0.0,0.0,0.0,0.0,0.0,1.0,0.0
2025,Sul,4,Rio Grande do Sul,RS,43,Santa Maria,4316907,Santa Maria,4303,Santa Maria,430011,Centro Ocidental Rio-grandense,3,Santa Maria,18,Santa Maria,431690705,,,SENAC SANTA MARIA,43295096,4,1.0,1,0.0,PROFESSOR BRAGA,60,,CENTRO,97015530,55.0,20181260.0,-2.968.839,-5.380.715,1,8.0,03FEB2025:00:00:00,19DEC2025:00:00:00,,,,,0.0,,,,,,,,,,,,,,,,,,,,0.0,0.0,0.0,0.0,0.0,1.0,0.0,"3,42271E+12","3,42271E+12",1.0,2.0,,,1.0,1.0,0.0,0.0,0.0,0.0,,0.0,0.0,0.0,1.0,1.0,0.0,0.0,0.0,0.0,0.0,1.0,0.0,0.0,0.0,1.0,0.0,0.0,0.0,0.0,1.0,0.0,0.0,0.0,0.0,1.0,0.0,0.0,0.0,1.0,0.0,0.0,1.0,1.0,0.0,1.0,0.0,0.0,1.0,1.0,1.0,0.0,0.0,0.0,0.0,1.0,0.0,0.0,1.0,0.0,0.0,0.0,0.0,0.0,0.0,0.0,0.0,0.0,0.0,0.0,0.0,1.0,0.0,1.0,0.0,1.0,0.0,0.0,0.0,0.0,1.0,1.0,1.0,1.0,1.0,0.0,0.0,0.0,0.0,0.0,18.0,0.0,18.0,18.0,0.0,0.0,0.0,1.0,1.0,1.0,1.0,1.0,0.0,0.0,0.0,1.0,6.0,1.0,7.0,0.0,0.0,1.0,18.0,1.0,73.0,0.0,0.0,0.0,0.0,1.0,1.0,1.0,1.0,1.0,1.0,1.0,2.0,1.0,9.0,3.0,0.0,0.0,0.0,0.0,0.0,0.0,0.0,1.0,1.0,0.0,18.0,0.0,1.0,0.0,0.0,0.0,0.0,0.0,0.0,0.0,0.0,0.0,0.0,0.0,0.0,0.0,0.0,0.0,0.0,0.0,0.0,0.0,0.0,1.0,0.0,,,,,0.0,,,,,,,1.0,1.0,0.0,0.0,0.0,0.0,0.0,0.0,1.0,0.0,0.0,9.0,9.0,9.0,9.0,9.0,9.0,0.0,0.0,0.0,0.0,0.0,1.0,1.0,0.0,0.0,0.0,0.0,0.0,1.0,0.0,0.0,0.0,0.0,0.0,0.0,0.0,0.0,0.0,0.0,0.0,0.0,0.0,0.0,0.0,0.0,0.0,0.0,0.0,0.0,0.0,0.0,1.0,0.0
2025,Sul,4,Rio Grande do Sul,RS,43,Sant'Ana do Livramento,4317103,Uruguaiana,4304,Santana do Livramento,430016,Sudoeste Rio-grandense,6,Campanha Central,30,Sant'Ana do Livramento,431710305,,,EEP SENAC SANTANA DO LIVRAMENTO,43012086,4,1.0,1,0.0,DUQUE DE CAXIAS,2049,PREDIO,CENTRO,97573573,55.0,32444253.0,,,1,19.0,01JAN2025:00:00:00,31DEC2025:00:00:00,,,,,0.0,,,,,,,,,,,,,,,,,,,,0.0,0.0,0.0,0.0,0.0,1.0,0.0,"3,42271E+12","3,42271E+12",1.0,3.0,,,1.0,2.0,0.0,0.0,0.0,0.0,,0.0,0.0,0.0,1.0,1.0,0.0,0.0,0.0,0.0,0.0,1.0,0.0,0.0,0.0,1.0,0.0,0.0,0.0,0.0,1.0,0.0,0.0,0.0,0.0,1.0,0.0,0.0,0.0,0.0,1.0,0.0,0.0,1.0,0.0,1.0,0.0,0.0,1.0,1.0,1.0,0.0,0.0,0.0,0.0,1.0,0.0,0.0,1.0,0.0,0.0,0.0,0.0,0.0,0.0,0.0,0.0,0.0,0.0,0.0,0.0,1.0,0.0,1.0,0.0,1.0,0.0,0.0,0.0,0.0,1.0,1.0,1.0,0.0,1.0,0.0,0.0,0.0,0.0,0.0,19.0,0.0,19.0,19.0,0.0,0.0,0.0,1.0,1.0,1.0,1.0,1.0,0.0,0.0,0.0,1.0,2.0,1.0,12.0,0.0,0.0,1.0,9.0,1.0,40.0,0.0,0.0,1.0,10.0,1.0,1.0,1.0,1.0,1.0,1.0,1.0,3.0,0.0,17.0,3.0,0.0,4.0,5.0,0.0,0.0,0.0,0.0,1.0,1.0,1.0,0.0,1.0,0.0,0.0,0.0,0.0,0.0,0.0,0.0,0.0,1.0,0.0,0.0,0.0,0.0,0.0,0.0,0.0,0.0,0.0,0.0,0.0,0.0,0.0,0.0,,,,,0.0,,,,,,,1.0,0.0,0.0,0.0,0.0,0.0,0.0,0.0,1.0,1.0,0.0,9.0,9.0,9.0,9.0,9.0,9.0,0.0,0.0,0.0,0.0,0.0,1.0,1.0,0.0,0.0,0.0,0.0,0.0,1.0,0.0,0.0,0.0,0.0,0.0,0.0,0.0,0.0,0.0,0.0,0.0,0.0,0.0,0.0,0.0,0.0,0.0,0.0,0.0,0.0,0.0,0.0,1.0,0.0
2025,Sul,4,Rio Grande do Sul,RS,43,Santa Rosa,4317202,Ijuí,4305,Santa Rosa,430019,Noroeste Rio-grandense,1,Santa Rosa,1,Santa Rosa,431720205,,,ESC EDUC PROF SENAC SANTA ROSA,43007902,4,1.0,1,0.0,SANTA ROSA,1827,PREDIO,CENTRO,98780060,55.0,35122522.0,-2.787.256,-5.448.427,1,17.0,10FEB2025:00:00:00,19DEC2025:00:00:00,,,,,0.0,,,,,,,,,,,,,,,,,,,,0.0,0.0,0.0,0.0,0.0,1.0,0.0,"3,42271E+12","3,42271E+12",1.0,1.0,,,1.0,2.0,0.0,0.0,0.0,0.0,,0.0,0.0,0.0,1.0,1.0,0.0,0.0,0.0,0.0,0.0,1.0,0.0,0.0,0.0,1.0,0.0,0.0,0.0,0.0,1.0,0.0,0.0,0.0,0.0,1.0,0.0,0.0,0.0,1.0,0.0,0.0,0.0,1.0,0.0,1.0,0.0,0.0,1.0,1.0,1.0,0.0,0.0,0.0,0.0,1.0,1.0,0.0,0.0,0.0,0.0,0.0,0.0,0.0,0.0,0.0,0.0,0.0,0.0,0.0,0.0,1.0,0.0,1.0,0.0,1.0,0.0,0.0,0.0,0.0,0.0,1.0,0.0,1.0,1.0,0.0,0.0,0.0,0.0,0.0,11.0,0.0,11.0,11.0,11.0,0.0,0.0,1.0,0.0,0.0,1.0,0.0,0.0,0.0,0.0,1.0,1.0,1.0,7.0,0.0,0.0,1.0,6.0,1.0,41.0,1.0,10.0,1.0,10.0,1.0,1.0,1.0,1.0,0.0,1.0,0.0,1.0,1.0,88888.0,3.0,0.0,0.0,0.0,0.0,0.0,0.0,0.0,88888.0,1.0,0.0,0.0,1.0,0.0,0.0,0.0,0.0,0.0,1.0,0.0,0.0,1.0,0.0,1.0,0.0,1.0,0.0,0.0,0.0,0.0,0.0,0.0,0.0,0.0,0.0,0.0,,,,,1.0,0.0,1.0,0.0,0.0,0.0,0.0,1.0,1.0,0.0,0.0,0.0,0.0,0.0,0.0,1.0,1.0,0.0,9.0,9.0,9.0,9.0,9.0,9.0,0.0,0.0,0.0,0.0,0.0,1.0,1.0,0.0,0.0,0.0,0.0,0.0,1.0,0.0,0.0,0.0,0.0,0.0,0.0,0.0,0.0,0.0,0.0,0.0,0.0,0.0,0.0,0.0,0.0,0.0,0.0,0.0,0.0,0.0,0.0,1.0,0.0
2025,Sul,4,Rio Grande do Sul,RS,43,Santiago,4317400,Santa Maria,4303,Santiago,430014,Centro Ocidental Rio-grandense,3,Santiago,17,Santiago,431740005,,,SERVICO NACIONAL DE APRENDIZAGEM COMERCIAL SENAC SANTIAGO,43221998,4,1.0,1,0.0,GETULIO VARGAS,1079,,CENTRO,97700065,55.0,991062031.0,,,1,35.0,13MAY2025:00:00:00,18DEC2025:00:00:00,,,,,0.0,,,,,,,,,,,,,,,,,,,,0.0,0.0,0.0,0.0,0.0,1.0,0.0,"3,42271E+12","3,42271E+12",1.0,2.0,,,1.0,1.0,0.0,0.0,0.0,0.0,,0.0,0.0,0.0,1.0,1.0,0.0,0.0,0.0,0.0,0.0,1.0,0.0,0.0,0.0,1.0,0.0,0.0,0.0,0.0,1.0,0.0,0.0,0.0,0.0,1.0,0.0,0.0,0.0,0.0,0.0,0.0,1.0,1.0,0.0,1.0,0.0,0.0,0.0,0.0,0.0,0.0,0.0,0.0,0.0,1.0,0.0,0.0,0.0,0.0,0.0,0.0,0.0,0.0,0.0,0.0,0.0,0.0,0.0,0.0,0.0,0.0,0.0,1.0,0.0,0.0,0.0,0.0,0.0,0.0,1.0,0.0,0.0,0.0,0.0,0.0,0.0,0.0,0.0,1.0,3.0,0.0,3.0,3.0,0.0,0.0,0.0,0.0,1.0,1.0,1.0,1.0,0.0,0.0,0.0,1.0,2.0,1.0,2.0,0.0,0.0,1.0,3.0,1.0,15.0,0.0,0.0,0.0,0.0,1.0,1.0,1.0,1.0,0.0,1.0,0.0,2.0,1.0,1.0,1.0,0.0,0.0,0.0,0.0,0.0,0.0,0.0,1.0,0.0,0.0,0.0,0.0,0.0,0.0,0.0,0.0,0.0,0.0,0.0,0.0,0.0,0.0,0.0,0.0,0.0,0.0,0.0,0.0,0.0,0.0,0.0,0.0,0.0,1.0,0.0,,,,,0.0,,,,,,,1.0,0.0,0.0,0.0,0.0,0.0,0.0,0.0,1.0,1.0,0.0,9.0,9.0,9.0,9.0,9.0,9.0,0.0,0.0,0.0,0.0,0.0,1.0,1.0,0.0,0.0,0.0,0.0,0.0,1.0,0.0,0.0,0.0,0.0,0.0,0.0,0.0,0.0,0.0,0.0,0.0,0.0,0.0,0.0,0.0,0.0,0.0,0.0,0.0,0.0,0.0,0.0,1.0,0.0
2025,Sul,4,Rio Grande do Sul,RS,43,Santo Ângelo,4317509,Ijuí,4305,Santo Ângelo,430020,Noroeste Rio-grandense,1,Santo Ângelo,7,Santo Ângelo,431750905,,,EEP SENAC SANTO ANGELO,43012051,4,1.0,1,0.0,JOAO MELLER,179,PREDIO,CASTELARIM,98804562,55.0,33133111.0,,,1,14.0,06JAN2025:00:00:00,20DEC2025:00:00:00,,,,,0.0,,,,,,,,,,,,,,,,,,,,0.0,0.0,0.0,0.0,0.0,1.0,0.0,"3,42271E+12","3,42271E+12",1.0,2.0,,,1.0,1.0,0.0,0.0,0.0,0.0,,0.0,0.0,0.0,1.0,1.0,0.0,0.0,0.0,0.0,0.0,1.0,0.0,0.0,0.0,1.0,0.0,0.0,0.0,0.0,1.0,0.0,0.0,0.0,0.0,1.0,0.0,0.0,0.0,1.0,0.0,0.0,0.0,1.0,0.0,0.0,1.0,0.0,1.0,1.0,1.0,0.0,0.0,0.0,1.0,1.0,0.0,1.0,0.0,0.0,0.0,0.0,0.0,0.0,0.0,0.0,0.0,0.0,0.0,0.0,0.0,1.0,0.0,1.0,0.0,1.0,0.0,0.0,0.0,0.0,1.0,1.0,0.0,1.0,1.0,0.0,0.0,0.0,0.0,0.0,12.0,0.0,12.0,12.0,5.0,0.0,0.0,1.0,1.0,1.0,1.0,1.0,0.0,1.0,1.0,1.0,2.0,1.0,7.0,1.0,2.0,1.0,12.0,1.0,25.0,1.0,15.0,1.0,17.0,1.0,1.0,1.0,1.0,0.0,1.0,1.0,3.0,1.0,2.0,4.0,1.0,88888.0,0.0,0.0,0.0,0.0,0.0,20.0,1.0,1.0,0.0,2.0,0.0,0.0,0.0,0.0,0.0,0.0,0.0,1.0,1.0,0.0,0.0,0.0,0.0,0.0,0.0,0.0,0.0,0.0,0.0,0.0,0.0,0.0,0.0,,,,,0.0,,,,,,,1.0,1.0,1.0,0.0,0.0,0.0,0.0,0.0,1.0,1.0,0.0,9.0,9.0,9.0,9.0,9.0,9.0,0.0,0.0,0.0,0.0,0.0,1.0,1.0,0.0,0.0,0.0,0.0,0.0,1.0,0.0,0.0,0.0,0.0,0.0,0.0,0.0,0.0,0.0,0.0,0.0,0.0,0.0,0.0,0.0,0.0,0.0,0.0,0.0,0.0,0.0,0.0,1.0,0.0
2025,Sul,4,Rio Grande do Sul,RS,43,São Borja,4318002,Uruguaiana,4304,São Borja,430017,Sudoeste Rio-grandense,6,Campanha Ocidental,29,São Borja,431800205,,,EEP SENAC SAO BORJA,43012124,4,1.0,1,0.0,RUA GENERAL CANABARRO,310,PREDIO,,97670000,55.0,34312574.0,,,1,35.0,13FEB2025:00:00:00,17DEC2025:00:00:00,,,,,0.0,,,,,,,,,,,,,,,,,,,,0.0,0.0,0.0,0.0,0.0,1.0,0.0,"3,42271E+12","3,42271E+12",1.0,2.0,,,1.0,1.0,0.0,0.0,0.0,0.0,,0.0,0.0,0.0,1.0,1.0,0.0,1.0,0.0,0.0,0.0,1.0,0.0,0.0,0.0,1.0,0.0,0.0,0.0,0.0,1.0,0.0,0.0,0.0,0.0,1.0,0.0,0.0,0.0,1.0,0.0,0.0,1.0,1.0,0.0,1.0,0.0,0.0,1.0,1.0,1.0,0.0,0.0,0.0,0.0,1.0,1.0,1.0,1.0,0.0,0.0,0.0,0.0,0.0,0.0,0.0,0.0,0.0,0.0,0.0,0.0,1.0,0.0,1.0,0.0,1.0,0.0,0.0,0.0,0.0,1.0,1.0,1.0,1.0,0.0,0.0,1.0,1.0,0.0,1.0,18.0,0.0,18.0,18.0,18.0,0.0,0.0,1.0,1.0,1.0,1.0,1.0,0.0,0.0,0.0,1.0,2.0,1.0,13.0,1.0,1.0,1.0,14.0,1.0,52.0,1.0,20.0,1.0,10.0,1.0,1.0,1.0,1.0,1.0,1.0,1.0,3.0,1.0,13.0,5.0,0.0,0.0,0.0,0.0,0.0,0.0,0.0,4.0,1.0,0.0,0.0,2.0,0.0,0.0,0.0,0.0,0.0,1.0,0.0,0.0,0.0,0.0,0.0,0.0,1.0,0.0,0.0,0.0,0.0,0.0,0.0,0.0,0.0,0.0,0.0,,,,,0.0,,,,,,,1.0,1.0,1.0,0.0,0.0,0.0,0.0,0.0,1.0,1.0,0.0,9.0,9.0,9.0,9.0,9.0,9.0,0.0,0.0,0.0,0.0,0.0,1.0,1.0,0.0,0.0,0.0,0.0,0.0,1.0,0.0,0.0,0.0,0.0,0.0,0.0,0.0,0.0,0.0,0.0,0.0,0.0,0.0,0.0,0.0,0.0,0.0,0.0,0.0,0.0,0.0,0.0,1.0,0.0
2025,Sul,4,Rio Grande do Sul,RS,43,São Leopoldo,4318705,Porto Alegre,4301,Novo Hamburgo - São Leopoldo,430002,Metropolitana de Porto Alegre,5,Porto Alegre,26,São Leopoldo,431870505,,,EEP SENAC SAO LEOPOLDO,43011993,4,1.0,1,0.0,LINDOLFO COLLOR,835,,CENTRO,93010080,51.0,35903060.0,,,1,2.0,28MAY2025:00:00:00,19DEC2025:00:00:00,,,,,0.0,,,,,,,,,,,,,,,,,,,,0.0,0.0,0.0,0.0,0.0,1.0,0.0,"3,42271E+12","3,42271E+12",1.0,2.0,,,1.0,2.0,0.0,0.0,0.0,0.0,,1.0,0.0,0.0,1.0,1.0,0.0,0.0,0.0,0.0,0.0,1.0,0.0,1.0,0.0,1.0,0.0,0.0,0.0,0.0,1.0,0.0,0.0,0.0,0.0,1.0,1.0,0.0,0.0,1.0,0.0,0.0,0.0,1.0,0.0,1.0,0.0,0.0,1.0,1.0,1.0,0.0,0.0,0.0,0.0,1.0,1.0,0.0,1.0,0.0,0.0,1.0,1.0,1.0,1.0,0.0,0.0,0.0,0.0,0.0,0.0,1.0,0.0,1.0,0.0,1.0,0.0,0.0,0.0,0.0,1.0,1.0,0.0,1.0,1.0,0.0,0.0,1.0,0.0,0.0,15.0,0.0,15.0,15.0,15.0,0.0,0.0,1.0,1.0,1.0,1.0,1.0,0.0,0.0,0.0,1.0,15.0,1.0,15.0,1.0,9.0,1.0,15.0,1.0,106.0,1.0,324.0,0.0,0.0,1.0,1.0,1.0,1.0,1.0,1.0,1.0,3.0,1.0,17.0,8.0,1.0,0.0,0.0,0.0,0.0,0.0,0.0,4.0,2.0,4.0,0.0,1.0,0.0,0.0,0.0,0.0,0.0,1.0,0.0,1.0,1.0,0.0,1.0,1.0,1.0,1.0,0.0,1.0,0.0,0.0,0.0,0.0,0.0,0.0,0.0,,,,,1.0,0.0,1.0,0.0,0.0,0.0,0.0,1.0,0.0,1.0,0.0,0.0,0.0,1.0,0.0,0.0,1.0,0.0,9.0,9.0,9.0,9.0,9.0,9.0,0.0,0.0,1.0,0.0,1.0,1.0,1.0,0.0,0.0,0.0,1.0,0.0,1.0,0.0,0.0,0.0,0.0,0.0,1.0,0.0,0.0,0.0,0.0,0.0,0.0,0.0,0.0,0.0,0.0,0.0,0.0,0.0,0.0,0.0,0.0,1.0,0.0
2025,Sul,4,Rio Grande do Sul,RS,43,São Luiz Gonzaga,4318903,Ijuí,4305,São Luiz Gonzaga,430022,Noroeste Rio-grandense,1,Santo Ângelo,7,São Luiz Gonzaga,431890305,,,EEP SENAC SAO LUIZ GONZAGA,43012108,4,1.0,1,0.0,RUA TREZE DE MAIO,1297,PREDIO,,97800000,55.0,33527398.0,,,1,32.0,06JAN2025:00:00:00,20DEC2025:00:00:00,,,,,0.0,,,,,,,,,,,,,,,,,,,,0.0,0.0,0.0,0.0,0.0,1.0,0.0,"3,42271E+12","3,42271E+12",1.0,3.0,,,1.0,2.0,0.0,0.0,0.0,0.0,,0.0,0.0,0.0,1.0,1.0,0.0,0.0,0.0,0.0,0.0,1.0,0.0,0.0,0.0,1.0,0.0,0.0,0.0,0.0,1.0,0.0,0.0,0.0,0.0,1.0,0.0,0.0,0.0,1.0,0.0,0.0,0.0,1.0,0.0,1.0,0.0,0.0,0.0,0.0,1.0,1.0,0.0,0.0,0.0,1.0,0.0,0.0,0.0,0.0,0.0,0.0,0.0,0.0,0.0,0.0,0.0,0.0,1.0,0.0,0.0,1.0,0.0,1.0,0.0,1.0,0.0,0.0,0.0,0.0,1.0,0.0,1.0,0.0,1.0,0.0,0.0,0.0,0.0,0.0,6.0,0.0,6.0,6.0,6.0,0.0,0.0,1.0,1.0,1.0,0.0,1.0,0.0,0.0,0.0,0.0,0.0,1.0,3.0,1.0,1.0,0.0,0.0,1.0,12.0,1.0,15.0,1.0,15.0,1.0,1.0,1.0,0.0,0.0,1.0,0.0,3.0,1.0,1.0,2.0,0.0,0.0,0.0,0.0,0.0,1.0,0.0,4.0,1.0,0.0,0.0,0.0,0.0,0.0,0.0,0.0,0.0,0.0,0.0,0.0,0.0,0.0,1.0,0.0,0.0,0.0,0.0,0.0,0.0,0.0,0.0,0.0,0.0,0.0,0.0,,,,,0.0,,,,,,,1.0,1.0,0.0,0.0,0.0,0.0,0.0,0.0,1.0,1.0,0.0,9.0,9.0,9.0,9.0,9.0,9.0,0.0,0.0,0.0,0.0,0.0,1.0,1.0,0.0,0.0,0.0,0.0,0.0,1.0,0.0,0.0,0.0,0.0,0.0,0.0,0.0,0.0,0.0,0.0,0.0,0.0,0.0,0.0,0.0,0.0,0.0,0.0,0.0,0.0,0.0,0.0,1.0,0.0
2025,Sul,4,Rio Grande do Sul,RS,43,São Sepé,4319604,Santa Maria,4303,Santa Maria,430011,Centro Ocidental Rio-grandense,3,Santa Maria,18,São Sepé,431960405,,,SERVICO NACIONAL DE APRENDIZAGEM COMERCIAL SENAC SAO SEPE,43221980,4,1.0,1,0.0,RUA SETE DE SETEMBRO,4717,,,97340000,55.0,30181260.0,,,1,8.0,13MAY2025:00:00:00,18DEC2025:00:00:00,,,,,0.0,,,,,,,,,,,,,,,,,,,,0.0,0.0,0.0,0.0,0.0,1.0,0.0,"3,42271E+12","3,42271E+12",1.0,2.0,,,1.0,2.0,0.0,0.0,0.0,0.0,,0.0,0.0,0.0,1.0,1.0,0.0,0.0,0.0,0.0,0.0,1.0,0.0,0.0,0.0,1.0,0.0,0.0,0.0,0.0,1.0,0.0,0.0,0.0,0.0,1.0,0.0,1.0,0.0,0.0,0.0,0.0,1.0,1.0,0.0,1.0,0.0,0.0,0.0,0.0,1.0,0.0,0.0,0.0,0.0,1.0,0.0,0.0,0.0,0.0,0.0,0.0,0.0,0.0,0.0,0.0,0.0,0.0,0.0,0.0,0.0,0.0,0.0,1.0,0.0,0.0,0.0,0.0,0.0,0.0,1.0,0.0,0.0,0.0,1.0,0.0,0.0,0.0,0.0,0.0,3.0,0.0,3.0,3.0,3.0,0.0,0.0,1.0,1.0,1.0,1.0,1.0,0.0,0.0,0.0,1.0,1.0,1.0,1.0,0.0,0.0,1.0,3.0,1.0,15.0,0.0,0.0,0.0,0.0,1.0,1.0,1.0,1.0,0.0,1.0,0.0,3.0,1.0,1.0,1.0,0.0,0.0,0.0,0.0,0.0,0.0,0.0,2.0,0.0,0.0,0.0,0.0,0.0,0.0,0.0,0.0,0.0,0.0,0.0,0.0,0.0,0.0,1.0,0.0,1.0,0.0,0.0,0.0,0.0,0.0,0.0,0.0,0.0,0.0,0.0,,,,,0.0,,,,,,,1.0,0.0,0.0,0.0,0.0,0.0,0.0,0.0,1.0,1.0,0.0,9.0,9.0,9.0,9.0,9.0,9.0,0.0,0.0,0.0,0.0,0.0,1.0,1.0,0.0,0.0,0.0,0.0,0.0,1.0,0.0,0.0,0.0,0.0,0.0,0.0,0.0,0.0,0.0,0.0,0.0,0.0,0.0,0.0,0.0,0.0,0.0,0.0,0.0,0.0,0.0,0.0,1.0,0.0
2025,Sul,4,Rio Grande do Sul,RS,43,Taquara,4321204,Porto Alegre,4301,Taquara - Parobé - Igrejinha,430004,Metropolitana de Porto Alegre,5,Gramado-Canela,24,Taquara,432120405,,,ESC EDUC PROF SENAC TAQUARA,43008003,4,1.0,1,0.0,GENERAL FROTA,2661,PREDIO,CENTRO,95600072,51.0,35415370.0,-2.964.782,-5.078.264,1,2.0,20JAN2025:00:00:00,18DEC2025:00:00:00,,,,,0.0,,,,,,,,,,,,,,,,,,,,0.0,0.0,0.0,0.0,0.0,1.0,0.0,"3,42271E+12","3,42271E+12",1.0,2.0,,,1.0,2.0,0.0,0.0,0.0,0.0,,0.0,0.0,0.0,1.0,1.0,0.0,0.0,0.0,0.0,0.0,1.0,0.0,1.0,0.0,1.0,0.0,0.0,0.0,0.0,1.0,0.0,0.0,0.0,0.0,1.0,0.0,0.0,0.0,1.0,0.0,0.0,0.0,1.0,0.0,1.0,0.0,0.0,1.0,1.0,1.0,0.0,0.0,0.0,0.0,1.0,1.0,0.0,0.0,0.0,0.0,0.0,0.0,0.0,0.0,0.0,0.0,0.0,0.0,0.0,0.0,1.0,0.0,1.0,0.0,1.0,0.0,0.0,0.0,0.0,1.0,1.0,0.0,0.0,0.0,1.0,0.0,1.0,0.0,1.0,15.0,0.0,15.0,15.0,15.0,0.0,0.0,1.0,0.0,0.0,1.0,0.0,0.0,0.0,0.0,1.0,1.0,1.0,7.0,1.0,1.0,1.0,7.0,1.0,96.0,0.0,0.0,0.0,0.0,1.0,1.0,1.0,1.0,0.0,1.0,1.0,3.0,1.0,9.0,3.0,0.0,0.0,0.0,0.0,0.0,0.0,0.0,1.0,1.0,0.0,0.0,1.0,0.0,0.0,0.0,0.0,0.0,1.0,0.0,0.0,1.0,0.0,1.0,0.0,1.0,0.0,0.0,0.0,0.0,0.0,0.0,0.0,1.0,0.0,0.0,,,,,0.0,,,,,,,1.0,1.0,1.0,0.0,0.0,0.0,0.0,0.0,1.0,0.0,0.0,9.0,9.0,9.0,9.0,9.0,9.0,0.0,0.0,0.0,0.0,0.0,1.0,1.0,0.0,0.0,0.0,0.0,0.0,1.0,0.0,0.0,0.0,0.0,0.0,0.0,0.0,0.0,0.0,0.0,0.0,0.0,0.0,0.0,0.0,0.0,0.0,0.0,0.0,0.0,0.0,0.0,1.0,0.0
2025,Sul,4,Rio Grande do Sul,RS,43,Torres,4321501,Porto Alegre,4301,Torres,430008,Metropolitana de Porto Alegre,5,Osório,27,Torres,432150105,,,ESC EDUC PROF SENAC TORRES,43008194,4,,1,,RUA JULIO DE CASTILHOS,423,LOJA 08,CENTRO,95560000,51.0,36264908.0,-2.933.679,-497.298,3,11.0,,,,,,,,,,,,,,,,,,,,,,,,,,,,,,,,,,,,,,,,,,,,,,,,,,,,,,,,,,,,,,,,,,,,,,,,,,,,,,,,,,,,,,,,,,,,,,,,,,,,,,,,,,,,,,,,,,,,,,,,,,,,,,,,,,,,,,,,,,,,,,,,,,,,,,,,,,,,,,,,,,,,,,,,,,,,,,,,,,,,,,,,,,,,,,,,,,,,,,,,,,,,,,,,,,,,,,,,,,,,,,,,,,,,,,,,,,,,,,,,,,,,,,,,,,,,,,,,,,,,,,,,,
2025,Sul,4,Rio Grande do Sul,RS,43,Torres,4321501,Porto Alegre,4301,Torres,430008,Metropolitana de Porto Alegre,5,Osório,27,Torres,432150105,,,SENAC TORRES,43221726,4,1.0,1,0.0,RUA JULIO DE CASTILHOS,423,SALA 1,CENTRO,95560000,51.0,997011705.0,,,1,11.0,06JAN2025:00:00:00,23DEC2025:00:00:00,,,,,0.0,,,,,,,,,,,,,,,,,,,,0.0,0.0,0.0,0.0,0.0,1.0,0.0,"3,42271E+12","3,42271E+12",1.0,2.0,,,1.0,2.0,0.0,0.0,0.0,0.0,,0.0,0.0,0.0,1.0,1.0,0.0,0.0,0.0,0.0,0.0,1.0,0.0,0.0,0.0,1.0,0.0,0.0,0.0,0.0,1.0,0.0,0.0,0.0,0.0,1.0,0.0,0.0,0.0,0.0,0.0,0.0,0.0,1.0,0.0,1.0,0.0,0.0,0.0,0.0,0.0,0.0,0.0,0.0,0.0,1.0,0.0,0.0,0.0,0.0,0.0,0.0,0.0,0.0,0.0,0.0,0.0,0.0,0.0,0.0,0.0,0.0,0.0,0.0,0.0,1.0,0.0,0.0,0.0,0.0,0.0,0.0,0.0,1.0,1.0,0.0,0.0,0.0,0.0,0.0,3.0,0.0,3.0,3.0,0.0,0.0,0.0,1.0,0.0,1.0,1.0,0.0,0.0,1.0,3.0,0.0,0.0,0.0,0.0,0.0,0.0,1.0,1.0,1.0,10.0,0.0,0.0,0.0,0.0,1.0,1.0,1.0,1.0,0.0,1.0,0.0,3.0,1.0,2.0,0.0,0.0,0.0,0.0,0.0,0.0,0.0,0.0,0.0,1.0,0.0,0.0,1.0,0.0,0.0,0.0,0.0,0.0,0.0,0.0,0.0,0.0,0.0,0.0,0.0,1.0,0.0,0.0,0.0,0.0,0.0,0.0,0.0,0.0,0.0,0.0,,,,,0.0,,,,,,,1.0,0.0,1.0,0.0,0.0,0.0,0.0,0.0,1.0,1.0,0.0,9.0,9.0,9.0,9.0,9.0,9.0,0.0,0.0,0.0,0.0,0.0,1.0,1.0,0.0,0.0,0.0,0.0,0.0,1.0,0.0,0.0,0.0,0.0,0.0,0.0,0.0,0.0,0.0,0.0,0.0,0.0,0.0,0.0,0.0,0.0,0.0,0.0,0.0,0.0,0.0,0.0,1.0,0.0
2025,Sul,4,Rio Grande do Sul,RS,43,Tramandaí,4321600,Porto Alegre,4301,Tramandaí - Osório,430003,Metropolitana de Porto Alegre,5,Osório,27,Tramandaí,432160005,,,ESC EDUC PROF SENAC - TRAMANDAI,43008968,4,1.0,1,0.0,AVENIDA RUBEM BERTA,1700,PREDIO,CENTRO,95590000,51.0,36615674.0,-2.999.153,-5.013.705,1,11.0,05JAN2025:00:00:00,30DEC2025:00:00:00,,,,,0.0,,,,,,,,,,,,,,,,,,,,0.0,0.0,0.0,0.0,0.0,1.0,0.0,"3,42271E+12","3,42271E+12",1.0,4.0,,,1.0,2.0,0.0,0.0,0.0,0.0,,0.0,1.0,0.0,1.0,1.0,0.0,0.0,0.0,0.0,0.0,1.0,0.0,0.0,0.0,1.0,0.0,0.0,0.0,0.0,1.0,0.0,0.0,0.0,0.0,0.0,0.0,1.0,0.0,1.0,0.0,0.0,0.0,1.0,0.0,1.0,0.0,0.0,1.0,1.0,0.0,0.0,0.0,0.0,0.0,1.0,0.0,0.0,0.0,0.0,0.0,0.0,0.0,0.0,0.0,0.0,0.0,0.0,0.0,0.0,0.0,1.0,0.0,1.0,0.0,1.0,0.0,0.0,0.0,0.0,0.0,1.0,1.0,0.0,0.0,1.0,0.0,1.0,0.0,0.0,22.0,6.0,28.0,22.0,6.0,0.0,0.0,1.0,1.0,1.0,1.0,1.0,0.0,0.0,0.0,1.0,2.0,1.0,20.0,0.0,0.0,1.0,3.0,1.0,70.0,1.0,1.0,0.0,0.0,1.0,1.0,1.0,1.0,0.0,1.0,1.0,3.0,1.0,3.0,4.0,0.0,0.0,0.0,0.0,0.0,0.0,0.0,1.0,1.0,1.0,0.0,1.0,0.0,0.0,0.0,0.0,0.0,1.0,0.0,0.0,1.0,0.0,1.0,0.0,0.0,0.0,0.0,0.0,0.0,0.0,0.0,0.0,0.0,0.0,0.0,,,,,0.0,,,,,,,1.0,1.0,0.0,0.0,0.0,0.0,0.0,0.0,1.0,1.0,0.0,9.0,9.0,9.0,9.0,9.0,9.0,0.0,0.0,0.0,0.0,0.0,1.0,1.0,0.0,0.0,0.0,0.0,0.0,1.0,0.0,0.0,0.0,0.0,0.0,0.0,0.0,0.0,0.0,0.0,0.0,0.0,0.0,0.0,0.0,0.0,0.0,0.0,0.0,0.0,0.0,0.0,1.0,0.0
2025,Sul,4,Rio Grande do Sul,RS,43,Viamão,4323002,Porto Alegre,4301,Porto Alegre,430001,Metropolitana de Porto Alegre,5,Porto Alegre,26,Viamão,432300205,,,EEP SENAC VIAMAO,43030041,4,1.0,1,0.0,REVERENDO AMERICO VESPUCIO CABRAL,154,PREDIO,CENTRO,94410300,51.0,34340391.0,-3.008.263,-5.103.274,1,28.0,03FEB2025:00:00:00,19DEC2025:00:00:00,,,,,0.0,,,,,,,,,,,,,,,,,,,,0.0,0.0,0.0,0.0,0.0,1.0,0.0,"3,42271E+12","3,42271E+12",1.0,3.0,,,1.0,2.0,0.0,0.0,0.0,0.0,,1.0,0.0,0.0,1.0,1.0,0.0,0.0,0.0,0.0,0.0,1.0,0.0,0.0,0.0,1.0,0.0,0.0,0.0,0.0,1.0,0.0,0.0,0.0,0.0,1.0,0.0,0.0,0.0,1.0,0.0,0.0,0.0,1.0,0.0,1.0,0.0,0.0,1.0,1.0,1.0,1.0,0.0,0.0,0.0,1.0,0.0,0.0,1.0,0.0,0.0,0.0,0.0,0.0,1.0,0.0,0.0,0.0,1.0,0.0,0.0,1.0,0.0,1.0,0.0,0.0,0.0,0.0,0.0,0.0,1.0,1.0,0.0,1.0,1.0,1.0,0.0,1.0,0.0,1.0,13.0,3.0,16.0,13.0,11.0,0.0,0.0,1.0,0.0,1.0,1.0,1.0,0.0,1.0,1.0,0.0,0.0,1.0,11.0,0.0,0.0,1.0,5.0,1.0,27.0,0.0,0.0,1.0,10.0,1.0,1.0,1.0,1.0,0.0,1.0,1.0,3.0,1.0,4.0,4.0,0.0,6.0,0.0,0.0,0.0,0.0,0.0,1.0,1.0,0.0,0.0,1.0,0.0,0.0,0.0,0.0,0.0,0.0,0.0,0.0,0.0,0.0,1.0,1.0,1.0,0.0,0.0,0.0,0.0,0.0,0.0,0.0,0.0,0.0,0.0,,,,,0.0,,,,,,,1.0,0.0,0.0,0.0,0.0,0.0,0.0,0.0,1.0,1.0,1.0,0.0,0.0,0.0,1.0,1.0,0.0,0.0,0.0,0.0,0.0,0.0,1.0,1.0,0.0,0.0,0.0,0.0,0.0,1.0,0.0,0.0,0.0,0.0,0.0,0.0,0.0,0.0,0.0,0.0,0.0,0.0,0.0,0.0,0.0,0.0,0.0,0.0,0.0,0.0,0.0,0.0,1.0,0.0
2025,Centro-Oeste,5,Mato Grosso do Sul,MS,50,Campo Grande,5002704,Campo Grande,5001,Campo Grande,500001,Centro Norte de Mato Grosso do Sul,2,Campo Grande,4,Campo Grande,500270405,,,CENTRO DE EDUCACAO PROFISSIONAL - SENAC CAMPO GRANDE,50028537,4,1.0,1,0.0,FRANCISCO CANDIDO XAVIER,75,,CENTRO,79002052,67.0,33126260.0,-204.681.462,-546.218.294,1,,13JAN2025:00:00:00,11DEC2025:00:00:00,,,,,0.0,,,,,,,,,,,,,,,,,,,,0.0,0.0,0.0,0.0,0.0,1.0,0.0,"3,64484E+12","3,64484E+12",0.0,,,,1.0,1.0,0.0,0.0,0.0,0.0,,0.0,0.0,0.0,1.0,1.0,0.0,0.0,0.0,0.0,0.0,0.0,0.0,1.0,0.0,1.0,0.0,0.0,0.0,0.0,1.0,0.0,0.0,0.0,0.0,0.0,0.0,0.0,1.0,1.0,0.0,0.0,1.0,1.0,0.0,1.0,1.0,1.0,1.0,1.0,1.0,0.0,0.0,0.0,1.0,1.0,1.0,1.0,1.0,0.0,0.0,0.0,0.0,0.0,1.0,1.0,0.0,0.0,0.0,1.0,1.0,1.0,1.0,1.0,0.0,0.0,1.0,0.0,0.0,0.0,1.0,1.0,1.0,1.0,1.0,0.0,1.0,1.0,0.0,1.0,46.0,0.0,46.0,33.0,33.0,0.0,0.0,1.0,1.0,1.0,1.0,1.0,0.0,1.0,25.0,1.0,33.0,0.0,0.0,1.0,12.0,1.0,34.0,1.0,112.0,1.0,321.0,1.0,14.0,1.0,1.0,1.0,1.0,1.0,1.0,1.0,3.0,1.0,10.0,12.0,1.0,0.0,5.0,0.0,0.0,0.0,0.0,7.0,0.0,0.0,1.0,0.0,2.0,2.0,0.0,0.0,0.0,1.0,0.0,0.0,1.0,0.0,0.0,0.0,1.0,0.0,0.0,0.0,0.0,1.0,0.0,0.0,0.0,0.0,0.0,,,,,0.0,,,,,,,1.0,0.0,0.0,0.0,0.0,0.0,0.0,0.0,1.0,0.0,1.0,0.0,0.0,0.0,1.0,0.0,0.0,0.0,0.0,0.0,0.0,0.0,1.0,1.0,0.0,0.0,0.0,0.0,0.0,1.0,0.0,0.0,0.0,0.0,0.0,0.0,0.0,0.0,0.0,0.0,0.0,0.0,0.0,0.0,0.0,0.0,0.0,0.0,0.0,0.0,0.0,0.0,1.0,0.0
2025,Centro-Oeste,5,Mato Grosso do Sul,MS,50,Campo Grande,5002704,Campo Grande,5001,Campo Grande,500001,Centro Norte de Mato Grosso do Sul,2,Campo Grande,4,Campo Grande,500270405,,,CENTRO DE EDUCACAO PROFISSIONAL-SENAC TURISMO E GASTRONOMIA,50034383,4,1.0,1,0.0,ANTONIO MARIA COELHO,3368,,CENTRO,79002221,67.0,33126260.0,,,1,,08JAN2025:00:00:00,16DEC2025:00:00:00,,,,,0.0,,,,,,,,,,,,,,,,,,,,0.0,0.0,0.0,0.0,0.0,1.0,0.0,"3,64484E+12","3,64484E+12",1.0,2.0,,,1.0,1.0,0.0,0.0,0.0,0.0,,0.0,0.0,0.0,1.0,1.0,0.0,0.0,0.0,0.0,0.0,1.0,0.0,1.0,0.0,1.0,0.0,0.0,0.0,0.0,0.0,0.0,0.0,1.0,0.0,1.0,0.0,0.0,0.0,1.0,0.0,1.0,1.0,1.0,0.0,1.0,1.0,1.0,1.0,1.0,1.0,1.0,0.0,0.0,0.0,1.0,1.0,1.0,0.0,0.0,0.0,0.0,0.0,0.0,0.0,0.0,0.0,0.0,0.0,0.0,1.0,1.0,1.0,1.0,0.0,0.0,0.0,0.0,0.0,0.0,1.0,1.0,1.0,1.0,1.0,1.0,1.0,1.0,0.0,1.0,10.0,0.0,10.0,10.0,10.0,0.0,0.0,1.0,0.0,0.0,1.0,0.0,0.0,0.0,0.0,1.0,10.0,1.0,4.0,1.0,7.0,1.0,7.0,1.0,88888.0,1.0,8.0,0.0,0.0,1.0,1.0,1.0,1.0,1.0,1.0,1.0,3.0,1.0,2.0,2.0,0.0,0.0,2.0,0.0,0.0,0.0,0.0,0.0,0.0,0.0,0.0,1.0,0.0,0.0,0.0,0.0,0.0,1.0,0.0,0.0,1.0,0.0,1.0,0.0,1.0,0.0,0.0,0.0,0.0,0.0,1.0,0.0,0.0,0.0,0.0,,,,,0.0,,,,,,,1.0,0.0,0.0,0.0,0.0,0.0,0.0,0.0,1.0,1.0,0.0,9.0,9.0,9.0,9.0,9.0,9.0,0.0,0.0,0.0,0.0,0.0,1.0,1.0,0.0,0.0,0.0,0.0,0.0,1.0,0.0,0.0,0.0,0.0,0.0,0.0,0.0,0.0,0.0,0.0,0.0,0.0,0.0,0.0,0.0,0.0,0.0,0.0,0.0,0.0,0.0,0.0,1.0,0.0
2025,Centro-Oeste,5,Mato Grosso do Sul,MS,50,Corumbá,5003207,Corumbá,5003,Corumbá,500010,Pantanais Sul Mato-grossense,1,Baixo Pantanal,1,Corumbá,500320705,,,CENTRO DE EDUCACAO PROFISSIONAL - SENAC CORUMBA,50055801,4,1.0,1,0.0,CUIABA,1042,,CENTRO,79300060,67.0,32342002.0,-190.032.915,-576.521.877,1,,08JAN2025:00:00:00,16DEC2025:00:00:00,,,,,0.0,,,,,,,,,,,,,,,,,,,,0.0,0.0,0.0,0.0,0.0,1.0,0.0,"3,64484E+12","3,64484E+12",1.0,2.0,,,1.0,2.0,0.0,0.0,0.0,0.0,,0.0,0.0,0.0,1.0,1.0,0.0,0.0,0.0,0.0,0.0,1.0,0.0,1.0,0.0,1.0,0.0,0.0,0.0,0.0,1.0,0.0,0.0,1.0,0.0,1.0,0.0,0.0,0.0,1.0,0.0,0.0,1.0,1.0,0.0,1.0,1.0,0.0,1.0,1.0,0.0,0.0,0.0,0.0,0.0,1.0,1.0,0.0,0.0,0.0,0.0,0.0,0.0,0.0,0.0,0.0,0.0,0.0,0.0,0.0,0.0,1.0,0.0,0.0,0.0,0.0,0.0,0.0,0.0,0.0,0.0,0.0,0.0,1.0,0.0,0.0,0.0,1.0,0.0,0.0,8.0,0.0,8.0,8.0,8.0,0.0,0.0,1.0,0.0,0.0,1.0,0.0,0.0,0.0,0.0,1.0,10.0,1.0,1.0,1.0,4.0,1.0,9.0,1.0,60.0,1.0,6.0,0.0,0.0,1.0,1.0,1.0,1.0,0.0,1.0,0.0,3.0,1.0,6.0,3.0,0.0,0.0,1.0,0.0,0.0,0.0,0.0,0.0,0.0,0.0,0.0,1.0,0.0,0.0,0.0,0.0,0.0,1.0,0.0,0.0,1.0,0.0,0.0,0.0,0.0,0.0,0.0,0.0,0.0,0.0,0.0,0.0,0.0,0.0,0.0,,,,,0.0,,,,,,,1.0,0.0,0.0,0.0,0.0,0.0,0.0,0.0,1.0,1.0,0.0,9.0,9.0,9.0,9.0,9.0,9.0,0.0,0.0,0.0,0.0,0.0,1.0,1.0,0.0,0.0,0.0,0.0,0.0,1.0,0.0,0.0,0.0,0.0,0.0,0.0,0.0,0.0,0.0,0.0,0.0,0.0,0.0,0.0,0.0,0.0,0.0,0.0,0.0,0.0,0.0,0.0,1.0,0.0
2025,Centro-Oeste,5,Mato Grosso do Sul,MS,50,Dourados,5003702,Dourados,5002,Dourados,500005,Sudoeste de Mato Grosso do Sul,4,Dourados,10,Dourados,500370205,,,CENTRO DE EDUCACAO PROFISSIONAL - SENAC DOURADOS,50028561,4,1.0,1,0.0,CAMPO GRANDE,240,,JARDIM LONDRINA,79814150,67.0,34112400.0,-222.376.594,-548.132.042,1,,08JAN2025:00:00:00,16DEC2025:00:00:00,,,,,0.0,,,,,,,,,,,,,,,,,,,,0.0,0.0,0.0,0.0,0.0,1.0,0.0,"3,64484E+12","3,64484E+12",0.0,,,,1.0,1.0,0.0,0.0,0.0,0.0,,0.0,0.0,0.0,1.0,1.0,0.0,0.0,0.0,0.0,0.0,1.0,0.0,1.0,0.0,1.0,0.0,0.0,0.0,0.0,1.0,0.0,0.0,0.0,0.0,1.0,0.0,0.0,0.0,1.0,0.0,0.0,1.0,1.0,0.0,1.0,1.0,1.0,1.0,1.0,1.0,0.0,0.0,0.0,0.0,1.0,1.0,0.0,0.0,0.0,0.0,0.0,0.0,0.0,0.0,0.0,0.0,0.0,0.0,0.0,0.0,1.0,0.0,1.0,0.0,1.0,0.0,0.0,0.0,0.0,1.0,0.0,0.0,1.0,1.0,0.0,0.0,0.0,0.0,0.0,10.0,0.0,10.0,10.0,10.0,0.0,0.0,1.0,1.0,1.0,1.0,1.0,0.0,0.0,0.0,1.0,9.0,1.0,6.0,1.0,1.0,1.0,10.0,1.0,79.0,1.0,32.0,0.0,0.0,1.0,1.0,1.0,1.0,0.0,1.0,1.0,3.0,1.0,0.0,3.0,0.0,0.0,0.0,0.0,0.0,0.0,0.0,3.0,0.0,0.0,0.0,6.0,0.0,0.0,0.0,0.0,0.0,1.0,0.0,1.0,1.0,0.0,1.0,0.0,1.0,0.0,0.0,0.0,0.0,0.0,0.0,0.0,0.0,0.0,0.0,,,,,0.0,,,,,,,1.0,1.0,0.0,0.0,0.0,0.0,0.0,0.0,1.0,0.0,0.0,9.0,9.0,9.0,9.0,9.0,9.0,0.0,0.0,0.0,0.0,0.0,1.0,1.0,0.0,0.0,0.0,0.0,0.0,1.0,0.0,0.0,0.0,0.0,0.0,0.0,0.0,0.0,0.0,0.0,0.0,0.0,0.0,0.0,0.0,0.0,0.0,0.0,0.0,0.0,0.0,0.0,1.0,0.0
2025,Centro-Oeste,5,Mato Grosso do Sul,MS,50,Naviraí,5005707,Dourados,5002,Naviraí - Mundo Novo,500006,Sudoeste de Mato Grosso do Sul,4,Iguatemi,11,Naviraí,500570705,,,CENTRO DE EDUCACAO PROFISSIONAL - SENAC NAVIRAI,50032500,4,,1,,BELA,,,JARDIM VALE ENCANTADO,79947262,67.0,34090400.0,,,2,,,,,,,,,,,,,,,,,,,,,,,,,,,,,,,,,,,,,,,,,,,,,,,,,,,,,,,,,,,,,,,,,,,,,,,,,,,,,,,,,,,,,,,,,,,,,,,,,,,,,,,,,,,,,,,,,,,,,,,,,,,,,,,,,,,,,,,,,,,,,,,,,,,,,,,,,,,,,,,,,,,,,,,,,,,,,,,,,,,,,,,,,,,,,,,,,,,,,,,,,,,,,,,,,,,,,,,,,,,,,,,,,,,,,,,,,,,,,,,,,,,,,,,,,,,,,,,,,,,,,,,,,,
2025,Centro-Oeste,5,Mato Grosso do Sul,MS,50,Ponta Porã,5006606,Dourados,5002,Ponta Porã,500008,Sudoeste de Mato Grosso do Sul,4,Dourados,10,Ponta Porã,500660605,,,SENAC PONTA PORA,50034316,4,1.0,1,0.0,7 DE SETEMBRO,828,,CENTRO,79904652,67.0,34314342.0,-2.253.598.576,-5.572.303.313,1,,08JAN2025:00:00:00,16DEC2025:00:00:00,,,,,0.0,,,,,,,,,,,,,,,,,,,,0.0,0.0,0.0,0.0,0.0,1.0,0.0,"3,64484E+12","3,64484E+12",1.0,2.0,,,1.0,2.0,0.0,0.0,0.0,0.0,,0.0,0.0,0.0,1.0,1.0,0.0,0.0,0.0,0.0,0.0,1.0,0.0,0.0,0.0,1.0,0.0,0.0,0.0,0.0,1.0,0.0,0.0,0.0,0.0,1.0,0.0,0.0,0.0,1.0,0.0,0.0,0.0,1.0,0.0,1.0,0.0,1.0,1.0,1.0,1.0,0.0,0.0,0.0,0.0,1.0,0.0,0.0,0.0,0.0,0.0,0.0,0.0,0.0,0.0,0.0,0.0,0.0,0.0,0.0,0.0,0.0,0.0,0.0,0.0,0.0,0.0,0.0,0.0,0.0,1.0,1.0,0.0,0.0,0.0,0.0,0.0,1.0,0.0,0.0,6.0,0.0,6.0,6.0,6.0,0.0,0.0,1.0,1.0,1.0,0.0,1.0,0.0,0.0,0.0,1.0,5.0,1.0,1.0,1.0,1.0,1.0,5.0,1.0,47.0,1.0,9.0,0.0,0.0,1.0,1.0,1.0,1.0,0.0,1.0,1.0,2.0,1.0,2.0,1.0,0.0,0.0,1.0,0.0,0.0,0.0,0.0,0.0,0.0,0.0,0.0,1.0,0.0,0.0,0.0,0.0,0.0,1.0,0.0,1.0,1.0,0.0,0.0,0.0,1.0,0.0,0.0,0.0,0.0,0.0,0.0,0.0,0.0,0.0,0.0,,,,,1.0,0.0,1.0,0.0,0.0,0.0,0.0,1.0,0.0,0.0,0.0,0.0,0.0,0.0,0.0,1.0,1.0,0.0,9.0,9.0,9.0,9.0,9.0,9.0,0.0,0.0,0.0,0.0,0.0,1.0,1.0,0.0,0.0,0.0,0.0,0.0,1.0,0.0,0.0,0.0,0.0,0.0,0.0,0.0,0.0,0.0,0.0,0.0,0.0,0.0,0.0,0.0,0.0,0.0,0.0,0.0,0.0,0.0,0.0,1.0,0.0
2025,Centro-Oeste,5,Mato Grosso do Sul,MS,50,Três Lagoas,5008305,Campo Grande,5001,Três Lagoas,500002,Leste de Mato Grosso do Sul,3,Três Lagoas,7,Três Lagoas,500830505,,,CENTRO DE EDUCACAO PROFISSIONAL - SENAC TRES LAGOAS,50030280,4,1.0,1,0.0,ANTONIO TRAJANO DOS SANTOS,216,,CENTRO,79601002,67.0,35095110.0,-207.896.655,-517.079.855,1,,08JAN2025:00:00:00,16DEC2025:00:00:00,,,,,0.0,,,,,,,,,,,,,,,,,,,,0.0,0.0,0.0,0.0,0.0,1.0,0.0,"3,64484E+12","3,64484E+12",0.0,,,,1.0,1.0,0.0,0.0,0.0,0.0,,0.0,0.0,0.0,1.0,1.0,0.0,0.0,0.0,0.0,0.0,1.0,0.0,0.0,0.0,1.0,0.0,0.0,0.0,0.0,1.0,0.0,0.0,0.0,0.0,1.0,0.0,0.0,0.0,0.0,0.0,0.0,0.0,1.0,0.0,1.0,0.0,0.0,1.0,1.0,1.0,0.0,0.0,0.0,0.0,1.0,1.0,0.0,0.0,0.0,0.0,0.0,0.0,0.0,0.0,0.0,0.0,0.0,1.0,0.0,0.0,1.0,0.0,0.0,0.0,0.0,0.0,0.0,0.0,0.0,1.0,1.0,0.0,1.0,0.0,0.0,0.0,0.0,0.0,1.0,8.0,0.0,8.0,8.0,8.0,0.0,0.0,1.0,0.0,0.0,1.0,1.0,0.0,1.0,8.0,1.0,8.0,1.0,1.0,1.0,1.0,0.0,0.0,1.0,44.0,1.0,30.0,0.0,0.0,1.0,1.0,1.0,1.0,1.0,1.0,1.0,3.0,1.0,0.0,3.0,0.0,0.0,0.0,0.0,0.0,0.0,0.0,2.0,0.0,0.0,0.0,2.0,0.0,0.0,0.0,0.0,0.0,1.0,0.0,0.0,0.0,0.0,0.0,0.0,1.0,0.0,0.0,0.0,0.0,0.0,0.0,0.0,0.0,0.0,0.0,,,,,0.0,,,,,,,1.0,0.0,0.0,0.0,0.0,0.0,0.0,0.0,1.0,1.0,1.0,0.0,0.0,0.0,1.0,1.0,0.0,0.0,0.0,0.0,0.0,0.0,1.0,1.0,0.0,0.0,0.0,0.0,0.0,1.0,0.0,0.0,0.0,0.0,0.0,0.0,0.0,0.0,0.0,0.0,0.0,0.0,0.0,0.0,0.0,0.0,0.0,0.0,0.0,0.0,0.0,0.0,1.0,0.0
2025,Centro-Oeste,5,Mato Grosso,MT,51,Sinop,5107909,Sinop,5103,Sinop,510007,Norte Mato-grossense,1,Sinop,7,Sinop,510790905,,,CEP SENAC SINOP,51071789,4,1.0,1,0.0,DAS SIBIPIRUNAS,3662,,SETOR COMERCIAL,78550262,66.0,999086204.0,,,1,51013.0,01MAR2025:00:00:00,27MAY2026:00:00:00,,,,,1.0,2.0,0.0,0.0,0.0,1.0,0.0,0.0,,,,,,,0.0,0.0,0.0,1.0,0.0,0.0,0.0,0.0,0.0,0.0,0.0,1.0,0.0,"3,65887E+12","3,65887E+12",1.0,2.0,,,1.0,2.0,0.0,0.0,0.0,0.0,,1.0,0.0,0.0,1.0,1.0,0.0,0.0,0.0,0.0,0.0,1.0,0.0,0.0,0.0,1.0,0.0,0.0,0.0,0.0,1.0,0.0,0.0,0.0,0.0,1.0,0.0,0.0,0.0,1.0,0.0,0.0,0.0,1.0,0.0,1.0,0.0,0.0,0.0,0.0,1.0,0.0,0.0,0.0,0.0,1.0,0.0,0.0,0.0,0.0,0.0,0.0,0.0,0.0,0.0,0.0,0.0,0.0,0.0,0.0,0.0,0.0,0.0,0.0,0.0,1.0,0.0,0.0,0.0,0.0,1.0,1.0,0.0,0.0,1.0,0.0,0.0,0.0,0.0,0.0,9.0,8.0,17.0,7.0,7.0,0.0,0.0,1.0,0.0,1.0,0.0,0.0,0.0,0.0,0.0,1.0,2.0,1.0,1.0,1.0,10.0,1.0,7.0,1.0,20.0,1.0,20.0,0.0,0.0,1.0,1.0,1.0,0.0,1.0,1.0,1.0,3.0,1.0,2.0,3.0,1.0,1.0,1.0,0.0,1.0,1.0,4.0,6.0,1.0,2.0,2.0,1.0,1.0,1.0,1.0,0.0,0.0,0.0,0.0,0.0,0.0,0.0,0.0,0.0,1.0,0.0,0.0,0.0,0.0,0.0,0.0,0.0,0.0,0.0,0.0,,,,,1.0,0.0,0.0,0.0,0.0,0.0,1.0,1.0,0.0,1.0,0.0,0.0,1.0,0.0,0.0,0.0,1.0,0.0,9.0,9.0,9.0,9.0,9.0,9.0,0.0,0.0,1.0,0.0,1.0,1.0,1.0,0.0,0.0,0.0,0.0,0.0,1.0,0.0,0.0,0.0,0.0,0.0,0.0,0.0,0.0,0.0,0.0,0.0,0.0,0.0,0.0,0.0,0.0,0.0,0.0,0.0,0.0,0.0,0.0,1.0,0.0
2025,Centro-Oeste,5,Goiás,GO,52,Aparecida de Goiânia,5201405,Goiânia,5201,Goiânia,520001,Centro Goiano,3,Goiânia,10,Aparecida de Goiânia,520140505,,,SENAC - CENTRO DE EDUCACAO PROFISSIONAL EM APARECIDA DE GOIANIA,52233367,4,1.0,1,0.0,DONA MARIA CARDOSO,,Q.29 LT.06/09 19/22,VILA SAO TOMAZ,74915520,62.0,35244500.0,-167.510.055,-49.273.844,1,4.0,20JAN2025:00:00:00,19DEC2025:00:00:00,,,,,1.0,2.0,0.0,0.0,0.0,1.0,0.0,0.0,,,,,,,0.0,0.0,0.0,1.0,0.0,0.0,0.0,0.0,0.0,0.0,1.0,1.0,1.0,"3,60848E+12","3,60848E+12",1.0,2.0,,,1.0,1.0,0.0,0.0,0.0,0.0,,0.0,0.0,0.0,1.0,1.0,0.0,0.0,0.0,0.0,0.0,1.0,0.0,0.0,0.0,1.0,0.0,0.0,0.0,0.0,1.0,0.0,0.0,0.0,0.0,0.0,0.0,0.0,1.0,1.0,1.0,0.0,1.0,1.0,0.0,1.0,1.0,0.0,0.0,1.0,1.0,1.0,0.0,0.0,0.0,1.0,0.0,0.0,0.0,0.0,0.0,0.0,0.0,0.0,0.0,0.0,0.0,0.0,0.0,0.0,0.0,1.0,1.0,1.0,0.0,1.0,0.0,0.0,0.0,0.0,1.0,1.0,0.0,1.0,1.0,0.0,0.0,0.0,0.0,0.0,25.0,0.0,25.0,25.0,25.0,0.0,0.0,1.0,0.0,1.0,0.0,0.0,0.0,1.0,1.0,1.0,1.0,1.0,2.0,0.0,0.0,1.0,20.0,1.0,153.0,1.0,1.0,1.0,1.0,1.0,1.0,1.0,1.0,0.0,1.0,1.0,3.0,1.0,6.0,8.0,0.0,0.0,0.0,0.0,0.0,1.0,0.0,4.0,1.0,2.0,1.0,2.0,0.0,1.0,0.0,0.0,0.0,1.0,0.0,0.0,1.0,0.0,1.0,1.0,0.0,1.0,0.0,0.0,0.0,0.0,0.0,0.0,0.0,0.0,0.0,,,,,0.0,,,,,,,1.0,9.0,9.0,0.0,0.0,1.0,0.0,0.0,0.0,9.0,0.0,9.0,9.0,9.0,9.0,9.0,9.0,0.0,0.0,1.0,0.0,1.0,1.0,1.0,0.0,0.0,0.0,0.0,0.0,1.0,0.0,0.0,0.0,0.0,0.0,0.0,0.0,0.0,0.0,0.0,0.0,0.0,0.0,0.0,0.0,0.0,0.0,0.0,0.0,0.0,0.0,0.0,1.0,0.0
2025,Centro-Oeste,5,Goiás,GO,52,Caldas Novas,5204508,Itumbiara,5202,Caldas Novas-Morrinhos,520008,Sul Goiano,5,Meia Ponte,15,Caldas Novas,520450805,,,SENAC - CENTRO DE EDUCACAO PROFISSIONAL VALERIA JAIME PEIXOTO PERILLO,52234363,4,1.0,1,0.0,TIRADENTES,S/N,LT. SR-08 D,ESTANCIA ITANHANGA,75680350,64.0,34531241.0,-177.489.373,-486.323.996,1,22.0,06JAN2025:00:00:00,19DEC2025:00:00:00,,,,,1.0,2.0,0.0,0.0,0.0,1.0,0.0,0.0,,,,,,,0.0,0.0,0.0,1.0,0.0,0.0,0.0,0.0,0.0,0.0,0.0,1.0,0.0,"3,60848E+12","3,60848E+12",1.0,2.0,,,1.0,1.0,0.0,0.0,0.0,0.0,,0.0,0.0,0.0,1.0,1.0,0.0,0.0,0.0,0.0,0.0,1.0,0.0,0.0,0.0,1.0,0.0,0.0,0.0,0.0,1.0,0.0,0.0,0.0,0.0,1.0,0.0,1.0,0.0,0.0,0.0,0.0,1.0,1.0,0.0,1.0,1.0,0.0,0.0,1.0,1.0,1.0,0.0,0.0,0.0,1.0,1.0,0.0,0.0,0.0,0.0,0.0,0.0,0.0,0.0,0.0,0.0,0.0,0.0,0.0,0.0,1.0,1.0,1.0,0.0,1.0,0.0,0.0,0.0,0.0,1.0,1.0,0.0,1.0,1.0,0.0,0.0,1.0,0.0,0.0,16.0,0.0,16.0,16.0,16.0,0.0,0.0,1.0,0.0,0.0,1.0,1.0,0.0,1.0,2.0,1.0,6.0,1.0,2.0,0.0,0.0,1.0,16.0,1.0,74.0,1.0,9.0,0.0,0.0,1.0,1.0,1.0,1.0,0.0,1.0,1.0,3.0,1.0,6.0,3.0,0.0,8.0,0.0,0.0,0.0,0.0,0.0,2.0,1.0,2.0,0.0,0.0,0.0,0.0,0.0,0.0,0.0,0.0,0.0,0.0,1.0,0.0,0.0,0.0,1.0,0.0,0.0,0.0,0.0,0.0,0.0,0.0,0.0,0.0,0.0,,,,,0.0,,,,,,,1.0,0.0,0.0,0.0,0.0,0.0,0.0,0.0,1.0,0.0,1.0,0.0,0.0,0.0,1.0,0.0,0.0,0.0,0.0,1.0,0.0,1.0,1.0,1.0,0.0,0.0,0.0,0.0,0.0,1.0,0.0,0.0,0.0,0.0,0.0,0.0,0.0,0.0,0.0,0.0,0.0,0.0,0.0,0.0,0.0,0.0,0.0,0.0,0.0,0.0,0.0,0.0,1.0,0.0
2025,Centro-Oeste,5,Goiás,GO,52,Catalão,5205109,Goiânia,5201,Catalão,520004,Sul Goiano,5,Catalão,17,Catalão,520510905,,,SENAC - CENTRO DE EDUCACAO PROFISSIONAL CATALAO,52235351,4,1.0,1,0.0,RUA WAGNER ESTELITA CAMPOS,157,,SETOR CENTRAL,75701290,64.0,30405870.0,-181.675.236,-479.410.098,1,6.0,06JAN2025:00:00:00,19DEC2025:00:00:00,,,,,1.0,2.0,0.0,0.0,0.0,1.0,0.0,0.0,,,,,,,0.0,0.0,0.0,1.0,0.0,0.0,0.0,0.0,0.0,0.0,1.0,1.0,1.0,"3,60848E+12","3,60848E+12",1.0,2.0,,,1.0,1.0,0.0,0.0,0.0,0.0,,1.0,0.0,0.0,1.0,1.0,0.0,0.0,0.0,0.0,0.0,1.0,0.0,0.0,0.0,1.0,0.0,0.0,0.0,0.0,1.0,0.0,0.0,0.0,0.0,1.0,0.0,0.0,0.0,1.0,0.0,0.0,1.0,1.0,0.0,1.0,1.0,0.0,1.0,1.0,1.0,1.0,0.0,0.0,1.0,1.0,1.0,0.0,1.0,0.0,0.0,0.0,0.0,0.0,0.0,0.0,0.0,0.0,0.0,0.0,0.0,1.0,1.0,1.0,0.0,1.0,0.0,0.0,0.0,0.0,1.0,1.0,0.0,1.0,1.0,0.0,0.0,1.0,0.0,0.0,26.0,0.0,26.0,26.0,0.0,0.0,0.0,1.0,0.0,0.0,1.0,0.0,0.0,0.0,0.0,1.0,2.0,1.0,2.0,0.0,0.0,1.0,20.0,1.0,86.0,0.0,0.0,0.0,0.0,1.0,1.0,1.0,1.0,0.0,1.0,0.0,3.0,1.0,3.0,4.0,0.0,0.0,0.0,0.0,0.0,0.0,0.0,2.0,1.0,0.0,0.0,2.0,0.0,0.0,0.0,0.0,0.0,1.0,0.0,1.0,1.0,0.0,0.0,0.0,1.0,0.0,0.0,0.0,0.0,0.0,0.0,0.0,0.0,0.0,0.0,,,,,0.0,,,,,,,1.0,0.0,0.0,0.0,0.0,0.0,0.0,0.0,1.0,0.0,0.0,9.0,9.0,9.0,9.0,9.0,9.0,0.0,0.0,1.0,0.0,1.0,1.0,1.0,0.0,0.0,0.0,0.0,0.0,1.0,0.0,0.0,0.0,0.0,0.0,0.0,0.0,0.0,0.0,0.0,0.0,0.0,0.0,0.0,0.0,0.0,0.0,0.0,0.0,0.0,0.0,0.0,1.0,0.0
2025,Centro-Oeste,5,Goiás,GO,52,Goiânia,5208707,Goiânia,5201,Goiânia,520001,Centro Goiano,3,Goiânia,10,Goiânia,520870705,,,SENAC - CENTRO EDUCACAO PROFISSIONAL CORA CORALINA,52091350,4,1.0,1,0.0,CAIAPO,909,QD 89 LT 41/47,SANTA GENOVEVA,74672400,62.0,33096300.0,,,1,2.0,01JAN2025:00:00:00,18DEC2025:00:00:00,,,,,1.0,2.0,0.0,0.0,0.0,1.0,0.0,0.0,,,,,,,0.0,0.0,0.0,1.0,0.0,0.0,0.0,0.0,0.0,0.0,1.0,1.0,0.0,"3,60848E+12","3,60848E+12",1.0,2.0,,,1.0,1.0,0.0,0.0,0.0,0.0,,0.0,0.0,0.0,1.0,1.0,0.0,0.0,0.0,0.0,0.0,1.0,0.0,0.0,0.0,1.0,0.0,0.0,0.0,0.0,1.0,0.0,0.0,0.0,0.0,1.0,0.0,0.0,0.0,1.0,0.0,0.0,1.0,1.0,0.0,1.0,1.0,0.0,0.0,1.0,1.0,1.0,0.0,0.0,0.0,1.0,1.0,0.0,1.0,0.0,0.0,0.0,0.0,0.0,0.0,0.0,0.0,0.0,0.0,0.0,0.0,1.0,1.0,1.0,0.0,1.0,0.0,0.0,0.0,0.0,1.0,1.0,1.0,1.0,1.0,0.0,1.0,1.0,0.0,0.0,10.0,1.0,11.0,11.0,11.0,0.0,0.0,1.0,1.0,1.0,1.0,0.0,0.0,1.0,1.0,1.0,1.0,1.0,1.0,0.0,0.0,1.0,14.0,1.0,115.0,1.0,1.0,0.0,0.0,1.0,1.0,1.0,1.0,0.0,1.0,1.0,3.0,1.0,5.0,1.0,0.0,0.0,0.0,0.0,0.0,1.0,0.0,3.0,1.0,0.0,0.0,0.0,0.0,0.0,0.0,0.0,0.0,1.0,0.0,0.0,1.0,0.0,0.0,0.0,1.0,0.0,0.0,0.0,0.0,0.0,0.0,0.0,0.0,0.0,0.0,,,,,0.0,,,,,,,1.0,1.0,1.0,0.0,0.0,0.0,0.0,0.0,1.0,1.0,0.0,9.0,9.0,9.0,9.0,9.0,9.0,0.0,0.0,1.0,0.0,1.0,1.0,1.0,0.0,0.0,0.0,0.0,0.0,1.0,0.0,0.0,0.0,0.0,0.0,0.0,0.0,0.0,0.0,0.0,0.0,0.0,0.0,0.0,0.0,0.0,0.0,0.0,0.0,0.0,0.0,0.0,1.0,0.0
2025,Centro-Oeste,5,Goiás,GO,52,Goiânia,5208707,Goiânia,5201,Goiânia,520001,Centro Goiano,3,Goiânia,10,Goiânia,520870705,,,SENAC - CENTRO DE EDUCACAO PROFISSIONAL ELIAS BUFAICAL,52091368,4,1.0,1,0.0,31 A,43,,SETOR AEROPORTO,74075470,62.0,32195160.0,-166.748,-4.927.242,1,2.0,02JAN2025:00:00:00,24DEC2025:00:00:00,,,,,0.0,,,,,,,,,,,,,,,,,,,,0.0,0.0,0.0,0.0,0.0,1.0,0.0,"3,60848E+12","3,60848E+12",1.0,2.0,,,1.0,1.0,0.0,0.0,0.0,0.0,,0.0,0.0,0.0,1.0,1.0,0.0,0.0,0.0,0.0,0.0,1.0,0.0,0.0,0.0,1.0,0.0,0.0,0.0,0.0,1.0,0.0,0.0,0.0,0.0,1.0,0.0,0.0,0.0,1.0,1.0,0.0,0.0,1.0,0.0,1.0,1.0,0.0,0.0,0.0,1.0,0.0,0.0,0.0,0.0,1.0,1.0,0.0,1.0,0.0,0.0,0.0,0.0,0.0,1.0,1.0,0.0,0.0,0.0,0.0,0.0,1.0,0.0,1.0,0.0,1.0,0.0,0.0,0.0,0.0,1.0,1.0,1.0,0.0,0.0,0.0,1.0,1.0,0.0,0.0,25.0,4.0,29.0,25.0,29.0,0.0,0.0,1.0,0.0,1.0,1.0,1.0,0.0,0.0,0.0,1.0,25.0,1.0,2.0,0.0,0.0,1.0,20.0,1.0,88888.0,1.0,3.0,0.0,0.0,1.0,1.0,1.0,1.0,0.0,1.0,1.0,3.0,1.0,88888.0,15.0,0.0,0.0,0.0,0.0,0.0,0.0,0.0,5.0,1.0,0.0,2.0,2.0,0.0,0.0,0.0,0.0,0.0,1.0,0.0,1.0,1.0,0.0,0.0,0.0,1.0,0.0,0.0,0.0,0.0,1.0,0.0,0.0,0.0,0.0,0.0,,,,,0.0,,,,,,,1.0,1.0,0.0,0.0,0.0,0.0,0.0,0.0,1.0,1.0,0.0,9.0,9.0,9.0,9.0,9.0,9.0,0.0,0.0,1.0,0.0,1.0,1.0,1.0,0.0,0.0,0.0,0.0,0.0,1.0,0.0,0.0,0.0,0.0,0.0,0.0,0.0,0.0,0.0,0.0,0.0,0.0,0.0,0.0,0.0,0.0,0.0,0.0,0.0,0.0,0.0,0.0,1.0,0.0
2025,Centro-Oeste,5,Goiás,GO,52,Iporá,5210208,São Luís de Montes Belos - Iporá,5204,Iporá,520014,Centro Goiano,3,Iporá,8,Iporá,521020805,,,SENAC - CENTRO DE EDUCACAO PROFISSIONAL EM IPORA,52233359,4,1.0,1,0.0,24 DE OUTUBRO A,480,,CENTRO,76200075,64.0,36960027.0,-164.475.267,-511.232.517,1,13.0,20JAN2025:00:00:00,19DEC2025:00:00:00,,,,,1.0,2.0,0.0,0.0,0.0,1.0,0.0,0.0,,,,,,,0.0,0.0,0.0,1.0,0.0,0.0,0.0,0.0,0.0,0.0,0.0,1.0,0.0,"3,60848E+12","3,60848E+12",1.0,2.0,,,1.0,1.0,0.0,0.0,0.0,0.0,,0.0,0.0,0.0,1.0,1.0,0.0,0.0,0.0,0.0,0.0,1.0,0.0,0.0,0.0,1.0,0.0,0.0,0.0,0.0,1.0,0.0,0.0,0.0,0.0,0.0,0.0,0.0,1.0,1.0,0.0,0.0,0.0,1.0,0.0,1.0,1.0,0.0,0.0,0.0,0.0,0.0,0.0,0.0,0.0,1.0,0.0,1.0,0.0,0.0,0.0,0.0,0.0,0.0,0.0,0.0,0.0,0.0,0.0,0.0,0.0,1.0,0.0,1.0,0.0,1.0,0.0,0.0,0.0,0.0,1.0,0.0,0.0,1.0,1.0,0.0,0.0,1.0,0.0,0.0,2.0,0.0,2.0,2.0,2.0,0.0,0.0,1.0,1.0,1.0,1.0,1.0,0.0,0.0,0.0,0.0,0.0,0.0,0.0,0.0,0.0,1.0,1.0,1.0,14.0,0.0,0.0,0.0,0.0,1.0,1.0,1.0,1.0,0.0,1.0,0.0,1.0,1.0,0.0,1.0,0.0,0.0,0.0,0.0,0.0,0.0,0.0,0.0,1.0,0.0,1.0,1.0,0.0,0.0,0.0,0.0,0.0,0.0,0.0,0.0,0.0,0.0,0.0,0.0,1.0,0.0,0.0,0.0,0.0,0.0,0.0,0.0,0.0,0.0,0.0,,,,,1.0,0.0,0.0,0.0,0.0,0.0,1.0,1.0,0.0,0.0,0.0,0.0,1.0,0.0,0.0,0.0,1.0,1.0,1.0,0.0,0.0,0.0,0.0,0.0,0.0,0.0,2.0,0.0,1.0,0.0,1.0,0.0,0.0,0.0,0.0,0.0,0.0,0.0,0.0,0.0,0.0,0.0,0.0,0.0,0.0,0.0,0.0,0.0,0.0,0.0,0.0,0.0,0.0,0.0,0.0,0.0,0.0,0.0,0.0,0.0,0.0
2025,Centro-Oeste,5,Goiás,GO,52,Jataí,5211909,Rio Verde,5203,Jataí-Mineiros,520011,Sul Goiano,5,Sudoeste de Goiás,13,Jataí,521190905,,,SERVICO NACIONAL DE APRENDIZAGEM COMERCIAL - SENAC,52111407,4,1.0,1,0.0,ITARUMA,1394,ESQ R SANTOS DUMONT,SETOR OESTE,75804076,64.0,36527670.0,,,1,17.0,06JAN2025:00:00:00,20DEC2025:00:00:00,,,,,1.0,2.0,0.0,0.0,0.0,1.0,0.0,0.0,,,,,,,0.0,0.0,0.0,1.0,0.0,0.0,0.0,0.0,0.0,0.0,0.0,1.0,0.0,"3,60848E+12","3,60848E+12",1.0,2.0,,,1.0,1.0,0.0,0.0,0.0,0.0,,0.0,0.0,0.0,1.0,1.0,0.0,0.0,0.0,0.0,0.0,1.0,0.0,0.0,0.0,1.0,0.0,0.0,0.0,0.0,1.0,0.0,0.0,0.0,0.0,0.0,0.0,0.0,1.0,1.0,1.0,0.0,1.0,1.0,0.0,1.0,1.0,0.0,0.0,0.0,1.0,1.0,0.0,0.0,0.0,1.0,1.0,0.0,0.0,0.0,0.0,0.0,0.0,0.0,0.0,0.0,0.0,0.0,0.0,0.0,0.0,1.0,0.0,1.0,0.0,1.0,0.0,0.0,0.0,0.0,1.0,1.0,0.0,1.0,1.0,0.0,0.0,0.0,0.0,0.0,15.0,0.0,15.0,15.0,15.0,0.0,0.0,1.0,1.0,1.0,1.0,1.0,0.0,0.0,0.0,1.0,1.0,1.0,2.0,0.0,0.0,1.0,15.0,1.0,44.0,1.0,9.0,0.0,0.0,1.0,1.0,1.0,1.0,0.0,1.0,1.0,3.0,1.0,2.0,4.0,0.0,0.0,0.0,0.0,0.0,0.0,0.0,3.0,1.0,0.0,0.0,1.0,0.0,0.0,0.0,0.0,0.0,1.0,0.0,0.0,1.0,0.0,0.0,0.0,1.0,0.0,0.0,0.0,0.0,0.0,0.0,0.0,0.0,0.0,0.0,,,,,0.0,,,,,,,1.0,0.0,0.0,0.0,0.0,0.0,0.0,0.0,1.0,1.0,1.0,0.0,0.0,0.0,1.0,1.0,0.0,0.0,0.0,1.0,0.0,1.0,1.0,1.0,0.0,0.0,0.0,0.0,0.0,1.0,0.0,0.0,0.0,0.0,0.0,0.0,0.0,0.0,0.0,0.0,0.0,0.0,0.0,0.0,0.0,0.0,0.0,0.0,0.0,0.0,0.0,0.0,1.0,0.0
2025,Centro-Oeste,5,Goiás,GO,52,Mineiros,5213103,Rio Verde,5203,Jataí-Mineiros,520011,Sul Goiano,5,Sudoeste de Goiás,13,Mineiros,521310305,,,CENTRO DE EDUCACAO PROFISSIONAL DONA NICINHA - SENAC,52090175,4,1.0,1,0.0,ONZE,,,CENTRO,75830095,64.0,30209380.0,-175.678.479,-525.521.799,1,21.0,06JAN2025:00:00:00,19DEC2025:00:00:00,,,,,1.0,2.0,0.0,0.0,0.0,1.0,0.0,0.0,,,,,,,0.0,0.0,0.0,1.0,0.0,0.0,0.0,0.0,0.0,0.0,0.0,1.0,0.0,"3,60848E+12","3,60848E+12",1.0,2.0,,,1.0,1.0,0.0,0.0,0.0,0.0,,0.0,0.0,0.0,1.0,1.0,0.0,0.0,0.0,0.0,0.0,1.0,0.0,0.0,0.0,1.0,0.0,0.0,0.0,0.0,1.0,0.0,0.0,0.0,0.0,0.0,0.0,0.0,1.0,1.0,1.0,0.0,0.0,1.0,0.0,1.0,1.0,0.0,0.0,1.0,1.0,1.0,0.0,0.0,0.0,1.0,1.0,0.0,1.0,0.0,0.0,0.0,0.0,0.0,0.0,0.0,0.0,0.0,0.0,0.0,0.0,1.0,1.0,1.0,0.0,1.0,0.0,0.0,0.0,0.0,1.0,1.0,1.0,0.0,1.0,0.0,0.0,0.0,0.0,0.0,14.0,0.0,14.0,14.0,14.0,0.0,0.0,1.0,0.0,1.0,0.0,0.0,0.0,1.0,1.0,1.0,1.0,1.0,1.0,0.0,0.0,1.0,12.0,1.0,30.0,0.0,0.0,0.0,0.0,1.0,1.0,1.0,1.0,0.0,1.0,0.0,3.0,1.0,2.0,2.0,0.0,7.0,0.0,0.0,0.0,0.0,0.0,2.0,1.0,0.0,0.0,2.0,0.0,0.0,0.0,0.0,0.0,0.0,0.0,0.0,1.0,0.0,0.0,0.0,1.0,0.0,0.0,0.0,0.0,0.0,0.0,0.0,0.0,0.0,0.0,,,,,0.0,,,,,,,1.0,1.0,1.0,0.0,0.0,0.0,0.0,0.0,1.0,1.0,0.0,9.0,9.0,9.0,9.0,9.0,9.0,0.0,0.0,2.0,0.0,1.0,1.0,1.0,0.0,0.0,0.0,0.0,0.0,1.0,0.0,0.0,0.0,0.0,0.0,0.0,0.0,0.0,0.0,0.0,0.0,0.0,0.0,0.0,0.0,0.0,0.0,0.0,0.0,0.0,0.0,0.0,1.0,0.0
2025,Centro-Oeste,5,Goiás,GO,52,Porangatu,5218003,Porangatu - Uruaçu,5205,Porangatu,520016,Norte Goiano,2,Porangatu,4,Porangatu,521800305,,,SENAC CENTRO DE EDUCACAO PROFISSIONAL DE PORANGATU,52090183,4,1.0,1,0.0,BRASILIA,30,EM FRENTE AO LAGO,CENTRO,76550003,62.0,33621823.0,-1.344.654.164,-4.913.818.197,1,27.0,20JAN2025:00:00:00,20DEC2025:00:00:00,,,,,1.0,2.0,0.0,0.0,0.0,1.0,0.0,0.0,,,,,,,0.0,0.0,0.0,1.0,0.0,0.0,0.0,0.0,0.0,0.0,0.0,1.0,0.0,"3,60848E+12","3,60848E+12",1.0,2.0,,,1.0,1.0,0.0,0.0,0.0,0.0,,1.0,0.0,0.0,1.0,1.0,0.0,0.0,0.0,0.0,0.0,1.0,0.0,0.0,0.0,1.0,0.0,0.0,0.0,0.0,1.0,0.0,0.0,0.0,0.0,1.0,0.0,0.0,0.0,1.0,0.0,0.0,1.0,1.0,0.0,1.0,0.0,0.0,1.0,1.0,1.0,1.0,0.0,0.0,0.0,1.0,0.0,0.0,0.0,0.0,0.0,1.0,1.0,0.0,0.0,0.0,0.0,0.0,0.0,0.0,0.0,1.0,0.0,1.0,0.0,1.0,0.0,0.0,0.0,0.0,1.0,1.0,0.0,0.0,0.0,0.0,0.0,0.0,0.0,0.0,4.0,0.0,4.0,4.0,0.0,0.0,0.0,1.0,1.0,1.0,1.0,1.0,0.0,0.0,0.0,1.0,1.0,1.0,1.0,0.0,0.0,0.0,0.0,1.0,15.0,0.0,0.0,0.0,0.0,1.0,1.0,1.0,0.0,0.0,1.0,0.0,3.0,1.0,2.0,2.0,1.0,0.0,2.0,0.0,0.0,0.0,2.0,0.0,1.0,0.0,0.0,1.0,0.0,0.0,0.0,0.0,1.0,0.0,0.0,0.0,0.0,0.0,0.0,0.0,1.0,0.0,0.0,0.0,0.0,0.0,0.0,0.0,0.0,0.0,0.0,,,,,0.0,,,,,,,0.0,0.0,0.0,0.0,0.0,1.0,0.0,0.0,0.0,1.0,0.0,9.0,9.0,9.0,9.0,9.0,9.0,0.0,0.0,2.0,0.0,1.0,1.0,1.0,0.0,0.0,0.0,0.0,0.0,1.0,0.0,0.0,0.0,0.0,0.0,0.0,0.0,0.0,0.0,0.0,0.0,0.0,0.0,0.0,0.0,0.0,0.0,0.0,0.0,0.0,0.0,0.0,1.0,0.0
2025,Centro-Oeste,5,Goiás,GO,52,Quirinópolis,5218508,Rio Verde,5203,Quirinópolis,520012,Sul Goiano,5,Quirinópolis,18,Quirinópolis,521850805,,,SENAC CENTRO DE EDUCACAO PROFIS ONICIO RESENDE,52090167,4,1.0,1,0.0,LEOCADIO DE SOUZA REIS,76,,ONICIO RESENDE,75862342,64.0,36512533.0,-184.475.883,-504.347.094,1,29.0,27JAN2025:00:00:00,12DEC2025:00:00:00,,,,,1.0,2.0,0.0,0.0,0.0,1.0,0.0,0.0,,,,,,,0.0,0.0,0.0,1.0,0.0,0.0,0.0,0.0,0.0,0.0,0.0,1.0,0.0,"3,60848E+12","3,60848E+12",1.0,2.0,,,1.0,1.0,0.0,0.0,0.0,0.0,,0.0,0.0,0.0,1.0,1.0,0.0,0.0,0.0,0.0,0.0,1.0,0.0,0.0,0.0,1.0,0.0,0.0,0.0,0.0,1.0,0.0,0.0,0.0,0.0,1.0,0.0,0.0,0.0,1.0,0.0,0.0,0.0,1.0,0.0,1.0,1.0,0.0,0.0,0.0,0.0,0.0,0.0,0.0,0.0,1.0,1.0,0.0,0.0,0.0,0.0,0.0,0.0,0.0,0.0,0.0,0.0,0.0,0.0,0.0,0.0,1.0,0.0,1.0,0.0,1.0,0.0,0.0,0.0,0.0,1.0,1.0,1.0,1.0,0.0,0.0,1.0,1.0,0.0,0.0,12.0,2.0,14.0,14.0,14.0,0.0,0.0,1.0,1.0,1.0,1.0,1.0,0.0,1.0,1.0,1.0,11.0,1.0,1.0,0.0,0.0,1.0,12.0,1.0,30.0,0.0,0.0,0.0,0.0,1.0,1.0,1.0,1.0,0.0,1.0,1.0,3.0,1.0,3.0,2.0,0.0,88888.0,0.0,0.0,0.0,0.0,0.0,2.0,1.0,0.0,0.0,0.0,0.0,0.0,0.0,0.0,0.0,0.0,0.0,0.0,0.0,0.0,0.0,0.0,1.0,0.0,0.0,0.0,0.0,0.0,0.0,0.0,0.0,0.0,0.0,,,,,0.0,,,,,,,1.0,0.0,0.0,0.0,0.0,0.0,0.0,0.0,1.0,1.0,1.0,0.0,0.0,0.0,1.0,0.0,0.0,0.0,0.0,1.0,0.0,1.0,1.0,1.0,0.0,0.0,0.0,0.0,0.0,1.0,0.0,0.0,0.0,0.0,0.0,0.0,0.0,0.0,0.0,0.0,0.0,0.0,0.0,0.0,0.0,0.0,0.0,0.0,0.0,0.0,0.0,0.0,1.0,0.0
2025,Centro-Oeste,5,Distrito Federal,DF,53,Brasília,5300108,Distrito Federal,5301,Distrito Federal,530001,Distrito Federal,1,Brasília,1,Brasília,530010805,Plano Piloto,1.0,C DE EDUC PROFISSIONAL SENAC - PLANO PILOTO,53001249,4,1.0,1,0.0,SEPS 703/903,4,,ASA SUL,70390039,61.0,37719830.0,-157.997.369,-4.789.717.474,1,99.0,02JAN2025:00:00:00,22DEC2025:00:00:00,,,,,0.0,,,,,,,,,,,,,,,,,,,,0.0,0.0,0.0,0.0,0.0,1.0,0.0,"3,29697E+12","3,29697E+12",1.0,2.0,,,1.0,1.0,0.0,0.0,0.0,0.0,,0.0,0.0,0.0,1.0,1.0,0.0,0.0,0.0,0.0,0.0,1.0,0.0,0.0,0.0,1.0,0.0,0.0,0.0,0.0,1.0,0.0,0.0,0.0,0.0,1.0,0.0,0.0,0.0,1.0,1.0,0.0,1.0,1.0,0.0,1.0,1.0,0.0,1.0,1.0,0.0,0.0,0.0,0.0,0.0,1.0,1.0,1.0,0.0,0.0,0.0,0.0,0.0,0.0,1.0,0.0,0.0,0.0,0.0,0.0,0.0,1.0,0.0,1.0,1.0,1.0,1.0,0.0,0.0,0.0,1.0,1.0,1.0,1.0,1.0,0.0,1.0,1.0,0.0,0.0,19.0,0.0,19.0,19.0,19.0,0.0,0.0,1.0,1.0,1.0,1.0,1.0,0.0,0.0,0.0,1.0,1.0,1.0,10.0,1.0,5.0,1.0,19.0,1.0,3.0,1.0,40.0,0.0,0.0,1.0,1.0,1.0,1.0,0.0,1.0,1.0,3.0,1.0,10.0,10.0,2.0,2.0,0.0,0.0,0.0,1.0,0.0,3.0,1.0,2.0,4.0,1.0,0.0,0.0,0.0,0.0,0.0,1.0,0.0,1.0,1.0,0.0,0.0,0.0,1.0,0.0,0.0,0.0,0.0,0.0,0.0,0.0,0.0,0.0,0.0,,,,,0.0,,,,,,,1.0,0.0,0.0,0.0,0.0,0.0,0.0,0.0,1.0,1.0,0.0,9.0,9.0,9.0,9.0,9.0,9.0,0.0,0.0,0.0,0.0,0.0,1.0,1.0,0.0,0.0,0.0,0.0,0.0,1.0,0.0,0.0,0.0,0.0,0.0,0.0,0.0,0.0,0.0,0.0,0.0,0.0,0.0,0.0,0.0,0.0,0.0,0.0,0.0,0.0,0.0,0.0,1.0,0.0
2025,Centro-Oeste,5,Distrito Federal,DF,53,Brasília,5300108,Distrito Federal,5301,Distrito Federal,530001,Distrito Federal,1,Brasília,1,Brasília,530010805,Plano Piloto,1.0,C DE EDUC PROFISSIONAL SENAC - JESSE FREIRE,53045009,4,1.0,1,0.0,SCS QUADRA 6 BLOCO A LOTE 172,,,ASA SUL,70306908,61.0,32265211.0,-157.963.152,-47.889.188,1,99.0,06JAN2025:00:00:00,22DEC2025:00:00:00,,,,,0.0,,,,,,,,,,,,,,,,,,,,1.0,0.0,0.0,0.0,1.0,1.0,0.0,"3,29697E+12","3,29697E+12",1.0,2.0,,,1.0,2.0,0.0,0.0,0.0,0.0,,0.0,1.0,0.0,1.0,1.0,0.0,0.0,0.0,0.0,0.0,1.0,0.0,0.0,0.0,1.0,0.0,0.0,0.0,0.0,1.0,0.0,0.0,0.0,0.0,1.0,0.0,0.0,0.0,1.0,0.0,0.0,1.0,1.0,0.0,1.0,0.0,0.0,1.0,1.0,0.0,1.0,0.0,0.0,0.0,1.0,0.0,0.0,0.0,0.0,0.0,0.0,0.0,0.0,1.0,0.0,0.0,0.0,0.0,1.0,0.0,1.0,1.0,1.0,0.0,1.0,0.0,0.0,0.0,0.0,0.0,1.0,1.0,1.0,1.0,0.0,1.0,1.0,0.0,0.0,33.0,4.0,37.0,37.0,37.0,0.0,0.0,1.0,0.0,0.0,1.0,1.0,0.0,0.0,0.0,1.0,27.0,1.0,6.0,0.0,0.0,1.0,27.0,1.0,242.0,1.0,200.0,1.0,1.0,1.0,1.0,1.0,1.0,0.0,1.0,1.0,3.0,1.0,4.0,7.0,2.0,0.0,0.0,0.0,0.0,1.0,0.0,3.0,1.0,1.0,3.0,0.0,0.0,1.0,0.0,0.0,0.0,1.0,0.0,1.0,1.0,0.0,1.0,0.0,1.0,0.0,0.0,0.0,0.0,0.0,0.0,0.0,0.0,0.0,0.0,,,,,0.0,,,,,,,1.0,0.0,0.0,0.0,0.0,0.0,0.0,0.0,1.0,0.0,0.0,9.0,9.0,9.0,9.0,9.0,9.0,0.0,0.0,0.0,0.0,0.0,1.0,1.0,0.0,0.0,0.0,0.0,0.0,1.0,0.0,0.0,0.0,0.0,0.0,0.0,0.0,0.0,0.0,0.0,0.0,0.0,0.0,0.0,0.0,0.0,0.0,0.0,0.0,0.0,0.0,0.0,1.0,0.0
2025,Centro-Oeste,5,Distrito Federal,DF,53,Brasília,5300108,Distrito Federal,5301,Distrito Federal,530001,Distrito Federal,1,Brasília,1,Brasília,530010805,Gama,2.0,SERVICO NACIONAL DE APRENDIZAGEM COMERCIAL - SENAC JOAQUIM LOIOLA - GAMA,53016602,4,1.0,1,0.0,QUADRA 5 CONJUNTO F,7,,GAMA,72410306,61.0,37719813.0,-160.304.446,-480.617.585,1,99.0,02JAN2025:00:00:00,19DEC2025:00:00:00,,,,,0.0,,,,,,,,,,,,,,,,,,,,0.0,0.0,0.0,0.0,0.0,1.0,0.0,"3,29697E+12","3,29697E+12",1.0,2.0,,,1.0,2.0,0.0,0.0,0.0,0.0,,0.0,0.0,0.0,1.0,1.0,0.0,0.0,0.0,0.0,0.0,1.0,0.0,0.0,0.0,1.0,0.0,0.0,0.0,0.0,1.0,0.0,0.0,0.0,0.0,1.0,0.0,0.0,0.0,1.0,0.0,0.0,1.0,1.0,0.0,1.0,0.0,0.0,1.0,1.0,0.0,0.0,0.0,0.0,0.0,1.0,1.0,0.0,0.0,0.0,0.0,0.0,0.0,0.0,0.0,0.0,0.0,0.0,0.0,0.0,0.0,1.0,0.0,1.0,0.0,1.0,0.0,0.0,0.0,0.0,1.0,1.0,0.0,0.0,0.0,0.0,0.0,1.0,0.0,1.0,14.0,3.0,17.0,17.0,0.0,0.0,0.0,1.0,0.0,1.0,1.0,1.0,0.0,0.0,0.0,1.0,13.0,1.0,11.0,1.0,9.0,1.0,3.0,1.0,61.0,1.0,80.0,0.0,0.0,1.0,1.0,1.0,1.0,1.0,1.0,1.0,3.0,1.0,7.0,6.0,1.0,0.0,0.0,0.0,0.0,1.0,0.0,2.0,1.0,0.0,0.0,1.0,0.0,0.0,0.0,0.0,0.0,1.0,0.0,0.0,1.0,0.0,0.0,0.0,1.0,0.0,0.0,0.0,0.0,0.0,0.0,0.0,0.0,0.0,0.0,,,,,1.0,0.0,1.0,1.0,0.0,0.0,0.0,1.0,1.0,0.0,0.0,0.0,0.0,0.0,0.0,1.0,1.0,0.0,9.0,9.0,9.0,9.0,9.0,9.0,0.0,0.0,0.0,0.0,0.0,1.0,1.0,0.0,0.0,0.0,0.0,0.0,1.0,0.0,0.0,0.0,0.0,0.0,0.0,0.0,0.0,0.0,0.0,0.0,0.0,0.0,0.0,0.0,0.0,0.0,0.0,0.0,0.0,0.0,0.0,1.0,0.0
2025,Centro-Oeste,5,Distrito Federal,DF,53,Brasília,5300108,Distrito Federal,5301,Distrito Federal,530001,Distrito Federal,1,Brasília,1,Brasília,530010805,Taguatinga,3.0,CEP SENAC - TAGUATINGA,53011686,4,1.0,1,0.0,ESPECIAL 15,39,,TAGUATINGA NORTE (TAGUATINGA),72130005,61.0,37739626.0,-157.964.577,-4.805.750.149,1,99.0,06JAN2025:00:00:00,19DEC2025:00:00:00,,,,,0.0,,,,,,,,,,,,,,,,,,,,0.0,0.0,0.0,0.0,0.0,1.0,0.0,"3,29697E+12","3,29697E+12",1.0,2.0,,,1.0,1.0,0.0,0.0,0.0,0.0,,0.0,0.0,0.0,1.0,1.0,0.0,0.0,0.0,0.0,0.0,1.0,0.0,0.0,0.0,1.0,0.0,0.0,0.0,0.0,1.0,0.0,0.0,0.0,0.0,1.0,0.0,0.0,0.0,0.0,1.0,0.0,1.0,1.0,0.0,1.0,0.0,0.0,1.0,1.0,1.0,1.0,0.0,0.0,0.0,1.0,0.0,0.0,0.0,0.0,0.0,0.0,0.0,0.0,0.0,0.0,0.0,0.0,0.0,0.0,0.0,1.0,1.0,1.0,0.0,1.0,0.0,0.0,0.0,0.0,0.0,1.0,1.0,0.0,1.0,0.0,1.0,1.0,0.0,0.0,32.0,0.0,32.0,32.0,0.0,0.0,0.0,1.0,0.0,1.0,0.0,1.0,0.0,0.0,0.0,1.0,1.0,1.0,18.0,1.0,7.0,1.0,10.0,1.0,234.0,0.0,0.0,0.0,0.0,1.0,1.0,1.0,1.0,0.0,1.0,0.0,1.0,1.0,10.0,16.0,2.0,0.0,2.0,0.0,0.0,1.0,0.0,1.0,1.0,0.0,1.0,1.0,0.0,0.0,0.0,0.0,0.0,1.0,0.0,0.0,0.0,0.0,1.0,0.0,0.0,0.0,0.0,0.0,0.0,0.0,0.0,0.0,0.0,0.0,0.0,,,,,0.0,,,,,,,1.0,0.0,0.0,0.0,0.0,0.0,0.0,1.0,0.0,1.0,0.0,9.0,9.0,9.0,9.0,9.0,9.0,0.0,0.0,0.0,0.0,0.0,1.0,1.0,0.0,0.0,0.0,0.0,0.0,1.0,0.0,0.0,0.0,0.0,0.0,0.0,0.0,0.0,0.0,0.0,0.0,0.0,0.0,0.0,0.0,0.0,0.0,0.0,0.0,0.0,0.0,0.0,1.0,0.0
2025,Centro-Oeste,5,Distrito Federal,DF,53,Brasília,5300108,Distrito Federal,5301,Distrito Federal,530001,Distrito Federal,1,Brasília,1,Brasília,530010805,Sobradinho,5.0,C DE EDUC PROFISSIONAL SENAC - SOBRADINHO,53029003,4,1.0,1,0.0,QUADRA 4 CONJUNTO E,5,,SOBRADINHO,73025045,61.0,37739615.0,-156.553.048,-477.986.202,1,99.0,07JAN2025:00:00:00,19DEC2025:00:00:00,,,,,0.0,,,,,,,,,,,,,,,,,,,,0.0,0.0,0.0,0.0,0.0,1.0,0.0,"3,29697E+12","3,29697E+12",1.0,2.0,,,1.0,2.0,0.0,0.0,0.0,0.0,,1.0,0.0,0.0,1.0,1.0,0.0,0.0,0.0,0.0,0.0,1.0,0.0,0.0,0.0,1.0,0.0,0.0,0.0,0.0,1.0,0.0,0.0,0.0,0.0,0.0,0.0,1.0,0.0,0.0,1.0,0.0,1.0,1.0,0.0,1.0,0.0,0.0,1.0,1.0,0.0,0.0,0.0,0.0,0.0,1.0,1.0,0.0,0.0,0.0,0.0,0.0,0.0,0.0,0.0,0.0,0.0,0.0,0.0,0.0,0.0,1.0,0.0,1.0,0.0,1.0,0.0,0.0,0.0,0.0,1.0,0.0,0.0,1.0,1.0,0.0,0.0,0.0,0.0,0.0,11.0,4.0,15.0,11.0,11.0,0.0,0.0,1.0,1.0,1.0,1.0,1.0,0.0,0.0,0.0,0.0,0.0,1.0,10.0,1.0,10.0,1.0,4.0,1.0,78.0,1.0,100.0,0.0,0.0,1.0,1.0,1.0,1.0,0.0,1.0,0.0,3.0,1.0,6.0,6.0,1.0,0.0,0.0,0.0,0.0,0.0,0.0,2.0,1.0,0.0,0.0,1.0,0.0,0.0,0.0,0.0,0.0,0.0,0.0,0.0,1.0,0.0,1.0,0.0,1.0,0.0,0.0,0.0,0.0,0.0,0.0,0.0,0.0,0.0,0.0,,,,,0.0,,,,,,,1.0,0.0,0.0,0.0,0.0,0.0,0.0,0.0,1.0,0.0,0.0,9.0,9.0,9.0,9.0,9.0,9.0,0.0,0.0,0.0,0.0,0.0,1.0,1.0,0.0,0.0,0.0,0.0,0.0,1.0,0.0,0.0,0.0,0.0,0.0,0.0,0.0,0.0,0.0,0.0,0.0,0.0,0.0,0.0,0.0,0.0,0.0,0.0,0.0,0.0,0.0,0.0,1.0,0.0
