NU_ANO_CENSO;NO_REGIAO;CO_REGIAO;NO_UF;SG_UF;CO_UF;NO_MUNICIPIO;CO_MUNICIPIO;NO_REGIAO_GEOG_INTERM;CO_REGIAO_GEOG_INTERM;NO_REGIAO_GEOG_IMED;CO_REGIAO_GEOG_IMED;NO_MESORREGIAO;CO_MESORREGIAO;NO_MICRORREGIAO;CO_MICRORREGIAO;NO_DISTRITO;CO_DISTRITO;NO_ENTIDADE;CO_ENTIDADE;TP_DEPENDENCIA;TP_CATEGORIA_ESCOLA_PRIVADA;TP_LOCALIZACAO;TP_LOCALIZACAO_DIFERENCIADA;DS_ENDERECO;NU_ENDERECO;DS_COMPLEMENTO;NO_BAIRRO;CO_CEP;NU_DDD;NU_TELEFONE;TP_SITUACAO_FUNCIONAMENTO;CO_ORGAO_REGIONAL;DT_ANO_LETIVO_INICIO;DT_ANO_LETIVO_TERMINO;IN_VINCULO_SECRETARIA_EDUCACAO;IN_VINCULO_SEGURANCA_PUBLICA;IN_VINCULO_SECRETARIA_SAUDE;IN_VINCULO_OUTRO_ORGAO;IN_PODER_PUBLICO_PARCERIA;TP_PODER_PUBLICO_PARCERIA;IN_FORMA_CONT_TERMO_COLABORA;IN_FORMA_CONT_TERMO_FOMENTO;IN_FORMA_CONT_ACORDO_COOP;IN_FORMA_CONT_PRESTACAO_SERV;IN_FORMA_CONT_COOP_TEC_FIN;IN_FORMA_CONT_CONSORCIO_PUB;IN_FORMA_CONT_MU_TERMO_COLAB;IN_FORMA_CONT_MU_TERMO_FOMENTO;IN_FORMA_CONT_MU_ACORDO_COOP;IN_FORMA_CONT_MU_PREST_SERV;IN_FORMA_CONT_MU_COOP_TEC_FIN;IN_FORMA_CONT_MU_CONSORCIO_PUB;IN_FORMA_CONT_ES_TERMO_COLAB;IN_FORMA_CONT_ES_TERMO_FOMENTO;IN_FORMA_CONT_ES_ACORDO_COOP;IN_FORMA_CONT_ES_PREST_SERV;IN_FORMA_CONT_ES_COOP_TEC_FIN;IN_FORMA_CONT_ES_CONSORCIO_PUB;IN_MANT_ESCOLA_PRIVADA_EMP;IN_MANT_ESCOLA_PRIVADA_ONG;IN_MANT_ESCOLA_PRIVADA_OSCIP;IN_MANT_ESCOLA_PRIV_ONG_OSCIP;IN_MANT_ESCOLA_PRIVADA_SIND;IN_MANT_ESCOLA_PRIVADA_SIST_S;IN_MANT_ESCOLA_PRIVADA_S_FINS;NU_CNPJ_ESCOLA_PRIVADA;NU_CNPJ_MANTENEDORA;TP_REGULAMENTACAO;TP_RESPONSAVEL_REGULAMENTACAO;CO_ESCOLA_SEDE_VINCULADA;CO_IES_OFERTANTE;IN_LOCAL_FUNC_PREDIO_ESCOLAR;TP_OCUPACAO_PREDIO_ESCOLAR;IN_LOCAL_FUNC_SOCIOEDUCATIVO;IN_LOCAL_FUNC_UNID_PRISIONAL;IN_LOCAL_FUNC_PRISIONAL_SOCIO;IN_LOCAL_FUNC_GALPAO;TP_OCUPACAO_GALPAO;IN_LOCAL_FUNC_SALAS_OUTRA_ESC;IN_LOCAL_FUNC_OUTROS;IN_PREDIO_COMPARTILHADO;IN_AGUA_POTAVEL;IN_AGUA_REDE_PUBLICA;IN_AGUA_POCO_ARTESIANO;IN_AGUA_CACIMBA;IN_AGUA_FONTE_RIO;IN_AGUA_INEXISTENTE;IN_AGUA_CARRO_PIPA;IN_ENERGIA_REDE_PUBLICA;IN_ENERGIA_GERADOR_FOSSIL;IN_ENERGIA_RENOVAVEL;IN_ENERGIA_INEXISTENTE;IN_ESGOTO_REDE_PUBLICA;IN_ESGOTO_FOSSA_SEPTICA;IN_ESGOTO_FOSSA_COMUM;IN_ESGOTO_FOSSA;IN_ESGOTO_INEXISTENTE;IN_LIXO_SERVICO_COLETA;IN_LIXO_QUEIMA;IN_LIXO_ENTERRA;IN_LIXO_DESTINO_FINAL_PUBLICO;IN_LIXO_DESCARTA_OUTRA_AREA;IN_TRATAMENTO_LIXO_SEPARACAO;IN_TRATAMENTO_LIXO_REUTILIZA;IN_TRATAMENTO_LIXO_RECICLAGEM;IN_TRATAMENTO_LIXO_INEXISTENTE;IN_ALMOXARIFADO;IN_AREA_VERDE;IN_AREA_PLANTIO;IN_AUDITORIO;IN_BANHEIRO;IN_BANHEIRO_EI;IN_BANHEIRO_PNE;IN_BANHEIRO_FUNCIONARIOS;IN_BANHEIRO_CHUVEIRO;IN_BIBLIOTECA;IN_BIBLIOTECA_SALA_LEITURA;IN_COZINHA;IN_DESPENSA;IN_DORMITORIO_ALUNO;IN_DORMITORIO_PROFESSOR;IN_LABORATORIO_CIENCIAS;IN_LABORATORIO_INFORMATICA;IN_LABORATORIO_EDUC_PROF;IN_PATIO_COBERTO;IN_PATIO_DESCOBERTO;IN_PARQUE_INFANTIL;IN_PISCINA;IN_QUADRA_ESPORTES;IN_QUADRA_ESPORTES_COBERTA;IN_QUADRA_ESPORTES_DESCOBERTA;IN_REFEITORIO;IN_SALA_ATELIE_ARTES;IN_SALA_MUSICA_CORAL;IN_SALA_ESTUDIO_DANCA;IN_SALA_MULTIUSO;IN_SALA_ESTUDIO_GRAVACAO;IN_SALA_OFICINAS_EDUC_PROF;IN_SALA_DIRETORIA;IN_SALA_LEITURA;IN_SALA_PROFESSOR;IN_SALA_REPOUSO_ALUNO;IN_SECRETARIA;IN_SALA_ATENDIMENTO_ESPECIAL;IN_TERREIRAO;IN_VIVEIRO;IN_DEPENDENCIAS_OUTRAS;IN_ACESSIBILIDADE_CORRIMAO;IN_ACESSIBILIDADE_ELEVADOR;IN_ACESSIBILIDADE_PISOS_TATEIS;IN_ACESSIBILIDADE_VAO_LIVRE;IN_ACESSIBILIDADE_RAMPAS;IN_ACESSIBILIDADE_SINAL_SONORO;IN_ACESSIBILIDADE_SINAL_TATIL;IN_ACESSIBILIDADE_SINAL_VISUAL;IN_ACESSIBILIDADE_INEXISTENTE;IN_ACESSIBILIDADE_SINALIZACAO;QT_SALAS_UTILIZADAS_DENTRO;QT_SALAS_UTILIZADAS_FORA;QT_SALAS_UTILIZADAS;QT_SALAS_UTILIZA_CLIMATIZADAS;QT_SALAS_UTILIZADAS_ACESSIVEIS;IN_EQUIP_PARABOLICA;IN_COMPUTADOR;IN_EQUIP_COPIADORA;IN_EQUIP_IMPRESSORA;IN_EQUIP_IMPRESSORA_MULT;IN_EQUIP_SCANNER;IN_EQUIP_NENHUM;IN_EQUIP_DVD;QT_EQUIP_DVD;IN_EQUIP_SOM;QT_EQUIP_SOM;IN_EQUIP_TV;QT_EQUIP_TV;IN_EQUIP_LOUSA_DIGITAL;QT_EQUIP_LOUSA_DIGITAL;IN_EQUIP_MULTIMIDIA;QT_EQUIP_MULTIMIDIA;IN_DESKTOP_ALUNO;QT_DESKTOP_ALUNO;IN_COMP_PORTATIL_ALUNO;QT_COMP_PORTATIL_ALUNO;IN_TABLET_ALUNO;QT_TABLET_ALUNO;IN_INTERNET;IN_INTERNET_ALUNOS;IN_INTERNET_ADMINISTRATIVO;IN_INTERNET_APRENDIZAGEM;IN_INTERNET_COMUNIDADE;IN_ACESSO_INTERNET_COMPUTADOR;IN_ACES_INTERNET_DISP_PESSOAIS;TP_REDE_LOCAL;IN_BANDA_LARGA;IN_PROF_ADMINISTRATIVOS;QT_PROF_ADMINISTRATIVOS;IN_PROF_SERVICOS_GERAIS;QT_PROF_SERVICOS_GERAIS;IN_PROF_BIBLIOTECARIO;QT_PROF_BIBLIOTECARIO;IN_PROF_SAUDE;QT_PROF_SAUDE;IN_PROF_COORDENADOR;QT_PROF_COORDENADOR;IN_PROF_FONAUDIOLOGO;QT_PROF_FONAUDIOLOGO;IN_PROF_NUTRICIONISTA;QT_PROF_NUTRICIONISTA;IN_PROF_PSICOLOGO;QT_PROF_PSICOLOGO;IN_PROF_ALIMENTACAO;QT_PROF_ALIMENTACAO;IN_PROF_PEDAGOGIA;QT_PROF_PEDAGOGIA;IN_PROF_SECRETARIO;QT_PROF_SECRETARIO;IN_PROF_SEGURANCA;QT_PROF_SEGURANCA;IN_PROF_MONITORES;QT_PROF_MONITORES;IN_PROF_GESTAO;QT_PROF_GESTAO;IN_PROF_ASSIST_SOCIAL;QT_PROF_ASSIST_SOCIAL;IN_PROF_TRAD_LIBRAS;QT_PROF_TRAD_LIBRAS;IN_PROF_AGRICOLA;QT_PROF_AGRICOLA;IN_PROF_REVISOR_BRAILLE;QT_PROF_REVISOR_BRAILLE;IN_ALIMENTACAO;IN_MATERIAL_PED_MULTIMIDIA;IN_MATERIAL_PED_INFANTIL;IN_MATERIAL_PED_CIENTIFICO;IN_MATERIAL_PED_DIFUSAO;IN_MATERIAL_PED_MUSICAL;IN_MATERIAL_PED_JOGOS;IN_MATERIAL_PED_ARTISTICAS;IN_MATERIAL_PED_PROFISSIONAL;IN_MATERIAL_PED_DESPORTIVA;IN_MATERIAL_PED_INDIGENA;IN_MATERIAL_PED_ETNICO;IN_MATERIAL_PED_CAMPO;IN_MATERIAL_PED_BIL_SURDOS;IN_MATERIAL_PED_AGRICOLA;IN_MATERIAL_PED_QUILOMBOLA;IN_MATERIAL_PED_EDU_ESP;IN_MATERIAL_PED_NENHUM;IN_EDUCACAO_INDIGENA;TP_INDIGENA_LINGUA;CO_LINGUA_INDIGENA_1;CO_LINGUA_INDIGENA_2;CO_LINGUA_INDIGENA_3;IN_EXAME_SELECAO;IN_RESERVA_PPI;IN_RESERVA_RENDA;IN_RESERVA_PUBLICA;IN_RESERVA_PCD;IN_RESERVA_OUTROS;IN_RESERVA_NENHUMA;IN_REDES_SOCIAIS;IN_ESPACO_ATIVIDADE;IN_ESPACO_EQUIPAMENTO;IN_ORGAO_ASS_PAIS;IN_ORGAO_ASS_PAIS_MESTRES;IN_ORGAO_CONSELHO_ESCOLAR;IN_ORGAO_GREMIO_ESTUDANTIL;IN_ORGAO_OUTROS;IN_ORGAO_NENHUM;TP_PROPOSTA_PEDAGOGICA;IN_EDUC_AMBIENTAL;IN_EDUC_AMB_CONTEUDO;IN_EDUC_AMB_CURRICULAR;IN_EDUC_AMB_EIXO;IN_EDUC_AMB_EVENTOS;IN_EDUC_AMB_PROJETOS;IN_EDUC_AMB_NENHUMA;TP_AEE;TP_ATIVIDADE_COMPLEMENTAR;IN_MEDIACAO_PRESENCIAL;IN_MEDIACAO_SEMIPRESENCIAL;IN_MEDIACAO_EAD;IN_REGULAR;IN_DIURNO;IN_NOTURNO;IN_EAD;IN_ESCOLARIZACAO;IN_INF;IN_INF_CRE;IN_INF_PRE;IN_FUND;IN_FUND_AI;IN_FUND_AF;IN_MED;IN_PROF;IN_PROF_TEC;IN_EJA;IN_EJA_FUND;IN_EJA_MED;IN_ESP;IN_ESP_CC;IN_ESP_CE;QT_MAT_BAS;QT_MAT_INF;QT_MAT_INF_CRE;QT_MAT_INF_PRE;QT_MAT_FUND;QT_MAT_FUND_AI;QT_MAT_FUND_AI_1;QT_MAT_FUND_AI_2;QT_MAT_FUND_AI_3;QT_MAT_FUND_AI_4;QT_MAT_FUND_AI_5;QT_MAT_FUND_AF;QT_MAT_FUND_AF_6;QT_MAT_FUND_AF_7;QT_MAT_FUND_AF_8;QT_MAT_FUND_AF_9;QT_MAT_MED;QT_MAT_MED_PROP;QT_MAT_MED_PROP_1;QT_MAT_MED_PROP_2;QT_MAT_MED_PROP_3;QT_MAT_MED_PROP_4;QT_MAT_MED_PROP_NS;QT_MAT_MED_CT;QT_MAT_MED_CT_1;QT_MAT_MED_CT_2;QT_MAT_MED_CT_3;QT_MAT_MED_CT_4;QT_MAT_MED_CT_NS;QT_MAT_MED_NM;QT_MAT_MED_NM_1;QT_MAT_MED_NM_2;QT_MAT_MED_NM_3;QT_MAT_MED_NM_4;QT_MAT_PROF;QT_MAT_PROF_TEC;QT_MAT_PROF_TEC_CONC;QT_MAT_PROF_TEC_SUBS;QT_MAT_PROF_FIC_CONC;QT_MAT_EJA;QT_MAT_EJA_FUND;QT_MAT_EJA_FUND_AI;QT_MAT_EJA_FUND_AF;QT_MAT_EJA_FUND_FIC;QT_MAT_EJA_MED;QT_MAT_EJA_MED_NPROF;QT_MAT_EJA_MED_FIC;QT_MAT_EJA_MED_TEC;QT_MAT_ESP;QT_MAT_ESP_CC;QT_MAT_ESP_CE;QT_MAT_BAS_FEM;QT_MAT_BAS_MASC;QT_MAT_BAS_ND;QT_MAT_BAS_BRANCA;QT_MAT_BAS_PRETA;QT_MAT_BAS_PARDA;QT_MAT_BAS_AMARELA;QT_MAT_BAS_INDIGENA;QT_MAT_BAS_0_3;QT_MAT_BAS_4_5;QT_MAT_BAS_6_10;QT_MAT_BAS_11_14;QT_MAT_BAS_15_17;QT_MAT_BAS_18_MAIS;QT_MAT_BAS_D;QT_MAT_BAS_N;QT_MAT_BAS_EAD;QT_MAT_INF_INT;QT_MAT_INF_CRE_INT;QT_MAT_INF_PRE_INT;QT_MAT_FUND_INT;QT_MAT_FUND_AI_INT;QT_MAT_FUND_AF_INT;QT_MAT_MED_INT;QT_MAT_ZR_URB;QT_MAT_ZR_RUR;QT_MAT_ZR_NA;QT_TRANSP_PUBLICO;QT_TRANSP_RESP_EST;QT_TRANSP_RESP_MUN;QT_DOC_BAS;QT_DOC_INF;QT_DOC_INF_CRE;QT_DOC_INF_PRE;QT_DOC_FUND;QT_DOC_FUND_AI;QT_DOC_FUND_AF;QT_DOC_MED;QT_DOC_PROF;QT_DOC_PROF_TEC;QT_DOC_EJA;QT_DOC_EJA_FUND;QT_DOC_EJA_MED;QT_DOC_ESP;QT_DOC_ESP_CC;QT_DOC_ESP_CE;QT_TUR_BAS;QT_TUR_INF;QT_TUR_INF_CRE;QT_TUR_INF_PRE;QT_TUR_FUND;QT_TUR_FUND_AI;QT_TUR_FUND_AF;QT_TUR_MED;QT_TUR_PROF;QT_TUR_PROF_TEC;QT_TUR_EJA;QT_TUR_EJA_FUND;QT_TUR_EJA_MED;QT_TUR_ESP;QT_TUR_ESP_CC;QT_TUR_ESP_CE;QT_TUR_BAS_D;QT_TUR_BAS_N;QT_TUR_BAS_EAD;QT_TUR_INF_INT;QT_TUR_INF_CRE_INT;QT_TUR_INF_PRE_INT;QT_TUR_FUND_INT;QT_TUR_FUND_AI_INT;QT_TUR_FUND_AF_INT;QT_TUR_MED_INT
2024;Norte;1;Rondônia;RO;11;Ariquemes;1100023;Porto Velho;1101;Ariquemes;110002;Leste Rondoniense;2;Ariquemes;3;Ariquemes;110002305;SENAC ARIQUEMES;11049758;4;1;1;0;RUA DOS INOCENTES;131;;SETOR GRANDES AREAS;76876674;69;35361290;1;1;22JAN2024:00:00:00;20DEC2024:00:00:00;;;;;0;;;;;;;;;;;;;;;;;;;;0;0;0;0;0;1;0;3,58187E+12;3,58187E+12;1;2;;;1;2;0;0;0;0;;0;0;0;1;1;0;0;0;0;0;1;0;0;0;0;1;0;1;0;1;0;0;0;0;0;0;0;1;1;0;0;0;1;0;1;1;1;0;0;0;0;0;0;0;1;1;1;0;0;0;0;0;0;0;0;0;0;0;0;0;1;0;0;0;1;0;0;0;0;0;0;1;1;0;0;0;0;0;0;5;0;5;5;0;0;1;0;0;1;0;0;0;0;1;1;1;5;0;0;0;0;1;37;1;21;1;11;1;1;1;1;1;1;1;3;1;1;2;1;2;0;0;0;0;0;0;0;0;0;0;0;0;0;0;0;0;0;0;0;0;0;0;1;1;0;0;0;0;0;0;0;0;0;1;0;1;1;0;1;0;1;0;0;0;0;0;0;0;0;0;0;;;;;0;;;;;;;1;1;1;0;0;1;0;0;0;1;1;1;0;0;1;1;0;0;0;1;0;0;0;1;1;0;1;0;0;0;0;0;0;0;1;1;0;0;0;1;1;0;56;0;0;0;0;0;0;0;0;0;0;0;0;0;0;0;0;0;0;0;0;0;0;0;0;0;0;0;0;0;0;0;0;0;56;56;7;49;0;0;0;0;0;0;0;0;0;0;2;2;0;45;11;0;9;1;46;0;0;0;0;0;0;6;50;10;46;0;0;0;0;0;0;0;0;54;2;0;0;0;0;5;0;0;0;0;0;0;0;5;5;0;0;0;1;1;0;3;0;0;0;0;0;0;0;3;3;0;0;0;1;1;0;1;2;0;0;0;0;0;0;0;0
2024;Norte;1;Rondônia;RO;11;Cacoal;1100049;Ji-Paraná;1102;Cacoal;110005;Leste Rondoniense;2;Cacoal;6;Cacoal;110004905;SENAC-CACOAL-RO;11106832;4;1;1;0;AVENIDA DOIS DE JUNHO;2563;;CENTRO;76963787;69;34414927;1;2;22JAN2024:00:00:00;20DEC2024:00:00:00;;;;;0;;;;;;;;;;;;;;;;;;;;0;0;0;0;0;1;0;3,58187E+12;3,58187E+12;1;2;;;1;1;0;0;0;0;;0;0;0;1;1;0;0;0;0;0;1;0;0;0;0;1;0;1;0;1;0;0;0;0;0;0;0;1;1;0;0;0;1;0;1;0;0;1;1;1;0;0;0;0;1;0;0;0;0;0;0;0;0;0;0;0;0;0;0;0;1;1;1;0;1;0;0;0;0;1;1;0;1;1;0;0;0;0;0;11;0;11;11;0;1;1;0;1;1;0;0;0;0;1;2;1;11;0;0;1;1;1;55;0;0;1;5;1;1;1;1;0;1;1;3;1;1;3;1;4;0;0;0;0;0;0;0;0;0;0;0;0;0;0;0;0;0;0;0;0;1;2;1;1;0;0;0;0;0;0;0;0;0;1;0;1;1;0;1;0;1;0;0;0;0;0;0;0;0;0;0;;;;;0;;;;;;;1;1;1;0;0;0;0;0;1;0;1;0;0;1;0;0;0;0;0;1;0;0;0;1;1;0;1;0;0;0;0;0;0;0;1;1;0;0;0;1;1;0;196;0;0;0;0;0;0;0;0;0;0;0;0;0;0;0;0;0;0;0;0;0;0;0;0;0;0;0;0;0;0;0;0;0;196;196;14;182;0;0;0;0;0;0;0;0;0;0;1;1;0;171;25;0;50;11;132;3;0;0;0;0;0;9;187;24;172;0;0;0;0;0;0;0;0;174;22;0;0;0;0;12;0;0;0;0;0;0;0;12;12;0;0;0;2;2;0;11;0;0;0;0;0;0;0;11;11;0;0;0;1;1;0;1;10;0;0;0;0;0;0;0;0
2024;Norte;1;Rondônia;RO;11;Jaru;1100114;Porto Velho;1101;Jaru;110003;Leste Rondoniense;2;Ji-Paraná;4;Jaru;110011405;SERVICO NACIONAL DE APRENDIZAGEM COMERCIAL - SENAC JARU;11050047;4;1;1;0;RUA FLORIANOPOLIS;3045;ENFRENTE CEF;SETOR 2;76890000;69;35213730;1;6;22JAN2024:00:00:00;20DEC2024:00:00:00;;;;;0;;;;;;;;;;;;;;;;;;;;0;0;0;0;0;1;0;3,58187E+12;3,58187E+12;1;2;;;1;1;0;0;0;0;;0;0;0;1;1;0;0;0;0;0;1;0;0;0;0;1;0;1;0;1;0;0;0;0;0;0;0;1;0;0;0;0;1;0;1;0;0;0;0;0;0;0;0;0;1;0;1;0;0;0;0;0;0;0;0;0;0;0;0;0;0;0;1;0;1;0;0;0;0;1;1;1;1;1;0;0;0;0;0;9;0;9;9;0;0;1;0;0;1;0;0;0;0;1;1;1;9;0;0;1;1;1;30;0;0;1;7;1;1;1;1;1;1;1;3;1;1;3;1;3;0;0;0;0;0;0;0;0;0;0;0;0;0;0;0;0;0;0;0;0;0;0;1;1;0;0;0;0;0;0;0;0;0;1;0;0;0;0;0;0;1;0;0;0;0;0;0;0;0;0;0;;;;;0;;;;;;;1;1;1;0;0;1;0;0;0;1;1;1;0;0;1;1;0;0;0;1;0;0;0;1;1;0;1;0;0;0;0;0;0;0;1;1;0;0;0;1;1;0;109;0;0;0;0;0;0;0;0;0;0;0;0;0;0;0;0;0;0;0;0;0;0;0;0;0;0;0;0;0;0;0;0;0;109;109;22;87;0;0;0;0;0;0;0;0;0;0;5;5;0;61;48;0;21;10;78;0;0;0;0;0;0;22;87;34;75;0;0;0;0;0;0;0;0;99;10;0;0;0;0;7;0;0;0;0;0;0;0;7;7;0;0;0;1;1;0;5;0;0;0;0;0;0;0;5;5;0;0;0;1;1;0;1;4;0;0;0;0;0;0;0;0
2024;Norte;1;Rondônia;RO;11;Ji-Paraná;1100122;Ji-Paraná;1102;Ji-Paraná;110004;Leste Rondoniense;2;Ji-Paraná;4;Ji-Paraná;110012205;SERVICO NACIONAL DE APRENDIZAGEM COMERCIAL - SENAC JI-PARANA;11110813;4;1;1;0;AVENIDA DOIS DE ABRIL;2004;;DOIS DE ABRIL;76900808;69;34210659;1;7;22JAN2024:00:00:00;20DEC2024:00:00:00;;;;;0;;;;;;;;;;;;;;;;;;;;0;0;0;0;0;1;0;3,58187E+12;3,58187E+12;1;2;;;1;1;0;0;0;0;;0;0;0;1;1;0;0;0;0;0;1;0;0;0;0;1;0;1;0;1;0;0;0;0;0;0;0;1;1;0;0;1;1;0;1;0;1;1;1;0;0;0;0;0;1;1;1;1;0;0;0;0;0;0;0;0;0;0;0;0;1;0;0;0;0;0;0;0;0;1;0;0;1;1;0;0;0;0;0;8;0;8;8;6;0;1;0;1;1;0;0;1;1;1;1;1;8;0;0;1;2;1;68;1;30;1;11;1;1;1;1;1;1;1;3;1;1;4;1;2;0;0;0;0;0;0;0;0;0;0;0;0;0;0;0;0;0;0;0;0;1;1;1;1;0;0;0;0;0;0;0;0;0;1;0;1;1;0;1;0;1;0;0;0;0;0;0;0;0;0;0;;;;;0;;;;;;;1;1;1;0;0;1;0;0;0;1;1;1;0;0;0;1;0;0;0;1;0;0;0;1;1;0;1;0;0;0;0;0;0;0;1;1;0;0;0;1;1;0;54;0;0;0;0;0;0;0;0;0;0;0;0;0;0;0;0;0;0;0;0;0;0;0;0;0;0;0;0;0;0;0;0;0;54;54;25;29;0;0;0;0;0;0;0;0;0;0;1;1;0;30;24;0;13;5;36;0;0;0;0;0;0;22;32;23;31;0;0;0;0;0;0;0;0;52;2;0;0;0;0;2;0;0;0;0;0;0;0;2;2;0;0;0;1;1;0;3;0;0;0;0;0;0;0;3;3;0;0;0;1;1;0;1;2;0;0;0;0;0;0;0;0
2024;Norte;1;Rondônia;RO;11;Pimenta Bueno;1100189;Ji-Paraná;1102;Cacoal;110005;Leste Rondoniense;2;Vilhena;7;Pimenta Bueno;110018905;CENTRO DE EDUCACAO PROFISSIONAL SENAC PIMENTA BUENO;11049731;4;1;1;0;RUA RAPOSO TAVARES;698;PROXIMO ATACAREJO;CTG;76970000;69;34516235;1;10;22JAN2024:00:00:00;20DEC2024:00:00:00;;;;;0;;;;;;;;;;;;;;;;;;;;0;0;0;0;0;1;0;3,58187E+12;3,58187E+12;1;2;;;1;1;0;0;0;0;;0;0;0;1;1;0;0;0;0;0;1;0;0;0;1;0;0;0;0;1;0;0;0;0;0;0;0;1;0;0;0;0;1;0;0;1;0;1;1;0;1;0;0;0;1;0;0;0;0;0;0;0;0;0;0;0;0;0;0;0;1;0;0;0;1;0;0;0;0;0;0;0;0;1;0;0;0;0;0;6;0;6;6;0;0;1;0;1;1;0;0;0;0;1;1;1;6;0;0;1;1;1;30;0;0;0;0;1;1;1;0;0;1;0;1;1;1;2;1;1;0;0;0;0;0;0;0;0;0;0;0;0;0;0;1;1;0;0;0;0;0;0;0;0;0;0;0;0;0;0;0;0;0;1;0;0;1;0;0;0;1;0;0;0;0;0;0;0;0;0;0;;;;;0;;;;;;;1;0;0;0;0;1;0;0;0;9;0;9;9;9;9;9;9;0;0;1;0;0;0;1;1;0;1;0;0;0;0;0;0;0;1;1;0;0;0;0;0;0;75;0;0;0;0;0;0;0;0;0;0;0;0;0;0;0;0;0;0;0;0;0;0;0;0;0;0;0;0;0;0;0;0;0;75;75;18;57;0;0;0;0;0;0;0;0;0;0;0;0;0;61;14;0;19;4;52;0;0;0;0;0;0;16;59;29;46;0;0;0;0;0;0;0;0;73;2;0;0;0;0;4;0;0;0;0;0;0;0;4;4;0;0;0;0;0;0;4;0;0;0;0;0;0;0;4;4;0;0;0;0;0;0;1;3;0;0;0;0;0;0;0;0
2024;Norte;1;Rondônia;RO;11;Porto Velho;1100205;Porto Velho;1101;Porto Velho;110001;Madeira-Guaporé;1;Porto Velho;1;Porto Velho;110020505;CENTRO DE EDUCACAO PROFISSIONAL SENAC ESPLANADA;11047941;4;1;1;0;RUA TABAJARA;539;AO LADO DO TJ;PANAIR;76801348;69;21816900;1;9;22JAN2024:00:00:00;20DEC2024:00:00:00;;;;;0;;;;;;;;;;;;;;;;;;;;0;0;0;0;0;1;0;3,58187E+12;3,58187E+12;1;2;;;1;1;0;0;0;0;;0;0;0;1;1;0;0;0;0;0;1;1;0;0;0;1;0;1;0;1;0;0;0;0;1;0;1;0;0;1;0;1;1;0;1;1;1;1;1;1;1;0;0;1;1;0;1;0;0;0;0;0;0;0;0;0;0;1;0;0;1;1;1;0;1;1;0;0;0;1;0;1;1;1;0;1;1;0;0;21;0;21;21;21;0;1;0;1;1;0;0;0;0;0;0;1;21;0;0;1;2;1;131;1;30;0;0;1;1;1;1;1;1;0;3;1;1;3;1;8;1;1;0;0;0;0;0;0;1;1;0;0;0;0;1;6;0;0;0;0;1;1;0;0;0;0;0;0;0;0;0;0;0;1;0;1;1;0;0;0;1;0;0;1;0;0;0;0;1;0;0;;;;;0;;;;;;;1;0;0;0;0;0;0;0;1;0;1;0;0;0;0;1;0;0;0;1;0;0;0;1;1;0;1;0;0;0;0;0;0;0;1;1;0;0;0;1;1;0;210;0;0;0;0;0;0;0;0;0;0;0;0;0;0;0;0;0;0;0;0;0;0;0;0;0;0;0;0;0;0;0;0;0;210;210;44;166;0;0;0;0;0;0;0;0;0;0;4;4;0;139;71;0;28;16;161;3;2;0;0;0;0;34;176;81;129;0;0;0;0;0;0;0;0;202;8;0;0;0;0;32;0;0;0;0;0;0;0;32;32;0;0;0;12;12;0;15;0;0;0;0;0;0;0;15;15;0;0;0;4;4;0;5;10;0;0;0;0;0;0;0;0
2024;Norte;1;Rondônia;RO;11;Vilhena;1100304;Ji-Paraná;1102;Vilhena;110006;Leste Rondoniense;2;Vilhena;7;Vilhena;110030405;SENAC VILHENA;11110821;4;1;1;0;AVENIDA AVENIDA SABINO BEZERRA DE QUEIROZ;3661;;JARDIM AMERICA;76980794;69;33221060;1;13;22JAN2024:00:00:00;20DEC2024:00:00:00;;;;;0;;;;;;;;;;;;;;;;;;;;0;0;0;0;0;1;0;3,58187E+12;3,58187E+12;1;2;;;1;1;0;0;0;0;;0;0;0;1;1;0;1;0;0;0;1;0;0;0;0;1;0;1;0;1;0;0;0;0;1;0;0;0;1;1;0;0;1;0;1;0;1;1;1;1;1;0;0;0;1;0;1;1;0;0;0;0;0;0;0;0;0;0;0;0;1;0;1;0;1;0;0;0;0;1;0;0;1;1;0;0;1;0;0;10;0;10;10;10;1;1;1;1;1;0;0;1;1;1;2;1;10;0;0;1;1;1;88888;0;0;0;0;1;1;1;1;0;1;1;3;1;1;4;1;4;0;0;0;0;0;0;0;0;0;0;0;0;0;0;0;0;0;0;0;0;0;0;0;0;0;0;0;0;0;0;0;0;0;1;0;1;1;0;0;0;0;0;0;0;0;0;0;0;0;0;0;;;;;0;;;;;;;1;0;0;0;0;0;0;0;1;0;0;9;9;9;9;9;9;0;0;1;0;0;0;0;1;0;1;0;0;0;0;0;0;0;1;1;0;0;0;0;0;0;34;0;0;0;0;0;0;0;0;0;0;0;0;0;0;0;0;0;0;0;0;0;0;0;0;0;0;0;0;0;0;0;0;0;34;34;12;22;0;0;0;0;0;0;0;0;0;0;0;0;0;23;11;0;8;0;26;0;0;0;0;0;0;8;26;0;34;0;0;0;0;0;0;0;0;33;1;0;0;0;0;11;0;0;0;0;0;0;0;11;11;0;0;0;0;0;0;4;0;0;0;0;0;0;0;4;4;0;0;0;0;0;0;0;4;0;0;0;0;0;0;0;0
2024;Norte;1;Amazonas;AM;13;Manaus;1302603;Manaus;1301;Manaus;130001;Centro Amazonense;3;Manaus;7;Manaus;130260305;CENTRO DE FORMACAO PROFISSIONAL FERNANDO ALFREDO PEQUENO FRANCO - SENAC;13101510;4;1;1;0;RUA SALDANHA MARINHO;410;;CENTRO;69010040;92;32157181;1;1;31JAN2024:00:00:00;16DEC2024:00:00:00;;;;;0;;;;;;;;;;;;;;;;;;;;0;0;0;0;0;1;0;3,96545E+12;3,96545E+12;1;2;;;1;1;0;0;0;0;;0;1;0;1;1;1;0;0;0;0;1;0;0;0;1;0;0;0;0;1;0;0;0;0;1;0;1;0;1;1;0;1;1;0;1;1;1;1;1;1;1;0;0;1;1;0;1;1;0;0;0;0;0;0;1;0;0;0;0;0;1;1;1;0;1;0;0;0;0;1;1;1;0;1;0;0;1;0;0;16;1;17;16;16;0;1;1;1;1;0;0;1;1;1;2;1;2;0;0;1;12;1;40;1;11;1;1;1;1;1;1;1;1;1;3;1;1;6;1;4;1;1;1;88888;0;0;0;0;0;0;0;0;1;3;1;2;1;1;1;88888;0;0;1;1;0;0;1;1;0;0;0;0;0;1;0;1;1;0;0;1;1;0;0;0;0;0;0;0;0;0;0;;;;;0;;;;;;;1;0;1;0;0;0;0;1;0;1;1;0;0;0;0;1;0;0;0;1;0;0;0;1;1;0;1;0;0;0;0;0;0;0;1;1;0;0;0;0;0;0;78;0;0;0;0;0;0;0;0;0;0;0;0;0;0;0;0;0;0;0;0;0;0;0;0;0;0;0;0;0;0;0;0;0;78;78;78;0;0;0;0;0;0;0;0;0;0;0;0;0;0;62;16;12;10;0;56;0;0;0;0;0;0;0;78;15;63;0;0;0;0;0;0;0;0;74;4;0;0;0;0;4;0;0;0;0;0;0;0;4;4;0;0;0;0;0;0;4;0;0;0;0;0;0;0;4;4;0;0;0;0;0;0;1;3;0;0;0;0;0;0;0;0
2024;Norte;1;Roraima;RR;14;Boa Vista;1400100;Boa Vista;1401;Boa Vista;140001;Norte de Roraima;1;Boa Vista;1;Boa Vista;140010005;SERVICO NACIONAL DE APRENDIZAGEM COMERCIAL - SENAC;14325063;4;1;1;0;AVENIDA MAJOR WILLIAMS;2084;;SAO FRANCISCO;69301110;95;21211902;1;;05FEB2024:00:00:00;13DEC2024:00:00:00;;;;;0;;;;;;;;;;;;;;;;;;;;0;0;0;0;1;1;0;3,64798E+12;3,64798E+12;1;1;;;1;1;0;0;0;0;;0;0;0;1;1;1;0;0;0;0;1;1;1;0;1;0;0;0;0;1;0;0;0;0;0;0;0;1;1;1;0;1;1;0;1;1;1;1;1;1;0;0;0;1;1;0;0;0;0;0;0;0;0;0;0;0;0;0;0;0;1;1;1;0;1;0;0;0;0;1;1;0;1;1;0;1;1;0;0;40;0;40;40;40;1;1;0;1;1;1;0;0;0;1;3;1;20;1;10;1;20;1;100;0;0;0;0;1;1;1;1;0;1;0;1;1;1;6;1;15;1;3;1;88888;1;4;0;0;0;0;0;0;0;0;1;8;1;1;0;0;0;0;1;1;0;0;0;0;0;0;0;0;0;1;0;0;1;0;1;0;1;0;0;0;0;0;0;0;0;0;0;;;;;0;;;;;;;1;1;0;0;0;0;0;0;1;1;1;0;0;0;0;0;1;0;0;1;0;0;0;1;1;0;1;0;0;0;0;0;0;0;1;1;0;0;0;1;1;0;264;0;0;0;0;0;0;0;0;0;0;0;0;0;0;0;0;0;0;0;0;0;0;0;0;0;0;0;0;0;0;0;0;0;264;264;31;233;0;0;0;0;0;0;0;0;0;0;2;2;0;202;62;61;22;2;175;0;4;0;0;0;0;15;249;84;180;0;0;0;0;0;0;0;0;243;21;0;0;0;0;17;0;0;0;0;0;0;0;17;17;0;0;0;3;3;0;18;0;0;0;0;0;0;0;18;18;0;0;0;2;2;0;6;12;0;0;0;0;0;0;0;0
2024;Norte;1;Pará;PA;15;Barcarena;1501303;Belém;1501;Belém;150001;Metropolitana de Belém;3;Belém;7;Barcarena;150130305;NUCLEO DE EDUCACAO PROFISSIONAL DE BARCARENA - SENAC;15178455;4;1;1;0;AV CONEGO BATISTA CAMPOS;91;QD 337 LT 16 E 17;VILA DOS CABANOS;68447000;91;31975775;1;27;02JAN2024:00:00:00;19DEC2024:00:00:00;;;;;0;;;;;;;;;;;;;;;;;;;;0;0;0;0;0;1;0;3,64696E+12;3,64696E+12;1;1;;;1;2;0;0;0;0;;1;0;0;1;1;0;0;0;0;0;1;0;0;0;1;0;0;0;0;1;0;0;0;0;0;0;0;1;1;0;0;0;1;0;1;1;0;0;0;1;1;0;0;0;1;1;0;0;0;0;0;0;0;0;0;0;0;1;0;0;1;0;1;0;1;0;0;0;0;0;0;0;1;0;0;0;0;0;0;6;4;10;10;10;0;1;1;1;1;1;0;0;0;1;1;1;1;1;1;1;9;1;30;1;4;1;14;1;1;1;1;0;1;1;3;1;1;3;1;3;0;0;0;0;1;1;0;0;0;0;0;0;0;0;1;2;0;0;0;0;0;0;0;0;0;0;0;0;0;0;0;0;0;1;0;0;1;0;0;0;1;0;0;0;0;0;0;0;0;0;0;;;;;0;;;;;;;1;1;1;0;0;0;0;0;1;0;1;1;0;0;0;1;0;0;0;1;0;0;0;0;1;0;1;0;0;0;0;0;0;0;1;1;0;0;0;0;0;0;73;0;0;0;0;0;0;0;0;0;0;0;0;0;0;0;0;0;0;0;0;0;0;0;0;0;0;0;0;0;0;0;0;0;73;73;73;0;0;0;0;0;0;0;0;0;0;0;0;0;0;37;36;7;9;7;50;0;0;0;0;0;0;14;59;0;73;0;0;0;0;0;0;0;0;68;5;0;0;0;0;4;0;0;0;0;0;0;0;4;4;0;0;0;0;0;0;3;0;0;0;0;0;0;0;3;3;0;0;0;0;0;0;0;3;0;0;0;0;0;0;0;0
2024;Norte;1;Pará;PA;15;Belém;1501402;Belém;1501;Belém;150001;Metropolitana de Belém;3;Belém;7;Belém;150140205;CENTRO DE EDUCACAO PROFISSIONAL PROFESSOR RAYMUNDO ALBERTO PAPALEO PAES - SENAC;15174964;4;1;1;0;RUA ARISTIDES LOBO;1058;;REDUTO;66053020;91;40096301;1;27;02JAN2024:00:00:00;20DEC2024:00:00:00;;;;;0;;;;;;;;;;;;;;;;;;;;0;0;0;0;0;1;0;3,64696E+12;3,64696E+12;1;1;;;1;1;0;0;0;0;;0;0;0;1;1;0;0;0;0;0;1;0;1;0;1;0;0;0;0;1;0;0;0;0;1;0;0;0;1;0;0;1;1;0;1;1;1;1;1;1;1;0;0;0;1;1;1;0;0;0;0;0;0;0;0;0;0;0;0;0;1;0;1;0;1;0;0;0;0;1;1;0;0;1;0;0;0;0;0;22;0;22;22;22;0;1;0;1;1;1;0;1;2;1;2;1;8;1;4;1;19;1;88888;1;63;1;7;1;1;1;1;1;1;1;3;1;1;8;1;5;1;1;1;88888;1;1;0;0;0;0;0;0;0;0;1;3;1;1;1;1;1;1;1;1;0;0;1;1;0;0;0;0;0;0;0;0;1;0;0;0;1;0;0;0;0;0;0;0;0;0;0;;;;;0;;;;;;;1;0;0;0;0;0;0;0;1;0;1;0;0;0;0;1;0;0;0;1;0;0;0;1;1;0;1;0;0;0;0;0;0;0;1;1;0;0;0;1;1;0;133;0;0;0;0;0;0;0;0;0;0;0;0;0;0;0;0;0;0;0;0;0;0;0;0;0;0;0;0;0;0;0;0;0;133;133;4;129;0;0;0;0;0;0;0;0;0;0;1;1;0;42;91;37;7;4;84;1;0;0;0;0;0;2;131;70;63;0;0;0;0;0;0;0;0;132;1;0;0;0;0;7;0;0;0;0;0;0;0;7;7;0;0;0;1;1;0;9;0;0;0;0;0;0;0;9;9;0;0;0;1;1;0;5;4;0;0;0;0;0;0;0;0
2024;Norte;1;Amapá;AP;16;Macapá;1600303;Macapá;1601;Macapá;160001;Sul do Amapá;2;Macapá;3;Macapá;160030305;SERVICO NACIONAL DE APRENDIZAGEM COMERCIAL - SENAC DRAP;16003586;4;1;1;0;AVENIDA HENRIQUE GALUCIO;1999;;CENTRAL;68900115;96;32144101;1;;02JAN2024:00:00:00;31DEC2024:00:00:00;;;;;0;;;;;;;;;;;;;;;;;;;;1;0;0;0;1;1;1;3,59298E+12;3,59298E+12;1;4;;;1;1;0;0;0;0;;0;1;0;1;1;1;1;0;0;0;1;1;0;0;1;0;1;1;0;1;1;0;0;1;1;0;1;0;1;1;0;1;1;0;1;1;1;1;1;1;1;0;0;0;1;0;1;0;0;0;1;1;0;0;1;0;0;0;0;0;1;1;1;0;1;0;1;0;0;0;0;1;1;1;0;0;1;0;0;33;0;33;33;10;0;1;1;1;1;1;0;0;0;1;12;1;12;1;16;1;16;1;100;1;84;0;0;1;1;1;1;0;1;1;3;1;1;9;1;26;1;1;0;0;1;1;0;0;0;0;1;1;0;0;1;2;0;0;1;4;1;1;1;1;0;0;1;1;0;0;0;0;0;1;0;0;1;0;1;1;1;1;0;0;1;1;0;0;0;0;0;;;;;1;0;1;0;0;1;0;1;1;1;0;0;0;0;0;1;1;1;0;0;0;1;1;0;0;0;1;0;0;0;1;0;0;1;0;0;0;0;0;0;0;1;1;0;0;0;1;1;0;163;0;0;0;0;0;0;0;0;0;0;0;0;0;0;0;0;0;0;0;0;0;0;0;0;0;0;0;0;0;0;0;0;0;163;163;0;163;0;0;0;0;0;0;0;0;0;0;1;1;0;122;41;43;17;9;93;1;0;0;0;0;0;0;163;163;0;0;0;0;0;0;0;0;0;153;10;0;2;0;2;6;0;0;0;0;0;0;0;6;6;0;0;0;1;1;0;5;0;0;0;0;0;0;0;5;5;0;0;0;1;1;0;5;0;0;0;0;0;0;0;0;0
2024;Nordeste;2;Maranhão;MA;21;Caxias;2103000;Caxias;2103;Caxias;210013;Leste Maranhense;4;Caxias;17;Caxias;210300005;SERVICO NACIONAL DE APRENDIZAGEM COMERCIAL- SENAC;21279179;4;;1;;AVENIDA LUIS SALES;151;;PONTE;65609330;99;34216900;2;9;;;;;;;;;;;;;;;;;;;;;;;;;;;;;;;;;;;;;;;;;;;;;;;;;;;;;;;;;;;;;;;;;;;;;;;;;;;;;;;;;;;;;;;;;;;;;;;;;;;;;;;;;;;;;;;;;;;;;;;;;;;;;;;;;;;;;;;;;;;;;;;;;;;;;;;;;;;;;;;;;;;;;;;;;;;;;;;;;;;;;;;;;;;;;;;;;;;;;;;;;;;;;;;;;;;;;;;;;;;;;;;;;;;;;;;;;;;;;;;;;;;;;;;;;;;;;;;;;;;;;;;;;;;;;;;;;;;;;;;;;;;;;;;;;;;;;;;;;;;;;;;;;;;;;;;;;;;;;;;;;;;;;;;;;;;;;;;;;;;;;;;;;;;;;;;;;;;;;;;;;;;;;;;;;;;;;;;;;;;;;;;;;;;;;;;;;
2024;Nordeste;2;Maranhão;MA;21;Imperatriz;2105302;Imperatriz;2105;Imperatriz;210019;Oeste Maranhense;2;Imperatriz;9;Imperatriz;210530205;SERVICO NACIONAL DE APRENDIZAGEM COMERCIAL - SENAC;21279187;4;;1;;RUA RUI BARBOSA;203;;CENTRO;65901490;99;35244483;2;6;;;;;;;;;;;;;;;;;;;;;;;;;;;;;;;;;;;;;;;;;;;;;;;;;;;;;;;;;;;;;;;;;;;;;;;;;;;;;;;;;;;;;;;;;;;;;;;;;;;;;;;;;;;;;;;;;;;;;;;;;;;;;;;;;;;;;;;;;;;;;;;;;;;;;;;;;;;;;;;;;;;;;;;;;;;;;;;;;;;;;;;;;;;;;;;;;;;;;;;;;;;;;;;;;;;;;;;;;;;;;;;;;;;;;;;;;;;;;;;;;;;;;;;;;;;;;;;;;;;;;;;;;;;;;;;;;;;;;;;;;;;;;;;;;;;;;;;;;;;;;;;;;;;;;;;;;;;;;;;;;;;;;;;;;;;;;;;;;;;;;;;;;;;;;;;;;;;;;;;;;;;;;;;;;;;;;;;;;;;;;;;;;;;;;;;;;
2024;Nordeste;2;Maranhão;MA;21;Pinheiro;2108603;São Luís;2101;Pinheiro;210002;Norte Maranhense;1;Baixada Maranhense;5;Pinheiro;210860305;SERVICO NACIONAL DE APRENDIZAGEM COMERCIAL SENAC;21288640;4;1;1;0;RUA EDVALDO MORAES TRAVESSA JOAO MARIANO;;;ANTIGO AEROPORTO;65200000;98;33814271;1;8;02JAN2024:00:00:00;30DEC2024:00:00:00;;;;;0;;;;;;;;;;;;;;;;;;;;0;0;0;0;0;1;0;3,76004E+12;3,76004E+12;1;2;;;1;1;0;0;0;0;;0;1;0;1;0;1;0;0;0;0;1;0;0;0;0;1;0;1;0;1;0;0;0;0;9;9;9;9;1;0;0;1;1;0;1;1;1;1;1;1;1;0;0;0;1;1;1;1;0;0;0;0;0;0;0;0;0;0;0;1;1;1;1;0;1;0;0;0;0;1;1;1;0;1;0;0;0;0;0;13;0;13;0;0;0;1;1;1;1;1;0;0;0;0;0;0;0;0;0;1;11;1;20;0;0;0;0;1;1;1;1;0;1;0;1;1;1;1;1;3;0;0;0;0;1;1;0;0;0;0;0;0;1;1;1;1;0;0;0;0;1;1;0;0;0;0;1;2;0;0;0;0;0;1;0;0;1;0;0;0;1;0;0;0;0;0;0;0;0;0;0;;;;;0;;;;;;;1;1;1;0;0;0;0;0;1;1;1;0;0;0;0;1;0;0;0;1;0;0;0;1;1;0;1;0;0;0;0;0;0;0;1;0;1;1;0;1;1;0;97;0;0;0;0;0;0;0;0;0;0;0;0;0;0;0;0;0;0;0;0;0;0;0;0;0;0;0;0;0;0;0;0;0;97;0;0;0;25;72;72;0;0;72;0;0;0;0;8;8;0;62;35;23;2;1;71;0;0;0;0;0;0;15;82;64;33;0;0;0;0;0;0;0;0;68;29;0;0;0;0;8;0;0;0;0;0;0;0;8;0;5;5;0;2;2;0;10;0;0;0;0;0;0;0;10;0;5;5;0;2;2;0;6;4;0;0;0;0;0;0;0;0
2024;Nordeste;2;Ceará;CE;23;Crato;2304202;Juazeiro do Norte;2304;Juazeiro do Norte;230011;Sul Cearense;7;Cariri;32;Crato;230420205;CENTRO DE EDUCACAO PROFISSIONAL DE CRATO - SENAC;23271906;4;1;1;0;PRACA DA SE;596;;CENTRO;63100440;88;35868750;1;18;02JAN2024:00:00:00;22DEC2024:00:00:00;;;;;0;;;;;;;;;;;;;;;;;;;;0;0;0;0;0;1;0;3,64834E+12;3,64834E+12;1;2;;;1;1;0;0;0;0;;0;0;0;1;1;0;1;0;0;0;1;0;0;0;1;0;0;0;0;1;0;0;0;0;1;0;0;0;1;0;0;1;1;0;1;0;1;1;1;1;1;0;0;1;1;0;0;1;0;0;0;0;0;0;0;0;0;0;0;0;1;0;1;0;1;0;0;0;0;1;1;0;0;0;0;0;0;0;0;8;0;8;8;0;0;1;1;1;1;0;0;1;7;1;4;1;8;0;0;1;5;1;42;0;0;1;6;1;1;1;1;0;1;0;2;1;1;3;1;7;1;1;1;88888;1;2;0;0;0;0;0;0;0;0;1;1;1;1;0;0;0;0;0;0;1;1;0;0;0;0;0;0;0;0;0;0;0;0;0;1;0;0;0;0;0;0;0;0;0;0;0;;;;;0;;;;;;;1;9;9;0;0;0;0;1;0;9;1;0;0;0;1;0;0;0;0;1;0;0;0;1;1;0;1;0;0;0;0;0;0;0;1;1;0;0;0;1;1;0;217;0;0;0;0;0;0;0;0;0;0;0;0;0;0;0;0;0;0;0;0;0;0;0;0;0;0;0;0;0;0;0;0;0;217;217;8;209;0;0;0;0;0;0;0;0;0;0;2;2;0;170;47;68;29;5;113;2;0;0;0;0;0;0;217;117;100;0;0;0;0;0;0;0;0;183;34;0;0;0;0;8;0;0;0;0;0;0;0;8;8;0;0;0;2;2;0;11;0;0;0;0;0;0;0;11;11;0;0;0;2;2;0;6;5;0;0;0;0;0;0;0;0
2024;Nordeste;2;Ceará;CE;23;Sobral;2312908;Sobral;2306;Sobral;230015;Noroeste Cearense;1;Sobral;5;Sobral;231290805;CENTRO DE EDUCACAO PROFISSIONAL DE SOBRAL - SENAC;23271922;4;1;1;0;RUA DOUTOR JOAO DO MONTE;980;;CENTRO;62010220;88;36778700;1;6;20MAR2024:00:00:00;08JAN2025:00:00:00;;;;;0;;;;;;;;;;;;;;;;;;;;0;0;0;0;0;1;0;3,64834E+12;3,64834E+12;1;2;;;1;2;0;0;0;0;;0;0;0;1;1;0;0;0;0;0;1;0;0;0;1;0;0;0;0;1;0;0;0;0;1;0;0;0;1;0;0;1;1;0;1;0;1;1;1;1;0;0;0;0;1;1;0;0;0;0;1;1;0;1;0;0;0;1;0;1;1;1;1;0;1;0;0;0;0;1;0;0;1;1;0;1;1;0;0;15;0;15;15;3;1;1;1;1;1;1;0;1;3;1;12;1;10;0;0;1;4;1;88888;1;10;1;6;1;1;1;1;1;1;1;2;1;1;3;1;3;1;1;1;88888;1;2;0;0;0;0;0;0;0;0;1;2;1;1;1;88888;0;0;0;0;1;1;0;0;0;0;0;0;0;1;0;1;1;0;0;0;1;0;0;1;0;0;0;0;0;0;0;;;;;1;1;1;0;1;0;0;1;0;1;0;0;1;0;0;0;1;1;1;1;1;1;1;0;0;0;1;0;0;0;0;1;0;1;0;0;0;0;0;0;0;1;1;0;0;0;0;0;0;12;0;0;0;0;0;0;0;0;0;0;0;0;0;0;0;0;0;0;0;0;0;0;0;0;0;0;0;0;0;0;0;0;0;12;12;0;12;0;0;0;0;0;0;0;0;0;0;0;0;0;8;4;3;0;0;9;0;0;0;0;0;0;1;11;0;12;0;0;0;0;0;0;0;0;11;1;0;1;0;1;1;0;0;0;0;0;0;0;1;1;0;0;0;0;0;0;1;0;0;0;0;0;0;0;1;1;0;0;0;0;0;0;0;1;0;0;0;0;0;0;0;0
2024;Nordeste;2;Rio Grande do Norte;RN;24;Açu;2400208;Mossoró;2403;Açu;240011;Oeste Potiguar;1;Vale do Açu;4;Açu;240020805;SERVICO NACIONAL DE APRENDIZAGEM COMERCIAL - SENAC ASSU;24091006;4;;1;;RUA 24 DE JUNHO;1092;;CENTRO;59650000;84;33311585;2;11;;;;;;;;;;;;;;;;;;;;;;;;;;;;;;;;;;;;;;;;;;;;;;;;;;;;;;;;;;;;;;;;;;;;;;;;;;;;;;;;;;;;;;;;;;;;;;;;;;;;;;;;;;;;;;;;;;;;;;;;;;;;;;;;;;;;;;;;;;;;;;;;;;;;;;;;;;;;;;;;;;;;;;;;;;;;;;;;;;;;;;;;;;;;;;;;;;;;;;;;;;;;;;;;;;;;;;;;;;;;;;;;;;;;;;;;;;;;;;;;;;;;;;;;;;;;;;;;;;;;;;;;;;;;;;;;;;;;;;;;;;;;;;;;;;;;;;;;;;;;;;;;;;;;;;;;;;;;;;;;;;;;;;;;;;;;;;;;;;;;;;;;;;;;;;;;;;;;;;;;;;;;;;;;;;;;;;;;;;;;;;;;;;;;;;;;;
2024;Nordeste;2;Rio Grande do Norte;RN;24;Caicó;2402006;Caicó;2402;Caicó;240007;Central Potiguar;2;Seridó Ocidental;11;Caicó;240200605;SERVICO NACIONAL DE APRENDIZAGEM COMERCIAL - SENAC CAICO;24080268;4;;1;;RUA ZECO DINIZ;1289;;PENEDO;59300000;84;34213933;2;10;;;;;;;;;;;;;;;;;;;;;;;;;;;;;;;;;;;;;;;;;;;;;;;;;;;;;;;;;;;;;;;;;;;;;;;;;;;;;;;;;;;;;;;;;;;;;;;;;;;;;;;;;;;;;;;;;;;;;;;;;;;;;;;;;;;;;;;;;;;;;;;;;;;;;;;;;;;;;;;;;;;;;;;;;;;;;;;;;;;;;;;;;;;;;;;;;;;;;;;;;;;;;;;;;;;;;;;;;;;;;;;;;;;;;;;;;;;;;;;;;;;;;;;;;;;;;;;;;;;;;;;;;;;;;;;;;;;;;;;;;;;;;;;;;;;;;;;;;;;;;;;;;;;;;;;;;;;;;;;;;;;;;;;;;;;;;;;;;;;;;;;;;;;;;;;;;;;;;;;;;;;;;;;;;;;;;;;;;;;;;;;;;;;;;;;;;
2024;Nordeste;2;Rio Grande do Norte;RN;24;Currais Novos;2403103;Caicó;2402;Currais Novos;240008;Central Potiguar;2;Seridó Oriental;12;Currais Novos;240310305;SENAC-SERVICO NACIONAL DE APRENDIZAGEM;24078638;4;;1;;RUA CAPITAO MOR GALVAO;;;;59380000;84;34053330;2;9;;;;;;;;;;;;;;;;;;;;;;;;;;;;;;;;;;;;;;;;;;;;;;;;;;;;;;;;;;;;;;;;;;;;;;;;;;;;;;;;;;;;;;;;;;;;;;;;;;;;;;;;;;;;;;;;;;;;;;;;;;;;;;;;;;;;;;;;;;;;;;;;;;;;;;;;;;;;;;;;;;;;;;;;;;;;;;;;;;;;;;;;;;;;;;;;;;;;;;;;;;;;;;;;;;;;;;;;;;;;;;;;;;;;;;;;;;;;;;;;;;;;;;;;;;;;;;;;;;;;;;;;;;;;;;;;;;;;;;;;;;;;;;;;;;;;;;;;;;;;;;;;;;;;;;;;;;;;;;;;;;;;;;;;;;;;;;;;;;;;;;;;;;;;;;;;;;;;;;;;;;;;;;;;;;;;;;;;;;;;;;;;;;;;;;;;;
2024;Nordeste;2;Rio Grande do Norte;RN;24;Macaíba;2407104;Natal;2401;Natal;240001;Leste Potiguar;4;Macaíba;17;Macaíba;240710405;SENAC - UNIDADE MACAIBA;24094609;4;;1;;RUA PROFESSOR PAULO MESQUITA;;;CENTRO;59280070;84;40051095;2;1;;;;;;;;;;;;;;;;;;;;;;;;;;;;;;;;;;;;;;;;;;;;;;;;;;;;;;;;;;;;;;;;;;;;;;;;;;;;;;;;;;;;;;;;;;;;;;;;;;;;;;;;;;;;;;;;;;;;;;;;;;;;;;;;;;;;;;;;;;;;;;;;;;;;;;;;;;;;;;;;;;;;;;;;;;;;;;;;;;;;;;;;;;;;;;;;;;;;;;;;;;;;;;;;;;;;;;;;;;;;;;;;;;;;;;;;;;;;;;;;;;;;;;;;;;;;;;;;;;;;;;;;;;;;;;;;;;;;;;;;;;;;;;;;;;;;;;;;;;;;;;;;;;;;;;;;;;;;;;;;;;;;;;;;;;;;;;;;;;;;;;;;;;;;;;;;;;;;;;;;;;;;;;;;;;;;;;;;;;;;;;;;;;;;;;;;;
2024;Nordeste;2;Rio Grande do Norte;RN;24;Mossoró;2408003;Mossoró;2403;Mossoró;240009;Oeste Potiguar;1;Mossoró;1;Mossoró;240800305;SERVICO NACIONAL DE APRENDIZAGEM COMERCIAL - SENAC MOSSORO;24093408;4;;1;;RUA DOUTOR JOAO MARCELINO;867;;SANTO ANTONIO;59611200;84;34225008;2;12;;;;;;;;;;;;;;;;;;;;;;;;;;;;;;;;;;;;;;;;;;;;;;;;;;;;;;;;;;;;;;;;;;;;;;;;;;;;;;;;;;;;;;;;;;;;;;;;;;;;;;;;;;;;;;;;;;;;;;;;;;;;;;;;;;;;;;;;;;;;;;;;;;;;;;;;;;;;;;;;;;;;;;;;;;;;;;;;;;;;;;;;;;;;;;;;;;;;;;;;;;;;;;;;;;;;;;;;;;;;;;;;;;;;;;;;;;;;;;;;;;;;;;;;;;;;;;;;;;;;;;;;;;;;;;;;;;;;;;;;;;;;;;;;;;;;;;;;;;;;;;;;;;;;;;;;;;;;;;;;;;;;;;;;;;;;;;;;;;;;;;;;;;;;;;;;;;;;;;;;;;;;;;;;;;;;;;;;;;;;;;;;;;;;;;;;;
2024;Nordeste;2;Rio Grande do Norte;RN;24;Natal;2408102;Natal;2401;Natal;240001;Leste Potiguar;4;Natal;18;Natal;240810205;SERVICO NACIONAL DE APRENDIZAGEM COMERCIAL - SENAC ZONA SUL;24072311;4;1;1;0;AVENIDA AYRTON SENNA;1362;;NEOPOLIS;59088100;84;40051087;1;1;02JAN2024:00:00:00;23DEC2024:00:00:00;;;;;0;;;;;;;;;;;;;;;;;;;;0;0;0;0;0;1;0;3,64029E+12;3,64029E+12;0;;;;1;2;0;0;0;0;;0;0;0;1;1;0;0;0;0;0;1;0;0;0;1;0;0;0;0;1;0;0;0;0;0;0;0;1;0;0;0;0;1;1;1;0;0;1;1;1;0;0;0;0;1;1;0;0;0;0;0;0;0;0;0;0;0;0;0;0;1;1;1;0;1;0;0;0;0;1;1;1;1;1;1;0;0;0;0;25;0;25;0;0;0;1;0;0;1;0;0;0;0;0;0;1;25;1;1;1;25;1;15;1;88888;1;88888;1;1;1;0;0;9;9;1;1;1;88888;1;88888;1;2;0;0;0;0;0;0;0;0;0;0;0;0;1;2;0;0;0;0;0;0;1;1;0;0;0;0;0;0;0;0;0;0;0;0;1;0;1;0;1;0;0;0;0;0;0;0;0;0;0;;;;;0;;;;;;;1;0;0;0;0;0;0;0;1;0;1;0;0;0;0;1;0;0;0;1;0;0;0;1;0;0;1;0;0;0;0;0;0;0;1;1;0;0;0;0;0;0;16;0;0;0;0;0;0;0;0;0;0;0;0;0;0;0;0;0;0;0;0;0;0;0;0;0;0;0;0;0;0;0;0;0;16;16;0;16;0;0;0;0;0;0;0;0;0;0;0;0;0;2;14;6;2;0;8;0;0;0;0;0;0;1;15;16;0;0;0;0;0;0;0;0;0;16;0;0;15;0;15;1;0;0;0;0;0;0;0;1;1;0;0;0;0;0;0;2;0;0;0;0;0;0;0;2;2;0;0;0;0;0;0;2;0;0;0;0;0;0;0;0;0
2024;Nordeste;2;Rio Grande do Norte;RN;24;Natal;2408102;Natal;2401;Natal;240001;Leste Potiguar;4;Natal;18;Natal;240810205;SERVICO NACIONAL DE APRENDIZAGEM COMERCIAL - SENAC CENTRO;24078255;4;1;1;0;AVENIDA MARECHAL FLORIANO PEIXOTO;295;;PETROPOLIS;59025030;84;40051013;1;1;02JAN2024:00:00:00;23DEC2024:00:00:00;;;;;0;;;;;;;;;;;;;;;;;;;;0;0;0;0;1;1;0;3,64029E+12;3,64029E+12;0;;;;1;1;0;0;0;0;;0;0;0;1;1;0;0;0;0;0;1;0;0;0;1;0;0;0;0;1;0;0;0;0;0;0;0;1;1;1;0;1;1;0;1;1;1;1;1;1;1;0;0;0;1;1;0;0;0;0;0;0;0;1;0;0;0;0;0;0;1;0;1;0;1;0;0;0;0;1;1;1;1;1;1;1;1;0;1;23;0;23;23;23;0;1;0;1;1;1;0;0;0;0;0;1;3;1;2;1;23;1;7;1;57;1;31;1;1;1;1;1;1;1;3;1;1;6;1;5;1;1;0;0;0;0;0;0;0;0;0;0;0;0;1;2;0;0;0;0;0;0;1;1;0;0;0;0;0;0;0;0;0;1;0;1;1;0;0;0;1;0;0;0;0;0;0;0;0;0;0;;;;;0;;;;;;;1;0;0;0;0;0;0;0;1;0;1;0;0;0;0;1;0;0;0;1;0;0;0;1;1;0;1;0;0;0;0;0;0;0;1;1;0;0;0;0;0;0;165;0;0;0;0;0;0;0;0;0;0;0;0;0;0;0;0;0;0;0;0;0;0;0;0;0;0;0;0;0;0;0;0;0;165;165;0;165;0;0;0;0;0;0;0;0;0;0;0;0;0;117;48;60;36;14;54;1;0;0;0;0;0;2;163;94;71;0;0;0;0;0;0;0;0;158;7;0;159;4;155;5;0;0;0;0;0;0;0;5;5;0;0;0;0;0;0;10;0;0;0;0;0;0;0;10;10;0;0;0;0;0;0;6;4;0;0;0;0;0;0;0;0
2024;Nordeste;2;Rio Grande do Norte;RN;24;Natal;2408102;Natal;2401;Natal;240001;Leste Potiguar;4;Natal;18;Natal;240810205;SERVICO NACIONAL DE APRENDIZAGEM COMERCIAL - SENAC ALECRIM;24087335;4;1;1;0;AVENIDA ALMIRANTE ALEXANDRINO DE ALENCAR;556;PROX.CLUBE ATLANTICO;ALECRIM;59030350;84;40051070;1;1;02JAN2024:00:00:00;20DEC2024:00:00:00;;;;;0;;;;;;;;;;;;;;;;;;;;0;0;0;0;0;1;0;3,64029E+12;3,64029E+12;1;3;;;1;1;0;0;0;0;;0;0;0;1;1;0;0;0;0;0;1;0;0;0;1;0;0;0;0;1;0;0;0;0;0;0;0;1;1;0;0;1;1;1;1;0;0;1;1;1;0;0;0;0;0;1;0;0;0;0;0;0;0;1;0;0;0;0;1;0;1;1;1;0;1;0;0;0;0;1;1;1;1;1;1;0;1;0;0;30;0;30;30;30;0;1;0;1;1;1;0;0;0;1;23;1;23;0;0;1;3;1;88888;1;21;0;0;1;1;1;1;1;1;1;3;1;1;88888;1;88888;1;2;0;0;0;0;0;0;0;0;0;0;0;0;1;3;0;0;0;0;1;1;0;0;0;0;0;0;0;0;0;0;0;1;0;1;1;0;1;0;1;0;0;0;0;0;0;0;0;0;0;;;;;0;;;;;;;1;0;0;0;0;0;0;1;0;0;1;0;0;0;0;1;0;0;0;1;0;0;0;1;1;0;1;0;0;0;0;0;0;0;1;1;0;0;0;1;1;0;26;0;0;0;0;0;0;0;0;0;0;0;0;0;0;0;0;0;0;0;0;0;0;0;0;0;0;0;0;0;0;0;0;0;26;26;0;26;0;0;0;0;0;0;0;0;0;0;1;1;0;6;20;12;7;1;5;1;0;0;0;0;0;1;25;12;14;0;0;0;0;0;0;0;0;26;0;0;26;0;26;3;0;0;0;0;0;0;0;3;3;0;0;0;2;2;0;2;0;0;0;0;0;0;0;2;2;0;0;0;1;1;0;1;1;0;0;0;0;0;0;0;0
2024;Nordeste;2;Rio Grande do Norte;RN;24;Natal;2408102;Natal;2401;Natal;240001;Leste Potiguar;4;Natal;18;Natal;240810205;SERVICO NACIONAL DE APRENDIZAGEM COMERCIAL - SENAC ZONA NORTE;24094200;4;1;1;0;TRAVESSA MACAE;2875;ESCOLA;POTENGI;59110185;84;40051094;1;1;02JAN2024:00:00:00;23DEC2024:00:00:00;;;;;0;;;;;;;;;;;;;;;;;;;;0;0;0;0;0;1;0;3,64029E+12;3,64029E+12;0;;;;1;1;0;0;0;0;;0;0;0;1;1;0;0;0;0;0;1;0;0;0;1;0;0;0;0;1;0;0;0;0;0;0;0;1;1;1;0;0;1;1;1;1;1;0;0;1;0;0;0;0;1;0;0;0;0;0;0;0;0;1;0;0;0;0;0;0;1;0;1;0;1;0;0;0;0;1;0;1;1;1;0;0;0;0;0;8;0;8;8;0;0;1;0;0;1;1;0;0;0;1;2;0;0;1;1;1;8;1;28;1;20;0;0;1;1;1;1;0;0;1;3;1;1;4;1;3;0;0;0;0;0;0;0;0;0;0;0;0;0;0;1;1;0;0;0;0;0;0;1;1;0;0;0;0;0;0;0;0;0;0;0;0;1;0;0;0;1;0;0;0;0;0;0;0;0;0;0;;;;;0;;;;;;;1;0;0;0;0;0;0;0;1;0;0;9;9;9;9;9;9;0;0;1;0;0;0;1;1;0;1;0;0;0;0;0;0;0;1;1;0;0;0;1;1;0;49;0;0;0;0;0;0;0;0;0;0;0;0;0;0;0;0;0;0;0;0;0;0;0;0;0;0;0;0;0;0;0;0;0;49;48;0;48;1;0;0;0;0;0;0;0;0;0;2;2;0;18;31;21;15;0;13;0;0;0;0;0;0;1;48;19;30;0;0;0;0;0;0;0;0;48;1;0;49;2;47;4;0;0;0;0;0;0;0;4;4;0;0;0;3;3;0;4;0;0;0;0;0;0;0;4;3;0;0;0;2;2;0;2;2;0;0;0;0;0;0;0;0
2024;Nordeste;2;Rio Grande do Norte;RN;24;Natal;2408102;Natal;2401;Natal;240001;Leste Potiguar;4;Natal;18;Natal;240810205;SERVICO NACIONAL DE APRENDIZAGEM COMERCIAL - SENAC BARREIRA ROXA;24094404;4;1;1;0;VIA COSTEIRA SENADOR DINARTE MEDEIROS MARIZ;4020;;MAE LUIZA;59090002;84;40051000;1;1;02JAN2024:00:00:00;23DEC2024:00:00:00;;;;;0;;;;;;;;;;;;;;;;;;;;0;0;0;0;0;1;0;3,64029E+12;3,64029E+12;1;2;;;1;1;0;0;0;0;;0;0;0;1;1;0;0;0;0;0;1;0;0;0;1;0;0;0;0;1;0;0;0;0;1;0;0;0;1;1;0;0;1;0;1;1;1;1;1;1;1;0;0;0;0;1;0;0;0;0;0;0;0;1;0;0;0;0;0;0;1;1;1;0;1;0;0;0;0;1;1;1;1;1;1;1;1;0;0;12;0;12;12;12;0;1;0;1;1;1;0;0;0;0;0;0;0;0;0;1;12;1;12;0;0;0;0;1;1;1;0;0;1;1;3;1;1;3;1;4;0;0;0;0;0;0;0;0;0;0;0;0;0;0;1;1;0;0;0;0;0;0;1;1;0;0;0;0;0;0;0;0;0;1;0;0;1;0;0;0;1;0;0;0;0;0;0;0;0;0;0;;;;;0;;;;;;;1;0;1;0;0;0;0;0;1;0;1;0;0;0;0;1;0;0;0;1;0;0;0;1;0;0;1;0;0;0;0;0;0;0;1;1;0;0;0;1;1;0;57;0;0;0;0;0;0;0;0;0;0;0;0;0;0;0;0;0;0;0;0;0;0;0;0;0;0;0;0;0;0;0;0;0;57;57;0;57;0;0;0;0;0;0;0;0;0;0;2;2;0;35;22;21;18;3;15;0;0;0;0;0;0;0;57;57;0;0;0;0;0;0;0;0;0;56;1;0;42;0;42;1;0;0;0;0;0;0;0;1;1;0;0;0;1;1;0;2;0;0;0;0;0;0;0;2;2;0;0;0;2;2;0;2;0;0;0;0;0;0;0;0;0
2024;Nordeste;2;Pernambuco;PE;26;Caruaru;2604106;Caruaru;2602;Caruaru;260009;Agreste Pernambucano;3;Vale do Ipojuca;8;Caruaru;260410605;SERVICO NACIONAL DE APRENDIZAGEM COMERCIAL SENAC;26169606;4;1;1;0;AVENIDA MARIA JOSE LYRA;140;;INDIANOPOLIS;55026075;81;37278251;1;9;05FEB2024:00:00:00;20DEC2024:00:00:00;;;;;0;;;;;;;;;;;;;;;;;;;;0;0;0;0;0;1;0;3,48532E+12;3,48532E+12;1;1;;;1;1;0;0;0;0;;0;0;0;1;1;0;0;0;0;0;1;0;0;0;1;0;0;0;0;1;0;0;0;0;1;0;1;0;1;1;0;1;1;0;1;1;1;1;1;1;0;0;0;1;1;0;0;1;0;0;0;0;0;0;0;0;0;0;0;0;1;1;1;0;1;0;0;0;0;0;0;1;0;1;0;1;1;0;1;25;0;25;25;25;0;1;1;1;1;0;0;0;0;0;0;1;4;0;0;1;20;1;16;0;0;0;0;1;0;1;1;0;0;0;2;1;1;8;1;8;1;2;1;5;0;0;0;0;0;0;1;1;0;0;1;5;0;0;0;0;1;1;0;0;0;0;0;0;0;0;0;0;0;1;0;0;0;0;0;0;0;0;0;0;0;0;0;0;0;0;0;;;;;0;;;;;;;1;1;1;0;0;1;0;1;0;1;1;1;0;1;1;1;0;0;0;1;0;0;1;1;1;0;1;0;0;0;0;0;0;1;1;1;0;0;0;1;1;0;352;0;0;0;0;0;0;0;0;0;0;0;0;0;0;0;149;0;0;0;0;0;0;149;30;61;58;0;0;0;0;0;0;0;352;352;0;203;0;0;0;0;0;0;0;0;0;0;1;1;0;231;121;123;77;2;150;0;0;0;0;0;0;133;219;212;140;0;0;0;0;0;0;0;58;334;18;0;0;0;0;18;0;0;0;0;0;0;14;18;18;0;0;0;1;1;0;11;0;0;0;0;0;0;5;11;11;0;0;0;1;1;0;7;4;0;0;0;0;0;0;0;2
2024;Nordeste;2;Pernambuco;PE;26;Garanhuns;2606002;Caruaru;2602;Garanhuns;260010;Agreste Pernambucano;3;Garanhuns;11;Garanhuns;260600205;SENAC CENTRO DE FOR PROFS JOSE HENRIQUE DE BARROS;26167700;4;1;1;0;RUA MARIA RAMOS;22;;HELIOPOLIS;55295700;87;37642700;1;10;02JAN2024:00:00:00;20DEC2024:00:00:00;;;;;0;;;;;;;;;;;;;;;;;;;;0;0;0;0;0;1;0;3,48532E+12;3,48532E+12;1;2;;;1;1;0;0;0;0;;0;0;0;1;1;0;0;0;0;0;1;0;0;0;1;0;0;0;0;1;0;0;0;0;1;0;0;0;1;1;0;0;1;0;1;0;1;1;1;1;0;0;0;0;1;0;0;1;0;0;0;0;0;0;0;0;0;0;0;0;1;0;1;0;1;0;0;0;0;1;0;0;0;0;0;0;0;0;0;8;0;8;8;0;0;1;1;1;1;1;0;1;1;1;2;1;6;0;0;1;8;1;3;1;20;0;0;1;1;1;1;1;1;1;3;1;1;1;1;5;1;1;0;0;0;0;0;0;0;0;0;0;0;0;1;3;1;1;0;0;0;0;1;1;0;0;0;0;0;0;0;0;0;1;0;0;1;0;1;0;0;0;0;0;0;0;0;0;0;0;0;;;;;0;;;;;;;1;0;1;0;0;0;0;0;1;0;1;1;0;0;0;1;0;0;0;1;0;0;0;1;1;0;1;0;0;0;0;0;0;0;1;1;0;0;0;0;0;0;212;0;0;0;0;0;0;0;0;0;0;0;0;0;0;0;0;0;0;0;0;0;0;0;0;0;0;0;0;0;0;0;0;0;212;173;27;146;39;0;0;0;0;0;0;0;0;0;0;0;0;136;76;43;54;10;105;0;0;0;0;0;1;25;186;117;95;0;0;0;0;0;0;0;0;189;23;0;11;0;11;20;0;0;0;0;0;0;0;20;13;0;0;0;0;0;0;21;0;0;0;0;0;0;0;21;8;0;0;0;0;0;0;12;9;0;0;0;0;0;0;0;0
2024;Nordeste;2;Pernambuco;PE;26;Paulista;2610707;Recife;2601;Recife;260001;Metropolitana de Recife;5;Recife;17;Paulista;261070705;SENAC CENTRO DE FORMACAO PROFISSIONAL DO PAULISTA;26176890;4;1;1;0;AVENIDA PREFEITO SEVERINO CUNHA PRIMO;30;;JARDIM PAULISTA;53407265;81;33728250;1;3;15FEB2024:00:00:00;20DEC2024:00:00:00;;;;;0;;;;;;;;;;;;;;;;;;;;0;0;0;0;0;1;0;3,48532E+12;3,48532E+12;1;2;;;1;1;0;0;0;0;;0;0;0;1;1;0;1;0;0;0;1;0;0;0;1;0;0;0;0;1;0;0;0;0;1;0;0;0;0;0;0;1;1;0;1;0;1;1;1;1;0;0;0;0;1;0;0;1;0;0;0;0;0;0;0;0;0;0;0;0;1;1;1;0;1;0;0;0;0;1;1;0;0;1;0;0;0;0;0;17;0;17;17;17;0;1;0;0;1;0;0;1;6;1;2;1;13;0;0;1;6;1;44;1;20;0;0;1;1;1;1;0;1;1;3;1;1;5;1;4;1;1;0;0;1;4;0;0;0;0;1;1;0;0;0;0;1;1;1;2;1;1;1;2;0;0;0;0;0;0;0;0;0;1;0;0;1;0;0;0;0;0;0;0;0;0;0;0;0;0;0;;;;;0;;;;;;;1;0;0;0;0;0;0;0;1;0;1;0;0;0;1;0;0;0;0;1;0;0;1;1;1;0;1;0;0;0;0;0;0;1;1;1;0;0;0;1;1;0;233;0;0;0;0;0;0;0;0;0;0;0;0;0;0;0;126;0;0;0;0;0;0;126;57;24;45;0;0;0;0;0;0;0;233;233;0;107;0;0;0;0;0;0;0;0;0;0;2;2;0;144;89;59;53;16;104;1;0;0;0;0;5;111;117;213;20;0;0;0;0;0;0;0;0;225;8;0;0;0;0;21;0;0;0;0;0;0;14;21;21;0;0;0;14;14;0;9;0;0;0;0;0;0;3;9;9;0;0;0;2;2;0;8;1;0;0;0;0;0;0;0;0
2024;Nordeste;2;Pernambuco;PE;26;Petrolina;2611101;Petrolina;2604;Petrolina;260015;São Francisco Pernambucano;2;Petrolina;5;Petrolina;261110105;SENAC-SERVICO NACIONAL DE APREDIZAGEM COMERCIAL;26176840;4;1;1;0;RUA PROJETADA;650;;COLONIA IMPERIAL;56328815;87;39837614;1;16;02JAN2024:00:00:00;22DEC2024:00:00:00;;;;;0;;;;;;;;;;;;;;;;;;;;0;0;0;0;0;1;0;3,48532E+12;3,48532E+12;1;1;;;1;1;0;0;0;0;;0;0;0;1;1;0;0;0;0;0;1;0;1;0;1;0;0;0;0;1;0;0;0;0;1;0;0;0;1;0;0;1;1;0;1;1;1;1;1;1;0;0;0;1;1;1;0;0;0;0;0;0;0;0;0;0;0;0;0;1;1;0;1;0;1;0;0;0;0;1;0;1;1;1;1;0;1;0;0;21;0;21;21;0;0;1;0;1;1;1;0;1;2;1;3;1;5;0;0;1;13;1;35;1;30;0;0;1;1;1;1;0;1;1;3;1;1;3;1;8;1;1;0;0;1;3;0;0;0;0;0;0;0;0;1;3;0;0;0;0;1;1;0;0;0;0;0;0;0;0;0;0;0;1;0;1;1;0;1;1;1;1;0;0;0;0;0;0;1;0;0;;;;;0;;;;;;;1;0;0;0;0;1;0;0;0;1;1;0;0;0;0;1;0;0;0;1;0;0;1;1;1;0;1;0;0;0;0;0;0;1;1;1;0;0;0;1;1;0;142;0;0;0;0;0;0;0;0;0;0;0;0;0;0;0;68;0;0;0;0;0;0;68;17;26;25;0;0;0;0;0;0;0;142;142;1;73;0;0;0;0;0;0;0;0;0;0;1;1;0;94;48;14;45;5;76;2;0;0;0;0;0;57;85;110;32;0;0;0;0;0;0;0;0;128;14;0;0;0;0;12;0;0;0;0;0;0;10;12;12;0;0;0;10;10;0;7;0;0;0;0;0;0;3;7;7;0;0;0;1;1;0;5;2;0;0;0;0;0;0;0;0
2024;Nordeste;2;Pernambuco;PE;26;Serra Talhada;2613909;Serra Talhada;2603;Serra Talhada;260013;Sertão Pernambucano;1;Pajeú;3;Serra Talhada;261390905;CEP SENAC SERRA TALHADA;26183498;4;1;1;0;AVENIDA WALDEMAR INACIO DE OLIVEIRA;325;;BOM JESUS;56906010;87;39292351;1;12;02JAN2024:00:00:00;20DEC2024:00:00:00;;;;;0;;;;;;;;;;;;;;;;;;;;0;0;0;0;0;1;0;3,48532E+12;3,48532E+12;1;2;;;1;1;0;0;0;0;;0;0;0;1;1;0;0;0;0;0;1;0;0;0;1;0;0;0;0;1;0;0;0;0;0;0;1;0;1;1;0;1;1;0;1;1;1;1;1;1;1;0;0;0;1;1;1;1;0;0;0;0;0;1;0;0;0;1;0;1;1;1;1;0;1;0;0;0;0;1;0;1;1;1;0;1;1;0;0;13;0;13;13;13;0;1;1;1;1;1;0;1;1;1;2;1;7;0;0;1;15;1;4;1;13;1;2;1;1;1;1;1;1;1;3;1;1;4;1;7;1;2;0;0;1;2;0;0;0;0;0;0;0;0;1;2;1;1;1;2;0;0;0;0;0;0;0;0;0;0;0;0;0;1;0;0;1;0;1;0;1;0;0;0;0;0;0;0;0;0;0;;;;;0;;;;;;;1;1;0;0;0;0;0;0;1;1;1;0;0;1;1;1;0;0;0;1;0;0;0;1;1;0;1;0;0;0;0;0;0;0;1;0;1;0;1;0;0;0;47;0;0;0;0;0;0;0;0;0;0;0;0;0;0;0;0;0;0;0;0;0;0;0;0;0;0;0;0;0;0;0;0;0;47;0;0;0;0;47;0;0;0;0;47;0;47;0;0;0;0;36;11;15;9;2;21;0;0;0;0;0;0;0;47;32;15;0;0;0;0;0;0;0;0;40;7;0;0;0;0;5;0;0;0;0;0;0;0;5;0;5;0;5;0;0;0;3;0;0;0;0;0;0;0;3;0;3;0;3;0;0;0;2;1;0;0;0;0;0;0;0;0
2024;Nordeste;2;Pernambuco;PE;26;Vitória de Santo Antão;2616407;Recife;2601;Vitória de Santo Antão;260005;Mata Pernambucana;4;Vitória de Santo Antão;14;Vitória de Santo Antão;261640705;SERVICO NACIONAL DE APRENDIZAGEM COMERCIAL - SENAC;26169436;4;1;1;0;RUA AUREA PIMENTEL;210;;MATRIZ;55612540;81;35267600;1;6;02JAN2024:00:00:00;20DEC2024:00:00:00;;;;;0;;;;;;;;;;;;;;;;;;;;0;0;0;0;0;1;0;3,48532E+12;3,48532E+12;1;2;;;1;1;0;0;0;0;;0;0;0;1;1;0;0;0;0;0;1;0;0;0;1;0;0;0;0;1;0;0;0;0;0;0;0;1;1;1;0;1;1;0;1;0;0;1;1;1;0;0;0;0;1;1;0;0;0;0;0;0;0;0;0;0;0;0;0;1;1;0;1;0;1;0;0;0;0;1;0;0;1;1;0;0;1;0;0;5;15;20;5;5;0;1;0;0;1;0;0;1;3;1;5;1;5;0;0;1;12;1;23;1;1;1;1;1;1;1;1;0;1;1;3;1;1;4;1;4;1;1;0;0;0;0;0;0;0;0;0;0;0;0;1;3;1;1;0;0;0;0;0;0;0;0;0;0;0;0;0;0;0;1;0;1;1;0;1;1;1;0;0;0;0;0;0;0;1;0;0;;;;;0;;;;;;;1;0;0;0;0;0;0;0;1;0;1;0;0;0;1;1;0;0;0;1;0;0;0;0;1;0;1;0;0;0;0;0;0;0;1;1;0;0;0;0;0;0;37;0;0;0;0;0;0;0;0;0;0;0;0;0;0;0;0;0;0;0;0;0;0;0;0;0;0;0;0;0;0;0;0;0;37;37;3;34;0;0;0;0;0;0;0;0;0;0;0;0;0;22;15;13;4;2;18;0;0;0;0;0;0;3;34;0;37;0;0;0;0;0;0;0;0;37;0;0;0;0;0;4;0;0;0;0;0;0;0;4;4;0;0;0;0;0;0;2;0;0;0;0;0;0;0;2;2;0;0;0;0;0;0;0;2;0;0;0;0;0;0;0;0
2024;Nordeste;2;Alagoas;AL;27;Arapiraca;2700300;Arapiraca;2702;Arapiraca;270007;Agreste Alagoano;2;Arapiraca;6;Arapiraca;270030005;SERVICO NACIONAL DE APRENDIZAGEM COMERCIAL - SENAC - AGRESTE;27053490;4;1;1;0;RUA MARINETE FRANCISCA NUNES;2853;;BRASILIANA;57310510;82;21227858;1;5;02JAN2024:00:00:00;20DEC2024:00:00:00;;;;;0;;;;;;;;;;;;;;;;;;;;0;0;0;0;0;1;0;3,69242E+12;3,69242E+12;1;2;;;1;1;0;0;0;0;;0;0;0;1;1;0;0;0;0;0;1;0;0;0;0;0;1;1;0;1;0;0;0;0;0;0;0;1;1;1;0;1;1;0;1;1;1;0;1;1;0;0;0;0;1;1;0;0;0;0;0;0;0;1;1;0;0;0;0;0;1;1;1;1;1;0;0;0;0;0;1;1;1;1;0;1;0;0;0;34;0;34;34;1;0;1;1;1;1;1;0;0;0;0;0;1;1;1;1;1;28;1;128;1;33;0;0;1;1;1;1;0;1;1;3;1;1;11;1;8;0;0;0;0;0;0;0;0;0;0;0;0;0;0;1;3;1;1;0;0;1;1;1;1;0;0;0;0;0;0;0;0;0;1;0;1;0;0;0;0;1;0;0;0;0;0;0;0;0;0;0;;;;;0;;;;;;;1;1;1;0;0;1;0;0;0;0;1;0;1;0;1;1;0;0;0;1;0;0;0;1;1;0;1;0;0;0;0;0;0;0;1;1;0;0;0;1;1;0;405;0;0;0;0;0;0;0;0;0;0;0;0;0;0;0;0;0;0;0;0;0;0;0;0;0;0;0;0;0;0;0;0;0;405;405;52;353;0;0;0;0;0;0;0;0;0;0;4;4;0;260;145;90;61;9;244;1;0;0;0;0;0;23;382;217;188;0;0;0;0;0;0;0;0;337;68;0;91;0;91;32;0;0;0;0;0;0;0;32;32;0;0;0;6;6;0;24;0;0;0;0;0;0;0;24;24;0;0;0;3;3;0;14;10;0;0;0;0;0;0;0;0
2024;Nordeste;2;Alagoas;AL;27;Maceió;2704302;Maceió;2701;Maceió;270001;Leste Alagoano;3;Maceió;11;Maceió;270430205;SERVICO NACIONAL DE APRENDIZAGEM COMERCIAL SENAC AL - UNIDADE CARLOS MILITO;27050424;4;1;1;0;RUA PEDRO PAULINO;77;;POCO;57025340;82;21227808;1;1;02JAN2024:00:00:00;20DEC2024:00:00:00;;;;;0;;;;;;;;;;;;;;;;;;;;0;0;0;0;0;1;0;3,69242E+12;3,69242E+12;1;2;;;1;1;0;0;0;0;;0;0;0;1;1;0;0;0;0;0;1;0;0;0;1;0;0;0;0;1;0;0;0;0;0;0;0;1;1;1;0;1;1;0;1;0;1;1;1;0;0;0;0;1;1;0;0;0;0;0;0;0;0;0;0;0;0;0;0;0;1;0;1;0;1;1;0;0;0;0;1;1;0;0;0;1;1;0;0;48;0;48;48;0;1;1;1;1;1;0;0;1;10;1;20;1;20;0;0;1;20;1;40;0;0;0;0;1;1;1;0;0;1;0;2;1;1;2;1;10;1;3;0;0;0;0;0;0;0;0;0;0;0;0;1;5;1;1;0;0;1;2;0;0;0;0;0;0;0;0;0;0;0;1;0;1;1;0;0;0;0;0;0;0;0;0;0;0;0;0;0;;;;;0;;;;;;;1;1;1;0;0;0;0;1;0;0;1;1;1;1;0;1;0;0;0;1;0;0;0;1;1;0;1;0;0;0;0;0;0;0;1;1;0;0;0;1;1;0;1364;0;0;0;0;0;0;0;0;0;0;0;0;0;0;0;0;0;0;0;0;0;0;0;0;0;0;0;0;0;0;0;0;0;1364;1364;131;1233;0;0;0;0;0;0;0;0;0;0;4;4;0;950;414;563;159;46;591;4;1;0;0;0;0;29;1335;852;512;0;0;0;0;0;0;0;0;1316;48;0;2;0;2;51;0;0;0;0;0;0;0;51;51;0;0;0;7;7;0;69;0;0;0;0;0;0;0;69;69;0;0;0;4;4;0;42;27;0;0;0;0;0;0;0;0
2024;Nordeste;2;Alagoas;AL;27;Maceió;2704302;Maceió;2701;Maceió;270001;Leste Alagoano;3;Maceió;11;Maceió;270430205;SENAC SERVICO NACIONAL DE APRENDIZAGEM COMERCIAL CENTRO INTEGRADO DE HOTELARIA E TURISMO;27055876;4;1;1;0;RUA PEDRO PAULINO;137;;POCO;57025340;82;21227805;1;1;05JAN2024:00:00:00;19DEC2024:00:00:00;;;;;0;;;;;;;;;;;;;;;;;;;;0;0;0;0;0;1;0;3,69242E+12;3,69242E+12;1;2;;;1;1;0;0;0;0;;0;0;1;1;1;0;0;0;0;0;1;0;0;0;1;0;0;0;0;1;0;0;0;0;0;0;1;0;1;0;0;1;1;0;1;0;0;0;0;1;1;0;0;0;0;0;0;0;0;0;0;0;0;0;0;0;0;0;0;0;0;0;0;0;0;0;0;0;0;1;0;1;0;0;0;0;0;0;0;2;0;2;0;0;0;1;0;1;1;1;0;0;0;0;0;1;2;0;0;1;3;0;0;0;0;0;0;1;1;1;1;0;9;9;9;1;0;0;0;0;1;1;0;0;0;0;0;0;0;0;0;0;0;0;1;4;1;1;0;0;0;0;0;0;0;0;0;0;0;0;0;0;0;0;0;0;0;0;0;0;1;0;0;0;0;0;0;0;0;0;0;;;;;0;;;;;;;1;1;1;0;0;1;0;0;0;0;1;1;1;0;1;1;0;0;0;1;0;0;0;1;1;0;1;0;0;0;0;0;0;0;1;1;0;0;0;1;1;0;263;0;0;0;0;0;0;0;0;0;0;0;0;0;0;0;0;0;0;0;0;0;0;0;0;0;0;0;0;0;0;0;0;0;263;263;4;259;0;0;0;0;0;0;0;0;0;0;1;1;0;167;96;84;37;11;129;2;0;0;0;0;0;2;261;170;93;0;0;0;0;0;0;0;0;258;5;0;3;0;3;15;0;0;0;0;0;0;0;15;15;0;0;0;3;3;0;13;0;0;0;0;0;0;0;13;13;0;0;0;1;1;0;9;4;0;0;0;0;0;0;0;0
2024;Nordeste;2;Sergipe;SE;28;Aracaju;2800308;Aracaju;2801;Aracaju;280001;Leste Sergipano;3;Aracaju;11;Aracaju;280030805;SENAC - CENTRO DE EDUCACAO PROFISSIONAL PROFESSOR CARLOS ALBERTO SAMPAIO;28037987;4;1;1;0;AVENIDA IVO DO PRADO;564;;SAO JOSE;49015070;79;32121560;1;0;08JAN2024:00:00:00;20DEC2024:00:00:00;;;;;1;2;0;0;0;1;0;0;;;;;;;0;0;0;1;0;0;0;0;0;0;0;1;0;3,65462E+12;3,65462E+12;1;1;;;1;1;0;0;0;0;;1;1;0;1;1;0;0;0;0;0;1;0;0;0;1;0;0;0;0;1;0;0;0;0;0;0;0;1;1;0;0;1;1;0;1;1;1;1;1;1;1;0;0;0;1;1;1;1;0;0;0;0;0;0;0;0;0;0;1;0;1;1;1;0;1;0;0;0;0;1;1;0;0;1;0;0;0;0;0;36;0;36;36;36;0;1;0;1;1;0;0;0;0;0;0;0;0;0;0;0;0;1;145;0;0;0;0;1;0;1;0;0;0;0;2;1;1;3;1;20;0;0;1;10;1;1;1;1;1;1;1;1;1;4;1;12;1;1;1;6;0;0;0;0;0;0;1;1;0;0;0;0;0;1;0;0;0;0;0;0;0;0;0;0;0;0;0;0;0;0;0;;;;;0;;;;;;;1;0;0;0;0;0;0;1;0;0;1;0;0;0;0;1;0;0;0;1;0;0;0;1;1;0;1;0;0;0;0;0;0;0;1;1;0;0;0;1;1;0;1005;0;0;0;0;0;0;0;0;0;0;0;0;0;0;0;0;0;0;0;0;0;0;0;0;0;0;0;0;0;0;0;0;0;1005;86;20;66;919;0;0;0;0;0;0;0;0;0;11;11;0;535;470;74;132;93;698;7;1;0;0;0;12;666;327;658;347;0;0;0;0;0;0;0;0;917;88;0;0;0;0;49;0;0;0;0;0;0;0;49;6;0;0;0;10;10;0;58;0;0;0;0;0;0;0;58;3;0;0;0;10;10;0;42;16;0;0;0;0;0;0;0;0
2024;Nordeste;2;Sergipe;SE;28;Itabaiana;2802908;Itabaiana;2802;Itabaiana;280004;Agreste Sergipano;2;Agreste de Itabaiana;4;Itabaiana;280290805;SERVICO NACIONAL DE APRENDIZAGEM COMERCIAL - SENAC ITABAIANA;28038045;4;1;1;0;RUA QUINTINO BOCAIUVA;925;;SERRANO;49503024;79;34311655;1;3;08JAN2024:00:00:00;20DEC2024:00:00:00;;;;;0;;;;;;;;;;;;;;;;;;;;0;0;0;0;0;1;0;3,65462E+12;1E+14;1;2;;;1;1;0;0;0;0;;1;1;0;1;1;0;0;0;0;0;1;0;0;0;1;0;0;0;0;1;0;0;0;0;0;0;0;1;0;0;0;1;1;0;1;1;0;0;1;1;0;0;0;0;1;1;1;1;0;0;0;0;0;0;0;0;0;0;0;0;1;1;1;0;1;0;0;0;0;1;1;0;0;1;0;0;0;0;1;28;0;28;28;28;0;1;0;1;1;0;0;0;0;0;0;0;0;0;0;0;0;1;50;0;0;0;0;1;0;0;1;0;0;0;9;1;1;2;1;4;0;0;1;2;0;0;0;0;0;0;0;0;0;0;1;2;0;0;1;3;0;0;0;0;0;0;0;0;0;0;0;0;0;0;0;0;0;0;0;0;1;0;0;0;0;0;0;0;0;0;0;;;;;0;;;;;;;1;0;0;0;0;0;0;1;0;0;1;0;0;0;0;1;0;0;0;1;0;0;0;1;1;0;1;0;0;0;0;0;0;0;1;1;0;0;0;1;1;0;314;0;0;0;0;0;0;0;0;0;0;0;0;0;0;0;0;0;0;0;0;0;0;0;0;0;0;0;0;0;0;0;0;0;314;34;31;3;280;0;0;0;0;0;0;0;0;0;5;5;0;162;152;22;56;11;224;1;0;0;0;0;2;212;100;93;221;0;0;0;0;0;0;0;0;200;114;0;0;0;0;20;0;0;0;0;0;0;0;20;9;0;0;0;4;4;0;14;0;0;0;0;0;0;0;14;1;0;0;0;4;4;0;5;9;0;0;0;0;0;0;0;0
2024;Nordeste;2;Sergipe;SE;28;Lagarto;2803500;Itabaiana;2802;Lagarto;280005;Agreste Sergipano;2;Agreste de Lagarto;6;Lagarto;280350005;SENAC - SERVICO NACIONAL DE APRENDIZAGEM COMERCIAL - LAGARTO;28038029;4;1;1;0;RUA RAIMUNDA REIS;140;;CENTRO;49400000;79;36311545;1;2;08JAN2024:00:00:00;20DEC2024:00:00:00;;;;;1;2;0;0;0;1;0;0;;;;;;;0;0;0;1;0;0;1;0;0;0;0;1;0;3,65462E+12;1E+14;1;1;;;1;1;0;0;0;0;;1;1;0;1;1;0;0;0;0;0;1;0;0;0;1;0;0;0;0;1;0;0;0;0;0;0;0;1;0;0;0;0;1;0;0;1;0;0;0;1;0;0;0;0;1;0;1;0;0;0;0;0;0;0;0;0;0;0;0;0;0;0;0;0;1;0;0;0;0;0;0;0;0;1;0;0;0;0;0;10;10;20;10;10;0;1;0;1;1;0;0;0;0;0;0;0;0;0;0;0;0;1;20;0;0;0;0;1;0;1;0;0;0;0;2;1;1;2;0;0;0;0;0;0;0;0;0;0;0;0;0;0;0;0;0;0;1;1;1;2;1;1;1;1;0;0;0;0;0;0;0;0;0;0;0;0;0;0;0;0;1;0;0;0;0;0;0;0;0;0;0;;;;;0;;;;;;;1;0;0;0;0;0;0;0;1;0;1;0;0;0;0;1;0;0;0;1;0;0;0;0;1;0;1;0;0;0;0;0;0;0;1;0;0;0;0;1;1;0;264;0;0;0;0;0;0;0;0;0;0;0;0;0;0;0;0;0;0;0;0;0;0;0;0;0;0;0;0;0;0;0;0;0;264;0;0;0;264;0;0;0;0;0;0;0;0;0;2;2;0;145;119;23;42;9;189;1;0;0;0;0;3;231;30;0;264;0;0;0;0;0;0;0;0;122;142;0;0;0;0;8;0;0;0;0;0;0;0;8;0;0;0;0;2;2;0;10;0;0;0;0;0;0;0;10;0;0;0;0;2;2;0;0;10;0;0;0;0;0;0;0;0
2024;Nordeste;2;Sergipe;SE;28;Nossa Senhora da Glória;2804508;Itabaiana;2802;Nossa Senhora da Glória;280006;Sertão Sergipano;1;Sergipana do Sertão do São Francisco;1;Nossa Senhora da Glória;280450805;SENAC- CENTRO DE EDUCACAO PROFISSIONAL MARIA JOSE DOS SANTOS;28037995;4;1;1;0;RUA MANOEL FRANCISCO DE ANDRADE;100;;SILOS;49680000;79;34111404;1;9;08JAN2024:00:00:00;20DEC2024:00:00:00;;;;;1;2;0;0;0;1;0;0;;;;;;;0;0;0;1;0;0;0;0;0;0;0;1;0;3,65462E+12;1E+14;1;1;;;1;1;0;0;0;0;;1;0;0;1;1;0;0;0;0;0;1;0;0;0;1;0;0;0;0;1;0;0;0;0;0;0;0;1;1;0;0;1;1;0;1;1;1;0;1;1;0;0;0;0;1;0;1;1;0;0;0;0;0;0;0;0;0;0;0;0;1;1;1;0;1;0;0;0;0;0;1;0;0;0;0;0;0;0;0;20;0;20;20;20;0;1;0;1;1;0;0;0;0;0;0;0;0;0;0;0;0;0;0;0;0;0;0;1;1;1;1;0;9;9;2;1;1;3;1;2;0;0;1;2;0;0;0;0;0;0;0;0;1;1;0;0;1;1;1;2;0;0;0;0;0;0;1;2;1;1;0;0;0;1;0;0;1;0;0;0;1;0;0;0;0;0;0;0;0;0;0;;;;;0;;;;;;;1;0;0;0;0;0;0;0;1;0;1;0;0;0;1;0;0;0;0;1;0;0;0;1;1;0;1;0;0;0;0;0;0;0;1;1;0;0;0;1;1;0;71;0;0;0;0;0;0;0;0;0;0;0;0;0;0;0;0;0;0;0;0;0;0;0;0;0;0;0;0;0;0;0;0;0;71;20;18;2;51;0;0;0;0;0;0;0;0;0;1;1;0;42;29;3;10;1;57;0;0;0;0;0;1;43;27;51;20;0;0;0;0;0;0;0;0;30;41;0;0;0;0;4;0;0;0;0;0;0;0;4;1;0;0;0;1;1;0;4;0;0;0;0;0;0;0;4;1;0;0;0;1;1;0;3;1;0;0;0;0;0;0;0;0
2024;Nordeste;2;Sergipe;SE;28;Propriá;2805703;Aracaju;2801;Propriá;280003;Leste Sergipano;3;Propriá;7;Propriá;280570305;CENTRO DE EDUCACAO PROFISSIONAL JOSE MARCOS DE ANDRADE - SENAC;28038053;1;;1;0;PRACA DA BANDEIRA;430;;CENTRO;49900000;79;996552708;1;;08JAN2024:00:00:00;20DEC2024:00:00:00;1;0;0;0;0;;;;;;;;;;;;;;;;;;;;;;;;;;;;;1;2;;;1;1;0;0;0;0;;1;1;0;1;1;0;0;0;0;0;1;0;0;0;1;0;0;0;0;1;0;0;0;0;0;0;0;1;0;0;0;0;1;0;0;1;0;0;0;1;0;0;0;0;1;0;0;0;0;0;0;0;0;0;0;0;0;0;0;0;1;0;0;0;1;0;0;0;0;1;0;0;0;1;0;0;0;0;0;4;0;4;0;0;0;1;0;1;0;0;0;0;0;0;0;0;0;0;0;0;0;1;15;0;0;0;0;1;0;1;0;0;0;0;9;1;1;1;1;1;0;0;0;0;1;1;0;0;0;0;0;0;0;0;0;0;1;1;0;0;0;0;0;0;0;0;0;0;0;0;0;0;0;0;0;0;0;0;0;0;0;0;0;0;0;0;0;0;0;1;0;;;;;9;;;;;;;9;9;9;0;0;0;0;0;1;9;0;9;9;9;9;9;9;0;0;1;0;0;0;0;1;0;1;0;0;0;0;0;0;0;1;0;0;0;0;0;0;0;41;0;0;0;0;0;0;0;0;0;0;0;0;0;0;0;0;0;0;0;0;0;0;0;0;0;0;0;0;0;0;0;0;0;41;0;0;0;41;0;0;0;0;0;0;0;0;0;0;0;0;28;13;1;5;2;33;0;0;0;0;0;0;28;13;0;41;0;0;0;0;0;0;0;0;12;29;0;0;0;0;3;0;0;0;0;0;0;0;3;0;0;0;0;0;0;0;3;0;0;0;0;0;0;0;3;0;0;0;0;0;0;0;0;3;0;0;0;0;0;0;0;0
2024;Nordeste;2;Sergipe;SE;28;Tobias Barreto;2807402;Itabaiana;2802;Lagarto;280005;Agreste Sergipano;2;Tobias Barreto;5;Tobias Barreto;280740205;CENTRO DE EDUCACAO PROFISSIONAL JOSAFA RIBEIRO DE ALMEIDA - SENAC;28038037;4;1;1;0;PRACA ABELARDO BARRETO DO ROSARIO;295;;CENTRO;49300000;79;35411715;1;2;08JAN2024:00:00:00;20DEC2024:00:00:00;;;;;1;2;0;0;0;1;0;0;;;;;;;0;0;0;1;0;0;1;0;0;0;0;1;0;3,65462E+12;3,65462E+12;1;2;;;1;1;0;0;0;0;;1;1;0;1;1;0;0;0;0;0;1;0;0;0;1;0;0;0;0;1;0;0;0;0;0;0;0;1;0;0;0;1;1;0;1;1;0;1;1;0;0;0;0;0;1;0;1;1;0;0;0;0;0;0;0;0;0;0;0;0;1;0;0;0;1;0;0;0;0;1;0;1;1;1;0;0;1;0;1;7;0;7;0;0;0;1;0;0;0;0;0;0;0;0;0;0;0;0;0;0;0;1;15;0;0;0;0;1;0;1;1;0;0;0;1;1;1;1;1;5;0;0;1;1;1;2;0;0;0;0;0;0;0;0;0;0;0;0;0;0;0;0;0;0;0;0;0;0;0;0;0;0;0;1;0;0;0;0;0;0;0;0;0;0;0;0;0;0;0;0;0;;;;;9;;;;;;;9;9;9;0;0;0;0;0;1;9;0;9;9;9;9;9;9;0;0;1;0;0;0;1;1;0;1;0;0;0;0;0;0;0;1;0;0;0;0;1;1;0;73;0;0;0;0;0;0;0;0;0;0;0;0;0;0;0;0;0;0;0;0;0;0;0;0;0;0;0;0;0;0;0;0;0;73;0;0;0;73;0;0;0;0;0;0;0;0;0;5;5;0;39;34;11;14;1;47;0;0;0;0;0;1;52;20;27;46;0;0;0;0;0;0;0;0;33;40;0;0;0;0;4;0;0;0;0;0;0;0;4;0;0;0;0;2;2;0;5;0;0;0;0;0;0;0;5;0;0;0;0;3;3;0;2;3;0;0;0;0;0;0;0;0
2024;Nordeste;2;Bahia;BA;29;Porto Seguro;2925303;Ilhéus ¿ Itabuna;2903;Eunápolis - Porto Seguro;290009;Sul Baiano;7;Porto Seguro;32;Porto Seguro;292530305;SERVICO NACIONAL DE APRENDIZAGEM COMERCIAL - SENAC PORTO SEGURO;29469813;4;1;1;0;RUA DOS CACAUEIROS;SN;;TAPERAPUAN;45810000;73;31627301;1;27;01JAN2024:00:00:00;31DEC2024:00:00:00;;;;;0;;;;;;;;;;;;;;;;;;;;0;0;0;0;0;1;0;3,68219E+12;3,68219E+12;1;1;;;1;1;0;0;0;0;;0;0;0;1;1;0;0;0;0;0;1;0;0;0;1;0;0;0;0;1;0;0;0;0;0;0;0;1;0;1;0;1;1;0;1;1;0;1;1;0;0;0;0;0;1;1;0;1;0;0;0;0;0;0;0;0;0;0;0;1;1;0;1;0;1;1;0;0;0;1;1;0;1;1;0;0;0;0;0;18;0;18;18;18;0;1;1;1;1;1;0;1;5;1;10;1;5;1;2;1;15;1;19;1;20;1;6;1;1;1;1;1;1;1;2;1;1;3;1;7;1;2;0;0;0;0;0;0;0;0;0;0;0;0;1;5;1;1;1;88888;0;0;0;0;0;0;0;0;0;0;0;0;0;0;0;0;1;0;0;0;1;0;0;0;0;0;0;0;0;0;0;;;;;0;;;;;;;1;0;0;0;0;1;0;0;0;0;1;0;0;0;1;0;0;0;0;1;0;0;0;1;1;0;1;0;0;0;0;0;0;0;1;1;0;0;0;0;0;0;81;0;0;0;0;0;0;0;0;0;0;0;0;0;0;0;0;0;0;0;0;0;0;0;0;0;0;0;0;0;0;0;0;0;81;81;81;0;0;0;0;0;0;0;0;0;0;0;0;0;0;56;25;29;9;9;31;1;2;0;0;0;0;0;81;24;57;0;0;0;0;0;0;0;0;77;4;0;0;0;0;3;0;0;0;0;0;0;0;3;3;0;0;0;0;0;0;3;0;0;0;0;0;0;0;3;3;0;0;0;0;0;0;1;2;0;0;0;0;0;0;0;0
2024;Nordeste;2;Bahia;BA;29;Salvador;2927408;Salvador;2901;Salvador;290001;Metropolitana de Salvador;5;Salvador;21;Salvador;292740805;SENAC - SERVICO NACIONAL DE APRENDIZAGEM COMERCIAL;29467276;4;1;1;0;AVENIDA JOSE JOAQUIM SEABRA;403;CASA;BAIXA DOS SAPATEIROS;40025000;71;31032351;1;26;02JAN2024:00:00:00;20DEC2024:00:00:00;;;;;0;;;;;;;;;;;;;;;;;;;;0;0;0;0;0;1;0;3,68219E+12;3,68219E+12;1;1;;;1;1;0;0;0;0;;0;0;0;1;1;0;0;0;0;0;1;0;0;0;1;0;0;0;0;1;0;0;0;0;1;0;1;0;1;0;0;1;1;0;1;0;1;1;1;1;1;0;0;0;1;0;0;0;0;0;0;0;0;0;0;0;0;0;0;0;1;0;1;0;1;0;0;0;0;1;1;0;1;0;0;0;0;0;0;24;0;24;24;0;0;1;1;1;1;1;0;0;0;1;12;1;2;0;0;1;19;1;28;1;20;1;6;1;1;1;1;0;1;1;3;1;1;8;0;0;1;2;0;0;0;0;0;0;0;0;0;0;0;0;1;9;1;1;0;0;0;0;1;2;0;0;0;0;0;0;0;0;0;1;0;0;0;0;0;0;1;0;0;0;0;0;0;0;0;0;0;;;;;0;;;;;;;1;1;0;0;0;0;0;0;1;1;1;1;0;0;1;1;0;0;0;1;0;0;0;1;1;0;1;0;0;0;0;0;0;0;1;1;0;0;0;1;1;0;113;0;0;0;0;0;0;0;0;0;0;0;0;0;0;0;0;0;0;0;0;0;0;0;0;0;0;0;0;0;0;0;0;0;113;113;113;0;0;0;0;0;0;0;0;0;0;0;1;1;0;73;40;46;8;20;39;0;0;0;0;0;0;0;113;46;67;0;0;0;0;0;0;0;0;111;2;0;0;0;0;25;0;0;0;0;0;0;0;25;25;0;0;0;3;3;0;7;0;0;0;0;0;0;0;7;7;0;0;0;1;1;0;4;3;0;0;0;0;0;0;0;0
2024;Nordeste;2;Bahia;BA;29;Salvador;2927408;Salvador;2901;Salvador;290001;Metropolitana de Salvador;5;Salvador;21;Salvador;292740805;SENAC-SERVICO NACIONAL DE APRENDIZAGEM COMERCIAL;29467594;4;1;1;0;AVENIDA TANCREDO NEVES;1109;EDF CASA DO COMERCIO;CAMINHO DAS ARVORES;41820021;71;32739889;1;26;06MAY2024:00:00:00;18FEB2025:00:00:00;;;;;0;;;;;;;;;;;;;;;;;;;;1;0;0;0;0;1;1;3,68219E+12;3,68219E+12;1;3;;;1;1;0;0;0;0;;0;1;0;1;1;0;0;0;0;0;1;0;0;0;1;0;0;0;0;1;0;0;0;0;1;0;1;0;1;1;0;0;1;0;1;0;1;1;1;1;0;0;0;0;0;1;1;0;0;0;0;0;0;1;0;0;0;0;0;1;1;1;1;0;1;0;0;0;0;1;1;0;1;1;0;0;1;0;0;2;0;2;2;2;0;1;1;1;1;1;0;0;0;1;1;0;0;1;2;1;2;1;4;0;0;1;3;1;1;1;1;0;1;1;3;1;1;1;1;1;1;1;0;0;1;1;0;0;0;0;0;0;0;0;0;0;1;1;0;0;1;1;0;0;0;0;0;0;0;0;0;0;0;1;0;0;1;0;1;1;1;0;0;0;0;0;0;0;0;0;0;;;;;0;;;;;;;1;0;0;0;0;0;0;0;1;0;1;0;0;0;0;1;0;0;0;1;0;0;1;0;1;0;1;0;0;0;0;0;0;1;1;1;0;0;0;0;0;0;16;0;0;0;0;0;0;0;0;0;0;0;0;0;0;0;16;0;0;0;0;0;0;16;0;0;0;0;16;0;0;0;0;0;16;16;0;0;0;0;0;0;0;0;0;0;0;0;0;0;0;7;9;8;1;1;6;0;0;0;0;0;0;0;16;0;16;0;0;0;0;0;0;0;0;16;0;0;16;0;16;6;0;0;0;0;0;0;6;6;6;0;0;0;0;0;0;1;0;0;0;0;0;0;1;1;1;0;0;0;0;0;0;0;1;0;0;0;0;0;0;0;0
2024;Nordeste;2;Bahia;BA;29;Salvador;2927408;Salvador;2901;Salvador;290001;Metropolitana de Salvador;5;Salvador;21;Salvador;292740805;SERVICO NACIONAL DE APRENDIZAGEM COMERCIAL - SENAC;29469791;4;1;1;0;AVENIDA TANCREDO NEVES;;CASA;CAMINHO DAS ARVORES;41820021;71;32668251;1;26;01JAN2024:00:00:00;31DEC2024:00:00:00;;;;;0;;;;;;;;;;;;;;;;;;;;0;0;0;0;0;1;0;3,68219E+12;3,68219E+12;1;1;;;1;2;0;0;0;0;;0;0;0;1;1;1;0;0;0;0;1;0;0;0;1;0;0;0;0;1;0;0;0;1;1;0;0;0;0;0;0;1;1;0;1;1;1;0;0;1;0;0;0;0;1;1;0;0;0;0;0;0;0;0;0;0;0;0;0;1;1;0;1;0;1;0;0;0;0;1;0;0;0;0;0;0;0;0;0;7;0;7;7;0;0;1;1;1;1;1;0;0;0;1;1;1;1;0;0;1;5;1;18;0;0;1;2;1;1;1;1;1;1;1;2;1;0;0;0;0;0;0;0;0;0;0;0;0;0;0;0;0;0;0;0;0;0;0;0;0;0;0;0;0;0;0;0;0;0;0;0;0;0;1;0;0;1;0;1;0;1;0;0;1;0;0;0;0;0;0;0;;;;;0;;;;;;;1;0;0;0;0;0;0;0;1;0;1;1;0;0;1;1;0;0;0;1;0;0;0;1;1;0;1;0;0;0;0;0;0;0;1;1;0;0;0;1;1;0;53;0;0;0;0;0;0;0;0;0;0;0;0;0;0;0;0;0;0;0;0;0;0;0;0;0;0;0;0;0;0;0;0;0;53;53;53;0;0;0;0;0;0;0;0;0;0;0;1;1;0;40;13;8;7;6;32;0;0;0;0;0;0;5;48;27;26;0;0;0;0;0;0;0;0;50;3;0;26;0;26;8;0;0;0;0;0;0;0;8;8;0;0;0;5;5;0;2;0;0;0;0;0;0;0;2;2;0;0;0;1;1;0;1;1;0;0;0;0;0;0;0;0
2024;Sudeste;3;Minas Gerais;MG;31;Alfenas;3101607;Varginha;3108;Alfenas;310042;Sul/Sudoeste de Minas;10;Alfenas;49;Alfenas;310160705;SENAC - UNIDADE DE ENSINO TECNICO DO CEP ALFENAS;31359491;4;1;1;0;RUA MARIO BARBOSA VIEIRA;;;;37132442;;;1;27;02JAN2024:00:00:00;15DEC2024:00:00:00;;;;;1;2;0;0;0;1;0;0;;;;;;;0;0;0;1;0;0;1;0;0;0;0;1;0;3,44724E+12;3,44724E+12;1;5;;;1;2;0;0;0;0;;0;0;0;1;1;0;0;0;0;0;1;0;0;0;0;0;0;0;1;1;0;0;0;0;1;0;0;0;1;1;0;0;1;0;1;1;0;1;1;1;0;0;0;0;1;1;0;0;0;0;0;0;0;0;0;0;0;0;0;0;1;0;0;0;1;0;0;0;0;1;0;0;1;1;0;0;0;0;1;8;0;8;1;8;0;1;1;1;1;0;0;0;0;0;0;0;0;0;0;0;0;1;49;1;1;0;0;1;1;1;1;0;1;0;1;1;0;0;0;0;0;0;0;0;0;0;0;0;0;0;0;0;0;0;0;0;0;0;0;0;0;0;0;0;0;0;0;0;0;0;0;0;0;0;0;0;0;0;0;0;1;0;0;0;0;0;0;0;0;0;0;;;;;0;;;;;;;1;9;9;0;0;0;0;0;1;9;0;9;9;9;9;9;9;0;0;1;0;0;0;1;1;0;1;0;0;0;0;0;0;0;1;1;0;0;0;1;1;0;309;0;0;0;0;0;0;0;0;0;0;0;0;0;0;0;0;0;0;0;0;0;0;0;0;0;0;0;0;0;0;0;0;0;309;258;258;0;51;0;0;0;0;0;0;0;0;0;9;9;0;204;105;65;120;42;81;0;1;0;0;0;0;85;224;149;160;0;0;0;0;0;0;0;0;309;0;0;0;0;0;16;0;0;0;0;0;0;0;16;16;0;0;0;11;11;0;15;0;0;0;0;0;0;0;15;12;0;0;0;6;6;0;8;7;0;0;0;0;0;0;0;0
2024;Sudeste;3;Minas Gerais;MG;31;Araxá;3104007;Uberaba;3110;Araxá;310056;Triângulo Mineiro/Alto Paranaíba;5;Araxá;23;Araxá;310400705;SENAC - UNIDADE DE ENSINO TECNICO DO CEP ARAXA;31317888;4;1;1;0;RUA ANTONIO DE CASTRO ALVES;;;;38184236;;;1;25;02JAN2024:00:00:00;15DEC2024:00:00:00;;;;;1;2;0;0;0;1;0;0;;;;;;;0;0;0;1;0;0;1;0;0;0;0;1;0;3,44724E+12;3,44724E+12;1;5;;;1;1;0;0;0;0;;0;0;0;1;1;0;0;0;0;0;1;0;0;0;0;0;0;0;1;1;0;0;0;0;1;0;0;0;1;1;0;0;1;0;1;1;0;1;1;1;0;0;0;0;1;1;0;0;0;0;0;0;0;0;0;0;0;0;0;0;1;0;0;0;1;0;0;0;0;1;0;0;1;1;0;0;0;0;1;13;0;13;1;13;0;1;1;1;1;0;0;0;0;0;0;0;0;0;0;0;0;1;53;1;1;0;0;1;1;1;1;0;1;0;1;1;0;0;0;0;0;0;0;0;0;0;0;0;0;0;0;0;0;0;0;0;0;0;0;0;0;0;0;0;0;0;0;0;0;0;0;0;0;0;0;0;0;0;0;0;1;0;0;0;0;0;0;0;0;0;0;;;;;0;;;;;;;1;9;9;0;0;0;0;0;1;9;0;9;9;9;9;9;9;0;0;1;0;0;0;1;1;0;1;0;0;0;0;0;0;0;1;1;0;0;0;1;1;0;222;0;0;0;0;0;0;0;0;0;0;0;0;0;0;0;0;0;0;0;0;0;0;0;0;0;0;0;0;0;0;0;0;0;222;171;143;28;51;0;0;0;0;0;0;0;0;0;6;6;0;157;65;151;43;9;19;0;0;0;0;0;0;77;145;148;74;0;0;0;0;0;0;0;0;222;0;0;0;0;0;23;0;0;0;0;0;0;0;23;23;0;0;0;11;11;0;21;0;0;0;0;0;0;0;21;17;0;0;0;5;5;0;13;8;0;0;0;0;0;0;0;0
2024;Sudeste;3;Minas Gerais;MG;31;Barbacena;3105608;Barbacena;3107;Barbacena;310037;Campo das Vertentes;11;Barbacena;59;Barbacena;310560805;SENAC - UNIDADE DE ENSINO TECNICO DO CEP BARBACENA;31313734;4;1;1;0;RUA MUCURI;;;;36205420;;;1;3;02JAN2024:00:00:00;15DEC2024:00:00:00;;;;;1;2;0;0;0;1;0;0;;;;;;;0;0;0;1;0;0;1;0;0;0;0;1;0;3,44724E+12;3,44724E+12;1;5;;12848;1;1;0;0;0;0;;0;0;0;1;1;0;0;0;0;0;1;0;1;0;1;0;0;0;0;1;0;0;0;0;1;0;0;0;1;1;0;1;1;0;1;1;0;1;1;1;0;0;0;0;1;1;0;0;0;0;0;0;0;0;0;0;0;0;0;0;1;0;1;0;1;0;0;0;0;1;0;0;1;1;0;0;0;0;1;10;0;10;1;10;0;1;1;1;1;0;0;0;0;0;0;0;0;0;0;0;0;1;72;1;1;0;0;1;1;1;1;0;1;0;1;1;0;0;0;0;0;0;0;0;0;0;0;0;0;0;0;0;0;0;0;0;0;0;0;0;0;0;0;0;0;0;0;0;0;0;0;0;0;0;0;0;0;0;0;0;1;0;0;0;0;0;0;0;0;0;0;;;;;0;;;;;;;1;9;9;0;0;0;0;0;1;9;0;9;9;9;9;9;9;0;0;1;0;0;0;1;1;0;1;0;0;0;0;0;0;0;1;1;0;0;0;1;1;0;213;0;0;0;0;0;0;0;0;0;0;0;0;0;0;0;0;0;0;0;0;0;0;0;0;0;0;0;0;0;0;0;0;0;213;63;46;17;150;0;0;0;0;0;0;0;0;0;11;11;0;95;118;28;90;21;73;1;0;0;0;0;1;159;53;185;28;0;0;0;0;0;0;0;0;213;0;0;0;0;0;39;0;0;0;0;0;0;0;39;20;0;0;0;21;21;0;30;0;0;0;0;0;0;0;30;11;0;0;0;9;9;0;22;8;0;0;0;0;0;0;0;0
2024;Sudeste;3;Minas Gerais;MG;31;Belo Horizonte;3106200;Belo Horizonte;3101;Belo Horizonte;310001;Metropolitana de Belo Horizonte;7;Belo Horizonte;30;Belo Horizonte;310620005;SENAC- UNIDADE DE ENSINO TECNICO DO CEP BELO HORIZONTE;31262641;4;1;1;0;RUA TUPINAMBAS;;;;30120070;;;1;2;02JAN2024:00:00:00;15DEC2024:00:00:00;;;;;1;2;0;0;0;1;0;0;;;;;;;0;0;0;1;0;0;1;0;0;0;0;1;0;3,44724E+12;3,44724E+12;1;5;;12772;1;1;0;0;0;0;;0;0;0;1;1;0;0;0;0;0;1;0;0;0;1;0;0;0;0;1;0;0;0;0;1;0;0;0;1;1;0;1;1;0;1;0;0;1;1;1;0;0;0;0;1;1;0;0;0;0;0;0;0;0;0;0;0;0;0;0;1;0;0;0;1;0;0;0;0;1;0;0;1;1;0;0;0;0;1;15;0;15;1;15;0;1;1;1;1;0;0;0;0;0;0;0;0;0;0;0;0;1;357;1;1;0;0;1;1;1;1;0;1;0;1;1;0;0;0;0;0;0;0;0;0;0;0;0;0;0;0;0;0;0;0;0;0;0;0;0;0;0;0;0;0;0;0;0;0;0;0;0;0;0;0;0;0;0;0;0;1;0;0;0;0;0;0;0;0;0;0;;;;;0;;;;;;;1;9;9;0;0;0;0;0;1;9;0;9;9;9;9;9;9;0;0;1;0;0;0;1;1;0;1;0;0;0;0;0;0;0;1;1;0;0;0;1;1;0;1254;0;0;0;0;0;0;0;0;0;0;0;0;0;0;0;0;0;0;0;0;0;0;0;0;0;0;0;0;0;0;0;0;0;1254;448;419;29;806;0;0;0;0;0;0;0;0;0;13;13;0;748;506;354;176;173;543;7;1;0;0;0;7;760;487;982;272;0;0;0;0;0;0;0;0;1254;0;0;0;0;0;63;0;0;0;0;0;0;0;63;38;0;0;0;34;34;0;69;0;0;0;0;0;0;0;69;22;0;0;0;13;13;0;53;16;0;0;0;0;0;0;0;0
2024;Sudeste;3;Minas Gerais;MG;31;Belo Horizonte;3106200;Belo Horizonte;3101;Belo Horizonte;310001;Metropolitana de Belo Horizonte;7;Belo Horizonte;30;Belo Horizonte;310620005;SENAC C FORM PROFIS DE B HORIZONTE;31274674;4;;1;;RUA TUPINAMBAS;1038;;CENTRO;30120910;;;2;2;;;;;;;;;;;;;;;;;;;;;;;;;;;;;;;;;;;;;;;;;;;;;;;;;;;;;;;;;;;;;;;;;;;;;;;;;;;;;;;;;;;;;;;;;;;;;;;;;;;;;;;;;;;;;;;;;;;;;;;;;;;;;;;;;;;;;;;;;;;;;;;;;;;;;;;;;;;;;;;;;;;;;;;;;;;;;;;;;;;;;;;;;;;;;;;;;;;;;;;;;;;;;;;;;;;;;;;;;;;;;;;;;;;;;;;;;;;;;;;;;;;;;;;;;;;;;;;;;;;;;;;;;;;;;;;;;;;;;;;;;;;;;;;;;;;;;;;;;;;;;;;;;;;;;;;;;;;;;;;;;;;;;;;;;;;;;;;;;;;;;;;;;;;;;;;;;;;;;;;;;;;;;;;;;;;;;;;;;;;;;;;;;;;;;;;;;
2024;Sudeste;3;Minas Gerais;MG;31;Belo Horizonte;3106200;Belo Horizonte;3101;Belo Horizonte;310001;Metropolitana de Belo Horizonte;7;Belo Horizonte;30;Belo Horizonte;310620005;SENAC - UNIDADE DE ENSINO TECNICO DO CEP SENAC GUAJAJARAS;31363960;4;1;1;0;RUA DOS GUAJAJARAS;;;;30180910;;;1;2;02JAN2024:00:00:00;15DEC2024:00:00:00;;;;;0;;;;;;;;;;;;;;;;;;;;1;0;0;0;0;1;0;3,44724E+12;3,44724E+12;1;5;;;1;1;0;0;0;0;;0;0;0;1;1;0;0;0;0;0;1;0;0;0;1;0;0;0;0;1;0;0;0;0;1;0;0;0;1;1;0;0;1;0;1;1;0;1;1;0;0;0;0;0;1;1;0;0;0;0;0;0;0;0;0;0;0;0;0;0;1;0;0;0;1;0;0;0;0;1;0;0;1;1;0;0;0;0;1;12;0;12;1;12;0;1;1;1;1;0;0;0;0;0;0;0;0;0;0;0;0;1;27;1;1;0;0;1;1;1;1;0;1;0;1;1;0;0;0;0;0;0;0;0;0;0;0;0;0;0;0;0;0;0;0;0;0;0;0;0;0;0;0;0;0;0;0;0;0;0;0;0;0;0;0;0;0;0;0;0;1;0;0;0;0;0;0;0;0;0;0;;;;;0;;;;;;;1;9;9;0;0;0;0;0;1;9;0;9;9;9;9;9;9;0;0;1;0;0;0;1;1;0;1;0;0;0;0;0;0;0;1;0;0;0;0;1;1;0;286;0;0;0;0;0;0;0;0;0;0;0;0;0;0;0;0;0;0;0;0;0;0;0;0;0;0;0;0;0;0;0;0;0;286;0;0;0;286;0;0;0;0;0;0;0;0;0;5;5;0;139;147;58;47;45;136;0;0;0;0;0;2;258;26;281;5;0;0;0;0;0;0;0;0;286;0;0;0;0;0;11;0;0;0;0;0;0;0;11;0;0;0;0;7;7;0;23;0;0;0;0;0;0;0;23;0;0;0;0;5;5;0;20;3;0;0;0;0;0;0;0;0
2024;Sudeste;3;Minas Gerais;MG;31;Belo Horizonte;3106200;Belo Horizonte;3101;Belo Horizonte;310001;Metropolitana de Belo Horizonte;7;Belo Horizonte;30;Belo Horizonte;310620005;SENAC - SERVICO NACIONAL DE APRENDIZAGEM COMERCIAL;31363987;4;;1;;AVENIDA LIEGE;213;;JARDIM DOS COMERCIARIOS VENDA NOVA;31640007;31;33435700;2;2;;;;;;;;;;;;;;;;;;;;;;;;;;;;;;;;;;;;;;;;;;;;;;;;;;;;;;;;;;;;;;;;;;;;;;;;;;;;;;;;;;;;;;;;;;;;;;;;;;;;;;;;;;;;;;;;;;;;;;;;;;;;;;;;;;;;;;;;;;;;;;;;;;;;;;;;;;;;;;;;;;;;;;;;;;;;;;;;;;;;;;;;;;;;;;;;;;;;;;;;;;;;;;;;;;;;;;;;;;;;;;;;;;;;;;;;;;;;;;;;;;;;;;;;;;;;;;;;;;;;;;;;;;;;;;;;;;;;;;;;;;;;;;;;;;;;;;;;;;;;;;;;;;;;;;;;;;;;;;;;;;;;;;;;;;;;;;;;;;;;;;;;;;;;;;;;;;;;;;;;;;;;;;;;;;;;;;;;;;;;;;;;;;;;;;;;;
2024;Sudeste;3;Minas Gerais;MG;31;Belo Horizonte;3106200;Belo Horizonte;3101;Belo Horizonte;310001;Metropolitana de Belo Horizonte;7;Belo Horizonte;30;Belo Horizonte;310620005;CENTRO DE EDUCACAO PROFISSIONAL SENAC - PLUGMINAS;31364282;4;;1;;RUA SANTO AGOSTINHO;1441;;HORTO;31035480;31;33435600;2;2;;;;;;;;;;;;;;;;;;;;;;;;;;;;;;;;;;;;;;;;;;;;;;;;;;;;;;;;;;;;;;;;;;;;;;;;;;;;;;;;;;;;;;;;;;;;;;;;;;;;;;;;;;;;;;;;;;;;;;;;;;;;;;;;;;;;;;;;;;;;;;;;;;;;;;;;;;;;;;;;;;;;;;;;;;;;;;;;;;;;;;;;;;;;;;;;;;;;;;;;;;;;;;;;;;;;;;;;;;;;;;;;;;;;;;;;;;;;;;;;;;;;;;;;;;;;;;;;;;;;;;;;;;;;;;;;;;;;;;;;;;;;;;;;;;;;;;;;;;;;;;;;;;;;;;;;;;;;;;;;;;;;;;;;;;;;;;;;;;;;;;;;;;;;;;;;;;;;;;;;;;;;;;;;;;;;;;;;;;;;;;;;;;;;;;;;;
2024;Sudeste;3;Minas Gerais;MG;31;Belo Horizonte;3106200;Belo Horizonte;3101;Belo Horizonte;310001;Metropolitana de Belo Horizonte;7;Belo Horizonte;30;Barreiro;310620025;SENAC - UNIDADE DE ENSINO TECNICO DO CEP DO BARREIRO;31358460;4;;1;;AVENIDA SINFRONIO BROCHADO;635;;BARREIRO;30640000;;;2;1;;;;;;;;;;;;;;;;;;;;;;;;;;;;;;;;;;;;;;;;;;;;;;;;;;;;;;;;;;;;;;;;;;;;;;;;;;;;;;;;;;;;;;;;;;;;;;;;;;;;;;;;;;;;;;;;;;;;;;;;;;;;;;;;;;;;;;;;;;;;;;;;;;;;;;;;;;;;;;;;;;;;;;;;;;;;;;;;;;;;;;;;;;;;;;;;;;;;;;;;;;;;;;;;;;;;;;;;;;;;;;;;;;;;;;;;;;;;;;;;;;;;;;;;;;;;;;;;;;;;;;;;;;;;;;;;;;;;;;;;;;;;;;;;;;;;;;;;;;;;;;;;;;;;;;;;;;;;;;;;;;;;;;;;;;;;;;;;;;;;;;;;;;;;;;;;;;;;;;;;;;;;;;;;;;;;;;;;;;;;;;;;;;;;;;;;;
2024;Sudeste;3;Minas Gerais;MG;31;Belo Horizonte;3106200;Belo Horizonte;3101;Belo Horizonte;310001;Metropolitana de Belo Horizonte;7;Belo Horizonte;30;Venda Nova;310620060;SENAC - UNIDADE DE ENSINO TECNICO DO CEP SENAC VENDA NOVA;31366781;4;1;1;0;AVENIDA LIEGE;;;;31640007;;;1;41;02JAN2024:00:00:00;15DEC2024:00:00:00;;;;;1;2;0;0;0;1;0;0;;;;;;;0;0;0;1;0;0;1;0;0;0;0;1;0;3,44724E+12;3,44724E+12;1;5;;;1;2;0;0;0;0;;0;0;0;1;1;0;0;0;0;0;1;0;0;0;0;0;0;0;1;1;0;0;0;0;1;0;0;0;1;1;0;1;1;0;1;0;0;1;1;1;0;0;0;0;1;1;0;0;0;0;0;0;0;0;0;0;0;0;0;0;1;0;0;0;1;0;0;0;0;1;0;0;1;1;0;0;0;0;1;15;0;15;1;15;0;1;1;1;1;0;0;0;0;0;0;0;0;0;0;0;0;1;91;1;1;0;0;1;1;1;1;0;1;0;1;1;0;0;0;0;0;0;0;0;0;0;0;0;0;0;0;0;0;0;0;0;0;0;0;0;0;0;0;0;0;0;0;0;0;0;0;0;0;0;0;0;0;0;0;0;1;0;0;0;0;0;0;0;0;0;0;;;;;0;;;;;;;1;9;9;0;0;0;0;0;1;9;0;9;9;9;9;9;9;0;0;1;0;0;0;1;1;0;1;0;0;0;0;0;0;0;1;1;0;0;0;1;1;0;792;0;0;0;0;0;0;0;0;0;0;0;0;0;0;0;0;0;0;0;0;0;0;0;0;0;0;0;0;0;0;0;0;0;792;354;353;1;438;0;0;0;0;0;0;0;0;0;18;18;0;450;342;141;144;127;374;5;1;0;0;0;5;512;275;534;258;0;0;0;0;0;0;0;0;792;0;0;0;0;0;38;0;0;0;0;0;0;0;38;25;0;0;0;26;26;0;44;0;0;0;0;0;0;0;44;17;0;0;0;14;14;0;31;13;0;0;0;0;0;0;0;0
2024;Sudeste;3;Minas Gerais;MG;31;Betim;3106705;Belo Horizonte;3101;Belo Horizonte;310001;Metropolitana de Belo Horizonte;7;Belo Horizonte;30;Betim;310670505;SENAC - UNIDADE DE ENSINO TECNICO DO CEP BETIM;31358207;4;1;1;0;RUA RIO DE JANEIRO;;;;32600304;;;1;1;02JAN2024:00:00:00;15DEC2024:00:00:00;;;;;1;2;0;0;0;1;0;0;;;;;;;0;0;0;1;0;0;1;0;0;0;0;1;0;3,44724E+12;3,44724E+12;1;5;;;1;1;0;0;0;0;;0;0;0;1;1;0;0;0;0;0;1;0;0;0;0;0;0;0;1;1;0;0;0;0;1;0;0;0;1;1;0;0;1;0;1;1;0;1;1;1;0;0;0;0;1;1;0;0;0;0;0;0;0;0;0;0;0;0;0;0;1;0;0;0;1;0;0;0;0;1;0;0;1;1;0;0;0;0;1;9;0;9;1;9;0;1;1;1;1;0;0;0;0;0;0;0;0;0;0;0;0;1;62;1;2;0;0;1;1;1;1;0;1;0;1;1;0;0;0;0;0;0;0;0;0;0;0;0;0;0;0;0;0;0;0;0;0;0;0;0;0;0;0;0;0;0;0;0;0;0;0;0;0;0;0;0;0;0;0;0;1;0;0;0;0;0;0;0;0;0;0;;;;;0;;;;;;;1;9;9;0;0;0;0;0;1;9;0;9;9;9;9;9;9;0;0;1;0;0;0;1;1;0;1;0;0;0;0;0;0;0;1;1;0;0;0;1;1;0;278;0;0;0;0;0;0;0;0;0;0;0;0;0;0;0;0;0;0;0;0;0;0;0;0;0;0;0;0;0;0;0;0;0;278;53;51;2;225;0;0;0;0;0;0;0;0;0;1;1;0;126;152;40;36;25;177;0;0;0;0;0;8;240;30;260;18;0;0;0;0;0;0;0;0;277;1;0;0;0;0;16;0;0;0;0;0;0;0;16;10;0;0;0;2;2;0;19;0;0;0;0;0;0;0;19;7;0;0;0;1;1;0;15;4;0;0;0;0;0;0;0;0
2024;Sudeste;3;Minas Gerais;MG;31;Conselheiro Lafaiete;3118304;Barbacena;3107;Conselheiro Lafaiete;310038;Metropolitana de Belo Horizonte;7;Conselheiro Lafaiete;34;Conselheiro Lafaiete;311830405;SENAC - UNIDADE DE ENSINO TECNICO DO CEP CONSELHEIRO LAFAIETE;31359823;4;1;1;0;QUINCAS ALVES;;;;36400201;;;1;31;02JAN2024:00:00:00;15DEC2024:00:00:00;;;;;1;2;0;0;0;1;0;0;;;;;;;0;0;0;1;0;0;1;0;0;0;0;1;0;3,44724E+12;3,44724E+12;1;5;;;1;1;0;0;0;0;;0;0;0;1;1;0;0;0;0;0;1;0;0;0;0;0;0;0;1;1;0;0;0;0;1;0;0;0;1;1;0;0;1;0;1;0;0;1;1;0;0;0;0;0;1;1;0;0;0;0;0;0;0;0;0;0;0;0;0;0;1;0;0;0;1;0;0;0;0;1;0;0;1;1;0;0;0;0;1;13;0;13;1;13;0;1;1;1;1;0;0;0;0;0;0;0;0;0;0;0;0;1;86;1;1;0;0;1;1;1;1;0;1;0;1;1;0;0;0;0;0;0;0;0;0;0;0;0;0;0;0;0;0;0;0;0;0;0;0;0;0;0;0;0;0;0;0;0;0;0;0;0;0;0;0;0;0;0;0;0;1;0;0;0;0;0;0;0;0;0;0;;;;;0;;;;;;;1;9;9;0;0;0;0;0;1;9;0;9;9;9;9;9;9;0;0;1;0;0;0;1;1;0;1;0;0;0;0;0;0;0;1;1;0;0;0;1;1;0;516;0;0;0;0;0;0;0;0;0;0;0;0;0;0;0;0;0;0;0;0;0;0;0;0;0;0;0;0;0;0;0;0;0;516;360;5;355;156;0;0;0;0;0;0;0;0;0;4;4;0;367;149;61;167;76;208;3;1;0;0;0;7;164;345;314;202;0;0;0;0;0;0;0;0;515;1;0;0;0;0;37;0;0;0;0;0;0;0;37;29;0;0;0;8;8;0;29;0;0;0;0;0;0;0;29;18;0;0;0;3;3;0;18;11;0;0;0;0;0;0;0;0
2024;Sudeste;3;Minas Gerais;MG;31;Contagem;3118601;Belo Horizonte;3101;Belo Horizonte;310001;Metropolitana de Belo Horizonte;7;Belo Horizonte;30;Contagem;311860105;SENAC - UNIDADE DE ENSINO TECNICO DO CEP DE CONTAGEM;31319431;4;;1;;RUA LINO DE MORO;25;2º, 3º, 4º ANDAR;INCONFIDENTES;32260090;31;30489800;2;1;;;;;;;;;;;;;;;;;;;;;;;;;;;;;;;;;;;;;;;;;;;;;;;;;;;;;;;;;;;;;;;;;;;;;;;;;;;;;;;;;;;;;;;;;;;;;;;;;;;;;;;;;;;;;;;;;;;;;;;;;;;;;;;;;;;;;;;;;;;;;;;;;;;;;;;;;;;;;;;;;;;;;;;;;;;;;;;;;;;;;;;;;;;;;;;;;;;;;;;;;;;;;;;;;;;;;;;;;;;;;;;;;;;;;;;;;;;;;;;;;;;;;;;;;;;;;;;;;;;;;;;;;;;;;;;;;;;;;;;;;;;;;;;;;;;;;;;;;;;;;;;;;;;;;;;;;;;;;;;;;;;;;;;;;;;;;;;;;;;;;;;;;;;;;;;;;;;;;;;;;;;;;;;;;;;;;;;;;;;;;;;;;;;;;;;;;
2024;Sudeste;3;Minas Gerais;MG;31;Contagem;3118601;Belo Horizonte;3101;Belo Horizonte;310001;Metropolitana de Belo Horizonte;7;Belo Horizonte;30;Contagem;311860105;SENAC - UNIDADE DE ENSINO TECNICO DA FACULDADE SENAC MINAS;31359998;4;1;1;0;RUA DAS PAINEIRAS;1300;;CIDADE JARDIM ELDORADO;32310400;31;30489800;1;1;02JAN2024:00:00:00;15DEC2024:00:00:00;;;;;0;;;;;;;;;;;;;;;;;;;;1;0;0;0;0;1;0;3,44724E+12;3,44724E+12;1;5;;2703;1;1;0;0;0;0;;0;0;0;1;1;0;0;0;0;0;1;0;0;0;0;0;0;0;1;1;0;0;0;0;1;0;0;0;1;1;0;1;1;0;1;1;0;1;1;0;0;0;0;0;1;1;0;0;0;0;0;0;0;0;0;0;0;0;0;0;1;0;0;0;1;0;0;0;0;1;0;0;1;1;0;0;0;0;1;22;0;22;1;22;0;1;1;1;1;0;0;0;0;0;0;0;0;0;0;0;0;1;123;1;1;0;0;1;1;1;1;0;1;0;1;1;0;0;0;0;0;0;0;0;0;0;0;0;0;0;0;0;0;0;0;0;0;0;0;0;0;0;0;0;0;0;0;0;0;0;0;0;0;0;0;0;0;0;0;0;1;0;0;0;0;0;0;0;0;0;0;;;;;0;;;;;;;1;9;9;0;0;0;0;0;1;9;0;9;9;9;9;9;9;0;0;1;0;0;0;1;1;0;1;0;0;0;0;0;0;0;1;1;0;0;0;1;1;0;1315;0;0;0;0;0;0;0;0;0;0;0;0;0;0;0;0;0;0;0;0;0;0;0;0;0;0;0;0;0;0;0;0;0;1315;618;594;24;697;0;0;0;0;0;0;0;0;0;27;27;0;712;603;265;268;203;570;7;2;0;0;0;2;722;591;1025;290;0;0;0;0;0;0;0;0;1314;1;0;0;0;0;46;0;0;0;0;0;0;0;46;35;0;0;0;33;33;0;62;0;0;0;0;0;0;0;62;28;0;0;0;20;20;0;49;13;0;0;0;0;0;0;0;0
2024;Sudeste;3;Minas Gerais;MG;31;Coromandel;3119302;Patos de Minas;3112;Patrocínio;310064;Triângulo Mineiro/Alto Paranaíba;5;Patrocínio;19;Coromandel;311930205;SENAC - UNIDADE DE ENSINO TECNICO DO CEP DE COROMANDEL;31329894;4;1;1;0;RUA JUVENCIO GARCIA;;;;38550000;;;1;34;02JAN2024:00:00:00;15DEC2024:00:00:00;;;;;0;;;;;;;;;;;;;;;;;;;;1;0;0;0;0;1;0;3,44724E+12;3,44724E+12;1;5;;;1;1;0;0;0;0;;0;0;0;1;1;0;0;0;0;0;1;0;0;0;1;0;0;0;0;1;0;0;0;0;1;0;0;0;1;1;0;0;1;0;1;1;0;1;1;1;0;0;0;0;1;1;0;0;0;0;0;0;0;0;0;0;0;0;0;0;1;0;0;0;1;0;0;0;0;1;0;0;1;1;0;0;0;0;1;5;0;5;1;5;0;1;1;1;1;0;0;0;0;0;0;0;0;0;0;0;0;1;26;1;1;0;0;1;1;1;1;0;1;0;1;1;0;0;0;0;0;0;0;0;0;0;0;0;0;0;0;0;0;0;1;1;1;1;0;0;0;0;1;1;0;0;0;0;0;0;0;0;0;0;0;0;0;0;0;0;1;0;0;0;0;0;0;0;0;0;0;;;;;0;;;;;;;1;0;0;0;0;0;0;0;1;0;0;9;9;9;9;9;9;0;0;1;0;0;0;1;1;0;1;0;0;0;0;0;0;0;1;1;0;0;0;1;1;0;91;0;0;0;0;0;0;0;0;0;0;0;0;0;0;0;0;0;0;0;0;0;0;0;0;0;0;0;0;0;0;0;0;0;91;60;0;60;31;0;0;0;0;0;0;0;0;0;1;1;0;55;36;15;47;7;22;0;0;0;0;0;1;34;56;63;28;0;0;0;0;0;0;0;0;91;0;0;0;0;0;8;0;0;0;0;0;0;0;8;6;0;0;0;2;2;0;7;0;0;0;0;0;0;0;7;3;0;0;0;1;1;0;5;2;0;0;0;0;0;0;0;0
2024;Sudeste;3;Minas Gerais;MG;31;Coronel Fabriciano;3119401;Ipatinga;3105;Ipatinga;310024;Vale do Rio Doce;8;Ipatinga;39;Coronel Fabriciano;311940105;SENAC - UNIDADE DE ENSINO TECNICO DO CEP CORONEL FABRICIANO;31325279;4;1;1;0;RUA ALBERT SCHARLET;;;;35170038;;;1;30;02JAN2024:00:00:00;15DEC2024:00:00:00;;;;;1;2;0;0;0;1;0;0;;;;;;;0;0;0;1;0;0;1;0;0;0;0;1;0;3,44724E+12;3,44724E+12;1;5;;;1;1;0;0;0;0;;0;0;0;1;1;0;0;0;0;0;1;0;0;0;0;0;0;0;1;1;0;0;0;0;1;0;0;0;1;1;0;0;1;0;1;1;0;1;1;1;0;0;0;0;1;1;0;0;0;0;0;0;0;0;0;0;0;0;0;0;1;0;0;0;1;0;0;0;0;1;0;0;1;1;0;0;0;0;1;15;0;15;1;15;0;1;1;1;1;0;0;0;0;0;0;0;0;0;0;0;0;1;58;1;1;0;0;1;1;1;1;0;1;0;1;1;0;0;0;0;0;0;0;0;0;0;0;0;0;0;0;0;0;0;0;0;0;0;0;0;0;0;0;0;0;0;0;0;0;0;0;0;0;0;0;0;0;0;0;0;1;0;0;0;0;0;0;0;0;0;0;;;;;0;;;;;;;1;9;9;0;0;0;0;0;1;9;0;9;9;9;9;9;9;0;0;1;0;0;0;1;1;0;1;0;0;0;0;0;0;0;1;1;0;0;0;1;1;0;341;0;0;0;0;0;0;0;0;0;0;0;0;0;0;0;0;0;0;0;0;0;0;0;0;0;0;0;0;0;0;0;0;0;341;249;148;101;92;0;0;0;0;0;0;0;0;0;10;10;0;201;140;42;65;55;174;4;1;0;0;0;0;142;199;226;115;0;0;0;0;0;0;0;0;341;0;0;0;0;0;27;0;0;0;0;0;0;0;27;22;0;0;0;12;12;0;21;0;0;0;0;0;0;0;21;13;0;0;0;8;8;0;14;7;0;0;0;0;0;0;0;0
2024;Sudeste;3;Minas Gerais;MG;31;Curvelo;3120904;Belo Horizonte;3101;Curvelo;310004;Central Mineira;6;Curvelo;25;Curvelo;312090405;SENAC - UNIDADE DE ENSINO TECNICO DO CEP CURVELO;31359092;4;1;1;0;RUA SICA PIO FERNANDES;;;;35790288;;;1;38;02JAN2024:00:00:00;15DEC2024:00:00:00;;;;;1;2;0;0;0;1;0;0;;;;;;;0;0;0;1;0;0;1;0;0;0;0;1;0;3,44724E+12;3,44724E+12;1;5;;;1;2;0;0;0;0;;0;0;0;1;1;0;0;0;0;0;1;0;0;0;1;0;0;0;0;1;0;0;0;0;1;0;0;0;1;0;0;0;1;0;0;1;0;1;1;1;0;0;0;0;1;0;0;0;0;0;0;0;0;0;0;0;0;0;0;0;1;0;1;0;1;0;0;0;0;1;1;0;1;1;0;0;0;0;1;5;0;5;5;5;0;1;1;1;1;0;0;0;0;0;0;1;1;0;0;1;88888;1;32;1;45;1;22;1;1;1;1;0;1;0;1;1;1;4;1;3;1;1;0;0;0;0;0;0;0;0;0;0;0;0;1;3;1;1;0;0;0;0;1;1;0;0;0;0;0;0;0;0;0;0;0;0;0;0;0;0;1;0;0;0;0;0;0;0;0;0;0;;;;;0;;;;;;;1;0;0;0;0;0;0;0;1;0;1;0;0;0;0;1;0;0;0;1;0;0;0;1;1;0;1;0;0;0;0;0;0;0;1;1;0;0;0;1;1;0;178;0;0;0;0;0;0;0;0;0;0;0;0;0;0;0;0;0;0;0;0;0;0;0;0;0;0;0;0;0;0;0;0;0;178;96;41;55;82;0;0;0;0;0;0;0;0;0;1;1;0;105;73;59;16;13;89;1;0;0;0;0;3;102;73;121;57;0;0;0;0;0;0;0;0;173;5;0;0;0;0;10;0;0;0;0;0;0;0;10;7;0;0;0;1;1;0;12;0;0;0;0;0;0;0;12;5;0;0;0;1;1;0;8;4;0;0;0;0;0;0;0;0
2024;Sudeste;3;Minas Gerais;MG;31;Diamantina;3121605;Teófilo Otoni;3103;Diamantina;310016;Jequitinhonha;3;Diamantina;10;Diamantina;312160505;SENAC - UNIDADE DE ENSINO TECNICO DO CEP DIAMANTINA;31359106;4;1;1;0;RUA MACAU DE CIMA;;;;39100000;;;1;5;02JAN2024:00:00:00;15DEC2024:00:00:00;;;;;0;;;;;;;;;;;;;;;;;;;;1;0;0;0;0;1;0;3,44724E+12;3,44724E+12;1;5;;;1;3;0;0;0;0;;0;0;0;1;1;0;0;0;0;0;1;0;0;0;0;0;0;0;1;1;0;0;0;0;1;0;0;0;1;1;0;0;1;0;1;1;0;1;1;0;0;0;0;0;1;1;0;0;0;0;0;0;0;0;0;0;0;0;0;0;1;0;0;0;1;0;0;0;0;1;0;0;1;1;0;0;0;0;1;5;0;5;1;5;0;1;1;1;1;0;0;0;0;0;0;0;0;0;0;0;0;1;32;1;1;0;0;1;1;1;1;0;1;0;1;1;0;0;0;0;0;0;0;0;0;0;0;0;0;0;0;0;0;0;0;0;0;0;0;0;0;0;0;0;0;0;0;0;0;0;0;0;0;0;0;0;0;0;0;0;1;0;0;0;0;0;0;0;0;0;0;;;;;0;;;;;;;1;9;9;0;0;0;0;0;1;9;0;9;9;9;9;9;9;0;0;1;0;0;0;1;1;0;1;0;0;0;0;0;0;0;1;1;0;0;0;0;0;0;72;0;0;0;0;0;0;0;0;0;0;0;0;0;0;0;0;0;0;0;0;0;0;0;0;0;0;0;0;0;0;0;0;0;72;47;46;1;25;0;0;0;0;0;0;0;0;0;0;0;0;42;30;14;7;18;33;0;0;0;0;0;0;20;52;24;48;0;0;0;0;0;0;0;0;72;0;0;0;0;0;14;0;0;0;0;0;0;0;14;10;0;0;0;0;0;0;7;0;0;0;0;0;0;0;7;4;0;0;0;0;0;0;3;4;0;0;0;0;0;0;0;0
2024;Sudeste;3;Minas Gerais;MG;31;Divinópolis;3122306;Divinópolis;3113;Divinópolis;310065;Oeste de Minas;9;Divinópolis;43;Divinópolis;312230605;EM UNIDADE DE APOIO DO SENAC;31224855;3;;1;;RUA MINAS GERAIS;1474;;CENTRO;35500007;;;2;6;;;;;;;;;;;;;;;;;;;;;;;;;;;;;;;;;;;;;;;;;;;;;;;;;;;;;;;;;;;;;;;;;;;;;;;;;;;;;;;;;;;;;;;;;;;;;;;;;;;;;;;;;;;;;;;;;;;;;;;;;;;;;;;;;;;;;;;;;;;;;;;;;;;;;;;;;;;;;;;;;;;;;;;;;;;;;;;;;;;;;;;;;;;;;;;;;;;;;;;;;;;;;;;;;;;;;;;;;;;;;;;;;;;;;;;;;;;;;;;;;;;;;;;;;;;;;;;;;;;;;;;;;;;;;;;;;;;;;;;;;;;;;;;;;;;;;;;;;;;;;;;;;;;;;;;;;;;;;;;;;;;;;;;;;;;;;;;;;;;;;;;;;;;;;;;;;;;;;;;;;;;;;;;;;;;;;;;;;;;;;;;;;;;;;;;;;
2024;Sudeste;3;Minas Gerais;MG;31;Divinópolis;3122306;Divinópolis;3113;Divinópolis;310065;Oeste de Minas;9;Divinópolis;43;Divinópolis;312230605;SENAC - UNIDADE DE ENSINO TECNICO DO CEP DIVINOPOLIS;31359050;4;1;1;0;AV ANTONIO OLIMPIO DE MORAIS;;;;35500005;;;1;6;02JAN2024:00:00:00;15DEC2024:00:00:00;;;;;0;;;;;;;;;;;;;;;;;;;;1;0;0;0;0;1;0;3,44724E+12;3,44724E+12;1;5;;;1;2;0;0;0;0;;0;0;0;1;1;0;0;0;0;0;1;0;0;0;1;0;0;0;0;1;0;0;0;0;1;0;0;0;1;1;0;1;1;0;1;1;0;1;1;0;0;0;0;0;1;1;0;0;0;0;0;0;0;0;0;0;0;0;0;0;1;0;1;0;1;0;0;0;0;1;0;0;1;1;0;0;0;0;1;20;0;20;1;20;0;1;1;1;1;0;0;0;0;0;0;0;0;0;0;0;0;1;206;1;20;0;0;1;1;1;1;0;1;0;1;1;0;0;0;0;0;0;0;0;0;0;0;0;0;0;0;0;0;0;0;0;0;0;0;0;0;0;0;0;0;0;0;0;0;0;0;0;0;0;0;0;0;0;0;0;1;0;0;0;0;0;0;0;0;0;0;;;;;0;;;;;;;1;9;9;0;0;0;0;0;1;9;0;9;9;9;9;9;9;0;0;1;0;0;0;1;1;0;1;0;0;0;0;0;0;0;1;1;0;0;0;1;1;0;599;0;0;0;0;0;0;0;0;0;0;0;0;0;0;0;0;0;0;0;0;0;0;0;0;0;0;0;0;0;0;0;0;0;599;367;91;276;232;0;0;0;0;0;0;0;0;0;14;14;0;379;220;136;175;62;224;2;0;0;0;0;5;298;296;338;261;0;0;0;0;0;0;0;0;599;0;0;0;0;0;34;0;0;0;0;0;0;0;34;28;0;0;0;16;16;0;33;0;0;0;0;0;0;0;33;17;0;0;0;9;9;0;19;14;0;0;0;0;0;0;0;0
2024;Sudeste;3;Minas Gerais;MG;31;Governador Valadares;3127701;Governador Valadares;3104;Governador Valadares;310020;Vale do Rio Doce;8;Governador Valadares;37;Governador Valadares;312770105;SENAC - UNIDADE DE ENSINO TECNICO DO CEP GOVERNADOR VALADARES;31323934;4;1;1;0;AVENIDA JK;1825;;VILA BRETAS;35030254;33;21025900;1;7;02JAN2024:00:00:00;15DEC2024:00:00:00;;;;;1;2;0;0;0;1;0;0;;;;;;;0;0;0;1;0;0;1;0;0;0;0;1;0;3,44724E+12;3,44724E+12;1;5;;;1;1;0;0;0;0;;0;0;0;1;1;0;0;0;0;0;1;0;0;0;0;0;0;0;1;1;0;0;0;0;1;0;0;0;1;1;0;1;1;0;1;0;0;1;1;1;0;0;0;0;1;1;0;0;0;0;0;0;0;0;0;0;0;0;0;0;1;0;0;0;1;0;0;0;0;1;0;0;1;1;0;0;0;0;1;16;0;16;1;16;0;1;1;1;1;0;0;0;0;0;0;0;0;0;0;0;0;1;76;1;1;0;0;1;1;1;1;0;1;0;1;1;0;0;0;0;0;0;0;0;0;0;0;0;0;0;0;0;0;0;0;0;0;0;0;0;0;0;0;0;0;0;0;0;0;0;0;0;0;0;0;0;0;0;0;0;1;0;0;0;0;0;0;0;0;0;0;;;;;0;;;;;;;1;0;0;0;0;0;0;0;1;1;0;9;9;9;9;9;9;0;0;1;0;0;0;1;1;0;1;0;0;0;0;0;0;0;1;1;0;0;0;1;1;0;506;0;0;0;0;0;0;0;0;0;0;0;0;0;0;0;0;0;0;0;0;0;0;0;0;0;0;0;0;0;0;0;0;0;506;235;63;172;271;0;0;0;0;0;0;0;0;0;9;9;0;269;237;84;85;55;280;2;0;0;0;0;4;291;211;325;181;0;0;0;0;0;0;0;0;506;0;0;0;0;0;24;0;0;0;0;0;0;0;24;17;0;0;0;15;15;0;30;0;0;0;0;0;0;0;30;12;0;0;0;9;9;0;18;12;0;0;0;0;0;0;0;0
2024;Sudeste;3;Minas Gerais;MG;31;Guaxupé;3128709;Varginha;3108;Guaxupé;310044;Sul/Sudoeste de Minas;10;São Sebastião do Paraíso;48;Guaxupé;312870905;SENAC - UNIDADE DE ENSINO TECNICO DO CEP GUAXUPE;31320200;4;1;1;0;RUA PROFESSORA NILZA NUNES GONCALVES;;;;37832278;;;1;22;02JAN2024:00:00:00;15DEC2024:00:00:00;;;;;0;;;;;;;;;;;;;;;;;;;;1;0;0;0;0;1;0;3,44724E+12;3,44724E+12;1;5;;;1;1;0;0;0;0;;0;0;0;1;1;0;0;0;0;0;1;0;0;0;0;0;0;0;1;1;0;0;0;0;1;0;0;0;1;1;0;0;1;0;1;0;0;1;1;0;0;0;0;0;1;1;0;0;0;0;0;0;0;0;0;0;0;0;0;0;1;0;0;0;1;0;0;0;0;1;0;0;1;1;0;0;0;0;1;6;0;6;1;6;0;1;1;1;1;0;0;0;0;0;0;0;0;0;0;0;0;1;25;1;1;0;0;1;1;1;1;0;1;0;1;1;0;0;0;0;0;0;0;0;0;0;0;0;0;0;0;0;0;0;0;0;0;0;0;0;0;0;0;0;0;0;0;0;0;0;0;0;0;0;0;0;0;0;0;0;1;0;0;0;0;0;0;0;0;0;0;;;;;0;;;;;;;1;9;9;0;0;0;0;0;1;9;0;9;9;9;9;9;9;0;0;1;0;0;0;1;1;0;1;0;0;0;0;0;0;0;1;1;0;0;0;1;1;0;151;0;0;0;0;0;0;0;0;0;0;0;0;0;0;0;0;0;0;0;0;0;0;0;0;0;0;0;0;0;0;0;0;0;151;131;124;7;20;0;0;0;0;0;0;0;0;0;4;4;0;87;64;10;73;15;53;0;0;0;0;0;1;59;91;81;70;0;0;0;0;0;0;0;0;151;0;0;0;0;0;15;0;0;0;0;0;0;0;15;13;0;0;0;8;8;0;11;0;0;0;0;0;0;0;11;8;0;0;0;3;3;0;6;5;0;0;0;0;0;0;0;0
2024;Sudeste;3;Minas Gerais;MG;31;Ipatinga;3131307;Ipatinga;3105;Ipatinga;310024;Vale do Rio Doce;8;Ipatinga;39;Ipatinga;313130705;SENAC - UNIDADE DE ENSINO TECNICO DO CEP IPATINGA;31341304;4;1;1;0;RUA ITAJUBA;250;;CENTRO;35160035;31;38011200;1;30;02JAN2024:00:00:00;15DEC2024:00:00:00;;;;;1;2;0;0;0;1;0;0;;;;;;;0;0;0;1;0;0;1;0;0;0;0;1;0;3,44724E+12;3,44724E+12;1;5;;;1;2;0;0;0;0;;0;0;0;1;1;0;0;0;0;0;1;0;0;0;0;0;0;0;1;1;0;0;0;0;1;0;0;0;1;1;0;0;1;0;1;1;0;1;1;1;0;0;0;0;1;1;0;0;0;0;0;0;0;0;0;0;0;0;0;0;1;0;0;0;1;0;0;0;0;1;0;0;1;1;0;0;0;0;1;9;0;9;9;9;0;1;1;1;1;0;0;0;0;1;9;0;0;1;1;1;9;1;67;1;50;1;5;1;1;1;1;0;1;0;1;1;0;0;0;0;0;0;0;0;0;0;0;0;0;0;0;0;0;0;0;0;0;0;0;0;0;0;0;0;0;0;0;0;0;0;0;0;0;0;0;0;0;0;0;0;1;0;0;0;0;0;0;0;0;0;0;;;;;0;;;;;;;1;0;0;0;0;0;0;0;1;1;1;0;0;0;0;1;0;0;0;1;0;0;0;1;1;0;1;0;0;0;0;0;0;0;1;1;0;0;0;1;1;0;309;0;0;0;0;0;0;0;0;0;0;0;0;0;0;0;0;0;0;0;0;0;0;0;0;0;0;0;0;0;0;0;0;0;309;145;144;1;164;0;0;0;0;0;0;0;0;0;12;12;0;152;157;40;54;30;178;6;1;0;0;0;1;194;114;249;60;0;0;0;0;0;0;0;0;308;1;0;0;0;0;18;0;0;0;0;0;0;0;18;15;0;0;0;8;8;0;16;0;0;0;0;0;0;0;16;7;0;0;0;4;4;0;12;4;0;0;0;0;0;0;0;0
2024;Sudeste;3;Minas Gerais;MG;31;Itabira;3131703;Belo Horizonte;3101;Itabira;310005;Metropolitana de Belo Horizonte;7;Itabira;31;Itabira;313170305;SENAC - UNIDADE DE ENSINO TECNICO DO CEP ITABIRA;31342939;4;1;1;0;PRACA DR ACRISIO ALVARENGA;;;;35900527;;;1;14;02JAN2024:00:00:00;15DEC2024:00:00:00;;;;;0;;;;;;;;;;;;;;;;;;;;1;0;0;0;0;1;0;3,44724E+12;3,44724E+12;1;5;;;1;2;0;0;0;0;;0;0;0;1;1;0;0;0;0;0;1;0;0;0;1;0;0;0;0;1;0;0;0;0;1;0;0;0;1;1;0;0;1;0;1;1;0;1;1;0;0;0;0;0;1;1;0;0;0;0;0;0;0;0;0;0;0;0;0;0;1;0;0;0;1;0;0;0;0;1;0;0;1;1;0;0;0;0;1;12;0;12;1;12;0;1;1;1;1;0;0;0;0;0;0;0;0;0;0;0;0;1;77;1;1;0;0;1;1;1;1;0;1;0;1;1;0;0;0;0;0;0;0;0;0;0;0;0;0;0;0;0;0;0;0;0;0;0;0;0;0;0;0;0;0;0;0;0;0;0;0;0;0;0;0;0;0;0;0;0;1;0;0;0;0;0;0;0;0;0;0;;;;;0;;;;;;;1;9;9;0;0;0;0;0;1;9;0;9;9;9;9;9;9;0;0;1;0;0;0;1;1;0;1;0;0;0;0;0;0;0;1;1;0;0;0;1;1;0;330;0;0;0;0;0;0;0;0;0;0;0;0;0;0;0;0;0;0;0;0;0;0;0;0;0;0;0;0;0;0;0;0;0;330;262;231;31;68;0;0;0;0;0;0;0;0;0;7;7;0;237;93;35;36;77;177;3;2;0;0;0;1;115;214;204;126;0;0;0;0;0;0;0;0;329;1;0;0;0;0;15;0;0;0;0;0;0;0;15;15;0;0;0;10;10;0;18;0;0;0;0;0;0;0;18;12;0;0;0;6;6;0;12;6;0;0;0;0;0;0;0;0
2024;Sudeste;3;Minas Gerais;MG;31;Itajubá;3132404;Pouso Alegre;3109;Itajubá;310052;Sul/Sudoeste de Minas;10;Itajubá;56;Itajubá;313240405;SENAC - UNIDADE DE ENSINO TECNICO DO CEP ITAJUBA;31320099;4;1;1;0;AVENIDA PRESIDENTE TANCREDO NEVES;;;;37504066;;;1;8;02JAN2024:00:00:00;15DEC2024:00:00:00;;;;;0;;;;;;;;;;;;;;;;;;;;1;0;0;0;0;1;0;3,44724E+12;3,44724E+12;1;5;;;1;1;0;0;0;0;;0;0;0;1;1;0;0;0;0;0;1;0;0;0;0;0;0;0;1;1;0;0;0;0;1;0;0;0;1;1;0;1;1;0;1;0;0;1;1;1;0;0;0;0;1;1;0;0;0;0;0;0;0;0;0;0;0;0;0;0;1;0;0;0;1;0;0;0;0;1;0;0;1;1;0;0;0;0;1;9;0;9;1;9;0;1;1;1;1;0;0;0;0;0;0;0;0;0;0;0;0;1;65;1;1;0;0;1;1;1;1;0;1;0;1;1;0;0;0;0;0;0;0;0;0;0;0;0;0;0;0;0;0;0;0;0;0;0;0;0;0;0;0;0;0;0;0;0;0;0;0;0;0;0;0;0;0;0;0;0;1;0;0;0;0;0;0;0;0;0;0;;;;;0;;;;;;;1;9;9;0;0;0;0;0;1;9;0;9;9;9;9;9;9;0;0;1;0;0;0;1;1;0;1;0;0;0;0;0;0;0;1;1;0;0;0;1;1;0;345;0;0;0;0;0;0;0;0;0;0;0;0;0;0;0;0;0;0;0;0;0;0;0;0;0;0;0;0;0;0;0;0;0;345;311;294;17;34;0;0;0;0;0;0;0;0;0;7;7;0;273;72;79;155;26;84;1;0;0;0;0;0;40;305;224;121;0;0;0;0;0;0;0;0;345;0;0;0;0;0;25;0;0;0;0;0;0;0;25;24;0;0;0;18;18;0;27;0;0;0;0;0;0;0;27;24;0;0;0;6;6;0;18;9;0;0;0;0;0;0;0;0
2024;Sudeste;3;Minas Gerais;MG;31;Ituiutaba;3134202;Uberlândia;3111;Ituiutaba;310060;Triângulo Mineiro/Alto Paranaíba;5;Ituiutaba;17;Ituiutaba;313420205;SENAC - UNIDADE DE ENSINO TECNICO DO CEP ITUIUTABA;31327182;4;1;1;0;RUA DO TIJUCO;;;;38307035;;;1;32;02JAN2024:00:00:00;15DEC2024:00:00:00;;;;;0;;;;;;;;;;;;;;;;;;;;1;0;0;0;0;1;0;3,44724E+12;3,44724E+12;1;5;;;1;1;0;0;0;0;;0;0;0;1;1;0;0;0;0;0;1;0;0;0;0;0;0;0;1;1;0;0;0;0;1;0;0;0;1;1;0;0;1;0;1;0;0;1;1;0;0;0;0;0;1;1;0;0;0;0;0;0;0;0;0;0;0;0;0;0;1;0;1;0;1;0;0;0;0;1;0;0;1;1;0;0;0;0;1;6;0;6;6;6;0;1;1;1;1;0;0;0;0;0;0;0;0;0;0;0;0;1;40;1;1;0;0;1;1;1;1;0;1;0;1;1;1;4;1;3;1;1;0;0;0;0;0;0;0;0;0;0;0;0;1;4;1;1;0;0;0;0;1;1;0;0;0;0;0;0;0;0;0;0;0;0;0;0;0;0;1;0;0;0;0;0;0;0;0;0;0;;;;;0;;;;;;;1;0;0;0;0;0;0;0;1;1;0;9;9;9;9;9;9;0;0;1;0;0;0;1;1;0;1;0;0;0;0;0;0;0;1;1;0;0;0;1;1;0;177;0;0;0;0;0;0;0;0;0;0;0;0;0;0;0;0;0;0;0;0;0;0;0;0;0;0;0;0;0;0;0;0;0;177;128;39;89;49;0;0;0;0;0;0;0;0;0;5;5;0;124;53;63;61;13;40;0;0;0;0;0;1;75;101;128;49;0;0;0;0;0;0;0;0;177;0;0;0;0;0;10;0;0;0;0;0;0;0;10;8;0;0;0;7;7;0;9;0;0;0;0;0;0;0;9;5;0;0;0;3;3;0;7;2;0;0;0;0;0;0;0;0
2024;Sudeste;3;Minas Gerais;MG;31;Janaúba;3135100;Montes Claros;3102;Janaúba;310007;Norte de Minas;2;Janaúba;4;Janaúba;313510005;SENAC - UNIDADE DE ENSINO TECNICO DO CEP DE JANAUBA;31363944;4;;1;;AVENIDA DO COMERCIO;;;CENTRO;39442016;;;2;44;;;;;;;;;;;;;;;;;;;;;;;;;;;;;;;;;;;;;;;;;;;;;;;;;;;;;;;;;;;;;;;;;;;;;;;;;;;;;;;;;;;;;;;;;;;;;;;;;;;;;;;;;;;;;;;;;;;;;;;;;;;;;;;;;;;;;;;;;;;;;;;;;;;;;;;;;;;;;;;;;;;;;;;;;;;;;;;;;;;;;;;;;;;;;;;;;;;;;;;;;;;;;;;;;;;;;;;;;;;;;;;;;;;;;;;;;;;;;;;;;;;;;;;;;;;;;;;;;;;;;;;;;;;;;;;;;;;;;;;;;;;;;;;;;;;;;;;;;;;;;;;;;;;;;;;;;;;;;;;;;;;;;;;;;;;;;;;;;;;;;;;;;;;;;;;;;;;;;;;;;;;;;;;;;;;;;;;;;;;;;;;;;;;;;;;;;
2024;Sudeste;3;Minas Gerais;MG;31;Juiz de Fora;3136702;Juíz de Fora;3106;Juiz de Fora;310027;Zona da Mata;12;Juiz de Fora;65;Juiz de Fora;313670205;SENAC - UNIDADE DE ENSINO TECNICO DO CEP JUIZ DE FORA;31318671;4;1;1;0;AVENIDA BARAO DO RIO BRANCO;;;;36025020;;;1;10;02JAN2024:00:00:00;15DEC2024:00:00:00;;;;;1;2;0;0;0;1;0;0;;;;;;;0;0;0;1;0;0;1;0;0;0;0;1;0;3,44724E+12;3,44724E+12;1;5;;;1;1;0;0;0;0;;0;0;0;1;1;0;0;0;0;0;1;0;0;0;0;0;0;0;1;1;0;0;0;0;1;0;0;0;1;1;0;1;1;0;1;0;0;1;1;1;0;0;0;0;1;1;0;0;0;0;0;0;0;0;0;0;0;0;0;0;1;0;1;0;1;0;0;0;0;1;0;0;1;1;0;0;0;0;1;15;0;15;1;15;0;1;1;1;1;0;0;0;0;0;0;0;0;0;0;0;0;1;140;1;1;0;0;1;1;1;1;0;1;0;1;1;0;0;0;0;0;0;0;0;0;0;0;0;0;0;0;0;0;0;0;0;0;0;0;0;0;0;0;0;0;0;0;0;0;0;0;0;0;0;0;0;0;0;0;0;1;0;0;0;0;0;0;0;0;0;0;;;;;0;;;;;;;1;0;0;0;0;0;0;0;1;0;0;9;9;9;9;9;9;0;0;1;0;0;0;1;1;0;1;0;0;0;0;0;0;0;1;1;0;0;0;1;1;0;914;0;0;0;0;0;0;0;0;0;0;0;0;0;0;0;0;0;0;0;0;0;0;0;0;0;0;0;0;0;0;0;0;0;914;481;153;328;433;0;0;0;0;0;0;0;0;0;13;13;0;565;349;181;292;172;264;3;2;0;0;0;4;466;444;567;347;0;0;0;0;0;0;0;0;913;1;0;0;0;0;39;0;0;0;0;0;0;0;39;27;0;0;0;15;15;0;59;0;0;0;0;0;0;0;59;26;0;0;0;10;10;0;39;20;0;0;0;0;0;0;0;0
2024;Sudeste;3;Minas Gerais;MG;31;Lavras;3138203;Varginha;3108;Lavras;310043;Campo das Vertentes;11;Lavras;57;Lavras;313820305;SENAC - UNIDADE DE ENSINO TECNICO DO CEP LAVRAS;31364355;4;1;1;0;RUA COMANDANTE SOARES JUNIOR;;;;37205034;;;1;35;02JAN2024:00:00:00;15DEC2024:00:00:00;;;;;0;;;;;;;;;;;;;;;;;;;;1;0;0;0;0;1;0;3,44724E+12;3,44724E+12;1;5;;;1;2;0;0;0;0;;0;0;0;1;1;0;0;0;0;0;1;0;0;0;0;0;0;0;1;1;0;0;0;0;1;0;0;0;1;1;0;0;1;0;1;0;0;1;1;0;0;0;0;0;1;1;0;0;0;0;0;0;0;0;0;0;0;0;0;0;1;0;0;0;1;0;0;0;0;1;0;0;1;1;0;0;0;0;1;12;0;12;1;12;0;1;1;1;1;0;0;0;0;0;0;0;0;0;0;0;0;1;89;1;1;0;0;1;1;1;1;0;1;0;1;1;0;0;0;0;0;0;0;0;0;0;0;0;0;0;0;0;0;0;0;0;0;0;0;0;0;0;0;0;0;0;0;0;0;0;0;0;0;0;0;0;0;0;0;0;1;0;0;0;0;0;0;0;0;0;0;;;;;0;;;;;;;1;9;9;0;0;0;0;0;1;9;0;9;9;9;9;9;9;0;0;1;0;0;0;1;1;0;1;0;0;0;0;0;0;0;1;1;0;0;0;1;1;0;268;0;0;0;0;0;0;0;0;0;0;0;0;0;0;0;0;0;0;0;0;0;0;0;0;0;0;0;0;0;0;0;0;0;268;207;187;20;61;0;0;0;0;0;0;0;0;0;6;6;0;165;103;48;75;43;100;2;0;0;0;0;2;96;170;173;95;0;0;0;0;0;0;0;0;265;3;0;0;0;0;21;0;0;0;0;0;0;0;21;20;0;0;0;9;9;0;17;0;0;0;0;0;0;0;17;12;0;0;0;4;4;0;11;6;0;0;0;0;0;0;0;0
2024;Sudeste;3;Minas Gerais;MG;31;Manhuaçu;3139409;Juíz de Fora;3106;Manhuaçu;310028;Zona da Mata;12;Manhuaçu;61;Manhuaçu;313940905;SENAC - UNIDADE DE ENSINO TECNICO DO CEP MANHUACU;31339903;4;1;1;0;RUA HILDA VARGAS LEITAO DE ALMEIDA;;;;36904153;;;1;11;02JAN2024:00:00:00;15DEC2024:00:00:00;;;;;0;;;;;;;;;;;;;;;;;;;;1;0;0;0;0;1;0;3,44724E+12;3,44724E+12;1;5;;;1;1;0;0;0;0;;0;0;0;1;1;0;0;0;0;0;1;0;0;0;0;0;0;0;1;1;0;0;0;0;1;0;0;0;1;1;0;0;1;0;1;0;0;1;1;0;0;0;0;0;1;1;0;0;0;0;0;0;0;0;0;0;0;0;0;0;1;0;0;0;1;0;0;0;0;1;0;0;1;1;0;0;0;0;1;6;0;6;1;6;0;1;1;1;1;0;0;0;0;0;0;0;0;0;0;0;0;1;29;1;1;0;0;1;1;1;1;0;1;0;1;1;0;0;0;0;0;0;0;0;0;0;0;0;0;0;0;0;0;0;0;0;0;0;0;0;0;0;0;0;0;0;0;0;0;0;0;0;0;0;0;0;0;0;0;0;1;0;0;0;0;0;0;0;0;0;0;;;;;0;;;;;;;1;9;9;0;0;0;0;0;1;9;0;9;9;9;9;9;9;0;0;1;0;0;0;1;1;0;1;0;0;0;0;0;0;0;1;1;0;0;0;1;1;0;192;0;0;0;0;0;0;0;0;0;0;0;0;0;0;0;0;0;0;0;0;0;0;0;0;0;0;0;0;0;0;0;0;0;192;130;115;15;62;0;0;0;0;0;0;0;0;0;4;4;0;137;55;39;57;16;72;8;0;0;0;0;0;63;129;126;66;0;0;0;0;0;0;0;0;188;4;0;0;0;0;15;0;0;0;0;0;0;0;15;12;0;0;0;5;5;0;13;0;0;0;0;0;0;0;13;7;0;0;0;3;3;0;9;4;0;0;0;0;0;0;0;0
2024;Sudeste;3;Minas Gerais;MG;31;Montes Claros;3143302;Montes Claros;3102;Montes Claros;310006;Norte de Minas;2;Montes Claros;7;Montes Claros;314330205;SENAC - UNIDADE DE ENSINO TECNICO DO CEP MONTES CLAROS;31316130;4;1;1;0;AV DEPUTADO ESTEVES RODRIGUES;;;;39400215;;;1;12;02JAN2024:00:00:00;15DEC2024:00:00:00;;;;;0;;;;;;;;;;;;;;;;;;;;1;0;0;0;0;1;0;3,44724E+12;3,44724E+12;1;5;;;1;1;0;0;0;0;;0;0;0;1;1;0;0;0;0;0;1;0;0;0;1;0;0;0;0;1;0;0;0;0;1;0;0;0;1;1;0;1;1;0;1;0;0;1;1;0;0;0;0;0;1;1;0;0;0;0;0;0;0;0;0;0;0;0;0;0;1;0;1;0;1;0;0;0;0;1;0;0;1;1;0;0;0;0;1;23;0;23;1;23;0;1;1;1;1;0;0;0;0;0;0;0;0;0;0;0;0;1;119;1;1;0;0;1;1;1;1;0;1;0;1;1;0;0;0;0;0;0;0;0;0;0;0;0;0;0;0;0;0;0;0;0;0;0;0;0;0;0;0;0;0;0;0;0;0;0;0;0;0;0;0;0;0;0;0;0;1;0;0;0;0;0;0;0;0;0;0;;;;;0;;;;;;;1;0;1;0;0;0;0;0;1;0;0;9;9;9;9;9;9;0;0;1;0;0;0;1;1;0;1;0;0;0;0;0;0;0;1;1;0;0;0;1;1;1;578;0;0;0;0;0;0;0;0;0;0;0;0;0;0;0;0;0;0;0;0;0;0;0;0;0;0;0;0;0;0;0;0;0;578;329;51;278;249;0;0;0;0;0;0;0;0;0;13;11;2;331;247;37;93;69;371;7;1;0;0;0;3;266;309;408;170;0;0;0;0;0;0;0;0;575;3;0;0;0;0;25;0;0;0;0;0;0;0;25;16;0;0;0;15;13;2;36;0;0;0;0;0;0;0;36;18;0;0;0;12;10;2;24;12;0;0;0;0;0;0;0;0
2024;Sudeste;3;Minas Gerais;MG;31;Patos de Minas;3148004;Patos de Minas;3112;Patos de Minas;310062;Triângulo Mineiro/Alto Paranaíba;5;Patos de Minas;20;Patos de Minas;314800405;SENAC - UNIDADE DE ENSINO TECNICO DO CEP PATOS DE MINAS;31321729;4;1;1;0;AV IVAN BORGES PORTO;;;;38703008;;;1;18;02JAN2024:00:00:00;15DEC2024:00:00:00;;;;;0;;;;;;;;;;;;;;;;;;;;1;0;0;0;0;1;0;3,44724E+12;3,44724E+12;1;5;;;1;1;0;0;0;0;;0;0;0;1;1;0;0;0;0;0;1;0;0;0;0;0;0;0;1;1;0;0;0;0;1;0;0;0;1;1;0;1;1;0;1;0;0;1;1;1;0;0;0;0;1;1;0;0;0;0;0;0;0;0;0;0;0;0;0;0;1;0;0;0;1;0;0;0;0;1;0;0;1;1;0;0;0;0;1;15;0;15;1;15;0;1;1;1;1;0;0;0;0;0;0;0;0;0;0;0;0;1;71;1;1;0;0;1;1;1;1;0;1;0;1;1;0;0;0;0;0;0;0;0;0;0;0;0;0;0;0;0;0;0;0;0;0;0;0;0;0;0;0;0;0;0;0;0;0;0;0;0;0;0;0;0;0;0;0;0;1;0;0;0;0;0;0;0;0;0;0;;;;;0;;;;;;;1;9;9;0;0;0;0;0;1;9;0;9;9;9;9;9;9;0;0;1;0;0;0;1;1;0;1;0;0;0;0;0;0;0;1;1;0;0;0;1;1;0;416;0;0;0;0;0;0;0;0;0;0;0;0;0;0;0;0;0;0;0;0;0;0;0;0;0;0;0;0;0;0;0;0;0;416;303;298;5;113;0;0;0;0;0;0;0;0;0;4;4;0;298;118;37;127;52;194;4;2;0;0;0;3;145;268;192;224;0;0;0;0;0;0;0;0;416;0;0;0;0;0;34;0;0;0;0;0;0;0;34;28;0;0;0;7;7;0;26;0;0;0;0;0;0;0;26;15;0;0;0;4;4;0;12;14;0;0;0;0;0;0;0;0
2024;Sudeste;3;Minas Gerais;MG;31;Patrocínio;3148103;Patos de Minas;3112;Patrocínio;310064;Triângulo Mineiro/Alto Paranaíba;5;Patrocínio;19;Patrocínio;314810305;SENAC - UNIDADE DE ENSINO TECNICO DO CEP SENAC PATROCINIO;31376574;4;1;1;0;AVENIDA JOAO ALVES DO NASCIMENTO;;;;38744528;;;1;33;02JAN2024:00:00:00;15DEC2024:00:00:00;;;;;0;;;;;;;;;;;;;;;;;;;;1;0;0;0;0;1;0;3,44724E+12;3,44724E+12;1;5;;;1;2;0;0;0;0;;0;0;0;1;1;0;0;0;0;0;1;0;0;0;0;0;0;0;1;1;0;0;0;0;1;0;0;0;1;1;0;0;1;0;1;1;0;1;1;0;0;0;0;0;1;1;0;0;0;0;0;0;0;0;0;0;0;0;0;0;1;0;0;0;1;0;0;0;0;1;0;0;1;1;0;0;0;0;1;3;0;3;1;3;0;1;1;1;1;0;0;0;0;0;0;0;0;0;0;0;0;1;40;1;1;0;0;1;1;1;1;0;1;0;1;1;0;0;0;0;0;0;0;0;0;0;0;0;0;0;0;0;0;0;0;0;0;0;0;0;0;0;0;0;0;0;0;0;0;0;0;0;0;0;0;0;0;0;0;0;1;0;0;0;0;0;0;0;0;0;0;;;;;0;;;;;;;1;9;9;0;0;0;0;0;1;9;0;9;9;9;9;9;9;0;0;1;0;0;0;1;1;0;1;0;0;0;0;0;0;0;1;1;0;0;0;1;1;0;95;0;0;0;0;0;0;0;0;0;0;0;0;0;0;0;0;0;0;0;0;0;0;0;0;0;0;0;0;0;0;0;0;0;95;48;37;11;47;0;0;0;0;0;0;0;0;0;2;2;0;65;30;15;32;12;36;0;0;0;0;0;0;39;56;33;62;0;0;0;0;0;0;0;0;94;1;0;0;0;0;20;0;0;0;0;0;0;0;20;7;0;0;0;7;7;0;8;0;0;0;0;0;0;0;8;2;0;0;0;2;2;0;3;5;0;0;0;0;0;0;0;0
2024;Sudeste;3;Minas Gerais;MG;31;Pirapora;3151206;Montes Claros;3102;Pirapora;310010;Norte de Minas;2;Pirapora;6;Pirapora;315120605;SENAC - UNIDADE DE ENSINO TECNICO DO CEP DE PIRAPORA;31358452;4;;1;;AVENIDA TIRADENTES;;;CENTRO;39270090;38;37413172;2;46;;;;;;;;;;;;;;;;;;;;;;;;;;;;;;;;;;;;;;;;;;;;;;;;;;;;;;;;;;;;;;;;;;;;;;;;;;;;;;;;;;;;;;;;;;;;;;;;;;;;;;;;;;;;;;;;;;;;;;;;;;;;;;;;;;;;;;;;;;;;;;;;;;;;;;;;;;;;;;;;;;;;;;;;;;;;;;;;;;;;;;;;;;;;;;;;;;;;;;;;;;;;;;;;;;;;;;;;;;;;;;;;;;;;;;;;;;;;;;;;;;;;;;;;;;;;;;;;;;;;;;;;;;;;;;;;;;;;;;;;;;;;;;;;;;;;;;;;;;;;;;;;;;;;;;;;;;;;;;;;;;;;;;;;;;;;;;;;;;;;;;;;;;;;;;;;;;;;;;;;;;;;;;;;;;;;;;;;;;;;;;;;;;;;;;;;;
2024;Sudeste;3;Minas Gerais;MG;31;Poços de Caldas;3151800;Pouso Alegre;3109;Poços de Caldas;310051;Sul/Sudoeste de Minas;10;Poços de Caldas;51;Poços de Caldas;315180005;SENAC - UNIDADE DE ENSINO TECNICO DO CEP DE POCOS DE CALDAS;31313459;4;1;1;0;RUA CERRO AZUL;525;;JARDIM DOS ESTADOS;37701093;35;21013150;1;19;02JAN2024:00:00:00;15DEC2024:00:00:00;;;;;0;;;;;;;;;;;;;;;;;;;;1;0;0;0;0;1;0;3,44724E+12;3,44724E+12;1;5;;;1;1;0;0;0;0;;0;0;0;1;1;0;0;0;0;0;1;0;0;0;1;0;0;0;0;1;0;0;0;0;1;0;0;0;1;1;0;1;1;0;1;0;0;1;1;1;0;0;0;0;1;1;0;0;0;0;0;0;0;0;0;0;0;0;0;0;1;0;0;0;1;0;0;0;0;1;0;0;1;1;0;0;0;0;1;18;0;18;1;18;0;1;1;1;1;0;0;0;0;0;0;0;0;0;0;0;0;1;75;1;1;0;0;1;1;1;1;0;1;0;1;1;0;0;0;0;0;0;0;0;0;0;0;0;0;0;0;0;0;0;0;0;0;0;0;0;0;0;0;0;0;0;0;0;0;0;0;0;0;0;0;0;0;0;0;0;1;0;0;0;0;0;0;0;0;0;0;;;;;0;;;;;;;1;0;0;0;0;0;0;0;1;1;0;9;9;9;9;9;9;0;0;1;0;0;0;1;1;0;1;0;0;0;0;0;0;0;1;1;0;0;0;1;1;0;437;0;0;0;0;0;0;0;0;0;0;0;0;0;0;0;0;0;0;0;0;0;0;0;0;0;0;0;0;0;0;0;0;0;437;252;19;233;185;0;0;0;0;0;0;0;0;0;12;12;0;274;163;46;254;44;93;0;0;0;0;0;4;196;237;288;149;0;0;0;0;0;0;0;0;437;0;0;0;0;0;24;0;0;0;0;0;0;0;24;21;0;0;0;7;7;0;25;0;0;0;0;0;0;0;25;13;0;0;0;8;8;0;16;9;0;0;0;0;0;0;0;0
2024;Sudeste;3;Minas Gerais;MG;31;Pouso Alegre;3152501;Pouso Alegre;3109;Pouso Alegre;310050;Sul/Sudoeste de Minas;10;Pouso Alegre;52;Pouso Alegre;315250105;SENAC - UNIDADE DE ENSINO TECNICO DO CEP POUSO ALEGRE;31338958;4;1;1;0;AV VICENTE SIMOES;;;;37554002;;;1;37;02JAN2024:00:00:00;15DEC2024:00:00:00;;;;;1;2;0;0;0;1;0;0;;;;;;;0;0;0;1;0;0;1;0;0;0;0;1;0;3,44724E+12;3,44724E+12;1;5;;;1;2;0;0;0;0;;0;0;0;1;1;0;0;0;0;0;1;0;0;0;0;0;0;0;1;1;0;0;0;0;1;0;0;0;1;1;0;1;1;0;1;1;0;1;1;1;0;0;0;0;1;1;0;0;0;0;0;0;0;0;0;0;0;0;0;0;1;0;0;0;1;0;0;0;0;1;0;0;1;1;0;0;0;0;1;18;0;18;1;18;0;1;1;1;1;0;0;0;0;0;0;0;0;0;0;0;0;1;138;1;1;0;0;1;1;1;1;0;1;0;1;1;0;0;0;0;0;0;0;0;0;0;0;0;0;0;0;0;0;0;0;0;0;0;0;0;0;0;0;0;0;0;0;0;0;0;0;0;0;0;0;0;0;0;0;0;1;0;0;0;0;0;0;0;0;0;0;;;;;0;;;;;;;1;9;9;0;0;0;0;0;1;9;0;9;9;9;9;9;9;0;0;1;0;0;0;1;1;0;1;0;0;0;0;0;0;0;1;1;0;0;0;1;1;0;758;0;0;0;0;0;0;0;0;0;0;0;0;0;0;0;0;0;0;0;0;0;0;0;0;0;0;0;0;0;0;0;0;0;758;388;61;327;370;0;0;0;0;0;0;0;0;0;31;31;0;385;373;313;260;40;143;1;1;0;0;0;12;406;340;510;248;0;0;0;0;0;0;0;0;729;29;0;0;0;0;38;0;0;0;0;0;0;0;38;27;0;0;0;30;30;0;37;0;0;0;0;0;0;0;37;17;0;0;0;16;16;0;24;13;0;0;0;0;0;0;0;0
2024;Sudeste;3;Minas Gerais;MG;31;São João del Rei;3162500;Barbacena;3107;São João del Rei;310039;Campo das Vertentes;11;São João Del Rei;58;São João del Rei;316250005;SENAC - UNIDADE DE ENSINO TECNICO DO CEP SAO JOAO DEL REI;31363103;4;1;1;0;RUA MARECHAL DEODORO;;;;36300074;;;1;21;02JAN2024:00:00:00;15DEC2024:00:00:00;;;;;0;;;;;;;;;;;;;;;;;;;;1;0;0;0;0;1;0;3,44724E+12;3,44724E+12;1;5;;;1;2;0;0;0;0;;0;0;0;1;1;0;0;0;0;0;1;0;0;0;0;0;0;0;1;1;0;0;0;0;1;0;0;0;1;1;0;0;1;0;1;0;0;1;1;1;0;0;0;0;1;1;0;0;0;0;0;0;0;1;0;0;0;0;0;0;1;0;1;0;1;0;0;0;0;1;1;0;1;1;0;0;0;0;1;11;0;11;9;11;0;1;1;1;1;0;0;0;0;0;0;0;0;0;0;0;0;1;44;1;1;0;0;1;1;1;1;0;1;0;1;1;0;0;0;0;0;0;0;0;0;0;0;0;0;0;0;0;0;0;0;0;0;0;0;0;0;0;0;0;0;0;0;0;0;0;0;0;0;0;0;0;0;0;0;0;1;0;0;0;0;0;0;0;0;0;0;;;;;0;;;;;;;1;9;9;0;0;0;0;0;1;9;0;9;9;9;9;9;9;0;0;1;0;0;0;1;1;0;1;0;0;0;0;0;0;0;1;1;0;0;0;0;0;0;191;0;0;0;0;0;0;0;0;0;0;0;0;0;0;0;0;0;0;0;0;0;0;0;0;0;0;0;0;0;0;0;0;0;191;175;175;0;16;0;0;0;0;0;0;0;0;0;0;0;0;124;67;11;71;24;84;1;0;0;0;0;0;28;163;109;82;0;0;0;0;0;0;0;0;190;1;0;0;0;0;15;0;0;0;0;0;0;0;15;14;0;0;0;0;0;0;10;0;0;0;0;0;0;0;10;8;0;0;0;0;0;0;5;5;0;0;0;0;0;0;0;0
2024;Sudeste;3;Minas Gerais;MG;31;São Lourenço;3163706;Pouso Alegre;3109;São Lourenço;310053;Sul/Sudoeste de Minas;10;São Lourenço;54;São Lourenço;316370605;CENTRO DE EDUCACAO PROFISSIONAL SENAC - SAO LOURENCO;31364061;4;;1;;RUA PRESIDENTE ARTHUR BERNARDES;85;;NOSSA SENHORA DE FATIMA;37470000;;;2;42;;;;;;;;;;;;;;;;;;;;;;;;;;;;;;;;;;;;;;;;;;;;;;;;;;;;;;;;;;;;;;;;;;;;;;;;;;;;;;;;;;;;;;;;;;;;;;;;;;;;;;;;;;;;;;;;;;;;;;;;;;;;;;;;;;;;;;;;;;;;;;;;;;;;;;;;;;;;;;;;;;;;;;;;;;;;;;;;;;;;;;;;;;;;;;;;;;;;;;;;;;;;;;;;;;;;;;;;;;;;;;;;;;;;;;;;;;;;;;;;;;;;;;;;;;;;;;;;;;;;;;;;;;;;;;;;;;;;;;;;;;;;;;;;;;;;;;;;;;;;;;;;;;;;;;;;;;;;;;;;;;;;;;;;;;;;;;;;;;;;;;;;;;;;;;;;;;;;;;;;;;;;;;;;;;;;;;;;;;;;;;;;;;;;;;;;;
2024;Sudeste;3;Minas Gerais;MG;31;Sete Lagoas;3167202;Belo Horizonte;3101;Sete Lagoas;310002;Metropolitana de Belo Horizonte;7;Sete Lagoas;27;Sete Lagoas;316720205;SENAC - UNIDADE DE ENSINO TECNICO DO CEP DE SETE LAGOAS;31312975;4;1;1;0;RUA JOSE DUARTE DE PAIVA;775;;VILA SANTA HELENA;35700854;31;37796205;1;23;02JAN2024:00:00:00;15DEC2024:00:00:00;;;;;1;2;0;0;0;1;0;0;;;;;;;0;0;0;1;0;0;1;0;0;0;0;1;0;3,44724E+12;3,44724E+12;1;5;;;1;1;0;0;0;0;;0;0;0;1;1;0;0;0;0;0;1;0;0;0;1;0;0;0;0;1;0;0;0;0;1;0;0;0;1;1;0;0;1;0;1;0;0;1;1;1;0;0;0;0;1;1;0;0;0;0;0;0;0;0;0;0;0;0;0;0;1;0;1;0;1;0;0;0;0;1;1;1;1;1;1;0;1;0;1;12;0;12;11;12;0;1;1;1;1;1;0;0;0;0;0;1;2;0;0;1;12;1;82;1;20;0;0;1;1;1;1;0;1;0;1;1;1;2;1;6;1;1;0;0;0;0;0;0;0;0;1;1;0;0;1;2;1;1;0;0;0;0;1;1;0;0;0;0;0;0;0;0;0;0;0;0;0;0;0;0;1;0;0;0;0;0;0;0;0;0;0;;;;;0;;;;;;;1;0;0;0;0;0;0;0;1;1;0;9;9;9;9;9;9;0;0;1;0;0;0;1;1;0;1;0;0;0;0;0;0;0;1;1;0;0;0;1;1;0;640;0;0;0;0;0;0;0;0;0;0;0;0;0;0;0;0;0;0;0;0;0;0;0;0;0;0;0;0;0;0;0;0;0;640;455;153;302;185;0;0;0;0;0;0;0;0;0;5;5;0;357;283;61;130;77;365;7;0;0;0;0;3;303;334;372;268;0;0;0;0;0;0;0;0;639;1;0;0;0;0;23;0;0;0;0;0;0;0;23;22;0;0;0;7;7;0;27;0;0;0;0;0;0;0;27;19;0;0;0;4;4;0;17;10;0;0;0;0;0;0;0;0
2024;Sudeste;3;Minas Gerais;MG;31;Tiradentes;3168804;Barbacena;3107;São João del Rei;310039;Campo das Vertentes;11;São João Del Rei;58;Tiradentes;316880405;CENTRO DE EDUCACAO PROFISSIONAL SENAC TIRADENTES;31363952;4;1;1;0;RUA FRANCISCO DE PAULA;;;;36325000;;;1;21;02JAN2024:00:00:00;15DEC2024:00:00:00;;;;;0;;;;;;;;;;;;;;;;;;;;1;0;0;0;0;1;0;3,44724E+12;3,44724E+12;1;5;;;1;1;0;0;0;0;;0;0;0;1;1;0;0;0;0;0;1;0;0;0;0;0;0;0;1;1;0;0;0;0;1;0;0;0;1;1;0;0;1;0;1;0;0;1;1;0;0;0;0;0;1;1;0;0;0;0;0;0;0;0;0;0;0;0;0;0;1;0;0;0;1;0;0;0;0;1;0;0;1;1;0;0;0;0;1;3;0;3;1;3;0;1;1;1;1;0;0;0;0;0;0;0;0;0;0;0;0;1;88888;1;1;0;0;1;1;1;1;0;1;0;1;1;0;0;0;0;0;0;0;0;0;0;0;0;0;0;0;0;0;0;0;0;0;0;0;0;0;0;0;0;0;0;0;0;0;0;0;0;0;0;0;0;0;0;0;0;1;0;0;0;0;0;0;0;0;0;0;;;;;0;;;;;;;1;9;9;0;0;0;0;0;1;9;0;9;9;9;9;9;9;0;0;1;0;0;0;1;0;0;1;0;0;0;0;0;0;0;1;0;0;0;0;0;0;0;3;0;0;0;0;0;0;0;0;0;0;0;0;0;0;0;0;0;0;0;0;0;0;0;0;0;0;0;0;0;0;0;0;0;3;0;0;0;3;0;0;0;0;0;0;0;0;0;0;0;0;2;1;0;1;0;2;0;0;0;0;0;0;2;1;3;0;0;0;0;0;0;0;0;0;3;0;0;0;0;0;3;0;0;0;0;0;0;0;3;0;0;0;0;0;0;0;2;0;0;0;0;0;0;0;2;0;0;0;0;0;0;0;2;0;0;0;0;0;0;0;0;0
2024;Sudeste;3;Minas Gerais;MG;31;Três Corações;3169307;Varginha;3108;Três Corações;310045;Sul/Sudoeste de Minas;10;Varginha;50;Três Corações;316930705;SENAC - UNIDADE DE ENSINO TECNICO DO CEP TRES CORACOES;31343510;4;1;1;0;AV REI PELE;;;;37417210;;;1;27;02JAN2024:00:00:00;15DEC2024:00:00:00;;;;;1;2;0;0;0;1;0;0;;;;;;;0;0;0;1;0;0;1;0;0;0;0;1;0;3,44724E+12;3,44724E+12;1;5;;;1;2;0;0;0;0;;0;0;0;1;1;0;0;0;0;0;1;0;0;0;0;0;0;0;1;1;0;0;0;0;1;0;0;0;1;1;0;1;1;0;1;1;0;1;1;1;0;0;0;0;1;1;0;0;0;0;0;0;0;0;0;0;0;0;0;0;1;0;0;0;1;0;0;0;0;1;0;0;1;1;0;0;0;0;1;14;0;14;1;14;0;1;1;1;1;0;0;0;0;0;0;0;0;0;0;0;0;1;96;1;1;0;0;1;1;1;1;0;1;0;1;1;0;0;0;0;0;0;0;0;0;0;0;0;0;0;0;0;0;0;0;0;0;0;0;0;0;0;0;0;0;0;0;0;0;0;0;0;0;0;0;0;0;0;0;0;1;0;0;0;0;0;0;0;0;0;0;;;;;0;;;;;;;1;9;9;0;0;0;0;0;1;9;0;9;9;9;9;9;9;0;0;1;0;0;0;1;1;0;1;0;0;0;0;0;0;0;1;1;0;0;0;1;1;0;646;0;0;0;0;0;0;0;0;0;0;0;0;0;0;0;0;0;0;0;0;0;0;0;0;0;0;0;0;0;0;0;0;0;646;621;621;0;25;0;0;0;0;0;0;0;0;0;15;15;0;450;196;28;193;125;295;5;0;0;0;0;0;167;479;469;177;0;0;0;0;0;0;0;0;644;2;0;0;0;0;29;0;0;0;0;0;0;0;29;29;0;0;0;18;18;0;24;0;0;0;0;0;0;0;24;23;0;0;0;11;11;0;17;7;0;0;0;0;0;0;0;0
2024;Sudeste;3;Minas Gerais;MG;31;Três Marias;3169356;Belo Horizonte;3101;Curvelo;310004;Central Mineira;6;Três Marias;24;Três Marias;316935605;SENAC - UNIDADE DE ENSINO TECNICO DO CEP TRES MARIAS;31348392;4;;1;;RUA VARZEA DA PALMA;77;;CENTRO;39205000;38;37542854;2;38;;;;;;;;;;;;;;;;;;;;;;;;;;;;;;;;;;;;;;;;;;;;;;;;;;;;;;;;;;;;;;;;;;;;;;;;;;;;;;;;;;;;;;;;;;;;;;;;;;;;;;;;;;;;;;;;;;;;;;;;;;;;;;;;;;;;;;;;;;;;;;;;;;;;;;;;;;;;;;;;;;;;;;;;;;;;;;;;;;;;;;;;;;;;;;;;;;;;;;;;;;;;;;;;;;;;;;;;;;;;;;;;;;;;;;;;;;;;;;;;;;;;;;;;;;;;;;;;;;;;;;;;;;;;;;;;;;;;;;;;;;;;;;;;;;;;;;;;;;;;;;;;;;;;;;;;;;;;;;;;;;;;;;;;;;;;;;;;;;;;;;;;;;;;;;;;;;;;;;;;;;;;;;;;;;;;;;;;;;;;;;;;;;;;;;;;;
2024;Sudeste;3;Minas Gerais;MG;31;Uberaba;3170107;Uberaba;3110;Uberaba;310055;Triângulo Mineiro/Alto Paranaíba;5;Uberaba;22;Uberaba;317010705;SENAC - UNIDADE DE ENSINO TECNICO DO CEP UBERABA;31317446;4;1;1;0;AV DR ODILON FERNANDES;;;;38017030;;;1;25;02JAN2024:00:00:00;15DEC2024:00:00:00;;;;;1;2;0;0;0;1;0;0;;;;;;;0;0;0;1;0;0;1;0;0;0;0;1;0;3,44724E+12;3,44724E+12;1;5;;;1;1;0;0;0;0;;0;0;0;1;1;0;0;0;0;0;1;0;0;0;0;0;0;0;1;1;0;0;0;0;1;0;0;0;1;1;0;1;1;0;1;0;0;1;1;1;0;0;0;0;1;1;0;0;0;0;0;0;0;0;0;0;0;0;0;0;1;0;0;0;1;0;0;0;0;1;0;0;1;1;0;0;0;0;1;30;0;30;1;30;0;1;1;1;1;0;0;0;0;0;0;0;0;0;0;0;0;1;40;1;1;0;0;1;1;1;1;0;1;0;1;1;0;0;0;0;0;0;0;0;0;0;0;0;0;0;0;0;0;0;0;0;0;0;0;0;0;0;0;0;0;0;0;0;0;0;0;0;0;0;0;0;0;0;0;0;1;0;0;0;0;0;0;0;0;0;0;;;;;0;;;;;;;1;9;9;0;0;0;0;0;1;9;0;9;9;9;9;9;9;0;0;1;0;0;0;1;1;0;1;0;0;0;0;0;0;0;1;1;0;0;0;1;1;0;727;0;0;0;0;0;0;0;0;0;0;0;0;0;0;0;0;0;0;0;0;0;0;0;0;0;0;0;0;0;0;0;0;0;727;631;631;0;96;0;0;0;0;0;0;0;0;0;9;9;0;548;179;187;219;77;236;4;4;0;0;0;1;190;536;394;333;0;0;0;0;0;0;0;0;725;2;0;0;0;0;38;0;0;0;0;0;0;0;38;31;0;0;0;9;9;0;37;0;0;0;0;0;0;0;37;25;0;0;0;6;6;0;20;17;0;0;0;0;0;0;0;0
2024;Sudeste;3;Minas Gerais;MG;31;Uberlândia;3170206;Uberlândia;3111;Uberlândia;310059;Triângulo Mineiro/Alto Paranaíba;5;Uberlândia;18;Uberlândia;317020605;SENAC - UNIDADE DE ENSINO TECNICO DO CEP UBERLANDIA;31318078;4;1;1;0;AVENIDA BELO HORIZONTE;;;;38400454;;;1;26;02JAN2024:00:00:00;15DEC2024:00:00:00;;;;;1;2;0;0;0;1;0;0;;;;;;;0;0;0;1;0;0;1;0;0;0;0;1;0;3,44724E+12;3,44724E+12;1;5;;;1;1;0;0;0;0;;0;0;0;1;1;0;0;0;0;0;1;0;0;0;0;0;0;0;1;1;0;0;0;0;1;0;0;0;1;1;0;1;1;0;1;1;0;1;1;1;0;0;0;0;1;1;0;0;0;0;0;0;0;0;0;0;0;0;0;0;1;0;1;0;1;0;0;0;0;1;1;1;1;1;0;0;0;0;1;19;0;19;19;19;0;1;1;1;1;1;0;0;0;1;17;0;0;0;0;1;17;1;82;1;1;0;0;1;1;1;1;0;1;0;1;1;1;13;1;6;1;1;1;20;0;0;0;0;0;0;1;1;0;0;1;3;1;1;0;0;1;1;1;1;1;1;1;3;0;0;0;0;0;0;0;0;0;0;0;0;1;0;0;0;0;0;0;0;0;0;0;;;;;0;;;;;;;1;0;0;0;0;0;0;0;1;0;0;9;9;9;9;9;9;0;0;1;0;0;0;1;1;0;1;0;0;0;0;0;0;0;1;1;0;0;0;1;1;0;635;0;0;0;0;0;0;0;0;0;0;0;0;0;0;0;0;0;0;0;0;0;0;0;0;0;0;0;0;0;0;0;0;0;635;386;347;39;249;0;0;0;0;0;0;0;0;0;6;6;0;420;215;282;166;51;134;1;1;0;0;0;1;277;357;489;146;0;0;0;0;0;0;0;0;635;0;0;0;0;0;38;0;0;0;0;0;0;0;38;34;0;0;0;17;17;0;45;0;0;0;0;0;0;0;45;27;0;0;0;5;5;0;35;10;0;0;0;0;0;0;0;0
2024;Sudeste;3;Minas Gerais;MG;31;Varginha;3170701;Varginha;3108;Varginha;310040;Sul/Sudoeste de Minas;10;Varginha;50;Varginha;317070105;SENAC - UNIDADE DE ENSINO TECNICO DO CEP VARGINHA;31317675;4;1;1;0;RUA MARIANA FIGUEIREDO;;;;37010050;;;1;27;02JAN2024:00:00:00;15DEC2024:00:00:00;;;;;0;;;;;;;;;;;;;;;;;;;;1;0;0;0;0;1;0;3,44724E+12;3,44724E+12;1;5;;;1;1;0;0;0;0;;0;0;0;1;1;0;0;0;0;0;1;0;0;0;0;0;0;0;1;1;0;0;0;0;1;0;0;0;1;1;0;0;1;0;1;1;0;1;1;1;0;0;0;0;1;1;0;0;0;0;0;0;0;0;0;0;0;0;0;0;1;0;0;0;1;0;0;0;0;1;0;0;1;1;0;0;0;0;1;17;0;17;1;17;0;1;1;1;1;0;0;0;0;0;0;0;0;0;0;0;0;1;91;1;1;0;0;1;1;1;1;0;1;0;1;1;0;0;0;0;0;0;0;0;0;0;0;0;0;0;0;0;0;0;0;0;0;0;0;0;0;0;0;0;0;0;0;0;0;0;0;0;0;0;0;0;0;0;0;0;1;0;0;0;0;0;0;0;0;0;0;;;;;0;;;;;;;1;9;9;0;0;0;0;0;1;9;0;9;9;9;9;9;9;0;0;1;0;0;0;1;1;0;1;0;0;0;0;0;0;0;1;1;0;0;0;1;1;0;464;0;0;0;0;0;0;0;0;0;0;0;0;0;0;0;0;0;0;0;0;0;0;0;0;0;0;0;0;0;0;0;0;0;464;339;42;297;125;0;0;0;0;0;0;0;0;0;7;7;0;311;153;64;198;56;143;2;1;0;0;0;3;149;312;268;196;0;0;0;0;0;0;0;0;462;2;0;0;0;0;30;0;0;0;0;0;0;0;30;28;0;0;0;14;14;0;22;0;0;0;0;0;0;0;22;15;0;0;0;5;5;0;13;9;0;0;0;0;0;0;0;0
2024;Sudeste;3;Espírito Santo;ES;32;Vitória;3205309;Vitória;3201;Vitória;320001;Central Espírito-santense;3;Vitória;9;Vitória;320530905;SERVICO NACIONAL DE APRENDIZAGEM COMERCIAL - SENAC;32067682;4;1;1;0;AVENIDA MARECHAL MASCARENHAS DE MORAES;2077;;BENTO FERREIRA;29050935;27;33258311;1;1;05FEB2024:00:00:00;16DEC2024:00:00:00;;;;;1;2;0;0;0;1;0;0;;;;;;;0;0;0;1;0;0;0;0;0;0;0;1;1;3,7433E+12;3,7433E+12;1;1;;;1;1;0;0;0;0;;0;1;0;1;1;0;0;0;0;0;1;0;0;0;1;0;0;0;0;1;0;0;0;0;0;0;1;0;1;1;0;1;1;0;1;1;1;1;1;1;0;1;0;1;1;1;1;1;0;0;0;0;0;1;0;0;0;0;0;0;1;1;1;0;1;1;0;0;0;1;1;0;1;1;0;0;1;0;0;133;2;135;130;10;0;1;1;1;1;1;0;1;3;1;10;1;10;1;4;1;80;1;400;1;500;1;120;1;1;1;1;0;1;1;2;1;0;0;0;0;0;0;0;0;0;0;0;0;0;0;1;2;0;0;0;0;1;1;0;0;0;0;0;0;0;0;0;0;0;0;0;0;0;1;0;1;1;0;1;1;1;0;0;0;0;0;0;0;0;0;0;;;;;0;;;;;;;1;0;0;0;0;0;0;0;1;9;0;9;9;9;9;9;9;0;0;1;0;0;0;1;1;0;1;0;0;0;0;0;0;0;1;1;0;0;0;1;1;0;1490;0;0;0;0;0;0;0;0;0;0;0;0;0;0;0;0;0;0;0;0;0;0;0;0;0;0;0;0;0;0;0;0;0;1490;1490;1490;0;0;0;0;0;0;0;0;0;0;0;41;41;0;979;511;127;330;149;866;15;3;0;0;0;0;157;1333;517;973;0;0;0;0;0;0;0;0;1439;51;0;119;14;105;178;0;0;0;0;0;0;0;178;178;0;0;0;86;86;0;70;0;0;0;0;0;0;0;70;70;0;0;0;30;30;0;26;44;0;0;0;0;0;0;0;0
2024;Sudeste;3;Rio de Janeiro;RJ;33;Angra dos Reis;3300100;Rio de Janeiro;3301;Angra dos Reis;330002;Sul Fluminense;5;Baía da Ilha Grande;13;Angra dos Reis;330010005;SENAC ANGRA DOS REIS;33175608;4;;1;;RUA DR. CARLOS AMARAL BRASIL;;50;JARDIM BALNEARIO;23906040;;;2;11003;;;;;;;;;;;;;;;;;;;;;;;;;;;;;;;;;;;;;;;;;;;;;;;;;;;;;;;;;;;;;;;;;;;;;;;;;;;;;;;;;;;;;;;;;;;;;;;;;;;;;;;;;;;;;;;;;;;;;;;;;;;;;;;;;;;;;;;;;;;;;;;;;;;;;;;;;;;;;;;;;;;;;;;;;;;;;;;;;;;;;;;;;;;;;;;;;;;;;;;;;;;;;;;;;;;;;;;;;;;;;;;;;;;;;;;;;;;;;;;;;;;;;;;;;;;;;;;;;;;;;;;;;;;;;;;;;;;;;;;;;;;;;;;;;;;;;;;;;;;;;;;;;;;;;;;;;;;;;;;;;;;;;;;;;;;;;;;;;;;;;;;;;;;;;;;;;;;;;;;;;;;;;;;;;;;;;;;;;;;;;;;;;;;;;;;;;
2024;Sudeste;3;Rio de Janeiro;RJ;33;Barra do Piraí;3300308;Volta Redonda - Barra Mansa;3302;Volta Redonda - Barra Mansa;330004;Sul Fluminense;5;Barra do Piraí;12;Barra do Piraí;330030805;SENAC BARRA DO PIRAI;33175004;4;1;1;0;RUA  JOSE ALVES PIMENTA;;514;MATADOURO;27115010;;;1;11002;08JAN2024:00:00:00;18DEC2024:00:00:00;;;;;0;;;;;;;;;;;;;;;;;;;;0;0;0;0;0;1;0;3,67235E+12;3,67235E+12;1;1;;;1;3;0;0;0;0;;0;0;0;1;1;0;0;0;0;0;1;0;0;0;1;0;0;0;0;1;0;0;0;0;0;0;0;1;1;0;0;0;1;0;1;0;0;0;0;0;0;0;0;0;0;0;0;1;0;0;0;0;0;1;0;0;0;0;0;0;0;0;0;0;1;0;0;0;0;1;0;0;1;1;0;0;1;0;1;4;0;4;4;0;0;1;0;0;1;0;0;1;1;0;0;0;0;0;0;1;4;1;4;1;5;0;0;1;1;1;1;1;1;1;3;1;1;2;1;1;0;0;0;0;0;0;0;0;0;0;0;0;0;0;0;0;0;0;0;0;0;0;0;0;0;0;0;0;0;0;0;0;0;0;0;0;0;0;0;1;1;0;0;0;0;0;0;0;0;0;0;;;;;0;;;;;;;1;0;0;0;0;0;0;0;1;1;0;9;9;9;9;9;9;0;0;1;0;0;0;1;1;0;1;0;0;0;0;0;0;0;1;1;0;0;0;1;1;0;105;0;0;0;0;0;0;0;0;0;0;0;0;0;0;0;0;0;0;0;0;0;0;0;0;0;0;0;0;0;0;0;0;0;105;105;43;62;0;0;0;0;0;0;0;0;0;0;1;1;0;83;22;77;7;4;17;0;0;0;0;0;0;22;83;54;51;0;0;0;0;0;0;0;0;105;0;0;0;0;0;4;0;0;0;0;0;0;0;4;4;0;0;0;2;2;0;4;0;0;0;0;0;0;0;4;4;0;0;0;1;1;0;2;2;0;0;0;0;0;0;0;0
2024;Sudeste;3;Rio de Janeiro;RJ;33;Barra Mansa;3300407;Volta Redonda - Barra Mansa;3302;Volta Redonda - Barra Mansa;330004;Sul Fluminense;5;Vale do Paraíba Fluminense;11;Barra Mansa;330040705;SENAC BARRA MANSA;33175209;4;1;1;0;RUA LUIZ PONCE;;103;CENTRO;27310400;;;1;11003;08JAN2024:00:00:00;18DEC2024:00:00:00;;;;;0;;;;;;;;;;;;;;;;;;;;0;0;0;0;0;1;0;3,67235E+12;3,67235E+12;1;1;;;1;3;0;0;0;0;;0;0;0;1;1;0;0;0;0;0;1;0;0;0;1;0;0;0;0;1;0;0;0;0;0;0;0;1;0;1;0;0;1;0;1;0;0;0;0;0;0;0;0;0;0;0;0;0;0;0;0;0;0;1;0;0;0;0;0;0;0;0;1;0;1;0;0;0;0;1;0;0;0;1;0;0;0;0;1;3;0;3;3;3;0;1;0;0;1;0;0;0;0;1;1;0;0;0;0;1;1;1;2;1;5;0;0;1;1;1;1;1;1;1;3;1;1;2;1;1;0;0;0;0;0;0;0;0;0;0;0;0;0;0;0;0;0;0;0;0;0;0;0;0;0;0;0;0;0;0;0;0;0;0;0;0;1;0;0;1;1;0;0;0;0;0;0;0;0;0;0;;;;;0;;;;;;;1;0;0;0;0;0;0;0;1;1;0;9;9;9;9;9;9;0;0;1;0;0;0;0;1;0;1;0;0;0;0;0;0;0;1;1;0;0;0;0;0;0;31;0;0;0;0;0;0;0;0;0;0;0;0;0;0;0;0;0;0;0;0;0;0;0;0;0;0;0;0;0;0;0;0;0;31;31;9;22;0;0;0;0;0;0;0;0;0;0;0;0;0;13;18;30;0;0;1;0;0;0;0;0;0;3;28;0;31;0;0;0;0;0;0;0;0;31;0;0;0;0;0;1;0;0;0;0;0;0;0;1;1;0;0;0;0;0;0;1;0;0;0;0;0;0;0;1;1;0;0;0;0;0;0;0;1;0;0;0;0;0;0;0;0
2024;Sudeste;3;Rio de Janeiro;RJ;33;Cabo Frio;3300704;Macaé - Rio das Ostras - Cabo Frio;3305;Cabo Frio;330013;Baixadas;4;Lagos;10;Cabo Frio;330070405;SENAC CABO FRIO;33176000;4;1;1;0;AVENIDA TEIXEIRA E SOUZA;;31;CENTRO;28907410;;;1;11001;08JAN2024:00:00:00;18DEC2024:00:00:00;;;;;0;;;;;;;;;;;;;;;;;;;;0;0;0;0;0;1;0;3,67235E+12;3,67235E+12;1;1;;;1;2;0;0;0;0;;0;0;0;1;1;0;0;0;0;0;1;0;0;0;1;0;0;0;0;1;0;0;0;0;0;0;0;1;1;0;0;0;1;0;1;0;0;0;0;0;0;0;0;0;1;1;0;0;0;0;0;0;0;0;0;0;0;0;0;0;1;0;1;0;1;0;0;0;0;0;1;0;1;0;0;0;1;0;0;8;0;8;7;1;0;1;0;0;1;0;0;0;0;1;2;1;3;0;0;1;8;1;21;1;18;0;0;1;1;1;1;0;1;0;3;1;1;6;1;2;0;0;1;88888;1;3;0;0;0;0;0;0;0;0;1;1;1;1;1;2;0;0;1;2;0;0;0;0;0;0;0;0;0;1;0;0;1;0;0;0;1;0;0;0;0;0;0;0;0;0;0;;;;;0;;;;;;;1;0;0;0;0;0;0;0;1;1;0;9;9;9;9;9;9;0;0;1;0;0;0;1;1;0;1;0;0;0;0;0;0;0;1;1;0;0;0;1;1;0;91;0;0;0;0;0;0;0;0;0;0;0;0;0;0;0;0;0;0;0;0;0;0;0;0;0;0;0;0;0;0;0;0;0;91;91;13;78;0;0;0;0;0;0;0;0;0;0;2;2;0;77;14;80;4;3;4;0;0;0;0;0;0;6;85;40;51;0;0;0;0;0;0;0;0;91;0;0;0;0;0;8;0;0;0;0;0;0;0;8;8;0;0;0;5;5;0;4;0;0;0;0;0;0;0;4;4;0;0;0;2;2;0;2;2;0;0;0;0;0;0;0;0
2024;Sudeste;3;Rio de Janeiro;RJ;33;Campos dos Goytacazes;3301009;Campos dos Goytacazes;3304;Campos dos Goytacazes;330010;Norte Fluminense;2;Campos dos Goytacazes;3;Campos dos Goytacazes;330100905;SENAC CAMPOS;33177406;4;1;1;0;RUA CORA DE ALVARENGA;;151;PARQUE LEOPOLDINA;28051271;;;1;11012;08JAN2024:00:00:00;18DEC2024:00:00:00;;;;;0;;;;;;;;;;;;;;;;;;;;0;0;0;0;0;1;0;3,67235E+12;3,67235E+12;1;1;;;1;1;0;0;0;0;;0;0;0;1;1;0;0;0;0;0;1;0;0;0;1;0;0;0;0;1;0;0;0;0;0;0;0;1;1;0;0;1;1;0;1;0;0;1;1;1;1;0;0;0;1;1;1;1;0;0;0;0;0;0;0;0;0;0;0;1;0;1;1;0;1;0;0;0;0;1;1;1;1;1;0;0;1;0;0;17;0;17;16;0;0;1;1;1;1;1;0;0;0;0;0;0;0;0;0;1;13;1;40;0;0;0;0;1;1;1;1;1;1;0;3;1;1;11;1;6;1;1;1;3;0;0;0;0;0;0;0;0;0;0;1;8;1;1;1;4;1;1;1;1;0;0;0;0;0;0;0;0;0;1;0;0;0;0;0;0;1;0;0;0;0;0;0;0;0;0;0;;;;;0;;;;;;;1;0;0;0;0;0;0;0;1;1;0;9;9;9;9;9;9;0;0;1;0;0;0;1;1;0;1;0;0;0;0;0;0;0;1;1;0;0;0;1;1;0;466;0;0;0;0;0;0;0;0;0;0;0;0;0;0;0;0;0;0;0;0;0;0;0;0;0;0;0;0;0;0;0;0;0;466;466;89;377;0;0;0;0;0;0;0;0;0;0;2;2;0;368;98;457;3;0;6;0;0;0;0;0;0;12;454;159;307;0;0;0;0;0;0;0;0;463;3;0;0;0;0;25;0;0;0;0;0;0;0;25;25;0;0;0;4;4;0;18;0;0;0;0;0;0;0;18;18;0;0;0;2;2;0;7;11;0;0;0;0;0;0;0;0
2024;Sudeste;3;Rio de Janeiro;RJ;33;Duque de Caxias;3301702;Rio de Janeiro;3301;Rio de Janeiro;330001;Metropolitana do Rio de Janeiro;6;Rio de Janeiro;18;Duque de Caxias;330170205;SENAC DUQUE DE CAXIAS;33173001;4;;1;;AV. BRIGADEIRO LIMA E SILVA;;764;25 DE AGOSTO;25085131;;;2;11008;;;;;;;;;;;;;;;;;;;;;;;;;;;;;;;;;;;;;;;;;;;;;;;;;;;;;;;;;;;;;;;;;;;;;;;;;;;;;;;;;;;;;;;;;;;;;;;;;;;;;;;;;;;;;;;;;;;;;;;;;;;;;;;;;;;;;;;;;;;;;;;;;;;;;;;;;;;;;;;;;;;;;;;;;;;;;;;;;;;;;;;;;;;;;;;;;;;;;;;;;;;;;;;;;;;;;;;;;;;;;;;;;;;;;;;;;;;;;;;;;;;;;;;;;;;;;;;;;;;;;;;;;;;;;;;;;;;;;;;;;;;;;;;;;;;;;;;;;;;;;;;;;;;;;;;;;;;;;;;;;;;;;;;;;;;;;;;;;;;;;;;;;;;;;;;;;;;;;;;;;;;;;;;;;;;;;;;;;;;;;;;;;;;;;;;;;
2024;Sudeste;3;Rio de Janeiro;RJ;33;Itaperuna;3302205;Campos dos Goytacazes;3304;Itaperuna;330011;Noroeste Fluminense;1;Itaperuna;1;Itaperuna;330220505;SENAC ITAPERUNA;33178607;4;1;1;0;AVENIDA PRESIDENTE DUTRA;;527;CIDADE NOVA;28300000;;;1;11011;08JAN2024:00:00:00;18DEC2024:00:00:00;;;;;0;;;;;;;;;;;;;;;;;;;;0;0;0;0;0;1;0;3,67235E+12;3,67235E+12;1;1;;;1;2;0;0;0;0;;0;0;0;1;1;0;0;0;0;0;1;0;0;0;1;0;0;0;0;1;0;0;0;0;0;0;0;1;1;0;0;0;1;0;1;1;0;1;1;1;0;0;0;0;1;1;0;0;0;0;0;0;0;0;0;0;0;0;0;0;1;0;0;0;1;0;0;0;0;0;0;0;1;1;0;0;1;0;0;8;0;8;8;8;0;1;0;0;1;0;0;0;0;1;2;1;1;1;1;1;5;1;17;1;14;0;0;1;1;1;1;0;1;1;3;1;1;7;1;2;1;1;1;2;0;0;0;0;0;0;0;0;0;0;1;1;1;1;0;0;1;3;1;2;0;0;0;0;0;0;0;0;0;1;0;0;0;0;0;0;1;0;0;0;0;0;1;0;0;0;0;;;;;0;;;;;;;1;0;0;0;0;0;0;0;1;1;0;9;9;9;9;9;9;0;0;1;0;0;0;1;1;0;1;0;0;0;0;0;0;0;1;1;0;0;0;0;0;0;108;0;0;0;0;0;0;0;0;0;0;0;0;0;0;0;0;0;0;0;0;0;0;0;0;0;0;0;0;0;0;0;0;0;108;108;20;88;0;0;0;0;0;0;0;0;0;0;0;0;0;83;25;108;0;0;0;0;0;0;0;0;0;0;108;29;79;0;0;0;0;0;0;0;0;108;0;0;0;0;0;7;0;0;0;0;0;0;0;7;7;0;0;0;0;0;0;4;0;0;0;0;0;0;0;4;4;0;0;0;0;0;0;1;3;0;0;0;0;0;0;0;0
2024;Sudeste;3;Rio de Janeiro;RJ;33;Macaé;3302403;Macaé - Rio das Ostras - Cabo Frio;3305;Macaé - Rio das Ostras;330014;Norte Fluminense;2;Macaé;4;Macaé;330240305;SENAC MACAE;33185140;4;1;1;0;AVENIDA ELIAS AGOSTINHO;;500;IMBETIBA;27913350;;;1;11012;08JAN2024:00:00:00;18DEC2024:00:00:00;;;;;0;;;;;;;;;;;;;;;;;;;;0;0;0;0;0;1;0;3,67235E+12;3,67235E+12;1;1;;;1;1;0;0;0;0;;0;0;0;1;1;0;0;0;0;0;1;0;0;0;1;0;0;0;0;1;0;0;0;0;0;0;0;1;1;0;0;1;1;0;1;0;0;1;1;0;0;0;0;0;1;1;0;0;0;0;0;0;0;0;0;0;0;0;0;1;0;1;1;0;1;0;0;0;0;1;1;1;1;1;0;1;1;0;1;3;0;3;3;0;0;1;1;1;1;1;0;1;1;1;1;1;1;0;0;1;1;1;1;1;1;1;1;1;1;1;1;0;1;1;3;1;1;1;1;1;1;1;0;0;0;0;0;0;0;0;0;0;0;0;1;1;1;1;0;0;0;0;1;1;0;0;0;0;0;0;0;0;0;1;0;0;0;0;0;0;0;0;0;0;0;0;0;0;0;0;0;;;;;0;;;;;;;1;0;0;0;0;0;0;0;1;1;0;9;9;9;9;9;9;0;0;1;0;0;0;1;1;0;1;0;0;0;0;0;0;0;1;1;0;0;0;1;1;0;100;0;0;0;0;0;0;0;0;0;0;0;0;0;0;0;0;0;0;0;0;0;0;0;0;0;0;0;0;0;0;0;0;0;100;100;22;78;0;0;0;0;0;0;0;0;0;0;2;2;0;74;26;91;3;1;5;0;0;0;0;0;0;9;91;16;84;0;0;0;0;0;0;0;0;100;0;0;0;0;0;6;0;0;0;0;0;0;0;6;6;0;0;0;1;1;0;4;0;0;0;0;0;0;0;4;4;0;0;0;1;1;0;1;3;0;0;0;0;0;0;0;0
2024;Sudeste;3;Rio de Janeiro;RJ;33;Niterói;3303302;Rio de Janeiro;3301;Rio de Janeiro;330001;Metropolitana do Rio de Janeiro;6;Rio de Janeiro;18;Niterói;330330205;SENAC NITEROI;33174806;4;1;1;0;RUA ALMIRANTE TEFFE;;680;CENTRO;24030085;;;1;11001;08JAN2024:00:00:00;18DEC2024:00:00:00;;;;;0;;;;;;;;;;;;;;;;;;;;0;0;0;0;0;1;0;3,67235E+12;3,67235E+12;1;1;;;1;1;0;0;0;0;;0;0;0;1;1;0;0;0;0;0;1;0;0;0;1;0;0;0;0;1;0;0;0;0;0;0;0;1;1;0;0;1;1;0;1;0;1;1;1;1;0;0;0;0;1;1;0;0;0;0;0;0;0;0;0;0;0;0;0;1;0;1;1;0;1;0;0;0;0;1;1;1;1;1;0;0;1;0;0;30;0;30;30;30;0;1;1;1;1;1;0;0;0;0;0;0;0;0;0;1;27;1;145;0;0;0;0;1;1;1;1;0;1;1;3;1;1;6;1;9;1;1;0;0;0;0;0;0;0;0;0;0;0;0;1;8;1;1;1;5;1;1;1;1;0;0;0;0;0;0;0;0;0;1;0;0;0;0;0;0;0;0;0;0;0;0;0;0;0;0;0;;;;;0;;;;;;;1;0;0;0;0;0;0;0;1;1;0;9;9;9;9;9;9;0;0;1;0;0;0;1;1;0;1;0;0;0;0;0;0;0;1;1;0;0;0;1;1;0;451;0;0;0;0;0;0;0;0;0;0;0;0;0;0;0;0;0;0;0;0;0;0;0;0;0;0;0;0;0;0;0;0;0;451;451;48;403;0;0;0;0;0;0;0;0;0;0;6;6;0;301;150;446;3;0;1;1;0;0;0;0;0;3;448;238;213;0;0;0;0;0;0;0;0;451;0;0;0;0;0;27;0;0;0;0;0;0;0;27;27;0;0;0;10;10;0;20;0;0;0;0;0;0;0;20;20;0;0;0;5;5;0;12;8;0;0;0;0;0;0;0;0
2024;Sudeste;3;Rio de Janeiro;RJ;33;Nova Friburgo;3303401;Petrópolis;3303;Nova Friburgo;330008;Centro Fluminense;3;Nova Friburgo;7;Nova Friburgo;330340105;SENAC NOVA FRIBURGO;33179204;4;1;1;0;AVENIDA ALBERTO BRAUNE;;135   LOJA 07 GALER;CENTRO;28613001;;;1;11014;08JAN2024:00:00:00;18DEC2024:00:00:00;;;;;0;;;;;;;;;;;;;;;;;;;;0;0;0;0;0;1;0;3,67235E+12;3,67235E+12;1;1;;;1;2;0;0;0;0;;0;0;0;1;1;0;0;0;0;0;1;0;0;0;1;0;0;0;0;1;0;0;0;0;0;0;0;1;1;0;0;0;1;0;1;0;0;0;1;1;0;0;0;0;1;0;0;0;0;0;0;0;0;0;0;0;0;0;0;0;1;1;1;0;1;0;0;0;0;1;0;0;0;0;0;0;0;0;0;4;0;4;4;2;0;1;0;0;1;0;0;0;0;0;0;1;4;0;0;1;3;1;14;1;19;0;0;1;1;1;1;0;1;1;2;1;1;5;1;2;0;0;0;0;0;0;0;0;0;0;0;0;0;0;1;1;1;1;1;1;1;1;1;1;0;0;0;0;0;0;0;0;0;1;0;0;0;0;0;0;0;0;0;0;0;0;0;0;0;0;0;;;;;0;;;;;;;1;0;0;0;0;0;0;0;1;1;0;9;9;9;9;9;9;0;0;1;0;0;0;1;1;0;1;0;0;0;0;0;0;0;1;1;0;0;0;0;0;0;173;0;0;0;0;0;0;0;0;0;0;0;0;0;0;0;0;0;0;0;0;0;0;0;0;0;0;0;0;0;0;0;0;0;173;173;29;144;0;0;0;0;0;0;0;0;0;0;0;0;0;149;24;168;3;0;2;0;0;0;0;0;0;4;169;107;66;0;0;0;0;0;0;0;0;173;0;0;0;0;0;9;0;0;0;0;0;0;0;9;9;0;0;0;0;0;0;8;0;0;0;0;0;0;0;8;8;0;0;0;0;0;0;5;3;0;0;0;0;0;0;0;0
2024;Sudeste;3;Rio de Janeiro;RJ;33;Nova Iguaçu;3303500;Rio de Janeiro;3301;Rio de Janeiro;330001;Metropolitana do Rio de Janeiro;6;Rio de Janeiro;18;Nova Iguaçu;330350005;SENAC NOVA IGUACU 1;33173400;4;;1;;RUA LUIS DE LIMA;;268;CENTRO;26221080;;;2;11004;;;;;;;;;;;;;;;;;;;;;;;;;;;;;;;;;;;;;;;;;;;;;;;;;;;;;;;;;;;;;;;;;;;;;;;;;;;;;;;;;;;;;;;;;;;;;;;;;;;;;;;;;;;;;;;;;;;;;;;;;;;;;;;;;;;;;;;;;;;;;;;;;;;;;;;;;;;;;;;;;;;;;;;;;;;;;;;;;;;;;;;;;;;;;;;;;;;;;;;;;;;;;;;;;;;;;;;;;;;;;;;;;;;;;;;;;;;;;;;;;;;;;;;;;;;;;;;;;;;;;;;;;;;;;;;;;;;;;;;;;;;;;;;;;;;;;;;;;;;;;;;;;;;;;;;;;;;;;;;;;;;;;;;;;;;;;;;;;;;;;;;;;;;;;;;;;;;;;;;;;;;;;;;;;;;;;;;;;;;;;;;;;;;;;;;;;
2024;Sudeste;3;Rio de Janeiro;RJ;33;Nova Iguaçu;3303500;Rio de Janeiro;3301;Rio de Janeiro;330001;Metropolitana do Rio de Janeiro;6;Rio de Janeiro;18;Nova Iguaçu;330350005;SENAC NOVA IGUACU;33174075;4;1;1;0;RUA CEL. CARLOS MATOS;;86;CENTRO;26210200;;;1;11004;08JAN2024:00:00:00;18DEC2024:00:00:00;;;;;0;;;;;;;;;;;;;;;;;;;;0;0;0;0;0;1;0;3,67235E+12;3,67235E+12;1;1;;;1;1;0;0;0;0;;0;0;0;1;1;0;0;0;0;0;1;0;0;0;1;0;0;0;0;1;0;0;0;0;0;0;0;1;1;0;0;0;1;0;1;0;1;1;1;0;0;0;0;0;1;1;0;1;0;0;0;0;0;1;0;0;0;0;0;1;1;0;1;0;1;0;0;0;0;1;1;1;1;1;0;1;1;0;1;30;0;30;30;0;0;1;1;1;1;1;0;0;0;1;2;0;0;0;0;1;30;1;189;1;20;0;0;1;1;1;1;1;1;1;3;1;1;17;1;8;1;1;0;0;0;0;0;0;0;0;0;0;0;0;1;7;1;1;1;4;1;1;1;1;0;0;0;0;0;0;0;0;0;1;0;0;0;0;0;0;0;0;0;0;0;0;0;0;0;0;0;;;;;0;;;;;;;1;0;0;0;0;0;0;0;1;1;0;9;9;9;9;9;9;0;0;1;0;0;0;1;1;0;1;0;0;0;0;0;0;0;1;1;0;0;0;1;1;0;603;0;0;0;0;0;0;0;0;0;0;0;0;0;0;0;0;0;0;0;0;0;0;0;0;0;0;0;0;0;0;0;0;0;603;603;89;514;0;0;0;0;0;0;0;0;0;0;2;2;0;394;209;567;9;2;25;0;0;0;0;0;0;41;562;283;320;0;0;0;0;0;0;0;0;603;0;0;0;0;0;40;0;0;0;0;0;0;0;40;40;0;0;0;5;5;0;27;0;0;0;0;0;0;0;27;27;0;0;0;2;2;0;14;13;0;0;0;0;0;0;0;0
2024;Sudeste;3;Rio de Janeiro;RJ;33;Petrópolis;3303906;Petrópolis;3303;Petrópolis;330007;Metropolitana do Rio de Janeiro;6;Serrana;15;Petrópolis;330390605;SENAC PETROPOLIS;33174601;4;1;1;0;RUA ALFREDO PACHA;;26;CENTRO;25685210;;;1;11013;08JAN2024:00:00:00;18DEC2024:00:00:00;;;;;0;;;;;;;;;;;;;;;;;;;;0;0;0;0;0;1;0;3,67235E+12;3,67235E+12;1;1;;;1;1;0;0;0;0;;0;0;0;1;1;0;0;0;0;0;1;0;0;0;1;0;0;0;0;1;0;0;0;0;0;0;0;1;1;0;0;0;1;0;1;0;0;1;1;1;1;0;0;0;1;1;0;1;0;0;0;0;0;1;0;0;0;0;0;1;1;0;1;0;1;0;0;0;0;1;0;1;1;1;0;1;1;0;0;11;0;11;8;9;0;1;1;1;1;1;0;0;0;1;2;1;2;0;0;1;11;1;104;1;20;0;0;1;1;1;1;1;1;1;3;1;1;9;1;7;1;1;1;5;0;0;0;0;0;0;0;0;0;0;1;1;1;1;1;4;1;1;1;1;0;0;0;0;0;0;0;0;0;1;0;0;0;0;0;0;1;0;0;0;0;0;0;0;0;0;0;;;;;0;;;;;;;1;0;0;0;0;0;0;0;1;1;0;9;9;9;9;9;9;0;0;1;0;0;0;1;1;0;1;0;0;0;0;0;0;0;1;1;0;0;0;1;1;0;177;0;0;0;0;0;0;0;0;0;0;0;0;0;0;0;0;0;0;0;0;0;0;0;0;0;0;0;0;0;0;0;0;0;177;177;25;152;0;0;0;0;0;0;0;0;0;0;2;2;0;156;21;173;2;0;2;0;0;0;0;0;0;0;177;105;72;0;0;0;0;0;0;0;0;177;0;0;0;0;0;10;0;0;0;0;0;0;0;10;10;0;0;0;4;4;0;9;0;0;0;0;0;0;0;9;9;0;0;0;2;2;0;5;4;0;0;0;0;0;0;0;0
2024;Sudeste;3;Rio de Janeiro;RJ;33;Resende;3304201;Volta Redonda - Barra Mansa;3302;Resende;330005;Sul Fluminense;5;Vale do Paraíba Fluminense;11;Resende;330420105;SENAC RESENDE;33176205;4;1;1;0;RUA SARKIS JOSE SARKIS;;80;JARDIM JALISCO;27510100;;;1;11003;08JAN2024:00:00:00;18DEC2024:00:00:00;;;;;0;;;;;;;;;;;;;;;;;;;;0;0;0;0;0;1;0;3,67235E+12;3,67235E+12;1;1;;;1;1;0;0;0;0;;0;0;0;1;1;0;0;0;0;0;1;0;0;0;1;0;0;0;0;1;0;0;0;0;0;0;0;1;1;1;0;1;1;0;1;1;0;1;1;1;1;0;0;0;1;1;1;1;0;0;0;0;0;1;0;0;0;0;0;0;1;0;1;0;1;0;0;0;0;1;1;0;1;1;0;0;0;0;0;18;0;18;18;0;1;1;0;1;1;0;0;0;0;1;2;1;3;1;1;1;16;1;27;0;0;0;0;1;1;1;1;1;1;1;3;1;1;9;1;6;1;1;1;5;0;0;0;0;0;0;0;0;0;0;1;2;1;1;1;4;0;0;1;2;0;0;0;0;0;0;0;0;0;0;0;0;0;0;0;0;0;0;0;0;0;0;0;0;0;1;0;;;;;0;;;;;;;1;0;0;0;0;0;0;0;1;1;0;9;9;9;9;9;9;0;0;1;0;0;0;1;1;0;1;0;0;0;0;0;0;0;1;1;0;0;0;1;1;0;280;0;0;0;0;0;0;0;0;0;0;0;0;0;0;0;0;0;0;0;0;0;0;0;0;0;0;0;0;0;0;0;0;0;280;280;94;186;0;0;0;0;0;0;0;0;0;0;2;2;0;236;44;261;5;3;11;0;0;0;0;0;0;14;266;125;155;0;0;0;0;0;0;0;0;280;0;0;0;0;0;14;0;0;0;0;0;0;0;14;14;0;0;0;3;3;0;10;0;0;0;0;0;0;0;10;10;0;0;0;2;2;0;5;5;0;0;0;0;0;0;0;0
2024;Sudeste;3;Rio de Janeiro;RJ;33;Rio das Ostras;3304524;Macaé - Rio das Ostras - Cabo Frio;3305;Macaé - Rio das Ostras;330014;Baixadas;4;Bacia de São João;9;Rio das Ostras;330452405;SENAC RIO DAS OSTRAS;33178801;4;1;1;0;RUA RIO DE JANEIRO;;S/N;EXTENSAO DO BOSQUE;28893334;;;1;11012;08JAN2024:00:00:00;18DEC2024:00:00:00;;;;;0;;;;;;;;;;;;;;;;;;;;0;0;0;0;0;1;0;3,67235E+12;3,67235E+12;1;1;;;1;3;0;0;0;0;;0;0;0;1;1;0;0;0;0;0;1;0;0;0;1;0;0;0;0;1;0;0;0;0;0;0;0;1;1;1;0;0;1;0;0;0;0;0;0;1;0;0;0;0;0;0;1;0;0;0;0;0;0;0;0;0;0;0;0;0;0;0;0;0;1;0;0;0;0;1;0;0;0;0;0;0;0;0;0;4;0;4;4;1;0;1;1;1;1;1;0;0;0;0;0;1;1;1;4;1;2;1;5;1;14;0;0;1;1;1;1;0;0;1;2;1;1;2;1;2;0;0;1;2;1;1;0;0;0;0;0;0;0;0;1;1;1;1;0;0;1;1;1;1;0;0;0;0;1;88888;0;0;0;0;0;0;0;0;0;0;1;0;0;0;0;0;0;0;0;0;0;;;;;0;;;;;;;1;0;0;0;0;0;0;0;1;1;0;9;9;9;9;9;9;0;0;1;0;0;0;1;1;0;1;0;0;0;0;0;0;0;1;1;0;0;0;0;0;0;51;0;0;0;0;0;0;0;0;0;0;0;0;0;0;0;0;0;0;0;0;0;0;0;0;0;0;0;0;0;0;0;0;0;51;51;13;38;0;0;0;0;0;0;0;0;0;0;0;0;0;34;17;49;0;0;2;0;0;0;0;0;0;3;48;24;27;0;0;0;0;0;0;0;0;51;0;0;0;0;0;5;0;0;0;0;0;0;0;5;5;0;0;0;0;0;0;2;0;0;0;0;0;0;0;2;2;0;0;0;0;0;0;1;1;0;0;0;0;0;0;0;0
2024;Sudeste;3;Rio de Janeiro;RJ;33;Rio de Janeiro;3304557;Rio de Janeiro;3301;Rio de Janeiro;330001;Metropolitana do Rio de Janeiro;6;Rio de Janeiro;18;Rio de Janeiro;330455705;SENAC IRAJA;33161275;4;1;1;0;RUA EMILIANO FELIPE;;173;IRAJA;21230145;;;1;11006;08JAN2024:00:00:00;18DEC2024:00:00:00;;;;;0;;;;;;;;;;;;;;;;;;;;0;0;0;0;0;1;0;3,67235E+12;3,67235E+12;1;1;;;1;3;0;0;0;0;;0;0;0;1;1;0;0;0;0;0;1;0;0;0;1;0;0;0;0;1;0;0;0;0;0;0;0;1;1;1;0;1;1;0;1;1;0;1;1;1;1;0;0;0;1;1;1;0;0;0;1;0;1;0;0;0;0;0;0;0;1;0;1;0;1;0;0;0;0;1;1;0;1;1;0;0;1;0;1;26;0;26;26;26;0;1;1;1;1;1;0;0;0;1;25;0;0;0;0;1;26;1;51;0;0;0;0;1;1;1;1;1;1;1;3;1;1;20;1;8;1;1;1;5;1;1;0;0;0;0;0;0;0;0;1;2;1;1;1;5;1;5;1;5;0;0;0;0;0;0;0;0;0;1;0;1;1;0;0;0;1;0;0;0;0;0;1;0;0;0;0;;;;;0;;;;;;;1;0;0;0;0;0;0;0;1;1;0;9;9;9;9;9;9;0;0;1;0;0;0;1;1;0;1;0;0;0;0;0;0;0;1;1;0;0;0;1;1;0;357;0;0;0;0;0;0;0;0;0;0;0;0;0;0;0;0;0;0;0;0;0;0;0;0;0;0;0;0;0;0;0;0;0;357;357;75;282;0;0;0;0;0;0;0;0;0;0;2;2;0;271;86;329;3;6;19;0;0;0;0;0;0;24;333;257;100;0;0;0;0;0;0;0;0;357;0;0;0;0;0;20;0;0;0;0;0;0;0;20;20;0;0;0;3;3;0;12;0;0;0;0;0;0;0;12;12;0;0;0;2;2;0;9;3;0;0;0;0;0;0;0;0
2024;Sudeste;3;Rio de Janeiro;RJ;33;Rio de Janeiro;3304557;Rio de Janeiro;3301;Rio de Janeiro;330001;Metropolitana do Rio de Janeiro;6;Rio de Janeiro;18;Rio de Janeiro;330455705;SENAC BOTAFOGO;33161283;4;1;1;0;RUA BAMBINA;;107;BOTAFOGO;22251050;;;1;11009;08JAN2024:00:00:00;18DEC2024:00:00:00;;;;;0;;;;;;;;;;;;;;;;;;;;0;0;0;0;0;1;0;3,67235E+12;3,67235E+12;1;1;;;1;1;0;0;0;0;;0;0;0;1;1;0;0;0;0;0;1;0;0;0;1;0;0;0;0;1;0;0;0;0;0;0;0;1;1;0;0;1;1;0;1;1;1;1;1;0;1;0;0;0;1;0;0;0;0;0;0;0;0;0;0;0;0;0;0;0;1;0;1;0;1;0;0;0;0;1;1;1;1;1;0;0;0;0;1;25;0;25;25;0;0;1;1;1;1;1;0;1;1;1;13;1;2;1;1;1;25;1;1;1;1;1;1;1;1;1;1;0;1;1;3;1;1;15;1;6;1;1;0;0;0;0;0;0;0;0;0;0;0;0;1;6;1;1;1;5;0;0;1;1;0;0;0;0;0;0;0;0;0;0;0;0;1;0;1;0;0;0;0;0;0;0;0;0;0;0;0;;;;;0;;;;;;;1;0;0;0;0;0;0;0;1;1;0;9;9;9;9;9;9;0;0;1;0;0;0;1;1;0;1;0;0;0;0;0;0;0;1;1;0;0;0;1;1;0;300;0;0;0;0;0;0;0;0;0;0;0;0;0;0;0;0;0;0;0;0;0;0;0;0;0;0;0;0;0;0;0;0;0;300;300;21;279;0;0;0;0;0;0;0;0;0;0;2;2;0;214;86;296;1;0;3;0;0;0;0;0;0;1;299;189;111;0;0;0;0;0;0;0;0;300;0;0;0;0;0;34;0;0;0;0;0;0;0;34;34;0;0;0;3;3;0;16;0;0;0;0;0;0;0;16;16;0;0;0;2;2;0;10;6;0;0;0;0;0;0;0;0
2024;Sudeste;3;Rio de Janeiro;RJ;33;Rio de Janeiro;3304557;Rio de Janeiro;3301;Rio de Janeiro;330001;Metropolitana do Rio de Janeiro;6;Rio de Janeiro;18;Rio de Janeiro;330455705;SENAC MADUREIRA;33172609;4;1;1;0;RUA EWBANCK DA CAMARA;;91;MADUREIRA;21310150;;;1;11006;08JAN2024:00:00:00;18DEC2024:00:00:00;;;;;0;;;;;;;;;;;;;;;;;;;;0;0;0;0;0;1;0;3,67235E+12;3,67235E+12;1;1;;;1;1;0;0;0;0;;0;0;0;1;1;0;0;0;0;0;1;0;0;0;1;0;0;0;0;1;0;0;0;0;0;0;0;1;1;1;1;1;1;0;1;1;0;1;1;1;1;0;0;0;1;1;0;0;0;0;0;0;0;1;0;0;0;0;0;1;0;1;1;0;1;0;0;0;0;1;1;0;1;1;0;0;1;0;0;26;0;26;26;0;0;1;1;1;1;1;0;0;0;1;19;1;1;0;0;1;28;1;126;1;22;1;2;1;1;1;1;0;1;1;3;1;1;20;1;8;1;1;1;8;0;0;0;0;0;0;0;0;0;0;1;7;1;1;1;5;0;0;1;1;0;0;0;0;0;0;0;0;0;1;0;0;0;0;0;0;0;0;0;0;0;0;0;0;0;0;0;;;;;0;;;;;;;1;0;0;0;0;0;0;0;1;1;0;9;9;9;9;9;9;0;0;1;0;0;0;1;1;0;1;0;0;0;0;0;0;0;1;1;0;0;0;1;1;0;548;0;0;0;0;0;0;0;0;0;0;0;0;0;0;0;0;0;0;0;0;0;0;0;0;0;0;0;0;0;0;0;0;0;548;548;51;497;0;0;0;0;0;0;0;0;0;0;9;9;0;438;110;537;4;0;7;0;0;0;0;0;0;12;536;366;182;0;0;0;0;0;0;0;0;548;0;0;0;0;0;31;0;0;0;0;0;0;0;31;31;0;0;0;13;13;0;22;0;0;0;0;0;0;0;22;22;0;0;0;8;8;0;15;7;0;0;0;0;0;0;0;0
2024;Sudeste;3;Rio de Janeiro;RJ;33;Rio de Janeiro;3304557;Rio de Janeiro;3301;Rio de Janeiro;330001;Metropolitana do Rio de Janeiro;6;Rio de Janeiro;18;Rio de Janeiro;330455705;SENAC MARECHAL FLORIANO;33172803;4;1;1;0;AV. MARECHAL FLORIANO;;6;CENTRO;20080007;;;1;11009;08JAN2024:00:00:00;18DEC2024:00:00:00;;;;;0;;;;;;;;;;;;;;;;;;;;0;0;0;0;0;1;0;3,67235E+12;3,67235E+12;1;1;;;1;1;0;0;0;0;;0;0;0;1;1;0;0;0;0;0;1;0;0;0;1;0;0;0;0;1;0;0;0;0;0;0;0;1;0;0;0;0;1;0;1;1;1;1;1;0;0;0;0;0;1;1;0;0;0;0;0;0;0;0;0;0;0;0;0;1;0;0;1;0;1;0;0;0;0;1;1;0;1;0;0;0;0;0;0;15;0;15;14;0;0;1;1;1;1;1;0;0;0;1;3;1;2;0;0;1;19;1;40;1;20;0;0;1;1;1;1;0;1;1;3;1;1;88888;1;6;1;1;0;0;0;0;0;0;0;0;0;0;0;0;1;4;1;1;1;88888;0;0;1;1;0;0;0;0;0;0;0;0;0;0;0;0;1;0;0;0;1;0;0;0;0;0;0;0;0;0;0;;;;;0;;;;;;;1;0;0;0;0;0;0;0;1;1;0;9;9;9;9;9;9;0;0;1;0;0;0;1;1;0;1;0;0;0;0;0;0;0;1;1;0;0;0;1;1;0;59;0;0;0;0;0;0;0;0;0;0;0;0;0;0;0;0;0;0;0;0;0;0;0;0;0;0;0;0;0;0;0;0;0;59;59;1;58;0;0;0;0;0;0;0;0;0;0;1;1;0;28;31;58;0;1;0;0;0;0;0;0;0;0;59;14;45;0;0;0;0;0;0;0;0;59;0;0;0;0;0;5;0;0;0;0;0;0;0;5;5;0;0;0;2;2;0;3;0;0;0;0;0;0;0;3;3;0;0;0;1;1;0;1;2;0;0;0;0;0;0;0;0
2024;Sudeste;3;Rio de Janeiro;RJ;33;Rio de Janeiro;3304557;Rio de Janeiro;3301;Rio de Janeiro;330001;Metropolitana do Rio de Janeiro;6;Rio de Janeiro;18;Rio de Janeiro;330455705;SENAC COPACABANA;33173800;4;1;1;0;RUA POMPEU LOUREIRO;;45   4 ANDAR;COPACABANA;22061000;;;1;11009;08JAN2024:00:00:00;18DEC2024:00:00:00;;;;;0;;;;;;;;;;;;;;;;;;;;0;0;0;0;0;1;0;3,67235E+12;3,67235E+12;1;1;;;1;1;0;0;0;0;;0;0;0;1;1;0;0;0;0;0;1;0;0;0;1;0;0;0;0;1;0;0;0;0;0;0;0;1;1;0;0;1;1;0;1;1;1;1;1;1;1;0;0;0;1;1;0;0;0;0;0;0;0;0;0;0;0;1;1;1;1;1;1;0;1;1;0;0;0;1;1;1;1;1;0;1;1;0;1;40;0;40;40;40;0;1;1;1;1;1;0;0;0;1;7;1;4;1;2;1;34;1;216;1;20;1;1;1;1;1;1;0;1;1;3;1;1;11;1;1;1;1;0;0;0;0;0;0;0;0;0;0;0;0;1;7;1;1;1;5;0;0;1;2;0;0;0;0;0;0;0;0;0;1;0;0;1;0;0;0;0;0;0;0;0;0;0;0;0;0;0;;;;;0;;;;;;;1;0;0;0;0;0;0;0;1;1;0;9;9;9;9;9;9;0;0;1;0;0;0;1;1;0;1;0;0;0;0;0;0;0;1;1;0;0;0;0;0;0;194;0;0;0;0;0;0;0;0;0;0;0;0;0;0;0;0;0;0;0;0;0;0;0;0;0;0;0;0;0;0;0;0;0;194;194;15;179;0;0;0;0;0;0;0;0;0;0;0;0;0;139;55;193;0;0;1;0;0;0;0;0;0;3;191;57;137;0;0;0;0;0;0;0;0;194;0;0;0;0;0;14;0;0;0;0;0;0;0;14;14;0;0;0;0;0;0;11;0;0;0;0;0;0;0;11;11;0;0;0;0;0;0;4;7;0;0;0;0;0;0;0;0
2024;Sudeste;3;Rio de Janeiro;RJ;33;Rio de Janeiro;3304557;Rio de Janeiro;3301;Rio de Janeiro;330001;Metropolitana do Rio de Janeiro;6;Rio de Janeiro;18;Rio de Janeiro;330455705;SENAC BARRA DA TIJUCA;33174202;4;1;1;0;AV. DAS AMERICAS;;3959   COBERTURA;BARRA DA TIJUCA;22631003;;;1;11009;08JAN2024:00:00:00;18DEC2024:00:00:00;;;;;0;;;;;;;;;;;;;;;;;;;;0;0;0;0;0;1;0;3,67235E+12;3,67235E+12;1;1;;;1;2;0;0;0;0;;0;0;0;1;1;0;0;0;0;0;1;0;0;0;1;0;0;0;0;1;0;0;0;0;0;0;0;1;1;0;0;0;1;0;1;0;0;1;1;1;0;0;0;0;1;1;0;1;0;0;0;0;0;0;0;0;0;0;0;0;1;0;1;0;1;0;0;0;0;1;1;0;1;1;1;0;0;0;1;15;1;16;16;15;0;1;1;1;1;1;0;0;0;1;2;1;1;0;0;1;13;1;73;0;0;1;3;1;1;1;0;1;1;1;3;1;1;88888;1;6;1;1;0;0;0;0;0;0;0;0;0;0;0;0;1;9;1;1;0;0;0;0;1;1;0;0;0;0;0;0;0;0;0;1;0;0;0;0;0;0;1;0;0;0;0;0;1;0;0;0;0;;;;;0;;;;;;;1;0;0;0;0;0;0;0;1;1;0;9;9;9;9;9;9;0;0;1;0;0;0;1;1;0;1;0;0;0;0;0;0;0;1;1;0;0;0;0;0;0;139;0;0;0;0;0;0;0;0;0;0;0;0;0;0;0;0;0;0;0;0;0;0;0;0;0;0;0;0;0;0;0;0;0;139;139;6;133;0;0;0;0;0;0;0;0;0;0;0;0;0;109;30;138;1;0;0;0;0;0;0;0;0;2;137;69;70;0;0;0;0;0;0;0;0;139;0;0;0;0;0;14;0;0;0;0;0;0;0;14;14;0;0;0;0;0;0;7;0;0;0;0;0;0;0;7;7;0;0;0;0;0;0;4;3;0;0;0;0;0;0;0;0
2024;Sudeste;3;Rio de Janeiro;RJ;33;Rio de Janeiro;3304557;Rio de Janeiro;3301;Rio de Janeiro;330001;Metropolitana do Rio de Janeiro;6;Rio de Janeiro;18;Rio de Janeiro;330455705;SENAC CAMPO GRANDE;33176809;4;1;1;0;RUA BARCELOS DOMINGOS;;58;CAMPO GRANDE;23080020;;;1;11007;08JAN2024:00:00:00;18DEC2024:00:00:00;;;;;0;;;;;;;;;;;;;;;;;;;;0;0;0;0;0;1;0;3,67235E+12;3,67235E+12;1;1;;;1;1;0;0;0;0;;0;0;0;1;1;0;0;0;0;0;1;0;0;0;1;0;0;0;0;1;0;0;0;0;0;0;0;1;1;0;0;0;1;0;1;0;0;1;1;0;0;0;0;0;1;0;1;0;0;0;0;0;0;0;0;0;0;0;0;0;1;0;1;0;1;0;0;0;0;1;0;0;1;1;0;0;0;0;0;30;4;34;30;20;0;1;1;1;1;1;0;0;0;1;2;0;0;0;0;1;28;1;212;0;0;0;0;1;1;1;0;0;1;1;3;1;1;30;1;12;1;1;0;0;0;0;0;0;0;0;0;0;0;0;1;3;1;1;1;5;1;9;1;1;0;0;0;0;0;0;0;0;0;1;0;0;0;0;0;0;0;0;0;0;0;0;0;0;0;0;0;;;;;0;;;;;;;1;0;0;0;0;0;0;0;1;1;0;9;9;9;9;9;9;0;0;1;0;0;0;1;1;0;1;0;0;0;0;0;0;0;1;1;0;0;0;1;1;0;557;0;0;0;0;0;0;0;0;0;0;0;0;0;0;0;0;0;0;0;0;0;0;0;0;0;0;0;0;0;0;0;0;0;557;557;73;484;0;0;0;0;0;0;0;0;0;0;7;7;0;399;158;526;12;0;19;0;0;0;0;0;0;35;522;343;214;0;0;0;0;0;0;0;0;556;1;0;0;0;0;29;0;0;0;0;0;0;0;29;29;0;0;0;11;11;0;22;0;0;0;0;0;0;0;22;22;0;0;0;6;6;0;13;9;0;0;0;0;0;0;0;0
2024;Sudeste;3;Rio de Janeiro;RJ;33;Rio de Janeiro;3304557;Rio de Janeiro;3301;Rio de Janeiro;330001;Metropolitana do Rio de Janeiro;6;Rio de Janeiro;18;Rio de Janeiro;330455705;SENAC BONSUCESSO;33177201;4;1;1;0;RUA DONA ISABEL;;700;BONSUCESSO;21032060;;;1;11006;08JAN2024:00:00:00;18DEC2024:00:00:00;;;;;0;;;;;;;;;;;;;;;;;;;;0;0;0;0;0;1;0;3,67235E+12;3,67235E+12;1;1;;;1;1;0;0;0;0;;0;0;0;1;1;0;0;0;0;0;1;0;0;0;1;0;0;0;0;1;0;0;0;0;0;0;0;1;1;0;0;0;1;0;1;1;1;1;1;1;0;0;0;0;1;1;0;1;0;0;0;0;0;0;0;0;0;0;0;0;1;0;1;0;1;0;0;0;0;1;1;0;0;1;0;0;0;0;0;21;10;31;31;31;0;1;0;0;1;0;0;0;0;1;4;1;6;0;0;1;21;1;83;1;5;0;0;1;1;1;1;0;1;0;1;1;1;14;1;7;1;1;0;0;0;0;0;0;0;0;0;0;0;0;1;3;1;1;1;5;0;0;1;1;0;0;0;0;0;0;0;0;0;1;0;0;0;0;0;0;1;0;0;0;0;0;0;0;0;0;0;;;;;0;;;;;;;1;0;0;0;0;0;0;0;1;1;0;9;9;9;9;9;9;0;0;1;0;0;0;1;1;0;1;0;0;0;0;0;0;0;1;1;0;0;0;1;1;0;505;0;0;0;0;0;0;0;0;0;0;0;0;0;0;0;0;0;0;0;0;0;0;0;0;0;0;0;0;0;0;0;0;0;505;505;59;446;0;0;0;0;0;0;0;0;0;0;2;2;0;353;152;488;6;4;7;0;0;0;0;0;0;18;487;279;226;0;0;0;0;0;0;0;0;505;0;0;0;0;0;27;0;0;0;0;0;0;0;27;27;0;0;0;4;4;0;19;0;0;0;0;0;0;0;19;19;0;0;0;2;2;0;11;8;0;0;0;0;0;0;0;0
2024;Sudeste;3;Rio de Janeiro;RJ;33;Santo Antônio de Pádua;3304706;Campos dos Goytacazes;3304;Santo Antônio de Pádua;330012;Noroeste Fluminense;1;Santo Antônio de Pádua;2;Santo Antônio de Pádua;330470605;SENAC SANTO ANTONIO PADUA;33179000;4;1;1;0;RUA ANACLETO ALVIM PADILHA;;243;CENTRO;28470000;;;1;11011;08JAN2024:00:00:00;18DEC2024:00:00:00;;;;;0;;;;;;;;;;;;;;;;;;;;0;0;0;0;0;1;0;3,67235E+12;3,67235E+12;1;1;;;1;3;0;0;0;0;;0;0;0;1;1;0;0;0;0;0;1;0;0;0;1;0;0;0;0;1;0;0;0;0;0;0;0;1;1;1;0;0;1;0;1;0;0;0;0;0;1;0;0;0;0;1;0;1;0;0;0;0;0;0;0;0;0;0;0;0;0;0;0;0;1;0;0;0;0;1;0;1;0;1;0;1;1;0;0;3;0;3;3;3;0;1;0;0;1;0;0;0;0;1;1;0;0;0;0;1;3;0;0;0;0;0;0;1;1;1;1;0;9;9;3;1;1;2;1;2;0;0;1;2;0;0;0;0;0;0;0;0;0;0;1;1;1;1;0;0;1;3;1;2;0;0;0;0;0;0;0;0;0;0;0;0;0;0;0;0;1;0;0;0;0;0;0;0;0;0;0;;;;;0;;;;;;;1;0;0;0;0;0;0;0;1;1;0;9;9;9;9;9;9;0;0;1;0;0;0;1;1;0;1;0;0;0;0;0;0;0;1;1;0;0;0;1;1;0;126;0;0;0;0;0;0;0;0;0;0;0;0;0;0;0;0;0;0;0;0;0;0;0;0;0;0;0;0;0;0;0;0;0;126;126;23;103;0;0;0;0;0;0;0;0;0;0;2;2;0;105;21;126;0;0;0;0;0;0;0;0;0;0;126;84;42;0;0;0;0;0;0;0;0;126;0;0;0;0;0;7;0;0;0;0;0;0;0;7;7;0;0;0;3;3;0;4;0;0;0;0;0;0;0;4;4;0;0;0;1;1;0;3;1;0;0;0;0;0;0;0;0
2024;Sudeste;3;Rio de Janeiro;RJ;33;São João de Meriti;3305109;Rio de Janeiro;3301;Rio de Janeiro;330001;Metropolitana do Rio de Janeiro;6;Rio de Janeiro;18;São João de Meriti;330510905;SENAC SAO JOAO DE MERITI;33454213;4;1;1;0;RUA PASTOR JOAQUIM ROSA S/N LT 20 QD 19;;RUA PASTOR JOAQUIM R;VILAR DOS TELES;25555681;;;1;11010;08JAN2024:00:00:00;18DEC2024:00:00:00;;;;;0;;;;;;;;;;;;;;;;;;;;0;0;0;0;0;1;0;3,67235E+12;3,67235E+12;1;1;;;1;1;0;0;0;0;;0;0;0;1;1;0;0;0;0;0;1;0;0;0;1;0;0;0;0;1;0;0;0;0;0;0;0;1;1;0;0;0;1;0;1;1;0;0;1;0;1;0;0;0;0;1;0;1;0;0;0;0;0;0;0;0;0;0;0;0;0;1;0;0;1;0;0;0;0;0;0;0;1;1;0;0;0;0;0;3;0;3;3;3;0;1;1;1;1;1;0;0;0;1;1;0;0;0;0;1;3;1;8;0;0;0;0;1;1;1;1;0;1;0;3;1;1;2;1;2;1;1;0;0;0;0;0;0;0;0;0;0;0;0;1;1;1;1;0;0;0;0;1;1;0;0;0;0;0;0;0;0;0;1;0;0;1;0;0;0;1;0;0;0;0;0;0;0;0;0;0;;;;;0;;;;;;;1;0;0;0;0;0;0;0;1;1;0;9;9;9;9;9;9;0;0;1;0;0;0;0;1;0;1;0;0;0;0;0;0;0;1;1;0;0;0;0;0;0;26;0;0;0;0;0;0;0;0;0;0;0;0;0;0;0;0;0;0;0;0;0;0;0;0;0;0;0;0;0;0;0;0;0;26;26;1;25;0;0;0;0;0;0;0;0;0;0;0;0;0;17;9;26;0;0;0;0;0;0;0;0;0;1;25;0;26;0;0;0;0;0;0;0;0;26;0;0;0;0;0;1;0;0;0;0;0;0;0;1;1;0;0;0;0;0;0;1;0;0;0;0;0;0;0;1;1;0;0;0;0;0;0;0;1;0;0;0;0;0;0;0;0
2024;Sudeste;3;Rio de Janeiro;RJ;33;Teresópolis;3305802;Petrópolis;3303;Petrópolis;330007;Metropolitana do Rio de Janeiro;6;Serrana;15;Teresópolis;330580205;SENAC TERESOPOLIS;33179417;4;1;1;0;RUA ALICE QUINTELA MAURICI REGADAS;;66 SOBRELOJA;VARZEA;25953430;;;1;11013;08JAN2024:00:00:00;18DEC2024:00:00:00;;;;;0;;;;;;;;;;;;;;;;;;;;0;0;0;0;0;1;0;3,67235E+12;3,67235E+12;1;1;;;1;1;0;0;0;0;;0;0;0;1;1;0;0;0;0;0;1;0;0;0;1;0;0;0;0;1;0;0;0;0;0;0;0;1;1;0;0;0;1;0;1;0;0;1;1;0;0;0;0;0;1;1;0;0;0;0;0;0;0;0;0;0;0;0;0;0;0;1;1;0;1;0;0;0;0;0;0;0;1;0;0;0;0;0;0;11;0;11;11;11;0;1;0;0;1;1;0;0;0;0;0;1;1;0;0;1;1;1;20;0;0;0;0;1;1;1;1;1;1;1;3;1;1;4;1;4;1;1;0;0;0;0;0;0;0;0;0;0;0;0;1;1;1;1;0;0;0;0;1;1;0;0;0;0;0;0;0;0;0;1;0;0;0;0;0;0;1;0;0;0;0;0;0;0;0;0;0;;;;;0;;;;;;;1;0;0;0;0;0;0;0;1;1;0;9;9;9;9;9;9;0;0;1;0;0;0;1;1;0;1;0;0;0;0;0;0;0;1;1;0;0;0;1;1;0;424;0;0;0;0;0;0;0;0;0;0;0;0;0;0;0;0;0;0;0;0;0;0;0;0;0;0;0;0;0;0;0;0;0;424;424;119;305;0;0;0;0;0;0;0;0;0;0;4;4;0;340;84;399;7;4;14;0;0;0;0;0;0;25;399;249;175;0;0;0;0;0;0;0;0;424;0;0;0;0;0;28;0;0;0;0;0;0;0;28;28;0;0;0;9;9;0;18;0;0;0;0;0;0;0;18;18;0;0;0;3;3;0;11;7;0;0;0;0;0;0;0;0
2024;Sudeste;3;Rio de Janeiro;RJ;33;Três Rios;3306008;Petrópolis;3303;Três Rios - Paraíba do Sul;330009;Centro Fluminense;3;Três Rios;5;Três Rios;330600805;SENAC TRES RIOS;33179603;4;1;1;0;AVENIDA XV DE NOVEMBRO;;600;CENTRO;25804000;;;1;11013;08JAN2024:00:00:00;18DEC2024:00:00:00;;;;;0;;;;;;;;;;;;;;;;;;;;0;0;0;0;0;1;0;3,67235E+12;3,67235E+12;1;1;;;1;3;0;0;0;0;;0;0;0;1;1;0;0;0;0;0;1;0;0;0;1;0;0;0;0;1;0;0;0;0;0;0;0;1;1;1;0;0;1;0;1;1;0;0;0;0;0;0;0;0;0;0;0;0;0;0;0;0;0;0;0;0;0;0;0;0;0;0;1;0;1;0;0;0;0;1;0;0;0;1;0;0;1;0;0;4;0;4;4;0;0;1;1;0;1;0;0;0;0;1;1;1;4;0;0;1;4;0;0;1;13;0;0;1;1;1;1;1;1;1;3;1;1;5;1;1;0;0;0;0;0;0;0;0;0;0;0;0;0;0;1;1;1;1;0;0;0;0;1;1;0;0;0;0;0;0;0;0;0;1;0;0;0;0;0;0;1;0;0;0;0;0;0;0;0;0;0;;;;;0;;;;;;;1;0;0;0;0;0;0;0;1;1;0;9;9;9;9;9;9;0;0;1;0;0;0;1;1;0;1;0;0;0;0;0;0;0;1;1;0;0;0;0;0;0;78;0;0;0;0;0;0;0;0;0;0;0;0;0;0;0;0;0;0;0;0;0;0;0;0;0;0;0;0;0;0;0;0;0;78;78;7;71;0;0;0;0;0;0;0;0;0;0;0;0;0;73;5;75;1;1;1;0;0;0;0;0;0;0;78;49;29;0;0;0;0;0;0;0;0;78;0;0;0;0;0;4;0;0;0;0;0;0;0;4;4;0;0;0;0;0;0;3;0;0;0;0;0;0;0;3;3;0;0;0;0;0;0;2;1;0;0;0;0;0;0;0;0
2024;Sudeste;3;Rio de Janeiro;RJ;33;Volta Redonda;3306305;Volta Redonda - Barra Mansa;3302;Volta Redonda - Barra Mansa;330004;Sul Fluminense;5;Vale do Paraíba Fluminense;11;Volta Redonda;330630505;SENAC VOLTA REDONDA;33175403;4;1;1;0;RUA DEPUTADO GERALDO DI BIASE;;251;ATERRADO;27213080;;;1;11003;08JAN2024:00:00:00;18DEC2024:00:00:00;;;;;0;;;;;;;;;;;;;;;;;;;;0;0;0;0;0;1;0;3,67235E+12;3,67235E+12;1;1;;;1;3;0;0;0;0;;0;0;0;1;1;0;0;0;0;0;1;0;0;0;1;0;0;0;0;1;0;0;0;0;0;0;0;1;1;1;0;0;1;0;1;0;0;1;1;0;0;0;0;0;0;0;1;0;0;0;0;0;0;1;0;0;0;0;0;0;0;0;0;0;1;0;0;0;0;1;0;0;1;1;0;0;0;0;1;4;0;4;4;4;0;1;0;0;1;0;0;0;0;1;1;0;0;0;0;1;3;1;2;1;5;1;1;1;1;1;1;1;1;1;3;1;1;3;1;2;0;0;0;0;0;0;0;0;0;0;0;0;0;0;0;0;0;0;0;0;0;0;1;1;0;0;0;0;0;0;0;0;0;1;0;0;1;0;1;1;1;0;0;0;0;0;0;0;0;0;0;;;;;0;;;;;;;1;0;0;0;0;0;0;0;1;1;0;9;9;9;9;9;9;0;0;1;0;0;0;1;1;0;1;0;0;0;0;0;0;0;1;1;0;0;0;0;0;0;45;0;0;0;0;0;0;0;0;0;0;0;0;0;0;0;0;0;0;0;0;0;0;0;0;0;0;0;0;0;0;0;0;0;45;45;4;41;0;0;0;0;0;0;0;0;0;0;0;0;0;34;11;44;1;0;0;0;0;0;0;0;0;2;43;15;30;0;0;0;0;0;0;0;0;45;0;0;0;0;0;5;0;0;0;0;0;0;0;5;5;0;0;0;0;0;0;3;0;0;0;0;0;0;0;3;3;0;0;0;0;0;0;1;2;0;0;0;0;0;0;0;0
2024;Sudeste;3;São Paulo;SP;35;Águas de São Pedro;3500600;Campinas;3510;Piracicaba;350040;Piracicaba;6;Piracicaba;28;Águas de São Pedro;350060005;SENAC HOTEL ESCOLA GRANDE HOTEL SAO PEDRO;35148829;4;1;1;0;PARQUE DOUTOR OCTAVIO DE MOURA ANDRADE SN;SN;;CENTRO;13528900;19;34827000;1;15000;15FEB2024:00:00:00;20DEC2024:00:00:00;;;;;0;;;;;;;;;;;;;;;;;;;;0;0;0;0;0;1;0;3,70981E+12;3,70981E+12;1;2;;;1;1;0;0;0;0;;0;0;0;1;1;1;0;0;0;0;1;1;0;0;1;0;0;0;0;1;0;0;0;0;0;0;1;0;1;0;0;1;1;0;1;0;0;1;1;1;1;0;0;1;1;0;0;0;0;0;0;0;0;1;0;0;0;0;0;0;1;0;1;0;1;0;0;0;0;0;0;0;0;0;0;0;0;1;0;13;8;21;21;21;1;1;1;1;1;0;0;1;3;1;1;1;88888;1;1;1;19;1;88888;0;0;1;1;1;1;1;1;1;9;9;1;1;1;88888;1;88888;1;3;0;0;1;2;0;0;1;1;0;0;1;6;1;1;1;1;1;88888;1;5;1;2;0;0;0;0;0;0;0;0;0;1;0;0;1;0;1;1;1;1;1;1;1;0;0;0;1;0;0;;;;;0;;;;;;;1;1;1;0;0;1;0;0;0;0;1;1;0;1;1;1;0;0;0;1;0;0;0;1;1;0;1;0;0;0;0;0;0;0;1;1;0;0;0;0;0;0;63;0;0;0;0;0;0;0;0;0;0;0;0;0;0;0;0;0;0;0;0;0;0;0;0;0;0;0;0;0;0;0;0;0;63;63;3;60;0;0;0;0;0;0;0;0;0;0;0;0;0;50;13;25;34;1;3;0;0;0;0;0;0;3;60;15;48;0;0;0;0;0;0;0;0;61;2;0;0;0;0;4;0;0;0;0;0;0;0;4;4;0;0;0;0;0;0;3;0;0;0;0;0;0;0;3;3;0;0;0;0;0;0;1;2;0;0;0;0;0;0;0;0
2024;Sudeste;3;São Paulo;SP;35;Americana;3501608;Campinas;3510;Campinas;350038;Campinas;7;Campinas;32;Americana;350160805;SENAC AMERICANA;35079947;4;1;1;0;DOUTOR ANGELINO SANCHES;800;;VILA SAO PEDRO;13466490;19;36211367;1;15000;15FEB2024:00:00:00;20DEC2024:00:00:00;;;;;0;;;;;;;;;;;;;;;;;;;;0;0;0;0;0;1;0;3,70981E+12;3,70981E+12;1;2;;;1;1;0;0;0;0;;0;0;0;1;1;0;0;0;0;0;1;0;0;0;1;0;0;0;0;1;0;0;0;0;1;0;1;0;1;0;1;1;1;0;1;1;1;1;1;1;0;0;0;0;1;1;0;0;0;0;0;0;0;0;0;0;0;0;0;1;1;0;1;0;1;0;0;0;0;1;1;1;1;1;1;1;1;0;1;20;0;20;20;20;0;1;1;1;1;1;0;1;2;1;10;1;4;1;20;1;20;1;180;1;82;1;3;1;1;1;1;1;1;1;3;1;1;33;1;8;1;1;0;0;1;5;0;0;0;0;0;0;0;0;1;1;1;1;0;0;1;88888;1;1;0;0;0;0;0;0;0;0;0;1;0;1;1;0;1;1;1;0;0;1;0;0;1;0;1;0;0;;;;;0;;;;;;;1;1;1;0;0;1;0;0;0;0;1;1;0;0;1;1;0;0;0;1;0;0;0;1;1;0;1;0;0;0;0;0;0;0;1;1;0;0;0;1;1;0;692;0;0;0;0;0;0;0;0;0;0;0;0;0;0;0;0;0;0;0;0;0;0;0;0;0;0;0;0;0;0;0;0;0;692;692;29;663;0;0;0;0;0;0;0;0;0;0;5;5;0;477;215;231;330;17;111;2;1;0;0;0;0;27;665;339;353;0;0;0;0;0;0;0;0;678;14;0;0;0;0;26;0;0;0;0;0;0;0;26;26;0;0;0;5;5;0;37;0;0;0;0;0;0;0;37;37;0;0;0;5;5;0;21;16;0;0;0;0;0;0;0;0
2024;Sudeste;3;São Paulo;SP;35;Araçatuba;3502804;Araçatuba;3506;Araçatuba;350022;Araçatuba;3;Araçatuba;17;Araçatuba;350280405;SENAC ARACATUBA;35148912;4;1;1;0;JOAO ARRUDA BRASIL;500;AVENIDA;SAO JOAQUIM;16050400;18;31171000;1;15000;15FEB2024:00:00:00;20DEC2024:00:00:00;;;;;0;;;;;;;;;;;;;;;;;;;;0;0;0;0;0;1;0;3,70981E+12;3,70981E+12;1;2;;;1;1;0;0;0;0;;0;0;0;1;1;0;0;0;0;0;1;0;0;0;1;0;0;0;0;1;0;0;0;0;1;0;0;0;0;0;0;1;1;0;1;0;0;1;1;1;1;0;0;0;1;0;1;1;0;0;1;0;1;0;0;0;0;0;0;0;1;0;1;0;1;0;0;0;0;0;0;0;0;0;0;0;0;1;0;18;0;18;0;0;0;1;0;0;1;0;0;1;1;1;1;1;6;1;20;0;0;1;280;1;90;1;1;1;1;1;1;0;1;1;3;1;1;34;1;9;1;2;1;88888;0;0;0;0;0;0;0;0;0;0;1;1;1;1;0;0;1;88888;1;1;0;0;0;0;0;0;0;0;0;1;1;0;1;1;1;1;0;1;0;1;1;0;0;0;0;0;0;;;;;0;;;;;;;1;1;0;0;0;1;0;0;0;1;1;1;0;1;1;1;0;0;0;1;0;0;0;1;1;0;1;0;0;0;0;0;0;0;1;1;0;0;0;1;1;0;659;0;0;0;0;0;0;0;0;0;0;0;0;0;0;0;0;0;0;0;0;0;0;0;0;0;0;0;0;0;0;0;0;0;659;659;65;594;0;0;0;0;0;0;0;0;0;0;4;4;0;458;201;207;303;18;124;6;1;0;0;0;0;55;604;310;349;0;0;0;0;0;0;0;0;635;24;0;0;0;0;15;0;0;0;0;0;0;0;15;15;0;0;0;2;2;0;36;0;0;0;0;0;0;0;36;36;0;0;0;4;4;0;19;17;0;0;0;0;0;0;0;0
2024;Sudeste;3;São Paulo;SP;35;Araraquara;3503208;Araraquara;3509;Araraquara;350036;Araraquara;5;Araraquara;24;Araraquara;350320805;SENAC ARARAQUARA;35148830;4;1;1;0;JOAO GURGEL;1935;RUA;CARMO;14801405;16;31143000;1;15000;15FEB2024:00:00:00;20DEC2024:00:00:00;;;;;0;;;;;;;;;;;;;;;;;;;;0;0;0;0;0;1;0;1E+14;1E+14;1;2;;;1;1;0;0;0;0;;0;0;0;1;1;0;0;0;0;0;1;0;0;0;1;0;0;0;0;1;0;0;0;0;1;0;1;0;0;0;0;1;1;0;0;0;0;1;1;1;1;0;0;0;1;0;1;0;0;0;1;0;1;0;0;0;0;0;0;0;1;0;1;0;1;0;0;0;0;0;0;0;0;0;0;0;0;1;0;19;0;19;0;0;0;1;0;1;0;1;0;0;0;0;0;1;14;1;88888;0;0;1;208;1;192;0;0;1;1;1;1;0;1;1;3;1;1;26;1;7;1;4;0;0;0;0;0;0;0;0;0;0;0;0;1;1;1;1;0;0;1;49;1;1;0;0;0;0;0;0;0;0;0;1;0;1;1;0;1;1;1;0;0;1;0;0;0;0;0;0;0;;;;;0;;;;;;;1;1;0;0;0;1;0;0;0;1;1;1;0;1;1;1;0;0;0;1;0;0;1;1;1;0;1;0;0;0;0;0;0;1;1;1;0;0;0;1;1;0;762;0;0;0;0;0;0;0;0;0;0;0;0;0;0;0;65;0;0;0;0;0;0;65;65;0;0;0;0;0;0;0;0;0;762;762;51;646;0;0;0;0;0;0;0;0;0;0;7;7;0;471;291;230;386;16;126;3;1;0;0;0;0;112;650;449;313;0;0;0;0;0;0;0;0;744;18;0;0;0;0;23;0;0;0;0;0;0;1;23;23;0;0;0;7;7;0;46;0;0;0;0;0;0;2;46;46;0;0;0;7;7;0;29;17;0;0;0;0;0;0;0;0
2024;Sudeste;3;São Paulo;SP;35;Barretos;3505500;Ribeirão Preto;3508;Barretos;350032;Ribeirão Preto;2;Barretos;9;Barretos;350550005;SENAC BARRETOS;35148842;4;1;1;0;21;;;CENTRO;14780310;17;33123050;1;15000;15FEB2024:00:00:00;20DEC2024:00:00:00;;;;;0;;;;;;;;;;;;;;;;;;;;0;0;0;0;0;1;0;1E+14;1E+14;1;2;;;1;1;0;0;0;0;;1;0;0;1;1;0;0;0;0;0;1;0;0;0;1;0;0;0;0;1;0;0;0;0;0;0;0;1;0;0;0;0;1;0;1;0;0;0;0;0;0;0;0;0;0;0;0;0;0;0;0;0;0;0;0;0;0;0;0;0;0;0;0;0;1;0;0;0;0;1;1;1;1;1;1;1;1;0;0;17;0;17;0;0;1;1;0;1;1;1;0;1;2;0;0;1;5;1;4;0;0;1;74;1;57;1;1;1;1;1;1;1;9;9;3;1;1;4;1;7;1;2;0;0;0;0;0;0;0;0;0;0;0;0;1;1;1;1;0;0;1;88888;0;0;0;0;0;0;0;0;0;0;0;1;0;0;1;0;1;1;1;0;0;0;0;0;0;0;0;0;0;;;;;0;;;;;;;1;0;0;0;0;1;0;0;0;0;1;1;0;1;1;1;0;0;0;1;0;0;0;1;1;0;1;0;0;0;0;0;0;0;1;1;0;0;0;1;1;0;514;0;0;0;0;0;0;0;0;0;0;0;0;0;0;0;0;0;0;0;0;0;0;0;0;0;0;0;0;0;0;0;0;0;514;514;35;479;0;0;0;0;0;0;0;0;0;0;7;7;0;373;141;192;177;26;116;3;0;0;0;0;0;14;500;233;281;0;0;0;0;0;0;0;0;506;8;0;0;0;0;22;0;0;0;0;0;0;0;22;22;0;0;0;4;4;0;31;0;0;0;0;0;0;0;31;31;0;0;0;5;5;0;16;15;0;0;0;0;0;0;0;0
2024;Sudeste;3;São Paulo;SP;35;Bauru;3506003;Bauru;3503;Bauru;350009;Bauru;4;Bauru;20;Bauru;350600305;SENAC BAURU;35148885;4;1;1;0;ENGENHEIRO SAINT MARTIN;1017;;CENTRO;17010150;14;32270702;1;15000;15FEB2024:00:00:00;20DEC2024:00:00:00;;;;;0;;;;;;;;;;;;;;;;;;;;1;0;0;0;0;0;0;1E+14;1E+14;1;2;;;1;1;0;0;0;0;;0;0;0;1;1;0;0;0;0;0;1;0;0;0;1;0;0;0;0;1;0;0;0;0;0;0;0;1;1;0;0;1;1;0;1;1;1;1;1;1;1;0;0;0;0;0;0;0;0;0;0;0;0;0;0;0;0;0;0;0;1;0;1;0;1;0;0;0;0;0;1;1;0;0;0;0;0;0;0;27;13;40;0;0;0;1;0;1;1;0;0;0;0;1;1;1;10;1;7;0;0;1;280;1;213;1;3;1;1;1;1;0;1;1;3;1;1;30;1;18;1;4;0;0;1;4;0;0;0;0;0;0;0;0;0;0;1;1;1;8;0;0;1;1;0;0;0;0;0;0;0;0;0;0;0;0;0;0;1;0;0;0;0;0;0;0;0;0;0;0;0;;;;;0;;;;;;;1;0;0;0;0;1;0;0;0;0;1;1;0;1;1;1;0;0;0;1;0;0;1;1;1;0;1;0;0;0;0;0;0;1;1;1;0;0;0;1;1;0;1042;0;0;0;0;0;0;0;0;0;0;0;0;0;0;0;199;0;0;0;0;0;0;199;70;63;66;0;0;0;0;0;0;0;1042;1042;36;807;0;0;0;0;0;0;0;0;0;0;7;7;0;694;348;325;564;22;127;3;1;0;0;0;4;219;819;498;544;0;0;0;0;0;0;0;0;1014;28;0;0;0;0;27;0;0;0;0;0;0;5;27;27;0;0;0;6;6;0;55;0;0;0;0;0;0;6;55;55;0;0;0;6;6;0;26;29;0;0;0;0;0;0;0;0
2024;Sudeste;3;São Paulo;SP;35;Bebedouro;3506102;Ribeirão Preto;3508;Barretos;350032;Ribeirão Preto;2;Jaboticabal;13;Bebedouro;350610205;SENAC BEBEDOURO;35149056;4;1;1;0;ABILIO MANOEL;14;;CENTRO;14700349;17;33446500;1;15000;15FEB2024:00:00:00;20DEC2024:00:00:00;;;;;0;;;;;;;;;;;;;;;;;;;;0;0;0;0;0;1;0;1E+14;1E+14;1;2;;;1;3;0;0;0;0;;0;0;0;1;1;0;0;0;0;0;1;0;0;0;1;0;0;0;0;1;0;0;0;0;1;0;0;0;0;0;0;1;1;0;1;1;0;1;1;1;1;0;0;0;1;0;0;0;0;0;0;0;0;0;0;0;0;0;0;0;1;1;1;0;1;0;0;0;0;0;1;1;0;1;0;0;0;0;0;13;0;13;0;0;0;1;0;1;1;1;0;0;0;0;0;1;12;0;0;0;0;1;146;1;82;0;0;1;1;1;1;0;1;1;3;1;1;22;1;9;1;4;0;0;0;0;0;0;0;0;0;0;0;0;1;1;1;1;1;8;1;88888;1;1;0;0;0;0;0;0;0;0;0;1;0;0;0;0;1;1;1;0;0;0;0;0;0;0;1;0;0;;;;;0;;;;;;;1;0;0;0;0;1;0;0;0;0;1;0;0;0;1;1;0;0;0;1;0;0;0;1;1;0;1;0;0;0;0;0;0;0;1;1;0;0;0;1;1;0;571;0;0;0;0;0;0;0;0;0;0;0;0;0;0;0;0;0;0;0;0;0;0;0;0;0;0;0;0;0;0;0;0;0;571;571;50;521;0;0;0;0;0;0;0;0;0;0;4;4;0;404;167;135;283;10;141;1;1;0;0;0;0;21;550;202;369;0;0;0;0;0;0;0;0;556;15;0;0;0;0;31;0;0;0;0;0;0;0;31;31;0;0;0;3;3;0;36;0;0;0;0;0;0;0;36;36;0;0;0;3;3;0;17;19;0;0;0;0;0;0;0;0
2024;Sudeste;3;São Paulo;SP;35;Bertioga;3506359;São Paulo;3501;Santos;350002;Metropolitana de São Paulo;15;Santos;63;Bertioga;350635905;SENAC BERTIOGA;35463656;4;1;1;0;PASTOR DJALMA DA SILVA COIMBRA;;;RIO DA PRAIA;11256085;13;33199260;1;15000;15FEB2024:00:00:00;20DEC2024:00:00:00;;;;;0;;;;;;;;;;;;;;;;;;;;0;0;0;0;0;1;0;1E+14;1E+14;1;2;;;1;3;0;0;0;0;;0;0;0;1;1;0;0;0;0;0;1;0;0;0;1;0;0;0;0;1;0;0;0;0;1;1;1;0;1;0;0;0;1;0;1;0;0;1;1;0;0;0;0;0;1;0;0;0;0;0;0;0;0;0;0;0;0;0;0;0;0;0;1;0;1;0;0;0;0;0;0;0;0;0;0;0;0;1;0;6;0;6;0;0;0;1;0;1;1;1;0;0;0;1;1;1;1;1;6;0;0;1;33;1;24;0;0;1;1;1;1;1;1;1;2;1;1;6;1;2;1;2;0;0;0;0;0;0;0;0;0;0;0;0;1;1;1;1;0;0;1;1;0;0;0;0;0;0;0;0;0;0;0;1;0;0;1;0;1;1;1;1;0;1;0;0;0;0;1;0;0;;;;;0;;;;;;;1;1;1;0;0;1;0;0;0;1;1;1;1;0;1;1;0;0;0;1;0;0;0;1;1;0;1;0;0;0;0;0;0;0;1;1;0;0;0;1;1;0;118;0;0;0;0;0;0;0;0;0;0;0;0;0;0;0;0;0;0;0;0;0;0;0;0;0;0;0;0;0;0;0;0;0;118;118;25;93;0;0;0;0;0;0;0;0;0;0;3;3;0;64;54;43;46;5;24;0;0;0;0;0;0;21;97;59;59;0;0;0;0;0;0;0;0;115;3;0;0;0;0;8;0;0;0;0;0;0;0;8;8;0;0;0;2;2;0;9;0;0;0;0;0;0;0;9;9;0;0;0;2;2;0;3;6;0;0;0;0;0;0;0;0
2024;Sudeste;3;São Paulo;SP;35;Botucatu;3507506;Bauru;3503;Botucatu;350011;Bauru;4;Botucatu;23;Botucatu;350750605;SENAC BOTUCATU;35148787;4;1;1;0;DOUTOR RAFAEL SAMPAIO;85;RUA;CENTRO;18600230;14;31121150;1;15000;15FEB2024:00:00:00;20DEC2024:00:00:00;;;;;0;;;;;;;;;;;;;;;;;;;;0;0;0;0;0;1;0;3,70981E+12;3,70981E+12;1;2;;;1;1;0;0;0;0;;0;0;0;1;1;0;0;0;0;0;1;0;0;0;1;0;0;0;0;1;0;0;0;0;1;0;1;0;1;1;0;1;1;0;1;0;0;1;1;0;0;0;0;0;1;1;1;1;0;0;1;0;1;1;0;0;0;0;0;0;1;0;1;0;1;0;0;0;0;1;1;1;1;1;1;1;1;0;0;11;0;11;11;11;0;1;1;1;1;1;0;1;1;1;2;1;1;1;11;1;13;1;142;1;57;1;3;1;1;1;1;1;1;1;3;1;1;22;1;7;1;4;1;88888;1;2;0;0;0;0;0;0;0;0;1;1;1;1;1;4;0;0;1;9;0;0;0;0;0;0;0;0;0;0;0;1;1;0;1;1;0;0;0;0;0;0;0;0;0;0;0;;;;;0;;;;;;;1;1;0;0;0;1;0;1;0;0;1;0;0;0;1;1;0;0;0;1;0;0;0;1;1;0;1;0;0;0;0;0;0;0;1;1;0;0;0;1;1;0;307;0;0;0;0;0;0;0;0;0;0;0;0;0;0;0;0;0;0;0;0;0;0;0;0;0;0;0;0;0;0;0;0;0;307;307;26;281;0;0;0;0;0;0;0;0;0;0;4;4;0;225;82;106;155;8;37;1;0;0;0;0;0;11;296;145;162;0;0;0;0;0;0;0;0;299;8;0;0;0;0;18;0;0;0;0;0;0;0;18;18;0;0;0;4;4;0;19;0;0;0;0;0;0;0;19;19;0;0;0;4;4;0;9;10;0;0;0;0;0;0;0;0
2024;Sudeste;3;São Paulo;SP;35;Campinas;3509502;Campinas;3510;Campinas;350038;Campinas;7;Campinas;32;Campinas;350950205;SENAC CAMPINAS;35148805;4;1;1;0;SACRAMENTO;490;RUA;CENTRO;13010210;19;21170611;1;15000;15FEB2024:00:00:00;20DEC2024:00:00:00;;;;;0;;;;;;;;;;;;;;;;;;;;0;0;0;0;0;1;0;1E+14;1E+14;1;2;;;1;1;0;0;0;0;;0;0;0;1;1;0;0;0;0;0;1;0;0;0;1;0;0;0;0;1;0;0;0;0;1;0;0;0;1;0;0;1;1;0;1;0;1;1;1;0;0;0;0;0;0;0;0;0;0;0;0;0;0;0;0;0;0;0;0;0;1;0;1;0;1;0;0;0;0;1;1;1;1;1;0;1;1;0;0;61;0;61;0;0;0;1;0;1;1;0;0;0;0;0;0;1;5;0;0;0;0;1;330;0;0;0;0;1;1;1;1;0;9;9;0;1;1;84;1;17;1;7;0;0;1;10;0;0;0;0;0;0;0;0;1;2;1;1;0;0;1;7;1;2;0;0;0;0;0;0;0;0;0;1;0;0;1;0;1;1;1;1;0;1;1;0;0;0;0;0;0;;;;;0;;;;;;;1;1;0;0;0;0;0;0;1;0;1;1;0;1;1;1;0;0;0;1;0;0;1;1;1;0;1;0;0;0;0;0;0;1;1;1;0;0;0;1;1;0;2179;0;0;0;0;0;0;0;0;0;0;0;0;0;0;0;413;0;0;0;0;0;0;413;118;152;143;0;0;0;0;0;0;0;2179;2179;91;1675;0;0;0;0;0;0;0;0;0;0;22;22;0;1337;842;861;947;70;291;6;4;0;0;0;5;443;1731;1417;762;0;0;0;0;0;0;0;0;2145;34;0;0;0;0;38;0;0;0;0;0;0;3;38;38;0;0;0;15;15;0;101;0;0;0;0;0;0;12;101;101;0;0;0;19;19;0;66;35;0;0;0;0;0;0;0;0
2024;Sudeste;3;São Paulo;SP;35;Campos do Jordão;3509700;São José dos Campos;3511;Taubaté - Pindamonhangaba;350050;Vale do Paraíba Paulista;13;Campos do Jordão;49;Campos do Jordão;350970005;SENAC HOTEL ESCOLA GRANDE HOTEL CAMPOS DO JORDAO;35149019;4;1;1;0;AV FREI ORESTES GIRARDI;3549;AVENIDA;CAPIVARI;12475020;12;36683001;1;15000;15FEB2024:00:00:00;20DEC2024:00:00:00;;;;;0;;;;;;;;;;;;;;;;;;;;0;0;0;0;0;1;0;3,70981E+12;3,70981E+12;1;2;;;1;1;0;0;0;0;;0;0;0;1;1;0;0;0;0;0;1;0;0;0;1;0;0;0;0;1;0;0;0;0;1;0;1;0;1;1;1;0;1;0;1;1;1;1;1;0;0;1;0;0;1;1;0;0;0;0;0;0;0;0;0;0;0;0;0;0;1;0;1;0;1;0;0;0;0;1;0;1;1;1;0;1;1;0;0;12;0;12;12;8;1;1;0;1;1;0;0;0;0;1;1;1;6;1;2;1;12;1;57;1;43;1;29;1;1;1;1;0;1;1;3;1;1;88888;1;8;1;3;0;0;1;4;0;0;1;1;0;0;1;88888;1;1;1;1;1;4;0;0;1;1;0;0;0;0;0;0;0;0;0;1;0;0;1;0;1;1;1;1;0;0;0;0;0;0;0;0;0;;;;;0;;;;;;;0;0;0;0;0;0;0;0;1;0;1;1;0;1;1;1;0;0;0;1;0;0;0;1;1;0;1;0;0;0;0;0;0;0;1;1;0;0;0;1;1;0;115;0;0;0;0;0;0;0;0;0;0;0;0;0;0;0;0;0;0;0;0;0;0;0;0;0;0;0;0;0;0;0;0;0;115;115;1;114;0;0;0;0;0;0;0;0;0;0;3;3;0;73;42;31;68;1;13;1;1;0;0;0;0;1;114;22;93;0;0;0;0;0;0;0;0;110;5;0;0;0;0;5;0;0;0;0;0;0;0;5;5;0;0;0;3;3;0;7;0;0;0;0;0;0;0;7;7;0;0;0;3;3;0;2;5;0;0;0;0;0;0;0;0
2024;Sudeste;3;São Paulo;SP;35;Catanduva;3511102;São José do Rio Preto;3507;Catanduva;350026;São José do Rio Preto;1;Catanduva;5;Catanduva;351110205;SENAC CATANDUVA;35148891;4;1;1;0;SANTOS;300;RUA;VILA RODRIGUES;15801350;17;33114650;1;15000;15FEB2024:00:00:00;20DEC2024:00:00:00;;;;;0;;;;;;;;;;;;;;;;;;;;0;0;0;0;0;1;0;3,70981E+12;3,70981E+12;1;2;;;1;1;0;0;0;0;;0;0;0;1;1;1;0;0;0;0;1;0;0;0;1;0;0;0;0;1;0;0;0;0;1;0;0;0;1;1;0;1;1;0;1;1;1;1;1;1;0;0;0;0;1;0;0;0;0;0;1;0;1;0;0;0;0;0;0;0;1;0;1;0;1;0;0;0;0;1;0;1;1;1;1;1;1;0;0;13;0;13;13;0;1;1;0;1;1;1;0;1;1;0;0;1;5;1;12;0;0;1;142;1;47;1;7;1;1;1;1;1;1;1;3;1;1;29;1;8;1;1;0;0;0;0;0;0;0;0;0;0;0;0;1;1;1;1;0;0;1;3;1;1;0;0;0;0;0;0;0;0;0;1;0;1;1;0;1;1;1;0;0;0;0;0;0;0;0;0;0;;;;;0;;;;;;;1;1;1;0;0;1;0;1;0;0;1;1;0;1;1;1;0;0;0;1;0;0;0;1;1;0;1;0;0;0;0;0;0;0;1;1;0;0;0;1;1;0;423;0;0;0;0;0;0;0;0;0;0;0;0;0;0;0;0;0;0;0;0;0;0;0;0;0;0;0;0;0;0;0;0;0;423;423;31;392;0;0;0;0;0;0;0;0;0;0;9;9;0;286;137;92;244;11;74;0;2;0;0;0;0;33;390;211;212;0;0;0;0;0;0;0;0;410;13;0;0;0;0;30;0;0;0;0;0;0;0;30;30;0;0;0;15;15;0;26;0;0;0;0;0;0;0;26;26;0;0;0;7;7;0;16;10;0;0;0;0;0;0;0;0
2024;Sudeste;3;São Paulo;SP;35;Franca;3516200;Ribeirão Preto;3508;Franca;350033;Ribeirão Preto;2;Franca;12;Franca;351620005;SENAC FRANCA;35148854;4;1;1;0;ALFREDO LOPES PINTO;1345;RUA;VILA TEIXEIRA;14401186;16;34024100;1;15000;15FEB2024:00:00:00;20DEC2024:00:00:00;;;;;0;;;;;;;;;;;;;;;;;;;;0;0;0;0;0;1;0;3,70981E+12;3,70981E+12;1;2;;;1;1;0;0;0;0;;0;0;0;1;1;0;0;0;0;0;1;0;0;0;1;0;0;0;0;1;0;0;0;0;1;0;0;0;1;0;0;1;1;0;1;0;1;0;1;1;0;0;0;0;1;0;1;1;0;0;0;0;0;0;0;0;0;0;0;0;1;1;1;0;1;0;0;0;0;0;0;0;0;0;0;0;0;1;0;22;0;22;0;0;0;1;0;1;1;1;0;0;0;1;1;1;1;1;21;0;0;1;195;1;78;1;3;1;1;1;1;1;1;0;1;1;1;30;1;10;1;5;0;0;0;0;0;0;0;0;0;0;0;0;0;0;1;1;0;0;0;0;0;0;0;0;0;0;0;0;0;0;0;1;0;0;1;1;1;1;1;1;0;0;0;0;0;0;0;0;0;;;;;0;;;;;;;1;0;1;0;0;1;0;0;0;0;1;1;0;1;1;1;0;0;0;1;0;0;0;1;1;0;1;0;0;0;0;0;0;0;1;1;0;0;0;1;1;0;502;0;0;0;0;0;0;0;0;0;0;0;0;0;0;0;0;0;0;0;0;0;0;0;0;0;0;0;0;0;0;0;0;0;502;502;28;474;0;0;0;0;0;0;0;0;0;0;3;3;0;330;172;106;271;19;101;4;1;0;0;0;0;22;480;236;266;0;0;0;0;0;0;0;0;495;7;0;0;0;0;48;0;0;0;0;0;0;0;48;48;0;0;0;8;8;0;28;0;0;0;0;0;0;0;28;28;0;0;0;2;2;0;13;15;0;0;0;0;0;0;0;0
2024;Sudeste;3;São Paulo;SP;35;Guaratinguetá;3518404;São José dos Campos;3511;Guaratinguetá;350052;Vale do Paraíba Paulista;13;Guaratinguetá;51;Guaratinguetá;351840405;SENAC GUARATINGUETA;35148763;4;1;1;0;DOUTOR JOAO BAPTISTA RANGEL CAMARGO;50;AVENIDA;CENTRO;12500100;12;21316300;1;15000;15FEB2024:00:00:00;20DEC2024:00:00:00;;;;;0;;;;;;;;;;;;;;;;;;;;0;0;0;0;0;1;0;1E+14;1E+14;1;2;;;1;1;0;0;0;0;;0;0;0;1;1;1;0;0;0;0;1;0;0;0;1;0;0;0;0;1;0;0;0;0;1;0;0;0;1;0;0;1;1;0;0;0;1;1;1;0;0;0;0;0;1;0;0;0;0;0;1;0;1;0;0;0;0;0;0;0;1;0;0;0;1;0;0;0;0;0;0;0;0;0;0;0;0;1;0;30;0;30;0;0;1;1;1;1;0;0;0;0;0;1;1;1;2;0;0;0;0;1;127;0;0;0;0;1;1;1;1;1;1;0;2;1;1;33;1;16;1;3;0;0;1;4;0;0;0;0;0;0;0;0;1;1;1;1;0;0;1;60;1;1;0;0;0;0;0;0;0;0;0;1;0;0;1;0;1;1;0;0;0;0;1;0;0;0;0;0;0;;;;;0;;;;;;;0;0;0;0;0;1;0;0;0;0;1;1;0;1;1;1;0;0;0;1;0;0;0;1;1;0;1;0;0;0;0;0;0;0;1;1;0;0;0;1;1;0;1099;0;0;0;0;0;0;0;0;0;0;0;0;0;0;0;0;0;0;0;0;0;0;0;0;0;0;0;0;0;0;0;0;0;1099;1099;105;994;0;0;0;0;0;0;0;0;0;0;11;11;0;748;351;379;557;18;144;1;0;0;0;0;0;82;1017;610;489;0;0;0;0;0;0;0;0;1032;67;0;0;0;0;20;0;0;0;0;0;0;0;20;20;0;0;0;9;9;0;56;0;0;0;0;0;0;0;56;56;0;0;0;10;10;0;33;23;0;0;0;0;0;0;0;0
2024;Sudeste;3;São Paulo;SP;35;Guarulhos;3518800;São Paulo;3501;São Paulo;350001;Metropolitana de São Paulo;15;Guarulhos;59;Guarulhos;351880005;SENAC GUARULHOS FACCINI;35008640;4;1;1;0;LUIZ FACCINI;132;;CENTRO;7110000;;;1;15000;15FEB2024:00:00:00;20DEC2024:00:00:00;;;;;0;;;;;;;;;;;;;;;;;;;;0;0;0;0;0;1;0;1E+14;1E+14;1;2;;;1;1;0;0;0;0;;0;0;0;1;1;0;0;0;0;0;1;0;0;0;1;0;0;0;0;1;0;0;0;0;1;0;1;0;0;0;0;0;0;0;0;0;0;0;0;0;0;0;0;0;1;0;0;0;0;0;0;0;0;0;0;0;0;0;0;0;0;0;0;0;0;0;0;0;0;1;1;1;0;1;0;0;0;0;0;10;0;10;0;0;0;1;0;1;0;1;0;0;0;0;0;1;3;0;0;1;88888;0;0;0;0;0;0;1;1;1;1;0;9;9;1;1;1;25;1;13;1;3;0;0;1;3;0;0;0;0;0;0;0;0;1;1;1;1;0;0;0;0;1;1;0;0;0;0;0;0;0;0;0;1;0;1;1;0;1;1;1;0;0;1;0;0;0;0;0;0;0;;;;;0;;;;;;;1;0;0;0;0;0;0;0;1;0;1;1;0;1;1;1;0;0;0;1;0;0;1;1;1;0;1;0;0;0;0;0;0;1;1;1;0;0;0;1;1;0;465;0;0;0;0;0;0;0;0;0;0;0;0;0;0;0;74;0;0;0;0;0;0;74;74;0;0;0;0;0;0;0;0;0;465;465;47;344;0;0;0;0;0;0;0;0;0;0;5;5;0;245;220;181;164;9;108;3;0;0;0;0;5;114;346;228;237;0;0;0;0;0;0;0;0;460;5;0;0;0;0;30;0;0;0;0;0;0;13;30;30;0;0;0;17;17;0;22;0;0;0;0;0;0;2;22;22;0;0;0;4;4;0;10;12;0;0;0;0;0;0;0;0
2024;Sudeste;3;São Paulo;SP;35;Guarulhos;3518800;São Paulo;3501;São Paulo;350001;Metropolitana de São Paulo;15;Guarulhos;59;Guarulhos;351880005;SENAC GUARULHOS CELESTINO;35148726;4;1;1;0;PADRE CELESTINO;108;RUA;CENTRO;7013100;;;1;15000;15FEB2024:00:00:00;20DEC2024:00:00:00;;;;;0;;;;;;;;;;;;;;;;;;;;1;0;0;0;0;0;0;1E+14;1E+14;1;2;;;1;1;0;0;0;0;;0;0;0;1;1;0;0;0;0;0;1;0;0;0;1;0;0;0;0;1;0;0;0;0;1;1;1;0;1;0;0;0;1;0;0;0;1;1;1;0;0;0;0;0;1;0;0;1;0;0;0;0;0;0;0;0;0;0;0;0;1;0;1;0;1;0;0;0;0;0;0;0;0;0;0;0;0;1;0;10;13;23;0;0;0;1;1;1;1;0;0;0;0;1;3;1;6;0;0;0;0;1;130;1;93;1;5;1;1;1;1;0;9;9;1;1;1;40;1;15;1;2;0;0;1;1;0;0;0;0;0;0;0;0;1;1;1;1;0;0;0;0;1;1;0;0;0;0;0;0;0;0;0;1;0;1;1;0;1;1;0;0;0;1;0;0;0;0;0;0;0;;;;;0;;;;;;;1;0;0;0;0;0;0;0;1;0;1;1;0;1;1;1;0;0;0;1;0;0;0;1;1;0;1;0;0;0;0;0;0;0;1;1;0;0;0;1;1;0;340;0;0;0;0;0;0;0;0;0;0;0;0;0;0;0;0;0;0;0;0;0;0;0;0;0;0;0;0;0;0;0;0;0;340;340;54;286;0;0;0;0;0;0;0;0;0;0;2;2;0;226;114;113;118;13;95;1;0;0;0;0;0;53;287;166;174;0;0;0;0;0;0;0;0;339;1;0;0;0;0;15;0;0;0;0;0;0;0;15;15;0;0;0;2;2;0;19;0;0;0;0;0;0;0;19;19;0;0;0;2;2;0;10;9;0;0;0;0;0;0;0;0
2024;Sudeste;3;São Paulo;SP;35;Itapetininga;3522307;Sorocaba;3502;Itapetininga;350006;Itapetininga;11;Itapetininga;42;Itapetininga;352230705;SENAC ITAPETININGA;35149020;4;1;1;0;DOM JOAQUIM;495;RUA;CENTRO;18200090;15;35111200;1;15000;15FEB2024:00:00:00;20DEC2024:00:00:00;;;;;0;;;;;;;;;;;;;;;;;;;;0;0;0;0;0;1;0;1E+14;1E+14;1;2;;;1;1;0;0;0;0;;0;0;0;1;1;0;0;0;0;0;1;0;0;0;1;0;0;0;0;1;0;0;0;0;1;0;1;0;0;0;0;0;1;0;1;0;0;0;0;1;1;0;0;0;0;0;0;0;0;0;0;0;0;0;0;0;0;0;0;0;1;0;1;0;1;0;0;0;0;0;0;0;0;0;0;0;0;1;0;15;5;20;0;0;0;1;0;1;1;1;0;0;0;1;2;0;0;1;3;1;12;1;106;0;0;0;0;1;1;1;1;1;1;0;0;1;1;14;1;5;1;2;0;0;1;2;0;0;0;0;0;0;0;0;1;1;1;1;1;4;1;27;1;1;0;0;0;0;0;0;0;0;0;1;0;0;1;0;1;1;0;0;0;0;0;0;0;0;0;0;0;;;;;0;;;;;;;1;0;0;0;0;1;0;0;0;0;1;1;0;1;1;1;0;0;0;1;0;0;0;1;1;0;1;0;0;0;0;0;0;0;1;1;0;0;0;1;1;0;690;0;0;0;0;0;0;0;0;0;0;0;0;0;0;0;0;0;0;0;0;0;0;0;0;0;0;0;0;0;0;0;0;0;690;690;59;631;0;0;0;0;0;0;0;0;0;0;10;10;0;503;187;174;412;6;96;1;1;0;0;0;0;57;633;391;299;0;0;0;0;0;0;0;0;611;79;0;0;0;0;39;0;0;0;0;0;0;0;39;39;0;0;0;12;12;0;36;0;0;0;0;0;0;0;36;36;0;0;0;10;10;0;21;15;0;0;0;0;0;0;0;0
2024;Sudeste;3;São Paulo;SP;35;Itapira;3522604;Campinas;3510;Mogi Guaçu;350043;Campinas;7;Mogi Mirim;31;Itapira;352260405;SENAC ITAPIRA;35148817;4;1;1;0;BERNARDINO DE CAMPOS;150;PRACA;CENTRO;13970005;19;38138216;1;15000;15FEB2024:00:00:00;20DEC2024:00:00:00;;;;;0;;;;;;;;;;;;;;;;;;;;0;0;0;0;0;1;0;1E+14;1E+14;1;2;;;1;3;0;0;0;0;;0;0;0;1;1;0;0;0;0;0;1;0;0;0;1;0;0;0;0;1;0;0;0;0;1;0;1;0;0;0;0;0;1;0;1;0;1;1;1;0;0;0;0;0;0;0;0;1;0;0;0;0;0;0;0;0;0;0;0;0;1;0;1;0;1;0;0;0;0;1;1;1;1;1;1;1;1;0;0;11;0;11;0;0;0;1;0;0;1;1;0;0;0;1;3;1;2;1;12;0;0;1;175;0;0;0;0;1;1;1;1;1;1;1;3;1;1;19;1;4;1;4;0;0;1;3;0;0;0;0;0;0;0;0;1;1;1;1;1;4;0;0;0;0;0;0;0;0;0;0;0;0;0;0;0;0;1;0;1;0;0;0;0;0;0;0;0;0;0;0;0;;;;;0;;;;;;;1;0;0;0;0;0;0;0;1;0;1;1;0;1;1;1;0;0;0;1;0;0;0;1;1;0;1;0;0;0;0;0;0;0;1;1;0;0;0;1;1;0;166;0;0;0;0;0;0;0;0;0;0;0;0;0;0;0;0;0;0;0;0;0;0;0;0;0;0;0;0;0;0;0;0;0;166;166;26;140;0;0;0;0;0;0;0;0;0;0;2;2;0;96;70;46;96;3;20;0;1;0;0;0;0;19;147;67;99;0;0;0;0;0;0;0;0;152;14;0;0;0;0;11;0;0;0;0;0;0;0;11;11;0;0;0;1;1;0;11;0;0;0;0;0;0;0;11;11;0;0;0;1;1;0;5;6;0;0;0;0;0;0;0;0
2024;Sudeste;3;São Paulo;SP;35;Itu;3523909;Sorocaba;3502;Sorocaba;350003;Macro Metropolitana Paulista;12;Sorocaba;46;Itu;352390905;SENAC ITU;35287261;4;1;1;0;MAESTRO JOSE VICTORIO;137;RUA;CENTRO;13300075;11;40229800;1;15000;15FEB2024:00:00:00;20DEC2024:00:00:00;;;;;0;;;;;;;;;;;;;;;;;;;;0;0;0;0;0;1;0;1E+14;1E+14;1;2;;;1;3;0;0;0;0;;0;1;0;1;1;0;0;0;0;0;1;0;0;0;1;0;0;0;0;1;0;0;0;0;1;0;0;0;0;0;0;0;1;0;1;0;0;0;0;0;0;0;0;0;1;0;0;0;0;0;0;0;0;0;0;0;0;0;0;0;0;0;0;0;1;0;0;0;0;0;0;0;0;0;0;0;0;1;0;6;0;6;0;0;0;1;0;0;1;0;0;0;0;1;6;0;0;1;2;0;0;1;42;0;0;0;0;1;1;1;1;0;1;1;3;1;1;7;1;3;1;1;0;0;0;0;0;0;0;0;0;0;0;0;0;0;0;0;1;1;1;8;1;1;0;0;0;0;0;0;0;0;0;1;0;0;1;0;1;0;0;0;0;0;0;0;0;0;0;0;0;;;;;0;;;;;;;1;0;0;0;0;1;0;0;0;0;1;1;0;1;1;1;0;0;0;1;0;0;0;1;1;0;1;0;0;0;0;0;0;0;1;1;0;0;0;0;0;0;160;0;0;0;0;0;0;0;0;0;0;0;0;0;0;0;0;0;0;0;0;0;0;0;0;0;0;0;0;0;0;0;0;0;160;160;1;159;0;0;0;0;0;0;0;0;0;0;0;0;0;132;28;68;68;4;18;2;0;0;0;0;0;1;159;61;99;0;0;0;0;0;0;0;0;156;4;0;0;0;0;9;0;0;0;0;0;0;0;9;9;0;0;0;0;0;0;9;0;0;0;0;0;0;0;9;9;0;0;0;0;0;0;4;5;0;0;0;0;0;0;0;0
2024;Sudeste;3;São Paulo;SP;35;Jaboticabal;3524303;Ribeirão Preto;3508;Ribeirão Preto;350031;Ribeirão Preto;2;Jaboticabal;13;Jaboticabal;352430305;SENAC JABOTICABAL;35149159;4;1;1;0;24 DE MAIO;831;RUA;CENTRO;14870350;16;32092800;1;15000;15FEB2024:00:00:00;20DEC2024:00:00:00;;;;;0;;;;;;;;;;;;;;;;;;;;1;0;0;0;0;0;0;1E+14;1E+14;1;2;;;1;3;0;0;0;0;;0;0;0;1;1;0;0;0;0;0;1;0;0;0;1;0;0;0;0;1;0;0;0;0;0;0;0;1;0;0;0;1;1;0;1;0;1;1;1;1;1;0;0;0;0;0;0;0;0;0;0;0;0;0;0;0;0;0;0;0;1;0;1;0;1;0;0;0;0;0;1;1;0;1;0;0;0;0;0;15;0;15;0;0;1;1;0;1;1;1;0;1;1;1;1;1;3;1;10;0;0;1;94;1;68;1;4;1;1;1;1;0;9;9;3;1;1;18;1;5;1;3;0;0;0;0;0;0;0;0;0;0;0;0;1;1;1;1;1;4;1;88888;1;2;0;0;0;0;0;0;0;0;0;0;0;0;1;0;1;1;1;0;0;0;0;0;0;0;0;0;0;;;;;0;;;;;;;1;0;0;0;0;0;0;0;1;0;1;1;0;1;1;1;0;0;0;1;0;0;0;1;1;0;1;0;0;0;0;0;0;0;1;1;0;0;0;1;1;0;391;0;0;0;0;0;0;0;0;0;0;0;0;0;0;0;0;0;0;0;0;0;0;0;0;0;0;0;0;0;0;0;0;0;391;391;33;358;0;0;0;0;0;0;0;0;0;0;3;3;0;263;128;106;191;13;79;2;0;0;0;0;0;31;360;146;245;0;0;0;0;0;0;0;0;372;19;0;0;0;0;15;0;0;0;0;0;0;0;15;15;0;0;0;3;3;0;19;0;0;0;0;0;0;0;19;19;0;0;0;3;3;0;8;11;0;0;0;0;0;0;0;0
2024;Sudeste;3;São Paulo;SP;35;Jaú;3525300;Bauru;3503;Jaú;350010;Bauru;4;Jaú;21;Jaú;352530005;SENAC JAU;35149068;4;1;1;0;SAO SEBASTIAO;145;RUA;VILA ASSIS;17210060;14;21046400;1;15000;15FEB2024:00:00:00;20DEC2024:00:00:00;;;;;0;;;;;;;;;;;;;;;;;;;;0;0;0;0;0;1;0;3,70981E+12;3,70981E+12;1;2;;;1;1;0;0;0;0;;0;0;0;1;1;0;0;0;0;0;1;0;0;0;1;0;0;0;0;1;0;0;0;0;1;1;1;0;1;0;0;1;1;0;1;1;0;1;1;1;0;0;0;1;1;0;1;0;0;0;0;0;0;0;0;0;0;0;0;0;1;0;1;0;1;0;0;0;0;1;0;1;1;1;0;1;1;0;1;16;0;16;16;0;0;1;0;1;1;1;0;1;1;1;15;1;4;1;4;1;10;1;68;1;36;1;5;1;1;1;1;1;1;1;3;1;1;18;1;4;1;4;1;11;0;0;0;0;0;0;0;0;0;0;1;1;1;1;1;3;1;2;1;1;0;0;0;0;0;0;0;0;0;1;0;1;1;0;1;0;1;0;0;0;1;1;0;0;1;0;0;;;;;0;;;;;;;1;0;1;0;0;1;0;0;0;1;1;1;0;1;1;1;0;0;0;1;0;0;0;1;1;0;1;0;0;0;0;0;0;0;1;1;0;0;0;1;1;0;302;0;0;0;0;0;0;0;0;0;0;0;0;0;0;0;0;0;0;0;0;0;0;0;0;0;0;0;0;0;0;0;0;0;302;302;19;283;0;0;0;0;0;0;0;0;0;0;5;5;0;216;86;72;169;12;46;3;0;0;0;0;0;9;293;141;161;0;0;0;0;0;0;0;0;291;11;0;0;0;0;16;0;0;0;0;0;0;0;16;16;0;0;0;5;5;0;21;0;0;0;0;0;0;0;21;21;0;0;0;5;5;0;10;11;0;0;0;0;0;0;0;0
2024;Sudeste;3;São Paulo;SP;35;Jundiaí;3525904;Campinas;3510;Jundiaí;350039;Macro Metropolitana Paulista;12;Jundiaí;47;Jundiaí;352590405;SENAC JUNDIAI;35148957;4;1;1;0;VICENTE MAGAGLIO;50;RUA;JARDIM PAULISTA;13208283;11;33952300;1;15000;15FEB2024:00:00:00;20DEC2024:00:00:00;;;;;0;;;;;;;;;;;;;;;;;;;;0;0;0;0;0;1;0;3,70981E+12;3,70981E+12;1;2;;;1;1;0;0;0;0;;0;0;0;1;1;0;0;0;0;0;1;0;0;0;1;0;0;0;0;1;0;0;0;0;1;0;0;0;1;0;0;1;1;0;1;0;1;1;1;0;1;0;0;0;1;0;0;0;0;0;0;0;0;0;0;0;0;0;0;0;1;0;1;0;1;0;0;0;0;0;0;0;0;0;0;0;0;1;0;19;0;19;0;0;1;1;1;1;1;1;0;0;0;1;1;1;3;0;0;0;0;1;95;1;130;0;0;1;1;1;1;1;1;0;1;1;1;24;1;9;1;5;1;10;1;5;0;0;0;0;0;0;0;0;1;1;1;1;1;4;0;0;1;1;0;0;0;0;0;0;0;0;0;1;0;1;1;0;1;1;1;1;0;1;0;0;0;0;0;0;0;;;;;0;;;;;;;1;0;1;0;0;0;0;0;1;0;1;1;0;1;1;1;0;0;0;1;0;0;1;1;1;0;1;0;0;0;0;0;0;1;1;1;0;0;0;1;1;0;684;0;0;0;0;0;0;0;0;0;0;0;0;0;0;0;197;0;0;0;0;0;0;197;78;66;53;0;0;0;0;0;0;0;684;684;23;464;0;0;0;0;0;0;0;0;0;0;12;12;0;393;291;230;341;20;91;1;1;0;0;0;3;208;473;443;241;0;0;0;0;0;0;0;0;667;17;0;0;0;0;12;0;0;0;0;0;0;1;12;12;0;0;0;7;7;0;36;0;0;0;0;0;0;6;36;36;0;0;0;11;11;0;22;14;0;0;0;0;0;0;0;0
2024;Sudeste;3;São Paulo;SP;35;Limeira;3526902;Campinas;3510;Limeira;350042;Piracicaba;6;Limeira;27;Limeira;352690205;SENAC LIMEIRA;35149032;4;1;1;0;QUADROS SOBRINHO;1;RUA;CENTRO;13480223;19;21149199;1;15000;15FEB2024:00:00:00;20DEC2024:00:00:00;;;;;0;;;;;;;;;;;;;;;;;;;;0;0;0;0;0;1;0;3,70981E+12;3,70981E+12;1;2;;;1;1;0;0;0;0;;0;1;0;1;1;0;0;0;0;0;1;0;0;0;1;0;0;0;0;1;0;0;0;0;1;0;1;0;1;1;0;1;1;0;1;1;1;1;1;0;1;0;0;0;1;1;0;0;0;0;0;0;0;0;0;0;0;0;0;0;1;0;1;0;1;0;0;0;0;1;1;1;1;1;0;1;1;0;0;28;0;28;28;28;1;1;1;1;1;1;0;0;0;1;2;1;2;1;19;1;32;1;180;1;114;0;0;1;1;1;1;1;1;1;3;1;1;31;1;14;1;1;0;0;0;0;0;0;0;0;0;0;0;0;1;2;1;1;0;0;1;88888;1;1;0;0;0;0;0;0;0;0;0;1;0;0;1;1;1;1;1;0;0;1;0;0;0;0;0;0;0;;;;;1;0;1;0;0;0;0;1;1;1;0;0;1;0;1;0;0;0;9;9;9;9;9;9;0;0;1;0;0;1;1;1;0;1;0;0;0;0;0;0;1;1;1;0;0;0;1;1;0;712;0;0;0;0;0;0;0;0;0;0;0;0;0;0;0;65;0;0;0;0;0;0;65;65;0;0;0;0;0;0;0;0;0;712;712;43;604;0;0;0;0;0;0;0;0;0;0;11;11;0;485;227;209;350;21;129;1;2;0;0;0;1;106;605;295;417;0;0;0;0;0;0;0;0;691;21;0;0;0;0;42;0;0;0;0;0;0;14;42;42;0;0;0;24;24;0;34;0;0;0;0;0;0;2;34;34;0;0;0;10;10;0;16;18;0;0;0;0;0;0;0;0
2024;Sudeste;3;São Paulo;SP;35;Marília;3529005;Marília;3504;Marília;350013;Marília;9;Marília;38;Marília;352900505;SENAC MARILIA;35148933;4;1;1;0;PARAIBA;125;RUA;CENTRO;17509060;14;33117700;1;15000;15FEB2024:00:00:00;20DEC2024:00:00:00;;;;;0;;;;;;;;;;;;;;;;;;;;0;0;0;0;0;1;0;3,70981E+12;3,70981E+12;1;2;;;1;1;0;0;0;0;;0;0;0;1;1;0;0;0;0;0;1;0;0;0;1;0;0;0;0;1;0;0;0;0;1;0;1;0;0;0;0;1;1;0;1;0;1;1;1;0;1;0;0;0;0;0;1;0;0;0;1;1;0;0;0;0;0;0;0;0;1;0;1;0;0;0;0;0;0;1;1;1;0;0;0;0;0;0;0;22;0;22;0;0;1;1;1;1;1;1;0;0;0;0;0;1;6;1;16;0;0;1;149;1;79;1;18;1;1;1;1;0;1;0;3;1;1;27;1;9;1;3;0;0;0;0;0;0;0;0;0;0;0;0;1;1;1;1;1;6;1;88888;0;0;0;0;0;0;0;0;0;0;0;1;0;1;1;0;1;1;1;0;0;0;0;0;0;0;0;0;0;;;;;0;;;;;;;1;1;0;0;0;1;0;0;0;0;1;1;0;1;1;1;0;0;0;1;0;0;0;1;1;0;1;0;0;0;0;0;0;0;1;1;0;0;0;1;1;0;578;0;0;0;0;0;0;0;0;0;0;0;0;0;0;0;0;0;0;0;0;0;0;0;0;0;0;0;0;0;0;0;0;0;578;578;41;537;0;0;0;0;0;0;0;0;0;0;10;10;0;419;159;149;263;25;129;9;3;0;0;0;0;33;545;359;219;0;0;0;0;0;0;0;0;563;15;0;0;0;0;23;0;0;0;0;0;0;0;23;23;0;0;0;7;7;0;30;0;0;0;0;0;0;0;30;30;0;0;0;8;8;0;21;9;0;0;0;0;0;0;0;0
2024;Sudeste;3;São Paulo;SP;35;Mogi Guaçu;3530706;Campinas;3510;Mogi Guaçu;350043;Campinas;7;Mogi Mirim;31;Mogi Guaçu;353070605;SENAC MOGI GUACU;35149044;4;1;1;0;ADELINO DAMIAO;55;RUA;CENTRO;13840402;19;33117700;1;15000;15FEB2024:00:00:00;20DEC2024:00:00:00;;;;;0;;;;;;;;;;;;;;;;;;;;0;0;0;0;0;1;0;1E+14;1E+14;1;2;;;1;3;0;0;0;0;;0;0;0;1;1;0;0;0;0;0;1;0;0;0;1;0;0;0;0;1;0;0;0;0;1;0;1;0;0;1;0;1;1;0;1;1;1;1;1;1;1;0;0;0;1;1;0;1;0;0;0;0;0;0;1;0;0;1;0;0;1;0;1;0;1;0;0;0;0;1;1;1;1;1;1;1;1;0;1;22;0;22;22;22;0;1;1;1;1;1;0;0;0;0;0;1;6;1;22;1;22;1;153;1;100;1;9;1;1;1;1;1;1;1;3;1;1;40;1;20;1;5;0;0;0;0;0;0;0;0;0;0;0;0;1;2;1;1;1;8;1;88888;1;1;0;0;0;0;0;0;0;0;0;1;0;0;1;0;1;1;1;1;0;0;0;0;1;0;0;0;0;;;;;0;;;;;;;1;1;1;0;0;1;0;0;0;0;1;1;0;1;1;1;0;0;0;1;0;0;0;1;1;0;1;0;0;0;0;0;0;0;1;1;0;0;0;1;1;0;613;0;0;0;0;0;0;0;0;0;0;0;0;0;0;0;0;0;0;0;0;0;0;0;0;0;0;0;0;0;0;0;0;0;613;613;36;577;0;0;0;0;0;0;0;0;0;0;6;6;0;464;149;163;361;9;75;5;0;0;0;0;0;31;582;360;253;0;0;0;0;0;0;0;0;598;15;0;0;0;0;29;0;0;0;0;0;0;0;29;29;0;0;0;5;5;0;36;0;0;0;0;0;0;0;36;36;0;0;0;6;6;0;23;13;0;0;0;0;0;0;0;0
2024;Sudeste;3;São Paulo;SP;35;Osasco;3534401;São Paulo;3501;São Paulo;350001;Metropolitana de São Paulo;15;Osasco;57;Osasco;353440105;SENAC OSASCO;35148748;4;1;1;0;DANTE BATTISTON;248;RUA;CENTRO;6013030;11;21649877;1;15000;15FEB2024:00:00:00;20DEC2024:00:00:00;;;;;0;;;;;;;;;;;;;;;;;;;;0;0;0;0;0;1;0;1E+14;1E+14;1;2;;;1;1;0;0;0;0;;1;0;0;1;1;0;0;0;0;0;1;0;0;0;1;0;0;0;0;1;0;0;0;0;1;0;1;0;1;0;0;1;1;0;0;0;0;1;1;1;0;0;0;0;1;0;0;0;0;0;0;0;0;0;0;0;0;0;0;0;1;0;1;0;1;0;0;0;0;0;0;0;0;0;0;0;0;1;0;13;0;13;0;0;0;1;1;1;1;1;0;0;0;1;3;1;5;1;2;0;0;1;106;1;30;1;5;1;1;1;1;0;9;9;3;1;1;5;1;10;1;4;1;14;1;6;0;0;0;0;0;0;1;12;1;1;1;1;1;2;1;88888;0;0;0;0;0;0;0;0;0;0;0;1;0;0;1;0;1;1;0;0;0;0;1;0;0;0;0;0;0;;;;;0;;;;;;;1;1;0;0;0;1;0;0;0;1;1;1;1;0;1;1;0;0;0;1;0;0;0;1;1;0;1;0;0;0;0;0;0;0;1;1;0;0;0;1;1;0;524;0;0;0;0;0;0;0;0;0;0;0;0;0;0;0;0;0;0;0;0;0;0;0;0;0;0;0;0;0;0;0;0;0;524;524;48;476;0;0;0;0;0;0;0;0;0;0;4;4;0;387;137;289;131;11;90;2;1;0;0;0;0;31;493;301;223;0;0;0;0;0;0;0;0;523;1;0;0;0;0;27;0;0;0;0;0;0;0;27;27;0;0;0;4;4;0;33;0;0;0;0;0;0;0;33;33;0;0;0;4;4;0;20;13;0;0;0;0;0;0;0;0
2024;Sudeste;3;São Paulo;SP;35;Ourinhos;3534708;Marília;3504;Ourinhos;350015;Assis;10;Ourinhos;40;Ourinhos;353470805;SENAC OURINHOS;35007931;4;1;1;0;DUQUE DE CAXIAS;679;;VILA RECREIO;19911621;14;32362000;1;15000;15FEB2024:00:00:00;20DEC2024:00:00:00;;;;;0;;;;;;;;;;;;;;;;;;;;1;0;0;0;0;0;0;1E+14;1E+14;1;2;;;1;1;0;0;0;0;;0;0;0;1;1;0;0;0;0;0;1;0;0;0;1;0;0;0;0;1;0;0;0;0;1;0;0;0;0;0;0;0;0;0;0;0;0;0;0;0;0;0;0;0;1;0;0;0;0;0;0;0;0;0;0;0;0;0;0;0;0;0;0;0;0;0;0;0;0;1;1;1;0;1;0;1;1;0;0;11;0;11;0;0;0;1;0;1;1;1;0;0;0;0;0;1;88888;0;0;0;0;1;122;1;88;0;0;1;1;1;1;1;0;1;3;1;1;3;1;11;1;4;0;0;1;2;0;0;0;0;0;0;1;3;1;1;1;1;1;7;1;14;1;1;0;0;0;0;0;0;0;0;0;1;0;0;1;0;1;0;1;0;0;0;0;0;0;0;0;0;0;;;;;0;;;;;;;1;1;1;0;0;1;0;0;0;0;0;9;9;9;9;9;9;0;0;1;0;0;0;1;1;0;1;0;0;0;0;0;0;0;1;1;0;0;0;1;1;0;452;0;0;0;0;0;0;0;0;0;0;0;0;0;0;0;0;0;0;0;0;0;0;0;0;0;0;0;0;0;0;0;0;0;452;452;9;443;0;0;0;0;0;0;0;0;0;0;5;5;0;348;104;202;161;13;75;1;0;0;0;0;0;10;442;201;251;0;0;0;0;0;0;0;0;437;15;0;0;0;0;23;0;0;0;0;0;0;0;23;23;0;0;0;6;6;0;28;0;0;0;0;0;0;0;28;28;0;0;0;5;5;0;16;12;0;0;0;0;0;0;0;0
2024;Sudeste;3;São Paulo;SP;35;Pindamonhangaba;3538006;São José dos Campos;3511;Taubaté - Pindamonhangaba;350050;Vale do Paraíba Paulista;13;São José dos Campos;50;Pindamonhangaba;353800605;SENAC PINDAMONHANGABA;35004681;4;1;1;0;SUICA;1257;;SANTANA;12403610;12;32362044;1;15000;15FEB2024:00:00:00;20DEC2024:00:00:00;;;;;0;;;;;;;;;;;;;;;;;;;;0;0;0;0;0;1;0;3,70981E+12;3,70981E+12;1;2;;;1;1;0;0;0;0;;1;1;0;1;1;0;0;0;0;0;1;0;0;0;1;0;0;0;0;1;0;0;0;0;1;0;0;0;0;0;0;0;0;0;0;0;0;0;0;0;0;0;0;0;0;0;0;0;0;0;0;0;0;0;0;0;0;0;0;0;0;0;0;0;0;0;0;0;1;0;1;1;0;1;0;0;0;0;0;23;0;23;0;0;0;1;0;1;1;1;0;0;0;0;0;1;8;1;22;1;88888;1;194;1;237;1;8;1;1;1;1;1;1;1;3;1;1;24;1;9;1;4;1;28;1;3;0;0;0;0;0;0;0;0;1;1;1;1;1;6;0;0;1;1;0;0;0;0;0;0;0;0;0;1;0;1;1;0;1;1;1;1;0;0;0;0;0;0;0;0;0;;;;;0;;;;;;;1;1;1;0;0;1;0;0;0;1;1;1;0;1;1;1;0;0;0;1;0;0;1;1;1;0;1;0;0;0;0;0;0;1;1;1;0;0;0;1;1;0;954;0;0;0;0;0;0;0;0;0;0;0;0;0;0;0;228;0;0;0;0;0;0;228;73;77;78;0;0;0;0;0;0;0;954;954;83;643;0;0;0;0;0;0;0;0;0;0;18;18;0;588;366;231;547;11;164;1;0;0;0;0;3;305;646;625;329;0;0;0;0;0;0;0;0;921;33;0;0;0;0;21;0;0;0;0;0;0;2;21;21;0;0;0;10;10;0;41;0;0;0;0;0;0;6;41;41;0;0;0;14;14;0;25;16;0;0;0;0;0;0;0;0
2024;Sudeste;3;São Paulo;SP;35;Piracicaba;3538709;Campinas;3510;Piracicaba;350040;Piracicaba;6;Piracicaba;28;Piracicaba;353870905;SENAC PIRACICABA;35148970;4;1;1;0;SANTA CRUZ;1148;RUA;ALTO;13419030;19;21050199;1;15000;15FEB2024:00:00:00;20DEC2024:00:00:00;;;;;0;;;;;;;;;;;;;;;;;;;;0;0;0;0;0;1;0;1E+14;1E+14;1;2;;;1;1;0;0;0;0;;0;0;0;1;1;0;0;0;0;0;1;0;0;0;1;0;0;0;0;1;0;0;0;0;1;1;0;0;1;0;0;1;1;0;1;0;0;1;1;0;1;0;0;0;1;0;0;0;0;0;0;0;0;0;0;0;0;0;0;0;1;0;1;0;1;0;0;0;0;1;1;1;0;1;0;1;1;0;0;29;0;29;0;0;1;1;1;1;1;0;0;1;2;0;0;1;5;0;0;0;0;1;302;0;0;0;0;1;1;1;1;1;1;1;3;1;1;50;1;6;1;4;1;25;1;9;0;0;0;0;0;0;0;0;1;1;1;1;1;4;1;62;1;1;0;0;0;0;0;0;0;0;0;1;0;0;1;0;1;1;0;0;0;1;0;0;0;0;0;0;0;;;;;0;;;;;;;1;1;1;0;0;1;0;0;0;1;1;1;0;1;1;1;0;0;0;1;0;0;1;1;1;0;1;0;0;0;0;0;0;1;1;1;0;0;0;1;1;0;1201;0;0;0;0;0;0;0;0;0;0;0;0;0;0;0;207;0;0;0;0;0;0;207;74;71;62;0;0;0;0;0;0;0;1201;1201;73;921;0;0;0;0;0;0;0;0;0;0;13;13;0;758;443;386;596;30;183;5;1;0;0;0;0;255;946;702;499;0;0;0;0;0;0;0;0;1164;37;0;0;0;0;23;0;0;0;0;0;0;4;23;23;0;0;0;6;6;0;49;0;0;0;0;0;0;6;49;49;0;0;0;8;8;0;30;19;0;0;0;0;0;0;0;0
2024;Sudeste;3;São Paulo;SP;35;Presidente Prudente;3541406;Presidente Prudente;3505;Presidente Prudente;350018;Presidente Prudente;8;Presidente Prudente;36;Presidente Prudente;354140605;SENAC PRESIDENTE PRUDENTE;35148921;4;1;1;0;MANOEL GOULART;2881;AVENIDA;VILA SANTA HELENA;19060000;18;33444400;1;15000;29JAN2024:00:00:00;20DEC2024:00:00:00;;;;;0;;;;;;;;;;;;;;;;;;;;0;0;0;0;0;1;0;1E+14;1E+14;1;1;;;1;1;0;0;0;0;;0;0;0;1;1;1;0;0;0;0;1;0;0;0;1;0;0;0;0;1;0;0;0;0;1;0;1;0;1;1;0;1;1;0;1;1;0;1;1;1;1;0;0;0;1;1;1;1;0;0;0;0;0;0;0;0;0;0;0;0;1;0;1;0;1;0;0;0;0;0;0;0;1;1;0;1;1;0;0;17;0;17;17;17;1;1;0;1;1;1;0;1;2;1;2;1;7;1;6;1;17;1;100;1;45;0;0;1;1;1;1;0;1;1;3;1;1;22;1;9;1;4;0;0;0;0;0;0;0;0;0;0;0;0;1;1;1;1;1;2;1;4;1;1;0;0;0;0;0;0;0;0;0;0;0;0;1;0;1;1;1;0;0;0;0;0;0;0;0;0;0;;;;;0;;;;;;;1;1;0;0;0;1;0;0;0;1;1;1;0;1;1;1;0;0;0;1;0;0;0;1;1;0;1;0;0;0;0;0;0;0;1;1;0;0;0;1;1;0;288;0;0;0;0;0;0;0;0;0;0;0;0;0;0;0;0;0;0;0;0;0;0;0;0;0;0;0;0;0;0;0;0;0;288;288;20;268;0;0;0;0;0;0;0;0;0;0;6;6;0;187;101;81;135;10;58;4;0;0;0;0;0;16;272;164;124;0;0;0;0;0;0;0;0;279;9;0;0;0;0;20;0;0;0;0;0;0;0;20;20;0;0;0;6;6;0;22;0;0;0;0;0;0;0;22;22;0;0;0;6;6;0;12;10;0;0;0;0;0;0;0;0
2024;Sudeste;3;São Paulo;SP;35;Registro;3542602;Sorocaba;3502;Registro;350005;Litoral Sul Paulista;14;Registro;55;Registro;354260205;SENAC REGISTRO;35585701;4;1;1;0;TEITI KOKI;SN;RUA;VILA FLORIDA;11900000;13;38281316;1;15000;15FEB2024:00:00:00;20DEC2024:00:00:00;;;;;0;;;;;;;;;;;;;;;;;;;;0;0;0;0;0;1;0;1E+14;1E+14;1;2;;;1;1;0;0;0;0;;0;0;0;1;1;0;0;0;0;0;1;0;0;0;1;0;0;0;0;1;0;0;0;0;1;0;0;0;1;0;0;1;1;0;1;0;1;1;1;0;0;0;0;0;0;0;0;0;0;0;0;0;0;0;0;0;0;0;0;0;1;0;1;0;1;0;0;0;0;0;0;0;0;0;0;0;0;1;0;20;0;20;0;0;0;1;1;1;1;0;0;1;3;0;0;1;6;0;0;0;0;1;200;0;0;0;0;1;1;1;1;1;1;1;2;1;1;30;1;9;1;3;0;0;1;4;0;0;0;0;0;0;0;0;1;1;1;1;0;0;1;88888;1;1;0;0;0;0;0;0;0;0;0;1;1;0;1;0;1;0;0;0;1;1;1;0;0;0;0;0;0;;;;;0;;;;;;;1;1;0;0;0;0;0;1;0;0;1;1;0;1;1;1;0;0;0;1;0;0;0;1;1;0;1;0;0;0;0;0;0;0;1;1;0;0;0;1;1;0;547;0;0;0;0;0;0;0;0;0;0;0;0;0;0;0;0;0;0;0;0;0;0;0;0;0;0;0;0;0;0;0;0;0;547;547;45;502;0;0;0;0;0;0;0;0;0;0;5;5;0;393;154;172;259;5;108;2;1;0;0;0;0;36;511;332;215;0;0;0;0;0;0;0;0;483;64;0;0;0;0;26;0;0;0;0;0;0;0;26;26;0;0;0;4;4;0;30;0;0;0;0;0;0;0;30;30;0;0;0;4;4;0;19;11;0;0;0;0;0;0;0;0
2024;Sudeste;3;São Paulo;SP;35;Ribeirão Preto;3543402;Ribeirão Preto;3508;Ribeirão Preto;350031;Ribeirão Preto;2;Ribeirão Preto;14;Ribeirão Preto;354340205;SENAC RIBEIRAO PRETO;35148866;4;1;1;0;CAPITAO SALOMAO;2133;RUA;JARDIM MOSTEIRO;14085430;16;21111200;1;15000;15JAN2024:00:00:00;20DEC2024:00:00:00;;;;;0;;;;;;;;;;;;;;;;;;;;1;0;0;0;0;0;0;1E+14;1E+14;1;2;;;1;1;0;0;0;0;;0;0;0;1;1;0;0;0;0;0;1;0;0;0;1;0;0;0;0;1;0;0;1;0;0;0;0;1;1;0;0;0;1;0;1;0;1;1;1;0;0;0;0;0;1;0;1;0;0;0;0;0;0;0;0;0;0;0;0;0;1;0;1;0;1;0;0;0;0;0;1;0;0;0;1;0;0;0;1;24;0;24;24;5;0;1;0;1;1;1;0;0;0;1;5;1;15;1;20;0;0;1;376;1;70;1;12;1;1;1;1;1;1;0;1;1;1;28;1;15;1;6;0;0;0;0;0;0;0;0;0;0;0;0;0;0;1;1;0;0;0;0;0;0;0;0;0;0;0;0;0;0;0;1;0;0;1;0;1;1;0;0;0;1;0;0;0;0;0;0;0;;;;;0;;;;;;;1;0;0;0;0;1;0;0;0;0;1;1;0;1;1;1;0;0;0;1;0;0;1;1;1;0;1;0;0;0;0;0;0;1;1;1;0;0;0;1;1;0;1421;0;0;0;0;0;0;0;0;0;0;0;0;0;0;0;415;0;0;0;0;0;0;415;187;104;124;0;0;0;0;0;0;0;1421;1421;77;929;0;0;0;0;0;0;0;0;0;0;19;19;0;795;626;393;739;51;227;9;2;0;0;0;6;437;978;891;530;0;0;0;0;0;0;0;0;1393;28;0;0;0;0;26;0;0;0;0;0;0;4;26;26;0;0;0;13;13;0;70;0;0;0;0;0;0;12;70;70;0;0;0;17;17;0;44;26;0;0;0;0;0;0;0;0
2024;Sudeste;3;São Paulo;SP;35;Rio Claro;3543907;Campinas;3510;Rio Claro;350046;Piracicaba;6;Rio Claro;26;Rio Claro;354390705;SENAC RIO CLARO;35149111;4;1;1;0;DOIS;720;AVENIDA;CENTRO;13500411;19;21123400;1;15000;15FEB2024:00:00:00;20DEC2024:00:00:00;;;;;0;;;;;;;;;;;;;;;;;;;;0;0;0;0;0;1;0;1E+14;1E+14;1;2;;;1;3;0;0;0;0;;0;1;0;1;1;0;0;0;0;0;1;0;0;0;1;0;0;0;0;1;0;0;1;0;1;0;1;0;1;0;0;1;1;0;1;0;0;1;1;0;0;0;0;0;1;0;0;1;0;0;0;0;0;0;0;0;0;0;0;0;1;0;0;0;0;0;0;0;0;1;1;1;1;1;0;1;1;0;0;14;0;14;0;0;1;1;0;1;1;1;0;0;0;0;0;1;4;1;6;1;15;1;104;1;30;1;4;1;1;1;1;1;1;1;3;1;1;16;1;1;1;3;0;0;0;0;0;0;0;0;0;0;0;0;1;1;1;1;0;0;1;30;1;1;0;0;0;0;0;0;0;0;0;1;0;0;1;1;1;1;0;0;0;1;0;0;0;0;0;0;0;;;;;0;;;;;;;1;1;1;0;0;1;0;1;0;0;1;1;0;1;0;1;0;0;0;1;0;0;0;1;1;0;1;0;0;0;0;0;0;0;1;1;0;0;0;1;1;0;421;0;0;0;0;0;0;0;0;0;0;0;0;0;0;0;0;0;0;0;0;0;0;0;0;0;0;0;0;0;0;0;0;0;421;421;27;394;0;0;0;0;0;0;0;0;0;0;6;6;0;260;161;125;219;14;61;2;0;0;0;0;0;21;400;219;202;0;0;0;0;0;0;0;0;411;10;0;0;0;0;14;0;0;0;0;0;0;0;14;14;0;0;0;5;5;0;27;0;0;0;0;0;0;0;27;27;0;0;0;6;6;0;16;11;0;0;0;0;0;0;0;0
2024;Sudeste;3;São Paulo;SP;35;Salto;3545209;Sorocaba;3502;Sorocaba;350003;Macro Metropolitana Paulista;12;Sorocaba;46;Salto;354520905;SENAC SALTO;35005871;4;1;1;0;MUNICIPAL;1245;SLT170;BURU;13328330;;;1;15000;15FEB2024:00:00:00;20DEC2024:00:00:00;;;;;0;;;;;;;;;;;;;;;;;;;;0;0;0;0;0;1;0;1E+14;1E+14;1;2;;;1;3;0;0;0;0;;0;0;0;1;1;0;0;0;0;0;1;0;0;0;1;0;0;0;0;1;0;0;0;0;1;0;0;0;0;0;0;0;0;0;0;0;0;1;1;0;0;0;0;0;1;0;0;0;0;0;0;0;0;0;0;0;0;1;0;0;0;0;0;0;0;0;0;0;0;0;0;1;0;1;0;0;0;0;0;13;0;13;0;0;0;1;0;1;1;1;0;0;0;1;17;1;7;0;0;0;0;1;136;1;36;0;0;1;1;1;1;1;1;1;3;1;1;22;1;7;1;2;0;0;1;2;0;0;0;0;0;0;0;0;1;1;1;1;1;8;1;21;1;1;0;0;0;0;0;0;0;0;0;1;0;0;1;0;1;0;0;0;0;0;0;0;0;0;0;0;0;;;;;0;;;;;;;1;0;0;0;0;1;0;0;0;0;1;1;0;1;1;1;0;0;0;1;0;0;0;1;1;0;1;0;0;0;0;0;0;0;1;1;0;0;0;1;1;0;479;0;0;0;0;0;0;0;0;0;0;0;0;0;0;0;0;0;0;0;0;0;0;0;0;0;0;0;0;0;0;0;0;0;479;479;37;442;0;0;0;0;0;0;0;0;0;0;7;7;0;309;170;172;207;15;82;2;1;0;0;0;0;38;441;185;294;0;0;0;0;0;0;0;0;462;17;0;0;0;0;25;0;0;0;0;0;0;0;25;25;0;0;0;5;5;0;33;0;0;0;0;0;0;0;33;33;0;0;0;5;5;0;18;15;0;0;0;0;0;0;0;0
2024;Sudeste;3;São Paulo;SP;35;Santo André;3547809;São Paulo;3501;São Paulo;350001;Metropolitana de São Paulo;15;São Paulo;61;Santo André;354780905;SENAC SANTO ANDRE;35148738;4;1;1;0;RAMIRO COLLEONI;110;AVENIDA;VILA DORA;9040160;11;28428300;1;15000;15FEB2024:00:00:00;20DEC2024:00:00:00;;;;;0;;;;;;;;;;;;;;;;;;;;0;0;0;0;0;1;0;3,70981E+12;3,70981E+12;1;2;;;1;1;0;0;0;0;;0;0;0;1;1;0;0;0;0;0;1;0;0;0;1;0;0;0;0;1;0;0;0;0;1;0;1;0;1;0;0;1;1;0;1;0;1;1;1;0;1;0;0;0;1;0;1;0;0;0;0;0;0;0;0;0;0;0;0;0;1;0;1;0;1;0;0;0;0;1;1;1;1;1;0;0;0;0;0;36;0;36;36;36;1;1;0;1;1;1;0;0;0;0;0;1;4;1;28;1;36;1;238;1;55;1;9;1;1;1;1;1;1;1;3;1;1;34;1;9;1;4;1;20;1;7;0;0;0;0;0;0;0;0;1;2;1;1;1;5;1;4;0;0;0;0;1;1;0;0;0;0;0;1;0;0;1;1;1;1;1;0;0;0;0;0;0;0;0;0;0;;;;;0;;;;;;;1;0;1;0;0;1;0;0;0;1;1;1;0;1;1;1;0;0;0;1;0;0;1;1;1;0;1;0;0;0;0;0;0;1;1;1;0;0;0;1;1;0;1148;0;0;0;0;0;0;0;0;0;0;0;0;0;0;0;65;0;0;0;0;0;0;65;65;0;0;0;0;0;0;0;0;0;1148;1148;109;974;0;0;0;0;0;0;0;0;0;0;11;11;0;682;466;435;428;36;244;2;3;0;0;0;3;163;982;735;413;0;0;0;0;0;0;0;0;1139;9;0;0;0;0;34;0;0;0;0;0;0;12;34;34;0;0;0;6;6;0;53;0;0;0;0;0;0;2;53;53;0;0;0;9;9;0;35;18;0;0;0;0;0;0;0;0
2024;Sudeste;3;São Paulo;SP;35;Santos;3548500;São Paulo;3501;Santos;350002;Metropolitana de São Paulo;15;Santos;63;Santos;354850005;SENAC SANTOS;35148751;4;1;1;0;CONSELHEIRO NEBIAS;309;AVENIDA;VILA MATHIAS;11015003;13;21057799;1;15000;15FEB2024:00:00:00;20DEC2024:00:00:00;;;;;0;;;;;;;;;;;;;;;;;;;;0;0;0;0;0;1;0;1E+14;1E+14;1;2;;;1;1;0;0;0;0;;0;0;0;1;1;0;0;0;0;0;1;0;0;0;1;0;0;0;0;1;0;0;0;0;1;1;1;0;0;0;0;1;1;0;1;0;1;1;1;1;0;0;0;0;0;0;0;0;0;0;0;0;0;0;0;0;0;0;0;0;1;0;0;0;1;0;0;0;0;0;0;0;0;0;0;0;0;1;0;33;0;33;0;0;0;1;1;1;1;1;0;1;1;1;1;1;2;1;24;1;41;1;75;1;174;1;5;1;1;1;1;1;9;9;2;1;1;40;1;10;1;5;0;0;0;0;0;0;0;0;0;0;0;0;1;1;1;1;1;2;1;10;0;0;0;0;0;0;0;0;0;0;0;1;0;0;1;0;1;1;0;1;0;1;0;0;0;0;0;0;0;;;;;0;;;;;;;1;1;0;0;0;1;0;0;0;1;1;1;0;1;1;1;0;0;0;1;0;0;1;1;1;0;1;0;0;0;0;0;0;1;1;1;0;0;0;1;1;0;1086;0;0;0;0;0;0;0;0;0;0;0;0;0;0;0;213;0;0;0;0;0;0;213;76;68;69;0;0;0;0;0;0;0;1086;1086;52;821;0;0;0;0;0;0;0;0;0;0;11;11;0;742;344;425;426;31;198;6;0;0;0;0;2;243;841;694;392;0;0;0;0;0;0;0;0;1076;10;0;0;0;0;23;0;0;0;0;0;0;7;23;23;0;0;0;14;14;0;57;0;0;0;0;0;0;6;57;57;0;0;0;10;10;0;36;21;0;0;0;0;0;0;0;0
2024;Sudeste;3;São Paulo;SP;35;São Bernardo do Campo;3548708;São Paulo;3501;São Paulo;350001;Metropolitana de São Paulo;15;São Paulo;61;São Bernardo do Campo;354870805;SENAC SAO BERNARDO DO CAMPO;35569070;4;1;1;0;SENADOR VERGUEIRO;400;AVENIDA;CENTRO;9750000;;;1;15000;15FEB2024:00:00:00;20DEC2024:00:00:00;;;;;0;;;;;;;;;;;;;;;;;;;;1;0;0;0;0;0;0;1E+14;1E+14;1;2;;;1;1;0;0;0;0;;0;0;0;1;1;0;0;0;0;0;1;0;0;0;1;0;0;0;0;1;0;0;0;0;0;0;0;1;1;0;0;1;1;0;1;0;1;1;1;0;1;0;0;0;1;1;0;0;0;0;0;0;0;0;0;0;0;0;0;0;1;0;1;0;1;0;0;0;0;1;1;1;1;1;1;1;1;0;0;33;0;33;4;4;0;1;0;0;1;1;0;0;0;0;0;1;8;1;36;0;0;1;317;1;202;1;14;1;1;1;1;1;1;0;3;1;1;40;1;29;1;5;0;0;1;8;0;0;0;0;0;0;0;0;0;0;1;1;1;6;1;7;1;1;0;0;0;0;0;0;0;0;0;1;0;0;1;0;1;1;1;0;0;1;0;0;0;0;0;0;0;;;;;0;;;;;;;1;1;1;0;0;0;0;0;1;0;1;1;0;1;1;1;0;0;0;1;0;0;1;1;1;0;1;0;0;0;0;0;0;1;1;1;0;0;0;1;1;0;1736;0;0;0;0;0;0;0;0;0;0;0;0;0;0;0;458;0;0;0;0;0;0;458;148;159;151;0;0;0;0;0;0;0;1736;1736;110;1168;0;0;0;0;0;0;0;0;0;0;20;20;0;1035;701;528;833;51;312;8;4;0;0;0;8;503;1225;1085;651;0;0;0;0;0;0;0;0;1714;22;0;0;0;0;56;0;0;0;0;0;0;12;56;56;0;0;0;17;17;0;59;0;0;0;0;0;0;12;59;59;0;0;0;18;18;0;35;24;0;0;0;0;0;0;0;0
2024;Sudeste;3;São Paulo;SP;35;São Carlos;3548906;Araraquara;3509;São Carlos;350037;Araraquara;5;São Carlos;25;São Carlos;354890605;SENAC SAO CARLOS;35148878;4;1;1;0;EPISCOPAL;700;RUA;CENTRO;13560570;16;21071055;1;15000;15FEB2024:00:00:00;20DEC2024:00:00:00;;;;;0;;;;;;;;;;;;;;;;;;;;0;0;0;0;0;1;0;3,70981E+12;3,70981E+12;1;2;;;1;1;0;0;0;0;;0;0;0;1;1;0;0;0;0;0;1;0;0;0;1;0;0;0;0;1;0;0;0;0;1;0;1;0;1;1;0;1;1;0;1;0;1;1;1;1;1;0;0;0;1;0;0;0;0;0;0;0;0;0;0;0;0;0;0;0;1;0;1;0;1;0;0;0;0;1;1;1;0;1;0;1;1;0;0;44;0;44;0;0;1;1;1;1;1;1;0;0;0;1;6;1;1;1;28;0;0;1;268;1;213;1;7;1;1;1;1;1;1;0;1;0;1;40;1;13;1;5;0;0;0;0;0;0;0;0;0;0;0;0;1;2;1;1;0;0;1;6;1;1;0;0;0;0;0;0;0;0;0;1;0;1;1;0;1;1;1;0;0;1;0;0;0;0;0;0;0;;;;;0;;;;;;;1;1;1;0;0;0;0;0;1;1;1;1;0;1;1;1;0;0;0;1;0;0;1;1;1;0;1;0;0;0;0;0;0;1;1;1;0;0;0;1;1;0;1006;0;0;0;0;0;0;0;0;0;0;0;0;0;0;0;186;0;0;0;0;0;0;186;73;62;51;0;0;0;0;0;0;0;1006;1006;45;775;0;0;0;0;0;0;0;0;0;0;17;17;0;647;359;255;560;26;161;3;1;0;0;0;3;222;781;585;421;0;0;0;0;0;0;0;0;977;29;0;0;0;0;66;0;0;0;0;0;0;16;66;66;0;0;0;23;23;0;52;0;0;0;0;0;0;6;52;52;0;0;0;14;14;0;32;20;0;0;0;0;0;0;0;0
2024;Sudeste;3;São Paulo;SP;35;São João da Boa Vista;3549102;Campinas;3510;São João da Boa Vista;350044;Campinas;7;São João da Boa Vista;30;São João da Boa Vista;354910205;SENAC SAO JOAO DA BOA VISTA;35149123;4;1;1;0;SAO JOAO;204;RUA;CENTRO;13870222;19;33661100;1;15000;15FEB2024:00:00:00;20DEC2024:00:00:00;;;;;0;;;;;;;;;;;;;;;;;;;;0;0;0;0;0;1;0;3,70981E+12;3,70981E+12;1;2;;;1;3;0;0;0;0;;0;0;0;1;1;0;0;0;0;0;1;0;0;0;1;0;0;0;0;1;0;0;0;0;1;0;1;0;0;0;0;1;1;0;1;0;0;1;1;1;1;0;0;0;1;0;0;0;0;0;0;0;0;0;0;0;0;0;0;0;1;0;0;0;1;0;0;0;0;1;0;1;1;1;1;1;1;0;0;6;0;6;0;0;1;1;0;1;1;1;0;0;0;0;0;1;4;1;5;0;0;1;29;1;49;1;1;1;1;1;1;1;1;1;3;1;1;88888;1;5;1;4;0;0;0;0;0;0;0;0;0;0;0;0;1;1;1;1;0;0;1;88888;1;1;0;0;0;0;0;0;0;0;0;1;0;1;1;1;1;1;1;1;0;1;0;0;0;0;0;0;0;;;;;0;;;;;;;1;0;1;0;0;1;0;0;0;0;1;1;0;1;1;1;0;0;0;1;0;0;0;1;1;0;1;0;0;0;0;0;0;0;1;1;0;0;0;1;1;0;134;0;0;0;0;0;0;0;0;0;0;0;0;0;0;0;0;0;0;0;0;0;0;0;0;0;0;0;0;0;0;0;0;0;134;134;10;124;0;0;0;0;0;0;0;0;0;0;1;1;0;103;31;41;69;2;22;0;0;0;0;0;0;8;126;46;88;0;0;0;0;0;0;0;0;131;3;0;0;0;0;8;0;0;0;0;0;0;0;8;8;0;0;0;1;1;0;8;0;0;0;0;0;0;0;8;8;0;0;0;1;1;0;3;5;0;0;0;0;0;0;0;0
2024;Sudeste;3;São Paulo;SP;35;São José do Rio Preto;3549805;São José do Rio Preto;3507;São José do Rio Preto;350025;São José do Rio Preto;1;São José do Rio Preto;4;São José do Rio Preto;354980505;SENAC SAO JOSE DO RIO PRETO;35148908;4;1;1;0;JORGE TIBIRICA;3518;RUA;SANTA CRUZ;15014040;17;21391699;1;15000;15FEB2024:00:00:00;20DEC2024:00:00:00;;;;;0;;;;;;;;;;;;;;;;;;;;0;0;0;0;0;1;0;1E+14;1E+14;1;2;;;1;1;0;0;0;0;;0;0;0;1;1;0;0;0;0;0;1;0;0;0;1;0;0;0;0;1;0;0;0;0;0;0;0;1;1;0;0;1;1;0;1;0;1;1;1;0;1;0;0;0;1;0;1;0;0;0;0;0;0;0;0;0;0;0;0;0;1;1;1;0;1;0;0;0;0;0;0;0;0;0;0;0;0;1;0;24;0;24;0;0;0;1;0;1;1;1;0;0;0;0;0;1;15;1;13;0;0;1;393;1;181;1;18;1;0;1;0;0;0;0;0;1;1;37;1;13;1;6;0;0;1;5;0;0;0;0;0;0;1;2;1;1;1;1;0;0;1;88888;1;1;0;0;0;0;0;0;0;0;0;1;0;0;1;0;1;1;0;0;0;0;0;0;0;0;0;0;0;;;;;0;;;;;;;1;1;1;0;0;0;0;0;1;1;0;9;9;9;9;9;9;0;0;1;0;0;1;1;1;0;1;0;0;0;0;0;0;1;1;1;0;0;0;1;1;0;1115;0;0;0;0;0;0;0;0;0;0;0;0;0;0;0;295;0;0;0;0;0;0;295;153;78;64;0;0;0;0;0;0;0;1115;1115;48;772;0;0;0;0;0;0;0;0;0;0;16;16;0;677;438;499;452;28;128;6;2;0;0;0;9;314;792;690;425;0;0;0;0;0;0;0;0;1063;52;0;0;0;0;47;0;0;0;0;0;0;7;47;47;0;0;0;11;11;0;53;0;0;0;0;0;0;8;53;53;0;0;0;11;11;0;30;23;0;0;0;0;0;0;0;0
2024;Sudeste;3;São Paulo;SP;35;São José dos Campos;3549904;São José dos Campos;3511;São José dos Campos;350049;Vale do Paraíba Paulista;13;São José dos Campos;50;São José dos Campos;354990405;SENAC SAO JOSE DOS CAMPOS;35148945;4;1;1;0;SAIGIRO NAKAMURA;400;RUA;VILA INDUSTRIAL;12220280;12;21349000;1;15000;15FEB2024:00:00:00;20DEC2024:00:00:00;;;;;0;;;;;;;;;;;;;;;;;;;;0;0;0;0;0;1;0;1E+14;1E+14;1;2;;;1;1;0;0;0;0;;0;0;0;1;1;1;0;0;0;0;1;0;0;0;1;0;0;0;0;1;0;0;0;0;1;0;1;0;1;0;0;1;1;0;1;0;1;1;1;0;0;0;0;0;1;0;0;0;0;0;0;0;0;0;0;0;0;0;0;0;1;0;1;0;1;0;0;0;0;0;0;0;0;0;0;0;0;1;0;27;0;27;0;0;0;1;0;1;1;0;0;1;15;1;4;1;10;1;19;0;0;1;200;1;25;1;10;1;1;1;1;1;1;1;2;1;1;32;1;7;1;4;1;8;1;5;0;0;0;0;0;0;0;0;1;1;1;1;1;4;1;10;0;0;0;0;0;0;0;0;0;0;0;1;0;0;1;0;1;0;1;1;0;0;0;0;1;0;0;0;0;;;;;0;;;;;;;0;0;0;0;0;1;0;0;0;0;1;1;0;1;1;1;0;0;0;1;0;0;1;1;1;0;1;0;0;0;0;0;0;1;1;1;0;0;0;1;1;0;1059;0;0;0;0;0;0;0;0;0;0;0;0;0;0;0;217;0;0;0;0;0;0;217;67;78;72;0;0;0;0;0;0;0;1059;1059;38;804;0;0;0;0;0;0;0;0;0;0;19;19;0;628;431;283;590;21;161;2;2;0;0;0;4;223;832;669;390;0;0;0;0;0;0;0;0;1016;43;0;0;0;0;42;0;0;0;0;0;0;12;42;42;0;0;0;20;20;0;44;0;0;0;0;0;0;6;44;44;0;0;0;15;15;0;27;17;0;0;0;0;0;0;0;0
2024;Sudeste;3;São Paulo;SP;35;São Paulo;3550308;São Paulo;3501;São Paulo;350001;Metropolitana de São Paulo;15;São Paulo;61;Bom Retiro;355030809;SENAC TIRADENTES;35148659;4;1;1;0;TIRADENTES;822;AVENIDA;LUZ;1102000;11;33662000;1;15000;15FEB2024:00:00:00;20DEC2024:00:00:00;;;;;0;;;;;;;;;;;;;;;;;;;;0;0;0;0;0;1;0;1E+14;1E+14;1;2;;;1;1;0;0;0;0;;0;0;0;1;1;0;0;0;0;0;1;0;0;0;1;0;0;0;0;1;0;0;0;0;0;0;1;0;0;0;0;1;1;0;1;0;1;1;1;0;1;0;0;0;1;0;0;0;0;0;0;0;0;0;0;0;0;0;0;0;1;0;1;0;1;0;0;0;0;0;0;0;0;0;0;0;0;1;0;20;0;20;0;0;1;1;1;1;1;0;0;1;3;0;0;1;9;0;0;0;0;1;315;0;0;0;0;1;1;1;1;0;9;9;0;0;1;32;1;22;1;4;0;0;1;7;0;0;0;0;0;0;0;0;1;1;1;1;0;0;1;5;1;1;0;0;0;0;0;0;0;0;0;1;0;1;1;0;1;1;1;0;0;0;0;0;0;0;0;0;0;;;;;0;;;;;;;1;1;1;0;0;1;0;0;0;0;1;1;0;1;1;1;0;0;0;1;0;0;0;1;1;0;1;0;0;0;0;0;0;0;1;1;0;0;0;1;1;0;1022;0;0;0;0;0;0;0;0;0;0;0;0;0;0;0;0;0;0;0;0;0;0;0;0;0;0;0;0;0;0;0;0;0;1022;1022;12;1010;0;0;0;0;0;0;0;0;0;0;10;10;0;720;302;529;274;33;177;7;2;0;0;0;0;8;1014;784;238;0;0;0;0;0;0;0;0;1015;7;0;0;0;0;34;0;0;0;0;0;0;0;34;34;0;0;0;9;9;0;47;0;0;0;0;0;0;0;47;47;0;0;0;9;9;0;36;11;0;0;0;0;0;0;0;0
2024;Sudeste;3;São Paulo;SP;35;São Paulo;3550308;São Paulo;3501;São Paulo;350001;Metropolitana de São Paulo;15;São Paulo;61;Campo Grande;355030816;SENAC NACOES UNIDAS;35269025;4;1;1;0;EUSEBIO STEVAUX ENGENHEIRO;823;AVENIDA;JURUBATUBA;4696000;11;56827300;1;15000;23JAN2024:00:00:00;09DEC2024:00:00:00;;;;;0;;;;;;;;;;;;;;;;;;;;0;0;0;0;0;1;0;3,70981E+12;3,70981E+12;1;1;;;1;1;0;0;0;0;;0;0;0;1;1;0;0;0;0;0;1;0;0;0;1;0;0;0;0;1;0;0;0;0;1;0;0;0;0;1;0;1;1;0;1;1;0;1;1;0;0;0;0;0;1;1;0;1;0;0;1;1;1;1;0;0;0;0;0;0;1;0;1;0;1;0;0;0;0;1;1;1;1;1;1;1;1;0;0;75;0;75;64;64;0;1;0;0;1;1;0;0;0;0;0;1;1;0;0;0;0;1;2297;1;980;0;0;1;1;1;1;1;1;1;3;1;1;23;1;120;1;22;1;5;1;7;0;0;0;0;0;0;0;0;1;1;1;1;1;17;1;13;1;2;0;0;0;0;0;0;0;0;0;1;0;1;1;0;0;1;1;1;0;0;0;0;0;0;0;0;0;;;;;0;;;;;;;1;1;1;0;0;0;0;0;1;0;1;1;0;1;1;1;0;0;0;1;0;0;1;1;0;0;1;0;0;0;0;0;0;1;1;1;0;0;0;1;1;0;2320;0;0;0;0;0;0;0;0;0;0;0;0;0;0;0;2320;0;0;0;0;0;0;2320;920;733;667;0;0;0;0;0;0;0;2320;2320;0;0;0;0;0;0;0;0;0;0;0;0;31;31;0;1071;1249;645;1312;33;314;15;1;0;0;0;36;2179;105;2320;0;0;0;0;0;0;0;0;15;2307;13;0;0;0;0;63;0;0;0;0;0;0;63;63;63;0;0;0;24;24;0;63;0;0;0;0;0;0;63;63;63;0;0;0;24;24;0;63;0;0;0;0;0;0;0;0;0
2024;Sudeste;3;São Paulo;SP;35;São Paulo;3550308;São Paulo;3501;São Paulo;350001;Metropolitana de São Paulo;15;São Paulo;61;Cidade Dutra;355030823;SENAC JARDIM PRIMAVERA;35463536;4;1;1;0;MANOEL ALVES SOARES;1100;AVENIDA;INTERLAGOS;4821270;11;56629300;1;15000;15FEB2024:00:00:00;20DEC2024:00:00:00;;;;;0;;;;;;;;;;;;;;;;;;;;0;0;0;0;0;1;0;3,70981E+12;3,70981E+12;1;2;;;1;3;0;0;0;0;;0;0;0;1;1;0;0;0;0;0;1;0;0;0;1;0;0;0;0;1;0;0;0;0;1;0;1;0;1;0;0;0;1;0;1;1;1;1;1;0;0;0;0;0;1;0;0;0;0;0;0;0;0;0;0;0;0;0;0;0;0;0;1;0;0;0;0;0;0;0;0;0;0;0;0;0;0;1;0;5;0;5;5;0;1;1;0;1;1;1;0;0;0;0;0;1;2;1;6;0;0;1;41;1;16;1;1;1;1;1;1;1;1;1;3;1;1;8;1;3;1;2;0;0;0;0;0;0;0;0;0;0;0;0;1;1;1;1;1;5;1;12;1;5;0;0;0;0;0;0;0;0;0;1;0;0;1;0;1;0;0;0;0;0;1;0;0;0;0;0;0;;;;;0;;;;;;;1;0;0;0;0;1;0;0;0;1;1;1;0;1;1;1;0;0;0;1;0;0;0;0;1;0;1;0;0;0;0;0;0;0;1;1;0;0;0;1;1;0;180;0;0;0;0;0;0;0;0;0;0;0;0;0;0;0;0;0;0;0;0;0;0;0;0;0;0;0;0;0;0;0;0;0;180;180;6;174;0;0;0;0;0;0;0;0;0;0;2;2;0;107;73;93;40;3;44;0;0;0;0;0;0;5;175;0;180;0;0;0;0;0;0;0;0;179;1;0;0;0;0;3;0;0;0;0;0;0;0;3;3;0;0;0;2;2;0;4;0;0;0;0;0;0;0;4;4;0;0;0;2;2;0;0;4;0;0;0;0;0;0;0;0
2024;Sudeste;3;São Paulo;SP;35;São Paulo;3550308;São Paulo;3501;São Paulo;350001;Metropolitana de São Paulo;15;São Paulo;61;Itaquera;355030837;SENAC ITAQUERA;35149100;4;1;1;0;ITAQUERA;8266;AVENIDA;ITAQUERA;8295000;11;21859200;1;15000;15FEB2024:00:00:00;20DEC2024:00:00:00;;;;;0;;;;;;;;;;;;;;;;;;;;0;0;0;0;0;1;0;3,70981E+12;3,70981E+12;1;2;;;1;1;0;0;0;0;;0;0;0;1;1;0;0;0;0;0;1;0;0;0;1;0;0;0;0;1;0;0;0;0;1;0;0;0;1;0;0;1;1;0;1;0;1;1;1;0;0;0;0;0;1;0;0;0;0;0;0;0;0;0;0;0;0;0;0;0;0;0;1;0;1;0;0;0;0;1;1;1;1;1;0;1;1;0;0;15;0;15;15;15;0;1;1;1;1;1;0;0;0;0;0;1;7;1;10;0;0;1;230;1;140;1;15;1;1;1;1;1;1;0;3;1;1;88888;0;0;0;0;0;0;0;0;0;0;0;0;0;0;0;0;0;0;0;0;0;0;0;0;0;0;0;0;0;0;0;0;0;0;0;1;0;0;1;0;1;1;1;0;0;0;0;0;0;0;0;0;0;;;;;0;;;;;;;0;0;0;0;0;1;0;0;0;1;1;1;0;1;1;1;0;0;0;1;0;0;0;1;1;0;1;0;0;0;0;0;0;0;1;1;0;0;0;1;1;0;473;0;0;0;0;0;0;0;0;0;0;0;0;0;0;0;0;0;0;0;0;0;0;0;0;0;0;0;0;0;0;0;0;0;473;473;38;435;0;0;0;0;0;0;0;0;0;0;5;5;0;266;207;244;135;7;81;5;1;0;0;0;0;31;442;269;204;0;0;0;0;0;0;0;0;465;8;0;0;0;0;21;0;0;0;0;0;0;0;21;21;0;0;0;5;5;0;24;0;0;0;0;0;0;0;24;24;0;0;0;5;5;0;14;10;0;0;0;0;0;0;0;0
2024;Sudeste;3;São Paulo;SP;35;São Paulo;3550308;São Paulo;3501;São Paulo;350001;Metropolitana de São Paulo;15;São Paulo;61;Jabaquara;355030838;SENAC JABAQUARA;35148702;4;1;1;0;CAFE;298;AVENIDA;VILA GUARANI Z SUL;4311000;11;21469150;1;15000;15FEB2024:00:00:00;20DEC2024:00:00:00;;;;;0;;;;;;;;;;;;;;;;;;;;0;0;0;0;0;1;0;1E+14;1E+14;1;2;;;1;1;0;0;0;0;;0;0;0;1;1;0;0;0;0;0;1;0;0;0;1;0;0;0;0;1;0;0;0;0;1;0;0;0;1;0;0;1;1;0;1;0;1;1;1;0;1;0;0;0;1;0;0;0;0;0;0;0;0;0;0;0;0;0;0;0;1;0;1;0;1;0;0;0;0;0;0;0;0;0;0;0;0;1;0;10;0;10;0;0;1;1;1;1;1;0;0;1;2;1;1;1;8;1;2;0;0;1;117;1;20;1;20;1;1;1;1;1;1;1;2;1;1;18;1;12;1;4;0;0;1;4;0;0;0;0;0;0;0;0;1;1;1;1;0;0;1;9;1;1;0;0;0;0;0;0;0;0;0;1;0;1;1;0;1;1;0;1;0;0;0;0;0;0;0;0;0;;;;;0;;;;;;;1;0;0;0;0;1;0;0;0;0;1;1;0;1;1;1;0;0;0;1;0;0;1;1;1;0;1;0;0;0;0;0;0;1;1;1;0;0;0;1;1;0;843;0;0;0;0;0;0;0;0;0;0;0;0;0;0;0;373;0;0;0;0;0;0;373;145;154;74;0;0;0;0;0;0;0;843;843;37;433;0;0;0;0;0;0;0;0;0;0;11;11;0;465;378;326;352;28;131;5;1;0;0;0;8;388;447;586;257;0;0;0;0;0;0;0;1;839;4;0;47;32;15;32;0;0;0;0;0;0;21;32;32;0;0;0;26;26;0;30;0;0;0;0;0;0;10;30;30;0;0;0;9;9;0;20;10;0;0;0;0;0;0;0;0
2024;Sudeste;3;São Paulo;SP;35;São Paulo;3550308;São Paulo;3501;São Paulo;350001;Metropolitana de São Paulo;15;São Paulo;61;Lapa;355030848;SENAC LAPA SCIPIAO;35148994;4;1;1;0;SCIPIAO;67;RUA;V ROMANA;5047060;11;34752200;1;15000;15FEB2024:00:00:00;20DEC2024:00:00:00;;;;;0;;;;;;;;;;;;;;;;;;;;0;0;0;0;0;1;0;1E+14;1E+14;1;2;;;1;1;0;0;0;0;;0;0;0;1;1;0;0;0;0;0;1;0;0;0;1;0;0;0;0;1;0;0;0;0;0;0;0;1;1;0;0;1;1;0;1;0;0;1;1;0;0;0;0;1;1;0;0;1;0;0;0;0;0;0;0;0;0;0;0;0;1;0;1;0;1;0;0;0;0;1;1;1;1;0;0;1;1;0;0;19;0;19;0;0;0;1;0;1;1;1;0;1;4;1;4;1;22;1;9;0;0;1;415;0;0;1;10;1;1;1;1;0;9;9;3;1;1;28;1;14;1;5;0;0;1;8;0;0;0;0;0;0;0;0;0;0;1;1;1;6;1;88888;0;0;0;0;0;0;0;0;0;0;0;1;0;0;1;0;1;1;1;1;0;0;0;0;0;0;0;0;0;;;;;0;;;;;;;1;1;0;0;0;1;0;0;0;0;1;1;0;1;1;1;0;0;0;1;0;0;1;1;1;0;1;0;0;0;0;0;0;1;1;1;0;0;0;1;1;0;629;0;0;0;0;0;0;0;0;0;0;0;0;0;0;0;333;0;0;0;0;0;0;333;140;122;71;0;0;0;0;0;0;0;629;629;23;273;0;0;0;0;0;0;0;0;0;0;13;13;0;344;285;206;308;17;92;5;1;0;0;0;9;339;281;559;70;0;0;0;0;0;0;0;0;625;4;0;0;0;0;35;0;0;0;0;0;0;25;35;35;0;0;0;30;30;0;22;0;0;0;0;0;0;10;22;22;0;0;0;10;10;0;19;3;0;0;0;0;0;0;0;0
2024;Sudeste;3;São Paulo;SP;35;São Paulo;3550308;São Paulo;3501;São Paulo;350001;Metropolitana de São Paulo;15;São Paulo;61;Lapa;355030848;SENAC LAPA FAUSTOLO;35149081;4;1;1;0;FAUSTOLO;1347;RUA;LAPA;5041001;11;21859800;1;15000;15FEB2024:00:00:00;20DEC2024:00:00:00;;;;;0;;;;;;;;;;;;;;;;;;;;0;0;0;0;0;1;0;3,70981E+12;3,70981E+12;1;2;;;1;1;0;0;0;0;;0;0;0;1;1;0;0;0;0;0;1;0;0;0;1;0;0;0;0;1;0;0;0;0;1;0;0;0;1;0;0;1;1;0;1;0;1;1;1;1;0;0;0;0;1;0;0;1;0;0;0;0;0;0;0;0;0;0;0;0;1;0;1;0;1;0;0;0;0;1;1;1;0;0;0;1;1;0;0;12;0;12;0;0;1;1;1;1;1;1;0;1;6;1;1;1;5;1;12;0;0;1;70;1;68;0;0;1;1;1;1;1;1;1;3;1;1;11;1;7;1;4;0;0;1;3;0;0;0;0;0;0;0;0;1;1;1;1;1;3;1;2;1;1;0;0;0;0;0;0;0;0;0;1;0;0;1;1;1;0;1;0;0;0;1;0;0;0;0;0;0;;;;;0;;;;;;;1;1;1;0;0;1;0;0;0;0;1;1;0;1;1;1;0;0;0;1;0;0;0;1;1;0;1;0;0;0;0;0;0;0;1;1;0;0;0;1;1;0;216;0;0;0;0;0;0;0;0;0;0;0;0;0;0;0;0;0;0;0;0;0;0;0;0;0;0;0;0;0;0;0;0;0;216;216;8;208;0;0;0;0;0;0;0;0;0;0;1;1;0;175;41;80;86;5;40;2;3;0;0;0;0;7;209;152;64;0;0;0;0;0;0;0;0;216;0;0;0;0;0;9;0;0;0;0;0;0;0;9;9;0;0;0;1;1;0;9;0;0;0;0;0;0;0;9;9;0;0;0;1;1;0;6;3;0;0;0;0;0;0;0;0
2024;Sudeste;3;São Paulo;SP;35;São Paulo;3550308;São Paulo;3501;São Paulo;350001;Metropolitana de São Paulo;15;São Paulo;61;Lapa;355030848;SENAC LAPA TITO;35287258;4;1;1;0;TITO;54;RUA;VILA ROMANA;5051000;11;28885500;1;15000;15FEB2024:00:00:00;20DEC2024:00:00:00;;;;;0;;;;;;;;;;;;;;;;;;;;0;0;0;0;0;1;0;1E+14;1E+14;1;2;;;1;1;0;0;0;0;;0;0;0;1;1;0;0;0;0;0;1;0;0;0;1;0;0;0;0;1;0;0;0;0;1;0;1;0;1;0;0;0;1;0;1;0;1;1;1;0;0;0;0;0;1;0;0;1;0;0;0;0;0;0;0;0;0;0;0;0;0;0;1;0;1;0;0;0;0;0;0;0;0;0;0;0;0;1;0;29;0;29;0;0;1;1;1;1;1;0;0;1;3;1;1;1;14;0;0;0;0;1;1063;0;0;0;0;1;0;1;1;0;0;0;0;1;1;40;1;14;1;6;0;0;1;9;0;0;0;0;0;0;0;0;1;2;1;1;1;6;0;0;1;2;0;0;0;0;0;0;0;0;0;0;0;0;0;0;1;1;1;0;0;0;0;0;0;0;0;0;0;;;;;0;;;;;;;0;0;1;0;0;1;0;0;0;0;1;1;0;1;1;1;0;0;0;1;0;0;1;1;1;0;1;0;0;0;0;0;0;1;1;1;0;0;0;1;1;0;1710;0;0;0;0;0;0;0;0;0;0;0;0;0;0;0;376;0;0;0;0;0;0;376;135;105;136;0;0;0;0;0;0;0;1710;1710;158;1176;0;0;0;0;0;0;0;0;0;0;21;21;0;719;991;644;701;52;305;6;2;0;0;0;9;488;1213;980;730;0;0;0;0;0;0;0;0;1699;11;0;0;0;0;26;0;0;0;0;0;0;3;26;26;0;0;0;13;13;0;79;0;0;0;0;0;0;12;79;79;0;0;0;17;17;0;47;32;0;0;0;0;0;0;0;0
2024;Sudeste;3;São Paulo;SP;35;São Paulo;3550308;São Paulo;3501;São Paulo;350001;Metropolitana de São Paulo;15;São Paulo;61;Liberdade;355030849;SENAC ACLIMACAO;35449477;4;1;1;0;PIRES DA MOTA;838;RUA;ACLIMACAO;1529000;11;37951299;1;15000;15FEB2024:00:00:00;20DEC2024:00:00:00;;;;;0;;;;;;;;;;;;;;;;;;;;0;0;0;0;0;1;0;1E+14;1E+14;1;2;;;1;1;0;0;0;0;;0;0;0;1;1;0;0;0;0;0;1;0;0;0;1;0;0;0;0;1;0;0;0;0;1;0;0;0;0;0;0;1;1;0;1;0;1;1;1;1;1;0;0;0;1;0;0;1;0;0;0;0;0;1;0;0;0;0;0;0;1;1;1;0;1;0;0;0;0;0;0;0;0;0;0;0;0;1;0;27;0;27;0;0;1;1;1;1;1;1;0;1;1;1;8;1;6;1;25;0;0;1;143;1;247;1;5;1;1;1;1;1;1;1;3;1;1;60;1;23;1;1;0;0;0;0;0;0;0;0;0;0;1;7;1;1;1;1;1;6;1;7;1;2;0;0;0;0;0;0;0;0;0;1;0;1;1;0;1;1;0;1;0;1;0;0;0;0;0;0;0;;;;;0;;;;;;;1;1;1;0;0;1;0;0;0;0;1;1;0;1;1;1;0;0;0;1;0;0;1;1;1;0;1;0;0;0;0;0;0;1;1;1;0;0;0;1;1;0;799;0;0;0;0;0;0;0;0;0;0;0;0;0;0;0;419;0;0;0;0;0;0;419;152;139;128;0;0;0;0;0;0;0;799;799;1;379;0;0;0;0;0;0;0;0;0;0;6;6;0;485;314;381;296;17;95;8;2;0;0;0;8;387;404;567;232;0;0;0;0;0;0;0;0;794;5;0;0;0;0;34;0;0;0;0;0;0;12;34;34;0;0;0;6;6;0;38;0;0;0;0;0;0;12;38;38;0;0;0;6;6;0;24;14;0;0;0;0;0;0;0;0
2024;Sudeste;3;São Paulo;SP;35;São Paulo;3550308;São Paulo;3501;São Paulo;350001;Metropolitana de São Paulo;15;São Paulo;61;Penha;355030859;SENAC PENHA;35149135;4;1;1;0;FRANCISCO COIMBRA PENHA;403;RUA;PENHA;3639000;11;21350300;1;15000;15FEB2024:00:00:00;20DEC2024:00:00:00;;;;;0;;;;;;;;;;;;;;;;;;;;0;0;0;0;0;1;0;1E+14;1E+14;1;2;;;1;1;0;0;0;0;;0;0;0;1;1;0;0;0;0;0;1;0;0;0;1;0;0;0;0;1;0;0;0;0;1;0;1;0;1;1;0;1;1;0;1;1;0;1;1;1;0;0;0;0;0;0;0;1;0;0;0;0;0;0;0;0;0;0;0;0;1;0;1;0;1;0;0;0;0;1;1;1;1;0;0;1;1;0;0;15;0;15;15;15;1;1;0;1;1;1;0;0;0;1;1;1;8;1;14;0;0;1;126;1;39;0;0;1;1;1;1;1;0;1;2;1;1;26;1;14;1;4;0;0;1;3;0;0;0;0;0;0;0;0;1;1;1;1;1;6;1;88888;1;2;0;0;0;0;0;0;0;0;0;1;0;0;1;0;1;1;1;0;0;0;0;0;0;0;0;0;0;;;;;0;;;;;;;1;0;0;0;0;1;0;0;0;0;1;1;0;1;1;1;0;0;0;1;0;0;0;1;1;0;1;0;0;0;0;0;0;0;1;1;0;0;0;1;1;0;387;0;0;0;0;0;0;0;0;0;0;0;0;0;0;0;0;0;0;0;0;0;0;0;0;0;0;0;0;0;0;0;0;0;387;387;19;368;0;0;0;0;0;0;0;0;0;0;4;4;0;264;123;219;106;8;54;0;0;0;0;0;0;17;370;181;206;0;0;0;0;0;0;0;0;386;1;0;0;0;0;17;0;0;0;0;0;0;0;17;17;0;0;0;2;2;0;18;0;0;0;0;0;0;0;18;18;0;0;0;2;2;0;9;9;0;0;0;0;0;0;0;0
2024;Sudeste;3;São Paulo;SP;35;São Paulo;3550308;São Paulo;3501;São Paulo;350001;Metropolitana de São Paulo;15;São Paulo;61;Santa Cecília;355030869;SENAC FRANCISCO MATARAZZO;35148623;4;1;1;0;FRANCISCO MATARAZZO;249;AVENIDA;AGUA BRANCA;5001000;11;21892100;1;15000;15FEB2024:00:00:00;20DEC2024:00:00:00;;;;;0;;;;;;;;;;;;;;;;;;;;0;0;0;0;0;1;0;1E+14;1E+14;1;2;;;1;1;0;0;0;0;;0;1;0;1;1;0;0;0;0;0;1;0;0;0;1;0;0;0;0;1;0;0;0;0;1;0;1;0;1;0;0;0;1;0;1;0;0;0;0;0;0;0;0;0;1;0;0;0;0;0;0;0;0;0;0;0;0;1;0;0;0;0;1;0;0;0;0;0;0;0;0;0;0;0;0;0;0;1;0;48;0;48;0;0;0;1;0;1;1;1;0;1;1;0;0;1;13;1;40;0;0;1;59;1;251;1;13;1;1;1;1;1;1;1;3;1;1;39;1;15;1;5;0;0;1;7;0;0;0;0;0;0;0;0;1;2;1;1;1;8;1;88888;1;1;0;0;0;0;0;0;0;0;0;1;0;1;1;0;1;1;0;1;0;1;1;0;0;0;0;0;0;;;;;0;;;;;;;1;1;1;0;0;1;0;0;0;0;1;1;0;1;1;1;0;0;0;1;0;0;1;1;1;0;1;0;0;0;0;0;0;1;1;1;0;0;0;1;1;0;838;0;0;0;0;0;0;0;0;0;0;0;0;0;0;0;208;0;0;0;0;0;0;208;88;54;66;0;0;0;0;0;0;0;838;838;80;550;0;0;0;0;0;0;0;0;0;0;8;8;0;500;338;275;349;33;170;4;7;0;0;0;6;254;578;510;328;0;0;0;0;0;0;0;0;829;9;0;33;0;33;25;0;0;0;0;0;0;7;25;25;0;0;0;12;12;0;32;0;0;0;0;0;0;6;32;32;0;0;0;6;6;0;20;12;0;0;0;0;0;0;0;0
2024;Sudeste;3;São Paulo;SP;35;São Paulo;3550308;São Paulo;3501;São Paulo;350001;Metropolitana de São Paulo;15;São Paulo;61;Santana;355030870;SENAC SANTANA;35148573;4;1;1;0;VOLUNTARIOS DA PATRIA;3167;RUA;SANTANA;2401200;11;21468250;1;15000;15FEB2024:00:00:00;20DEC2024:00:00:00;;;;;0;;;;;;;;;;;;;;;;;;;;0;0;0;0;0;1;0;3,70981E+12;3,70981E+12;1;2;;;1;1;0;0;0;0;;0;0;0;1;1;0;0;0;0;0;1;0;0;0;1;0;0;0;0;1;0;0;0;0;1;0;1;0;1;0;0;0;1;0;1;0;1;1;1;0;1;0;0;0;1;0;0;0;0;0;0;0;0;0;0;0;0;0;0;0;0;0;1;0;1;0;0;0;0;0;1;1;0;0;1;1;1;0;1;22;0;22;22;22;0;1;1;1;1;1;0;0;0;0;0;1;1;1;5;1;22;1;32;1;104;0;0;1;1;1;1;1;1;1;3;1;1;40;1;8;1;5;0;0;0;0;0;0;0;0;0;0;0;0;1;1;1;1;1;6;1;5;1;2;0;0;1;2;0;0;0;0;0;1;0;0;1;0;1;1;0;0;0;1;0;0;0;0;0;0;0;;;;;0;;;;;;;1;1;1;0;0;0;0;0;1;1;1;0;0;0;1;1;0;0;0;1;0;0;0;1;1;0;1;0;0;0;0;0;0;0;1;1;0;0;0;1;1;0;383;0;0;0;0;0;0;0;0;0;0;0;0;0;0;0;0;0;0;0;0;0;0;0;0;0;0;0;0;0;0;0;0;0;383;383;31;352;0;0;0;0;0;0;0;0;0;0;6;6;0;243;140;141;145;19;75;3;0;0;0;0;0;29;354;246;137;0;0;0;0;0;0;0;0;381;2;0;1;0;1;13;0;0;0;0;0;0;0;13;13;0;0;0;4;4;0;18;0;0;0;0;0;0;0;18;18;0;0;0;4;4;0;12;6;0;0;0;0;0;0;0;0
2024;Sudeste;3;São Paulo;SP;35;São Paulo;3550308;São Paulo;3501;São Paulo;350001;Metropolitana de São Paulo;15;São Paulo;61;Santo Amaro;355030871;SENAC LARGO TREZE;35148714;4;1;1;0;ANTONIO BENTO DOUTOR;393;RUA;SANTO AMARO;4750000;11;37373900;1;15000;15FEB2024:00:00:00;20DEC2024:00:00:00;;;;;0;;;;;;;;;;;;;;;;;;;;1;0;0;0;0;0;0;3,70981E+12;3,70981E+12;1;2;;;1;1;0;0;0;0;;0;0;0;1;1;0;0;0;0;0;1;0;0;0;1;0;0;0;0;1;0;0;0;0;1;0;1;0;1;0;0;1;1;0;1;1;1;1;1;0;1;0;0;0;1;0;0;1;0;0;0;0;0;0;0;0;0;0;0;0;1;0;1;0;1;0;0;0;0;0;0;0;0;0;0;0;0;1;0;21;0;21;21;0;1;1;1;1;1;1;0;0;0;1;3;1;3;1;88888;0;0;1;100;1;60;1;10;1;1;1;1;1;1;1;3;1;1;36;1;11;1;3;0;0;0;0;0;0;0;0;0;0;0;0;1;1;1;1;1;6;1;57;1;5;0;0;0;0;0;0;0;0;0;1;0;0;1;0;1;1;0;0;0;0;0;0;0;0;0;0;0;;;;;0;;;;;;;1;0;0;0;0;1;0;0;0;1;1;1;0;1;1;1;0;0;0;1;0;0;0;1;1;0;1;0;0;0;0;0;0;0;1;1;0;0;0;1;1;0;960;0;0;0;0;0;0;0;0;0;0;0;0;0;0;0;0;0;0;0;0;0;0;0;0;0;0;0;0;0;0;0;0;0;960;960;50;910;0;0;0;0;0;0;0;0;0;0;6;6;0;622;338;464;271;25;190;8;2;0;0;0;0;36;924;640;320;0;0;0;0;0;0;0;0;952;8;0;0;0;0;14;0;0;0;0;0;0;0;14;14;0;0;0;4;4;0;31;0;0;0;0;0;0;0;31;31;0;0;0;5;5;0;21;10;0;0;0;0;0;0;0;0
2024;Sudeste;3;São Paulo;SP;35;São Paulo;3550308;São Paulo;3501;São Paulo;350001;Metropolitana de São Paulo;15;São Paulo;61;São Miguel;355030874;SENAC SAO MIGUEL PAULISTA;35004682;4;1;1;0;MARECHAL TITO;1500;;SAO MIGUEL PAULISTA;8010090;11;25048458;1;15000;15FEB2024:00:00:00;20DEC2024:00:00:00;;;;;0;;;;;;;;;;;;;;;;;;;;0;0;0;0;0;1;0;1E+14;1E+14;1;2;;;1;1;0;0;0;0;;0;0;0;1;1;0;0;0;0;0;1;0;0;0;1;0;0;0;0;1;0;0;0;0;1;1;1;0;0;0;0;0;0;0;0;0;0;1;1;0;0;0;0;0;0;0;0;0;0;0;0;0;0;0;0;0;0;0;0;0;0;0;0;0;0;0;0;0;0;0;1;1;0;1;0;0;0;0;0;47;0;47;0;0;1;1;1;1;1;0;0;0;0;0;0;1;16;0;0;0;0;1;645;0;0;0;0;1;1;1;1;1;1;0;3;1;1;49;1;33;1;8;0;0;1;7;0;0;0;0;0;0;1;3;1;1;1;1;1;18;1;4;1;1;0;0;0;0;0;0;0;0;0;1;0;1;1;1;1;1;1;1;0;0;0;0;0;0;0;0;0;;;;;0;;;;;;;1;0;1;0;0;1;0;1;0;1;1;1;0;1;1;1;0;0;0;1;0;0;1;1;1;0;1;0;0;0;0;0;0;1;1;1;0;0;0;1;1;0;2208;0;0;0;0;0;0;0;0;0;0;0;0;0;0;0;396;0;0;0;0;0;0;396;121;145;130;0;0;0;0;0;0;0;2208;2208;192;1620;0;0;0;0;0;0;0;0;0;0;17;17;0;1381;827;970;725;50;462;0;1;0;0;0;3;545;1660;1395;813;0;0;0;0;0;0;0;0;2175;33;0;0;0;0;50;0;0;0;0;0;0;7;50;50;0;0;0;14;14;0;89;0;0;0;0;0;0;11;89;89;0;0;0;15;15;0;56;33;0;0;0;0;0;0;0;0
2024;Sudeste;3;São Paulo;SP;35;São Paulo;3550308;São Paulo;3501;São Paulo;350001;Metropolitana de São Paulo;15;São Paulo;61;Tatuapé;355030880;SENAC TATUAPE SERRA DE BRAGANCA;35006847;4;1;1;0;SERRA DE BRAGANCA;990;;VILA GOMES CARDIM;3318000;11;32362383;1;15000;15FEB2024:00:00:00;20DEC2024:00:00:00;;;;;0;;;;;;;;;;;;;;;;;;;;0;0;0;0;0;1;0;3,70981E+12;3,70981E+12;1;2;;;1;1;0;0;0;0;;0;0;0;1;1;0;0;0;0;0;1;0;0;0;1;0;0;0;0;1;0;0;0;0;1;0;1;0;0;0;0;0;0;0;0;0;0;0;0;0;0;0;0;0;0;0;0;0;0;0;0;0;0;0;0;0;0;0;0;0;0;0;0;0;0;0;0;0;1;1;0;0;0;0;0;0;0;0;0;4;0;4;0;0;1;1;1;1;1;1;0;0;0;1;1;1;4;1;4;1;4;1;20;0;0;0;0;1;1;1;1;0;1;1;2;1;1;9;1;3;1;2;0;0;0;0;0;0;0;0;0;0;0;0;1;1;1;1;1;4;1;12;1;1;0;0;0;0;0;0;0;0;0;1;0;0;1;0;1;0;1;0;0;0;0;0;0;0;0;0;0;;;;;0;;;;;;;1;0;0;0;0;0;0;0;1;0;1;1;0;1;1;1;0;0;0;1;0;0;0;1;1;0;1;0;0;0;0;0;0;0;1;1;0;0;0;0;0;0;186;0;0;0;0;0;0;0;0;0;0;0;0;0;0;0;0;0;0;0;0;0;0;0;0;0;0;0;0;0;0;0;0;0;186;186;1;185;0;0;0;0;0;0;0;0;0;0;0;0;0;151;35;103;44;5;34;0;0;0;0;0;0;0;186;101;85;0;0;0;0;0;0;0;0;184;2;0;0;0;0;3;0;0;0;0;0;0;0;3;3;0;0;0;0;0;0;7;0;0;0;0;0;0;0;7;7;0;0;0;0;0;0;4;3;0;0;0;0;0;0;0;0
2024;Sudeste;3;São Paulo;SP;35;São Paulo;3550308;São Paulo;3501;São Paulo;350001;Metropolitana de São Paulo;15;São Paulo;61;Tatuapé;355030880;SENAC TATUAPE CEL LUIS AMERICANO;35148593;4;1;1;0;CORONEL LUIS AMERICANO;130;RUA;VILA AZEVEDO;3308020;11;21912900;1;15000;15FEB2024:00:00:00;20DEC2024:00:00:00;;;;;0;;;;;;;;;;;;;;;;;;;;1;0;0;0;0;0;0;3,70981E+12;3,70981E+12;1;2;;;1;1;0;0;0;0;;0;0;0;1;1;0;0;0;0;0;1;0;0;0;1;0;0;0;0;1;0;0;0;0;1;0;0;0;1;0;0;1;1;0;0;0;1;1;1;1;0;0;0;0;1;0;0;0;0;0;0;0;0;0;0;0;0;0;0;0;1;0;1;0;1;0;0;0;0;0;0;0;0;0;0;0;0;1;0;13;0;13;0;0;1;1;1;1;1;0;0;1;2;1;1;1;4;0;0;1;1;1;145;0;0;0;0;1;0;1;1;0;0;0;1;1;1;26;1;8;1;5;0;0;0;0;0;0;0;0;0;0;0;0;1;1;1;1;1;4;1;88888;1;1;0;0;0;0;0;0;0;0;0;1;0;1;1;0;1;1;1;0;0;0;0;0;0;0;0;0;0;;;;;0;;;;;;;1;0;0;0;0;0;0;0;1;0;1;1;0;1;1;1;0;0;0;1;0;0;0;1;1;0;1;0;0;0;0;0;0;0;1;1;0;0;0;1;1;0;443;0;0;0;0;0;0;0;0;0;0;0;0;0;0;0;0;0;0;0;0;0;0;0;0;0;0;0;0;0;0;0;0;0;443;443;37;406;0;0;0;0;0;0;0;0;0;0;3;3;0;255;188;199;137;8;99;0;0;0;0;0;0;32;411;268;175;0;0;0;0;0;0;0;0;438;5;0;0;0;0;17;0;0;0;0;0;0;0;17;17;0;0;0;3;3;0;24;0;0;0;0;0;0;0;24;24;0;0;0;3;3;0;14;10;0;0;0;0;0;0;0;0
2024;Sudeste;3;São Paulo;SP;35;São Paulo;3550308;São Paulo;3501;São Paulo;350001;Metropolitana de São Paulo;15;São Paulo;61;Vila Prudente;355030893;SENAC VILA PRUDENTE;35148581;4;1;1;0;DO ORFANATO;316;RUA;VILA PRUDENTE;3131010;11;34740720;1;15000;15FEB2024:00:00:00;20DEC2024:00:00:00;;;;;0;;;;;;;;;;;;;;;;;;;;0;0;0;0;0;1;0;1E+14;1E+14;1;2;;;1;1;0;0;0;0;;0;0;0;1;1;0;0;0;0;0;1;0;0;0;1;0;0;0;0;1;0;0;0;0;1;0;1;0;1;0;0;1;1;0;0;0;0;1;1;0;0;0;0;0;1;0;0;0;0;0;0;0;0;0;0;0;0;0;0;0;1;0;1;0;1;0;0;0;0;0;0;0;0;0;0;0;0;1;0;15;0;15;0;0;0;1;1;1;1;1;0;1;1;1;1;1;5;1;88888;0;0;1;93;1;30;0;0;1;1;1;1;1;1;1;2;1;1;24;1;9;1;3;0;0;0;0;0;0;0;0;0;0;0;0;0;0;1;1;1;4;1;88888;1;1;0;0;0;0;0;0;0;0;0;0;0;0;0;0;1;1;0;0;0;0;0;0;0;0;0;0;0;;;;;0;;;;;;;0;1;0;0;0;0;0;0;1;0;1;1;0;1;1;1;0;0;0;1;0;0;0;1;1;0;1;0;0;0;0;0;0;0;1;1;0;0;0;1;1;0;578;0;0;0;0;0;0;0;0;0;0;0;0;0;0;0;0;0;0;0;0;0;0;0;0;0;0;0;0;0;0;0;0;0;578;578;40;538;0;0;0;0;0;0;0;0;0;0;5;5;0;374;204;277;194;15;87;3;2;0;0;0;0;24;554;266;312;0;0;0;0;0;0;0;0;571;7;0;0;0;0;26;0;0;0;0;0;0;0;26;26;0;0;0;3;3;0;29;0;0;0;0;0;0;0;29;29;0;0;0;3;3;0;15;14;0;0;0;0;0;0;0;0
2024;Sudeste;3;São Paulo;SP;35;Sorocaba;3552205;Sorocaba;3502;Sorocaba;350003;Macro Metropolitana Paulista;12;Sorocaba;46;Sorocaba;355220505;SENAC SOROCABA;35148799;4;1;1;0;CORONEL NOGUEIRA PADILHA;2392;RUA;VILA HORTENCIA;18020003;15;34122500;1;15000;29JAN2024:00:00:00;20DEC2024:00:00:00;;;;;0;;;;;;;;;;;;;;;;;;;;0;0;0;0;0;1;0;1E+14;1E+14;1;2;;;1;1;0;0;0;0;;0;0;0;1;1;1;0;0;0;0;1;0;0;0;1;0;0;0;0;1;0;0;0;0;0;0;1;0;1;0;0;1;1;0;1;0;0;1;1;1;0;0;0;0;0;0;0;0;0;0;0;0;0;1;0;0;0;0;0;0;0;1;1;0;1;0;0;0;0;0;0;0;0;0;0;0;0;1;0;25;0;25;0;0;0;1;0;1;1;1;0;0;0;0;0;1;16;1;21;0;0;1;435;1;278;1;8;1;1;1;1;1;1;0;0;1;1;29;1;30;1;4;0;0;1;6;0;0;0;0;0;0;0;0;1;1;1;1;0;0;0;0;1;1;0;0;0;0;0;0;0;0;0;1;0;0;0;0;1;0;0;0;0;0;0;0;0;0;0;0;0;;;;;0;;;;;;;1;1;0;0;0;1;0;0;0;0;1;1;0;1;1;1;0;0;0;1;0;0;1;1;1;0;1;0;0;0;0;0;0;1;1;1;0;0;0;1;1;0;1370;0;0;0;0;0;0;0;0;0;0;0;0;0;0;0;212;0;0;0;0;0;0;212;77;70;65;0;0;0;0;0;0;0;1370;1370;75;1083;0;0;0;0;0;0;0;0;0;0;15;15;0;826;544;496;702;26;137;6;3;0;0;0;5;251;1114;919;451;0;0;0;0;0;0;0;0;1314;56;0;0;0;0;36;0;0;0;0;0;0;14;36;36;0;0;0;18;18;0;59;0;0;0;0;0;0;6;59;59;0;0;0;10;10;0;39;20;0;0;0;0;0;0;0;0
2024;Sudeste;3;São Paulo;SP;35;Taboão da Serra;3552809;São Paulo;3501;São Paulo;350001;Metropolitana de São Paulo;15;Itapecerica da Serra;60;Taboão da Serra;355280905;SENAC TABOAO DA SERRA;35563390;4;1;1;0;SALVADOR BRANCO DE ANDRADE;182;RUA;JARDIM SAO MIGUEL;6760100;11;42452008;1;15000;04JAN2024:00:00:00;20DEC2024:00:00:00;;;;;0;;;;;;;;;;;;;;;;;;;;0;0;0;0;0;1;0;3,70981E+12;3,70981E+12;1;2;;;1;1;0;0;0;0;;0;0;0;1;1;0;0;0;0;0;1;1;1;0;1;0;0;0;0;1;0;0;0;0;0;0;1;0;1;0;0;1;1;0;1;0;1;1;1;0;0;0;0;0;0;0;1;0;0;0;0;0;0;0;0;0;0;0;0;0;1;0;1;0;0;0;0;0;0;0;1;1;0;1;0;0;0;0;0;23;0;23;0;0;1;1;1;1;1;1;0;1;1;1;28;1;4;1;28;0;0;1;260;1;26;1;4;1;1;1;1;0;1;0;2;1;1;37;1;10;1;5;0;0;0;0;0;0;0;0;1;1;0;0;1;2;1;1;1;4;1;88888;0;0;0;0;0;0;0;0;0;0;0;1;0;0;1;0;1;0;0;0;0;0;0;0;0;0;0;0;0;;;;;0;;;;;;;1;0;0;0;0;0;0;0;1;1;1;1;0;1;1;1;0;0;0;1;0;0;1;1;1;0;1;0;0;0;0;0;0;1;1;1;0;0;0;1;1;0;823;0;0;0;0;0;0;0;0;0;0;0;0;0;0;0;74;0;0;0;0;0;0;74;74;0;0;0;0;0;0;0;0;0;823;823;102;647;0;0;0;0;0;0;0;0;0;0;7;7;0;515;308;352;265;22;177;6;1;0;0;0;1;166;656;489;334;0;0;0;0;0;0;0;0;811;12;0;0;0;0;27;0;0;0;0;0;0;13;27;27;0;0;0;16;16;0;36;0;0;0;0;0;0;2;36;36;0;0;0;6;6;0;24;12;0;0;0;0;0;0;0;0
2024;Sudeste;3;São Paulo;SP;35;Taubaté;3554102;São José dos Campos;3511;Taubaté - Pindamonhangaba;350050;Vale do Paraíba Paulista;13;São José dos Campos;50;Taubaté;355410205;SENAC TAUBATE;35148775;4;1;1;0;PROFESSOR NELSON FREIRE CAMPELLO;202;RUA;JARDIM EULALIA;12010700;12;21256099;1;15000;15FEB2024:00:00:00;20DEC2024:00:00:00;;;;;0;;;;;;;;;;;;;;;;;;;;0;0;0;0;0;1;0;1E+14;1E+14;1;2;;;1;1;0;0;0;0;;1;1;0;1;1;1;0;0;0;0;1;0;0;0;1;0;0;0;0;1;0;0;1;0;1;0;0;0;0;0;0;1;1;0;1;0;1;1;1;1;1;0;0;0;1;0;0;1;0;0;1;0;1;0;0;0;0;0;0;0;1;0;1;0;1;0;0;0;0;0;0;0;0;0;0;0;0;1;0;17;0;17;0;0;1;1;0;1;1;1;0;1;1;1;1;1;3;1;22;0;0;1;198;1;75;1;4;1;1;1;1;1;1;1;2;1;1;3;1;10;1;3;1;88888;1;3;0;0;0;0;0;0;1;6;1;1;1;1;1;4;1;1;0;0;0;0;0;0;0;0;0;0;0;1;0;0;1;0;1;0;1;0;0;0;0;0;0;0;0;0;0;;;;;0;;;;;;;1;0;0;0;0;1;0;0;0;1;1;1;0;1;1;1;0;0;0;1;0;0;0;1;1;0;1;0;0;0;0;0;0;0;1;1;0;0;0;1;1;0;455;0;0;0;0;0;0;0;0;0;0;0;0;0;0;0;0;0;0;0;0;0;0;0;0;0;0;0;0;0;0;0;0;0;455;455;31;424;0;0;0;0;0;0;0;0;0;0;4;4;0;330;125;173;227;6;46;1;2;0;0;0;0;22;433;245;210;0;0;0;0;0;0;0;0;442;13;0;0;0;0;23;0;0;0;0;0;0;0;23;23;0;0;0;4;4;0;23;0;0;0;0;0;0;0;23;23;0;0;0;4;4;0;13;10;0;0;0;0;0;0;0;0
2024;Sudeste;3;São Paulo;SP;35;Votuporanga;3557105;São José do Rio Preto;3507;Votuporanga;350027;São José do Rio Preto;1;Votuporanga;3;Votuporanga;355710505;SENAC VOTUPORANGA;35149073;4;1;1;0;GUAPORE;3221;RUA;SANTA LUZIA;15500086;17;34266700;1;15000;15FEB2024:00:00:00;20DEC2024:00:00:00;;;;;0;;;;;;;;;;;;;;;;;;;;0;0;0;0;0;1;0;3,70981E+12;3,70981E+12;1;2;;;1;3;0;0;0;0;;0;0;0;1;1;0;0;0;0;0;1;0;0;0;1;0;0;0;0;1;0;0;0;0;0;0;0;1;1;0;0;0;1;0;1;0;0;0;0;1;0;0;0;0;1;0;1;1;0;0;0;0;0;0;0;0;0;0;0;0;1;0;1;0;1;0;0;0;0;0;0;0;0;0;0;0;0;1;0;7;0;7;0;0;1;1;1;1;1;0;0;1;1;1;5;1;3;1;8;0;0;1;10;1;7;1;1;1;1;1;1;1;1;0;0;1;1;22;0;0;0;0;0;0;1;1;0;0;0;0;0;0;0;0;1;1;1;1;0;0;0;0;1;1;0;0;0;0;0;0;0;0;0;0;0;0;1;0;0;0;0;0;0;0;0;0;0;0;0;0;0;;;;;0;;;;;;;1;1;0;0;0;1;0;1;0;1;1;0;0;0;0;0;1;0;0;1;0;0;0;1;1;0;1;0;0;0;0;0;0;0;1;1;0;0;0;1;1;0;282;0;0;0;0;0;0;0;0;0;0;0;0;0;0;0;0;0;0;0;0;0;0;0;0;0;0;0;0;0;0;0;0;0;282;282;13;269;0;0;0;0;0;0;0;0;0;0;3;3;0;205;77;69;143;13;57;0;0;0;0;0;0;7;275;127;155;0;0;0;0;0;0;0;0;268;14;0;0;0;0;5;0;0;0;0;0;0;0;5;5;0;0;0;3;3;0;15;0;0;0;0;0;0;0;15;15;0;0;0;3;3;0;7;8;0;0;0;0;0;0;0;0
2024;Sul;4;Paraná;PR;41;Apucarana;4101408;Londrina;4105;Apucarana;410023;Norte Central Paranaense;3;Apucarana;10;Apucarana;410140805;UEPT 5 - UNIDADE DE EDUCACAO PRO E TECNOLOGICA DE APUCARANA- SENAC;41152085;4;1;1;0;GASTAO VIDIGAL;185;;JABOTI;86800050;43;34202800;1;1;08JAN2024:00:00:00;14DEC2024:00:00:00;;;;;0;;;;;;;;;;;;;;;;;;;;0;0;0;0;0;1;0;3,54109E+12;3,54109E+12;1;1;;;1;1;0;0;0;0;;0;1;0;1;1;0;0;0;0;0;1;0;0;0;1;0;0;0;0;1;0;0;0;0;1;0;0;0;1;0;0;1;1;0;1;1;0;1;1;1;0;0;0;0;1;0;1;0;0;0;0;0;0;0;0;0;0;0;0;0;1;1;1;0;1;0;0;0;0;1;1;1;1;1;0;0;1;0;0;19;0;19;0;0;1;1;1;1;1;1;0;1;1;1;1;1;1;0;0;1;13;1;40;0;0;0;0;1;1;1;1;0;1;1;3;1;1;7;0;0;0;0;1;88888;0;0;0;0;0;0;0;0;1;2;1;2;1;1;0;0;0;0;1;1;0;0;0;0;0;0;0;0;0;1;0;1;1;0;0;0;0;0;0;0;0;0;0;0;0;0;0;;;;;1;0;1;0;0;0;0;1;0;0;0;0;0;0;0;1;0;0;9;9;9;9;9;9;0;0;1;0;0;0;1;1;0;1;0;0;0;0;0;0;0;1;1;0;0;0;1;1;0;163;0;0;0;0;0;0;0;0;0;0;0;0;0;0;0;0;0;0;0;0;0;0;0;0;0;0;0;0;0;0;0;0;0;163;80;0;80;83;0;0;0;0;0;0;0;0;0;5;5;0;95;68;91;44;5;20;2;1;0;0;0;2;73;88;88;75;0;0;0;0;0;0;0;0;161;2;0;0;0;0;43;0;0;0;0;0;0;0;43;38;0;0;0;7;7;0;15;0;0;0;0;0;0;0;15;5;0;0;0;4;4;0;8;7;0;0;0;0;0;0;0;0
2024;Sul;4;Paraná;PR;41;Arapongas;4101507;Londrina;4105;Londrina;410021;Norte Central Paranaense;3;Apucarana;10;Arapongas;410150705;UEPT 48 - UNIDADE DE EDUCACAO PRO E TECNOLOGICA DE ARAPONGAS- SENAC;41164911;4;1;1;0;RUA TICO TICO REI;51;;JARDIM CARAVELLE;86702666;43;32235650;1;1;08JAN2024:00:00:00;14DEC2024:00:00:00;;;;;0;;;;;;;;;;;;;;;;;;;;0;0;0;0;0;1;0;3,54109E+12;3,54109E+12;1;1;;;1;1;0;0;0;0;;0;1;0;1;1;0;0;0;0;0;1;0;0;0;1;0;0;0;0;1;0;0;0;0;1;0;0;0;1;0;0;1;1;0;1;1;0;1;1;1;0;0;0;0;1;0;1;0;0;0;1;1;0;0;0;0;0;0;0;0;1;1;1;0;1;0;0;0;0;1;0;1;1;1;0;1;1;0;0;9;0;9;9;9;1;1;1;1;1;1;0;1;1;1;1;1;1;0;0;1;10;1;45;0;0;1;25;1;1;1;1;0;1;1;3;1;1;5;1;4;1;1;1;88888;0;0;0;0;0;0;0;0;0;0;1;2;1;1;0;0;0;0;1;1;0;0;0;0;0;0;0;0;0;1;0;1;1;0;0;0;0;0;0;0;0;0;0;0;0;0;0;;;;;1;0;1;0;0;0;0;1;0;0;0;0;0;0;0;1;0;1;0;0;0;0;1;0;0;0;1;0;0;1;1;0;0;1;0;0;0;0;0;0;1;1;1;0;0;0;1;1;0;139;0;0;0;0;0;0;0;0;0;0;0;0;0;0;0;55;0;0;0;0;0;0;55;28;27;0;0;0;0;0;0;0;0;139;78;0;23;61;0;0;0;0;0;0;0;0;0;3;3;0;81;58;37;78;0;24;0;0;0;0;0;19;92;28;139;0;0;0;0;0;0;0;0;0;139;0;0;0;0;0;38;0;0;0;0;0;0;26;38;34;0;0;0;26;26;0;10;0;0;0;0;0;0;2;10;3;0;0;0;2;2;0;10;0;0;0;0;0;0;0;0;0
2024;Sul;4;Paraná;PR;41;Barracão;4102604;Cascavel;4103;Francisco Beltrão;410009;Sudoeste Paranaense;7;Francisco Beltrão;26;Barracão;410260405;UEP 41 - UNIDADE DE EDUCACAO PROFISSIONAL E TECNOLOGICA DE BARRACAO- SENAC;41152336;4;;1;;AV. BRASILIA;60;1 ANDAR;CENTRO;85700000;49;36440317;2;12;;;;;;;;;;;;;;;;;;;;;;;;;;;;;;;;;;;;;;;;;;;;;;;;;;;;;;;;;;;;;;;;;;;;;;;;;;;;;;;;;;;;;;;;;;;;;;;;;;;;;;;;;;;;;;;;;;;;;;;;;;;;;;;;;;;;;;;;;;;;;;;;;;;;;;;;;;;;;;;;;;;;;;;;;;;;;;;;;;;;;;;;;;;;;;;;;;;;;;;;;;;;;;;;;;;;;;;;;;;;;;;;;;;;;;;;;;;;;;;;;;;;;;;;;;;;;;;;;;;;;;;;;;;;;;;;;;;;;;;;;;;;;;;;;;;;;;;;;;;;;;;;;;;;;;;;;;;;;;;;;;;;;;;;;;;;;;;;;;;;;;;;;;;;;;;;;;;;;;;;;;;;;;;;;;;;;;;;;;;;;;;;;;;;;;;;;
2024;Sul;4;Paraná;PR;41;Bela Vista do Paraíso;4102802;Londrina;4105;Londrina;410021;Norte Central Paranaense;3;Porecatu;7;Bela Vista do Paraíso;410280205;UEPT 52 - UNIDADE DE EDUCACAO PRO E TECNOLOGICA DE BELA VISTA DO PARAISO- SENAC;41163966;4;1;1;0;PRACA BRASILIO DE ARAUJO FILHO;41;;CENTRO;86130000;43;32428749;1;18;08JAN2024:00:00:00;14DEC2024:00:00:00;;;;;0;;;;;;;;;;;;;;;;;;;;0;0;0;0;0;1;0;3,54109E+12;3,54109E+12;1;1;;;1;1;0;0;0;0;;0;1;0;1;1;0;0;0;0;0;1;0;0;0;1;0;0;0;0;1;0;0;0;0;1;0;0;0;1;0;0;1;1;0;1;1;0;1;1;1;0;0;0;0;1;0;1;0;0;0;0;0;0;0;0;0;0;0;0;0;1;1;1;0;1;0;0;0;0;1;1;1;1;1;0;0;1;0;0;2;0;2;2;2;1;1;1;1;1;1;0;1;1;1;1;1;1;0;0;1;2;1;88888;0;0;0;0;1;1;1;1;0;1;1;3;1;1;1;0;0;0;0;1;1;0;0;0;0;0;0;0;0;0;0;0;0;0;0;0;0;0;0;1;1;0;0;0;0;0;0;0;0;0;1;0;1;1;0;0;0;0;0;0;0;0;0;0;0;0;0;0;;;;;1;0;1;0;0;0;0;1;0;0;0;0;0;0;0;1;0;0;9;9;9;9;9;9;0;0;1;0;0;0;1;0;0;1;0;0;0;0;0;0;0;1;1;0;0;0;1;1;0;11;0;0;0;0;0;0;0;0;0;0;0;0;0;0;0;0;0;0;0;0;0;0;0;0;0;0;0;0;0;0;0;0;0;11;11;0;11;0;0;0;0;0;0;0;0;0;0;3;3;0;6;5;11;0;0;0;0;0;0;0;0;0;3;8;11;0;0;0;0;0;0;0;0;0;11;0;0;0;0;0;5;0;0;0;0;0;0;0;5;5;0;0;0;5;5;0;1;0;0;0;0;0;0;0;1;1;0;0;0;1;1;0;1;0;0;0;0;0;0;0;0;0
2024;Sul;4;Paraná;PR;41;Campo Mourão;4104303;Maringá;4104;Campo Mourão;410015;Centro Ocidental Paranaense;2;Campo Mourão;5;Campo Mourão;410430305;UEPT 11 - UNIDADE DE EDUCACAO PRO E TECNOLOGICA DE CAMPO MOURAO- SENAC;41152140;4;1;1;0;RUA SAO JOSAFAT;1651;;CENTRO;87302170;44;35185600;1;5;08JAN2024:00:00:00;14DEC2024:00:00:00;;;;;0;;;;;;;;;;;;;;;;;;;;0;0;0;0;0;1;0;3,54109E+12;3,54109E+12;1;1;;;1;1;0;0;0;0;;0;1;0;1;1;0;0;0;0;0;1;0;0;0;1;0;0;0;0;1;0;0;0;0;1;0;0;0;1;0;0;1;1;0;1;1;0;1;1;1;0;0;0;0;1;0;1;0;0;0;0;0;0;0;0;0;0;0;0;0;1;1;1;0;1;0;0;0;0;1;1;1;1;1;0;0;1;0;0;20;0;20;0;0;1;1;1;1;1;1;0;1;1;1;1;1;1;0;0;1;15;1;72;0;0;0;0;1;1;1;1;0;1;1;3;1;1;10;0;0;1;1;1;13;0;0;0;0;0;0;0;0;1;1;1;1;1;1;0;0;1;1;1;1;0;0;0;0;0;0;0;0;0;1;0;1;1;0;0;0;0;0;0;0;0;0;0;0;0;0;0;;;;;1;0;1;0;0;0;0;1;0;0;0;0;0;0;0;1;0;0;9;9;9;9;9;9;0;0;1;0;0;0;1;1;0;1;0;0;0;0;0;0;0;1;1;0;0;0;1;1;0;403;0;0;0;0;0;0;0;0;0;0;0;0;0;0;0;0;0;0;0;0;0;0;0;0;0;0;0;0;0;0;0;0;0;403;162;0;162;241;0;0;0;0;0;0;0;0;0;9;9;0;254;149;94;196;7;106;0;0;0;0;0;1;226;176;267;136;0;0;0;0;0;0;0;0;403;0;0;0;0;0;44;0;0;0;0;0;0;0;44;41;0;0;0;29;29;0;28;0;0;0;0;0;0;0;28;10;0;0;0;8;8;0;19;9;0;0;0;0;0;0;0;0
2024;Sul;4;Paraná;PR;41;Cascavel;4104808;Cascavel;4103;Cascavel;410006;Oeste Paranaense;6;Cascavel;23;Cascavel;410480805;UEPT 4 - UNIDADE DE EDUCACAO PRO E TECNOLOGICA DE CASCAVEL- SENAC;41152077;4;1;1;0;RUA RECIFE;2283;;CENTRO;85810031;45;33921200;1;6;08JAN2024:00:00:00;14DEC2024:00:00:00;;;;;0;;;;;;;;;;;;;;;;;;;;0;0;0;0;0;1;0;3,54109E+12;3,54109E+12;1;1;;;1;1;0;0;0;0;;0;1;0;1;1;0;0;0;0;0;1;0;0;0;1;0;0;0;0;1;0;0;0;0;1;0;0;0;1;0;0;1;1;0;1;1;0;1;1;1;0;0;0;0;1;0;1;0;0;0;0;0;0;0;0;0;0;0;0;0;1;1;1;0;1;0;0;0;0;1;1;1;1;1;0;0;1;0;0;14;0;14;0;0;1;1;1;1;1;1;0;1;1;1;1;1;1;0;0;1;14;1;68;0;0;0;0;1;1;1;1;0;1;1;3;1;1;8;0;0;1;1;1;8;0;0;0;0;0;0;0;0;1;4;1;4;1;1;0;0;1;1;1;1;0;0;0;0;0;0;0;0;0;1;0;1;1;0;0;0;0;0;0;0;0;0;0;0;0;0;0;;;;;1;0;1;0;0;0;0;1;0;0;0;0;0;0;0;1;0;0;9;9;9;9;9;9;0;0;1;0;0;0;1;1;0;1;0;0;0;0;0;0;0;1;1;0;0;0;1;1;0;353;0;0;0;0;0;0;0;0;0;0;0;0;0;0;0;0;0;0;0;0;0;0;0;0;0;0;0;0;0;0;0;0;0;353;179;3;176;174;0;0;0;0;0;0;0;0;0;2;2;0;235;118;157;113;14;67;2;0;0;0;0;8;157;188;276;77;0;0;0;0;0;0;0;0;353;0;0;0;0;0;59;0;0;0;0;0;0;0;59;50;0;0;0;29;29;0;22;0;0;0;0;0;0;0;22;9;0;0;0;2;2;0;17;5;0;0;0;0;0;0;0;0
2024;Sul;4;Paraná;PR;41;Castro;4104907;Ponta Grossa;4106;Ponta Grossa;410027;Centro Oriental Paranaense;5;Ponta Grossa;21;Castro;410490705;UEPT 14 - UNIDADE DE EDUCACAO PRO E TECNOLOGICA DE CASTRO- SENAC;41152174;4;1;1;0;RUA ALFREDO LUIZ DE MATTOS;273;;CENTRO;84165030;42;32338650;1;25;08JAN2024:00:00:00;14DEC2024:00:00:00;;;;;0;;;;;;;;;;;;;;;;;;;;0;0;0;0;0;1;0;3,54109E+12;3,54109E+12;1;1;;;1;1;0;0;0;0;;0;1;0;1;1;0;0;0;0;0;1;0;0;0;1;0;0;0;0;1;0;0;0;0;1;0;0;0;1;0;0;1;1;0;1;1;0;1;1;1;0;0;0;0;1;0;1;0;0;0;0;0;0;0;0;0;0;0;0;0;1;1;1;0;1;0;0;0;0;1;1;1;1;1;0;0;1;0;0;8;0;8;0;0;1;1;1;1;1;1;0;1;1;1;1;1;1;0;0;1;9;1;34;0;0;0;0;1;1;1;1;0;1;1;3;1;1;4;0;0;0;0;1;6;0;0;0;0;0;0;0;0;0;0;1;3;1;1;0;0;0;0;1;1;0;0;0;0;0;0;0;0;0;1;0;1;1;0;0;0;0;0;0;0;0;0;0;0;0;0;0;;;;;1;0;1;0;0;0;0;1;0;0;0;0;0;0;0;1;0;0;9;9;9;9;9;9;0;0;1;0;0;0;1;1;0;1;0;0;0;0;0;0;0;1;1;0;0;0;1;1;0;194;0;0;0;0;0;0;0;0;0;0;0;0;0;0;0;0;0;0;0;0;0;0;0;0;0;0;0;0;0;0;0;0;0;194;118;0;118;76;0;0;0;0;0;0;0;0;0;5;5;0;149;45;73;93;4;24;0;0;0;0;0;1;73;120;78;116;0;0;0;0;0;0;0;0;194;0;0;0;0;0;35;0;0;0;0;0;0;0;35;30;0;0;0;8;8;0;14;0;0;0;0;0;0;0;14;6;0;0;0;4;4;0;8;6;0;0;0;0;0;0;0;0
2024;Sul;4;Paraná;PR;41;Cornélio Procópio;4106407;Londrina;4105;Cornélio Procópio ¿ Bandeirantes;410024;Norte Pioneiro Paranaense;4;Cornélio Procópio;15;Cornélio Procópio;410640705;UEPT 30 - UNIDADE DE EDUCACAO PRO E TECNOLOGICA DE CORNELIO PROCOPIO- SENAC;41152280;4;1;1;0;AV  MINAS GERAIS;751;;CENTRO;86300000;43;35206500;1;8;08JAN2024:00:00:00;14DEC2024:00:00:00;;;;;0;;;;;;;;;;;;;;;;;;;;0;0;0;0;0;1;0;3,54109E+12;3,54109E+12;1;1;;;1;1;0;0;0;0;;0;1;0;1;1;0;0;0;0;0;1;0;0;0;1;0;0;0;0;1;0;0;0;0;1;0;0;0;1;0;0;1;1;0;1;1;0;1;1;1;0;0;0;0;1;0;1;0;0;0;0;0;0;0;0;0;0;0;0;0;1;1;1;0;1;0;0;0;0;1;1;1;1;1;0;0;1;0;0;11;0;11;0;0;1;1;1;1;1;1;0;1;1;1;1;1;1;0;0;1;88888;1;33;0;0;1;25;1;1;1;1;0;1;1;3;1;1;6;0;0;0;0;1;88888;0;0;0;0;0;0;0;0;0;0;1;2;1;1;0;0;0;0;1;1;0;0;0;0;0;0;0;0;0;1;0;1;1;0;0;0;0;0;0;0;0;0;0;0;0;0;0;;;;;1;0;1;0;0;0;0;1;0;0;0;0;0;0;0;1;0;0;9;9;9;9;9;9;0;0;1;0;0;0;1;1;0;1;0;0;0;0;0;0;0;1;1;0;0;0;1;1;0;126;0;0;0;0;0;0;0;0;0;0;0;0;0;0;0;0;0;0;0;0;0;0;0;0;0;0;0;0;0;0;0;0;0;126;78;0;78;48;0;0;0;0;0;0;0;0;0;7;7;0;95;31;53;55;8;9;0;1;0;0;0;2;40;84;64;62;0;0;0;0;0;0;0;0;126;0;0;0;0;0;30;0;0;0;0;0;0;0;30;25;0;0;0;18;18;0;12;0;0;0;0;0;0;0;12;6;0;0;0;5;5;0;7;5;0;0;0;0;0;0;0;0
2024;Sul;4;Paraná;PR;41;Curitiba;4106902;Curitiba;4101;Curitiba;410001;Metropolitana de Curitiba;10;Curitiba;37;Curitiba;410690205;UEP 20 - UNIDADE DE EDUCACAO PROFISSIONAL DO PORTAO- SENAC;41152239;4;;1;;RUA CALIXTO RAZOLINI;215;;PORTAO;81070060;41;32293439;2;9;;;;;;;;;;;;;;;;;;;;;;;;;;;;;;;;;;;;;;;;;;;;;;;;;;;;;;;;;;;;;;;;;;;;;;;;;;;;;;;;;;;;;;;;;;;;;;;;;;;;;;;;;;;;;;;;;;;;;;;;;;;;;;;;;;;;;;;;;;;;;;;;;;;;;;;;;;;;;;;;;;;;;;;;;;;;;;;;;;;;;;;;;;;;;;;;;;;;;;;;;;;;;;;;;;;;;;;;;;;;;;;;;;;;;;;;;;;;;;;;;;;;;;;;;;;;;;;;;;;;;;;;;;;;;;;;;;;;;;;;;;;;;;;;;;;;;;;;;;;;;;;;;;;;;;;;;;;;;;;;;;;;;;;;;;;;;;;;;;;;;;;;;;;;;;;;;;;;;;;;;;;;;;;;;;;;;;;;;;;;;;;;;;;;;;;;;
2024;Sul;4;Paraná;PR;41;Curitiba;4106902;Curitiba;4101;Curitiba;410001;Metropolitana de Curitiba;10;Curitiba;37;Curitiba;410690205;UEPT 46 - UNIDADE DE EDUCACAO PRO E TECNOLOGICA DE CURITIBA PORTAO- SENAC;41156218;4;1;1;0;RUA CALIXTO RAZOLINI;215;;PORTAO;81070060;41;33145850;1;9;08JAN2024:00:00:00;14DEC2024:00:00:00;;;;;0;;;;;;;;;;;;;;;;;;;;0;0;0;0;0;1;0;3,54109E+12;3,54109E+12;1;1;;;1;1;0;0;0;0;;0;1;0;1;1;0;0;0;0;0;1;0;0;0;1;0;0;0;0;1;0;0;0;0;1;0;0;0;1;0;0;1;1;0;1;1;0;1;1;1;0;0;0;0;1;0;1;0;0;0;0;0;0;0;0;0;0;0;0;0;1;1;1;0;1;0;0;0;0;1;1;1;1;1;0;0;1;0;0;17;0;17;0;0;1;1;1;1;1;1;0;1;1;1;1;1;1;0;0;1;21;1;206;1;30;1;30;1;1;1;1;0;1;1;3;1;1;18;0;0;1;1;1;24;0;0;0;0;0;0;0;0;1;3;1;4;1;1;0;0;1;2;1;1;0;0;0;0;0;0;0;0;0;1;0;1;1;0;0;0;0;0;0;0;0;0;0;0;0;0;0;;;;;1;0;1;0;0;0;0;1;0;0;0;0;0;0;0;1;0;0;9;9;9;9;9;9;0;0;1;0;1;0;1;1;1;1;0;0;0;0;0;0;0;1;1;0;0;0;1;1;0;1657;0;0;0;0;0;0;0;0;0;0;0;0;0;0;0;0;0;0;0;0;0;0;0;0;0;0;0;0;0;0;0;0;0;1657;150;0;150;1507;0;0;0;0;0;0;0;0;0;40;40;0;792;865;763;400;70;408;15;1;0;0;0;65;1226;366;95;72;1490;0;0;0;0;0;0;0;1591;66;0;0;0;0;55;0;0;0;0;0;0;0;55;33;0;0;0;48;48;0;106;0;0;0;0;0;0;0;106;11;0;0;0;29;29;0;11;5;90;0;0;0;0;0;0;0
2024;Sul;4;Paraná;PR;41;Curitiba;4106902;Curitiba;4101;Curitiba;410001;Metropolitana de Curitiba;10;Curitiba;37;Curitiba;410690205;UEPT 1 - UNIDADE DE EDUCACAO PRO E TECNOLOGICA DE CURITIBA CENTRO- SENAC;41376897;4;1;1;0;RUA  ANDRE DE BARROS;750;;CENTRO;80010080;41;32194700;1;9;08JAN2024:00:00:00;14DEC2024:00:00:00;;;;;0;;;;;;;;;;;;;;;;;;;;0;0;0;0;0;1;0;3,54109E+12;3,54109E+12;1;1;;;1;1;0;0;0;0;;0;1;0;1;1;0;0;0;0;0;1;0;0;0;1;0;0;0;0;1;0;0;0;0;1;0;0;0;1;0;0;1;1;0;1;1;0;1;1;1;0;0;0;0;1;0;1;0;0;0;0;0;0;0;0;0;0;0;0;0;1;1;1;0;1;0;0;0;0;1;1;1;1;1;0;0;1;0;0;74;0;74;0;0;1;1;1;1;1;1;0;1;1;1;1;1;1;0;0;1;78;1;406;0;0;1;44;1;1;1;1;0;1;1;3;1;1;60;0;0;1;1;1;14;0;0;0;0;0;0;0;0;1;12;1;13;1;1;0;0;1;10;1;1;0;0;0;0;0;0;0;0;0;1;0;1;1;0;0;0;0;0;0;0;0;0;0;0;0;0;0;;;;;1;0;1;0;0;0;0;1;0;0;0;0;0;0;0;1;0;0;9;9;9;9;9;9;0;0;1;0;0;1;1;1;0;1;0;0;0;0;0;0;1;1;1;0;0;0;1;1;0;2033;0;0;0;0;0;0;0;0;0;0;0;0;0;0;0;48;0;0;0;0;0;0;48;25;23;0;0;0;0;0;0;0;0;2033;423;0;375;1610;0;0;0;0;0;0;0;0;0;57;57;0;1234;799;926;747;59;289;11;1;0;0;0;194;1388;451;1929;104;0;0;0;0;0;0;0;0;2033;0;0;0;0;0;138;0;0;0;0;0;0;26;138;103;0;0;0;77;77;0;126;0;0;0;0;0;0;2;126;31;0;0;0;39;39;0;116;10;0;0;0;0;0;0;0;0
2024;Sul;4;Paraná;PR;41;Foz do Iguaçu;4108304;Cascavel;4103;Foz do Iguaçu;410007;Oeste Paranaense;6;Foz do Iguaçu;24;Foz do Iguaçu;410830405;UEPT 6 - UNIDADE DE EDUCACAO PRO E TECNOLOGICA DE FOZ DO IGUACU- SENAC;41152093;4;1;1;0;RUA JOAO ROUVER;160;;CENTRO;85851300;45;35216200;1;11;08JAN2024:00:00:00;14DEC2024:00:00:00;;;;;0;;;;;;;;;;;;;;;;;;;;0;0;0;0;0;1;0;3,54109E+12;3,54109E+12;1;1;;;1;1;0;0;0;0;;0;1;0;1;1;0;0;0;0;0;1;0;0;0;1;0;0;0;0;1;0;0;0;0;1;0;0;0;1;0;0;1;1;0;1;1;0;1;1;1;0;0;0;0;1;0;1;0;0;0;0;0;0;0;0;0;0;0;0;0;1;1;1;0;1;0;0;0;0;1;1;1;1;1;0;0;1;0;0;16;0;16;0;0;1;1;1;1;1;1;0;1;1;1;1;1;1;0;0;1;14;1;44;0;0;1;30;1;1;1;1;0;1;1;3;1;1;9;1;1;0;0;1;15;0;0;0;0;0;0;0;0;1;3;1;3;1;1;0;0;1;1;1;1;0;0;0;0;0;0;0;0;0;1;0;1;1;0;0;0;0;0;0;0;0;0;0;0;0;0;0;;;;;1;0;1;0;0;0;0;1;0;0;0;0;0;0;0;1;0;0;9;9;9;9;9;9;0;0;1;0;0;1;1;1;0;1;0;0;0;0;0;0;1;1;1;0;0;0;1;1;0;378;0;0;0;0;0;0;0;0;0;0;0;0;0;0;0;64;0;0;0;0;0;0;64;30;15;19;0;0;0;0;0;0;0;378;215;0;151;163;0;0;0;0;0;0;0;0;0;7;7;0;229;149;71;151;10;145;1;0;0;0;0;18;192;168;262;116;0;0;0;0;0;0;0;0;378;0;0;0;0;0;72;0;0;0;0;0;0;27;72;68;0;0;0;59;59;0;23;0;0;0;0;0;0;3;23;12;0;0;0;6;6;0;16;7;0;0;0;0;0;0;0;0
2024;Sul;4;Paraná;PR;41;Francisco Beltrão;4108403;Cascavel;4103;Francisco Beltrão;410009;Sudoeste Paranaense;7;Francisco Beltrão;26;Francisco Beltrão;410840305;UEPT 16 - UNIDADE DE EDUCACAO PRO E TECNOLOGICA DE FRANCISCO BELTRAO- SENAC;41152190;4;1;1;0;AV  JULIO ASSIS CAVALHEIRO;2191;;CENTRO;85601274;46;39056800;1;12;08JAN2024:00:00:00;14DEC2024:00:00:00;;;;;0;;;;;;;;;;;;;;;;;;;;0;0;0;0;0;1;0;3,54109E+12;3,54109E+12;1;1;;;1;1;0;0;0;0;;0;1;0;1;1;0;0;0;0;0;1;0;0;0;1;0;0;0;0;1;0;0;0;0;1;0;0;0;1;0;0;1;1;0;1;1;0;1;1;1;0;0;0;0;1;0;1;0;0;0;0;0;0;0;0;0;0;0;0;0;1;1;1;0;1;0;0;0;0;1;1;1;1;1;0;0;1;0;0;17;0;17;0;0;1;1;1;1;1;1;0;1;1;1;1;1;1;0;0;1;16;1;40;0;0;0;0;1;1;1;1;0;1;1;3;1;1;6;0;0;0;0;1;88888;0;0;0;0;0;0;0;0;0;0;1;3;1;1;0;0;1;1;1;1;0;0;0;0;0;0;0;0;0;1;0;1;1;0;0;0;0;0;0;0;0;0;0;0;0;0;0;;;;;1;0;1;0;0;0;0;1;0;0;0;0;0;0;0;1;0;0;9;9;9;9;9;9;0;0;1;0;0;0;1;1;0;1;0;0;0;0;0;0;0;1;1;0;0;0;1;1;0;188;0;0;0;0;0;0;0;0;0;0;0;0;0;0;0;0;0;0;0;0;0;0;0;0;0;0;0;0;0;0;0;0;0;188;126;0;126;62;0;0;0;0;0;0;0;0;0;5;5;0;150;38;34;123;3;27;1;0;0;0;0;5;48;135;88;100;0;0;0;0;0;0;0;0;188;0;0;0;0;0;36;0;0;0;0;0;0;0;36;33;0;0;0;27;27;0;17;0;0;0;0;0;0;0;17;8;0;0;0;4;4;0;11;6;0;0;0;0;0;0;0;0
2024;Sul;4;Paraná;PR;41;Guarapuava;4109401;Guarapuava;4102;Guarapuava;410004;Centro-Sul Paranaense;8;Guarapuava;29;Guarapuava;410940105;UEPT 7 - UNIDADE DE EDUCACAO PRO E TECNOLOGICA DE GUARAPUAVA- SENAC;41152107;4;1;1;0;RUA PADRE CHAGAS;3899;C P  787;CENTRO;85010020;42;36267500;1;14;08JAN2024:00:00:00;14DEC2024:00:00:00;;;;;0;;;;;;;;;;;;;;;;;;;;0;0;0;0;0;1;0;3,54109E+12;3,54109E+12;1;1;;;1;1;0;0;0;0;;0;1;0;1;1;0;0;0;0;0;1;0;0;0;1;0;0;0;0;1;0;0;0;0;1;0;0;0;1;0;0;1;1;0;1;1;0;1;1;1;0;0;0;0;1;0;1;0;0;0;0;0;0;0;0;0;0;0;0;0;1;1;1;0;1;0;0;0;0;1;1;1;1;1;0;0;1;0;0;10;0;10;0;0;1;1;1;1;1;1;0;1;1;1;1;1;1;0;0;1;10;1;38;0;0;0;0;1;1;1;1;0;1;1;3;1;1;6;0;0;0;0;1;7;0;0;0;0;0;0;0;0;0;0;1;2;1;1;0;0;1;1;1;1;0;0;0;0;0;0;0;0;0;1;0;1;1;0;0;0;0;0;0;0;0;0;0;0;0;0;0;;;;;1;0;1;0;0;0;0;1;0;0;0;0;0;0;0;1;0;0;9;9;9;9;9;9;0;0;1;0;0;0;1;1;0;1;0;0;0;0;0;0;0;1;1;0;0;0;1;1;0;256;0;0;0;0;0;0;0;0;0;0;0;0;0;0;0;0;0;0;0;0;0;0;0;0;0;0;0;0;0;0;0;0;0;256;112;0;112;144;0;0;0;0;0;0;0;0;0;10;10;0;128;128;27;156;4;67;2;0;0;0;0;5;129;122;187;69;0;0;0;0;0;0;0;0;256;0;0;0;0;0;42;0;0;0;0;0;0;0;42;38;0;0;0;27;27;0;18;0;0;0;0;0;0;0;18;7;0;0;0;7;7;0;13;5;0;0;0;0;0;0;0;0
2024;Sul;4;Paraná;PR;41;Irati;4110706;Ponta Grossa;4106;Irati;410029;Sudeste Paranaense;9;Irati;32;Irati;411070605;UEPT 17 - UNIDADE DE EDUCACAO PRO E TECNOLOGICA DE IRATI- SENAC;41152204;4;1;1;0;AV  VICENTE MACHADO;24;;CENTRO;84500039;42;34216400;1;15;08JAN2024:00:00:00;14DEC2024:00:00:00;;;;;0;;;;;;;;;;;;;;;;;;;;0;0;0;0;0;1;0;3,54109E+12;3,54109E+12;1;1;;;1;1;0;0;0;0;;0;1;0;1;1;0;0;0;0;0;1;0;0;0;1;0;0;0;0;1;0;0;0;0;1;0;0;0;1;0;0;1;1;0;1;1;0;1;1;1;0;0;0;0;1;0;1;0;0;0;0;0;0;0;0;0;0;0;0;0;1;1;1;0;1;0;0;0;0;1;1;1;1;1;0;0;1;0;0;10;0;10;0;0;1;1;1;1;1;1;0;1;1;1;1;1;1;0;0;1;12;1;28;0;0;0;0;1;1;1;1;0;1;1;3;1;1;5;0;0;0;0;1;88888;0;0;0;0;0;0;0;0;0;0;1;2;1;1;0;0;0;0;1;1;0;0;0;0;0;0;0;0;0;1;0;1;1;0;0;0;0;0;0;0;0;0;0;0;0;0;0;;;;;1;0;1;0;0;0;0;1;0;0;0;0;0;0;0;1;0;0;9;9;9;9;9;9;0;0;1;0;0;0;1;1;0;1;0;0;0;0;0;0;0;1;1;0;0;0;1;1;1;155;0;0;0;0;0;0;0;0;0;0;0;0;0;0;0;0;0;0;0;0;0;0;0;0;0;0;0;0;0;0;0;0;0;155;74;0;74;81;0;0;0;0;0;0;0;0;0;4;3;1;94;61;55;94;1;5;0;0;0;0;0;1;71;83;86;69;0;0;0;0;0;0;0;0;155;0;0;0;0;0;31;0;0;0;0;0;0;0;31;22;0;0;0;21;20;2;15;0;0;0;0;0;0;0;15;5;0;0;0;3;2;1;9;6;0;0;0;0;0;0;0;0
2024;Sul;4;Paraná;PR;41;Ivaiporã;4111506;Londrina;4105;Ivaiporã;410025;Norte Central Paranaense;3;Ivaiporã;13;Ivaiporã;411150605;UEPT 22 - UNIDADE DE EDUCACAO PRO E TECNOLOGICA DE IVAIPORA- SENAC;41152255;4;1;1;0;AV  APARICIO CARDOSO BITENCOURT;950;;JARDIM IMPERIAL;86870000;43;34728200;1;16;08JAN2024:00:00:00;14DEC2024:00:00:00;;;;;0;;;;;;;;;;;;;;;;;;;;0;0;0;0;0;1;0;3,54109E+12;3,54109E+12;1;1;;;1;1;0;0;0;0;;0;1;0;1;1;0;0;0;0;0;1;0;0;0;1;0;0;0;0;1;0;0;0;0;1;0;0;0;1;0;0;1;1;0;1;1;0;1;1;1;0;0;0;0;1;0;1;0;0;0;0;0;0;0;0;0;0;0;0;0;1;1;1;0;1;0;0;0;0;1;1;1;1;1;0;0;1;0;0;12;0;12;0;0;1;1;1;1;1;1;0;1;1;1;1;1;1;0;0;1;14;1;42;0;0;1;33;1;1;1;1;0;1;1;3;1;1;7;0;0;0;0;1;88888;0;0;0;0;0;0;0;0;1;4;1;1;1;1;0;0;0;0;1;1;0;0;0;0;0;0;0;0;0;1;0;1;1;0;0;0;0;0;0;0;0;0;0;0;0;0;0;;;;;1;0;1;0;0;0;0;1;0;0;0;0;0;0;0;1;0;0;9;9;9;9;9;9;0;0;1;0;0;1;1;1;0;1;0;0;0;0;0;0;1;1;1;0;0;0;1;1;0;150;0;0;0;0;0;0;0;0;0;0;0;0;0;0;0;49;0;0;0;0;0;0;49;18;18;13;0;0;0;0;0;0;0;150;107;0;58;43;0;0;0;0;0;0;0;0;0;4;4;0;88;62;25;95;5;25;0;0;0;0;0;5;75;70;130;20;0;0;0;0;0;0;0;0;150;0;0;0;0;0;49;0;0;0;0;0;0;33;49;45;0;0;0;19;19;0;13;0;0;0;0;0;0;3;13;7;0;0;0;4;4;0;11;2;0;0;0;0;0;0;0;0
2024;Sul;4;Paraná;PR;41;Jacarezinho;4111803;Londrina;4105;Santo Antônio da Platina;410022;Norte Pioneiro Paranaense;4;Jacarezinho;16;Jacarezinho;411180305;UEPT 19 - UNIDADE DE EDUCACAO PRO E TECNOLOGICA DE JACAREZINHO- SENAC;41152220;4;1;1;0;RUA DOIS DE ABRIL;742;;CENTRO;86400000;43;35113000;1;17;08JAN2024:00:00:00;14DEC2024:00:00:00;;;;;0;;;;;;;;;;;;;;;;;;;;0;0;0;0;0;1;0;3,54109E+12;3,54109E+12;1;1;;;1;1;0;0;0;0;;0;1;0;1;1;0;0;0;0;0;1;0;0;0;1;0;0;0;0;1;0;0;0;0;1;0;0;0;1;0;0;1;1;0;1;1;0;1;1;1;0;0;0;0;1;0;1;0;0;0;0;0;0;0;0;0;0;0;0;0;1;1;1;0;1;0;0;0;0;1;1;1;1;1;0;0;1;0;0;12;0;12;0;0;1;1;1;1;1;1;0;1;1;1;1;1;1;0;0;1;12;1;46;0;0;1;37;1;1;1;1;0;1;1;3;1;1;5;0;0;0;0;1;88888;0;0;0;0;0;0;0;0;1;2;1;2;1;1;0;0;0;0;1;1;0;0;0;0;0;0;0;0;0;1;0;1;1;0;0;0;0;0;0;0;0;0;0;0;0;0;0;;;;;1;0;1;0;0;0;0;1;0;0;0;0;0;0;0;1;0;0;9;9;9;9;9;9;0;0;1;0;0;1;1;1;0;1;0;0;0;0;0;0;1;1;1;0;0;0;1;1;0;174;0;0;0;0;0;0;0;0;0;0;0;0;0;0;0;83;0;0;0;0;0;0;83;30;25;28;0;0;0;0;0;0;0;174;162;0;79;12;0;0;0;0;0;0;0;0;0;6;6;0;119;55;16;125;8;25;0;0;0;0;0;12;77;85;136;38;0;0;0;0;0;0;0;0;174;0;0;0;0;0;51;0;0;0;0;0;0;26;51;48;0;0;0;28;28;0;13;0;0;0;0;0;0;3;13;9;0;0;0;5;5;0;10;3;0;0;0;0;0;0;0;0
2024;Sul;4;Paraná;PR;41;Londrina;4113700;Londrina;4105;Londrina;410021;Norte Central Paranaense;3;Londrina;11;Londrina;411370005;UEPT 2 - UNIDADE DE EDUCACAO PRO E TECNOLOGICA DE LONDRINA CENTRO- SENAC;41152050;4;1;1;0;RUA RAPOSO TAVARES;894;;CENTRO;86010580;43;35725500;1;18;08JAN2024:00:00:00;14DEC2024:00:00:00;;;;;0;;;;;;;;;;;;;;;;;;;;0;0;0;0;0;1;0;3,54109E+12;3,54109E+12;1;1;;;1;1;0;0;0;0;;0;1;0;1;1;0;0;0;0;0;1;0;0;0;1;0;0;0;0;1;0;0;0;0;1;0;0;0;1;0;0;1;1;0;1;1;0;1;1;1;0;0;0;0;1;0;1;0;0;0;0;0;0;0;0;0;0;0;0;0;1;1;1;0;1;0;0;0;0;1;1;1;1;1;0;0;1;0;0;17;0;17;17;17;1;1;1;1;1;1;0;1;1;1;1;1;1;0;0;1;18;1;112;1;18;1;30;1;1;1;1;0;1;1;3;1;1;11;0;0;0;0;1;6;0;0;0;0;0;0;0;0;1;2;1;5;1;1;0;0;0;0;1;1;0;0;0;0;0;0;0;0;0;1;0;1;1;0;0;0;0;0;0;0;0;0;0;0;0;0;0;;;;;1;0;1;0;0;0;0;1;0;0;0;0;0;0;0;1;0;0;9;9;9;9;9;9;0;0;1;0;0;1;1;1;0;1;0;0;0;0;0;0;1;1;1;0;0;0;1;1;1;416;0;0;0;0;0;0;0;0;0;0;0;0;0;0;0;67;0;0;0;0;0;0;67;25;18;24;0;0;0;0;0;0;0;416;173;106;0;243;0;0;0;0;0;0;0;0;0;12;11;1;201;215;102;193;24;94;2;1;0;0;0;7;252;157;324;92;0;0;0;0;0;0;0;0;413;3;0;0;0;0;65;0;0;0;0;0;0;41;65;59;0;0;0;42;42;2;33;0;0;0;0;0;0;3;33;10;0;0;0;11;10;1;25;8;0;0;0;0;0;0;0;0
2024;Sul;4;Paraná;PR;41;Londrina;4113700;Londrina;4105;Londrina;410021;Norte Central Paranaense;3;Londrina;11;Londrina;411370005;UEPT 42 - UNIDADE DE EDUCACAO PRO E TECNOLOGICA DE LONDRINA NORTE- SENAC;41158490;4;1;1;0;RUA CEGONHA;100;;CONJUNTO HABITACIONAL VIOLIN;86084635;43;35727950;1;18;08JAN2024:00:00:00;14DEC2024:00:00:00;;;;;0;;;;;;;;;;;;;;;;;;;;0;0;0;0;0;1;0;3,54109E+12;3,54109E+12;1;1;;;1;1;0;0;0;0;;0;1;0;1;1;0;0;0;0;0;1;0;0;0;1;0;0;0;0;1;0;0;0;0;1;0;0;0;1;1;0;1;1;0;1;1;0;1;1;1;0;0;0;0;1;1;1;1;0;0;0;0;0;0;0;0;0;0;0;0;1;1;1;0;1;0;0;0;0;1;1;1;1;1;0;0;1;0;0;11;0;11;11;0;1;1;1;1;1;1;0;0;0;1;1;1;1;0;0;1;13;1;54;1;24;1;63;1;1;1;1;0;1;1;3;1;1;7;0;0;1;2;1;11;0;0;0;0;0;0;0;0;1;2;1;3;1;1;0;0;0;0;1;1;0;0;0;0;0;0;0;0;0;1;0;1;1;0;0;0;0;0;0;0;0;0;0;0;0;0;0;;;;;1;0;1;0;0;0;0;1;0;0;0;0;0;0;0;1;0;0;9;9;9;9;9;9;0;0;1;0;0;1;1;1;0;1;0;0;0;0;0;0;1;1;1;0;0;0;1;1;0;406;0;0;0;0;0;0;0;0;0;0;0;0;0;0;0;71;0;0;0;0;0;0;71;35;16;20;0;0;0;0;0;0;0;406;317;0;246;89;0;0;0;0;0;0;0;0;0;11;11;0;290;116;210;127;21;46;2;0;0;0;0;7;136;263;288;118;0;0;0;0;0;0;0;0;406;0;0;0;0;0;98;0;0;0;0;0;0;39;98;94;0;0;0;50;50;0;27;0;0;0;0;0;0;3;27;18;0;0;0;8;8;0;19;8;0;0;0;0;0;0;0;0
2024;Sul;4;Paraná;PR;41;Marechal Cândido Rondon;4114609;Cascavel;4103;Marechal Cândido Rondon;410013;Oeste Paranaense;6;Toledo;22;Marechal Cândido Rondon;411460905;UEPT 37 - UNIDADE DE EDUCACAO PRO E TECNOLOGICA DE MARECHAL CANDIDO RONDON- SENAC;41153618;4;1;1;0;RUA SANTA CATARINA;5736;;VILA GAUCHA;85966184;45;32844200;1;27;08JAN2024:00:00:00;14DEC2024:00:00:00;;;;;0;;;;;;;;;;;;;;;;;;;;0;0;0;0;0;1;0;3,54109E+12;3,54109E+12;1;1;;;1;1;0;0;0;0;;0;1;0;1;1;0;0;0;0;0;1;0;0;0;1;0;0;0;0;1;0;0;0;0;1;0;0;0;1;0;0;1;1;0;1;1;0;1;1;1;0;0;0;0;1;0;1;0;0;0;0;0;0;0;0;0;0;0;0;0;1;1;1;0;1;0;0;0;0;1;1;1;1;1;0;0;1;0;0;9;0;9;0;0;1;1;1;1;1;1;0;1;1;1;1;1;1;0;0;1;10;1;34;0;0;0;0;1;1;1;1;0;1;1;3;1;1;6;0;0;0;0;1;88888;0;0;0;0;0;0;0;0;0;0;1;2;1;1;0;0;0;0;1;1;0;0;0;0;0;0;0;0;0;1;0;1;1;0;0;0;0;0;0;0;0;0;0;0;0;0;0;;;;;1;0;1;0;0;0;0;1;0;0;0;0;0;0;0;1;0;0;9;9;9;9;9;9;0;0;1;0;0;0;1;1;0;1;0;0;0;0;0;0;0;1;1;0;0;0;1;1;1;117;0;0;0;0;0;0;0;0;0;0;0;0;0;0;0;0;0;0;0;0;0;0;0;0;0;0;0;0;0;0;0;0;0;117;60;0;60;57;0;0;0;0;0;0;0;0;0;2;1;1;79;38;33;56;3;24;1;0;0;0;0;1;48;68;87;30;0;0;0;0;0;0;0;0;117;0;0;0;0;0;40;0;0;0;0;0;0;0;40;33;0;0;0;8;6;2;16;0;0;0;0;0;0;0;16;6;0;0;0;2;1;1;11;5;0;0;0;0;0;0;0;0
2024;Sul;4;Paraná;PR;41;Maringá;4115200;Maringá;4104;Maringá;410014;Norte Central Paranaense;3;Maringá;9;Maringá;411520005;UEPT 3 - UNIDADE DE EDUCACAO PRO E TECNOLOGICA DE MARINGA- SENAC;41152069;4;1;1;0;AV  COLOMBO;6225;ZONA 07;CENTRO;87020000;44;32185100;1;19;08JAN2024:00:00:00;14DEC2024:00:00:00;;;;;0;;;;;;;;;;;;;;;;;;;;0;0;0;0;0;1;0;3,54109E+12;3,54109E+12;1;1;;;1;1;0;0;0;0;;0;1;0;1;1;0;0;0;0;0;1;0;0;0;1;0;0;0;0;1;0;0;0;0;1;0;0;0;1;0;0;1;1;0;1;1;0;1;1;1;0;0;0;0;1;0;1;0;0;0;0;0;0;0;0;0;0;0;0;0;1;1;1;0;1;0;0;0;0;1;1;1;1;1;0;0;1;0;0;22;0;22;0;0;1;1;1;1;1;1;0;1;1;1;1;1;1;0;0;1;22;1;138;1;22;1;28;1;1;1;1;0;1;1;3;1;1;14;0;0;1;1;1;13;0;0;0;0;0;0;0;0;1;3;1;6;1;1;0;0;1;1;1;1;0;0;0;0;0;0;0;0;0;1;0;1;1;0;0;0;0;0;0;0;0;0;0;0;0;0;0;;;;;1;0;1;0;0;0;0;1;0;0;0;0;0;0;0;1;0;0;9;9;9;9;9;9;0;0;1;0;0;0;1;1;0;1;0;0;0;0;0;0;0;1;1;0;0;0;1;1;0;483;0;0;0;0;0;0;0;0;0;0;0;0;0;0;0;0;0;0;0;0;0;0;0;0;0;0;0;0;0;0;0;0;0;483;171;0;171;312;0;0;0;0;0;0;0;0;0;13;13;0;276;207;220;158;18;83;4;0;0;0;0;6;300;177;423;60;0;0;0;0;0;0;0;0;483;0;0;0;0;0;47;0;0;0;0;0;0;0;47;35;0;0;0;31;31;0;32;0;0;0;0;0;0;0;32;10;0;0;0;11;11;0;28;4;0;0;0;0;0;0;0;0
2024;Sul;4;Paraná;PR;41;Matinhos;4115705;Curitiba;4101;Paranaguá;410002;Metropolitana de Curitiba;10;Paranaguá;38;Matinhos;411570505;UEPT 34 - UNIDADE DE EDUCACAO PRO E TECNOLOGICA DE MATINHOS CAIOBA- SENAC;41152310;4;1;1;0;RUA DOUTOR JOSE PINTO REBELO JUNIOR;91;;BALNEARIO CAIOBA;83260000;41;34528050;1;21;08JAN2024:00:00:00;14DEC2024:00:00:00;;;;;0;;;;;;;;;;;;;;;;;;;;0;0;0;0;0;1;0;3,54109E+12;3,54109E+12;1;1;;;1;1;0;0;0;0;;0;1;0;1;1;0;0;0;0;0;1;0;0;0;1;0;0;0;0;1;0;0;0;0;1;0;0;0;1;0;0;1;1;0;1;1;0;1;1;1;0;0;0;0;1;0;1;0;0;0;0;0;0;0;0;0;0;0;0;0;1;1;1;0;1;0;0;0;0;1;1;1;1;1;0;0;1;0;0;10;0;10;0;0;1;1;1;1;1;1;0;1;1;1;1;1;1;0;0;1;7;1;46;0;0;1;35;1;1;1;1;0;1;1;3;1;1;7;0;0;0;0;1;7;0;0;0;0;0;0;0;0;1;2;1;2;1;1;0;0;0;0;1;1;0;0;0;0;0;0;0;0;0;1;0;1;1;0;0;0;0;0;0;0;0;0;0;0;0;0;0;;;;;1;0;1;0;0;0;0;1;0;0;0;0;0;0;0;1;0;0;9;9;9;9;9;9;0;0;1;0;0;1;1;1;0;1;0;0;0;0;0;0;1;1;1;0;0;0;1;1;0;265;0;0;0;0;0;0;0;0;0;0;0;0;0;0;0;78;0;0;0;0;0;0;78;29;24;25;0;0;0;0;0;0;0;265;201;0;123;64;0;0;0;0;0;0;0;0;0;12;12;0;149;116;126;104;7;27;1;0;0;0;0;18;130;117;207;58;0;0;0;0;0;0;0;0;265;0;0;0;0;0;48;0;0;0;0;0;0;23;48;46;0;0;0;31;31;0;17;0;0;0;0;0;0;3;17;11;0;0;0;8;8;0;13;4;0;0;0;0;0;0;0;0
2024;Sul;4;Paraná;PR;41;Medianeira;4115804;Cascavel;4103;Foz do Iguaçu;410007;Oeste Paranaense;6;Foz do Iguaçu;24;Medianeira;411580405;UEPT 36 - UNIDADE DE EDUCACAO PRO E TECNOLOGICA DE MEDIANEIRA- SENAC;41156463;4;1;1;0;RUA RIACHUELO;1761;;CENTRO;85720043;45;32403650;1;11;08JAN2024:00:00:00;14DEC2024:00:00:00;;;;;0;;;;;;;;;;;;;;;;;;;;0;0;0;0;0;1;0;3,54109E+12;3,54109E+12;1;1;;;1;1;0;0;0;0;;0;1;0;1;1;0;0;0;0;0;1;0;0;0;1;0;0;0;0;1;0;0;0;0;1;0;0;0;1;0;0;1;1;0;1;1;0;1;1;1;0;0;0;0;1;0;1;0;0;0;0;0;0;0;0;0;0;0;0;0;1;1;1;0;1;0;0;0;0;1;1;1;1;1;0;0;1;0;0;11;0;11;0;0;1;1;1;1;1;1;0;1;1;1;1;1;1;0;0;1;9;1;40;0;0;0;0;1;1;1;1;0;1;1;3;1;1;6;0;0;0;0;1;88888;0;0;0;0;0;0;0;0;0;0;1;2;1;1;0;0;0;0;1;1;0;0;0;0;0;0;0;0;0;1;0;1;1;0;0;0;0;0;0;0;0;0;0;0;0;0;0;;;;;1;0;1;0;0;0;0;1;0;0;0;0;0;0;0;1;0;0;9;9;9;9;9;9;0;0;1;0;0;0;1;1;0;1;0;0;0;0;0;0;0;1;1;0;0;0;1;1;0;173;0;0;0;0;0;0;0;0;0;0;0;0;0;0;0;0;0;0;0;0;0;0;0;0;0;0;0;0;0;0;0;0;0;173;127;0;127;46;0;0;0;0;0;0;0;0;0;3;3;0;135;38;62;73;7;31;0;0;0;0;0;4;36;133;62;111;0;0;0;0;0;0;0;0;173;0;0;0;0;0;46;0;0;0;0;0;0;0;46;38;0;0;0;28;28;0;18;0;0;0;0;0;0;0;18;7;0;0;0;3;3;0;10;8;0;0;0;0;0;0;0;0
2024;Sul;4;Paraná;PR;41;Nova Londrina;4117107;Maringá;4104;Paranavaí;410017;Noroeste Paranaense;1;Paranavaí;1;Nova Londrina;411710705;UEPT 47 - UNIDADE DE EDUCACAO PRO E TECNOLOGICA DE NOVA LONDRINA- SENAC;41163958;4;1;1;0;AV  FIORAVANTE JOSE MONTANHER;576;;CENTRO;87970000;44;34328750;1;20;08JAN2024:00:00:00;14DEC2024:00:00:00;;;;;0;;;;;;;;;;;;;;;;;;;;0;0;0;0;0;1;0;3,54109E+12;3,54109E+12;1;1;;;1;1;0;0;0;0;;0;1;0;1;1;0;0;0;0;0;1;0;0;0;1;0;0;0;0;1;0;0;0;0;1;0;0;0;1;0;0;1;1;0;1;1;0;1;1;1;0;0;0;0;1;0;1;0;0;0;0;0;0;0;0;0;0;0;0;0;1;1;1;0;1;0;0;0;0;1;1;1;1;1;0;0;1;0;0;9;0;9;0;0;1;1;1;1;1;1;0;1;1;1;1;1;1;0;0;1;10;1;36;0;0;1;30;1;1;1;1;0;1;1;3;1;1;6;0;0;0;0;1;88888;0;0;0;0;0;0;0;0;1;2;1;1;1;1;0;0;0;0;1;1;0;0;0;0;0;0;0;0;0;1;0;1;1;0;0;0;0;0;0;0;0;0;0;0;0;0;0;;;;;1;0;1;0;0;0;0;1;0;0;0;0;0;0;0;1;0;0;9;9;9;9;9;9;0;0;1;0;0;0;1;1;0;1;0;0;0;0;0;0;0;1;1;0;0;0;1;1;0;97;0;0;0;0;0;0;0;0;0;0;0;0;0;0;0;0;0;0;0;0;0;0;0;0;0;0;0;0;0;0;0;0;0;97;56;0;56;41;0;0;0;0;0;0;0;0;0;2;2;0;47;50;52;21;0;24;0;0;0;0;0;3;54;40;62;35;0;0;0;0;0;0;0;0;97;0;0;0;0;0;10;0;0;0;0;0;0;0;10;7;0;0;0;4;4;0;11;0;0;0;0;0;0;0;11;3;0;0;0;1;1;0;9;2;0;0;0;0;0;0;0;0
2024;Sul;4;Paraná;PR;41;Palmas;4117602;Cascavel;4103;Pato Branco;410010;Centro-Sul Paranaense;8;Palmas;30;Palmas;411760205;UEPT 31 - UNIDADE DE EDUCACAO PRO E TECNOLOGICA DE PALMAS- SENAC;41152298;4;1;1;0;RUA DR BERNARDO RIBEIRO VIANNA;903;;CENTRO;85690021;46;32638600;1;23;08JAN2024:00:00:00;14DEC2024:00:00:00;;;;;0;;;;;;;;;;;;;;;;;;;;0;0;0;0;0;1;0;3,54109E+12;3,54109E+12;1;1;;;1;1;0;0;0;0;;0;1;0;1;1;0;0;0;0;0;1;0;0;0;1;0;0;0;0;1;0;0;0;0;1;0;0;0;1;0;0;1;1;0;1;1;0;1;1;1;0;0;0;0;1;0;1;0;0;0;0;0;0;0;0;0;0;0;0;0;1;1;1;0;1;0;0;0;0;1;1;1;1;1;0;0;1;0;0;5;0;5;0;0;1;1;1;1;1;1;0;1;1;1;1;1;1;0;0;1;4;1;27;0;0;0;0;1;1;1;1;0;1;1;3;1;1;2;0;0;0;0;1;2;0;0;0;0;0;0;0;0;0;0;0;0;0;0;0;0;0;0;1;1;0;0;0;0;0;0;0;0;0;1;0;1;1;0;0;0;0;0;0;0;0;0;0;0;0;0;0;;;;;1;0;1;0;0;0;0;1;0;0;0;0;0;0;0;1;0;0;9;9;9;9;9;9;0;0;1;0;0;0;1;0;0;1;0;0;0;0;0;0;0;1;0;0;0;0;1;1;0;28;0;0;0;0;0;0;0;0;0;0;0;0;0;0;0;0;0;0;0;0;0;0;0;0;0;0;0;0;0;0;0;0;0;28;0;0;0;28;0;0;0;0;0;0;0;0;0;2;2;0;16;12;6;17;0;5;0;0;0;0;0;5;22;1;28;0;0;0;0;0;0;0;0;0;28;0;0;0;0;0;3;0;0;0;0;0;0;0;3;0;0;0;0;2;2;0;3;0;0;0;0;0;0;0;3;0;0;0;0;2;2;0;3;0;0;0;0;0;0;0;0;0
2024;Sul;4;Paraná;PR;41;Paranaguá;4118204;Curitiba;4101;Paranaguá;410002;Metropolitana de Curitiba;10;Paranaguá;38;Paranaguá;411820405;UEPT 12 - UNIDADE DE EDUCACAO PRO E TECNOLOGICA DE PARANAGUA- SENAC;41152158;4;1;1;0;AL  CORONEL ELYSIO PEREIRA;1191;;BAIRRO ESTRADINHA;83206000;41;34275900;1;21;08JAN2024:00:00:00;14DEC2024:00:00:00;;;;;0;;;;;;;;;;;;;;;;;;;;0;0;0;0;0;1;0;3,54109E+12;3,54109E+12;1;1;;;1;1;0;0;0;0;;0;1;0;1;1;0;0;0;0;0;1;0;0;0;1;0;0;0;0;1;0;0;0;0;1;0;0;0;1;0;0;1;1;0;1;1;0;1;1;1;0;0;0;0;1;0;1;0;0;0;0;0;0;0;0;0;0;0;0;0;1;1;1;0;1;0;0;0;0;1;1;1;1;1;0;0;1;0;0;13;0;13;0;0;1;1;1;1;1;1;0;1;1;1;1;1;1;0;0;1;10;1;27;0;0;0;0;1;1;1;1;0;1;1;3;1;1;7;0;0;0;0;1;6;0;0;0;0;0;0;0;0;1;2;1;3;1;1;0;0;0;0;1;1;0;0;0;0;0;0;0;0;0;1;0;1;1;0;0;0;0;0;0;0;0;0;0;0;0;0;0;;;;;1;0;1;0;0;0;0;1;0;0;0;0;0;0;0;1;0;0;9;9;9;9;9;9;0;0;1;0;0;0;1;1;0;1;0;0;0;0;0;0;0;1;1;0;0;0;1;1;0;344;0;0;0;0;0;0;0;0;0;0;0;0;0;0;0;0;0;0;0;0;0;0;0;0;0;0;0;0;0;0;0;0;0;344;233;0;233;111;0;0;0;0;0;0;0;0;0;11;11;0;266;78;52;181;16;94;1;0;0;0;0;5;79;260;258;86;0;0;0;0;0;0;0;0;343;1;0;0;0;0;45;0;0;0;0;0;0;0;45;38;0;0;0;34;34;0;26;0;0;0;0;0;0;0;26;13;0;0;0;8;8;0;21;5;0;0;0;0;0;0;0;0
2024;Sul;4;Paraná;PR;41;Paranavaí;4118402;Maringá;4104;Paranavaí;410017;Noroeste Paranaense;1;Paranavaí;1;Paranavaí;411840205;UEPT 13 - UNIDADE DE EDUCACAO PRO E TECNOLOGICA DE PARANAVAI- SENAC;41152166;4;1;1;0;AV  RIO GRANDE DO NORTE;1240;;CENTRO;87701020;44;34748400;1;22;08JAN2024:00:00:00;14DEC2024:00:00:00;;;;;0;;;;;;;;;;;;;;;;;;;;0;0;0;0;0;1;0;3,54109E+12;3,54109E+12;1;1;;;1;1;0;0;0;0;;0;1;0;1;1;0;0;0;0;0;1;0;0;0;1;0;0;0;0;1;0;0;0;0;1;0;0;0;1;0;0;1;1;0;1;1;0;1;1;1;0;0;0;0;1;0;1;0;0;0;0;0;0;0;0;0;0;0;0;0;1;1;1;0;1;0;0;0;0;1;1;1;1;1;0;0;1;0;0;10;0;10;0;0;1;1;1;1;1;1;0;1;1;1;1;1;1;0;0;1;10;1;27;0;0;0;0;1;1;1;1;0;1;1;3;1;1;7;0;0;0;0;1;8;0;0;0;0;0;0;0;0;0;0;1;3;1;1;0;0;0;0;1;1;0;0;0;0;0;0;0;0;0;1;0;1;1;0;0;0;1;0;0;0;0;0;0;0;0;0;0;;;;;1;0;1;0;0;0;0;1;0;0;0;0;0;0;0;1;0;0;9;9;9;9;9;9;0;0;1;0;0;0;1;1;0;1;0;0;0;0;0;0;0;1;1;0;0;0;1;1;0;328;0;0;0;0;0;0;0;0;0;0;0;0;0;0;0;0;0;0;0;0;0;0;0;0;0;0;0;0;0;0;0;0;0;328;204;0;204;124;0;0;0;0;0;0;0;0;0;19;19;0;216;112;41;131;29;126;1;0;0;0;0;0;100;228;200;128;0;0;0;0;0;0;0;0;328;0;0;0;0;0;57;0;0;0;0;0;0;0;57;51;0;0;0;42;42;0;24;0;0;0;0;0;0;0;24;12;0;0;0;10;10;0;17;7;0;0;0;0;0;0;0;0
2024;Sul;4;Paraná;PR;41;Pato Branco;4118501;Cascavel;4103;Pato Branco;410010;Sudoeste Paranaense;7;Pato Branco;27;Pato Branco;411850105;UEPT 9 - UNIDADE DE EDUCACAO PRO E TECNOLOGICA DE PATO BRANCO- SENAC;41152123;4;1;1;0;AV  TUPI;385;;BORTOT;85504000;46;32723700;1;23;08JAN2024:00:00:00;16DEC2024:00:00:00;;;;;0;;;;;;;;;;;;;;;;;;;;0;0;0;0;0;1;0;3,54109E+12;3,54109E+12;1;1;;;1;1;0;0;0;0;;0;1;0;1;1;0;0;0;0;0;1;0;0;0;1;0;0;0;0;1;0;0;0;0;1;0;0;0;1;0;0;1;1;0;1;1;0;1;1;1;0;0;0;0;1;0;1;0;0;0;0;0;0;0;0;0;0;0;0;0;1;1;1;0;1;0;0;0;0;1;1;1;1;1;0;0;1;0;0;17;0;17;0;0;1;1;1;1;1;1;0;1;1;1;1;1;1;0;0;1;14;1;73;0;0;0;0;1;1;1;1;0;1;1;3;1;1;4;0;0;1;1;1;88888;0;0;0;0;0;0;0;0;1;1;1;2;1;1;0;0;0;0;1;1;0;0;0;0;0;0;0;0;0;1;0;1;1;0;0;0;0;0;0;0;0;0;0;0;0;0;0;;;;;1;0;1;0;0;0;0;1;0;0;0;0;0;0;0;1;0;0;9;9;9;9;9;9;0;0;1;0;0;0;1;1;0;1;0;0;0;0;0;0;0;1;1;0;0;0;1;1;0;148;0;0;0;0;0;0;0;0;0;0;0;0;0;0;0;0;0;0;0;0;0;0;0;0;0;0;0;0;0;0;0;0;0;148;99;0;99;49;0;0;0;0;0;0;0;0;0;6;6;0;115;33;29;70;4;43;1;1;0;0;0;6;42;100;48;100;0;0;0;0;0;0;0;0;148;0;0;0;0;0;49;0;0;0;0;0;0;0;49;39;0;0;0;30;30;0;15;0;0;0;0;0;0;0;15;7;0;0;0;5;5;0;5;10;0;0;0;0;0;0;0;0
2024;Sul;4;Paraná;PR;41;Ponta Grossa;4119905;Ponta Grossa;4106;Ponta Grossa;410027;Centro Oriental Paranaense;5;Ponta Grossa;21;Ponta Grossa;411990505;UEPT 8 - UNIDADE DE EDUCACAO PRO E TECNOLOGICA DE PONTA GROSSA- SENAC;41152115;4;1;1;0;AV  JOAO MANOEL DOS SANTOS RIBAS;313;;CENTRO;84051410;42;32286600;1;25;08JAN2024:00:00:00;14DEC2024:00:00:00;;;;;0;;;;;;;;;;;;;;;;;;;;0;0;0;0;0;1;0;3,54109E+12;3,54109E+12;1;1;;;1;1;0;0;0;0;;0;1;0;1;1;0;0;0;0;0;1;0;0;0;1;0;0;0;0;1;0;0;0;0;1;0;0;0;1;0;0;1;1;0;1;1;0;1;1;1;0;0;0;0;1;0;1;0;0;0;0;0;0;0;0;0;0;0;0;0;1;1;1;0;1;0;0;0;0;1;1;1;1;1;0;0;1;0;0;11;0;11;0;0;1;1;1;1;1;1;0;1;1;1;1;1;1;0;0;1;13;1;83;0;0;0;0;1;1;1;1;0;1;1;3;1;1;1;1;8;0;0;1;10;0;0;0;0;0;0;0;0;0;0;1;5;1;1;0;0;1;1;1;1;0;0;0;0;0;0;0;0;0;1;0;1;1;0;0;0;0;0;0;0;0;0;0;0;0;0;0;;;;;1;0;1;0;0;0;0;1;0;0;0;0;0;0;0;1;0;0;9;9;9;9;9;9;0;0;1;0;0;0;1;1;0;1;0;0;0;0;0;0;0;1;1;0;0;0;1;1;0;326;0;0;0;0;0;0;0;0;0;0;0;0;0;0;0;0;0;0;0;0;0;0;0;0;0;0;0;0;0;0;0;0;0;326;149;0;149;177;0;0;0;0;0;0;0;0;0;2;2;0;212;114;43;218;6;59;0;0;0;0;0;7;169;150;236;90;0;0;0;0;0;0;0;0;326;0;0;0;0;0;41;0;0;0;0;0;0;0;41;31;0;0;0;19;19;0;23;0;0;0;0;0;0;0;23;9;0;0;0;2;2;0;16;7;0;0;0;0;0;0;0;0
2024;Sul;4;Paraná;PR;41;Ponta Grossa;4119905;Ponta Grossa;4106;Ponta Grossa;410027;Centro Oriental Paranaense;5;Ponta Grossa;21;Ponta Grossa;411990505;UEPT 50 - UNIDADE DE EDUCACAO PRO E TECNOLOGICA DE PONTA GROSSA ESTACAO SAUDADE- SENAC;41163397;4;1;1;0;RUA FERNANDES PINHEIRO;77;;CENTRO;84010135;42;32286615;1;25;08JAN2024:00:00:00;14DEC2024:00:00:00;;;;;0;;;;;;;;;;;;;;;;;;;;0;0;0;0;0;1;0;3,54109E+12;3,54109E+12;1;1;;;1;1;0;0;0;0;;0;1;0;1;1;0;0;0;0;0;1;0;0;0;1;0;0;0;0;1;0;0;0;0;1;0;0;0;1;0;0;1;1;0;1;1;0;1;1;1;0;0;0;0;1;0;1;0;0;0;0;0;0;0;0;0;0;0;0;0;1;1;1;0;1;0;0;0;0;1;1;1;1;1;0;0;1;0;0;3;0;3;0;0;1;1;1;1;1;1;0;1;1;1;1;1;1;0;0;1;3;1;4;0;0;0;0;1;1;1;1;0;1;1;3;1;1;2;0;0;0;0;1;88888;0;0;0;0;0;0;0;0;0;0;0;0;0;0;0;0;0;0;1;1;0;0;0;0;0;0;0;0;0;1;0;1;1;0;0;0;0;0;0;0;0;0;0;0;0;0;0;;;;;1;0;1;0;0;0;0;1;0;0;0;0;0;0;0;1;0;0;9;9;9;9;9;9;0;0;1;0;0;0;1;0;0;1;0;0;0;0;0;0;0;1;0;0;0;0;0;0;0;5;0;0;0;0;0;0;0;0;0;0;0;0;0;0;0;0;0;0;0;0;0;0;0;0;0;0;0;0;0;0;0;0;0;5;0;0;0;5;0;0;0;0;0;0;0;0;0;0;0;0;3;2;1;2;0;2;0;0;0;0;0;0;2;3;5;0;0;0;0;0;0;0;0;0;5;0;0;0;0;0;3;0;0;0;0;0;0;0;3;0;0;0;0;0;0;0;3;0;0;0;0;0;0;0;3;0;0;0;0;0;0;0;3;0;0;0;0;0;0;0;0;0
2024;Sul;4;Paraná;PR;41;Prudentópolis;4120606;Guarapuava;4102;Guarapuava;410004;Sudeste Paranaense;9;Prudentópolis;31;Prudentópolis;412060605;UEPT 28 - UNIDADE DE EDUCACAO PRO E TECNOLOGICA DE PRUDENTOPOLIS- SENAC;41152263;4;1;1;0;RUA PREFEITO ANTONIO WITCHEMICHEN;777;;CENTRO;84400000;42;34468450;1;15;08JAN2024:00:00:00;14DEC2024:00:00:00;;;;;0;;;;;;;;;;;;;;;;;;;;0;0;0;0;0;1;0;3,54109E+12;3,54109E+12;1;1;;;1;1;0;0;0;0;;0;1;0;1;1;0;0;0;0;0;1;0;0;0;1;0;0;0;0;1;0;0;0;0;1;0;0;0;1;0;0;1;1;0;1;1;0;1;1;1;0;0;0;0;1;0;1;0;0;0;0;0;0;0;0;0;0;0;0;0;1;1;1;0;1;0;0;0;0;1;1;1;1;1;0;0;1;0;0;11;0;11;0;0;1;1;1;1;1;1;0;1;1;1;1;1;1;0;0;1;9;1;21;1;3;0;0;1;1;1;1;0;1;1;3;1;1;3;0;0;0;0;1;88888;0;0;0;0;0;0;0;0;0;0;0;0;1;1;0;0;0;0;1;1;0;0;0;0;0;0;0;0;0;1;0;1;1;0;0;0;0;0;0;0;0;0;0;0;0;0;0;;;;;1;0;1;0;0;0;0;1;0;0;0;0;0;0;0;1;0;0;9;9;9;9;9;9;0;0;1;0;0;0;1;1;0;1;0;0;0;0;0;0;0;1;1;0;0;0;1;1;0;33;0;0;0;0;0;0;0;0;0;0;0;0;0;0;0;0;0;0;0;0;0;0;0;0;0;0;0;0;0;0;0;0;0;33;28;0;28;5;0;0;0;0;0;0;0;0;0;1;1;0;20;13;26;4;1;1;1;0;0;0;0;0;8;25;22;11;0;0;0;0;0;0;0;0;33;0;0;0;0;0;20;0;0;0;0;0;0;0;20;16;0;0;0;3;3;0;6;0;0;0;0;0;0;0;6;3;0;0;0;1;1;0;5;1;0;0;0;0;0;0;0;0
2024;Sul;4;Paraná;PR;41;Rio Negro;4122305;Curitiba;4101;Curitiba;410001;Metropolitana de Curitiba;10;Rio Negro;39;Rio Negro;412230505;UEPT 38 - UNIDADE DE EDUCACAO PRO E TECNOLOGICA DE RIO NEGRO- SENAC;41160843;4;1;1;0;RUA MARCAL JOSE PEREIRA;100;;ESTACAO NOVA;83881006;47;36413050;1;3;08JAN2024:00:00:00;14DEC2024:00:00:00;;;;;0;;;;;;;;;;;;;;;;;;;;0;0;0;0;0;1;0;3,54109E+12;3,54109E+12;1;1;;;1;1;0;0;0;0;;0;1;0;1;1;0;0;0;0;0;1;0;0;0;1;0;0;0;0;1;0;0;0;0;1;0;0;0;1;0;0;1;1;0;1;1;0;1;1;1;0;0;0;0;1;0;1;0;0;0;0;0;0;0;0;0;0;0;0;0;1;1;1;0;1;0;0;0;0;1;1;1;1;1;0;0;1;0;0;9;0;9;0;0;1;1;1;1;1;1;0;1;1;1;1;1;1;0;0;1;9;1;39;0;0;0;0;1;1;1;1;0;1;1;3;1;1;1;1;4;0;0;1;88888;0;0;0;0;0;0;0;0;0;0;1;2;1;1;0;0;0;0;1;1;0;0;0;0;0;0;0;0;0;1;0;1;1;0;0;0;0;0;0;0;0;0;0;0;0;0;0;;;;;1;0;1;0;0;0;0;1;0;0;0;0;0;0;0;1;0;0;9;9;9;9;9;9;0;0;1;0;0;0;1;1;0;1;0;0;0;0;0;0;0;1;1;0;0;0;1;1;0;87;0;0;0;0;0;0;0;0;0;0;0;0;0;0;0;0;0;0;0;0;0;0;0;0;0;0;0;0;0;0;0;0;0;87;74;0;74;13;0;0;0;0;0;0;0;0;0;1;1;0;64;23;23;50;2;12;0;0;0;0;0;0;9;78;23;64;0;0;0;0;0;0;0;0;87;0;0;0;0;0;38;0;0;0;0;0;0;0;38;35;0;0;0;1;1;0;10;0;0;0;0;0;0;0;10;7;0;0;0;1;1;0;4;6;0;0;0;0;0;0;0;0
2024;Sul;4;Paraná;PR;41;Santo Antônio da Platina;4124103;Londrina;4105;Santo Antônio da Platina;410022;Norte Pioneiro Paranaense;4;Jacarezinho;16;Santo Antônio da Platina;412410305;UEPT 21 - UNIDADE DE EDUCACAO PRO E TECNOLOGICA DE SANTO ANTONIO DA PLATINA- SENAC;41152247;4;1;1;0;RUA RUI BARBOSA;799;;CENTRO;86430000;43;35583550;1;17;08JAN2024:00:00:00;14DEC2024:00:00:00;;;;;0;;;;;;;;;;;;;;;;;;;;0;0;0;0;0;1;0;3,54109E+12;3,54109E+12;1;1;;;1;1;0;0;0;0;;0;1;0;1;1;0;0;0;0;0;1;0;0;0;1;0;0;0;0;1;0;0;0;0;1;0;0;0;1;0;0;1;1;0;1;1;0;1;1;1;0;0;0;0;1;0;1;0;0;0;0;0;0;0;0;0;0;0;0;0;1;1;1;0;1;0;0;0;0;1;1;1;1;1;0;0;1;0;0;7;0;7;0;0;1;1;1;1;1;1;0;1;1;1;1;1;1;0;0;1;2;1;88888;0;0;0;0;1;1;1;1;0;1;1;3;1;1;88888;0;0;0;0;1;88888;0;0;0;0;0;0;0;0;1;88888;0;0;0;0;0;0;0;0;1;1;0;0;0;0;0;0;0;0;0;1;0;1;1;0;0;0;0;0;0;0;0;0;0;0;0;0;0;;;;;1;0;1;0;0;0;0;1;0;0;0;0;0;0;0;1;0;0;9;9;9;9;9;9;0;0;1;0;0;0;1;0;0;1;0;0;0;0;0;0;0;1;0;0;0;0;1;1;0;15;0;0;0;0;0;0;0;0;0;0;0;0;0;0;0;0;0;0;0;0;0;0;0;0;0;0;0;0;0;0;0;0;0;15;0;0;0;15;0;0;0;0;0;0;0;0;0;1;1;0;7;8;6;6;1;2;0;0;0;0;0;0;14;1;15;0;0;0;0;0;0;0;0;0;13;2;0;0;0;0;10;0;0;0;0;0;0;0;10;0;0;0;0;2;2;0;3;0;0;0;0;0;0;0;3;0;0;0;0;1;1;0;3;0;0;0;0;0;0;0;0;0
2024;Sul;4;Paraná;PR;41;São José dos Pinhais;4125506;Curitiba;4101;Curitiba;410001;Metropolitana de Curitiba;10;Curitiba;37;São José dos Pinhais;412550605;UEPT 39 - UNIDADE DE EDUCACAO PRO E TECNOLOGICA DE SAO JOSE DOS PINHAIS- SENAC;41158482;4;1;1;0;AV  ROCHA POMBO;3028;LOTE E-969;CRUZEIRO;83010620;41;35865350;1;3;08JAN2024:00:00:00;14DEC2024:00:00:00;;;;;0;;;;;;;;;;;;;;;;;;;;0;0;0;0;0;1;0;3,54109E+12;3,54109E+12;1;1;;;1;1;0;0;0;0;;0;1;0;1;1;0;0;0;0;0;1;0;0;0;1;0;0;0;0;1;0;0;0;0;1;0;0;0;1;0;0;1;1;0;1;1;0;1;1;1;0;0;0;0;1;0;1;0;0;0;0;0;0;0;0;0;0;0;0;0;1;1;1;0;1;0;0;0;0;1;1;1;1;1;0;0;1;0;0;13;0;13;0;0;1;1;1;1;1;1;0;1;1;1;1;1;1;0;0;1;14;1;79;0;0;1;35;1;1;1;1;0;1;1;3;1;1;11;0;0;1;1;1;9;0;0;0;0;0;0;0;0;1;3;1;3;1;1;0;0;1;2;1;1;0;0;0;0;0;0;0;0;0;1;0;1;1;0;0;0;0;0;0;0;0;0;0;0;0;0;0;;;;;1;0;1;0;0;0;0;1;0;0;0;0;0;0;0;1;0;0;9;9;9;9;9;9;0;0;1;0;0;1;1;1;0;1;0;0;0;0;0;0;1;1;1;0;0;0;1;1;0;262;0;0;0;0;0;0;0;0;0;0;0;0;0;0;0;73;0;0;0;0;0;0;73;26;23;24;0;0;0;0;0;0;0;262;145;0;72;117;0;0;0;0;0;0;0;0;0;4;4;0;143;119;94;121;9;35;3;0;0;0;0;14;159;89;213;49;0;0;0;0;0;0;0;0;262;0;0;0;0;0;69;0;0;0;0;0;0;35;69;61;0;0;0;27;27;0;21;0;0;0;0;0;0;3;21;9;0;0;0;4;4;0;17;4;0;0;0;0;0;0;0;0
2024;Sul;4;Paraná;PR;41;São Mateus do Sul;4125605;Curitiba;4101;União da Vitória;410003;Sudeste Paranaense;9;São Mateus do Sul;34;São Mateus do Sul;412560505;UEPT 29 - UNIDADE DE EDUCACAO PRO E TECNOLOGICA DE SAO MATEUS DO SUL- SENAC;41152271;4;1;1;0;RUA LEDY AFONSO RODERJAN;1191;;CENTRO;83900000;42;35201700;1;29;08JAN2024:00:00:00;14DEC2024:00:00:00;;;;;0;;;;;;;;;;;;;;;;;;;;0;0;0;0;0;1;0;3,54109E+12;3,54109E+12;1;1;;;1;1;0;0;0;0;;0;1;0;1;1;0;0;0;0;0;1;0;0;0;1;0;0;0;0;1;0;0;0;0;1;0;0;0;1;0;0;1;1;0;1;1;0;1;1;1;0;0;0;0;1;0;1;0;0;0;0;0;0;0;0;0;0;0;0;0;1;1;1;0;1;0;0;0;0;1;1;1;1;1;0;0;1;0;0;8;0;8;0;0;1;1;1;1;1;1;0;1;1;1;1;1;1;0;0;1;6;1;33;0;0;0;0;1;1;1;1;0;1;1;3;1;1;3;0;0;0;0;1;88888;0;0;0;0;0;0;0;0;0;0;1;2;1;1;0;0;0;0;1;1;0;0;0;0;0;0;0;0;0;1;0;1;1;0;0;0;0;0;0;0;0;0;0;0;0;0;0;;;;;1;0;1;0;0;0;0;1;0;0;0;0;0;0;0;1;0;0;9;9;9;9;9;9;0;0;1;0;0;0;1;1;0;1;0;0;0;0;0;0;0;1;1;0;0;0;1;1;0;94;0;0;0;0;0;0;0;0;0;0;0;0;0;0;0;0;0;0;0;0;0;0;0;0;0;0;0;0;0;0;0;0;0;94;74;0;74;20;0;0;0;0;0;0;0;0;0;4;4;0;74;20;24;61;1;8;0;0;0;0;0;0;23;71;36;58;0;0;0;0;0;0;0;0;94;0;0;0;0;0;35;0;0;0;0;0;0;0;35;33;0;0;0;23;23;0;8;0;0;0;0;0;0;0;8;5;0;0;0;4;4;0;4;4;0;0;0;0;0;0;0;0
2024;Sul;4;Paraná;PR;41;Toledo;4127700;Cascavel;4103;Toledo;410008;Oeste Paranaense;6;Toledo;22;Toledo;412770005;UEPT 15 - UNIDADE DE EDUCACAO PRO E TECNOLOGICA DE TOLEDO- SENAC;41152182;4;1;1;0;RUA GUAIRA;3332;;JARDIM LA SALLE;85903220;45;33788100;1;27;08JAN2024:00:00:00;14DEC2024:00:00:00;;;;;0;;;;;;;;;;;;;;;;;;;;0;0;0;0;0;1;0;3,54109E+12;3,54109E+12;1;1;;;1;1;0;0;0;0;;0;1;0;1;1;0;0;0;0;0;1;0;0;0;1;0;0;0;0;1;0;0;0;0;1;0;0;0;1;0;0;1;1;0;1;1;0;1;1;1;0;0;0;0;1;0;1;0;0;0;0;0;0;0;0;0;0;0;0;0;1;1;1;0;1;0;0;0;0;1;1;1;1;1;0;0;1;0;0;16;0;16;0;0;1;1;1;1;1;1;0;1;1;1;1;1;1;0;0;1;18;1;68;0;0;1;12;1;1;1;1;0;1;1;3;1;1;18;0;0;0;0;1;88888;0;0;0;0;0;0;0;0;1;2;1;3;1;1;0;0;1;1;1;1;0;0;0;0;0;0;0;0;0;1;0;1;1;0;0;0;0;0;0;0;0;0;0;0;0;0;0;;;;;1;0;1;0;0;0;0;1;0;0;0;0;0;0;0;1;0;0;9;9;9;9;9;9;0;0;1;0;0;0;1;1;0;1;0;0;0;0;0;0;0;1;1;0;0;0;1;1;0;195;0;0;0;0;0;0;0;0;0;0;0;0;0;0;0;0;0;0;0;0;0;0;0;0;0;0;0;0;0;0;0;0;0;195;102;0;102;93;0;0;0;0;0;0;0;0;0;4;4;0;126;69;21;91;7;76;0;0;0;0;0;11;77;107;122;73;0;0;0;0;0;0;0;0;195;0;0;0;0;0;42;0;0;0;0;0;0;0;42;39;0;0;0;9;9;0;17;0;0;0;0;0;0;0;17;8;0;0;0;4;4;0;11;6;0;0;0;0;0;0;0;0
2024;Sul;4;Paraná;PR;41;Umuarama;4128104;Maringá;4104;Umuarama;410016;Noroeste Paranaense;1;Umuarama;2;Umuarama;412810405;UEPT 10 - UNIDADE DE EDUCACAO PRO E TECNOLOGICA DE UMUARAMA- SENAC;41152131;4;1;1;0;AV  DUQUE DE CAXIAS;5238;;ARMAZEM;87504040;44;36215700;1;28;08JAN2024:00:00:00;14DEC2024:00:00:00;;;;;0;;;;;;;;;;;;;;;;;;;;0;0;0;0;0;1;0;3,54109E+12;3,54109E+12;1;1;;;1;1;0;0;0;0;;0;1;0;1;1;0;0;0;0;0;1;0;0;0;1;0;0;0;0;1;0;0;0;0;1;0;0;0;1;0;0;1;1;0;1;1;0;1;1;1;0;0;0;0;1;0;1;0;0;0;0;0;0;0;0;0;0;0;0;0;1;1;1;0;1;0;0;0;0;1;1;1;1;1;0;0;1;0;0;16;0;16;0;0;1;1;1;1;1;1;0;1;1;1;1;1;1;0;0;1;19;1;55;0;0;1;28;1;1;1;1;0;1;1;3;1;1;9;0;0;0;0;1;88888;0;0;0;0;0;0;0;0;0;0;1;2;1;1;0;0;0;0;1;1;0;0;0;0;0;0;0;0;0;1;0;1;1;0;0;0;0;0;0;0;0;0;0;0;0;0;0;;;;;1;0;1;0;0;0;0;1;0;0;0;0;0;0;0;1;0;0;9;9;9;9;9;9;0;0;1;0;0;1;1;1;0;1;0;0;0;0;0;0;1;1;1;0;0;0;1;1;0;264;0;0;0;0;0;0;0;0;0;0;0;0;0;0;0;65;26;26;0;0;0;0;39;0;16;23;0;0;0;0;0;0;0;238;129;0;90;109;0;0;0;0;0;0;0;0;0;13;13;0;142;122;35;133;5;89;2;0;0;0;0;13;148;103;197;67;0;0;0;0;0;0;0;0;264;0;0;0;0;0;62;0;0;0;0;0;0;34;61;59;0;0;0;53;53;0;19;0;0;0;0;0;0;3;18;10;0;0;0;11;11;0;13;6;0;0;0;0;0;0;0;0
2024;Sul;4;Paraná;PR;41;União da Vitória;4128203;Curitiba;4101;União da Vitória;410003;Sudeste Paranaense;9;União da Vitória;33;União da Vitória;412820305;UEPT 18 - UNIDADE DE EDUCACAO PRO E TECNOLOGICA DE UNIAO DA VITORIA- SENAC;41152212;4;1;1;0;RUA VALENTIN VARACOSKI;161;;CENTRO;84600110;42;35241500;1;29;08JAN2024:00:00:00;14DEC2024:00:00:00;;;;;0;;;;;;;;;;;;;;;;;;;;0;0;0;0;0;1;0;3,54109E+12;3,54109E+12;1;1;;;1;1;0;0;0;0;;0;1;0;1;1;0;0;0;0;0;1;0;0;0;1;0;0;0;0;1;0;0;0;0;1;0;0;0;1;0;0;1;1;0;1;1;1;1;1;1;0;0;0;0;1;1;1;0;0;0;0;0;0;0;0;0;0;0;0;1;1;1;1;0;1;0;0;0;0;1;1;1;1;1;0;0;1;0;0;10;0;10;0;0;1;1;1;1;1;1;0;1;1;1;1;1;1;1;1;1;10;1;41;1;24;1;30;1;1;1;1;0;1;1;3;1;1;5;0;0;1;1;1;88888;0;0;0;0;0;0;0;0;1;1;1;2;1;1;0;0;1;1;1;1;0;0;0;0;0;0;0;0;0;1;0;1;1;0;0;0;0;0;0;0;0;0;0;0;0;0;0;;;;;1;0;1;0;0;0;0;1;0;0;0;0;0;0;0;1;0;0;9;9;9;9;9;9;0;0;1;0;0;1;1;1;0;1;0;0;0;0;0;0;1;1;1;0;0;0;1;1;0;266;0;0;0;0;0;0;0;0;0;0;0;0;0;0;0;72;0;0;0;0;0;0;72;30;22;20;0;0;0;0;0;0;0;266;196;0;124;70;0;0;0;0;0;0;0;0;0;12;12;0;160;106;44;180;4;36;2;0;0;0;0;8;131;127;172;94;0;0;0;0;0;0;0;0;266;0;0;0;0;0;48;0;0;0;0;0;0;24;48;45;0;0;0;42;42;0;22;0;0;0;0;0;0;3;22;11;0;0;0;9;9;0;16;6;0;0;0;0;0;0;0;0
2024;Sul;4;Santa Catarina;SC;42;Araranguá;4201406;Criciúma;4202;Araranguá;420004;Sul Catarinense;6;Araranguá;20;Araranguá;420140605;CENTRO DE EDUCACAO PROFISSIONAL SENAC ARARANGUA;42156114;4;1;1;0;AVENIDA SETE DE SETEMBRO;1350;;CENTRO;88900015;48;35221192;1;21;05FEB2024:00:00:00;13DEC2024:00:00:00;;;;;0;;;;;;;;;;;;;;;;;;;;0;0;0;0;0;1;0;3,60374E+12;3,60374E+12;1;2;;;1;2;0;0;0;0;;0;0;0;1;1;0;0;0;0;0;1;0;0;0;1;0;0;0;0;1;0;0;0;0;1;0;0;0;1;0;0;0;1;0;1;0;0;1;1;1;0;0;0;0;1;0;0;0;0;0;0;0;0;0;0;0;0;0;0;0;1;1;1;0;1;0;0;0;0;1;1;1;1;0;0;1;1;0;0;10;0;10;10;10;0;1;0;0;1;0;0;0;0;1;3;0;0;0;0;1;10;1;8;0;0;0;0;1;1;1;1;0;1;1;3;1;1;3;1;1;0;0;0;0;1;1;0;0;0;0;0;0;0;0;1;1;1;1;0;0;0;0;1;1;0;0;1;1;0;0;0;0;1;1;0;1;0;0;0;0;0;0;0;0;0;0;0;0;0;0;0;;;;;0;;;;;;;1;1;0;0;0;1;0;0;0;1;1;0;0;0;0;1;0;0;0;1;0;0;0;0;1;0;1;0;0;0;0;0;0;0;1;1;0;0;0;1;1;0;62;0;0;0;0;0;0;0;0;0;0;0;0;0;0;0;0;0;0;0;0;0;0;0;0;0;0;0;0;0;0;0;0;0;62;62;5;57;0;0;0;0;0;0;0;0;0;0;1;1;0;37;25;17;36;2;6;0;1;0;0;0;0;4;58;0;62;0;0;0;0;0;0;0;0;62;0;0;0;0;0;13;0;0;0;0;0;0;0;13;13;0;0;0;6;6;0;2;0;0;0;0;0;0;0;2;2;0;0;0;1;1;0;0;2;0;0;0;0;0;0;0;0
2024;Sul;4;Santa Catarina;SC;42;Blumenau;4202404;Blumenau;4207;Blumenau;420019;Vale do Itajaí;4;Blumenau;12;Blumenau;420240405;FACULDADE DE TECNOLOGIA SENAC BLUMENAU;42272327;4;1;1;0;AVENIDA BRASIL;610;;PONTA AGUDA;89050000;47;30359999;1;15;22JAN2024:00:00:00;20DEC2024:00:00:00;;;;;0;;;;;;;;;;;;;;;;;;;;0;0;0;0;1;1;0;3,60374E+12;3,60374E+12;1;2;;3948;1;1;0;0;0;0;;0;1;0;1;1;0;0;0;0;0;1;0;0;0;1;0;0;0;0;1;0;0;0;0;1;1;1;0;1;0;0;1;1;0;1;0;1;1;1;1;1;0;0;1;1;0;1;1;0;0;0;0;0;0;0;0;0;0;0;0;1;0;1;0;1;0;0;0;0;1;0;1;1;1;0;1;1;0;0;40;1;41;40;40;0;1;1;1;1;1;0;0;0;1;2;1;12;1;5;1;20;1;170;1;25;0;0;1;1;1;1;1;1;1;3;1;1;2;1;7;1;2;0;0;1;1;0;0;0;0;1;1;0;0;1;3;1;1;1;2;1;1;1;1;0;0;0;0;0;0;0;0;0;1;0;1;1;0;1;1;0;1;0;0;0;0;0;0;0;0;0;;;;;0;;;;;;;1;1;0;0;0;1;0;0;0;1;1;0;0;0;0;1;0;0;0;1;0;0;1;1;1;0;1;0;0;0;0;0;0;1;1;1;0;0;0;1;1;0;294;0;0;0;0;0;0;0;0;0;0;0;0;0;0;0;70;0;0;0;0;0;0;70;25;45;0;0;0;0;0;0;0;0;294;294;16;208;0;0;0;0;0;0;0;0;0;0;3;3;0;208;86;83;163;7;41;0;0;0;0;0;2;79;213;140;154;0;0;0;0;0;0;0;70;287;7;0;0;0;0;42;0;0;0;0;0;0;16;42;42;0;0;0;19;19;0;15;0;0;0;0;0;0;3;15;15;0;0;0;2;2;0;8;7;0;0;0;0;0;0;0;3
2024;Sul;4;Santa Catarina;SC;42;Brusque;4202909;Blumenau;4207;Brusque;420021;Vale do Itajaí;4;Blumenau;12;Brusque;420290905;CENTRO DE EDUCACAO PROFISSIONAL SENAC DE BRUSQUE;42139430;4;1;1;0;RODOVIA ANTONIO HEIL;191;;CENTRO II;88353100;47;33512626;1;16;05FEB2024:00:00:00;13DEC2024:00:00:00;;;;;0;;;;;;;;;;;;;;;;;;;;0;0;0;0;0;1;1;3,60374E+12;3,60374E+12;1;2;;;1;2;0;0;0;0;;0;0;0;1;1;0;0;0;0;0;1;0;0;0;1;0;0;0;0;1;0;0;0;0;1;0;0;0;1;0;0;0;1;0;1;1;1;1;1;1;0;0;0;0;1;1;0;0;0;0;0;0;0;0;0;0;0;0;0;0;1;1;1;0;1;0;0;0;0;1;1;1;1;1;0;1;1;0;0;18;0;18;18;18;0;1;1;1;1;1;0;0;0;1;1;1;2;1;4;1;21;1;70;1;35;0;0;1;1;1;1;0;1;1;3;1;1;5;1;5;1;1;0;0;0;0;0;0;0;0;0;0;0;0;1;3;1;1;1;2;0;0;0;0;0;0;0;0;0;0;0;0;0;1;0;1;1;0;0;0;1;0;0;0;0;0;0;0;0;0;0;;;;;0;;;;;;;1;0;0;0;0;0;0;0;1;1;0;9;9;9;9;9;9;0;0;1;0;0;0;1;1;0;1;0;0;0;0;0;0;0;1;1;0;0;0;1;1;0;218;0;0;0;0;0;0;0;0;0;0;0;0;0;0;0;0;0;0;0;0;0;0;0;0;0;0;0;0;0;0;0;0;0;218;218;24;194;0;0;0;0;0;0;0;0;0;0;1;1;0;165;53;11;127;13;65;2;0;0;0;0;0;20;198;27;191;0;0;0;0;0;0;0;0;218;0;0;0;0;0;34;0;0;0;0;0;0;0;34;34;0;0;0;4;4;0;10;0;0;0;0;0;0;0;10;10;0;0;0;1;1;0;1;9;0;0;0;0;0;0;0;0
2024;Sul;4;Santa Catarina;SC;42;Caçador;4203006;Caçador;4205;Caçador;420014;Oeste Catarinense;1;Joaçaba;4;Caçador;420300605;FACULDADE SENAC DE CACADOR;42276276;4;1;1;0;AVENIDA SETE DE SETEMBRO;169;;CENTRO;89500133;49;35630000;1;10;05FEB2024:00:00:00;13DEC2024:00:00:00;;;;;0;;;;;;;;;;;;;;;;;;;;0;0;0;0;0;1;0;3,60374E+12;3,60374E+12;1;2;;5131;1;1;0;0;0;0;;0;0;0;1;1;0;0;0;0;0;1;0;0;0;1;0;0;0;0;1;0;0;0;0;1;0;1;0;1;1;0;1;1;0;1;0;0;1;1;1;0;0;0;0;1;0;0;1;0;0;1;0;1;0;0;0;0;0;0;0;1;1;1;0;1;0;0;0;0;1;1;1;1;1;1;1;1;0;0;17;0;17;3;17;1;1;1;1;1;1;0;0;0;1;10;1;5;0;0;1;15;1;91;1;20;0;0;1;1;1;1;1;1;1;3;1;1;10;1;3;1;1;1;88888;0;0;0;0;0;0;0;0;0;0;1;1;1;1;1;1;0;0;1;1;0;0;0;0;0;0;0;0;0;1;0;1;1;0;0;1;1;0;0;0;0;0;0;0;0;0;0;;;;;0;;;;;;;1;1;1;0;0;1;0;0;0;1;1;1;0;0;1;0;0;0;0;1;0;0;0;0;1;0;1;0;0;0;0;0;0;0;1;1;0;0;0;1;1;0;181;0;0;0;0;0;0;0;0;0;0;0;0;0;0;0;0;0;0;0;0;0;0;0;0;0;0;0;0;0;0;0;0;0;181;181;181;0;0;0;0;0;0;0;0;0;0;0;1;1;0;142;39;72;79;2;27;1;0;0;0;0;0;1;180;0;181;0;0;0;0;0;0;0;0;166;15;0;0;0;0;25;0;0;0;0;0;0;0;25;25;0;0;0;4;4;0;8;0;0;0;0;0;0;0;8;8;0;0;0;1;1;0;0;8;0;0;0;0;0;0;0;0
2024;Sul;4;Santa Catarina;SC;42;Campo Alegre;4203303;Joinville;4206;São Bento do Sul - Rio Negrinho;420018;Norte Catarinense;2;São Bento do Sul;7;Campo Alegre;420330305;SENAC DE CAMPO ALEGRE;42149444;4;;1;;RUA NEREU RAMOS;124;;CENTRO;89294000;47;36340602;2;24;;;;;;;;;;;;;;;;;;;;;;;;;;;;;;;;;;;;;;;;;;;;;;;;;;;;;;;;;;;;;;;;;;;;;;;;;;;;;;;;;;;;;;;;;;;;;;;;;;;;;;;;;;;;;;;;;;;;;;;;;;;;;;;;;;;;;;;;;;;;;;;;;;;;;;;;;;;;;;;;;;;;;;;;;;;;;;;;;;;;;;;;;;;;;;;;;;;;;;;;;;;;;;;;;;;;;;;;;;;;;;;;;;;;;;;;;;;;;;;;;;;;;;;;;;;;;;;;;;;;;;;;;;;;;;;;;;;;;;;;;;;;;;;;;;;;;;;;;;;;;;;;;;;;;;;;;;;;;;;;;;;;;;;;;;;;;;;;;;;;;;;;;;;;;;;;;;;;;;;;;;;;;;;;;;;;;;;;;;;;;;;;;;;;;;;;;
2024;Sul;4;Santa Catarina;SC;42;Canoinhas;4203808;Joinville;4206;Mafra;420017;Norte Catarinense;2;Canoinhas;6;Canoinhas;420380805;SENAC CANOINHAS;42148928;4;1;1;0;RUA ROLANDO LOURENCO MALLUCELL;16;SENAC;CENTRO;89460062;47;36224853;1;25;05FEB2024:00:00:00;18DEC2024:00:00:00;;;;;0;;;;;;;;;;;;;;;;;;;;0;0;0;0;0;1;0;3,60374E+12;3,60374E+12;1;1;;;1;2;0;0;0;0;;0;0;0;1;1;0;0;0;0;0;1;0;0;0;1;0;0;0;0;1;0;0;0;0;0;0;0;1;1;0;0;1;1;0;1;0;0;1;1;0;0;0;0;0;0;1;0;0;0;0;0;0;0;0;0;0;0;0;0;0;0;0;1;0;1;0;0;0;0;1;1;0;0;0;0;0;0;0;0;5;0;5;5;0;0;1;1;1;1;1;0;0;0;1;88888;1;1;0;0;1;88888;0;0;1;88888;0;0;1;1;1;1;0;1;1;3;1;1;88888;1;1;1;1;0;0;0;0;0;0;0;0;0;0;0;0;1;1;1;1;0;0;0;0;0;0;0;0;0;0;0;0;0;0;0;1;0;0;1;0;1;0;1;0;0;0;0;0;0;0;0;0;0;;;;;0;;;;;;;1;0;0;0;0;0;0;0;1;1;0;9;9;9;9;9;9;0;0;1;0;0;0;0;1;0;1;0;0;0;0;0;0;0;1;1;0;0;0;1;1;0;36;0;0;0;0;0;0;0;0;0;0;0;0;0;0;0;0;0;0;0;0;0;0;0;0;0;0;0;0;0;0;0;0;0;36;36;9;27;0;0;0;0;0;0;0;0;0;0;2;2;0;19;17;12;22;0;2;0;0;0;0;0;0;9;27;0;36;0;0;0;0;0;0;0;0;30;6;0;0;0;0;8;0;0;0;0;0;0;0;8;8;0;0;0;4;4;0;3;0;0;0;0;0;0;0;3;3;0;0;0;2;2;0;0;3;0;0;0;0;0;0;0;0
2024;Sul;4;Santa Catarina;SC;42;Chapecó;4204202;Chapecó;4204;Chapecó;420007;Oeste Catarinense;1;Chapecó;2;Chapecó;420420205;FACULDADE DE TECNOLOGIA SENAC CHAPECO;42139031;4;1;1;0;RUA CASTRO ALVES - E;298;;SAO CRISTOVAO;89803110;49;33615012;1;4;22JAN2024:00:00:00;18DEC2024:00:00:00;;;;;0;;;;;;;;;;;;;;;;;;;;0;0;0;0;0;1;0;3,60374E+12;3,60374E+12;1;5;;;1;1;0;0;0;0;;0;0;0;1;1;0;0;0;0;0;1;0;0;0;1;0;0;0;0;1;0;0;0;0;0;0;1;0;1;0;0;1;1;0;1;0;0;1;1;1;0;0;0;0;1;0;0;1;0;0;0;0;0;0;0;0;0;0;0;0;1;0;1;0;1;0;0;0;0;1;1;0;1;1;0;0;1;0;0;14;0;14;14;14;0;1;1;1;1;1;0;0;0;1;14;0;0;0;0;1;88888;1;46;1;85;0;0;1;1;1;1;0;1;1;3;1;1;5;0;0;1;1;0;0;0;0;0;0;0;0;1;1;0;0;1;3;1;1;0;0;1;1;0;0;0;0;0;0;0;0;0;0;0;1;0;0;0;0;0;0;0;0;0;0;0;0;0;0;0;0;0;;;;;0;;;;;;;1;1;0;0;0;0;0;1;0;1;0;9;9;9;9;9;9;0;0;1;0;0;0;1;1;0;1;0;0;0;0;0;0;0;1;1;0;0;0;1;1;0;367;0;0;0;0;0;0;0;0;0;0;0;0;0;0;0;0;0;0;0;0;0;0;0;0;0;0;0;0;0;0;0;0;0;367;367;25;342;0;0;0;0;0;0;0;0;0;0;4;4;0;274;93;84;183;14;81;5;0;0;0;0;0;24;343;115;252;0;0;0;0;0;0;0;0;344;23;0;0;0;0;53;0;0;0;0;0;0;0;53;53;0;0;0;13;13;0;23;0;0;0;0;0;0;0;23;23;0;0;0;3;3;0;6;17;0;0;0;0;0;0;0;0
2024;Sul;4;Santa Catarina;SC;42;Concórdia;4204301;Chapecó;4204;Concórdia;420010;Oeste Catarinense;1;Concórdia;5;Concórdia;420430105;FACULDADE SENAC CONCORDIA;42139007;4;1;1;0;RUA JOAO ZANARDI;330;;NOSSA SENHORA DA SALETE;89700396;49;34422993;1;6;19FEB2024:00:00:00;13DEC2024:00:00:00;;;;;0;;;;;;;;;;;;;;;;;;;;0;0;0;0;0;0;1;3,60374E+12;3,60374E+12;1;2;;17777;1;1;0;0;0;0;;0;0;0;1;1;0;0;0;0;0;1;0;0;0;1;1;0;1;0;1;0;0;0;0;1;0;1;0;1;0;0;1;1;0;1;1;0;1;1;0;0;0;0;0;1;0;0;1;0;0;0;0;0;0;0;0;0;0;0;0;1;1;1;0;0;0;0;0;0;1;1;0;1;1;0;1;1;0;0;10;0;10;10;10;0;1;1;1;1;1;0;0;0;1;10;1;2;1;4;1;10;1;110;1;5;0;0;1;1;1;1;1;1;1;3;1;1;8;1;2;1;1;0;0;0;0;0;0;0;0;0;0;0;0;1;3;1;1;1;1;1;1;1;2;0;0;0;0;0;0;0;0;0;1;0;1;1;0;1;0;0;0;0;1;0;0;0;0;0;0;0;;;;;0;;;;;;;1;1;1;0;0;0;0;0;1;1;0;9;9;9;9;9;9;0;0;1;0;0;0;0;1;0;1;0;0;0;0;0;0;0;1;1;0;0;0;0;0;0;227;0;0;0;0;0;0;0;0;0;0;0;0;0;0;0;0;0;0;0;0;0;0;0;0;0;0;0;0;0;0;0;0;0;227;227;12;215;0;0;0;0;0;0;0;0;0;0;0;0;0;176;51;43;137;12;32;3;0;0;0;0;0;13;214;0;227;0;0;0;0;0;0;0;0;196;31;0;0;0;0;12;0;0;0;0;0;0;0;12;12;0;0;0;0;0;0;11;0;0;0;0;0;0;0;11;11;0;0;0;0;0;0;0;11;0;0;0;0;0;0;0;0
2024;Sul;4;Santa Catarina;SC;42;Criciúma;4204608;Criciúma;4202;Criciúma;420002;Sul Catarinense;6;Criciúma;19;Criciúma;420460805;FACULDADE SENAC CRICIUMA;42151031;4;1;1;0;RUA HENRIQUE LAGE;560;;CENTRO;88801010;48;34379801;1;20;05FEB2024:00:00:00;13DEC2024:00:00:00;;;;;0;;;;;;;;;;;;;;;;;;;;0;0;0;0;0;1;0;3,60374E+12;3,60374E+12;1;1;;17277;1;1;0;0;0;0;;0;0;0;1;1;0;0;0;0;0;1;0;0;0;1;0;0;0;0;1;0;0;0;0;1;0;0;0;1;1;0;1;1;0;1;0;1;1;1;1;0;0;0;1;1;0;1;1;0;0;1;1;0;1;0;0;0;0;0;0;1;0;1;0;1;0;0;0;0;1;1;1;1;1;0;1;1;0;0;41;0;41;41;41;0;1;0;1;1;1;0;0;0;1;39;1;2;0;0;1;41;1;8;1;10;1;8;1;1;1;1;1;1;1;3;1;1;13;1;8;1;1;0;0;1;2;0;0;0;0;1;1;0;0;1;2;1;1;1;1;0;0;1;1;0;0;0;0;0;0;0;0;0;1;0;1;0;0;0;0;0;0;0;0;0;0;0;0;0;0;0;;;;;0;;;;;;;1;1;0;0;0;1;0;0;0;1;1;0;0;0;0;1;0;0;0;1;0;0;1;1;1;0;1;0;0;0;0;0;0;1;1;1;0;0;0;1;1;0;338;0;0;0;0;0;0;0;0;0;0;0;0;0;0;0;79;79;39;28;12;0;0;0;0;0;0;0;0;0;0;0;0;0;259;259;15;244;0;0;0;0;0;0;0;0;0;0;7;7;0;240;98;95;199;18;26;0;0;0;0;0;1;86;251;98;240;0;0;0;0;0;0;0;79;336;2;0;0;0;0;54;0;0;0;0;0;0;19;36;36;0;0;0;30;30;0;15;0;0;0;0;0;0;3;12;12;0;0;0;5;5;0;4;11;0;0;0;0;0;0;0;3
2024;Sul;4;Santa Catarina;SC;42;Curitibanos;4204806;Lages;4203;Curitibanos;420006;Serrana;3;Curitibanos;9;Curitibanos;420480605;SENAC SERVICO NACIONAL DE APRENDIZAGEM COMERCIAL;42116651;4;1;1;0;AVENIDA SALOMAO CARNEIRO DE ALMEIDA - EDIFICIO GABOARDI MASTER CENTER;388;6º ANDAR;CENTRO;89520000;49;32415937;1;11;19FEB2024:00:00:00;13DEC2024:00:00:00;;;;;0;;;;;;;;;;;;;;;;;;;;0;0;0;0;0;1;0;1E+14;1E+14;1;2;;;1;2;0;0;0;0;;0;0;0;1;1;0;0;0;0;0;1;0;0;0;1;0;0;0;0;1;0;0;0;0;1;0;0;0;0;0;0;0;1;0;1;1;0;0;1;1;0;0;0;0;1;0;0;0;0;0;0;0;0;0;0;0;0;0;0;0;0;1;0;0;0;0;0;0;0;0;1;0;1;1;0;0;0;0;0;3;0;3;3;3;0;1;1;1;0;1;0;0;0;0;0;1;1;0;0;1;3;1;20;1;8;0;0;1;1;1;1;0;1;1;2;0;1;2;1;1;0;0;0;0;0;0;0;0;0;0;0;0;0;0;1;1;0;0;0;0;0;0;1;1;0;0;0;0;0;0;0;0;0;1;0;0;1;0;0;0;1;0;0;0;0;0;0;0;0;0;0;;;;;0;;;;;;;1;1;0;0;0;0;0;0;1;1;1;0;0;0;0;1;0;0;0;1;0;0;0;1;1;0;1;0;0;0;0;0;0;0;1;1;0;0;0;1;1;0;66;0;0;0;0;0;0;0;0;0;0;0;0;0;0;0;0;0;0;0;0;0;0;0;0;0;0;0;0;0;0;0;0;0;66;66;14;52;0;0;0;0;0;0;0;0;0;0;4;4;0;39;27;12;43;0;11;0;0;0;0;0;0;17;49;20;46;0;0;0;0;0;0;0;0;57;9;0;0;0;0;10;0;0;0;0;0;0;0;10;10;0;0;0;7;7;0;3;0;0;0;0;0;0;0;3;3;0;0;0;2;2;0;1;2;0;0;0;0;0;0;0;0
2024;Sul;4;Santa Catarina;SC;42;Florianópolis;4205407;Florianópolis;4201;Florianópolis;420001;Grande Florianópolis;5;Florianópolis;16;Florianópolis;420540705;SENAC DE FLORIANOPOLIS;42270278;4;1;1;0;RUA SILVA JARDIM;360;;CENTRO;88020200;48;32293253;1;10000;06JAN2024:00:00:00;14DEC2024:00:00:00;;;;;0;;;;;;;;;;;;;;;;;;;;0;0;0;0;0;1;0;3,60374E+12;3,60374E+12;1;2;;;1;1;0;0;0;0;;0;0;1;1;1;0;0;0;0;0;1;0;0;0;1;0;0;0;0;1;0;0;0;0;0;0;0;1;1;0;0;1;1;0;1;1;0;1;1;1;0;0;0;0;1;1;1;0;0;0;0;0;0;0;0;0;0;0;0;0;1;1;1;0;1;0;0;0;0;1;1;1;1;1;0;1;1;0;0;24;0;24;24;24;0;1;0;0;1;1;0;0;0;1;22;1;2;1;7;1;22;1;88888;1;20;0;0;1;1;1;1;1;1;0;3;1;1;88888;1;7;1;3;1;88888;0;0;0;0;0;0;1;1;0;0;1;10;1;1;1;2;1;2;1;1;0;0;0;0;0;0;0;0;0;1;0;1;1;0;1;1;0;0;0;0;0;0;0;0;0;0;0;;;;;0;;;;;;;1;1;0;0;0;1;0;0;0;1;1;0;0;0;1;1;0;0;0;1;0;0;0;1;1;0;1;0;0;0;0;0;0;0;1;1;0;0;0;1;1;0;116;0;0;0;0;0;0;0;0;0;0;0;0;0;0;0;0;0;0;0;0;0;0;0;0;0;0;0;0;0;0;0;0;0;116;116;41;75;0;0;0;0;0;0;0;0;0;0;2;2;0;88;28;31;51;14;19;1;0;0;0;0;0;5;111;42;74;0;0;0;0;0;0;0;0;115;1;0;0;0;0;27;0;0;0;0;0;0;0;27;27;0;0;0;7;7;0;7;0;0;0;0;0;0;0;7;7;0;0;0;2;2;0;3;4;0;0;0;0;0;0;0;0
2024;Sul;4;Santa Catarina;SC;42;Florianópolis;4205407;Florianópolis;4201;Florianópolis;420001;Grande Florianópolis;5;Florianópolis;16;Florianópolis;420540705;SENAC SAUDE E BELEZA;42330270;4;1;1;0;RUA SILVA JARDIM;360;;PRAINHA;88020200;48;32293200;1;10000;06JAN2024:00:00:00;14DEC2024:00:00:00;;;;;0;;;;;;;;;;;;;;;;;;;;0;0;0;0;0;1;0;3,60374E+12;3,60374E+12;1;2;;3295;1;1;0;0;0;0;;0;0;1;1;1;0;0;0;0;0;1;0;0;0;1;0;0;0;0;1;0;0;0;0;0;0;0;1;1;0;0;1;1;0;1;0;0;1;1;1;0;0;0;0;1;1;1;0;0;0;0;0;0;0;0;0;0;0;0;0;1;1;1;0;1;0;0;0;0;1;1;1;1;1;0;1;1;0;0;24;0;24;24;24;0;1;0;0;1;1;0;0;0;1;22;1;2;1;7;1;22;1;88888;1;20;0;0;1;1;1;1;1;1;0;3;1;1;88888;1;88888;1;3;1;88888;0;0;0;0;0;0;1;1;0;0;1;88888;1;1;1;2;1;2;1;1;0;0;0;0;0;0;0;0;0;1;0;1;1;0;1;1;0;0;0;0;0;0;0;0;0;0;0;;;;;0;;;;;;;1;1;0;0;0;1;0;0;0;1;1;0;0;0;1;1;0;0;0;1;0;0;0;1;0;0;1;0;0;0;0;0;0;0;1;1;0;0;0;0;0;0;22;0;0;0;0;0;0;0;0;0;0;0;0;0;0;0;0;0;0;0;0;0;0;0;0;0;0;0;0;0;0;0;0;0;22;22;0;22;0;0;0;0;0;0;0;0;0;0;0;0;0;22;0;6;14;2;0;0;0;0;0;0;0;0;22;22;0;0;0;0;0;0;0;0;0;22;0;0;0;0;0;9;0;0;0;0;0;0;0;9;9;0;0;0;0;0;0;2;0;0;0;0;0;0;0;2;2;0;0;0;0;0;0;2;0;0;0;0;0;0;0;0;0
2024;Sul;4;Santa Catarina;SC;42;Itajaí;4208203;Blumenau;4207;Itajaí;420020;Vale do Itajaí;4;Itajaí;13;Itajaí;420820305;SERVICO NACIONAL DE APRENDIZAGEM COMERCIAL - SENAC DE ITAJAI;42119430;4;1;1;0;RUA BRUSQUE;257;;CENTRO;88302000;47;33480410;1;17;19FEB2024:00:00:00;19DEC2024:00:00:00;;;;;0;;;;;;;;;;;;;;;;;;;;0;0;0;0;0;1;0;3,60374E+12;3,60374E+12;1;2;;;1;2;0;0;0;0;;0;0;0;1;1;0;0;0;0;0;1;0;0;0;1;0;0;0;0;1;0;0;0;0;0;0;0;1;1;0;0;0;1;0;1;1;0;1;1;1;1;0;0;0;1;1;0;1;0;0;0;0;0;0;0;0;0;0;0;0;1;0;1;0;1;0;0;0;0;0;1;0;1;0;0;0;0;0;0;9;0;9;9;9;0;1;1;1;1;1;0;0;0;0;0;1;2;0;0;1;9;1;20;1;35;0;0;1;1;1;1;0;1;1;3;1;1;9;1;2;1;2;0;0;0;0;0;0;0;0;0;0;0;0;1;5;1;1;1;2;0;0;1;1;0;0;0;0;0;0;0;0;0;1;0;1;1;0;1;0;1;1;0;0;0;0;0;0;0;0;0;;;;;0;;;;;;;1;0;0;0;0;1;0;0;0;1;0;9;9;9;9;9;9;0;0;1;0;0;0;1;1;0;1;0;0;0;0;0;0;0;1;1;0;0;0;1;1;0;121;0;0;0;0;0;0;0;0;0;0;0;0;0;0;0;0;0;0;0;0;0;0;0;0;0;0;0;0;0;0;0;0;0;121;121;121;0;0;0;0;0;0;0;0;0;0;0;4;4;0;80;41;48;46;3;23;1;0;0;0;0;0;9;112;37;84;0;0;0;0;0;0;0;0;115;6;0;0;0;0;31;0;0;0;0;0;0;0;31;31;0;0;0;6;6;0;9;0;0;0;0;0;0;0;9;9;0;0;0;2;2;0;2;7;0;0;0;0;0;0;0;0
2024;Sul;4;Santa Catarina;SC;42;Joaçaba;4209003;Chapecó;4204;Joaçaba - Herval d'Oeste;420008;Oeste Catarinense;1;Joaçaba;4;Joaçaba;420900305;SERVICO NACIONAL DE APRENDIZAGEM COMERCIAL - SENAC - JOACABA;42138876;4;1;1;0;RUA TIRADENTES;170;;CENTRO;89600000;49;39065600;1;7;14FEB2024:00:00:00;13DEC2024:00:00:00;;;;;0;;;;;;;;;;;;;;;;;;;;0;0;0;0;0;1;0;3,60374E+12;3,60374E+12;1;2;;;1;2;0;0;0;0;;0;0;0;1;1;0;0;0;0;0;1;0;0;0;1;0;0;0;0;1;0;0;0;0;0;0;0;1;1;0;0;0;1;0;1;1;0;1;1;1;0;0;0;0;1;1;0;0;0;0;0;0;0;0;0;0;0;0;0;0;1;0;1;0;1;0;0;0;0;1;1;0;1;1;0;1;1;0;0;15;0;15;15;15;0;1;1;1;1;1;0;0;0;0;0;1;2;0;0;1;19;1;29;1;45;0;0;1;1;1;1;0;1;1;3;1;1;4;1;3;1;1;1;88888;0;0;0;0;0;0;0;0;0;0;1;6;1;1;1;1;0;0;1;2;0;0;0;0;0;0;0;0;0;1;0;0;1;0;0;0;1;0;0;0;0;0;0;0;0;0;0;;;;;0;;;;;;;1;0;0;0;0;1;0;0;0;1;0;9;9;9;9;9;9;0;0;1;0;0;0;0;1;0;1;0;0;0;0;0;0;0;1;1;0;0;0;1;1;0;221;0;0;0;0;0;0;0;0;0;0;0;0;0;0;0;0;0;0;0;0;0;0;0;0;0;0;0;0;0;0;0;0;0;221;221;50;171;0;0;0;0;0;0;0;0;0;0;3;3;0;175;46;95;89;5;29;3;0;0;0;0;0;17;204;0;221;0;0;0;0;0;0;0;0;198;23;0;0;0;0;22;0;0;0;0;0;0;0;22;22;0;0;0;15;15;0;12;0;0;0;0;0;0;0;12;12;0;0;0;3;3;0;0;12;0;0;0;0;0;0;0;0
2024;Sul;4;Santa Catarina;SC;42;Joinville;4209102;Joinville;4206;Joinville;420016;Norte Catarinense;2;Joinville;8;Joinville;420910205;SENAC DE JOINVILLE;42280265;4;1;1;0;RUA VISCONDE DE TAUNAY;730;;ATIRADORES;89203062;47;34316666;1;22;05FEB2024:00:00:00;13DEC2024:00:00:00;;;;;0;;;;;;;;;;;;;;;;;;;;0;0;0;0;0;1;0;3,60374E+12;3,60374E+12;1;2;;;1;1;0;0;0;0;;0;0;0;1;1;0;0;0;0;0;1;0;0;0;1;0;0;0;0;1;0;0;0;0;1;0;0;0;1;0;0;1;1;0;1;1;1;1;1;1;1;0;0;1;1;1;0;1;0;0;1;0;1;0;0;0;0;0;0;0;1;0;1;0;1;0;0;0;0;1;1;1;0;0;0;1;1;0;0;37;0;37;37;37;0;1;1;1;1;1;0;0;0;1;22;0;0;0;0;1;22;1;150;1;43;1;22;1;1;1;1;0;1;1;3;1;1;7;1;10;1;3;1;88888;0;0;0;0;0;0;1;1;0;0;1;7;1;1;1;4;1;1;1;1;0;0;0;0;0;0;0;0;0;1;0;1;1;0;1;0;1;1;0;0;0;0;0;0;0;0;0;;;;;0;;;;;;;1;0;0;0;0;0;0;0;1;1;1;0;0;0;1;1;0;0;0;1;0;0;1;1;1;0;1;0;0;0;0;0;0;1;1;1;0;0;0;1;1;0;506;0;0;0;0;0;0;0;0;0;0;0;0;0;0;0;243;0;0;0;0;0;0;243;110;67;66;0;0;0;0;0;0;0;506;506;97;166;0;0;0;0;0;0;0;0;0;0;9;9;0;335;171;44;370;17;72;3;0;0;0;0;4;303;199;294;212;0;0;0;0;0;0;0;243;489;17;0;0;0;0;37;0;0;0;0;0;0;25;37;37;0;0;0;25;25;0;23;0;0;0;0;0;0;10;23;23;0;0;0;8;8;0;13;10;0;0;0;0;0;0;0;10
2024;Sul;4;Santa Catarina;SC;42;Lages;4209300;Lages;4203;Lages;420005;Serrana;3;Campos de Lages;10;Lages;420930005;SENAC DE LAGES;42332281;4;1;1;0;AVENIDA DOM PEDRO II;1450;;UNIVERSITARIO;88509001;49;32233855;1;26;19FEB2024:00:00:00;13DEC2024:00:00:00;;;;;0;;;;;;;;;;;;;;;;;;;;0;0;0;0;0;1;0;3,60374E+12;3,60374E+12;1;2;;;1;1;0;0;0;0;;0;0;0;1;1;0;0;0;0;0;1;0;0;0;1;0;0;0;0;1;0;0;0;0;1;0;0;0;1;0;0;1;1;0;1;1;0;1;1;1;1;0;0;0;1;1;1;1;0;0;0;0;0;1;0;0;0;0;0;0;1;1;1;0;1;0;0;0;0;1;1;1;0;1;0;1;1;0;0;14;1;15;14;15;0;1;1;1;1;0;0;0;0;0;0;1;1;0;0;1;14;1;44;1;10;0;0;1;1;1;1;1;1;1;3;1;1;3;1;2;1;1;0;0;1;2;0;0;0;0;0;0;0;0;1;2;1;1;1;1;0;0;1;4;0;0;0;0;0;0;0;0;0;1;0;1;0;0;0;0;1;0;0;0;0;0;0;0;0;0;0;;;;;0;;;;;;;1;1;0;0;0;1;0;0;0;1;1;1;0;0;0;0;0;0;0;1;0;0;0;1;1;0;1;0;0;0;0;0;0;0;1;1;0;0;0;1;1;0;206;0;0;0;0;0;0;0;0;0;0;0;0;0;0;0;0;0;0;0;0;0;0;0;0;0;0;0;0;0;0;0;0;0;206;206;152;54;0;0;0;0;0;0;0;0;0;0;4;4;0;121;85;43;124;5;34;0;0;0;0;0;0;36;170;53;153;0;0;0;0;0;0;0;0;188;18;0;0;0;0;7;0;0;0;0;0;0;0;7;7;0;0;0;2;2;0;9;0;0;0;0;0;0;0;9;9;0;0;0;3;3;0;2;7;0;0;0;0;0;0;0;0
2024;Sul;4;Santa Catarina;SC;42;Mafra;4210100;Joinville;4206;Mafra;420017;Norte Catarinense;2;Canoinhas;6;Mafra;421010005;SENAC DE MAFRA;42149487;4;1;1;0;RUA FELIPE SCHMIDT;809;;CENTRO I BAIXADA;89300178;47;32080130;1;36;22JAN2024:00:00:00;13DEC2024:00:00:00;;;;;0;;;;;;;;;;;;;;;;;;;;1;0;0;0;0;1;1;3,60374E+12;3,60374E+12;1;2;;;1;2;0;0;0;0;;0;0;0;1;1;0;0;0;0;0;1;0;0;0;1;0;0;0;0;1;0;0;0;0;1;0;0;0;0;0;0;0;1;0;1;1;0;1;1;1;0;0;0;0;1;1;0;0;0;0;0;0;0;0;0;0;0;0;0;0;1;0;1;0;1;0;0;0;0;0;0;1;0;0;0;0;0;0;0;6;0;6;6;4;0;1;1;1;1;0;0;0;0;0;0;1;1;0;0;1;8;1;2;1;34;0;0;1;1;1;1;0;1;1;2;1;1;1;1;1;0;0;1;1;0;0;0;0;0;0;0;0;0;0;1;1;0;0;1;1;0;0;0;0;0;0;0;0;0;0;0;0;0;1;0;1;1;0;1;0;1;0;0;0;0;0;0;0;0;0;0;;;;;0;;;;;;;1;0;0;0;0;0;0;0;1;0;0;9;9;9;9;9;9;0;0;1;0;0;0;0;1;0;1;0;0;0;0;0;0;0;1;1;0;0;0;1;1;0;121;0;0;0;0;0;0;0;0;0;0;0;0;0;0;0;0;0;0;0;0;0;0;0;0;0;0;0;0;0;0;0;0;0;121;121;20;101;0;0;0;0;0;0;0;0;0;0;2;2;0;85;36;34;80;0;7;0;0;0;0;0;0;18;103;0;121;0;0;0;0;0;0;0;0;109;12;0;0;0;0;8;0;0;0;0;0;0;0;8;8;0;0;0;4;4;0;5;0;0;0;0;0;0;0;5;5;0;0;0;2;2;0;0;5;0;0;0;0;0;0;0;0
2024;Sul;4;Santa Catarina;SC;42;Palhoça;4211900;Florianópolis;4201;Florianópolis;420001;Grande Florianópolis;5;Florianópolis;16;Palhoça;421190005;CENTRO DE ED PROFISSIONAL SENAC PALHOCA;42149223;4;1;1;0;RUA JOAO PEREIRA DOS SANTOS;303;;PONTE DO IMARUIM;88130475;48;33419128;1;10000;10JAN2024:00:00:00;18DEC2024:00:00:00;;;;;0;;;;;;;;;;;;;;;;;;;;0;0;0;0;0;1;0;3,60374E+12;3,60374E+12;1;5;;;1;2;0;0;0;0;;0;0;0;1;1;0;0;0;0;0;1;0;0;0;1;0;0;0;0;1;0;0;0;0;1;0;0;0;1;0;0;1;1;0;1;0;0;1;1;1;0;0;0;0;1;0;0;1;0;0;0;0;0;1;0;0;0;0;0;0;1;0;1;0;1;0;0;0;0;1;1;1;1;1;0;1;1;0;0;21;0;21;21;21;0;1;1;1;1;1;0;0;0;1;20;1;3;1;3;1;20;1;94;1;27;1;10;1;1;1;1;0;1;1;3;1;1;14;1;5;1;1;1;10;0;0;0;0;0;0;1;1;0;0;1;9;1;1;1;2;1;1;1;1;0;0;0;0;0;0;0;0;0;1;0;1;1;0;1;0;0;1;0;0;0;0;0;0;0;0;0;;;;;0;;;;;;;1;1;0;0;0;0;0;0;1;1;1;1;0;0;1;0;0;0;0;1;0;0;1;1;1;0;1;0;0;0;0;0;0;1;1;1;0;0;0;1;1;0;465;0;0;0;0;0;0;0;0;0;0;0;0;0;0;0;64;0;0;0;0;0;0;64;0;64;0;0;0;0;0;0;0;0;465;465;40;361;0;0;0;0;0;0;0;0;0;0;8;8;0;304;161;164;183;23;91;3;1;0;0;0;7;81;377;163;302;0;0;0;0;0;0;0;64;452;13;0;0;0;0;21;0;0;0;0;0;0;8;21;21;0;0;0;14;14;0;15;0;0;0;0;0;0;3;15;15;0;0;0;7;7;0;6;9;0;0;0;0;0;0;0;3
2024;Sul;4;Santa Catarina;SC;42;Porto União;4213609;Joinville;4206;Mafra;420017;Norte Catarinense;2;Canoinhas;6;Porto União;421360905;SERVICO NACIONAL DE APRENDIZAGEM COMERCIAL - SENAC PORTO UNIAO;42119448;4;1;1;0;AVENIDA GETULIO VARGAS;890;;CENTRO;89400000;42;35231516;1;25;22JAN2024:00:00:00;19DEC2024:00:00:00;;;;;0;;;;;;;;;;;;;;;;;;;;0;0;0;0;0;1;0;3,60374E+12;3,60374E+12;1;1;;;1;2;0;0;0;0;;0;0;0;1;1;0;0;0;0;0;1;0;0;0;1;0;0;0;0;1;0;0;0;0;1;0;0;0;0;0;0;1;1;0;1;0;0;1;1;1;0;0;0;0;1;1;0;0;0;0;0;0;0;0;0;0;0;0;0;0;1;0;1;0;1;0;0;0;0;1;1;1;1;0;0;1;1;0;0;13;0;13;13;13;0;1;1;1;1;1;0;0;0;0;0;1;3;0;0;1;88888;1;76;1;35;0;0;1;1;1;1;1;1;1;3;1;1;5;1;3;1;1;0;0;0;0;0;0;0;0;0;0;0;0;1;2;1;1;0;0;0;0;0;0;0;0;0;0;0;0;0;0;0;1;0;1;1;0;1;1;1;0;0;0;0;0;0;0;0;0;0;;;;;0;;;;;;;1;0;0;0;0;0;0;0;1;1;1;0;0;0;1;1;0;0;0;1;0;0;0;1;1;0;1;0;0;0;0;0;0;0;1;1;0;0;0;1;1;0;295;0;0;0;0;0;0;0;0;0;0;0;0;0;0;0;0;0;0;0;0;0;0;0;0;0;0;0;0;0;0;0;0;0;295;295;20;275;0;0;0;0;0;0;0;0;0;0;5;5;0;197;98;49;207;3;34;2;0;0;0;0;0;21;274;51;244;0;0;0;0;0;0;0;0;265;30;0;0;0;0;33;0;0;0;0;0;0;0;33;33;0;0;0;18;18;0;14;0;0;0;0;0;0;0;14;14;0;0;0;5;5;0;2;12;0;0;0;0;0;0;0;0
2024;Sul;4;Santa Catarina;SC;42;Quilombo;4214201;Chapecó;4204;Chapecó;420007;Oeste Catarinense;1;Chapecó;2;Quilombo;421420105;FACULDADE DE TECNOLOGIA SENAC CHAPECO;42149517;4;;1;;ALBERTO BODANESE PRIMO;1227;;CENTRO;89850000;49;33615012;2;31;;;;;;;;;;;;;;;;;;;;;;;;;;;;;;;;;;;;;;;;;;;;;;;;;;;;;;;;;;;;;;;;;;;;;;;;;;;;;;;;;;;;;;;;;;;;;;;;;;;;;;;;;;;;;;;;;;;;;;;;;;;;;;;;;;;;;;;;;;;;;;;;;;;;;;;;;;;;;;;;;;;;;;;;;;;;;;;;;;;;;;;;;;;;;;;;;;;;;;;;;;;;;;;;;;;;;;;;;;;;;;;;;;;;;;;;;;;;;;;;;;;;;;;;;;;;;;;;;;;;;;;;;;;;;;;;;;;;;;;;;;;;;;;;;;;;;;;;;;;;;;;;;;;;;;;;;;;;;;;;;;;;;;;;;;;;;;;;;;;;;;;;;;;;;;;;;;;;;;;;;;;;;;;;;;;;;;;;;;;;;;;;;;;;;;;;;
2024;Sul;4;Santa Catarina;SC;42;Rio do Sul;4214805;Blumenau;4207;Rio do Sul;420022;Vale do Itajaí;4;Rio do Sul;11;Rio do Sul;421480505;SENAC;42126649;4;1;1;0;RUA VISCONDE DE CAIRU;60;;SANTANA;89160256;47;35212266;1;12;05FEB2024:00:00:00;13DEC2024:00:00:00;;;;;0;;;;;;;;;;;;;;;;;;;;0;0;0;0;1;1;0;3,60374E+12;3,60374E+12;1;2;;3948;1;1;0;0;0;0;;0;0;0;1;1;0;0;0;0;0;1;0;0;0;1;0;0;0;0;1;0;0;0;0;1;0;0;0;0;0;0;0;1;0;1;0;1;1;1;1;0;0;0;1;1;0;0;0;0;0;0;0;0;0;0;0;0;0;0;0;1;0;1;0;1;1;0;0;0;1;0;0;0;1;0;0;0;0;0;16;1;17;15;15;0;1;1;1;1;1;0;0;0;1;1;1;2;1;1;1;16;1;42;1;40;0;0;1;1;1;1;1;1;1;3;1;1;5;1;2;1;1;1;88888;1;4;0;0;0;0;1;1;0;0;1;2;1;1;1;1;1;1;1;2;1;1;0;0;0;0;0;0;0;1;0;0;1;0;1;0;1;1;0;0;0;0;0;0;0;0;0;;;;;0;;;;;;;1;1;1;0;0;0;0;0;1;1;0;9;9;9;9;9;9;0;0;1;0;0;0;0;1;0;1;0;0;0;0;0;0;0;1;1;0;0;0;1;1;0;122;0;0;0;0;0;0;0;0;0;0;0;0;0;0;0;0;0;0;0;0;0;0;0;0;0;0;0;0;0;0;0;0;0;122;122;0;122;0;0;0;0;0;0;0;0;0;0;1;1;0;105;17;32;66;4;20;0;0;0;0;0;0;1;121;0;122;0;0;0;0;0;0;0;0;105;17;0;0;0;0;22;0;0;0;0;0;0;0;22;22;0;0;0;9;9;0;6;0;0;0;0;0;0;0;6;6;0;0;0;1;1;0;0;6;0;0;0;0;0;0;0;0
2024;Sul;4;Santa Catarina;SC;42;Rio Negrinho;4215000;Joinville;4206;São Bento do Sul - Rio Negrinho;420018;Norte Catarinense;2;São Bento do Sul;7;Rio Negrinho;421500005;SENAC DE RIO NEGRINHO;42149479;4;;1;;RUA PREFEITO HUGO FISCHER;539;;BELA VISTA;89295000;47;36340602;2;24;;;;;;;;;;;;;;;;;;;;;;;;;;;;;;;;;;;;;;;;;;;;;;;;;;;;;;;;;;;;;;;;;;;;;;;;;;;;;;;;;;;;;;;;;;;;;;;;;;;;;;;;;;;;;;;;;;;;;;;;;;;;;;;;;;;;;;;;;;;;;;;;;;;;;;;;;;;;;;;;;;;;;;;;;;;;;;;;;;;;;;;;;;;;;;;;;;;;;;;;;;;;;;;;;;;;;;;;;;;;;;;;;;;;;;;;;;;;;;;;;;;;;;;;;;;;;;;;;;;;;;;;;;;;;;;;;;;;;;;;;;;;;;;;;;;;;;;;;;;;;;;;;;;;;;;;;;;;;;;;;;;;;;;;;;;;;;;;;;;;;;;;;;;;;;;;;;;;;;;;;;;;;;;;;;;;;;;;;;;;;;;;;;;;;;;;;
2024;Sul;4;Santa Catarina;SC;42;São Bento do Sul;4215802;Joinville;4206;São Bento do Sul - Rio Negrinho;420018;Norte Catarinense;2;São Bento do Sul;7;São Bento do Sul;421580205;SENAC DE SAO BENTO DO SUL;42330459;4;1;1;0;RUA AUGUSTO KLIMMEK;277;EDIFICIO SAO JOSE;CENTRO;89280349;47;36340602;1;24;25JAN2024:00:00:00;20DEC2024:00:00:00;;;;;0;;;;;;;;;;;;;;;;;;;;1;0;0;0;0;1;1;3,60374E+12;3,60374E+12;1;2;;;1;2;0;0;0;0;;0;0;0;1;1;0;0;0;0;0;1;0;0;0;1;0;0;0;0;1;0;0;0;0;1;0;0;0;1;0;0;0;1;0;1;1;0;1;1;1;0;0;0;0;1;0;0;0;0;0;0;0;0;0;0;0;0;0;0;0;1;0;1;0;1;0;0;0;0;1;1;0;1;1;0;0;0;0;0;7;0;7;2;7;0;1;1;1;1;1;0;0;0;0;0;1;1;0;0;1;88888;1;30;1;52;0;0;1;1;1;1;1;1;1;3;1;0;0;1;1;0;0;1;1;0;0;0;0;0;0;0;0;0;0;1;1;1;1;1;1;0;0;0;0;0;0;0;0;0;0;0;0;0;1;0;0;1;0;0;0;0;0;0;0;0;0;0;0;0;0;0;;;;;0;;;;;;;1;0;0;0;0;0;0;1;0;0;0;9;9;9;9;9;9;0;0;1;0;0;0;1;1;0;1;0;0;0;0;0;0;0;1;1;0;0;0;0;0;0;74;0;0;0;0;0;0;0;0;0;0;0;0;0;0;0;0;0;0;0;0;0;0;0;0;0;0;0;0;0;0;0;0;0;74;74;5;69;0;0;0;0;0;0;0;0;0;0;0;0;0;61;13;15;49;2;8;0;0;0;0;0;0;5;69;27;47;0;0;0;0;0;0;0;0;64;10;0;0;0;0;8;0;0;0;0;0;0;0;8;8;0;0;0;0;0;0;4;0;0;0;0;0;0;0;4;4;0;0;0;0;0;0;1;3;0;0;0;0;0;0;0;0
2024;Sul;4;Santa Catarina;SC;42;São Miguel do Oeste;4217204;Chapecó;4204;São Miguel do Oeste;420009;Oeste Catarinense;1;São Miguel do Oeste;1;São Miguel do Oeste;421720405;SENAC DE SAO MIGUEL DO OESTE;42296269;4;1;1;0;RUA SETE DE SETEMBRO;1415;;CENTRO;89900000;49;36210055;1;1;26FEB2024:00:00:00;13DEC2024:00:00:00;;;;;0;;;;;;;;;;;;;;;;;;;;0;0;0;0;0;1;0;3,60374E+12;3,60374E+12;1;1;;5133;1;1;0;0;0;0;;0;1;0;1;1;0;0;0;0;0;1;0;0;0;0;1;0;1;0;1;0;0;0;0;1;0;0;0;1;0;0;0;1;0;1;1;0;1;1;1;0;0;0;0;1;0;0;1;0;0;0;0;0;0;0;0;0;0;0;0;1;1;1;0;1;0;0;0;0;1;0;0;1;1;0;1;0;0;0;10;0;10;10;10;0;1;1;1;1;1;0;0;0;1;10;0;0;0;0;1;88888;1;61;1;17;0;0;1;1;1;1;1;1;1;3;1;0;0;1;2;1;1;0;0;0;0;0;0;0;0;0;0;0;0;0;0;1;1;1;1;0;0;0;0;0;0;0;0;0;0;0;0;0;1;0;0;1;0;0;0;0;0;0;0;0;0;0;0;0;0;0;;;;;0;;;;;;;1;0;1;0;0;0;0;0;1;0;0;9;9;9;9;9;9;0;0;1;0;0;0;1;1;0;1;0;0;0;0;0;0;0;1;1;0;0;0;0;0;0;151;0;0;0;0;0;0;0;0;0;0;0;0;0;0;0;0;0;0;0;0;0;0;0;0;0;0;0;0;0;0;0;0;0;151;151;0;151;0;0;0;0;0;0;0;0;0;0;0;0;0;110;41;0;112;7;29;3;0;0;0;0;0;0;151;10;141;0;0;0;0;0;0;0;0;113;38;0;19;0;19;29;0;0;0;0;0;0;0;29;29;0;0;0;0;0;0;9;0;0;0;0;0;0;0;9;9;0;0;0;0;0;0;1;8;0;0;0;0;0;0;0;0
2024;Sul;4;Santa Catarina;SC;42;Tubarão;4218707;Criciúma;4202;Tubarão;420003;Sul Catarinense;6;Tubarão;18;Tubarão;421870705;FACULDADE DE TECNOLOGIA SENAC TUBARAO;42299268;4;1;1;0;RUA AMARILDO JOSE DA ROSA;1600;;REVOREDO;88704650;48;36325414;1;19;19FEB2024:00:00:00;13DEC2024:00:00:00;;;;;0;;;;;;;;;;;;;;;;;;;;0;0;0;0;0;1;0;3,60374E+12;3,60374E+12;1;2;;;1;2;0;0;0;0;;0;0;0;1;1;0;0;0;0;0;1;0;0;0;1;0;0;0;0;1;0;0;0;0;9;9;9;9;1;0;0;1;1;0;1;0;0;1;1;1;1;0;0;0;1;0;0;0;0;0;0;0;0;0;0;0;0;0;0;0;1;1;1;0;1;0;0;0;0;0;1;1;1;0;0;1;0;0;0;18;0;18;18;18;0;1;0;1;1;0;0;1;1;1;18;1;4;0;0;1;24;1;124;1;85;0;0;1;1;1;1;0;1;1;2;1;0;0;1;4;1;1;0;0;0;0;0;0;0;0;0;0;0;0;0;0;1;1;0;0;0;0;0;0;0;0;0;0;0;0;0;0;0;1;0;0;0;0;0;0;1;0;0;0;0;0;0;0;0;0;0;;;;;0;;;;;;;1;1;1;0;0;0;0;1;0;1;1;0;0;0;0;1;0;0;0;1;0;0;1;1;1;0;1;0;0;0;0;0;0;1;1;1;0;0;0;1;1;0;180;0;0;0;0;0;0;0;0;0;0;0;0;0;0;0;180;0;0;0;0;0;0;180;0;0;0;0;180;0;0;0;0;0;180;180;0;0;0;0;0;0;0;0;0;0;0;0;2;2;0;139;41;64;104;6;6;0;0;0;0;0;0;0;180;17;163;0;0;0;0;0;0;0;0;155;25;0;0;0;0;30;0;0;0;0;0;0;30;30;30;0;0;0;7;7;0;12;0;0;0;0;0;0;12;12;12;0;0;0;2;2;0;2;10;0;0;0;0;0;0;0;0
2024;Sul;4;Santa Catarina;SC;42;Xanxerê;4219507;Chapecó;4204;Xanxerê;420011;Oeste Catarinense;1;Xanxerê;3;Xanxerê;421950705;SERVICO NACIONAL DE APRENDIZAGEM COMERCIAL SENAC;42270294;4;1;1;0;R. IRINEU BORNHAUSEM;110;EDIFICIO VITORIA;CENTRO;89820000;49;34333300;1;5;20JAN2024:00:00:00;16DEC2024:00:00:00;;;;;0;;;;;;;;;;;;;;;;;;;;0;0;0;0;0;1;0;3,60374E+12;3,60374E+12;1;2;;3947;1;2;0;0;0;0;;0;0;0;1;0;1;0;0;0;0;1;0;0;0;1;0;0;0;0;1;0;0;0;0;1;0;0;0;1;0;0;0;1;0;1;1;0;1;1;1;0;0;0;0;0;0;0;0;0;0;0;0;0;0;0;0;0;0;0;0;1;0;1;0;1;0;0;0;0;1;1;0;1;0;1;1;1;0;1;8;0;8;8;8;0;1;1;1;1;1;0;0;0;1;88888;1;1;0;0;1;88888;1;24;1;79;0;0;1;1;1;1;0;1;1;3;1;1;7;1;2;0;0;1;1;0;0;0;0;0;0;0;0;0;0;1;5;1;1;0;0;1;1;1;1;0;0;0;0;0;0;0;0;0;1;0;1;1;0;1;0;1;0;0;0;0;0;0;0;0;0;0;;;;;0;;;;;;;1;0;0;0;0;1;0;0;0;1;0;9;9;9;9;9;9;0;0;1;0;0;0;0;1;0;1;0;0;0;0;0;0;0;1;1;0;0;0;0;0;0;118;0;0;0;0;0;0;0;0;0;0;0;0;0;0;0;0;0;0;0;0;0;0;0;0;0;0;0;0;0;0;0;0;0;118;118;12;106;0;0;0;0;0;0;0;0;0;0;0;0;0;105;13;32;67;2;16;0;1;0;0;0;0;10;108;0;118;0;0;0;0;0;0;0;0;103;15;0;0;0;0;6;0;0;0;0;0;0;0;6;6;0;0;0;0;0;0;6;0;0;0;0;0;0;0;6;6;0;0;0;0;0;0;0;6;0;0;0;0;0;0;0;0
2024;Sul;4;Rio Grande do Sul;RS;43;Bagé;4301602;Pelotas;4302;Bagé;430010;Sudoeste Rio-grandense;6;Campanha Meridional;31;Bagé;430160205;SENAC BAGE;43209386;4;1;1;0;MARECHAL FLORIANO;1456;CASA;CENTRO;96400010;53;32427233;1;13;19FEB2024:00:00:00;20DEC2024:00:00:00;;;;;0;;;;;;;;;;;;;;;;;;;;0;0;0;0;0;1;0;3,42271E+12;3,42271E+12;1;1;;;1;1;0;0;0;0;;0;0;0;1;1;0;0;0;0;0;1;0;0;0;1;0;0;0;0;1;0;0;0;0;1;0;0;0;1;0;0;1;1;0;1;0;0;1;1;1;0;0;0;0;1;0;0;1;0;0;0;0;0;0;0;0;0;0;0;0;1;0;1;0;1;0;0;0;0;1;0;1;1;1;0;0;0;0;0;13;0;13;13;13;0;1;1;0;1;1;0;0;0;1;1;1;1;1;1;1;12;1;46;0;0;0;0;1;1;1;1;0;1;1;3;1;1;7;1;2;0;0;0;0;0;0;0;0;0;0;0;0;0;0;1;1;1;1;0;0;0;0;0;0;0;0;0;0;0;0;0;0;0;1;0;0;1;0;1;1;0;0;0;1;0;0;0;0;0;0;0;;;;;0;;;;;;;1;0;0;0;0;0;0;0;1;1;0;9;9;9;9;9;9;0;0;1;0;0;0;1;1;0;1;0;0;0;0;0;0;0;1;1;0;0;0;1;1;0;314;0;0;0;0;0;0;0;0;0;0;0;0;0;0;0;0;0;0;0;0;0;0;0;0;0;0;0;0;0;0;0;0;0;314;314;314;0;0;0;0;0;0;0;0;0;0;0;2;2;0;238;76;103;152;20;39;0;0;0;0;0;0;48;266;99;215;0;0;0;0;0;0;0;0;296;18;0;0;0;0;15;0;0;0;0;0;0;0;15;15;0;0;0;3;3;0;12;0;0;0;0;0;0;0;12;12;0;0;0;2;2;0;4;8;0;0;0;0;0;0;0;0
2024;Sul;4;Rio Grande do Sul;RS;43;Bento Gonçalves;4302105;Caxias do Sul;4307;Bento Gonçalves;430037;Nordeste Rio-grandense;2;Caxias do Sul;16;Bento Gonçalves;430210505;ESC EDUC PROFISSIONAL SENAC - BENTO GONCALVES;43209467;4;;1;;RUA SALDANHA MARINHO;820;PREDIO COMERCIAL;CENTRO;95700082;54;34524200;2;16;;;;;;;;;;;;;;;;;;;;;;;;;;;;;;;;;;;;;;;;;;;;;;;;;;;;;;;;;;;;;;;;;;;;;;;;;;;;;;;;;;;;;;;;;;;;;;;;;;;;;;;;;;;;;;;;;;;;;;;;;;;;;;;;;;;;;;;;;;;;;;;;;;;;;;;;;;;;;;;;;;;;;;;;;;;;;;;;;;;;;;;;;;;;;;;;;;;;;;;;;;;;;;;;;;;;;;;;;;;;;;;;;;;;;;;;;;;;;;;;;;;;;;;;;;;;;;;;;;;;;;;;;;;;;;;;;;;;;;;;;;;;;;;;;;;;;;;;;;;;;;;;;;;;;;;;;;;;;;;;;;;;;;;;;;;;;;;;;;;;;;;;;;;;;;;;;;;;;;;;;;;;;;;;;;;;;;;;;;;;;;;;;;;;;;;;;
2024;Sul;4;Rio Grande do Sul;RS;43;Cachoeira do Sul;4303004;Santa Maria;4303;Cachoeira do Sul;430013;Centro Oriental Rio-grandense;4;Cachoeira do Sul;22;Cachoeira do Sul;430300405;ESC EDUC PROF SENAC CACHOEIRA DO SUL;43009255;4;1;1;0;AVENIDA JULIO DE CASTILHOS;835;COMERCIAL;CENTRO;96501000;51;37223187;1;24;05FEB2024:00:00:00;20DEC2024:00:00:00;;;;;0;;;;;;;;;;;;;;;;;;;;0;0;0;0;0;1;0;3,42271E+12;3,42271E+12;1;1;;;1;2;0;0;0;0;;0;0;0;1;1;0;0;0;0;0;1;0;0;0;1;0;0;0;0;1;0;0;0;0;1;0;0;0;1;0;0;1;1;0;1;0;0;1;1;1;0;0;0;0;1;0;0;0;0;0;0;0;0;0;0;0;0;0;0;0;1;0;1;0;1;0;0;0;0;1;1;0;1;0;0;0;0;0;0;13;0;13;13;13;0;1;1;1;1;1;0;0;0;1;1;1;5;0;0;1;9;1;79;1;20;0;0;1;1;1;1;1;1;1;3;1;1;8;1;3;0;0;0;0;0;0;0;0;0;0;0;0;0;0;1;1;1;1;0;0;0;0;0;0;0;0;0;0;0;0;0;0;0;0;0;0;1;0;0;0;1;0;0;0;0;0;0;0;1;0;0;;;;;0;;;;;;;1;1;1;0;0;0;0;0;1;1;1;1;0;0;0;0;0;0;0;1;0;0;0;1;1;0;1;0;0;0;0;0;0;0;1;1;0;0;0;1;1;0;87;0;0;0;0;0;0;0;0;0;0;0;0;0;0;0;0;0;0;0;0;0;0;0;0;0;0;0;0;0;0;0;0;0;87;87;87;0;0;0;0;0;0;0;0;0;0;0;4;4;0;56;31;13;54;11;9;0;0;0;0;0;1;16;70;27;60;0;0;0;0;0;0;0;0;84;3;0;0;0;0;4;0;0;0;0;0;0;0;4;4;0;0;0;4;4;0;5;0;0;0;0;0;0;0;5;5;0;0;0;4;4;0;1;4;0;0;0;0;0;0;0;0
2024;Sul;4;Rio Grande do Sul;RS;43;Camaquã;4303509;Porto Alegre;4301;Camaquã;430005;Metropolitana de Porto Alegre;5;Camaquã;28;Camaquã;430350905;ESC EDUC PROF SENAC CAMAQUA;43008461;4;1;1;0;RUA MARCIRIO DIAS LONGARAY;LOJA 01;PREDIO;OLARIA;96785168;51;36710363;1;12;02JAN2024:00:00:00;31DEC2024:00:00:00;;;;;0;;;;;;;;;;;;;;;;;;;;0;0;0;0;0;1;0;3,42271E+12;3,42271E+12;1;2;;;1;2;0;0;0;0;;0;0;1;1;1;0;0;0;0;0;1;0;0;0;1;0;0;0;0;1;0;0;0;0;1;0;1;0;1;0;0;0;1;0;1;1;1;1;1;1;0;0;0;0;1;0;0;0;0;0;0;0;0;0;0;0;0;0;0;0;1;0;1;0;1;0;0;0;0;1;0;0;1;1;0;0;1;0;0;15;0;15;15;15;0;1;1;1;1;0;0;0;0;0;0;1;9;0;0;1;10;1;60;0;0;0;0;1;1;1;1;0;1;1;3;1;1;88888;1;2;1;1;0;0;0;0;0;0;0;0;0;0;0;0;1;1;1;1;0;0;0;0;0;0;0;0;0;0;0;0;0;0;0;1;0;0;1;0;1;0;0;0;0;0;0;0;0;0;0;0;0;;;;;0;;;;;;;1;0;0;0;0;0;0;0;1;1;1;0;0;0;0;1;0;0;0;1;0;0;0;1;1;0;1;0;0;0;0;0;0;0;1;1;0;0;0;0;0;0;50;0;0;0;0;0;0;0;0;0;0;0;0;0;0;0;0;0;0;0;0;0;0;0;0;0;0;0;0;0;0;0;0;0;50;50;50;0;0;0;0;0;0;0;0;0;0;0;0;0;0;28;22;10;32;5;3;0;0;0;0;0;0;3;47;23;27;0;0;0;0;0;0;0;0;45;5;0;0;0;0;3;0;0;0;0;0;0;0;3;3;0;0;0;0;0;0;5;0;0;0;0;0;0;0;5;5;0;0;0;0;0;0;3;2;0;0;0;0;0;0;0;0
2024;Sul;4;Rio Grande do Sul;RS;43;Canoas;4304606;Porto Alegre;4301;Porto Alegre;430001;Metropolitana de Porto Alegre;5;Porto Alegre;26;Canoas;430460605;SENAC CANOAS;43300111;4;1;1;0;MATHIAS VELHO;255;PREDIO;CENTRO;92310300;51;34767222;1;27;15JAN2024:00:00:00;20DEC2024:00:00:00;;;;;0;;;;;;;;;;;;;;;;;;;;0;0;0;0;0;1;0;3,42271E+12;3,42271E+12;1;3;;;1;1;0;0;0;0;;1;0;0;1;1;0;0;0;0;0;1;0;0;0;1;0;0;0;0;1;0;0;0;0;0;0;0;1;1;1;0;1;1;0;1;0;0;1;1;0;0;0;0;0;1;0;0;0;0;0;0;0;0;0;0;0;0;0;0;0;1;0;1;0;1;0;0;0;0;1;1;1;1;1;0;0;1;0;0;16;0;16;16;0;0;1;0;0;1;0;0;0;0;1;2;1;1;0;0;1;3;1;36;0;0;0;0;1;1;1;0;0;1;0;2;1;1;88888;1;3;0;0;0;0;0;0;0;0;0;0;0;0;0;0;1;1;1;1;0;0;0;0;0;0;0;0;0;0;0;0;0;0;0;1;0;0;0;0;0;0;0;0;0;0;0;0;0;0;0;0;0;;;;;0;;;;;;;1;1;0;0;0;0;0;0;1;1;0;9;9;9;9;9;9;0;0;1;0;0;0;0;1;0;1;0;0;0;0;0;0;0;1;1;0;0;0;0;0;0;48;0;0;0;0;0;0;0;0;0;0;0;0;0;0;0;0;0;0;0;0;0;0;0;0;0;0;0;0;0;0;0;0;0;48;48;44;4;0;0;0;0;0;0;0;0;0;0;0;0;0;38;10;18;25;2;3;0;0;0;0;0;0;1;47;0;48;0;0;0;0;0;0;0;0;48;0;0;0;0;0;4;0;0;0;0;0;0;0;4;4;0;0;0;0;0;0;4;0;0;0;0;0;0;0;4;4;0;0;0;0;0;0;0;4;0;0;0;0;0;0;0;0
2024;Sul;4;Rio Grande do Sul;RS;43;Carazinho;4304705;Passo Fundo;4306;Carazinho;430028;Noroeste Rio-grandense;1;Carazinho;9;Carazinho;430470505;EEP SENAC CARAZINHO;43059180;4;1;1;0;AV FLORES DA CUNHA;2821;PREDIO;CENTRO;99500000;54;33315557;1;39;04MAR2024:00:00:00;20DEC2024:00:00:00;;;;;0;;;;;;;;;;;;;;;;;;;;0;0;0;0;0;1;0;3,42271E+12;3,42271E+12;1;1;;;1;2;0;0;0;0;;0;0;0;1;1;0;0;0;0;0;1;0;0;0;1;0;0;0;0;1;0;0;0;0;1;0;0;0;1;0;0;0;1;0;1;1;0;1;1;1;0;0;0;0;1;0;0;0;0;0;0;0;0;0;0;0;0;0;0;0;1;0;1;0;1;0;0;0;0;1;1;0;0;0;0;0;0;0;0;15;0;15;15;15;0;1;1;1;1;0;0;0;0;0;0;1;5;0;0;1;12;1;74;0;0;0;0;1;1;1;1;0;1;1;3;1;1;88888;1;3;0;0;0;0;0;0;0;0;0;0;0;0;0;0;1;1;1;1;0;0;0;0;1;1;0;0;0;0;0;0;0;0;0;1;0;0;0;0;0;0;0;0;0;0;0;0;0;0;0;0;0;;;;;0;;;;;;;1;0;0;0;0;0;0;0;1;0;1;0;0;0;0;1;0;0;0;1;0;0;0;1;1;0;1;0;0;0;0;0;0;0;1;1;0;0;0;0;0;0;60;0;0;0;0;0;0;0;0;0;0;0;0;0;0;0;0;0;0;0;0;0;0;0;0;0;0;0;0;0;0;0;0;0;60;60;60;0;0;0;0;0;0;0;0;0;0;0;0;0;0;15;45;11;43;0;5;0;1;0;0;0;0;17;43;2;58;0;0;0;0;0;0;0;0;59;1;0;2;0;2;8;0;0;0;0;0;0;0;8;8;0;0;0;0;0;0;5;0;0;0;0;0;0;0;5;5;0;0;0;0;0;0;1;4;0;0;0;0;0;0;0;0
2024;Sul;4;Rio Grande do Sul;RS;43;Caxias do Sul;4305108;Caxias do Sul;4307;Caxias do Sul;430036;Nordeste Rio-grandense;2;Caxias do Sul;16;Caxias do Sul;430510805;SENAC CAXIAS DO SUL;43009263;4;1;1;0;AVENIDA JULIO DE CASTILHOS;3638;ESCOLA;CINQUENTENARIO;95010262;54;32251666;1;4;19FEB2024:00:00:00;13DEC2024:00:00:00;;;;;0;;;;;;;;;;;;;;;;;;;;0;0;0;0;0;1;0;3,42271E+12;3,42271E+12;1;1;;;1;1;0;0;0;0;;1;0;0;1;1;0;0;0;0;0;1;0;0;0;1;0;0;0;0;1;0;0;0;0;1;0;0;0;1;1;0;0;1;0;1;0;1;1;1;1;1;0;0;0;1;0;0;1;0;0;1;1;0;0;0;0;0;0;0;0;1;0;1;0;0;0;0;0;0;0;1;0;1;1;0;0;0;0;0;17;8;25;16;17;0;1;0;0;1;0;0;1;2;1;2;1;20;0;0;1;20;1;82;1;176;0;0;1;1;1;1;0;1;1;3;1;1;18;1;9;1;1;0;0;1;1;0;0;0;0;0;0;0;0;1;3;1;1;1;1;1;1;1;2;0;0;0;0;0;0;0;0;0;0;0;1;1;0;1;0;1;1;0;0;0;0;0;0;0;0;0;;;;;0;;;;;;;1;0;0;0;0;0;1;0;0;1;1;0;0;0;1;1;0;1;0;1;0;0;1;1;1;0;1;0;0;0;0;0;0;1;1;1;0;0;0;1;1;0;155;0;0;0;0;0;0;0;0;0;0;0;0;0;0;0;95;95;36;30;29;0;0;0;0;0;0;0;0;0;0;0;0;0;60;60;60;0;0;0;0;0;0;0;0;0;0;0;8;8;0;32;123;11;129;2;13;0;0;0;0;0;0;109;46;95;60;0;0;0;0;0;0;0;1;155;0;0;0;0;0;13;0;0;0;0;0;0;11;2;2;0;0;0;12;12;0;7;0;0;0;0;0;0;3;4;4;0;0;0;4;4;0;3;4;0;0;0;0;0;0;0;0
2024;Sul;4;Rio Grande do Sul;RS;43;Cruz Alta;4306106;Passo Fundo;4306;Cruz Alta;430027;Noroeste Rio-grandense;1;Cruz Alta;11;Cruz Alta;430610605;SERVICO NACIONAL DE APRENDIZAGEM COMERCIAL SENAC AR RS;43220100;4;1;1;0;RUA GENERAL JOAO MANOEL;441;;CENTRO;98005170;55;33263379;1;9;02JAN2024:00:00:00;31DEC2024:00:00:00;;;;;0;;;;;;;;;;;;;;;;;;;;0;0;0;0;0;1;0;3,42271E+12;3,42271E+12;1;1;;;1;2;0;0;0;0;;0;0;0;1;1;0;0;0;0;0;1;0;0;0;1;0;0;0;0;1;0;0;0;0;9;9;9;9;1;0;0;0;1;0;1;0;0;0;0;1;1;0;0;0;1;0;0;0;0;0;0;0;0;0;0;0;0;0;0;0;1;0;0;0;0;0;0;0;0;1;1;0;1;0;0;0;0;0;0;8;0;8;8;8;0;1;1;1;1;1;0;0;0;1;1;1;3;0;0;1;5;1;14;1;2;0;0;1;1;1;1;0;1;1;3;1;1;2;1;3;0;0;0;0;0;0;0;0;0;0;0;0;0;0;1;1;1;1;0;0;0;0;1;1;0;0;0;0;0;0;0;0;0;0;0;0;0;0;1;0;0;0;0;0;0;0;0;0;0;0;0;;;;;1;0;0;0;0;0;1;1;0;0;0;0;0;0;0;1;0;0;9;9;9;9;9;9;0;0;1;0;0;0;0;1;0;1;0;0;0;0;0;0;0;1;1;0;0;0;1;1;0;20;0;0;0;0;0;0;0;0;0;0;0;0;0;0;0;0;0;0;0;0;0;0;0;0;0;0;0;0;0;0;0;0;0;20;20;20;0;0;0;0;0;0;0;0;0;0;0;1;1;0;14;6;3;11;3;3;0;0;0;0;0;0;2;18;0;20;0;0;0;0;0;0;0;0;20;0;0;0;0;0;1;0;0;0;0;0;0;0;1;1;0;0;0;1;1;0;1;0;0;0;0;0;0;0;1;1;0;0;0;1;1;0;0;1;0;0;0;0;0;0;0;0
2024;Sul;4;Rio Grande do Sul;RS;43;Erechim;4307005;Passo Fundo;4306;Erechim;430026;Noroeste Rio-grandense;1;Erechim;4;Erechim;430700505;SENAC - SERV NAC APREND COMERCIAL - ERECHIM;43209360;4;1;1;0;PRACA DA BANDEIRA;26;;CENTRO;99700010;54;35222999;1;15;09JAN2024:00:00:00;30DEC2024:00:00:00;;;;;0;;;;;;;;;;;;;;;;;;;;0;0;0;0;0;1;0;3,42271E+12;3,42271E+12;1;2;;;1;2;0;0;0;0;;0;0;0;1;1;0;0;0;0;0;1;0;0;0;1;0;0;0;0;1;0;0;0;0;1;0;0;0;0;0;0;0;1;0;1;1;0;1;1;1;0;0;0;0;1;0;0;0;0;0;0;0;0;0;0;0;0;0;0;0;1;0;1;0;1;0;0;0;0;0;1;0;0;1;0;0;0;0;0;21;0;21;21;0;0;1;1;1;0;1;0;0;0;1;4;1;15;0;0;1;13;1;83;1;1;1;1;1;1;1;0;0;1;0;0;1;1;10;1;2;0;0;1;88888;0;0;0;0;0;0;0;0;0;0;1;88888;1;1;1;1;1;1;0;0;0;0;0;0;0;0;0;0;0;0;0;0;1;0;0;0;0;0;0;0;0;0;0;0;0;0;0;;;;;1;0;1;0;0;0;0;1;1;1;0;0;0;0;0;1;0;1;1;1;1;1;1;0;0;0;1;0;0;0;0;1;0;1;0;0;0;0;0;0;0;1;1;0;0;0;1;1;0;89;0;0;0;0;0;0;0;0;0;0;0;0;0;0;0;0;0;0;0;0;0;0;0;0;0;0;0;0;0;0;0;0;0;89;89;89;0;0;0;0;0;0;0;0;0;0;0;1;1;0;54;35;26;47;1;13;0;2;0;0;0;0;17;72;0;89;0;0;0;0;0;0;0;0;85;4;0;15;0;15;5;0;0;0;0;0;0;0;5;5;0;0;0;1;1;0;5;0;0;0;0;0;0;0;5;5;0;0;0;1;1;0;0;5;0;0;0;0;0;0;0;0
2024;Sul;4;Rio Grande do Sul;RS;43;Farroupilha;4307906;Caxias do Sul;4307;Caxias do Sul;430036;Nordeste Rio-grandense;2;Caxias do Sul;16;Farroupilha;430790605;EEP SENAC FARROUPILHA;43012027;4;1;1;0;RUA DA REPUBLICA;617;;CENTRO;95170484;54;32683500;1;4;02JAN2024:00:00:00;20DEC2024:00:00:00;;;;;0;;;;;;;;;;;;;;;;;;;;0;0;0;0;0;1;0;3,42271E+12;3,42271E+12;1;1;;;1;2;0;0;0;0;;0;0;0;1;1;0;0;0;0;0;1;0;0;0;1;0;0;0;0;1;0;0;0;0;0;0;0;1;0;0;0;0;1;0;1;0;0;1;1;1;0;0;0;0;1;0;0;0;0;0;0;0;0;0;0;0;0;0;0;0;1;0;1;0;1;0;0;0;0;1;1;1;1;1;0;0;0;0;0;10;0;10;10;10;0;1;0;1;1;0;0;0;0;0;0;1;4;0;0;1;5;1;24;0;0;1;10;1;1;1;1;0;1;1;2;1;1;5;1;2;0;0;1;3;0;0;0;0;0;0;0;0;0;0;1;3;1;2;0;0;0;0;1;1;0;0;0;0;0;0;0;0;0;0;0;0;0;0;1;0;1;0;0;0;0;0;0;0;0;0;0;;;;;0;;;;;;;1;0;0;0;0;0;0;0;1;1;1;0;0;0;1;0;0;0;0;1;0;0;0;1;1;0;1;0;0;0;0;0;0;0;1;1;0;0;0;0;0;0;75;0;0;0;0;0;0;0;0;0;0;0;0;0;0;0;0;0;0;0;0;0;0;0;0;0;0;0;0;0;0;0;0;0;75;75;4;71;0;0;0;0;0;0;0;0;0;0;0;0;0;67;8;27;45;1;2;0;0;0;0;0;0;2;73;17;58;0;0;0;0;0;0;0;0;71;4;0;1;0;1;4;0;0;0;0;0;0;0;4;4;0;0;0;0;0;0;5;0;0;0;0;0;0;0;5;5;0;0;0;0;0;0;2;3;0;0;0;0;0;0;0;0
2024;Sul;4;Rio Grande do Sul;RS;43;Gramado;4309100;Caxias do Sul;4307;Caxias do Sul;430036;Metropolitana de Porto Alegre;5;Gramado-Canela;24;Gramado;430910005;ESC EDUC PROF SENAC GRAMADO;43008313;4;;1;;RUA SAO PEDRO;;;CENTRO;95670070;54;32864445;2;4;;;;;;;;;;;;;;;;;;;;;;;;;;;;;;;;;;;;;;;;;;;;;;;;;;;;;;;;;;;;;;;;;;;;;;;;;;;;;;;;;;;;;;;;;;;;;;;;;;;;;;;;;;;;;;;;;;;;;;;;;;;;;;;;;;;;;;;;;;;;;;;;;;;;;;;;;;;;;;;;;;;;;;;;;;;;;;;;;;;;;;;;;;;;;;;;;;;;;;;;;;;;;;;;;;;;;;;;;;;;;;;;;;;;;;;;;;;;;;;;;;;;;;;;;;;;;;;;;;;;;;;;;;;;;;;;;;;;;;;;;;;;;;;;;;;;;;;;;;;;;;;;;;;;;;;;;;;;;;;;;;;;;;;;;;;;;;;;;;;;;;;;;;;;;;;;;;;;;;;;;;;;;;;;;;;;;;;;;;;;;;;;;;;;;;;;;
2024;Sul;4;Rio Grande do Sul;RS;43;Gravataí;4309209;Porto Alegre;4301;Porto Alegre;430001;Metropolitana de Porto Alegre;5;Porto Alegre;26;Gravataí;430920905;SENAC GRAVATAI;43209378;4;1;1;0;AV. DORIVAL CANDIDO LUZ DE OLIVEIRA;480;PREDIO;CENTRO;94030000;51;38223200;1;28;05FEB2024:00:00:00;13DEC2024:00:00:00;;;;;0;;;;;;;;;;;;;;;;;;;;0;0;0;0;0;1;0;3,42271E+12;3,42271E+12;1;3;;;1;1;0;0;0;0;;0;0;0;1;1;0;0;0;0;0;1;0;0;0;1;0;0;0;0;1;0;0;0;0;1;0;0;0;1;0;0;0;1;0;1;1;0;1;1;1;0;0;0;0;1;0;1;1;0;0;0;0;0;0;0;0;0;0;0;0;1;0;1;0;0;0;0;0;0;1;1;1;1;1;1;1;1;0;0;27;0;27;27;27;0;1;1;1;1;1;0;0;0;1;1;1;28;0;0;1;3;1;65;1;10;0;0;1;1;1;1;0;1;1;3;1;1;3;1;4;0;0;0;0;0;0;0;0;0;0;0;0;0;0;1;5;1;1;0;0;0;0;1;1;0;0;0;0;0;0;0;0;0;1;0;0;1;0;0;0;0;0;0;0;0;0;0;0;0;0;0;;;;;0;;;;;;;1;0;0;0;0;0;0;0;1;1;0;9;9;9;9;9;9;0;0;1;0;0;0;1;1;0;1;0;0;0;0;0;0;0;1;1;0;0;0;1;1;0;273;0;0;0;0;0;0;0;0;0;0;0;0;0;0;0;0;0;0;0;0;0;0;0;0;0;0;0;0;0;0;0;0;0;273;273;230;43;0;0;0;0;0;0;0;0;0;0;5;5;0;154;119;77;166;11;19;0;0;0;0;0;0;44;229;113;160;0;0;0;0;0;0;0;0;263;10;0;131;0;131;11;0;0;0;0;0;0;0;11;11;0;0;0;4;4;0;19;0;0;0;0;0;0;0;19;19;0;0;0;4;4;0;9;10;0;0;0;0;0;0;0;0
2024;Sul;4;Rio Grande do Sul;RS;43;Ijuí;4310207;Ijuí;4305;Ijuí;430018;Noroeste Rio-grandense;1;Ijuí;8;Ijuí;431020705;SERVICO NACIONAL DE APRENDIZAGEM COMERCIAL - SENAC IJUI;43207243;4;1;1;0;RUA 24 DE FEVEREIRO;315;SALA;CENTRO;98700000;55;33327022;1;36;02JAN2024:00:00:00;31DEC2024:00:00:00;;;;;0;;;;;;;;;;;;;;;;;;;;0;0;0;0;0;1;0;3,42271E+12;3,42271E+12;1;1;;;1;2;0;0;0;0;;0;0;0;1;1;0;0;0;0;0;1;0;0;0;1;0;0;0;0;1;0;0;0;0;1;0;0;0;1;0;0;0;1;0;1;1;0;0;0;1;0;0;0;0;1;0;0;0;0;0;0;0;0;0;0;0;0;0;0;0;1;0;0;0;1;0;0;0;0;1;0;0;1;1;0;0;1;0;0;11;0;11;11;9;0;1;1;1;1;0;0;0;0;0;0;1;7;1;1;1;6;1;40;1;3;1;10;1;1;1;1;0;1;1;3;1;1;88888;1;5;0;0;0;0;0;0;0;0;0;0;0;0;0;0;1;1;1;1;0;0;0;0;0;0;0;0;0;0;0;0;0;0;0;1;0;0;1;0;1;1;1;0;0;1;0;0;0;0;0;0;0;;;;;0;;;;;;;1;0;0;0;0;0;0;0;1;1;0;9;9;9;9;9;9;0;0;1;0;0;0;0;1;0;1;0;0;0;0;0;0;0;1;1;0;0;0;1;1;0;39;0;0;0;0;0;0;0;0;0;0;0;0;0;0;0;0;0;0;0;0;0;0;0;0;0;0;0;0;0;0;0;0;0;39;39;39;0;0;0;0;0;0;0;0;0;0;0;1;1;0;19;20;5;30;0;4;0;0;0;0;0;0;4;35;0;39;0;0;0;0;0;0;0;0;35;4;0;0;0;0;5;0;0;0;0;0;0;0;5;5;0;0;0;1;1;0;5;0;0;0;0;0;0;0;5;5;0;0;0;1;1;0;0;5;0;0;0;0;0;0;0;0
2024;Sul;4;Rio Grande do Sul;RS;43;Lajeado;4311403;Santa Cruz do Sul - Lajeado;4308;Lajeado;430041;Centro Oriental Rio-grandense;4;Lajeado-Estrela;21;Lajeado;431140305;ESC EDUC PROF SENAC - LAJEADO;43209394;4;;1;;AVENIDA AVENIDA SENADOR ALBERTO PASQUALINI;421;;AMERICANO;95900560;51;37484644;2;3;;;;;;;;;;;;;;;;;;;;;;;;;;;;;;;;;;;;;;;;;;;;;;;;;;;;;;;;;;;;;;;;;;;;;;;;;;;;;;;;;;;;;;;;;;;;;;;;;;;;;;;;;;;;;;;;;;;;;;;;;;;;;;;;;;;;;;;;;;;;;;;;;;;;;;;;;;;;;;;;;;;;;;;;;;;;;;;;;;;;;;;;;;;;;;;;;;;;;;;;;;;;;;;;;;;;;;;;;;;;;;;;;;;;;;;;;;;;;;;;;;;;;;;;;;;;;;;;;;;;;;;;;;;;;;;;;;;;;;;;;;;;;;;;;;;;;;;;;;;;;;;;;;;;;;;;;;;;;;;;;;;;;;;;;;;;;;;;;;;;;;;;;;;;;;;;;;;;;;;;;;;;;;;;;;;;;;;;;;;;;;;;;;;;;;;;;
2024;Sul;4;Rio Grande do Sul;RS;43;Montenegro;4312401;Porto Alegre;4301;Montenegro;430007;Metropolitana de Porto Alegre;5;Montenegro;23;Montenegro;431240105;EEP SENAC MONTENEGRO;43077218;4;1;1;0;RUA CAPITAO PORFIRIO;2225;SENAC MONTENEGRO;CENTRO;92510305;51;36493141;1;2;02JAN2024:00:00:00;31DEC2024:00:00:00;;;;;0;;;;;;;;;;;;;;;;;;;;0;0;0;0;0;1;1;3,42271E+12;3,42271E+12;1;1;;;1;2;0;0;0;0;;0;1;0;1;1;0;0;0;0;0;1;0;0;0;1;0;0;0;0;1;0;0;0;0;1;0;0;0;0;0;0;1;1;0;1;0;0;1;1;0;0;0;0;0;1;0;0;0;0;0;0;0;0;0;0;0;0;0;0;0;1;0;1;0;1;0;0;0;0;1;1;0;1;1;0;0;0;0;0;13;5;18;18;0;0;1;0;1;1;0;0;0;0;1;1;1;18;0;0;1;5;1;74;1;3;1;12;1;1;1;1;1;1;1;3;1;1;88888;1;3;0;0;1;2;0;0;0;0;0;0;0;0;0;0;1;1;1;1;0;0;1;1;1;1;0;0;0;0;0;0;0;0;0;1;0;0;1;0;1;1;1;1;0;0;0;0;0;0;0;0;0;;;;;0;;;;;;;1;1;1;0;0;0;0;0;1;1;0;9;9;9;9;9;9;0;0;1;0;0;1;0;1;0;1;0;0;0;0;0;0;1;1;1;0;0;0;1;1;0;59;0;0;0;0;0;0;0;0;0;0;0;0;0;0;0;59;0;0;0;0;0;0;59;0;0;0;0;59;0;0;0;0;0;59;59;0;0;0;0;0;0;0;0;0;0;0;0;2;2;0;36;23;18;34;3;4;0;0;0;0;0;0;4;55;0;59;0;0;0;0;0;0;0;0;55;4;0;0;0;0;5;0;0;0;0;0;0;5;5;5;0;0;0;1;1;0;4;0;0;0;0;0;0;4;4;4;0;0;0;1;1;0;0;4;0;0;0;0;0;0;0;0
2024;Sul;4;Rio Grande do Sul;RS;43;Novo Hamburgo;4313409;Porto Alegre;4301;Novo Hamburgo - São Leopoldo;430002;Metropolitana de Porto Alegre;5;Porto Alegre;26;Novo Hamburgo;431340905;SENAC NOVO HAMBURGO;43237606;4;1;1;0;AVENIDA NACOES UNIDAS;3760;;PATRIA NOVA;93320162;51;35537350;1;2;01JAN2024:00:00:00;31DEC2024:00:00:00;;;;;0;;;;;;;;;;;;;;;;;;;;0;0;0;0;0;1;0;3,42271E+12;3,42271E+12;1;3;;;1;2;0;0;0;0;;0;0;0;1;1;0;0;0;0;0;1;0;1;0;1;0;0;0;0;1;0;0;0;0;1;0;0;0;1;0;0;0;1;0;1;1;0;0;0;1;0;0;0;0;1;1;0;0;0;0;0;0;0;0;0;0;0;0;0;1;1;0;1;0;1;0;0;0;0;1;1;0;0;1;1;0;1;0;1;17;0;17;17;0;0;1;1;1;1;1;0;0;0;1;4;1;13;1;2;1;7;1;60;1;38;0;0;1;1;1;1;0;1;1;3;1;1;88888;1;4;0;0;1;1;0;0;0;0;0;0;0;0;0;0;1;1;1;1;1;1;0;0;1;2;0;0;0;0;0;0;0;0;0;1;0;0;1;0;0;0;1;0;0;0;0;0;0;0;0;0;0;;;;;0;;;;;;;1;1;1;0;0;0;0;0;1;1;1;1;0;0;0;0;0;0;0;1;0;0;0;0;1;0;1;0;0;0;0;0;0;0;1;1;0;0;0;1;1;0;60;0;0;0;0;0;0;0;0;0;0;0;0;0;0;0;0;0;0;0;0;0;0;0;0;0;0;0;0;0;0;0;0;0;60;60;0;60;0;0;0;0;0;0;0;0;0;0;1;1;0;33;27;26;31;1;2;0;0;0;0;0;0;10;50;0;60;0;0;0;0;0;0;0;0;59;1;0;0;0;0;6;0;0;0;0;0;0;0;6;6;0;0;0;1;1;0;6;0;0;0;0;0;0;0;6;6;0;0;0;1;1;0;0;6;0;0;0;0;0;0;0;0
2024;Sul;4;Rio Grande do Sul;RS;43;Passo Fundo;4314100;Passo Fundo;4306;Passo Fundo;430025;Noroeste Rio-grandense;1;Passo Fundo;10;Passo Fundo;431410005;ESCOLA DE EDUCACAO PROFISSIONAL SENAC PASSO FUNDO;43207391;4;1;1;0;AVENIDA SETE DE SETEMBRO;1045;;VILA RODRIGUES;99010122;54;33134599;1;7;08JAN2024:00:00:00;20DEC2024:00:00:00;;;;;0;;;;;;;;;;;;;;;;;;;;0;0;0;0;1;1;0;3,42271E+12;3,42271E+12;1;2;;;1;1;0;0;0;0;;0;0;0;1;1;0;0;0;0;0;1;0;0;0;1;0;0;0;0;1;0;0;0;0;1;1;0;0;1;0;0;1;1;0;1;0;0;1;1;1;0;0;0;0;1;0;0;1;0;0;0;0;0;0;0;0;0;0;0;0;1;0;1;0;1;0;0;0;0;1;0;0;0;1;0;0;0;0;0;17;0;17;17;17;0;1;0;0;1;0;0;0;0;1;1;1;10;0;0;1;10;1;75;0;0;0;0;1;1;1;1;0;1;1;3;1;1;88888;1;2;1;1;1;88888;1;1;0;0;0;0;0;0;0;0;1;1;1;1;1;1;0;0;1;1;0;0;0;0;0;0;0;0;0;1;0;0;0;0;0;0;1;0;0;0;0;0;0;0;0;0;0;;;;;0;;;;;;;1;0;1;0;0;0;0;0;1;0;1;0;0;0;1;1;0;0;0;1;0;0;0;0;1;0;1;0;0;0;0;0;0;0;1;1;0;0;0;1;1;0;66;0;0;0;0;0;0;0;0;0;0;0;0;0;0;0;0;0;0;0;0;0;0;0;0;0;0;0;0;0;0;0;0;0;66;66;0;66;0;0;0;0;0;0;0;0;0;0;1;1;0;52;14;38;19;0;7;0;2;0;0;0;0;0;66;0;66;0;0;0;0;0;0;0;0;61;5;0;0;0;0;6;0;0;0;0;0;0;0;6;6;0;0;0;2;2;0;4;0;0;0;0;0;0;0;4;4;0;0;0;1;1;0;0;4;0;0;0;0;0;0;0;0
2024;Sul;4;Rio Grande do Sul;RS;43;Pelotas;4314407;Pelotas;4302;Pelotas;430009;Sudeste Rio-grandense;7;Pelotas;33;Pelotas;431440705;ESC EDUC PROF SENAC PELOTAS - CENTRO HISTORICO;43008941;4;;1;;RUA GONCALVES CHAVES;602;;CENTRO;96015560;53;32256918;2;5;;;;;;;;;;;;;;;;;;;;;;;;;;;;;;;;;;;;;;;;;;;;;;;;;;;;;;;;;;;;;;;;;;;;;;;;;;;;;;;;;;;;;;;;;;;;;;;;;;;;;;;;;;;;;;;;;;;;;;;;;;;;;;;;;;;;;;;;;;;;;;;;;;;;;;;;;;;;;;;;;;;;;;;;;;;;;;;;;;;;;;;;;;;;;;;;;;;;;;;;;;;;;;;;;;;;;;;;;;;;;;;;;;;;;;;;;;;;;;;;;;;;;;;;;;;;;;;;;;;;;;;;;;;;;;;;;;;;;;;;;;;;;;;;;;;;;;;;;;;;;;;;;;;;;;;;;;;;;;;;;;;;;;;;;;;;;;;;;;;;;;;;;;;;;;;;;;;;;;;;;;;;;;;;;;;;;;;;;;;;;;;;;;;;;;;;;
2024;Sul;4;Rio Grande do Sul;RS;43;Pelotas;4314407;Pelotas;4302;Pelotas;430009;Sudeste Rio-grandense;7;Pelotas;33;Pelotas;431440705;ESCOLA DE EDUCACAO PROFISSIONAL SENAC PELOTAS;43208266;4;1;1;0;RUA DOM PEDRO II;901;;CENTRO;96010300;53;32258889;1;5;02JAN2024:00:00:00;30DEC2024:00:00:00;;;;;0;;;;;;;;;;;;;;;;;;;;0;0;0;0;0;1;0;3,42271E+12;3,42271E+12;1;2;;;1;1;0;0;0;0;;0;0;0;1;1;0;0;0;0;0;1;0;0;0;1;0;0;0;0;1;0;0;0;0;1;0;1;0;1;0;0;1;1;0;1;0;0;1;1;1;1;0;0;0;1;1;0;0;0;0;0;0;0;0;0;0;0;0;0;0;1;0;1;0;1;0;0;0;0;1;1;0;1;0;0;0;1;0;0;24;0;24;24;23;0;1;1;1;1;1;0;0;0;1;2;1;24;0;0;1;5;1;36;1;4;0;0;1;1;1;1;1;1;1;3;1;1;17;1;6;0;0;1;3;0;0;0;0;0;0;0;0;0;0;1;23;1;1;0;0;1;1;1;1;0;0;0;0;0;0;0;0;0;1;0;0;1;0;0;0;1;0;0;0;0;0;0;0;0;0;0;;;;;0;;;;;;;1;0;1;0;0;0;0;0;1;0;1;0;0;0;0;1;0;0;0;1;0;0;0;1;1;0;1;0;0;0;0;0;0;0;1;1;0;0;0;1;1;0;258;0;0;0;0;0;0;0;0;0;0;0;0;0;0;0;0;0;0;0;0;0;0;0;0;0;0;0;0;0;0;0;0;0;258;258;258;0;0;0;0;0;0;0;0;0;0;0;1;1;0;199;59;62;148;33;15;0;0;0;0;0;0;9;249;108;150;0;0;0;0;0;0;0;0;247;11;0;0;0;0;9;0;0;0;0;0;0;0;9;9;0;0;0;1;1;0;14;0;0;0;0;0;0;0;14;14;0;0;0;1;1;0;5;9;0;0;0;0;0;0;0;0
2024;Sul;4;Rio Grande do Sul;RS;43;Porto Alegre;4314902;Porto Alegre;4301;Porto Alegre;430001;Metropolitana de Porto Alegre;5;Porto Alegre;26;Porto Alegre;431490205;SENAC TECH;43009212;4;1;1;0;VENANCIO AIRES;93;;CIDADE BAIXA;90040191;51;32887750;1;1;05FEB2024:00:00:00;19DEC2024:00:00:00;;;;;0;;;;;;;;;;;;;;;;;;;;0;0;0;0;0;1;0;3,42271E+12;3,42271E+12;1;2;;;1;1;0;0;0;0;;0;0;0;1;1;0;0;0;0;0;1;0;0;0;1;0;0;0;0;1;0;0;0;0;1;0;0;0;0;0;0;1;1;0;1;1;0;1;1;1;0;0;0;0;1;0;0;1;0;0;0;0;0;0;0;0;0;0;0;0;1;0;1;1;1;1;0;0;0;1;1;1;1;1;0;1;0;0;0;22;0;22;22;22;1;1;1;1;1;1;0;0;0;0;0;1;3;0;0;1;22;1;417;1;35;0;0;1;1;1;1;1;1;1;3;1;1;28;1;6;0;0;0;0;0;0;0;0;0;0;0;0;0;0;1;3;1;1;1;1;0;0;1;1;0;0;0;0;0;0;0;0;0;1;0;1;1;0;1;0;0;0;0;0;0;0;0;0;0;0;0;;;;;0;;;;;;;1;0;1;0;0;0;0;0;1;0;1;0;0;0;0;1;0;0;0;1;0;0;0;1;1;0;1;0;0;0;0;0;0;0;1;1;0;0;0;1;1;1;333;0;0;0;0;0;0;0;0;0;0;0;0;0;0;0;0;0;0;0;0;0;0;0;0;0;0;0;0;0;0;0;0;0;333;333;313;20;0;0;0;0;0;0;0;0;0;0;14;13;1;83;250;110;170;27;26;0;0;0;0;0;0;36;297;190;143;0;0;0;0;0;0;0;0;330;3;0;143;2;141;14;0;0;0;0;0;0;0;14;14;0;0;0;9;9;1;31;0;0;0;0;0;0;0;31;31;0;0;0;12;11;1;16;15;0;0;0;0;0;0;0;0
2024;Sul;4;Rio Grande do Sul;RS;43;Porto Alegre;4314902;Porto Alegre;4301;Porto Alegre;430001;Metropolitana de Porto Alegre;5;Porto Alegre;26;Porto Alegre;431490205;EEP SENAC COMUNIDADE;43011985;4;1;1;0;RUA CORONEL GENUINO;358;;CENTRO HISTORICO;90010350;51;32255222;1;1;02OCT2023:00:00:00;23DEC2024:00:00:00;;;;;0;;;;;;;;;;;;;;;;;;;;0;0;0;0;0;1;0;3,42271E+12;3,42271E+12;1;1;;;1;1;0;0;0;0;;0;0;0;1;1;0;0;0;0;0;1;0;0;0;1;0;0;0;0;1;0;0;0;0;1;0;1;0;1;0;0;1;1;0;1;0;0;0;0;0;0;0;0;0;1;0;0;0;0;0;0;0;0;1;0;0;0;0;0;0;1;0;1;0;1;0;0;0;0;1;1;1;1;1;0;0;0;0;0;20;0;20;20;20;0;1;1;1;1;1;0;0;0;1;20;0;0;1;1;1;20;1;93;0;0;0;0;1;1;1;1;0;1;1;3;1;1;88888;1;4;0;0;0;0;0;0;0;0;0;0;1;1;0;0;1;88888;1;1;0;0;0;0;0;0;1;1;0;0;0;0;0;0;0;1;0;0;1;0;1;1;1;0;0;0;0;0;0;0;0;0;0;;;;;0;;;;;;;1;1;0;0;0;0;0;0;1;1;1;1;0;0;0;0;0;0;0;1;0;0;0;1;0;0;1;0;0;0;0;0;0;0;1;1;0;0;0;1;1;0;100;0;0;0;0;0;0;0;0;0;0;0;0;0;0;0;0;0;0;0;0;0;0;0;0;0;0;0;0;0;0;0;0;0;100;100;0;100;0;0;0;0;0;0;0;0;0;0;1;1;0;80;20;24;48;13;15;0;0;0;0;0;0;4;96;100;0;0;0;0;0;0;0;0;0;98;2;0;0;0;0;4;0;0;0;0;0;0;0;4;4;0;0;0;1;1;0;6;0;0;0;0;0;0;0;6;6;0;0;0;1;1;0;6;0;0;0;0;0;0;0;0;0
2024;Sul;4;Rio Grande do Sul;RS;43;Porto Alegre;4314902;Porto Alegre;4301;Porto Alegre;430001;Metropolitana de Porto Alegre;5;Porto Alegre;26;Porto Alegre;431490205;SENAC RIO GRANDE DO SUL;43049702;4;1;1;0;AV. ALBERTO BINS;665;ANDAR 6 AO 8;CENTRO HISTORICO;90030142;51;32142997;1;1;31MAY2023:00:00:00;31DEC2024:00:00:00;;;;;0;;;;;;;;;;;;;;;;;;;;0;0;0;0;0;1;0;3,42271E+12;3,42271E+12;1;1;;;1;2;0;0;0;0;;0;0;0;1;1;0;0;0;0;0;1;0;0;0;1;0;0;0;0;1;0;0;0;0;1;0;0;0;0;0;0;0;1;0;1;0;1;1;1;1;0;0;0;0;0;0;0;0;0;0;0;0;0;0;0;0;0;0;0;0;1;0;1;0;1;0;0;0;0;1;1;0;1;0;0;0;0;0;0;1;0;1;0;0;0;1;1;0;1;1;0;0;0;1;1;1;88888;0;0;1;2;1;295;1;14;1;1;1;0;1;1;0;0;0;3;1;1;111;0;0;0;0;0;0;0;0;0;0;0;0;0;0;0;0;1;247;1;17;0;0;0;0;1;3;0;0;0;0;0;0;0;0;0;0;0;0;0;0;0;0;0;0;0;0;0;0;0;0;0;1;0;;;;;0;;;;;;;1;0;0;0;0;0;0;0;1;1;0;9;9;9;9;9;9;0;0;0;0;1;0;0;0;1;1;0;0;0;0;0;0;0;1;1;0;0;0;1;1;0;36822;0;0;0;0;0;0;0;0;0;0;0;0;0;0;0;0;0;0;0;0;0;0;0;0;0;0;0;0;0;0;0;0;0;36822;36822;36821;1;0;0;0;0;0;0;0;0;0;0;1361;1361;0;22074;14748;5940;13159;4831;12240;547;105;0;0;0;0;1036;35786;0;0;36822;0;0;0;0;0;0;0;36505;317;0;0;0;0;290;0;0;0;0;0;0;0;290;290;0;0;0;269;269;0;660;0;0;0;0;0;0;0;660;660;0;0;0;366;366;0;0;0;660;0;0;0;0;0;0;0
2024;Sul;4;Rio Grande do Sul;RS;43;Porto Alegre;4314902;Porto Alegre;4301;Porto Alegre;430001;Metropolitana de Porto Alegre;5;Porto Alegre;26;Porto Alegre;431490205;SENAC SAUDE;43313051;4;1;1;0;ASSIS BRASIL;1481;;PASSO DA AREIA;91010005;51;33410444;1;1;22JAN2024:00:00:00;20DEC2024:00:00:00;;;;;0;;;;;;;;;;;;;;;;;;;;0;0;0;0;0;1;0;3,42271E+12;3,42271E+12;1;2;;;1;1;0;0;0;0;;0;1;0;1;1;0;0;0;0;0;1;0;0;0;1;0;0;0;0;1;0;0;0;0;1;0;0;0;1;1;0;1;1;0;1;1;0;1;1;0;0;0;0;0;1;1;0;1;0;0;0;0;0;1;0;0;0;0;0;0;1;0;1;0;1;0;0;0;0;1;1;1;0;1;0;0;0;0;0;32;0;32;27;27;1;1;1;1;1;1;0;1;3;1;3;1;5;0;0;1;24;1;52;1;38;0;0;1;1;1;1;0;1;0;3;1;1;12;1;4;0;0;1;1;0;0;0;0;0;0;0;0;0;0;1;2;1;2;0;0;0;0;1;1;0;0;0;0;0;0;0;0;0;0;0;0;1;0;0;0;0;0;0;0;0;0;0;0;0;0;0;;;;;0;;;;;;;1;1;1;0;0;0;0;0;1;2;0;9;9;9;9;9;9;0;0;1;0;0;0;1;1;0;1;0;0;0;0;0;0;0;1;1;0;0;0;1;1;0;433;0;0;0;0;0;0;0;0;0;0;0;0;0;0;0;0;0;0;0;0;0;0;0;0;0;0;0;0;0;0;0;0;0;433;433;0;433;0;0;0;0;0;0;0;0;0;0;6;6;0;353;80;161;207;32;32;0;1;0;0;0;0;7;426;238;195;0;0;0;0;0;0;0;0;428;5;0;0;0;0;22;0;0;0;0;0;0;0;22;22;0;0;0;9;9;0;32;0;0;0;0;0;0;0;32;32;0;0;0;4;4;0;18;14;0;0;0;0;0;0;0;0
2024;Sul;4;Rio Grande do Sul;RS;43;Rio Grande;4315602;Pelotas;4302;Pelotas;430009;Sudeste Rio-grandense;7;Litoral Lagunar;35;Rio Grande;431560205;SENAC RIO GRANDE;43176615;4;1;1;0;AVENIDA PRESIDENTE VARGAS;299;;SAO PAULO;96202336;53;32312355;1;18;19FEB2024:00:00:00;20DEC2024:00:00:00;;;;;0;;;;;;;;;;;;;;;;;;;;0;0;0;0;0;1;0;3,42271E+12;3,42271E+12;1;2;;;1;2;0;0;0;0;;0;0;0;1;1;0;0;0;0;0;1;0;1;0;1;0;0;0;0;1;0;0;0;0;1;0;0;0;1;0;0;0;1;0;1;0;0;1;1;0;0;0;0;0;1;1;0;1;0;0;0;0;0;0;0;0;0;0;0;0;1;0;1;0;1;0;0;0;0;1;1;1;1;1;0;1;1;0;0;15;0;15;15;15;0;1;1;1;1;1;0;0;0;1;1;1;5;0;0;1;10;1;43;1;55;0;0;1;1;1;1;0;1;1;3;1;1;14;1;4;0;0;0;0;0;0;0;0;0;0;0;0;0;0;1;24;1;1;0;0;0;0;0;0;0;0;0;0;0;0;0;0;0;1;0;0;1;0;0;0;0;0;0;0;0;0;0;0;0;0;0;;;;;0;;;;;;;1;0;0;0;0;0;0;0;1;0;0;9;9;9;9;9;9;0;0;1;0;0;0;1;1;0;1;0;0;0;0;0;0;0;1;1;0;0;0;1;1;0;504;0;0;0;0;0;0;0;0;0;0;0;0;0;0;0;0;0;0;0;0;0;0;0;0;0;0;0;0;0;0;0;0;0;504;503;503;0;1;0;0;0;0;0;0;0;0;0;7;7;0;398;106;272;187;25;19;0;1;0;0;0;0;5;499;158;346;0;0;0;0;0;0;0;0;491;13;0;0;0;0;13;0;0;0;0;0;0;0;13;13;0;0;0;6;6;0;19;0;0;0;0;0;0;0;19;18;0;0;0;5;5;0;7;12;0;0;0;0;0;0;0;0
2024;Sul;4;Rio Grande do Sul;RS;43;Santa Cruz do Sul;4316808;Santa Cruz do Sul - Lajeado;4308;Santa Cruz do Sul;430040;Centro Oriental Rio-grandense;4;Santa Cruz do Sul;20;Santa Cruz do Sul;431680805;ESCOLA DE ENSINO MEDIO E TECNICO SENAC SANTA CRUZ;43012043;4;1;1;0;RUA VENANCIO AIRES;300;PREDIO;CENTRO;96810970;51;37159335;1;6;19FEB2024:00:00:00;13DEC2024:00:00:00;;;;;0;;;;;;;;;;;;;;;;;;;;0;0;0;0;0;1;0;3,42271E+12;3,42271E+12;1;2;;;1;2;0;0;0;0;;0;0;0;1;1;0;0;0;0;0;1;0;0;0;1;0;0;0;0;1;0;0;0;0;1;0;0;0;1;0;0;1;1;0;1;0;0;1;1;1;0;0;0;0;1;0;0;0;0;0;0;0;0;0;0;0;0;0;0;0;1;0;1;0;1;0;0;0;0;1;1;0;0;1;0;0;0;0;0;11;0;11;11;11;0;1;0;1;1;1;0;0;0;0;0;1;88888;0;0;1;5;1;110;1;93;0;0;1;1;1;1;0;1;1;3;1;1;6;1;3;0;0;1;4;1;2;0;0;0;0;0;0;0;0;1;2;1;1;1;1;1;2;0;0;0;0;0;0;0;0;0;0;0;1;0;1;1;0;1;0;1;1;0;0;0;0;0;0;1;0;0;;;;;0;;;;;;;1;1;0;0;0;0;0;0;1;1;1;1;0;0;0;1;0;0;0;1;0;0;1;1;1;0;1;0;0;0;0;0;0;1;1;1;0;0;0;1;1;0;158;0;0;0;0;0;0;0;0;0;0;0;0;0;0;0;96;96;36;33;27;0;0;0;0;0;0;0;0;0;0;0;0;0;62;62;62;0;0;0;0;0;0;0;0;0;0;0;5;5;0;32;126;21;132;1;4;0;0;0;0;0;1;104;53;96;62;0;0;0;0;0;0;0;0;147;11;0;16;0;16;16;0;0;0;0;0;0;11;5;5;0;0;0;13;13;0;8;0;0;0;0;0;0;3;5;5;0;0;0;4;4;0;3;5;0;0;0;0;0;0;0;0
2024;Sul;4;Rio Grande do Sul;RS;43;Santa Maria;4316907;Santa Maria;4303;Santa Maria;430011;Centro Ocidental Rio-grandense;3;Santa Maria;18;Santa Maria;431690705;SENAC SANTA MARIA;43295096;4;1;1;0;PROFESSOR BRAGA;60;;CENTRO;97015530;55;32252121;1;8;15JAN2024:00:00:00;18DEC2024:00:00:00;;;;;0;;;;;;;;;;;;;;;;;;;;0;0;0;0;0;1;0;3,42271E+12;3,42271E+12;1;1;;;1;1;0;0;0;0;;0;0;0;1;1;0;0;0;0;0;1;0;0;0;1;0;0;0;0;1;0;0;0;0;1;0;0;0;1;0;0;1;1;0;1;0;0;1;1;1;0;0;0;0;1;0;0;1;0;0;0;0;0;0;0;0;0;0;0;0;1;0;1;0;1;0;0;0;0;0;1;0;0;1;0;0;0;0;0;18;0;18;18;0;0;1;0;1;1;1;0;0;0;1;6;1;7;0;0;1;18;1;73;0;0;0;0;1;1;1;1;1;1;1;2;1;1;5;1;3;0;0;1;1;0;0;0;0;0;0;0;0;0;0;1;88888;1;1;0;0;1;1;0;0;0;0;0;0;0;0;0;0;0;0;0;0;0;0;0;0;0;0;0;0;0;0;0;0;0;1;0;;;;;0;;;;;;;1;1;0;0;0;0;0;0;1;0;0;9;9;9;9;9;9;0;0;1;0;0;0;0;1;0;1;0;0;0;0;0;0;0;1;1;0;0;0;1;1;0;75;0;0;0;0;0;0;0;0;0;0;0;0;0;0;0;0;0;0;0;0;0;0;0;0;0;0;0;0;0;0;0;0;0;75;75;0;75;0;0;0;0;0;0;0;0;0;0;2;2;0;35;40;14;44;6;11;0;0;0;0;0;0;4;71;0;75;0;0;0;0;0;0;0;0;73;2;0;0;0;0;6;0;0;0;0;0;0;0;6;6;0;0;0;2;2;0;7;0;0;0;0;0;0;0;7;7;0;0;0;2;2;0;0;7;0;0;0;0;0;0;0;0
2024;Sul;4;Rio Grande do Sul;RS;43;Sant'Ana do Livramento;4317103;Uruguaiana;4304;Santana do Livramento;430016;Sudoeste Rio-grandense;6;Campanha Central;30;Sant'Ana do Livramento;431710305;EEP SENAC SANTANA DO LIVRAMENTO;43012086;4;1;1;0;RUA DUQUE DE CAXIAS;2049;PREDIO;DIVISA;97573481;55;32444253;1;19;01JAN2024:00:00:00;31DEC2024:00:00:00;;;;;0;;;;;;;;;;;;;;;;;;;;0;0;0;0;0;1;0;3,42271E+12;3,42271E+12;1;1;;;1;2;0;0;0;0;;0;0;0;1;1;0;0;0;0;0;1;0;0;0;1;0;0;0;0;1;0;0;0;0;0;0;0;1;0;1;0;0;1;0;1;0;0;1;1;1;0;0;0;0;1;0;0;1;0;0;0;0;0;0;0;0;0;0;0;0;1;0;1;0;1;0;0;0;0;1;1;1;0;1;0;0;0;0;0;21;0;21;21;21;0;1;1;1;1;1;0;0;0;1;2;1;12;0;0;1;9;1;40;0;0;0;0;1;1;1;1;1;1;1;3;0;1;8;1;4;0;0;0;0;0;0;0;0;0;0;0;0;0;0;1;6;1;1;0;0;0;0;1;1;0;0;0;0;0;0;0;0;0;0;0;0;1;0;0;0;0;0;0;0;0;0;0;0;0;0;0;;;;;0;;;;;;;1;0;0;0;0;0;0;0;1;1;0;9;9;9;9;9;9;0;0;1;0;0;0;1;1;0;1;0;0;0;0;0;0;0;1;1;0;0;0;1;1;0;211;0;0;0;0;0;0;0;0;0;0;0;0;0;0;0;0;0;0;0;0;0;0;0;0;0;0;0;0;0;0;0;0;0;211;211;211;0;0;0;0;0;0;0;0;0;0;0;7;7;0;166;45;65;124;12;8;1;1;0;0;0;0;10;201;51;160;0;0;0;0;0;0;0;0;206;4;1;68;0;68;10;0;0;0;0;0;0;0;10;10;0;0;0;10;10;0;12;0;0;0;0;0;0;0;12;12;0;0;0;5;5;0;2;10;0;0;0;0;0;0;0;0
2024;Sul;4;Rio Grande do Sul;RS;43;Santa Rosa;4317202;Ijuí;4305;Santa Rosa;430019;Noroeste Rio-grandense;1;Santa Rosa;1;Santa Rosa;431720205;ESC EDUC PROF SENAC SANTA ROSA;43007902;4;1;1;0;RUA SANTA ROSA;1827;PREDIO;CENTRO;98780060;55;35122522;1;17;05FEB2024:00:00:00;30DEC2024:00:00:00;;;;;0;;;;;;;;;;;;;;;;;;;;0;0;0;0;0;1;0;3,42271E+12;3,42271E+12;1;1;;;1;2;0;0;0;0;;0;0;0;1;1;0;0;0;0;0;1;0;0;0;1;0;0;0;0;1;0;0;0;0;1;0;0;0;1;0;0;0;1;0;1;0;0;1;1;1;0;0;0;0;1;1;0;0;0;0;0;0;0;0;0;0;0;0;0;0;1;0;1;0;1;0;0;0;0;0;1;0;1;1;0;0;0;0;0;11;0;11;11;11;0;1;1;1;1;1;0;0;0;1;2;1;9;0;0;1;2;1;26;1;15;1;10;1;1;1;1;0;1;0;1;1;1;88888;1;2;0;0;0;0;0;0;0;0;0;0;0;0;0;0;1;1;1;1;0;0;0;0;1;1;0;0;0;0;0;0;0;0;0;1;0;0;1;0;1;0;1;0;0;0;0;0;0;0;0;0;0;;;;;0;;;;;;;1;1;0;0;0;0;0;0;1;1;1;0;0;0;1;1;0;0;0;1;0;0;0;1;1;0;1;0;0;0;0;0;0;0;1;1;0;0;0;0;0;0;53;0;0;0;0;0;0;0;0;0;0;0;0;0;0;0;0;0;0;0;0;0;0;0;0;0;0;0;0;0;0;0;0;0;53;53;53;0;0;0;0;0;0;0;0;0;0;0;0;0;0;30;23;21;27;0;5;0;0;0;0;0;0;11;42;9;44;0;0;0;0;0;0;0;0;48;5;0;0;0;0;3;0;0;0;0;0;0;0;3;3;0;0;0;0;0;0;4;0;0;0;0;0;0;0;4;4;0;0;0;0;0;0;1;3;0;0;0;0;0;0;0;0
2024;Sul;4;Rio Grande do Sul;RS;43;Santo Ângelo;4317509;Ijuí;4305;Santo Ângelo;430020;Noroeste Rio-grandense;1;Santo Ângelo;7;Santo Ângelo;431750905;EEP SENAC SANTO ANGELO;43012051;4;1;1;0;RUA JOAO MELLER;179;PREDIO;CENTRO;98804562;55;33133111;1;14;22JAN2024:00:00:00;20DEC2024:00:00:00;;;;;0;;;;;;;;;;;;;;;;;;;;0;0;0;0;0;1;0;3,42271E+12;3,42271E+12;1;1;;;1;1;0;0;0;0;;0;0;0;1;1;0;0;0;0;0;1;0;0;0;1;0;0;0;0;1;0;0;0;0;1;0;0;0;1;0;0;0;1;0;1;0;0;1;1;1;0;0;0;1;1;0;0;0;0;0;0;0;0;0;0;0;0;1;0;0;1;0;1;0;1;0;0;0;0;1;1;0;1;1;0;0;0;0;0;12;0;12;12;5;0;1;1;1;1;0;0;1;1;1;2;1;7;0;0;1;14;1;16;1;3;0;0;1;1;1;1;0;1;1;3;1;1;8;1;3;0;0;0;0;0;0;0;0;0;0;0;0;0;0;1;16;1;1;0;0;0;0;0;0;0;0;0;0;0;0;0;0;0;0;0;1;1;0;0;0;0;0;0;0;0;0;0;0;0;0;0;;;;;0;;;;;;;1;1;1;0;0;0;0;0;1;1;1;0;0;0;1;0;0;0;0;1;0;0;0;1;1;0;1;0;0;0;0;0;0;0;1;1;0;0;0;1;1;0;156;0;0;0;0;0;0;0;0;0;0;0;0;0;0;0;0;0;0;0;0;0;0;0;0;0;0;0;0;0;0;0;0;0;156;156;156;0;0;0;0;0;0;0;0;0;0;0;3;3;0;109;47;32;109;3;12;0;0;0;0;0;0;10;146;27;129;0;0;0;0;0;0;0;0;149;7;0;0;0;0;4;0;0;0;0;0;0;0;4;4;0;0;0;3;3;0;8;0;0;0;0;0;0;0;8;8;0;0;0;3;3;0;2;6;0;0;0;0;0;0;0;0
2024;Sul;4;Rio Grande do Sul;RS;43;São Leopoldo;4318705;Porto Alegre;4301;Novo Hamburgo - São Leopoldo;430002;Metropolitana de Porto Alegre;5;Porto Alegre;26;São Leopoldo;431870505;EEP SENAC SAO LEOPOLDO;43011993;4;1;1;0;RUA LINDOLFO COLLOR;835;;CENTRO;93010080;51;35903060;1;2;08JAN2024:00:00:00;31DEC2024:00:00:00;;;;;0;;;;;;;;;;;;;;;;;;;;0;0;0;0;0;1;0;3,42271E+12;3,42271E+12;1;2;;;1;2;0;0;0;0;;1;0;0;1;1;0;0;0;0;0;1;0;1;0;1;0;0;0;0;1;0;0;0;0;1;0;0;0;1;0;0;0;1;0;1;0;0;1;1;1;0;0;0;0;1;1;0;1;0;0;1;1;1;0;0;0;0;0;0;0;1;0;1;0;1;0;0;0;0;1;1;0;1;1;0;0;1;0;0;17;0;17;17;17;0;1;1;1;1;1;0;0;0;1;7;1;17;1;13;1;17;1;141;1;326;0;0;1;1;1;1;1;1;1;3;1;1;5;1;7;1;1;1;2;0;0;0;0;0;0;0;0;0;0;1;5;1;1;0;0;0;0;1;4;0;0;0;0;0;0;0;0;0;1;0;1;1;0;1;1;1;1;0;1;0;0;0;0;0;0;0;;;;;0;;;;;;;1;0;1;0;0;0;1;0;0;1;1;0;0;0;0;0;1;0;0;1;0;0;1;1;1;0;1;0;0;0;0;0;0;1;1;1;0;0;0;1;1;0;408;0;0;0;0;0;0;0;0;0;0;0;0;0;0;0;275;0;0;0;0;0;0;275;95;94;86;0;0;0;0;0;0;0;408;408;133;0;0;0;0;0;0;0;0;0;0;0;3;3;0;178;230;114;265;8;21;0;0;0;0;0;0;282;126;348;60;0;0;0;0;0;0;0;0;405;3;0;0;0;0;29;0;0;0;0;0;0;17;29;29;0;0;0;18;18;0;18;0;0;0;0;0;0;9;18;18;0;0;0;3;3;0;13;5;0;0;0;0;0;0;0;0
2024;Sul;4;Rio Grande do Sul;RS;43;São Luiz Gonzaga;4318903;Ijuí;4305;São Luiz Gonzaga;430022;Noroeste Rio-grandense;1;Santo Ângelo;7;São Luiz Gonzaga;431890305;EEP SENAC SAO LUIZ GONZAGA;43012108;4;1;1;0;RUA TREZE DE MAIO;1297;PREDIO;CENTRO;97800000;55;33527398;1;32;29JAN2024:00:00:00;20DEC2024:00:00:00;;;;;0;;;;;;;;;;;;;;;;;;;;0;0;0;0;0;1;0;3,42271E+12;3,42271E+12;1;3;;;1;2;0;0;0;0;;0;0;0;1;1;0;0;0;0;0;1;0;0;0;1;0;0;0;0;1;0;0;0;0;1;1;1;0;1;0;0;0;1;0;1;0;0;0;0;1;1;0;0;0;1;0;0;0;0;0;0;0;0;0;0;0;0;1;0;0;1;0;1;0;1;0;0;0;0;1;0;1;0;1;0;0;0;0;0;6;0;6;6;6;0;1;0;1;1;0;0;0;0;0;0;1;7;0;0;0;0;1;88888;0;0;0;0;1;1;1;0;0;1;0;3;1;1;2;1;1;0;0;0;0;0;0;0;0;0;0;0;0;0;0;1;3;1;1;0;0;0;0;0;0;0;0;0;0;0;0;0;0;0;0;0;0;0;0;1;0;0;0;0;0;0;0;0;0;0;0;0;;;;;0;;;;;;;1;1;0;0;0;0;0;0;1;1;1;0;0;0;1;0;0;0;0;1;0;0;0;0;1;0;1;0;0;0;0;0;0;0;1;1;0;0;0;0;0;0;7;0;0;0;0;0;0;0;0;0;0;0;0;0;0;0;0;0;0;0;0;0;0;0;0;0;0;0;0;0;0;0;0;0;7;7;7;0;0;0;0;0;0;0;0;0;0;0;0;0;0;1;6;1;6;0;0;0;0;0;0;0;0;2;5;0;7;0;0;0;0;0;0;0;0;5;2;0;0;0;0;1;0;0;0;0;0;0;0;1;1;0;0;0;0;0;0;1;0;0;0;0;0;0;0;1;1;0;0;0;0;0;0;0;1;0;0;0;0;0;0;0;0
2024;Sul;4;Rio Grande do Sul;RS;43;Taquara;4321204;Porto Alegre;4301;Taquara - Parobé - Igrejinha;430004;Metropolitana de Porto Alegre;5;Gramado-Canela;24;Taquara;432120405;ESC EDUC PROF SENAC TAQUARA;43008003;4;1;1;0;RUA GENERAL FROTA;2661;PREDIO;CENTRO;95600972;51;35415370;1;2;23OCT2023:00:00:00;14APR2025:00:00:00;;;;;0;;;;;;;;;;;;;;;;;;;;0;0;0;0;0;1;1;3,42271E+12;3,42271E+12;1;2;;;1;2;0;0;0;0;;0;0;0;1;1;0;0;0;0;0;1;0;0;0;1;0;0;0;0;1;0;0;0;0;1;0;0;0;0;0;0;0;1;0;1;0;0;1;1;1;0;0;0;0;1;0;0;0;0;0;0;0;0;0;0;0;0;0;0;0;1;0;1;0;1;0;0;0;0;1;1;0;0;0;1;0;1;0;1;15;0;15;15;15;0;1;0;1;0;1;0;0;0;0;0;0;0;0;0;0;0;0;0;0;0;0;0;1;1;1;1;0;0;1;3;1;1;88888;1;2;0;0;1;2;1;1;0;0;0;0;0;0;0;0;1;1;1;1;0;0;0;0;0;0;0;0;0;0;0;0;0;0;0;1;0;0;1;0;1;0;1;0;0;0;0;0;0;0;0;0;0;;;;;0;;;;;;;1;1;1;0;0;0;0;0;1;0;1;0;0;0;1;0;0;0;0;1;0;0;0;0;1;0;1;0;0;0;0;0;0;0;1;1;0;0;0;0;0;0;44;0;0;0;0;0;0;0;0;0;0;0;0;0;0;0;0;0;0;0;0;0;0;0;0;0;0;0;0;0;0;0;0;0;44;44;44;0;0;0;0;0;0;0;0;0;0;0;0;0;0;33;11;23;20;0;1;0;0;0;0;0;0;4;40;0;44;0;0;0;0;0;0;0;0;39;5;0;0;0;0;3;0;0;0;0;0;0;0;3;3;0;0;0;0;0;0;3;0;0;0;0;0;0;0;3;3;0;0;0;0;0;0;0;3;0;0;0;0;0;0;0;0
2024;Sul;4;Rio Grande do Sul;RS;43;Torres;4321501;Porto Alegre;4301;Torres;430008;Metropolitana de Porto Alegre;5;Osório;27;Torres;432150105;ESC EDUC PROF SENAC TORRES;43008194;4;;1;;RUA JULIO DE CASTILHOS;423;LOJA 08;CENTRO;95560000;51;36264908;2;11;;;;;;;;;;;;;;;;;;;;;;;;;;;;;;;;;;;;;;;;;;;;;;;;;;;;;;;;;;;;;;;;;;;;;;;;;;;;;;;;;;;;;;;;;;;;;;;;;;;;;;;;;;;;;;;;;;;;;;;;;;;;;;;;;;;;;;;;;;;;;;;;;;;;;;;;;;;;;;;;;;;;;;;;;;;;;;;;;;;;;;;;;;;;;;;;;;;;;;;;;;;;;;;;;;;;;;;;;;;;;;;;;;;;;;;;;;;;;;;;;;;;;;;;;;;;;;;;;;;;;;;;;;;;;;;;;;;;;;;;;;;;;;;;;;;;;;;;;;;;;;;;;;;;;;;;;;;;;;;;;;;;;;;;;;;;;;;;;;;;;;;;;;;;;;;;;;;;;;;;;;;;;;;;;;;;;;;;;;;;;;;;;;;;;;;;;
2024;Sul;4;Rio Grande do Sul;RS;43;Tramandaí;4321600;Porto Alegre;4301;Tramandaí - Osório;430003;Metropolitana de Porto Alegre;5;Osório;27;Tramandaí;432160005;ESC EDUC PROF SENAC - TRAMANDAI;43008968;4;1;1;0;AVENIDA RUBEM BERTA;1700;;CENTRO;95590000;51;36615674;1;11;02JAN2024:00:00:00;30DEC2024:00:00:00;;;;;0;;;;;;;;;;;;;;;;;;;;0;0;0;0;0;1;0;3,42271E+12;3,42271E+12;1;1;;;1;2;0;0;0;0;;0;0;0;1;1;0;0;0;0;0;1;0;0;0;1;0;0;0;0;1;0;0;0;0;1;0;0;0;1;0;0;0;1;0;1;0;0;1;1;1;1;0;0;0;1;0;0;0;0;0;0;0;0;0;0;0;0;0;0;0;1;0;1;0;1;0;0;0;0;0;1;1;0;0;1;0;1;0;0;19;0;19;19;19;0;1;1;1;1;1;0;0;0;0;0;1;18;0;0;1;2;1;20;0;0;0;0;1;1;1;1;0;1;1;3;1;1;1;1;3;0;0;0;0;0;0;0;0;0;0;0;0;0;0;0;0;1;1;0;0;0;0;0;0;0;0;0;0;0;0;0;0;0;1;0;0;1;0;0;0;0;0;0;0;0;0;0;0;0;0;0;;;;;0;;;;;;;1;1;0;0;0;0;0;0;1;1;1;0;0;0;0;0;1;0;0;1;0;0;0;1;1;0;1;0;0;0;0;0;0;0;1;1;0;0;0;1;1;0;186;0;0;0;0;0;0;0;0;0;0;0;0;0;0;0;0;0;0;0;0;0;0;0;0;0;0;0;0;0;0;0;0;0;186;186;186;0;0;0;0;0;0;0;0;0;0;0;1;1;0;111;75;67;95;4;18;1;1;0;0;0;0;17;169;7;179;0;0;0;0;0;0;0;0;171;15;0;0;0;0;6;0;0;0;0;0;0;0;6;6;0;0;0;1;1;0;10;0;0;0;0;0;0;0;10;10;0;0;0;1;1;0;1;9;0;0;0;0;0;0;0;0
2024;Sul;4;Rio Grande do Sul;RS;43;Três Passos;4321907;Ijuí;4305;Três Passos;430021;Noroeste Rio-grandense;1;Três Passos;2;Três Passos;432190705;EEP SENAC TRES PASSOS;43012094;4;;1;;RUA DOM JOAO BECKER;310;TERREO;CENTRO;98600000;55;35229202;3;21;;;;;;;;;;;;;;;;;;;;;;;;;;;;;;;;;;;;;;;;;;;;;;;;;;;;;;;;;;;;;;;;;;;;;;;;;;;;;;;;;;;;;;;;;;;;;;;;;;;;;;;;;;;;;;;;;;;;;;;;;;;;;;;;;;;;;;;;;;;;;;;;;;;;;;;;;;;;;;;;;;;;;;;;;;;;;;;;;;;;;;;;;;;;;;;;;;;;;;;;;;;;;;;;;;;;;;;;;;;;;;;;;;;;;;;;;;;;;;;;;;;;;;;;;;;;;;;;;;;;;;;;;;;;;;;;;;;;;;;;;;;;;;;;;;;;;;;;;;;;;;;;;;;;;;;;;;;;;;;;;;;;;;;;;;;;;;;;;;;;;;;;;;;;;;;;;;;;;;;;;;;;;;;;;;;;;;;;;;;;;;;;;;;;;;;;;
2024;Sul;4;Rio Grande do Sul;RS;43;Uruguaiana;4322400;Uruguaiana;4304;Uruguaiana;430015;Sudoeste Rio-grandense;6;Campanha Ocidental;29;Uruguaiana;432240005;ESCOLA DE EDUCACAO PROFISSIONAL SENAC URUGUAIANA;43205828;4;1;1;0;TRAVESSA DOUTOR CESAR CUNHA;2998;PREDIO;CENTRO;97501682;55;34123838;1;10;29JAN2024:00:00:00;20DEC2024:00:00:00;;;;;0;;;;;;;;;;;;;;;;;;;;0;0;0;0;0;1;0;3,42271E+12;3,42271E+12;1;3;;;1;1;0;0;0;0;;0;1;0;1;1;0;0;0;0;0;1;0;0;0;1;0;0;0;0;1;0;0;0;0;1;1;0;0;1;0;0;1;1;0;1;1;0;1;1;1;1;0;0;0;1;0;1;1;0;0;0;0;0;0;0;0;0;0;0;0;1;0;1;0;1;0;0;0;0;1;0;0;1;1;1;0;1;0;0;16;0;16;16;6;0;1;1;1;1;0;0;1;2;1;2;1;3;0;0;1;16;1;36;0;0;0;0;1;1;1;1;0;1;1;3;1;1;6;1;3;1;1;1;5;0;0;0;0;0;0;0;0;0;0;0;0;1;1;1;1;1;1;1;3;0;0;0;0;0;0;0;0;0;1;0;1;1;0;1;1;1;0;1;1;0;0;0;0;0;0;0;;;;;0;;;;;;;1;1;1;0;0;0;0;0;1;1;1;0;0;0;0;1;0;0;0;1;0;0;0;1;1;0;1;0;0;0;0;0;0;0;1;1;0;0;0;0;0;0;168;0;0;0;0;0;0;0;0;0;0;0;0;0;0;0;0;0;0;0;0;0;0;0;0;0;0;0;0;0;0;0;0;0;168;168;0;168;0;0;0;0;0;0;0;0;0;0;0;0;0;137;31;32;106;7;22;1;0;0;0;0;0;8;160;44;124;0;0;0;0;0;0;0;0;161;7;0;0;0;0;4;0;0;0;0;0;0;0;4;4;0;0;0;0;0;0;12;0;0;0;0;0;0;0;12;12;0;0;0;0;0;0;3;9;0;0;0;0;0;0;0;0
2024;Sul;4;Rio Grande do Sul;RS;43;Viamão;4323002;Porto Alegre;4301;Porto Alegre;430001;Metropolitana de Porto Alegre;5;Porto Alegre;26;Viamão;432300205;EEP SENAC VIAMAO;43030041;4;1;1;0;RUA REVERENDO AMERICO VESPUCIO CABRAL;154;PREDIO;CENTRO;94410300;51;34340391;1;28;03JAN2024:00:00:00;20DEC2024:00:00:00;;;;;0;;;;;;;;;;;;;;;;;;;;0;0;0;0;0;1;0;3,42271E+12;3,42271E+12;1;3;;;1;2;0;0;0;0;;1;0;0;1;1;0;0;0;0;0;1;0;0;0;0;1;0;1;0;1;0;0;0;0;1;0;1;0;1;0;0;0;1;0;1;1;0;1;1;1;0;0;0;0;1;0;0;1;0;0;0;0;0;0;0;0;0;0;0;0;1;1;1;1;1;0;0;0;0;1;1;0;1;1;0;0;1;0;1;13;3;16;13;11;0;1;1;1;1;1;0;0;0;1;1;1;11;0;0;1;5;1;30;0;0;1;10;1;1;1;1;0;1;1;3;1;1;5;1;3;0;0;0;0;0;0;0;0;0;0;0;0;0;0;1;88888;1;1;0;0;0;0;0;0;0;0;0;0;0;0;0;0;0;0;0;0;0;0;1;1;1;0;0;0;0;0;0;0;0;0;0;;;;;0;;;;;;;1;0;0;0;0;0;0;0;1;1;1;1;0;0;1;0;0;0;0;1;0;0;0;1;1;0;1;0;0;0;0;0;0;0;1;1;0;0;0;1;1;0;60;0;0;0;0;0;0;0;0;0;0;0;0;0;0;0;0;0;0;0;0;0;0;0;0;0;0;0;0;0;0;0;0;0;60;60;60;0;0;0;0;0;0;0;0;0;0;0;2;2;0;46;14;15;36;6;3;0;0;0;0;0;0;4;56;21;39;0;0;0;0;0;0;0;0;59;1;0;12;0;12;2;0;0;0;0;0;0;0;2;2;0;0;0;1;1;0;3;0;0;0;0;0;0;0;3;3;0;0;0;1;1;0;1;2;0;0;0;0;0;0;0;0
2024;Centro-Oeste;5;Mato Grosso do Sul;MS;50;Campo Grande;5002704;Campo Grande;5001;Campo Grande;500001;Centro Norte de Mato Grosso do Sul;2;Campo Grande;4;Campo Grande;500270405;CENTRO DE EDUCACAO PROFISSIONAL - SENAC CAMPO GRANDE;50028537;4;1;1;0;RUA FRANCISCO CANDIDO XAVIER;75;;AMAMBAI;79002052;67;33126249;1;;09JAN2024:00:00:00;17DEC2024:00:00:00;;;;;0;;;;;;;;;;;;;;;;;;;;0;0;0;0;0;1;0;3,64484E+12;3,64484E+12;0;;;;1;1;0;0;0;0;;0;0;0;1;1;0;0;0;0;0;0;0;1;0;1;0;0;0;0;1;0;0;0;0;0;0;0;1;1;1;0;1;1;0;1;1;1;1;1;1;0;0;0;1;1;1;1;1;0;0;0;0;0;1;1;0;0;0;1;1;1;1;1;1;0;0;0;0;0;1;1;1;1;1;1;1;1;0;1;46;0;46;33;33;0;1;1;1;1;1;0;0;0;1;33;1;12;1;25;1;34;1;315;1;112;1;28;1;1;1;1;1;1;1;3;1;1;8;1;12;1;1;0;0;1;5;0;0;0;0;0;0;0;0;1;5;0;0;0;0;1;1;1;2;1;2;1;1;0;0;0;0;0;1;0;0;1;0;0;0;1;0;0;0;0;0;0;0;0;0;0;;;;;0;;;;;;;1;1;0;0;0;0;0;0;1;0;1;1;0;0;1;1;0;0;0;1;0;0;0;1;1;0;1;0;0;0;0;0;0;0;1;1;0;0;0;1;1;0;634;0;0;0;0;0;0;0;0;0;0;0;0;0;0;0;0;0;0;0;0;0;0;0;0;0;0;0;0;0;0;0;0;0;634;634;137;497;0;0;0;0;0;0;0;0;0;0;14;14;0;285;349;105;285;13;224;3;4;0;0;0;0;151;483;347;287;0;0;0;0;0;0;0;0;621;13;0;0;0;0;26;0;0;0;0;0;0;0;26;26;0;0;0;11;11;0;35;0;0;0;0;0;0;0;35;35;0;0;0;10;10;0;17;18;0;0;0;0;0;0;0;0
2024;Centro-Oeste;5;Mato Grosso do Sul;MS;50;Campo Grande;5002704;Campo Grande;5001;Campo Grande;500001;Centro Norte de Mato Grosso do Sul;2;Campo Grande;4;Campo Grande;500270405;CENTRO DE EDUCACAO PROFISSIONAL-SENAC TURISMO E GASTRONOMIA;50034383;4;1;1;0;RUA ANTONIO MARIA COELHO;3368;;JARDIM DOS ESTADOS;79002221;67;33126260;1;;09JAN2024:00:00:00;17DEC2024:00:00:00;;;;;0;;;;;;;;;;;;;;;;;;;;0;0;0;0;0;1;0;3,64484E+12;3,64484E+12;1;1;;;1;1;0;0;0;0;;0;0;0;1;1;0;0;0;0;0;1;0;1;0;1;0;0;0;0;0;0;0;1;0;1;0;1;0;1;0;1;1;1;0;1;1;1;1;1;1;1;0;0;0;1;1;1;0;0;0;0;0;0;0;0;0;0;0;0;1;1;1;1;0;0;0;0;0;0;1;1;1;1;1;1;1;1;0;1;10;0;10;10;10;0;1;0;1;1;1;0;0;0;1;10;1;4;1;7;1;7;1;88888;1;8;0;0;1;1;1;1;1;1;1;2;1;1;2;1;88888;1;2;0;0;1;1;0;0;1;1;0;0;0;0;1;2;0;0;0;0;1;2;1;1;0;0;0;0;1;1;0;0;0;1;0;0;1;0;1;0;1;0;0;0;0;0;1;0;0;0;0;;;;;0;;;;;;;1;0;0;0;0;0;0;0;1;1;1;0;0;0;0;1;0;0;0;1;0;0;0;0;1;0;1;0;0;0;0;0;0;0;1;1;0;0;0;0;0;0;7;0;0;0;0;0;0;0;0;0;0;0;0;0;0;0;0;0;0;0;0;0;0;0;0;0;0;0;0;0;0;0;0;0;7;7;1;6;0;0;0;0;0;0;0;0;0;0;0;0;0;4;3;6;0;0;1;0;0;0;0;0;0;0;7;0;7;0;0;0;0;0;0;0;0;7;0;0;0;0;0;1;0;0;0;0;0;0;0;1;1;0;0;0;0;0;0;1;0;0;0;0;0;0;0;1;1;0;0;0;0;0;0;0;1;0;0;0;0;0;0;0;0
2024;Centro-Oeste;5;Mato Grosso do Sul;MS;50;Corumbá;5003207;Corumbá;5003;Corumbá;500010;Pantanais Sul Mato-grossense;1;Baixo Pantanal;1;Corumbá;500320705;CENTRO DE EDUCACAO PROFISSIONAL - SENAC CORUMBA;50055801;4;1;1;0;RUA CUIABA;1042;;CENTRO;79300060;67;32342002;1;;09JAN2024:00:00:00;17DEC2024:00:00:00;;;;;0;;;;;;;;;;;;;;;;;;;;0;0;0;0;0;1;0;3,64484E+12;3,64484E+12;1;1;;;1;2;0;0;0;0;;0;0;0;1;1;0;0;0;0;0;1;0;1;0;1;0;0;0;0;1;0;0;1;0;1;0;1;0;1;0;0;1;1;0;1;1;0;1;1;0;0;0;0;0;1;1;0;0;0;0;0;0;0;0;0;0;0;0;0;0;1;0;0;0;0;0;0;0;0;0;0;0;1;0;0;0;1;0;0;8;0;8;8;8;0;1;0;0;1;0;0;0;0;1;10;1;1;1;4;1;9;1;60;1;6;0;0;1;1;1;1;0;1;0;3;1;1;6;1;3;0;0;0;0;0;0;0;0;0;0;0;0;0;0;0;0;0;0;0;0;0;0;1;1;0;0;0;0;0;0;0;0;0;1;0;0;1;0;0;0;0;0;0;0;0;0;0;0;0;0;0;;;;;0;;;;;;;1;1;1;0;0;0;0;0;1;1;1;0;0;0;1;0;0;0;0;1;0;0;0;1;1;0;1;0;0;0;0;0;0;0;1;1;0;0;0;1;1;0;105;0;0;0;0;0;0;0;0;0;0;0;0;0;0;0;0;0;0;0;0;0;0;0;0;0;0;0;0;0;0;0;0;0;105;105;7;98;0;0;0;0;0;0;0;0;0;0;1;1;0;72;33;22;15;0;66;2;0;0;0;0;0;10;95;62;43;0;0;0;0;0;0;0;0;104;1;0;0;0;0;6;0;0;0;0;0;0;0;6;6;0;0;0;1;1;0;7;0;0;0;0;0;0;0;7;7;0;0;0;1;1;0;4;3;0;0;0;0;0;0;0;0
2024;Centro-Oeste;5;Mato Grosso do Sul;MS;50;Dourados;5003702;Dourados;5002;Dourados;500005;Sudoeste de Mato Grosso do Sul;4;Dourados;10;Dourados;500370205;CENTRO DE EDUCACAO PROFISSIONAL - SENAC DOURADOS;50028561;4;1;1;0;RUA DR MARIO MACHADO LEMOS;240;;JARDIM LONDRINA;79814150;67;34112400;1;;09JAN2024:00:00:00;17DEC2024:00:00:00;;;;;0;;;;;;;;;;;;;;;;;;;;0;0;0;0;0;1;0;3,64484E+12;3,64484E+12;0;;;;1;1;0;0;0;0;;0;0;0;1;1;0;0;0;0;0;1;0;0;0;1;0;0;0;0;1;0;0;0;0;1;0;0;0;1;0;0;1;1;0;1;1;1;1;1;1;0;0;0;0;1;0;0;0;0;0;0;0;0;0;0;0;0;0;0;0;1;0;1;0;0;0;0;0;0;1;0;0;1;1;0;0;0;0;0;12;0;12;12;10;1;1;1;1;1;1;0;0;0;1;11;1;3;1;1;1;11;1;87;0;0;0;0;1;1;1;1;0;1;1;3;1;1;2;0;0;0;0;0;0;0;0;0;0;0;0;0;0;0;0;1;3;0;0;0;0;0;0;1;2;0;0;0;0;0;0;0;0;0;1;0;0;1;0;1;0;1;0;0;0;0;0;0;0;0;0;0;;;;;0;;;;;;;1;9;9;0;0;0;0;0;1;9;1;0;0;0;1;1;0;0;0;1;0;0;0;1;1;0;1;0;0;0;0;0;0;0;1;1;0;0;0;1;1;0;94;0;0;0;0;0;0;0;0;0;0;0;0;0;0;0;0;0;0;0;0;0;0;0;0;0;0;0;0;0;0;0;0;0;94;94;1;93;0;0;0;0;0;0;0;0;0;0;4;4;0;66;28;26;35;1;31;0;1;0;0;0;0;1;93;34;60;0;0;0;0;0;0;0;0;93;1;0;0;0;0;7;0;0;0;0;0;0;0;7;7;0;0;0;2;2;0;8;0;0;0;0;0;0;0;8;8;0;0;0;3;3;0;2;6;0;0;0;0;0;0;0;0
2024;Centro-Oeste;5;Mato Grosso do Sul;MS;50;Naviraí;5005707;Dourados;5002;Naviraí - Mundo Novo;500006;Sudoeste de Mato Grosso do Sul;4;Iguatemi;11;Naviraí;500570705;CENTRO DE EDUCACAO PROFISSIONAL - SENAC NAVIRAI;50032500;4;;1;;RUA WEIMAR GONCALVES TORRES;862;;CENTRO;79950000;67;34090400;2;;;;;;;;;;;;;;;;;;;;;;;;;;;;;;;;;;;;;;;;;;;;;;;;;;;;;;;;;;;;;;;;;;;;;;;;;;;;;;;;;;;;;;;;;;;;;;;;;;;;;;;;;;;;;;;;;;;;;;;;;;;;;;;;;;;;;;;;;;;;;;;;;;;;;;;;;;;;;;;;;;;;;;;;;;;;;;;;;;;;;;;;;;;;;;;;;;;;;;;;;;;;;;;;;;;;;;;;;;;;;;;;;;;;;;;;;;;;;;;;;;;;;;;;;;;;;;;;;;;;;;;;;;;;;;;;;;;;;;;;;;;;;;;;;;;;;;;;;;;;;;;;;;;;;;;;;;;;;;;;;;;;;;;;;;;;;;;;;;;;;;;;;;;;;;;;;;;;;;;;;;;;;;;;;;;;;;;;;;;;;;;;;;;;;;;;;;
2024;Centro-Oeste;5;Mato Grosso do Sul;MS;50;Ponta Porã;5006606;Dourados;5002;Ponta Porã;500008;Sudoeste de Mato Grosso do Sul;4;Dourados;10;Ponta Porã;500660605;SENAC PONTA PORA;50034316;4;1;1;0;RUA 7 DE SETEMBRO;828;;CENTRO;79904652;67;34314342;1;;09JAN2024:00:00:00;17DEC2024:00:00:00;;;;;0;;;;;;;;;;;;;;;;;;;;0;0;0;0;0;1;0;3,64484E+12;3,64484E+12;1;1;;;1;2;0;0;0;0;;0;0;0;1;1;0;0;0;0;0;1;0;0;0;1;0;0;0;0;1;0;0;0;0;1;0;0;0;1;0;0;0;1;0;1;0;1;1;1;1;0;0;0;0;1;0;0;0;0;0;0;0;0;0;0;0;0;0;0;0;0;0;0;0;0;0;0;0;0;1;1;0;0;0;0;0;1;0;0;6;0;6;6;6;0;1;0;1;0;0;0;0;0;1;5;1;1;1;1;1;5;1;22;1;4;0;0;1;1;1;1;0;1;1;2;1;1;2;1;1;0;0;0;0;1;1;0;0;0;0;0;0;0;0;0;0;0;0;0;0;0;0;0;0;0;0;0;0;0;0;0;0;0;1;0;1;1;0;0;0;0;0;0;0;0;0;0;0;0;0;0;;;;;1;1;1;0;1;0;0;1;9;1;0;0;0;0;0;1;1;1;0;1;0;0;0;0;0;0;1;0;0;0;0;1;0;1;0;0;0;0;0;0;0;1;1;0;0;0;0;0;0;29;0;0;0;0;0;0;0;0;0;0;0;0;0;0;0;0;0;0;0;0;0;0;0;0;0;0;0;0;0;0;0;0;0;29;29;0;29;0;0;0;0;0;0;0;0;0;0;0;0;0;24;5;6;10;0;13;0;0;0;0;0;0;4;25;0;29;0;0;0;0;0;0;0;0;29;0;0;0;0;0;2;0;0;0;0;0;0;0;2;2;0;0;0;0;0;0;2;0;0;0;0;0;0;0;2;2;0;0;0;0;0;0;0;2;0;0;0;0;0;0;0;0
2024;Centro-Oeste;5;Mato Grosso do Sul;MS;50;Três Lagoas;5008305;Campo Grande;5001;Três Lagoas;500002;Leste de Mato Grosso do Sul;3;Três Lagoas;7;Três Lagoas;500830505;CENTRO DE EDUCACAO PROFISSIONAL - SENAC TRES LAGOAS;50030280;4;1;1;0;AVENIDA ANTONIO DOS SANTOS TRAJANO;216;;CENTRO;79601002;67;35095110;1;;09JAN2024:00:00:00;17DEC2024:00:00:00;;;;;0;;;;;;;;;;;;;;;;;;;;0;0;0;0;0;1;1;3,64484E+12;3,64484E+12;0;;;;1;1;0;0;0;0;;0;0;0;1;1;0;0;0;0;0;1;0;0;0;1;0;0;0;0;1;0;0;0;0;1;0;1;0;0;0;0;0;1;0;1;0;0;1;1;1;0;0;0;0;1;0;0;0;0;0;0;0;0;0;0;0;1;0;0;0;1;0;0;0;0;0;0;0;0;1;1;0;0;0;0;0;1;0;0;8;0;8;8;8;0;1;0;1;1;1;0;0;0;1;8;0;0;1;1;1;88888;1;43;1;7;0;0;1;1;1;0;1;1;1;3;1;1;7;1;3;0;0;0;0;0;0;0;0;0;0;0;0;0;0;1;3;0;0;0;0;0;0;1;1;0;0;0;0;0;0;0;0;0;0;0;0;0;0;0;0;1;0;0;0;0;0;0;0;0;0;0;;;;;0;;;;;;;1;1;0;0;0;0;0;0;1;1;1;0;0;0;0;0;1;0;0;1;0;0;0;1;1;0;1;0;0;0;0;0;0;0;1;1;0;0;0;0;0;0;162;0;0;0;0;0;0;0;0;0;0;0;0;0;0;0;0;0;0;0;0;0;0;0;0;0;0;0;0;0;0;0;0;0;162;162;16;146;0;0;0;0;0;0;0;0;0;0;0;0;0;123;39;38;52;7;65;0;0;0;0;0;0;14;148;56;106;0;0;0;0;0;0;0;0;153;9;0;0;0;0;10;0;0;0;0;0;0;0;10;10;0;0;0;0;0;0;10;0;0;0;0;0;0;0;10;10;0;0;0;0;0;0;4;6;0;0;0;0;0;0;0;0
2024;Centro-Oeste;5;Mato Grosso;MT;51;Sinop;5107909;Sinop;5103;Sinop;510007;Norte Mato-grossense;1;Sinop;7;Sinop;510790905;CEP SENAC SINOP;51071789;4;1;1;0;AVENIDA DAS SIBIPIRUNAS;3662;;SETOR COMERCIAL;78550262;66;999086204;1;51013;01JUN2023:00:00:00;29MAY2024:00:00:00;;;;;0;;;;;;;;;;;;;;;;;;;;0;0;0;0;0;1;0;3,65887E+12;3,65887E+12;1;1;;;1;2;0;0;0;0;;0;0;0;1;1;0;0;0;0;0;1;0;0;0;1;0;0;0;0;1;0;0;0;0;1;0;0;0;1;0;0;0;1;0;1;1;0;0;0;0;0;0;0;0;1;0;0;0;0;0;0;0;0;0;0;0;0;0;0;0;1;0;1;0;1;0;0;0;0;1;1;0;0;1;0;0;0;0;0;7;0;7;7;7;0;1;0;1;0;1;0;0;0;0;0;0;0;1;2;1;7;1;30;0;0;0;0;1;1;1;0;1;1;1;3;1;1;2;0;0;0;0;1;1;1;2;0;0;0;0;0;0;0;0;0;0;1;1;0;0;0;0;0;0;0;0;0;0;0;0;0;0;0;0;0;0;0;0;0;0;1;0;0;0;0;0;0;0;0;0;0;;;;;0;;;;;;;1;0;1;0;0;0;0;0;1;1;0;9;9;9;9;9;9;0;0;1;0;0;1;0;1;0;1;0;0;0;0;0;0;1;1;1;0;0;0;0;0;0;103;0;0;0;0;0;0;0;0;0;0;0;0;0;0;0;89;0;0;0;0;0;0;89;0;0;0;0;89;0;0;0;0;0;103;103;14;0;0;0;0;0;0;0;0;0;0;0;0;0;0;71;32;49;9;4;38;0;3;0;0;0;0;0;103;0;103;0;0;0;0;0;0;0;0;87;16;0;0;0;0;5;0;0;0;0;0;0;3;5;5;0;0;0;0;0;0;4;0;0;0;0;0;0;3;4;4;0;0;0;0;0;0;0;4;0;0;0;0;0;0;0;0
2024;Centro-Oeste;5;Goiás;GO;52;Aparecida de Goiânia;5201405;Goiânia;5201;Goiânia;520001;Centro Goiano;3;Goiânia;10;Aparecida de Goiânia;520140505;SENAC - CENTRO DE EDUCACAO PROFISSIONAL EM APARECIDA DE GOIANIA;52233367;4;1;1;0;AVENIDA DONA MARIA CARDOSO;;Q.29 LT.06/09 19/22;JARDIM LUZ;74915520;62;35244500;1;4;08JAN2024:00:00:00;20DEC2024:00:00:00;;;;;0;;;;;;;;;;;;;;;;;;;;0;0;0;0;1;1;1;3,60848E+12;3,60848E+12;1;2;;;1;1;0;0;0;0;;0;0;0;1;1;0;0;0;0;0;1;0;0;0;1;0;0;0;0;1;0;0;0;0;1;0;0;0;1;1;0;1;1;0;1;1;0;0;1;1;1;0;0;0;1;0;0;0;0;0;0;0;0;0;0;0;0;0;0;0;1;1;1;0;1;0;0;0;0;1;1;0;1;1;0;0;0;0;0;25;0;25;25;25;0;1;1;1;1;0;0;1;1;1;1;1;2;0;0;1;20;1;88888;1;1;1;1;1;1;1;1;0;1;1;3;1;1;4;1;9;1;1;1;2;1;4;0;0;1;1;1;1;1;1;1;2;1;1;1;2;1;4;1;1;1;1;1;2;1;88888;1;1;0;1;0;0;1;0;1;1;0;1;0;0;0;0;0;0;0;0;0;;;;;0;;;;;;;1;9;9;0;0;1;0;0;0;9;0;9;9;9;9;9;9;0;0;1;0;0;0;1;1;0;1;0;0;0;0;0;0;0;1;1;1;0;1;1;1;0;99;0;0;0;0;0;0;0;0;0;0;0;0;0;0;0;0;0;0;0;0;0;0;0;0;0;0;0;0;0;0;0;0;0;99;99;0;56;0;43;0;0;0;0;43;0;0;43;4;4;0;59;40;37;12;3;47;0;0;0;0;0;0;1;98;69;30;0;0;0;0;0;0;0;0;97;2;0;0;0;0;4;0;0;0;0;0;0;0;4;4;1;0;1;2;2;0;7;0;0;0;0;0;0;0;7;7;2;0;2;2;2;0;4;3;0;0;0;0;0;0;0;0
2024;Centro-Oeste;5;Goiás;GO;52;Caldas Novas;5204508;Itumbiara;5202;Caldas Novas-Morrinhos;520008;Sul Goiano;5;Meia Ponte;15;Caldas Novas;520450805;SENAC - CENTRO DE EDUCACAO PROFISSIONAL VALERIA JAIME PEIXOTO PERILLO;52234363;4;1;1;0;AVENIDA TIRADENTES;S/N;LT. SR-08 D;ESTANCIA ITANHANGA;75680350;64;34531241;1;22;02JAN2024:00:00:00;20DEC2024:00:00:00;;;;;0;;;;;;;;;;;;;;;;;;;;0;0;0;0;0;1;0;3,60848E+12;3,60848E+12;1;1;;;1;1;0;0;0;0;;0;0;0;1;1;0;0;0;0;0;1;0;0;0;1;0;0;0;0;1;0;0;0;0;0;0;0;1;0;0;0;1;1;0;1;1;0;0;1;1;1;0;0;0;1;1;0;0;0;0;0;0;0;0;0;0;0;0;0;0;1;1;1;0;1;0;0;0;0;1;1;0;1;1;0;0;1;0;0;16;0;16;16;16;0;1;1;1;1;1;0;1;2;1;6;1;2;0;0;1;16;1;74;1;9;0;0;1;1;1;1;0;1;0;3;1;1;5;1;3;0;0;0;0;1;2;0;0;0;0;0;0;0;0;1;2;1;1;1;2;0;0;0;0;0;0;0;0;0;0;0;0;0;0;0;0;1;0;0;0;1;0;0;0;0;0;0;0;0;0;0;;;;;0;;;;;;;1;0;0;0;0;0;0;0;1;0;1;0;0;0;1;0;0;0;0;1;0;0;0;1;1;0;1;0;0;0;0;0;0;0;1;1;0;0;0;1;1;0;250;0;0;0;0;0;0;0;0;0;0;0;0;0;0;0;0;0;0;0;0;0;0;0;0;0;0;0;0;0;0;0;0;0;250;250;26;224;0;0;0;0;0;0;0;0;0;0;3;3;0;205;45;40;74;13;121;2;0;0;0;0;0;8;242;142;108;0;0;0;0;0;0;0;0;249;1;0;0;0;0;16;0;0;0;0;0;0;0;16;16;0;0;0;5;5;0;13;0;0;0;0;0;0;0;13;13;0;0;0;2;2;0;7;6;0;0;0;0;0;0;0;0
2024;Centro-Oeste;5;Goiás;GO;52;Catalão;5205109;Goiânia;5201;Catalão;520004;Sul Goiano;5;Catalão;17;Catalão;520510905;SENAC - CENTRO DE EDUCACAO PROFISSIONAL CATALAO;52235351;4;1;1;0;RUA WAGNER ESTELITA CAMPOS;157;;SETOR CENTRAL;75701290;64;34413657;1;6;22JAN2024:00:00:00;20DEC2024:00:00:00;;;;;0;;;;;;;;;;;;;;;;;;;;0;0;0;0;1;1;1;3,60848E+12;3,60848E+12;1;2;;;1;1;0;0;0;0;;0;0;0;1;1;0;0;0;0;0;1;0;0;0;1;0;0;0;0;1;0;0;0;0;0;0;0;1;1;0;0;1;1;0;1;1;0;1;1;1;1;0;0;1;1;1;0;1;0;0;0;0;0;0;0;0;0;0;0;0;1;1;1;0;1;0;0;0;0;1;1;0;1;1;0;0;1;0;0;26;0;26;26;0;1;1;1;1;1;1;0;0;0;1;2;1;2;0;0;1;24;1;73;0;0;0;0;1;1;1;1;0;1;0;3;1;1;3;1;3;0;0;0;0;0;0;0;0;0;0;0;0;0;0;1;2;1;1;0;0;0;0;1;1;0;0;0;0;0;0;0;0;0;1;0;1;1;0;0;0;1;0;0;0;0;0;0;0;0;0;0;;;;;0;;;;;;;1;0;0;0;0;0;0;0;1;0;0;9;9;9;9;9;9;0;0;1;0;0;0;1;1;0;1;0;0;0;0;0;0;0;1;1;0;0;0;1;1;0;253;0;0;0;0;0;0;0;0;0;0;0;0;0;0;0;0;0;0;0;0;0;0;0;0;0;0;0;0;0;0;0;0;0;253;253;8;245;0;0;0;0;0;0;0;0;0;0;2;2;0;205;48;0;68;9;168;7;1;0;0;0;0;6;247;18;235;0;0;0;0;0;0;0;0;246;7;0;0;0;0;12;0;0;0;0;0;0;0;12;12;0;0;0;2;2;0;14;0;0;0;0;0;0;0;14;14;0;0;0;2;2;0;2;12;0;0;0;0;0;0;0;0
2024;Centro-Oeste;5;Goiás;GO;52;Goiânia;5208707;Goiânia;5201;Goiânia;520001;Centro Goiano;3;Goiânia;10;Goiânia;520870705;SENAC - CENTRO EDUCACAO PROFISSIONAL CORA CORALINA;52091350;4;1;1;0;AVENIDA CAIAPO;909;QD 89 LT 41/47;SANTA GENOVEVA;74672400;62;33096300;1;2;08JAN2024:00:00:00;16DEC2024:00:00:00;;;;;0;;;;;;;;;;;;;;;;;;;;0;0;0;0;0;1;0;3,60848E+12;3,60848E+12;1;2;;;1;3;0;0;0;0;;0;1;0;1;1;0;0;0;0;0;1;1;0;0;1;0;0;0;0;1;0;0;0;0;0;0;0;1;1;0;0;1;1;0;1;0;0;1;1;1;0;0;0;0;1;0;0;1;0;0;0;0;0;1;0;0;0;0;0;0;1;1;1;0;1;0;0;0;0;1;1;1;1;1;0;1;1;0;0;10;1;11;11;11;0;1;1;1;1;1;0;1;1;1;11;1;2;0;0;1;11;1;188;1;1;0;0;1;1;1;1;0;1;1;2;1;1;5;1;3;0;0;0;0;0;0;0;0;0;0;0;0;0;0;1;1;1;1;0;0;1;1;0;0;0;0;0;0;0;0;0;0;0;1;0;0;1;0;0;0;1;0;0;0;0;0;0;0;0;0;0;;;;;0;;;;;;;1;0;1;0;0;0;0;0;1;1;1;0;0;0;1;1;0;0;0;1;0;0;0;1;1;0;1;0;0;0;0;0;0;0;1;1;0;0;0;1;1;0;166;0;0;0;0;0;0;0;0;0;0;0;0;0;0;0;0;0;0;0;0;0;0;0;0;0;0;0;0;0;0;0;0;0;166;166;9;157;0;0;0;0;0;0;0;0;0;0;4;4;0;76;90;77;20;7;59;2;1;0;0;0;0;6;160;84;82;0;0;0;0;0;0;0;0;163;3;0;0;0;0;9;0;0;0;0;0;0;0;9;9;0;0;0;3;3;0;13;0;0;0;0;0;0;0;13;13;0;0;0;3;3;0;8;5;0;0;0;0;0;0;0;0
2024;Centro-Oeste;5;Goiás;GO;52;Goiânia;5208707;Goiânia;5201;Goiânia;520001;Centro Goiano;3;Goiânia;10;Goiânia;520870705;SENAC - CENTRO DE EDUCACAO PROFISSIONAL ELIAS BUFAICAL;52091368;4;1;1;0;RUA 31 A;43;;SETOR AEROPORTO;74075470;62;32195160;1;2;01JUN2023:00:00:00;29MAY2024:00:00:00;;;;;0;;;;;;;;;;;;;;;;;;;;0;0;0;0;0;1;0;3,60848E+12;3,60848E+12;1;1;;;1;1;0;0;0;0;;0;0;0;1;1;0;0;0;0;0;1;0;0;0;1;0;0;0;0;1;0;0;0;0;1;0;0;0;1;1;0;0;1;0;1;1;1;0;0;1;0;0;0;0;1;1;0;1;0;0;0;0;0;1;1;0;0;0;0;0;1;0;1;0;1;0;0;0;0;1;1;0;0;0;0;0;1;0;0;28;4;32;21;32;0;1;0;1;1;1;0;1;4;1;15;1;2;0;0;1;30;1;134;0;0;0;0;1;1;1;1;0;1;1;3;1;1;7;1;10;0;0;0;0;0;0;0;0;0;0;0;0;0;0;1;1;1;1;1;2;1;5;1;1;0;0;0;0;0;0;0;0;0;1;0;1;1;0;0;0;1;0;0;0;0;1;0;0;0;0;0;;;;;0;;;;;;;1;1;0;0;0;0;0;0;1;1;1;0;0;0;1;1;0;0;0;1;0;0;0;1;1;0;1;0;0;0;0;0;0;0;1;1;0;0;0;1;1;0;178;0;0;0;0;0;0;0;0;0;0;0;0;0;0;0;0;0;0;0;0;0;0;0;0;0;0;0;0;0;0;0;0;0;178;178;5;173;0;0;0;0;0;0;0;0;0;0;4;4;0;142;36;0;61;20;93;4;0;0;0;0;0;4;174;121;57;0;0;0;0;0;0;0;0;172;6;0;0;0;0;16;0;0;0;0;0;0;0;16;16;0;0;0;5;5;0;12;0;0;0;0;0;0;0;12;12;0;0;0;4;4;0;8;4;0;0;0;0;0;0;0;0
2024;Centro-Oeste;5;Goiás;GO;52;Ipameri;5210109;Goiânia;5201;Catalão;520004;Sul Goiano;5;Catalão;17;Ipameri;521010905;SENAC - CENTRO DE EDUCACAO PROFISSIONAL EM IPAMERI;52234355;4;;1;;RUA GENERAL MASCARENHAS DE MORAIS ESQUINA COM RUA MIGUEL DAVID COSAC;6;PRACA DA LIBERDADE;CENTRO;75780000;64;34531241;2;26;;;;;;;;;;;;;;;;;;;;;;;;;;;;;;;;;;;;;;;;;;;;;;;;;;;;;;;;;;;;;;;;;;;;;;;;;;;;;;;;;;;;;;;;;;;;;;;;;;;;;;;;;;;;;;;;;;;;;;;;;;;;;;;;;;;;;;;;;;;;;;;;;;;;;;;;;;;;;;;;;;;;;;;;;;;;;;;;;;;;;;;;;;;;;;;;;;;;;;;;;;;;;;;;;;;;;;;;;;;;;;;;;;;;;;;;;;;;;;;;;;;;;;;;;;;;;;;;;;;;;;;;;;;;;;;;;;;;;;;;;;;;;;;;;;;;;;;;;;;;;;;;;;;;;;;;;;;;;;;;;;;;;;;;;;;;;;;;;;;;;;;;;;;;;;;;;;;;;;;;;;;;;;;;;;;;;;;;;;;;;;;;;;;;;;;;;
2024;Centro-Oeste;5;Goiás;GO;52;Iporá;5210208;São Luís de Montes Belos - Iporá;5204;Iporá;520014;Centro Goiano;3;Iporá;8;Iporá;521020805;SENAC - CENTRO DE EDUCACAO PROFISSIONAL EM IPORA;52233359;4;;1;;AVENIDA 24 DE OUTUBRO;195;;SETOR CENTRAL;76200000;64;36032155;2;13;;;;;;;;;;;;;;;;;;;;;;;;;;;;;;;;;;;;;;;;;;;;;;;;;;;;;;;;;;;;;;;;;;;;;;;;;;;;;;;;;;;;;;;;;;;;;;;;;;;;;;;;;;;;;;;;;;;;;;;;;;;;;;;;;;;;;;;;;;;;;;;;;;;;;;;;;;;;;;;;;;;;;;;;;;;;;;;;;;;;;;;;;;;;;;;;;;;;;;;;;;;;;;;;;;;;;;;;;;;;;;;;;;;;;;;;;;;;;;;;;;;;;;;;;;;;;;;;;;;;;;;;;;;;;;;;;;;;;;;;;;;;;;;;;;;;;;;;;;;;;;;;;;;;;;;;;;;;;;;;;;;;;;;;;;;;;;;;;;;;;;;;;;;;;;;;;;;;;;;;;;;;;;;;;;;;;;;;;;;;;;;;;;;;;;;;;
2024;Centro-Oeste;5;Goiás;GO;52;Jataí;5211909;Rio Verde;5203;Jataí-Mineiros;520011;Sul Goiano;5;Sudoeste de Goiás;13;Jataí;521190905;SERVICO NACIONAL DE APRENDIZAGEM COMERCIAL - SENAC;52111407;4;1;1;0;RUA ITARUMA;1394;;SETOR OESTE;75804076;64;36313040;1;17;02JAN2024:00:00:00;20DEC2024:00:00:00;;;;;0;;;;;;;;;;;;;;;;;;;;0;0;0;0;0;1;0;3,60848E+12;3,60848E+12;1;1;;;1;1;0;0;0;0;;0;0;0;1;1;0;0;0;0;0;1;0;0;0;1;0;0;0;0;1;0;0;0;0;0;0;0;1;0;1;0;1;1;0;1;1;0;0;0;1;1;0;0;0;1;1;0;0;0;0;0;0;0;0;0;0;0;0;0;0;1;0;1;0;1;0;0;0;0;1;1;0;1;0;0;0;0;0;0;15;0;15;15;15;1;1;0;1;1;0;0;0;0;1;1;1;2;0;0;1;15;1;40;0;0;0;0;1;1;1;1;0;1;1;3;1;1;4;1;5;1;1;0;0;0;0;0;0;0;0;0;0;0;0;1;3;1;1;0;0;0;0;1;1;0;0;0;0;0;0;0;0;0;1;0;0;0;0;0;0;1;0;0;0;0;0;0;0;0;0;0;;;;;0;;;;;;;1;0;0;0;0;0;0;0;1;1;0;9;9;9;9;9;9;0;0;1;0;0;0;1;1;0;1;0;0;0;0;0;0;0;1;1;0;0;0;1;1;0;313;0;0;0;0;0;0;0;0;0;0;0;0;0;0;0;0;0;0;0;0;0;0;0;0;0;0;0;0;0;0;0;0;0;313;313;12;301;0;0;0;0;0;0;0;0;0;0;4;4;0;267;46;0;106;37;169;0;1;0;0;0;0;9;304;77;236;0;0;0;0;0;0;0;0;312;1;0;22;0;22;13;0;0;0;0;0;0;0;13;13;0;0;0;3;3;0;16;0;0;0;0;0;0;0;16;16;0;0;0;3;3;0;5;11;0;0;0;0;0;0;0;0
2024;Centro-Oeste;5;Goiás;GO;52;Mineiros;5213103;Rio Verde;5203;Jataí-Mineiros;520011;Sul Goiano;5;Sudoeste de Goiás;13;Mineiros;521310305;CENTRO DE EDUCACAO PROFISSIONAL DONA NICINHA - SENAC;52090175;4;1;1;0;PRACA CEL MANOEL FRANCISCO VILELA ESQ COM RUA 14;;;CENTRO;75830095;64;36615434;1;21;08JAN2024:00:00:00;20DEC2024:00:00:00;;;;;0;;;;;;;;;;;;;;;;;;;;0;0;0;0;0;1;0;3,60848E+12;3,60848E+12;1;1;;;1;1;0;0;0;0;;0;0;0;1;1;0;0;0;0;0;1;0;0;0;1;0;0;0;0;1;0;0;0;0;1;0;0;0;1;1;0;0;1;0;1;1;0;0;1;1;1;0;0;0;1;1;0;1;0;0;0;0;0;0;0;0;0;0;0;0;1;1;1;0;1;0;0;0;0;1;1;1;0;1;0;0;0;0;0;13;0;13;13;13;0;1;1;1;1;1;0;1;1;1;1;1;1;0;0;1;12;1;30;0;0;0;0;1;1;1;1;0;1;0;3;1;1;4;1;4;0;0;0;0;0;0;0;0;0;0;0;0;0;0;1;2;1;1;0;0;0;0;1;1;0;0;0;0;0;0;0;0;0;0;0;0;1;0;0;0;1;0;0;0;0;0;0;0;0;0;0;;;;;0;;;;;;;1;1;1;0;0;0;0;0;1;1;1;0;0;0;0;1;0;0;0;1;0;0;0;1;1;0;1;0;0;0;0;0;0;0;1;1;0;0;0;0;0;0;273;0;0;0;0;0;0;0;0;0;0;0;0;0;0;0;0;0;0;0;0;0;0;0;0;0;0;0;0;0;0;0;0;0;273;273;6;267;0;0;0;0;0;0;0;0;0;0;0;0;0;234;39;11;85;27;144;5;1;0;0;0;0;4;269;2;271;0;0;0;0;0;0;0;0;255;18;0;0;0;0;12;0;0;0;0;0;0;0;12;12;0;0;0;0;0;0;12;0;0;0;0;0;0;0;12;12;0;0;0;0;0;0;1;11;0;0;0;0;0;0;0;0
2024;Centro-Oeste;5;Goiás;GO;52;Porangatu;5218003;Porangatu - Uruaçu;5205;Porangatu;520016;Norte Goiano;2;Porangatu;4;Porangatu;521800305;SENAC CENTRO DE EDUCACAO PROFISSIONAL DE PORANGATU;52090183;4;;1;;AVENIDA BRASILIA ESQUINA COM A RUA F-5;30;;SETOR LESTE;76550000;62;33621823;2;27;;;;;;;;;;;;;;;;;;;;;;;;;;;;;;;;;;;;;;;;;;;;;;;;;;;;;;;;;;;;;;;;;;;;;;;;;;;;;;;;;;;;;;;;;;;;;;;;;;;;;;;;;;;;;;;;;;;;;;;;;;;;;;;;;;;;;;;;;;;;;;;;;;;;;;;;;;;;;;;;;;;;;;;;;;;;;;;;;;;;;;;;;;;;;;;;;;;;;;;;;;;;;;;;;;;;;;;;;;;;;;;;;;;;;;;;;;;;;;;;;;;;;;;;;;;;;;;;;;;;;;;;;;;;;;;;;;;;;;;;;;;;;;;;;;;;;;;;;;;;;;;;;;;;;;;;;;;;;;;;;;;;;;;;;;;;;;;;;;;;;;;;;;;;;;;;;;;;;;;;;;;;;;;;;;;;;;;;;;;;;;;;;;;;;;;;;
2024;Centro-Oeste;5;Goiás;GO;52;Quirinópolis;5218508;Rio Verde;5203;Quirinópolis;520012;Sul Goiano;5;Quirinópolis;18;Quirinópolis;521850805;SENAC CENTRO DE EDUCACAO PROFIS ONICIO RESENDE;52090167;4;1;1;0;VIA LEOCADIO DE SOUZA REIS;76;;ONICIO RESENDE;75860000;64;36512533;1;29;15JAN2024:00:00:00;13DEC2024:00:00:00;;;;;0;;;;;;;;;;;;;;;;;;;;0;0;0;0;0;1;0;3,60848E+12;3,60848E+12;1;5;;;1;1;0;0;0;0;;0;0;0;1;1;0;0;0;0;0;1;0;0;0;1;0;0;0;0;1;0;0;0;0;1;0;0;0;1;0;0;0;1;0;1;1;0;1;1;1;0;0;0;0;1;1;0;0;0;0;0;0;0;0;0;0;0;0;0;0;1;1;1;0;1;0;0;0;0;1;1;1;1;0;0;1;1;0;0;12;0;12;12;12;0;1;1;1;1;1;0;1;1;1;1;1;1;0;0;1;12;1;30;0;0;0;0;1;1;1;1;0;1;1;3;1;1;3;1;5;0;0;0;0;0;0;0;0;0;0;0;0;0;0;1;3;1;1;0;0;0;0;1;1;0;0;1;2;0;0;0;0;0;0;0;0;0;0;0;0;1;0;0;0;0;0;0;0;0;0;0;;;;;0;;;;;;;1;0;0;0;0;0;0;0;1;1;1;1;0;0;0;0;0;0;0;1;0;0;0;1;1;0;1;0;0;0;0;0;0;0;1;1;0;0;0;1;1;0;137;0;0;0;0;0;0;0;0;0;0;0;0;0;0;0;0;0;0;0;0;0;0;0;0;0;0;0;0;0;0;0;0;0;137;137;10;127;0;0;0;0;0;0;0;0;0;0;3;3;0;103;34;55;29;7;45;1;0;0;0;0;0;9;128;45;92;0;0;0;0;0;0;0;0;134;3;0;0;0;0;5;0;0;0;0;0;0;0;5;5;0;0;0;4;4;0;5;0;0;0;0;0;0;0;5;5;0;0;0;2;2;0;1;4;0;0;0;0;0;0;0;0
2024;Centro-Oeste;5;Distrito Federal;DF;53;Brasília;5300108;Distrito Federal;5301;Distrito Federal;530001;Distrito Federal;1;Brasília;1;Brasília;530010805;C DE EDUC PROFISSIONAL SENAC - PLANO PILOTO;53001249;4;1;1;0;QUADRA SEPS 703/903;;;ASA SUL;70390039;61;37719830;1;99;06FEB2024:00:00:00;20DEC2024:00:00:00;;;;;0;;;;;;;;;;;;;;;;;;;;0;0;0;0;0;1;0;3,29697E+12;3,29697E+12;1;2;;;1;1;0;0;0;0;;0;0;0;1;1;0;0;0;0;0;1;0;0;0;1;0;0;0;0;1;0;0;0;0;1;0;0;0;1;1;0;1;1;0;1;1;0;1;1;0;0;0;0;0;1;1;1;0;0;0;0;0;0;0;0;0;0;0;0;0;1;0;1;0;1;1;0;0;0;1;1;1;1;1;0;1;1;0;0;23;0;23;23;23;1;1;1;1;1;1;0;0;0;1;2;1;4;0;0;1;23;1;40;0;0;0;0;1;1;1;1;0;1;0;3;1;1;13;1;12;1;2;0;0;0;0;0;0;1;1;1;1;0;0;1;3;1;1;1;1;1;1;1;1;0;0;0;0;0;0;0;0;0;1;0;1;1;0;0;0;1;0;0;0;0;0;0;0;0;0;0;;;;;0;;;;;;;1;0;0;0;0;0;0;0;1;1;1;1;0;0;0;1;0;0;0;1;0;0;0;1;1;0;1;0;0;0;0;0;0;0;1;1;0;0;0;1;1;0;859;0;0;0;0;0;0;0;0;0;0;0;0;0;0;0;0;0;0;0;0;0;0;0;0;0;0;0;0;0;0;0;0;0;859;832;285;547;27;0;0;0;0;0;0;0;0;0;3;3;0;692;167;418;116;34;274;16;1;0;0;0;0;5;854;536;323;0;0;0;0;0;0;0;0;827;32;0;552;552;0;35;0;0;0;0;0;0;0;35;31;0;0;0;3;3;0;51;0;0;0;0;0;0;0;51;40;0;0;0;3;3;0;35;16;0;0;0;0;0;0;0;0
2024;Centro-Oeste;5;Distrito Federal;DF;53;Brasília;5300108;Distrito Federal;5301;Distrito Federal;530001;Distrito Federal;1;Brasília;1;Brasília;530010805;CEP SENAC - TAGUATINGA;53011686;4;1;1;0;SETOR G NORTE, AREA ESPECIAL Nº 39;39;;TAGUATINGA NORTE TAGUATINGA;72130005;61;37739626;1;99;02JAN2024:00:00:00;20DEC2024:00:00:00;;;;;0;;;;;;;;;;;;;;;;;;;;0;0;0;0;0;1;0;3,29697E+12;3,29697E+12;1;2;;;1;1;0;0;0;0;;0;0;0;1;1;0;0;0;0;0;1;0;0;0;1;0;0;0;0;1;0;0;0;0;1;0;0;0;0;1;0;1;1;0;1;0;0;1;1;1;1;0;0;0;1;0;0;0;0;0;0;0;0;0;0;0;0;0;0;0;1;1;1;0;1;0;0;0;0;0;1;1;0;1;0;1;1;0;0;32;0;32;32;0;0;1;0;1;1;1;0;0;0;1;1;1;8;1;7;1;11;1;125;0;0;0;0;1;1;1;1;0;1;0;1;1;1;10;1;16;1;2;0;0;0;0;0;0;0;0;1;1;0;0;1;3;1;1;0;0;1;1;1;1;0;0;0;0;0;0;0;0;0;1;0;0;0;0;1;0;0;0;0;0;0;0;0;0;0;0;0;;;;;0;;;;;;;1;0;0;0;0;0;0;1;0;1;0;9;9;9;9;9;9;0;0;1;0;0;0;1;1;0;1;0;0;0;0;0;0;0;1;1;0;0;0;1;1;0;575;0;0;0;0;0;0;0;0;0;0;0;0;0;0;0;0;0;0;0;0;0;0;0;0;0;0;0;0;0;0;0;0;0;575;468;50;418;107;0;0;0;0;0;0;0;0;0;7;7;0;362;213;239;88;22;223;2;1;0;0;0;1;131;443;370;205;0;0;0;0;0;0;0;0;552;23;0;0;0;0;32;0;0;0;0;0;0;0;32;28;0;0;0;6;6;0;55;0;0;0;0;0;0;0;55;33;0;0;0;6;6;0;39;16;0;0;0;0;0;0;0;0
2024;Centro-Oeste;5;Distrito Federal;DF;53;Brasília;5300108;Distrito Federal;5301;Distrito Federal;530001;Distrito Federal;1;Brasília;1;Brasília;530010805;SERVICO NACIONAL DE APRENDIZAGEM COMERCIAL - SENAC JOAQUIM LOIOLA - GAMA;53016602;4;1;1;0;QUADRA QD 5 CJ F LT 7;7;;SETOR SUL GAMA;72410306;61;37719813;1;99;02JAN2024:00:00:00;23DEC2024:00:00:00;;;;;0;;;;;;;;;;;;;;;;;;;;0;0;0;0;0;1;0;3,29697E+12;3,29697E+12;1;2;;;1;2;0;0;0;0;;0;1;0;1;1;0;0;0;0;0;1;0;0;0;1;0;0;0;0;1;0;0;0;0;1;0;0;0;1;0;0;1;1;0;1;0;0;1;1;0;0;0;0;0;1;1;0;0;0;0;0;0;0;0;0;0;0;0;0;0;1;0;1;0;1;0;0;0;0;1;1;0;0;0;0;0;1;0;0;14;3;17;17;0;0;1;0;1;1;1;0;0;0;1;13;1;16;1;13;1;1;1;61;1;80;0;0;1;1;1;1;1;1;1;3;1;1;4;1;6;1;2;0;0;0;0;0;0;0;0;0;0;0;0;1;2;1;1;0;0;0;0;1;1;0;0;0;0;0;0;0;0;0;1;0;0;1;0;0;0;1;0;0;0;0;0;0;0;0;0;0;;;;;1;0;1;0;0;0;0;1;1;0;0;0;0;0;0;1;1;0;9;9;9;9;9;9;0;0;1;0;0;0;1;1;0;1;0;0;0;0;0;0;0;1;1;0;0;0;1;1;0;226;0;0;0;0;0;0;0;0;0;0;0;0;0;0;0;0;0;0;0;0;0;0;0;0;0;0;0;0;0;0;0;0;0;226;186;10;176;40;0;0;0;0;0;0;0;0;0;4;4;0;154;72;109;30;8;77;2;0;0;0;0;0;44;182;125;101;0;0;0;0;0;0;0;0;217;9;0;0;0;0;17;0;0;0;0;0;0;0;17;12;0;0;0;4;4;0;22;0;0;0;0;0;0;0;22;14;0;0;0;4;4;0;13;9;0;0;0;0;0;0;0;0
2024;Centro-Oeste;5;Distrito Federal;DF;53;Brasília;5300108;Distrito Federal;5301;Distrito Federal;530001;Distrito Federal;1;Brasília;1;Brasília;530010805;C DE EDUC PROFISSIONAL SENAC TECNOLOGIA DO TURISMO E HOSPITALIDADE;53018222;4;1;1;0;QUADRA SEPS 703/903;;;ASA SUL;70390039;61;37739639;1;99;06FEB2024:00:00:00;20DEC2024:00:00:00;;;;;0;;;;;;;;;;;;;;;;;;;;0;0;0;0;0;1;0;3,29697E+12;3,29697E+12;1;2;;;1;1;1;0;1;0;;0;0;1;1;1;0;0;0;0;0;1;0;0;0;1;0;0;0;0;1;0;0;0;0;1;0;0;0;1;0;0;0;1;0;1;0;0;1;1;1;0;0;0;0;1;1;0;0;0;0;0;0;0;0;0;0;0;0;0;0;0;0;1;0;1;0;0;0;0;1;0;0;1;0;0;0;0;0;0;10;2;12;10;5;0;1;0;0;1;0;0;0;0;0;0;0;0;0;0;1;5;1;25;0;0;0;0;1;1;1;1;0;0;1;2;1;1;4;1;6;1;2;0;0;1;2;0;0;1;1;0;0;0;0;0;0;1;1;0;0;0;0;0;0;0;0;0;0;0;0;0;0;0;1;0;0;1;0;0;0;0;0;0;0;0;0;0;0;0;0;0;;;;;0;;;;;;;1;0;0;0;0;1;0;0;0;0;1;1;0;0;0;1;0;0;0;1;0;0;0;1;1;0;1;0;0;0;0;0;0;0;1;1;0;0;0;1;1;0;79;0;0;0;0;0;0;0;0;0;0;0;0;0;0;0;0;0;0;0;0;0;0;0;0;0;0;0;0;0;0;0;0;0;79;38;0;38;41;0;0;0;0;0;0;0;0;0;2;2;0;28;51;35;9;2;33;0;0;0;0;0;1;40;38;41;38;0;0;0;0;0;0;0;0;77;2;0;0;0;0;4;0;0;0;0;0;0;0;4;2;0;0;0;1;1;0;7;0;0;0;0;0;0;0;7;2;0;0;0;1;1;0;5;2;0;0;0;0;0;0;0;0
2024;Centro-Oeste;5;Distrito Federal;DF;53;Brasília;5300108;Distrito Federal;5301;Distrito Federal;530001;Distrito Federal;1;Brasília;1;Brasília;530010805;C DE EDUC PROFISSIONAL SENAC - SOBRADINHO;53029003;4;1;1;0;QUADRA QUADRA 4 CONJUNTO E;5;;SOBRADINHO;73025045;61;37739615;1;99;06FEB2024:00:00:00;20DEC2024:00:00:00;;;;;0;;;;;;;;;;;;;;;;;;;;0;0;0;0;0;1;0;3,29697E+12;3,29697E+12;1;2;;;1;2;0;0;0;0;;1;0;0;1;1;0;0;0;0;0;1;0;0;0;1;0;0;0;0;1;0;0;0;0;1;0;0;0;0;1;0;1;1;0;1;0;0;1;1;0;0;0;0;0;1;0;0;0;0;0;0;0;0;0;0;0;0;0;0;0;1;0;1;0;1;0;0;0;0;1;0;0;1;1;0;0;0;0;0;10;4;14;10;10;0;1;0;1;1;1;0;0;0;1;8;1;8;1;8;1;2;1;50;1;45;0;0;1;1;1;1;0;1;0;3;1;1;5;1;6;1;1;0;0;0;0;0;0;0;0;0;0;0;0;1;2;1;1;0;0;0;0;1;2;0;0;0;0;0;0;0;0;0;0;0;0;1;0;1;0;1;0;0;0;0;0;0;0;0;0;0;;;;;0;;;;;;;1;0;0;0;0;0;0;0;1;1;0;9;9;9;9;9;9;0;0;1;0;0;0;1;1;0;1;0;0;0;0;0;0;0;1;1;0;0;0;1;1;0;273;0;0;0;0;0;0;0;0;0;0;0;0;0;0;0;0;0;0;0;0;0;0;0;0;0;0;0;0;0;0;0;0;0;273;215;69;146;58;0;0;0;0;0;0;0;0;0;3;3;0;151;122;138;38;3;94;0;0;0;0;0;1;92;180;196;77;0;0;0;0;0;0;0;0;252;21;0;0;0;0;16;0;0;0;0;0;0;0;16;12;0;0;0;3;3;0;19;0;0;0;0;0;0;0;19;13;0;0;0;3;3;0;14;5;0;0;0;0;0;0;0;0
2024;Centro-Oeste;5;Distrito Federal;DF;53;Brasília;5300108;Distrito Federal;5301;Distrito Federal;530001;Distrito Federal;1;Brasília;1;Brasília;530010805;C DE EDUC PROFISSIONAL SENAC - JESSE FREIRE;53045009;4;1;1;0;GRANDE USUARIO SCS QUADRA 6 BLOCO A LOTE 172;;;ASA SUL;70306908;61;32265211;1;99;06FEB2024:00:00:00;20DEC2024:00:00:00;;;;;0;;;;;;;;;;;;;;;;;;;;1;0;0;0;1;1;0;3,29697E+12;3,29697E+12;1;2;;;1;2;0;0;0;0;;0;1;0;1;1;0;0;0;0;0;1;0;0;0;1;0;0;0;0;1;0;0;0;0;1;0;0;0;1;0;0;1;1;0;1;1;0;1;1;0;0;0;0;0;1;0;0;0;0;0;0;0;0;0;0;0;0;0;0;0;1;0;1;0;1;0;0;0;0;0;1;0;1;1;0;1;0;0;0;33;4;37;37;37;0;1;0;1;1;0;0;0;0;1;27;1;6;0;0;1;27;1;284;1;120;1;28;1;1;1;1;0;1;1;3;1;1;6;1;9;1;2;0;0;0;0;0;0;0;0;0;0;0;0;1;3;1;1;0;0;0;0;1;1;0;0;0;0;0;0;0;0;0;0;0;0;1;0;0;0;1;0;0;0;0;0;0;0;0;0;0;;;;;0;;;;;;;1;0;0;0;0;0;0;0;1;0;0;9;9;9;9;9;9;0;0;1;0;0;1;1;1;0;1;0;0;0;0;0;0;1;1;1;0;0;0;1;1;0;1465;0;0;0;0;0;0;0;0;0;0;0;0;0;0;0;331;0;0;0;0;0;0;331;0;0;0;0;331;0;0;0;0;0;1465;846;19;496;619;0;0;0;0;0;0;0;0;0;29;29;0;785;680;493;281;64;613;14;0;0;0;0;32;848;585;1225;240;0;0;0;0;0;0;0;0;1380;85;0;1453;1453;0;37;0;0;0;0;0;0;16;37;27;0;0;0;23;23;0;111;0;0;0;0;0;0;22;111;59;0;0;0;23;23;0;95;16;0;0;0;0;0;0;0;0
