NU_ANO_CENSO;NO_REGIAO;CO_REGIAO;NO_UF;SG_UF;CO_UF;NO_MUNICIPIO;CO_MUNICIPIO;NO_MESORREGIAO;CO_MESORREGIAO;NO_MICRORREGIAO;CO_MICRORREGIAO;CO_DISTRITO;CO_ENTIDADE;NO_ENTIDADE;TP_DEPENDENCIA;TP_CATEGORIA_ESCOLA_PRIVADA;TP_LOCALIZACAO;TP_LOCALIZACAO_DIFERENCIADA;DS_ENDERECO;NU_ENDERECO;DS_COMPLEMENTO;NO_BAIRRO;CO_CEP;NU_DDD;NU_TELEFONE;TP_SITUACAO_FUNCIONAMENTO;CO_ORGAO_REGIONAL;DT_ANO_LETIVO_INICIO;DT_ANO_LETIVO_TERMINO;IN_VINCULO_SECRETARIA_EDUCACAO;IN_VINCULO_SEGURANCA_PUBLICA;IN_VINCULO_SECRETARIA_SAUDE;IN_VINCULO_OUTRO_ORGAO;IN_CONVENIADA_PP;TP_CONVENIO_PODER_PUBLICO;IN_MANT_ESCOLA_PRIVADA_EMP;IN_MANT_ESCOLA_PRIVADA_ONG;IN_MANT_ESCOLA_PRIVADA_OSCIP;IN_MANT_ESCOLA_PRIV_ONG_OSCIP;IN_MANT_ESCOLA_PRIVADA_SIND;IN_MANT_ESCOLA_PRIVADA_SIST_S;IN_MANT_ESCOLA_PRIVADA_S_FINS;NU_CNPJ_ESCOLA_PRIVADA;NU_CNPJ_MANTENEDORA;TP_REGULAMENTACAO;TP_RESPONSAVEL_REGULAMENTACAO;CO_ESCOLA_SEDE_VINCULADA;CO_IES_OFERTANTE;IN_LOCAL_FUNC_PREDIO_ESCOLAR;TP_OCUPACAO_PREDIO_ESCOLAR;IN_LOCAL_FUNC_SALAS_EMPRESA;IN_LOCAL_FUNC_SOCIOEDUCATIVO;IN_LOCAL_FUNC_UNID_PRISIONAL;IN_LOCAL_FUNC_PRISIONAL_SOCIO;IN_LOCAL_FUNC_TEMPLO_IGREJA;IN_LOCAL_FUNC_CASA_PROFESSOR;IN_LOCAL_FUNC_GALPAO;TP_OCUPACAO_GALPAO;IN_LOCAL_FUNC_SALAS_OUTRA_ESC;IN_LOCAL_FUNC_OUTROS;IN_PREDIO_COMPARTILHADO;IN_AGUA_FILTRADA;IN_AGUA_POTAVEL;IN_AGUA_REDE_PUBLICA;IN_AGUA_POCO_ARTESIANO;IN_AGUA_CACIMBA;IN_AGUA_FONTE_RIO;IN_AGUA_INEXISTENTE;IN_ENERGIA_REDE_PUBLICA;IN_ENERGIA_GERADOR;IN_ENERGIA_GERADOR_FOSSIL;IN_ENERGIA_OUTROS;IN_ENERGIA_RENOVAVEL;IN_ENERGIA_INEXISTENTE;IN_ESGOTO_REDE_PUBLICA;IN_ESGOTO_FOSSA_SEPTICA;IN_ESGOTO_FOSSA_COMUM;IN_ESGOTO_FOSSA;IN_ESGOTO_INEXISTENTE;IN_LIXO_SERVICO_COLETA;IN_LIXO_QUEIMA;IN_LIXO_ENTERRA;IN_LIXO_DESTINO_FINAL_PUBLICO;IN_LIXO_DESCARTA_OUTRA_AREA;IN_LIXO_JOGA_OUTRA_AREA;IN_LIXO_OUTROS;IN_LIXO_RECICLA;IN_TRATAMENTO_LIXO_SEPARACAO;IN_TRATAMENTO_LIXO_REUTILIZA;IN_TRATAMENTO_LIXO_RECICLAGEM;IN_TRATAMENTO_LIXO_INEXISTENTE;IN_ALMOXARIFADO;IN_AREA_VERDE;IN_AUDITORIO;IN_BANHEIRO_FORA_PREDIO;IN_BANHEIRO_DENTRO_PREDIO;IN_BANHEIRO;IN_BANHEIRO_EI;IN_BANHEIRO_PNE;IN_BANHEIRO_FUNCIONARIOS;IN_BANHEIRO_CHUVEIRO;IN_BERCARIO;IN_BIBLIOTECA;IN_BIBLIOTECA_SALA_LEITURA;IN_COZINHA;IN_DESPENSA;IN_DORMITORIO_ALUNO;IN_DORMITORIO_PROFESSOR;IN_LABORATORIO_CIENCIAS;IN_LABORATORIO_INFORMATICA;IN_PATIO_COBERTO;IN_PATIO_DESCOBERTO;IN_PARQUE_INFANTIL;IN_PISCINA;IN_QUADRA_ESPORTES;IN_QUADRA_ESPORTES_COBERTA;IN_QUADRA_ESPORTES_DESCOBERTA;IN_REFEITORIO;IN_SALA_ATELIE_ARTES;IN_SALA_MUSICA_CORAL;IN_SALA_ESTUDIO_DANCA;IN_SALA_MULTIUSO;IN_SALA_DIRETORIA;IN_SALA_LEITURA;IN_SALA_PROFESSOR;IN_SALA_REPOUSO_ALUNO;IN_SECRETARIA;IN_SALA_ATENDIMENTO_ESPECIAL;IN_TERREIRAO;IN_VIVEIRO;IN_DEPENDENCIAS_PNE;IN_LAVANDERIA;IN_DEPENDENCIAS_OUTRAS;IN_ACESSIBILIDADE_CORRIMAO;IN_ACESSIBILIDADE_ELEVADOR;IN_ACESSIBILIDADE_PISOS_TATEIS;IN_ACESSIBILIDADE_VAO_LIVRE;IN_ACESSIBILIDADE_RAMPAS;IN_ACESSIBILIDADE_SINAL_SONORO;IN_ACESSIBILIDADE_SINAL_TATIL;IN_ACESSIBILIDADE_SINAL_VISUAL;IN_ACESSIBILIDADE_INEXISTENTE;QT_SALAS_EXISTENTES;QT_SALAS_UTILIZADAS_DENTRO;QT_SALAS_UTILIZADAS_FORA;QT_SALAS_UTILIZADAS;QT_SALAS_UTILIZA_CLIMATIZADAS;QT_SALAS_UTILIZADAS_ACESSIVEIS;IN_EQUIP_PARABOLICA;IN_COMPUTADOR;IN_EQUIP_COPIADORA;IN_EQUIP_IMPRESSORA;IN_EQUIP_IMPRESSORA_MULT;IN_EQUIP_SCANNER;IN_EQUIP_NENHUM;IN_EQUIP_DVD;QT_EQUIP_DVD;IN_EQUIP_SOM;QT_EQUIP_SOM;IN_EQUIP_TV;QT_EQUIP_TV;IN_EQUIP_LOUSA_DIGITAL;QT_EQUIP_LOUSA_DIGITAL;IN_EQUIP_MULTIMIDIA;QT_EQUIP_MULTIMIDIA;IN_EQUIP_VIDEOCASSETE;IN_EQUIP_RETROPROJETOR;IN_EQUIP_FAX;IN_EQUIP_FOTO;QT_EQUIP_VIDEOCASSETE;QT_EQUIP_PARABOLICA;QT_EQUIP_COPIADORA;QT_EQUIP_RETROPROJETOR;QT_EQUIP_IMPRESSORA;QT_EQUIP_IMPRESSORA_MULT;QT_EQUIP_FAX;QT_EQUIP_FOTO;QT_COMP_ALUNO;IN_DESKTOP_ALUNO;QT_DESKTOP_ALUNO;IN_COMP_PORTATIL_ALUNO;QT_COMP_PORTATIL_ALUNO;IN_TABLET_ALUNO;QT_TABLET_ALUNO;QT_COMPUTADOR;QT_COMP_ADMINISTRATIVO;IN_INTERNET;IN_INTERNET_ALUNOS;IN_INTERNET_ADMINISTRATIVO;IN_INTERNET_APRENDIZAGEM;IN_INTERNET_COMUNIDADE;IN_ACESSO_INTERNET_COMPUTADOR;IN_ACES_INTERNET_DISP_PESSOAIS;TP_REDE_LOCAL;IN_BANDA_LARGA;QT_FUNCIONARIOS;IN_PROF_ADMINISTRATIVOS;QT_PROF_ADMINISTRATIVOS;IN_PROF_SERVICOS_GERAIS;QT_PROF_SERVICOS_GERAIS;IN_PROF_BIBLIOTECARIO;QT_PROF_BIBLIOTECARIO;IN_PROF_SAUDE;QT_PROF_SAUDE;IN_PROF_COORDENADOR;QT_PROF_COORDENADOR;IN_PROF_FONAUDIOLOGO;QT_PROF_FONAUDIOLOGO;IN_PROF_NUTRICIONISTA;QT_PROF_NUTRICIONISTA;IN_PROF_PSICOLOGO;QT_PROF_PSICOLOGO;IN_PROF_ALIMENTACAO;QT_PROF_ALIMENTACAO;IN_PROF_PEDAGOGIA;QT_PROF_PEDAGOGIA;IN_PROF_SECRETARIO;QT_PROF_SECRETARIO;IN_PROF_SEGURANCA;QT_PROF_SEGURANCA;IN_PROF_MONITORES;QT_PROF_MONITORES;IN_PROF_GESTAO;QT_PROF_GESTAO;IN_PROF_ASSIST_SOCIAL;QT_PROF_ASSIST_SOCIAL;IN_ALIMENTACAO;IN_SERIE_ANO;IN_PERIODOS_SEMESTRAIS;IN_FUNDAMENTAL_CICLOS;IN_GRUPOS_NAO_SERIADOS;IN_MODULOS;IN_FORMACAO_ALTERNANCIA;IN_MATERIAL_PED_MULTIMIDIA;IN_MATERIAL_PED_INFANTIL;IN_MATERIAL_PED_CIENTIFICO;IN_MATERIAL_PED_DIFUSAO;IN_MATERIAL_PED_MUSICAL;IN_MATERIAL_PED_JOGOS;IN_MATERIAL_PED_ARTISTICAS;IN_MATERIAL_PED_DESPORTIVA;IN_MATERIAL_PED_INDIGENA;IN_MATERIAL_PED_ETNICO;IN_MATERIAL_PED_CAMPO;IN_MATERIAL_PED_NENHUM;IN_MATERIAL_ESP_QUILOMBOLA;IN_MATERIAL_ESP_INDIGENA;IN_MATERIAL_ESP_NAO_UTILIZA;IN_EDUCACAO_INDIGENA;TP_INDIGENA_LINGUA;CO_LINGUA_INDIGENA_1;CO_LINGUA_INDIGENA_2;CO_LINGUA_INDIGENA_3;IN_BRASIL_ALFABETIZADO;IN_FINAL_SEMANA;IN_EXAME_SELECAO;IN_RESERVA_PPI;IN_RESERVA_RENDA;IN_RESERVA_PUBLICA;IN_RESERVA_PCD;IN_RESERVA_OUTROS;IN_RESERVA_NENHUMA;IN_REDES_SOCIAIS;IN_ESPACO_ATIVIDADE;IN_ESPACO_EQUIPAMENTO;IN_ORGAO_ASS_PAIS;IN_ORGAO_ASS_PAIS_MESTRES;IN_ORGAO_CONSELHO_ESCOLAR;IN_ORGAO_GREMIO_ESTUDANTIL;IN_ORGAO_OUTROS;IN_ORGAO_NENHUM;TP_PROPOSTA_PEDAGOGICA;TP_AEE;TP_ATIVIDADE_COMPLEMENTAR;IN_MEDIACAO_PRESENCIAL;IN_MEDIACAO_SEMIPRESENCIAL;IN_MEDIACAO_EAD;IN_REGULAR;IN_DIURNO;IN_NOTURNO;IN_EAD;IN_BAS;IN_INF;IN_INF_CRE;IN_INF_PRE;IN_FUND;IN_FUND_AI;IN_FUND_AF;IN_MED;IN_PROF;IN_PROF_TEC;IN_EJA;IN_EJA_FUND;IN_EJA_MED;IN_ESP;IN_ESP_CC;IN_ESP_CE;QT_MAT_BAS;QT_MAT_INF;QT_MAT_INF_CRE;QT_MAT_INF_PRE;QT_MAT_FUND;QT_MAT_FUND_AI;QT_MAT_FUND_AF;QT_MAT_MED;QT_MAT_PROF;QT_MAT_PROF_TEC;QT_MAT_EJA;QT_MAT_EJA_FUND;QT_MAT_EJA_MED;QT_MAT_ESP;QT_MAT_ESP_CC;QT_MAT_ESP_CE;QT_MAT_BAS_FEM;QT_MAT_BAS_MASC;QT_MAT_BAS_ND;QT_MAT_BAS_BRANCA;QT_MAT_BAS_PRETA;QT_MAT_BAS_PARDA;QT_MAT_BAS_AMARELA;QT_MAT_BAS_INDIGENA;QT_MAT_BAS_0_3;QT_MAT_BAS_4_5;QT_MAT_BAS_6_10;QT_MAT_BAS_11_14;QT_MAT_BAS_15_17;QT_MAT_BAS_18_MAIS;QT_MAT_BAS_D;QT_MAT_BAS_N;QT_MAT_BAS_EAD;QT_MAT_INF_INT;QT_MAT_INF_CRE_INT;QT_MAT_INF_PRE_INT;QT_MAT_FUND_INT;QT_MAT_FUND_AI_INT;QT_MAT_FUND_AF_INT;QT_MAT_MED_INT;QT_DOC_BAS;QT_DOC_INF;QT_DOC_INF_CRE;QT_DOC_INF_PRE;QT_DOC_FUND;QT_DOC_FUND_AI;QT_DOC_FUND_AF;QT_DOC_MED;QT_DOC_PROF;QT_DOC_PROF_TEC;QT_DOC_EJA;QT_DOC_EJA_FUND;QT_DOC_EJA_MED;QT_DOC_ESP;QT_DOC_ESP_CC;QT_DOC_ESP_CE;QT_TUR_BAS;QT_TUR_INF;QT_TUR_INF_CRE;QT_TUR_INF_PRE;QT_TUR_FUND;QT_TUR_FUND_AI;QT_TUR_FUND_AF;QT_TUR_MED;QT_TUR_PROF;QT_TUR_PROF_TEC;QT_TUR_EJA;QT_TUR_EJA_FUND;QT_TUR_EJA_MED;QT_TUR_ESP;QT_TUR_ESP_CC;QT_TUR_ESP_CE
2021;Norte;1;Rondônia;RO;11;Ariquemes;1100023;Leste Rondoniense;1102;Ariquemes;11003;110002305;11049758;SENAC ARIQUEMES;4;1;1;0;RUA DOS INOCENTES;131;;SETOR GRANDES AREAS;76876674;69;35361290;1;1;06JAN2021:00:00:00;22DEC2021:00:00:00;0;0;0;0;0;0;0;0;0;0;0;1;0;3,58187E+12;3,58187E+12;1;2;0;0;1;2;0;0;0;0;0;0;0;0;0;0;0;0;1;1;0;0;0;0;1;0;0;0;0;0;0;1;0;1;0;1;0;0;0;0;0;0;0;0;0;0;1;1;0;0;0;0;1;0;1;1;1;0;0;0;0;0;0;0;0;1;1;0;0;0;0;0;0;0;0;0;0;0;1;0;0;0;1;0;0;0;0;0;0;0;0;1;1;0;0;0;0;0;0;5;0;5;5;0;0;1;0;0;1;0;0;0;0;0;0;1;5;0;0;1;5;0;0;0;0;0;0;0;0;0;0;0;0;0;1;37;1;21;1;11;0;0;1;1;1;1;1;1;1;3;1;0;1;1;1;1;0;0;0;0;0;0;0;0;0;0;0;0;0;0;0;0;0;0;0;0;1;1;0;0;0;0;0;0;0;0;0;1;0;1;0;1;1;0;1;0;0;0;0;0;0;0;0;0;0;0;0;0;0;0;0;0;0;0;0;0;0;0;1;1;1;0;0;1;0;0;0;1;0;0;1;0;0;0;1;1;0;1;0;0;0;0;0;0;0;1;1;0;0;0;0;0;0;108;0;0;0;0;0;0;0;108;108;0;0;0;0;0;0;101;7;25;24;11;46;0;2;0;0;0;0;0;108;19;89;0;0;0;0;0;0;0;0;10;0;0;0;0;0;0;0;10;10;0;0;0;0;0;0;5;0;0;0;0;0;0;0;5;5;0;0;0;0;0;0
2021;Norte;1;Rondônia;RO;11;Cacoal;1100049;Leste Rondoniense;1102;Cacoal;11006;110004905;11106832;SENAC-CACOAL-RO;4;1;1;0;AVENIDA DOIS DE JUNHO;2563;;CENTRO;76963787;69;34414927;1;2;11JAN2021:00:00:00;17DEC2021:00:00:00;0;0;0;0;0;0;0;0;0;0;0;1;0;3,58187E+12;3,58187E+12;1;2;0;0;1;1;0;0;0;0;0;0;0;0;0;0;0;0;1;1;0;0;0;0;1;0;0;0;0;0;0;1;0;1;0;1;0;0;0;0;0;0;0;0;0;0;1;1;0;0;0;0;1;0;1;0;0;0;1;1;1;0;0;0;0;1;0;0;0;0;0;0;0;0;0;0;0;0;1;1;1;0;1;0;0;0;0;0;0;0;1;0;1;0;0;0;0;0;0;17;0;17;17;0;1;1;0;1;1;0;0;1;5;1;1;1;10;0;0;1;1;0;0;0;0;0;0;0;0;0;0;0;0;0;1;65;0;0;1;10;0;0;1;1;1;1;0;1;1;3;1;0;1;2;1;2;0;0;0;0;0;0;0;0;0;0;0;0;0;0;1;1;0;0;0;0;0;0;0;0;0;0;0;0;0;0;1;0;0;1;0;1;1;0;1;0;0;0;0;0;0;0;0;0;0;0;0;0;0;0;0;0;0;0;0;0;0;0;1;0;0;0;0;0;0;0;1;0;0;0;1;0;0;0;1;1;0;1;0;0;0;0;0;0;0;1;1;0;0;0;0;0;0;105;0;0;0;0;0;0;0;105;105;0;0;0;0;0;0;84;21;2;24;4;71;0;4;0;0;0;0;0;105;22;83;0;0;0;0;0;0;0;0;10;0;0;0;0;0;0;0;10;10;0;0;0;0;0;0;7;0;0;0;0;0;0;0;7;7;0;0;0;0;0;0
2021;Norte;1;Rondônia;RO;11;Jaru;1100114;Leste Rondoniense;1102;Ji-Paraná;11004;110011405;11050047;SERVICO NACIONAL DE APRENDIZAGEM COMERCIAL - SENAC JARU;4;1;1;0;RUA FLORIANOPOLIS;3045;ENFRENTE CAIXA ECO;SETOR 2;76890000;69;35213730;1;6;06JAN2021:00:00:00;22DEC2021:00:00:00;0;0;0;0;0;0;0;0;0;0;0;1;0;3,58187E+12;3,58187E+12;1;2;0;0;1;1;0;0;0;0;0;0;0;0;0;0;0;0;1;1;0;0;0;0;1;0;0;0;0;0;0;1;0;1;0;1;0;0;0;0;0;0;0;0;0;0;1;0;0;0;0;0;1;0;1;0;0;0;0;0;0;0;0;0;0;1;1;0;0;0;0;0;0;0;0;0;0;0;0;0;1;0;1;0;0;0;0;0;0;1;1;1;1;1;0;0;0;0;0;9;0;9;9;0;0;1;0;0;1;0;0;0;0;0;0;1;9;0;0;0;0;0;0;0;0;0;0;0;0;0;0;0;0;0;1;88888;0;0;1;7;0;0;1;1;1;0;0;1;1;3;1;0;1;2;1;2;0;0;0;0;0;0;0;0;0;0;0;0;0;0;0;0;0;0;0;0;1;1;0;0;0;0;0;0;0;0;0;1;0;1;0;0;0;0;0;0;0;0;0;0;0;0;0;0;0;0;0;0;0;0;0;0;0;0;0;0;0;0;1;1;1;0;0;0;0;0;1;9;0;0;1;0;0;0;1;1;0;1;0;0;0;0;0;0;0;1;1;0;0;0;0;0;0;19;0;0;0;0;0;0;0;19;19;0;0;0;0;0;0;17;2;9;5;0;5;0;0;0;0;0;0;1;18;15;4;0;0;0;0;0;0;0;0;3;0;0;0;0;0;0;0;3;3;0;0;0;0;0;0;3;0;0;0;0;0;0;0;3;3;0;0;0;0;0;0
2021;Norte;1;Rondônia;RO;11;Ji-Paraná;1100122;Leste Rondoniense;1102;Ji-Paraná;11004;110012205;11110813;SERVICO NACIONAL DE APRENDIZAGEM COMERCIAL - SENAC JI-PARANA;4;1;1;0;AVENIDA DOIS DE ABRIL;2004;;DOIS DE ABRIL;76900808;69;34210659;1;7;06JAN2021:00:00:00;22DEC2021:00:00:00;0;0;0;0;0;0;0;0;0;0;0;1;0;3,58187E+12;3,58187E+12;1;2;0;0;1;1;0;0;0;0;0;0;0;0;0;0;0;0;1;1;0;0;0;0;1;0;0;0;0;0;0;1;0;1;0;1;0;0;0;0;0;0;0;0;0;0;1;1;0;1;0;0;1;0;1;0;1;0;1;1;0;0;0;0;0;1;1;1;0;0;0;0;0;0;0;0;0;0;1;0;0;0;0;0;0;0;0;0;0;1;0;0;1;1;0;0;0;0;0;8;0;8;8;6;0;1;0;1;1;0;0;1;1;1;1;1;8;0;0;1;2;0;0;0;0;0;0;0;0;0;0;0;0;0;1;30;0;0;1;11;0;0;1;1;1;1;0;1;1;3;1;0;1;3;1;3;0;0;0;0;0;0;0;0;0;0;0;0;0;0;0;0;0;0;0;0;0;0;0;0;0;0;0;0;0;0;0;1;0;1;0;1;1;0;1;0;0;0;0;0;0;0;0;0;0;0;0;0;0;0;0;0;0;0;0;0;0;0;1;1;1;0;0;0;0;0;1;1;0;0;1;0;0;0;1;1;0;1;0;0;0;0;0;0;0;1;1;0;0;0;0;0;0;25;0;0;0;0;0;0;0;25;25;0;0;0;0;0;0;23;2;0;3;4;18;0;0;0;0;0;0;1;24;9;16;0;0;0;0;0;0;0;0;6;0;0;0;0;0;0;0;6;6;0;0;0;0;0;0;2;0;0;0;0;0;0;0;2;2;0;0;0;0;0;0
2021;Norte;1;Rondônia;RO;11;Pimenta Bueno;1100189;Leste Rondoniense;1102;Vilhena;11007;110018905;11049731;CENTRO DE EDUCACAO PROFISSIONAL SENAC PIMENTA BUENO;4;1;1;0;RUA RAPOSO TAVARES;698;PROXIMO ATACAREJO;CTG;76970000;69;34516235;1;10;11JAN2021:00:00:00;17DEC2021:00:00:00;0;0;0;0;0;0;0;0;0;0;0;1;0;3,58187E+12;3,58187E+12;1;2;0;0;1;3;0;0;0;0;0;0;0;0;0;0;0;0;1;1;0;0;0;0;1;0;0;0;0;0;0;1;0;1;0;1;0;0;0;0;0;0;0;0;0;0;1;1;1;0;0;0;1;0;1;1;1;0;1;1;0;1;0;0;0;1;0;1;0;0;0;0;0;0;0;0;0;0;1;1;0;0;0;0;0;0;0;0;0;0;0;0;0;1;0;0;1;0;0;8;0;8;8;0;0;1;1;1;1;1;0;0;0;1;1;1;8;0;0;1;3;0;0;0;0;0;0;0;0;0;0;0;0;0;1;88888;0;0;1;6;0;0;1;1;1;1;0;1;0;3;1;0;1;1;1;2;0;0;0;0;1;1;0;0;0;0;0;0;0;0;0;0;0;0;0;0;0;0;0;0;0;0;0;0;0;0;0;1;0;1;0;1;1;0;1;0;0;0;1;0;0;0;0;0;0;0;0;0;0;0;0;0;0;0;0;0;0;0;1;0;0;0;0;0;0;0;1;1;0;0;1;0;0;0;1;1;0;1;0;0;0;0;0;0;0;1;1;0;0;0;1;1;0;25;0;0;0;0;0;0;0;25;25;0;0;0;1;1;0;19;6;7;10;1;6;0;1;0;0;0;0;0;25;9;16;0;0;0;0;0;0;0;0;5;0;0;0;0;0;0;0;5;5;0;0;0;3;3;0;3;0;0;0;0;0;0;0;3;3;0;0;0;1;1;0
2021;Norte;1;Rondônia;RO;11;Porto Velho;1100205;Madeira-Guaporé;1101;Porto Velho;11001;110020505;11047941;CENTRO DE EDUCACAO PROFISSIONAL SENAC ESPLANADA;4;1;1;0;RUA TABAJARA;539;AO LADO DO TJ;PANAIR;76801348;69;21816900;1;9;06JAN2021:00:00:00;22DEC2021:00:00:00;0;0;0;0;0;0;0;0;0;0;0;1;0;3,58187E+12;3,58187E+12;1;2;0;0;1;1;0;0;0;0;0;0;0;0;0;0;0;0;1;1;0;0;0;0;1;0;0;0;0;0;0;1;0;1;0;1;0;0;0;0;0;0;0;1;0;1;0;0;1;1;0;0;1;0;1;1;1;0;1;1;1;1;0;0;0;1;1;0;0;0;0;0;0;0;0;0;0;1;1;0;1;0;1;1;0;0;0;0;0;1;0;1;1;1;0;1;1;0;0;21;0;21;21;21;0;1;0;1;1;0;0;0;0;0;0;1;21;0;0;1;2;0;0;0;0;0;0;0;0;0;0;0;0;0;1;88888;0;0;0;0;0;0;1;1;1;1;0;1;0;1;1;0;1;3;1;88888;0;0;0;0;0;0;0;0;0;0;0;0;0;0;1;3;0;0;0;0;0;0;1;1;0;0;0;0;0;0;0;1;0;1;0;1;1;0;0;0;0;0;0;0;0;0;0;0;0;0;0;0;0;0;0;0;0;0;0;0;0;0;1;0;0;0;0;0;0;0;1;0;0;0;1;0;0;0;0;1;0;1;0;0;0;0;0;0;0;1;1;0;0;0;0;0;0;36;0;0;0;0;0;0;0;36;36;0;0;0;0;0;0;25;11;18;3;2;13;0;0;0;0;0;0;0;36;0;36;0;0;0;0;0;0;0;0;6;0;0;0;0;0;0;0;6;6;0;0;0;0;0;0;3;0;0;0;0;0;0;0;3;3;0;0;0;0;0;0
2021;Norte;1;Rondônia;RO;11;Porto Velho;1100205;Madeira-Guaporé;1101;Porto Velho;11001;110020505;11049251;CEP SENAC JATUARANA - PORTO VELHO;4;0;1;0;AVENIDA JATUARANA;4046;;CONCEICAO;76808426;69;32273186;3;9;0;0;0;0;0;0;0;0;0;0;0;0;0;0;0;;;0;0;0;0;0;0;0;0;0;0;0;0;0;0;0;0;0;0;0;0;0;0;0;0;0;0;0;0;0;0;0;0;0;0;0;0;0;0;0;0;0;0;0;0;0;0;0;0;0;0;0;0;0;0;0;0;0;0;0;0;0;0;0;0;0;0;0;0;0;0;0;0;0;0;0;0;0;0;0;0;0;0;0;0;0;0;0;0;0;0;0;0;0;0;0;0;0;0;0;0;0;0;0;0;0;0;0;0;0;0;0;0;0;0;0;0;0;0;0;0;0;0;0;0;0;0;0;0;0;0;0;0;0;0;0;0;0;0;0;0;0;0;0;0;0;0;0;0;0;0;0;0;0;0;0;0;0;0;0;0;0;0;0;0;0;0;0;0;0;0;0;0;0;0;0;0;0;0;0;0;0;0;0;0;0;0;0;0;0;0;0;0;0;0;0;0;0;0;0;0;0;0;0;0;0;0;0;0;0;0;0;0;0;0;0;0;0;0;0;0;0;0;0;0;0;0;0;0;0;0;0;0;0;0;0;0;0;0;0;0;0;0;0;0;0;0;0;0;0;0;0;0;0;0;0;0;0;0;0;0;0;0;0;0;0;0;0;0;0;0;0;0;0;0;0;0;0;0;0;0;0;0;0;0;0;0;0;0;0;0;0;0;0;0;0;0;0;0;0;0;0;0;0;0;0;0;0;0;0;0;0;0;0;0;0;0;0;0;0;0;0;0;0;0;0
2021;Norte;1;Rondônia;RO;11;Porto Velho;1100205;Madeira-Guaporé;1101;Porto Velho;11001;110020505;11049260;CEP SENAC - ZONA LESTE - PORTO VELHO;4;0;1;0;RUA ALEXANDRE GUIMARAES;7669;;TANCREDO NEVES;76829613;69;32263486;3;9;0;0;0;0;0;0;0;0;0;0;0;0;0;0;0;;;0;0;0;0;0;0;0;0;0;0;0;0;0;0;0;0;0;0;0;0;0;0;0;0;0;0;0;0;0;0;0;0;0;0;0;0;0;0;0;0;0;0;0;0;0;0;0;0;0;0;0;0;0;0;0;0;0;0;0;0;0;0;0;0;0;0;0;0;0;0;0;0;0;0;0;0;0;0;0;0;0;0;0;0;0;0;0;0;0;0;0;0;0;0;0;0;0;0;0;0;0;0;0;0;0;0;0;0;0;0;0;0;0;0;0;0;0;0;0;0;0;0;0;0;0;0;0;0;0;0;0;0;0;0;0;0;0;0;0;0;0;0;0;0;0;0;0;0;0;0;0;0;0;0;0;0;0;0;0;0;0;0;0;0;0;0;0;0;0;0;0;0;0;0;0;0;0;0;0;0;0;0;0;0;0;0;0;0;0;0;0;0;0;0;0;0;0;0;0;0;0;0;0;0;0;0;0;0;0;0;0;0;0;0;0;0;0;0;0;0;0;0;0;0;0;0;0;0;0;0;0;0;0;0;0;0;0;0;0;0;0;0;0;0;0;0;0;0;0;0;0;0;0;0;0;0;0;0;0;0;0;0;0;0;0;0;0;0;0;0;0;0;0;0;0;0;0;0;0;0;0;0;0;0;0;0;0;0;0;0;0;0;0;0;0;0;0;0;0;0;0;0;0;0;0;0;0;0;0;0;0;0;0;0;0;0;0;0;0;0;0;0;0;0;0
2021;Norte;1;Rondônia;RO;11;Porto Velho;1100205;Madeira-Guaporé;1101;Porto Velho;11001;110020505;11049766;SENAC PORTO VELHO - CENTRO;4;0;1;0;RUA GENERAL OSORIO;91;;CENTRO;76801086;69;21816900;3;9;0;0;0;0;0;0;0;0;0;0;0;0;0;0;0;;;0;0;0;0;0;0;0;0;0;0;0;0;0;0;0;0;0;0;0;0;0;0;0;0;0;0;0;0;0;0;0;0;0;0;0;0;0;0;0;0;0;0;0;0;0;0;0;0;0;0;0;0;0;0;0;0;0;0;0;0;0;0;0;0;0;0;0;0;0;0;0;0;0;0;0;0;0;0;0;0;0;0;0;0;0;0;0;0;0;0;0;0;0;0;0;0;0;0;0;0;0;0;0;0;0;0;0;0;0;0;0;0;0;0;0;0;0;0;0;0;0;0;0;0;0;0;0;0;0;0;0;0;0;0;0;0;0;0;0;0;0;0;0;0;0;0;0;0;0;0;0;0;0;0;0;0;0;0;0;0;0;0;0;0;0;0;0;0;0;0;0;0;0;0;0;0;0;0;0;0;0;0;0;0;0;0;0;0;0;0;0;0;0;0;0;0;0;0;0;0;0;0;0;0;0;0;0;0;0;0;0;0;0;0;0;0;0;0;0;0;0;0;0;0;0;0;0;0;0;0;0;0;0;0;0;0;0;0;0;0;0;0;0;0;0;0;0;0;0;0;0;0;0;0;0;0;0;0;0;0;0;0;0;0;0;0;0;0;0;0;0;0;0;0;0;0;0;0;0;0;0;0;0;0;0;0;0;0;0;0;0;0;0;0;0;0;0;0;0;0;0;0;0;0;0;0;0;0;0;0;0;0;0;0;0;0;0;0;0;0;0;0;0;0;0
2021;Norte;1;Rondônia;RO;11;Vilhena;1100304;Leste Rondoniense;1102;Vilhena;11007;110030405;11110821;SENAC VILHENA;4;1;1;0;AVENIDA AVENIDA SABINO BEZERRA DE QUEIROZ;3661;;JARDIM AMERICA;76980794;69;33221060;1;13;11JAN2021:00:00:00;17DEC2021:00:00:00;0;0;0;0;0;0;0;0;0;0;0;1;0;3,58187E+12;3,58187E+12;1;2;0;0;1;1;0;0;0;0;0;0;0;0;0;0;0;0;1;1;0;1;0;0;1;0;0;0;0;0;0;1;0;1;0;1;0;0;0;0;0;0;0;1;0;0;0;1;1;0;0;0;1;0;1;0;1;0;1;1;1;1;0;0;0;1;1;1;0;0;0;0;0;0;0;0;0;0;1;0;1;0;1;0;0;0;0;0;0;1;0;0;1;1;0;0;1;0;0;10;0;10;10;10;1;1;1;1;1;0;0;1;1;1;2;1;10;0;0;1;1;0;0;0;0;0;0;0;0;0;0;0;0;0;1;54;0;0;0;0;0;0;1;1;1;1;0;1;1;3;1;0;1;2;1;5;0;0;0;0;0;0;0;0;0;0;0;0;0;0;1;1;1;1;0;0;0;0;1;1;0;0;0;0;0;0;0;1;0;1;0;1;1;0;0;0;0;0;0;0;0;0;0;0;0;0;0;0;0;0;0;0;0;0;0;0;0;0;1;0;0;0;0;0;0;0;1;1;0;0;1;0;0;0;0;1;0;1;0;0;0;0;0;0;0;1;1;0;0;0;0;0;0;43;0;0;0;0;0;0;0;43;43;0;0;0;0;0;0;38;5;7;15;0;21;0;0;0;0;0;0;0;43;0;43;0;0;0;0;0;0;0;0;6;0;0;0;0;0;0;0;6;6;0;0;0;0;0;0;3;0;0;0;0;0;0;0;3;3;0;0;0;0;0;0
2021;Norte;1;Amazonas;AM;13;Manaus;1302603;Centro Amazonense;1303;Manaus;13007;130260305;13101510;CENTRO DE FORMACAO PROFISSIONAL FERNANDO ALFREDO PEQUENO FRANCO - SENAC;4;1;1;0;RUA SALDANHA MARINHO;410;;CENTRO;69010040;92;32157181;1;1;09MAR2021:00:00:00;17DEC2021:00:00:00;0;0;0;0;0;0;0;0;0;0;0;1;0;3,96545E+12;3,96545E+12;1;2;0;0;1;1;0;0;0;0;0;0;0;0;0;1;0;0;1;1;1;0;0;0;1;0;0;0;0;0;1;0;0;0;0;1;0;0;0;0;0;0;0;1;0;0;0;1;1;1;0;0;1;0;1;0;1;0;1;1;1;0;0;0;1;1;1;1;0;0;0;0;0;0;0;0;0;0;1;1;1;0;1;0;0;0;0;0;0;1;1;0;0;0;0;0;0;0;0;16;1;17;16;16;0;1;1;1;0;0;0;1;1;0;0;1;1;0;0;1;1;0;0;0;0;0;0;0;0;0;0;0;0;0;1;20;1;2;1;1;0;0;1;0;1;0;0;0;0;9;1;0;1;88888;1;3;1;1;1;2;1;1;0;0;0;0;0;0;0;0;1;2;1;1;1;88888;1;1;1;1;0;0;0;0;0;0;0;1;0;1;0;0;0;0;0;0;0;0;0;0;0;0;0;0;0;0;0;0;0;0;0;0;0;0;0;0;0;0;1;1;1;0;0;0;0;1;0;1;0;0;1;0;0;0;1;0;0;1;0;0;0;0;0;0;0;1;1;0;0;0;0;0;0;21;0;0;0;0;0;0;0;21;21;0;0;0;0;0;0;21;0;2;2;0;16;0;1;0;0;0;0;0;21;21;0;0;0;0;0;0;0;0;0;2;0;0;0;0;0;0;0;2;2;0;0;0;0;0;0;2;0;0;0;0;0;0;0;2;2;0;0;0;0;0;0
2021;Norte;1;Roraima;RR;14;Boa Vista;1400100;Norte de Roraima;1401;Boa Vista;14001;140010005;14325063;SERVICO NACIONAL DE APRENDIZAGEM COMERCIAL - SENAC;4;1;1;0;AVENIDA MAJOR WILLIAMS;2084;;SAO FRANCISCO;69301110;95;21211902;1;;02FEB2021:00:00:00;22DEC2021:00:00:00;0;0;0;0;0;0;0;0;0;0;1;1;0;3,64798E+12;3,64798E+12;1;1;0;0;1;1;0;0;0;0;0;0;0;0;0;0;0;0;1;1;1;0;0;0;1;0;1;0;0;0;1;0;0;0;0;1;0;0;0;0;0;0;0;0;0;0;1;1;1;1;0;0;1;0;1;1;1;0;1;1;1;0;0;0;1;1;0;0;0;0;0;0;0;0;0;0;0;0;1;1;1;0;1;0;0;0;0;0;0;1;0;0;1;1;0;0;0;0;0;20;0;20;20;0;1;1;0;1;1;1;0;0;0;1;3;1;20;1;10;1;20;0;0;0;0;0;0;0;0;0;0;0;0;0;1;100;0;0;0;0;0;0;1;1;1;1;0;1;0;1;1;0;1;4;1;5;1;3;1;88888;1;4;0;0;0;0;0;0;0;0;1;4;1;1;0;0;0;0;0;0;0;0;0;0;1;0;0;1;0;1;0;0;1;0;1;0;0;0;0;0;0;0;0;0;0;0;0;0;0;0;0;0;0;0;0;0;0;0;1;0;1;0;0;0;0;0;1;1;0;0;1;0;0;0;1;0;0;1;0;0;0;0;0;0;0;1;1;0;0;0;1;1;0;76;0;0;0;0;0;0;0;76;76;0;0;0;1;1;0;59;17;18;6;1;48;1;2;0;0;0;0;1;75;76;0;0;0;0;0;0;0;0;0;3;0;0;0;0;0;0;0;3;3;0;0;0;1;1;0;3;0;0;0;0;0;0;0;3;3;0;0;0;1;1;0
2021;Norte;1;Pará;PA;15;Belém;1501402;Metropolitana de Belém;1503;Belém;15007;150140205;15174964;CENTRO DE EDUCACAO PROFISSIONAL PROFESSOR RAYMUNDO ALBERTO PAPALEO PAES - SENAC;4;1;1;0;RUA ARISTIDES LOBO;1058;;REDUTO;66053020;91;40096301;1;1902;04JAN2021:00:00:00;17DEC2021:00:00:00;0;0;0;0;0;0;0;0;0;0;0;1;0;3,64696E+12;3,64696E+12;1;1;0;0;1;1;0;0;0;0;0;0;0;0;0;0;0;0;1;1;0;0;0;0;1;0;0;0;0;0;1;0;0;0;0;1;0;0;0;0;0;0;0;1;0;0;0;1;0;1;0;0;1;0;1;1;1;0;1;1;1;1;0;0;0;1;0;0;0;0;0;0;0;0;0;0;0;0;1;0;1;0;1;0;0;0;0;0;0;0;1;0;0;1;0;0;0;0;0;22;0;22;22;22;0;1;0;1;1;1;0;0;0;1;2;1;2;1;4;1;19;0;0;0;0;0;0;0;0;0;0;0;0;0;1;88888;1;88888;1;13;0;0;1;1;1;1;0;1;1;3;1;0;1;88888;1;5;1;1;1;1;0;0;0;0;0;0;0;0;0;0;1;3;1;1;1;88888;1;1;1;1;0;0;0;0;1;0;0;0;0;0;0;0;1;0;0;0;0;0;0;0;0;0;0;0;0;0;0;0;0;0;0;0;0;0;0;0;0;0;1;0;0;0;0;0;0;1;0;1;0;0;1;0;0;0;0;1;0;1;0;0;0;0;0;0;0;1;1;0;0;0;0;0;0;15;0;0;0;0;0;0;0;15;15;0;0;0;0;0;0;2;13;1;3;1;10;0;0;0;0;0;0;1;14;0;15;0;0;0;0;0;0;0;0;1;0;0;0;0;0;0;0;1;1;0;0;0;0;0;0;1;0;0;0;0;0;0;0;1;1;0;0;0;0;0;0
2021;Norte;1;Amapá;AP;16;Macapá;1600303;Sul do Amapá;1602;Macapá;16003;160030305;16003586;SERVICO NACIONAL DE APRENDIZAGEM COMERCIAL - SENAC DRAP;4;1;1;0;AVENIDA HENRIQUE GALUCIO;1999;;SANTA RITA;68901255;96;32144101;1;;04JAN2021:00:00:00;22DEC2021:00:00:00;0;0;0;0;0;0;1;0;0;0;0;1;1;3,59298E+12;3,59298E+12;1;2;0;0;1;1;0;0;0;0;0;0;0;0;0;1;0;0;1;1;1;1;0;0;1;0;1;0;0;0;1;0;0;0;0;1;1;0;0;0;0;0;0;1;0;0;0;1;1;1;0;0;1;0;1;1;1;0;1;1;1;1;0;0;0;1;0;0;0;0;1;1;0;0;1;0;0;0;1;1;1;0;1;0;0;0;0;0;0;0;0;1;0;1;0;0;0;0;0;33;0;33;33;10;0;1;1;1;1;1;0;1;2;1;2;1;20;0;0;1;20;0;0;0;0;0;0;0;0;0;0;0;0;0;1;100;1;10;0;0;0;0;1;1;1;1;0;1;0;3;1;0;1;88888;1;88888;1;1;0;0;1;5;0;0;0;0;0;0;0;0;1;3;0;0;1;88888;1;1;1;3;0;0;0;0;1;0;0;0;0;1;0;0;1;0;0;0;1;0;0;0;0;0;0;0;0;0;0;0;0;0;0;1;0;1;0;1;1;0;1;1;1;0;0;0;0;0;1;1;0;0;1;0;0;0;1;1;0;1;0;0;0;0;0;0;0;1;1;0;0;0;0;0;0;75;0;0;0;0;0;0;0;75;75;0;0;0;0;0;0;54;21;26;9;1;39;0;0;0;0;0;0;0;75;22;53;0;0;0;0;0;0;0;0;4;0;0;0;0;0;0;0;4;4;0;0;0;0;0;0;3;0;0;0;0;0;0;0;3;3;0;0;0;0;0;0
2021;Norte;1;Tocantins;TO;17;Palmas;1721000;Oriental do Tocantins;1702;Porto Nacional;17006;172100005;17054320;SERVICO NACIONAL DE APRENDIZAGEM COMERCIAL - SENAC AR-TO;4;1;1;0;QUADRA 201 NORTE AVENIDA LO 4;3 E 4;;PLANO DIRETOR NORTE;77001132;63;32191642;1;0;18JAN2021:00:00:00;17DEC2021:00:00:00;0;0;0;0;0;0;0;0;0;0;0;1;0;3,71193E+12;3,71193E+12;1;2;0;0;1;1;0;0;0;0;0;0;0;0;0;0;0;0;1;1;1;0;0;0;1;0;0;0;0;0;1;0;0;0;0;1;0;0;0;0;0;0;0;0;0;0;1;1;1;1;0;0;1;0;1;1;1;0;0;1;1;0;0;0;1;1;0;1;0;0;0;0;0;0;0;0;0;0;1;1;1;0;1;0;0;0;0;0;0;1;0;0;1;1;0;0;0;0;0;19;0;19;19;19;0;1;1;0;1;1;0;0;0;0;0;1;1;0;0;1;88888;0;0;0;0;0;0;0;0;0;0;0;0;0;1;65;0;0;0;0;0;0;1;0;1;1;0;0;0;3;1;0;1;8;1;9;1;1;0;0;0;0;0;0;0;0;0;0;0;0;0;0;0;0;0;0;0;0;0;0;0;0;0;0;0;0;1;0;0;0;0;0;0;0;1;0;0;0;0;0;0;0;0;0;0;0;0;0;0;0;0;0;0;0;0;0;0;0;1;0;0;0;0;1;0;0;0;0;0;0;1;0;0;0;1;1;0;1;0;0;0;0;0;0;0;1;1;0;0;0;1;1;0;84;0;0;0;0;0;0;0;84;64;0;0;0;1;1;0;64;20;0;9;8;67;0;0;0;0;0;1;18;65;24;60;0;0;0;0;0;0;0;0;7;0;0;0;0;0;0;0;7;3;0;0;0;1;1;0;9;0;0;0;0;0;0;0;9;3;0;0;0;1;1;0
2021;Nordeste;2;Maranhão;MA;21;Caxias;2103000;Leste Maranhense;2104;Caxias;21017;210300005;21279179;SERVICO NACIONAL DE APRENDIZAGEM COMERCIAL- SENAC;4;0;1;0;AVENIDA LUIS SALES;151;;PONTE;65609330;99;34216900;2;9;0;0;0;0;0;0;0;0;0;0;0;0;0;0;0;;;0;0;0;0;0;0;0;0;0;0;0;0;0;0;0;0;0;0;0;0;0;0;0;0;0;0;0;0;0;0;0;0;0;0;0;0;0;0;0;0;0;0;0;0;0;0;0;0;0;0;0;0;0;0;0;0;0;0;0;0;0;0;0;0;0;0;0;0;0;0;0;0;0;0;0;0;0;0;0;0;0;0;0;0;0;0;0;0;0;0;0;0;0;0;0;0;0;0;0;0;0;0;0;0;0;0;0;0;0;0;0;0;0;0;0;0;0;0;0;0;0;0;0;0;0;0;0;0;0;0;0;0;0;0;0;0;0;0;0;0;0;0;0;0;0;0;0;0;0;0;0;0;0;0;0;0;0;0;0;0;0;0;0;0;0;0;0;0;0;0;0;0;0;0;0;0;0;0;0;0;0;0;0;0;0;0;0;0;0;0;0;0;0;0;0;0;0;0;0;0;0;0;0;0;0;0;0;0;0;0;0;0;0;0;0;0;0;0;0;0;0;0;0;0;0;0;0;0;0;0;0;0;0;0;0;0;0;0;0;0;0;0;0;0;0;0;0;0;0;0;0;0;0;0;0;0;0;0;0;0;0;0;0;0;0;0;0;0;0;0;0;0;0;0;0;0;0;0;0;0;0;0;0;0;0;0;0;0;0;0;0;0;0;0;0;0;0;0;0;0;0;0;0;0;0;0;0;0;0;0;0;0;0;0;0;0;0;0;0;0;0;0;0;0;0
2021;Nordeste;2;Maranhão;MA;21;Imperatriz;2105302;Oeste Maranhense;2102;Imperatriz;21009;210530205;21279187;SERVICO NACIONAL DE APRENDIZAGEM COMERCIAL - SENAC;4;0;1;0;RUA RUI BARBOSA;203;;CENTRO;65901490;99;35244483;2;6;0;0;0;0;0;0;0;0;0;0;0;0;0;0;0;;;0;0;0;0;0;0;0;0;0;0;0;0;0;0;0;0;0;0;0;0;0;0;0;0;0;0;0;0;0;0;0;0;0;0;0;0;0;0;0;0;0;0;0;0;0;0;0;0;0;0;0;0;0;0;0;0;0;0;0;0;0;0;0;0;0;0;0;0;0;0;0;0;0;0;0;0;0;0;0;0;0;0;0;0;0;0;0;0;0;0;0;0;0;0;0;0;0;0;0;0;0;0;0;0;0;0;0;0;0;0;0;0;0;0;0;0;0;0;0;0;0;0;0;0;0;0;0;0;0;0;0;0;0;0;0;0;0;0;0;0;0;0;0;0;0;0;0;0;0;0;0;0;0;0;0;0;0;0;0;0;0;0;0;0;0;0;0;0;0;0;0;0;0;0;0;0;0;0;0;0;0;0;0;0;0;0;0;0;0;0;0;0;0;0;0;0;0;0;0;0;0;0;0;0;0;0;0;0;0;0;0;0;0;0;0;0;0;0;0;0;0;0;0;0;0;0;0;0;0;0;0;0;0;0;0;0;0;0;0;0;0;0;0;0;0;0;0;0;0;0;0;0;0;0;0;0;0;0;0;0;0;0;0;0;0;0;0;0;0;0;0;0;0;0;0;0;0;0;0;0;0;0;0;0;0;0;0;0;0;0;0;0;0;0;0;0;0;0;0;0;0;0;0;0;0;0;0;0;0;0;0;0;0;0;0;0;0;0;0;0;0;0;0;0;0
2021;Nordeste;2;Maranhão;MA;21;Pinheiro;2108603;Norte Maranhense;2101;Baixada Maranhense;21005;210860305;21288640;SERVICO NACIONAL DE APRENDIZAGEM COMERCIAL SENAC;4;0;1;0;RUA EDVALDO MORAES TRAVESSA JOAO MARIANO;;;ANTIGO AEROPORTO;65200000;98;33814271;2;8;0;0;0;0;0;0;0;0;0;0;0;0;0;0;0;;;0;0;0;0;0;0;0;0;0;0;0;0;0;0;0;0;0;0;0;0;0;0;0;0;0;0;0;0;0;0;0;0;0;0;0;0;0;0;0;0;0;0;0;0;0;0;0;0;0;0;0;0;0;0;0;0;0;0;0;0;0;0;0;0;0;0;0;0;0;0;0;0;0;0;0;0;0;0;0;0;0;0;0;0;0;0;0;0;0;0;0;0;0;0;0;0;0;0;0;0;0;0;0;0;0;0;0;0;0;0;0;0;0;0;0;0;0;0;0;0;0;0;0;0;0;0;0;0;0;0;0;0;0;0;0;0;0;0;0;0;0;0;0;0;0;0;0;0;0;0;0;0;0;0;0;0;0;0;0;0;0;0;0;0;0;0;0;0;0;0;0;0;0;0;0;0;0;0;0;0;0;0;0;0;0;0;0;0;0;0;0;0;0;0;0;0;0;0;0;0;0;0;0;0;0;0;0;0;0;0;0;0;0;0;0;0;0;0;0;0;0;0;0;0;0;0;0;0;0;0;0;0;0;0;0;0;0;0;0;0;0;0;0;0;0;0;0;0;0;0;0;0;0;0;0;0;0;0;0;0;0;0;0;0;0;0;0;0;0;0;0;0;0;0;0;0;0;0;0;0;0;0;0;0;0;0;0;0;0;0;0;0;0;0;0;0;0;0;0;0;0;0;0;0;0;0;0;0;0;0;0;0;0;0;0;0;0;0;0;0;0;0;0;0;0
2021;Nordeste;2;Ceará;CE;23;Crato;2304202;Sul Cearense;2307;Cariri;23032;230420205;23271906;CENTRO DE EDUCACAO PROFISSIONAL DE CRATO - SENAC;4;1;1;0;PRACA DA SE;596;;CENTRO;63100440;88;35868750;1;18;02JAN2021:00:00:00;20DEC2021:00:00:00;0;0;0;0;0;0;0;0;0;0;0;1;0;3,64834E+12;3,64834E+12;1;1;0;0;1;1;0;0;0;0;0;0;0;0;0;0;0;0;1;1;0;1;0;0;1;0;0;0;0;0;1;0;0;0;0;1;0;0;0;0;0;0;0;1;0;0;0;1;0;1;0;0;1;0;1;0;1;0;1;1;1;1;0;0;1;1;0;1;0;0;0;0;0;0;0;0;0;0;1;0;1;0;1;0;0;0;0;0;0;1;1;0;0;0;0;0;0;0;0;8;0;8;8;0;0;1;1;1;1;0;0;1;7;1;4;1;8;0;0;1;5;0;0;0;0;0;0;0;0;0;0;0;0;0;1;42;0;0;1;6;0;0;1;1;1;1;0;1;0;2;1;0;1;3;0;0;0;0;0;0;0;0;0;0;0;0;0;0;0;0;0;0;0;0;0;0;0;0;0;0;0;0;0;0;1;0;0;0;0;0;0;0;0;0;0;1;0;0;0;0;0;0;0;0;0;0;0;0;0;0;0;0;0;0;0;0;0;0;1;0;0;0;0;0;0;1;0;0;0;0;1;0;0;0;1;1;0;1;0;0;0;0;0;0;0;1;1;0;0;0;1;1;0;161;0;0;0;0;0;0;0;161;161;0;0;0;1;1;0;126;35;70;19;2;67;2;1;0;0;0;0;0;161;106;55;0;0;0;0;0;0;0;0;5;0;0;0;0;0;0;0;5;5;0;0;0;1;1;0;11;0;0;0;0;0;0;0;11;11;0;0;0;1;1;0
2021;Nordeste;2;Ceará;CE;23;Sobral;2312908;Noroeste Cearense;2301;Sobral;23005;231290805;23271922;CENTRO DE EDUCACAO PROFISSIONAL DE SOBRAL - SENAC;4;1;1;0;RUA DOUTOR JOAO DO MONTE;980;;CENTRO;62010220;88;36778700;1;6;26MAY2021:00:00:00;25MAY2022:00:00:00;0;0;0;0;0;0;0;0;0;0;0;1;0;3,64834E+12;3,64834E+12;1;2;0;0;1;2;0;0;0;0;0;0;0;0;0;0;0;0;1;1;0;0;0;0;1;0;0;0;0;0;1;0;0;0;0;1;0;0;0;0;0;0;0;1;0;0;0;1;0;1;0;0;1;0;1;0;1;0;1;1;1;0;0;0;0;1;0;0;0;0;1;1;0;1;0;0;0;0;1;1;1;0;1;0;0;0;0;0;0;1;0;0;1;1;0;1;1;0;0;12;0;12;12;3;1;1;1;1;1;1;0;1;3;1;12;0;0;0;0;1;12;0;0;0;0;0;0;0;0;0;0;0;0;0;1;23;1;20;1;5;0;0;1;1;1;1;1;1;1;2;1;0;1;3;1;88888;1;1;1;88888;0;0;0;0;0;0;0;0;0;0;1;2;1;1;1;1;1;1;1;1;0;0;0;0;0;0;0;1;0;1;0;1;1;0;0;0;0;0;1;0;0;0;0;0;0;0;0;0;0;0;0;1;1;1;0;1;0;0;1;1;1;0;0;1;0;0;0;1;0;0;1;0;0;0;0;1;0;1;0;0;0;0;0;0;0;1;1;0;0;0;0;0;0;23;0;0;0;0;0;0;0;23;23;0;0;0;0;0;0;12;11;4;1;1;17;0;0;0;0;0;0;0;23;0;23;0;0;0;0;0;0;0;0;1;0;0;0;0;0;0;0;1;1;0;0;0;0;0;0;1;0;0;0;0;0;0;0;1;1;0;0;0;0;0;0
2021;Nordeste;2;Rio Grande do Norte;RN;24;Açu;2400208;Oeste Potiguar;2401;Vale do Açu;24004;240020805;24091006;SERVICO NACIONAL DE APRENDIZAGEM COMERCIAL - SENAC ASSU;4;0;1;0;RUA 24 DE JUNHO;1092;;CENTRO;59650000;84;33311585;2;11;0;0;0;0;0;0;0;0;0;0;0;0;0;0;0;;;0;0;0;0;0;0;0;0;0;0;0;0;0;0;0;0;0;0;0;0;0;0;0;0;0;0;0;0;0;0;0;0;0;0;0;0;0;0;0;0;0;0;0;0;0;0;0;0;0;0;0;0;0;0;0;0;0;0;0;0;0;0;0;0;0;0;0;0;0;0;0;0;0;0;0;0;0;0;0;0;0;0;0;0;0;0;0;0;0;0;0;0;0;0;0;0;0;0;0;0;0;0;0;0;0;0;0;0;0;0;0;0;0;0;0;0;0;0;0;0;0;0;0;0;0;0;0;0;0;0;0;0;0;0;0;0;0;0;0;0;0;0;0;0;0;0;0;0;0;0;0;0;0;0;0;0;0;0;0;0;0;0;0;0;0;0;0;0;0;0;0;0;0;0;0;0;0;0;0;0;0;0;0;0;0;0;0;0;0;0;0;0;0;0;0;0;0;0;0;0;0;0;0;0;0;0;0;0;0;0;0;0;0;0;0;0;0;0;0;0;0;0;0;0;0;0;0;0;0;0;0;0;0;0;0;0;0;0;0;0;0;0;0;0;0;0;0;0;0;0;0;0;0;0;0;0;0;0;0;0;0;0;0;0;0;0;0;0;0;0;0;0;0;0;0;0;0;0;0;0;0;0;0;0;0;0;0;0;0;0;0;0;0;0;0;0;0;0;0;0;0;0;0;0;0;0;0;0;0;0;0;0;0;0;0;0;0;0;0;0;0;0;0;0;0
2021;Nordeste;2;Rio Grande do Norte;RN;24;Caicó;2402006;Central Potiguar;2402;Seridó Ocidental;24011;240200605;24080268;SERVICO NACIONAL DE APRENDIZAGEM COMERCIAL - SENAC CAICO;4;0;1;0;RUA ZECO DINIZ;1289;;PENEDO;59300000;84;34213933;2;10;0;0;0;0;0;0;0;0;0;0;0;0;0;0;0;;;0;0;0;0;0;0;0;0;0;0;0;0;0;0;0;0;0;0;0;0;0;0;0;0;0;0;0;0;0;0;0;0;0;0;0;0;0;0;0;0;0;0;0;0;0;0;0;0;0;0;0;0;0;0;0;0;0;0;0;0;0;0;0;0;0;0;0;0;0;0;0;0;0;0;0;0;0;0;0;0;0;0;0;0;0;0;0;0;0;0;0;0;0;0;0;0;0;0;0;0;0;0;0;0;0;0;0;0;0;0;0;0;0;0;0;0;0;0;0;0;0;0;0;0;0;0;0;0;0;0;0;0;0;0;0;0;0;0;0;0;0;0;0;0;0;0;0;0;0;0;0;0;0;0;0;0;0;0;0;0;0;0;0;0;0;0;0;0;0;0;0;0;0;0;0;0;0;0;0;0;0;0;0;0;0;0;0;0;0;0;0;0;0;0;0;0;0;0;0;0;0;0;0;0;0;0;0;0;0;0;0;0;0;0;0;0;0;0;0;0;0;0;0;0;0;0;0;0;0;0;0;0;0;0;0;0;0;0;0;0;0;0;0;0;0;0;0;0;0;0;0;0;0;0;0;0;0;0;0;0;0;0;0;0;0;0;0;0;0;0;0;0;0;0;0;0;0;0;0;0;0;0;0;0;0;0;0;0;0;0;0;0;0;0;0;0;0;0;0;0;0;0;0;0;0;0;0;0;0;0;0;0;0;0;0;0;0;0;0;0;0;0;0;0;0
2021;Nordeste;2;Rio Grande do Norte;RN;24;Currais Novos;2403103;Central Potiguar;2402;Seridó Oriental;24012;240310305;24078638;SENAC-SERVICO NACIONAL DE APRENDIZAGEM;4;0;1;0;RUA CAPITAO MOR GALVAO;;;;59380000;84;34053330;2;9;0;0;0;0;0;0;0;0;0;0;0;0;0;0;0;;;0;0;0;0;0;0;0;0;0;0;0;0;0;0;0;0;0;0;0;0;0;0;0;0;0;0;0;0;0;0;0;0;0;0;0;0;0;0;0;0;0;0;0;0;0;0;0;0;0;0;0;0;0;0;0;0;0;0;0;0;0;0;0;0;0;0;0;0;0;0;0;0;0;0;0;0;0;0;0;0;0;0;0;0;0;0;0;0;0;0;0;0;0;0;0;0;0;0;0;0;0;0;0;0;0;0;0;0;0;0;0;0;0;0;0;0;0;0;0;0;0;0;0;0;0;0;0;0;0;0;0;0;0;0;0;0;0;0;0;0;0;0;0;0;0;0;0;0;0;0;0;0;0;0;0;0;0;0;0;0;0;0;0;0;0;0;0;0;0;0;0;0;0;0;0;0;0;0;0;0;0;0;0;0;0;0;0;0;0;0;0;0;0;0;0;0;0;0;0;0;0;0;0;0;0;0;0;0;0;0;0;0;0;0;0;0;0;0;0;0;0;0;0;0;0;0;0;0;0;0;0;0;0;0;0;0;0;0;0;0;0;0;0;0;0;0;0;0;0;0;0;0;0;0;0;0;0;0;0;0;0;0;0;0;0;0;0;0;0;0;0;0;0;0;0;0;0;0;0;0;0;0;0;0;0;0;0;0;0;0;0;0;0;0;0;0;0;0;0;0;0;0;0;0;0;0;0;0;0;0;0;0;0;0;0;0;0;0;0;0;0;0;0;0;0
2021;Nordeste;2;Rio Grande do Norte;RN;24;Macaíba;2407104;Leste Potiguar;2404;Macaíba;24017;240710405;24094609;SENAC - UNIDADE MACAIBA;4;0;1;0;LARGO CONEGO ESTEVAO DANTAS;101;POR TRAZ DA IGREJA;CENTRO;59280000;84;40051095;2;1;0;0;0;0;0;0;0;0;0;0;0;0;0;0;0;;;0;0;0;0;0;0;0;0;0;0;0;0;0;0;0;0;0;0;0;0;0;0;0;0;0;0;0;0;0;0;0;0;0;0;0;0;0;0;0;0;0;0;0;0;0;0;0;0;0;0;0;0;0;0;0;0;0;0;0;0;0;0;0;0;0;0;0;0;0;0;0;0;0;0;0;0;0;0;0;0;0;0;0;0;0;0;0;0;0;0;0;0;0;0;0;0;0;0;0;0;0;0;0;0;0;0;0;0;0;0;0;0;0;0;0;0;0;0;0;0;0;0;0;0;0;0;0;0;0;0;0;0;0;0;0;0;0;0;0;0;0;0;0;0;0;0;0;0;0;0;0;0;0;0;0;0;0;0;0;0;0;0;0;0;0;0;0;0;0;0;0;0;0;0;0;0;0;0;0;0;0;0;0;0;0;0;0;0;0;0;0;0;0;0;0;0;0;0;0;0;0;0;0;0;0;0;0;0;0;0;0;0;0;0;0;0;0;0;0;0;0;0;0;0;0;0;0;0;0;0;0;0;0;0;0;0;0;0;0;0;0;0;0;0;0;0;0;0;0;0;0;0;0;0;0;0;0;0;0;0;0;0;0;0;0;0;0;0;0;0;0;0;0;0;0;0;0;0;0;0;0;0;0;0;0;0;0;0;0;0;0;0;0;0;0;0;0;0;0;0;0;0;0;0;0;0;0;0;0;0;0;0;0;0;0;0;0;0;0;0;0;0;0;0;0
2021;Nordeste;2;Rio Grande do Norte;RN;24;Mossoró;2408003;Oeste Potiguar;2401;Mossoró;24001;240800305;24093408;SERVICO NACIONAL DE APRENDIZAGEM COMERCIAL - SENAC MOSSORO;4;1;1;0;RUA DOUTOR JOAO MARCELINO;867;;SANTO ANTONIO;59611200;84;34225008;1;12;04JAN2021:00:00:00;23DEC2021:00:00:00;0;0;0;0;0;0;0;0;0;0;0;1;0;1E+14;1E+14;0;0;0;0;1;1;0;0;0;0;0;0;0;0;0;0;0;0;1;1;0;0;0;0;1;0;0;0;0;0;1;0;0;0;0;1;0;0;0;0;0;0;0;0;0;0;1;1;0;1;0;0;1;1;1;1;1;0;1;1;0;0;0;0;0;1;0;0;0;0;0;0;0;0;0;0;0;0;1;0;1;0;1;1;0;0;0;0;0;1;0;1;1;1;0;0;0;0;0;21;0;21;0;0;0;1;0;1;0;1;0;0;0;0;0;0;0;0;0;0;0;0;0;0;0;0;0;0;0;0;0;0;0;0;0;0;0;0;0;0;0;0;1;1;1;1;0;0;1;3;1;0;1;4;0;0;1;1;0;0;1;1;0;0;0;0;0;0;0;0;0;0;0;0;0;0;0;0;1;1;0;0;0;0;0;0;1;0;0;1;0;0;0;0;0;0;0;0;0;0;0;0;0;0;0;0;0;0;0;0;0;0;0;0;0;0;0;0;1;0;0;0;0;0;0;0;1;0;0;0;1;0;0;0;0;1;0;1;0;0;0;0;0;0;0;1;1;0;0;0;0;0;0;34;0;0;0;0;0;0;0;34;34;0;0;0;0;0;0;17;17;13;7;1;12;1;0;0;0;0;0;3;31;0;34;0;0;0;0;0;0;0;0;4;0;0;0;0;0;0;0;4;4;0;0;0;0;0;0;1;0;0;0;0;0;0;0;1;1;0;0;0;0;0;0
2021;Nordeste;2;Rio Grande do Norte;RN;24;Natal;2408102;Leste Potiguar;2404;Natal;24018;240810205;24072311;SERVICO NACIONAL DE APRENDIZAGEM COMERCIAL - SENAC ZONA SUL;4;0;1;0;AVENIDA AYRTON SENNA;1362;;NEOPOLIS;59088100;84;40051087;2;1;0;0;0;0;0;0;0;0;0;0;0;0;0;0;0;;;0;0;0;0;0;0;0;0;0;0;0;0;0;0;0;0;0;0;0;0;0;0;0;0;0;0;0;0;0;0;0;0;0;0;0;0;0;0;0;0;0;0;0;0;0;0;0;0;0;0;0;0;0;0;0;0;0;0;0;0;0;0;0;0;0;0;0;0;0;0;0;0;0;0;0;0;0;0;0;0;0;0;0;0;0;0;0;0;0;0;0;0;0;0;0;0;0;0;0;0;0;0;0;0;0;0;0;0;0;0;0;0;0;0;0;0;0;0;0;0;0;0;0;0;0;0;0;0;0;0;0;0;0;0;0;0;0;0;0;0;0;0;0;0;0;0;0;0;0;0;0;0;0;0;0;0;0;0;0;0;0;0;0;0;0;0;0;0;0;0;0;0;0;0;0;0;0;0;0;0;0;0;0;0;0;0;0;0;0;0;0;0;0;0;0;0;0;0;0;0;0;0;0;0;0;0;0;0;0;0;0;0;0;0;0;0;0;0;0;0;0;0;0;0;0;0;0;0;0;0;0;0;0;0;0;0;0;0;0;0;0;0;0;0;0;0;0;0;0;0;0;0;0;0;0;0;0;0;0;0;0;0;0;0;0;0;0;0;0;0;0;0;0;0;0;0;0;0;0;0;0;0;0;0;0;0;0;0;0;0;0;0;0;0;0;0;0;0;0;0;0;0;0;0;0;0;0;0;0;0;0;0;0;0;0;0;0;0;0;0;0;0;0;0;0
2021;Nordeste;2;Rio Grande do Norte;RN;24;Natal;2408102;Leste Potiguar;2404;Natal;24018;240810205;24078255;SERVICO NACIONAL DE APRENDIZAGEM COMERCIAL - SENAC CENTRO;4;1;1;0;AVENIDA MARECHAL FLORIANO PEIXOTO;295;;PETROPOLIS;59025030;84;40051013;1;1;04JAN2021:00:00:00;23DEC2021:00:00:00;0;0;0;0;0;0;0;0;0;0;1;1;0;3,64029E+12;3,64029E+12;0;0;0;0;1;2;0;0;0;0;0;0;0;0;0;0;0;0;1;1;0;0;0;0;1;0;0;0;0;0;1;0;0;0;0;1;0;0;0;0;0;0;0;0;0;0;1;1;0;0;0;0;1;1;1;1;1;0;1;1;1;1;0;0;0;1;0;0;0;0;0;0;0;0;0;0;0;0;1;0;1;0;1;0;0;0;0;0;0;1;1;1;1;0;0;1;0;0;0;16;0;16;0;0;0;1;0;1;1;1;0;0;0;0;0;0;0;0;0;0;0;0;0;0;0;0;0;0;0;0;0;0;0;0;0;0;0;0;0;0;0;0;1;1;1;1;0;0;1;3;1;0;1;5;0;0;0;0;0;0;0;0;0;0;0;0;0;0;0;0;1;2;0;0;1;2;1;1;1;1;0;0;1;0;0;0;0;0;1;1;0;0;0;0;0;0;0;0;0;0;0;0;0;0;0;0;0;0;0;0;0;0;0;0;0;0;0;0;1;1;0;0;0;0;0;0;1;0;0;0;1;0;0;0;1;1;0;1;0;0;0;0;0;0;0;1;1;0;0;0;0;0;0;69;0;0;0;0;0;0;0;69;69;0;0;0;0;0;0;30;39;26;14;2;26;1;0;0;0;0;0;2;67;34;35;0;0;0;0;0;0;0;0;4;0;0;0;0;0;0;0;4;4;0;0;0;0;0;0;2;0;0;0;0;0;0;0;2;2;0;0;0;0;0;0
2021;Nordeste;2;Rio Grande do Norte;RN;24;Natal;2408102;Leste Potiguar;2404;Natal;24018;240810205;24087335;SERVICO NACIONAL DE APRENDIZAGEM COMERCIAL - SENAC ALECRIM;4;1;1;0;AVENIDA ALMIRANTE ALEXANDRINO DE ALENCAR;556;PROX.CLUBE ATLANTICO;ALECRIM;59030350;84;40051070;1;1;04JAN2021:00:00:00;23DEC2021:00:00:00;0;0;0;0;0;0;0;0;0;0;0;1;0;3,64029E+12;3,64029E+12;0;0;0;0;1;1;0;0;0;0;0;0;0;0;0;0;0;0;1;1;0;0;0;0;1;0;0;0;0;0;1;0;0;0;0;1;0;0;0;0;0;0;0;1;0;0;0;1;0;0;0;0;1;0;1;1;0;0;1;1;1;0;0;0;0;1;0;0;0;0;0;0;0;1;0;0;0;0;1;1;1;0;1;0;0;0;0;0;0;1;1;1;1;1;0;1;0;0;0;6;0;6;0;0;0;1;0;1;1;0;0;0;0;0;0;0;0;0;0;1;6;0;0;0;0;0;0;0;0;0;0;0;0;0;1;88888;1;18;1;2;0;0;1;1;1;1;0;1;1;2;1;0;1;88888;1;3;1;1;0;0;0;0;0;0;0;0;0;0;0;0;1;2;0;0;0;0;1;1;0;0;0;0;0;0;0;0;1;0;0;1;0;1;0;0;0;0;0;0;0;0;0;0;0;0;0;0;0;0;0;0;0;1;0;0;0;0;0;1;1;1;0;0;0;0;0;1;0;0;0;0;1;0;0;0;0;1;0;1;0;0;0;0;0;0;0;1;1;0;0;0;0;0;0;16;0;0;0;0;0;0;0;16;16;0;0;0;0;0;0;3;13;5;5;0;6;0;0;0;0;0;0;0;16;0;16;0;0;0;0;0;0;0;0;3;0;0;0;0;0;0;0;3;3;0;0;0;0;0;0;1;0;0;0;0;0;0;0;1;1;0;0;0;0;0;0
2021;Nordeste;2;Rio Grande do Norte;RN;24;Natal;2408102;Leste Potiguar;2404;Natal;24018;240810205;24094200;SERVICO NACIONAL DE APRENDIZAGEM COMERCIAL - SENAC ZONA NORTE;4;1;1;0;TRAVESSA MACAE;2875;ESCOLA;POTENGI;59110185;84;40051094;1;1;04JAN2021:00:00:00;23DEC2021:00:00:00;0;0;0;0;0;0;0;0;0;0;0;1;0;3,64029E+12;3,64029E+12;0;0;0;0;1;1;0;0;0;0;0;0;0;0;0;0;0;0;1;1;0;0;0;0;1;0;0;0;0;0;1;0;0;0;0;1;0;0;0;0;0;0;0;0;0;0;1;1;1;0;0;0;1;1;1;1;1;0;0;0;1;0;0;0;0;1;0;0;0;0;0;0;0;1;0;0;0;0;1;0;1;0;1;0;0;0;0;0;0;1;0;1;1;1;0;0;0;0;0;8;0;8;8;0;0;1;0;0;1;1;0;0;0;0;0;0;0;0;0;0;0;0;0;0;0;0;0;0;0;0;0;0;0;0;0;0;0;0;0;0;0;0;1;1;1;1;0;0;1;3;1;0;1;2;1;1;0;0;0;0;0;0;0;0;0;0;0;0;0;0;1;2;0;0;0;0;0;0;0;0;0;0;0;0;0;0;1;0;0;0;0;0;1;0;0;0;0;0;0;0;0;0;0;0;0;0;0;0;0;0;0;0;0;0;0;0;0;0;1;0;0;0;0;0;0;0;1;0;0;0;1;0;0;0;1;0;0;1;0;0;0;0;0;0;0;1;1;0;0;0;0;0;0;34;0;0;0;0;0;0;0;34;34;0;0;0;0;0;0;19;15;14;8;0;12;0;0;0;0;0;0;1;33;34;0;0;0;0;0;0;0;0;0;2;0;0;0;0;0;0;0;2;2;0;0;0;0;0;0;1;0;0;0;0;0;0;0;1;1;0;0;0;0;0;0
2021;Nordeste;2;Rio Grande do Norte;RN;24;Natal;2408102;Leste Potiguar;2404;Natal;24018;240810205;24094404;SERVICO NACIONAL DE APRENDIZAGEM COMERCIAL - SENAC BARREIRA ROXA;4;1;1;0;VIA COSTEIRA SENADOR DINARTE MEDEIROS MARIZ;4020;;PONTA NEGRA;59090002;84;40051000;1;1;04JAN2021:00:00:00;23DEC2021:00:00:00;0;0;0;0;0;0;0;0;0;0;0;1;0;3,64029E+12;3,64029E+12;0;0;0;0;1;1;0;0;0;0;0;0;0;0;0;0;0;0;1;1;0;0;0;0;1;0;0;0;0;0;1;0;0;0;0;1;0;0;0;0;0;0;0;0;0;0;1;1;1;0;0;0;1;1;1;1;1;0;1;1;1;1;0;0;0;0;1;0;0;0;0;0;0;0;0;0;0;0;1;0;1;0;1;1;0;0;0;0;0;1;1;1;1;1;0;0;1;0;0;13;0;13;13;0;0;1;0;0;1;0;0;0;0;0;0;0;0;0;0;0;0;0;0;0;0;0;0;0;0;0;0;0;0;0;0;0;0;0;0;0;0;0;1;1;1;1;0;0;1;3;1;0;1;4;1;3;1;1;0;0;1;1;0;0;0;0;0;0;0;0;1;1;0;0;0;0;0;0;1;1;0;0;0;0;0;0;1;0;0;0;0;0;1;0;0;0;0;0;0;0;0;0;0;0;0;0;0;0;0;0;0;0;0;0;0;0;0;0;1;0;0;0;0;0;0;0;1;0;0;0;1;0;0;0;1;1;0;1;0;0;0;0;0;0;0;1;1;0;0;0;0;0;0;73;0;0;0;0;0;0;0;73;73;0;0;0;0;0;0;22;51;20;15;1;37;0;0;0;0;0;0;0;73;35;38;0;0;0;0;0;0;0;0;4;0;0;0;0;0;0;0;4;4;0;0;0;0;0;0;2;0;0;0;0;0;0;0;2;2;0;0;0;0;0;0
2021;Nordeste;2;Pernambuco;PE;26;Caruaru;2604106;Agreste Pernambucano;2603;Vale do Ipojuca;26008;260410605;26169606;SERVICO NACIONAL DE APRENDIZAGEM COMERCIAL SENAC;4;1;1;0;AVENIDA MARIA JOSE LYRA;140;;INDIANOPOLIS;55026075;81;37278251;1;9;02FEB2021:00:00:00;30DEC2021:00:00:00;0;0;0;0;0;0;0;0;0;0;0;1;0;3,48532E+12;3,48532E+12;1;1;0;0;1;1;0;0;0;0;0;0;0;0;0;0;0;0;1;1;0;0;0;0;1;0;0;0;0;0;1;0;0;0;0;1;0;0;0;0;0;0;0;1;0;1;0;1;1;1;0;0;1;0;1;1;1;0;1;1;1;0;0;0;1;1;0;1;0;0;0;0;0;0;0;0;0;0;1;1;1;0;1;0;0;0;0;0;0;0;0;0;1;1;0;0;0;0;0;25;0;25;25;25;0;1;1;1;1;0;0;0;0;0;0;1;4;0;0;1;20;0;0;0;0;0;0;0;0;0;0;0;0;0;1;16;0;0;0;0;0;0;1;0;1;1;0;0;0;2;1;0;1;5;1;11;1;1;0;0;0;0;0;0;0;0;0;0;0;0;1;5;1;1;0;0;0;0;0;0;0;0;0;0;0;0;0;1;0;1;0;0;0;0;0;0;0;0;0;0;0;0;0;0;0;0;0;0;0;0;0;0;0;0;0;0;0;0;1;1;1;0;0;1;0;1;0;1;0;0;1;0;0;0;1;1;0;1;0;0;0;0;0;0;0;1;1;0;0;0;0;0;0;269;0;0;0;0;0;0;0;269;269;0;0;0;0;0;0;190;79;110;45;5;109;0;0;0;0;0;0;6;263;141;128;0;0;0;0;0;0;0;0;10;0;0;0;0;0;0;0;10;10;0;0;0;0;0;0;10;0;0;0;0;0;0;0;10;10;0;0;0;0;0;0
2021;Nordeste;2;Pernambuco;PE;26;Garanhuns;2606002;Agreste Pernambucano;2603;Garanhuns;26011;260600205;26167700;SENAC CENTRO DE FOR PROFS JOSE HENRIQUE DE BARROS;4;1;1;0;RUA MARIA RAMOS;22;;HELIOPOLIS;55295700;87;37642700;1;10;04JAN2021:00:00:00;23DEC2021:00:00:00;0;0;0;0;0;0;0;0;0;0;0;1;0;3,48532E+12;3,48532E+12;1;2;0;0;1;1;0;0;0;0;0;0;0;0;0;0;0;0;1;1;0;0;0;0;1;0;0;0;0;0;1;0;0;0;0;1;0;0;0;0;0;0;0;1;0;0;0;1;1;0;0;0;1;0;1;0;1;0;1;1;1;0;0;0;0;1;0;1;0;0;0;0;0;0;0;0;0;0;1;0;1;0;1;0;0;0;0;0;0;1;0;0;0;0;0;0;0;0;0;8;0;8;8;0;1;1;1;1;1;1;0;1;1;1;2;1;6;0;0;1;8;0;0;0;0;0;0;0;0;0;0;0;0;0;1;15;0;0;0;0;0;0;1;1;1;1;0;1;1;3;1;0;1;4;1;3;0;0;0;0;0;0;0;0;0;0;0;0;0;0;0;0;1;1;0;0;0;0;0;0;0;0;0;0;1;0;0;0;0;1;0;0;0;0;0;0;0;0;0;0;0;0;0;0;0;0;0;0;0;0;0;0;0;0;0;0;0;0;1;1;1;0;0;0;0;0;1;1;0;0;1;0;0;0;1;1;0;1;0;0;0;0;0;0;0;1;1;0;0;0;0;0;0;74;0;0;0;0;0;0;0;74;74;0;0;0;0;0;0;63;11;29;22;0;22;1;0;0;0;0;0;0;74;19;55;0;0;0;0;0;0;0;0;3;0;0;0;0;0;0;0;3;3;0;0;0;0;0;0;3;0;0;0;0;0;0;0;3;3;0;0;0;0;0;0
2021;Nordeste;2;Pernambuco;PE;26;Paulista;2610707;Metropolitana de Recife;2605;Recife;26017;261070705;26176890;SENAC CENTRO DE FORMACAO PROFISSIONAL DO PAULISTA;4;1;1;0;AVENIDA PREFEITO SEVERINO CUNHA PRIMO;30;;JARDIM PAULISTA;53407265;81;33728250;1;3;08FEB2021:00:00:00;23DEC2021:00:00:00;0;0;0;0;0;0;0;0;0;0;0;1;0;3,48532E+12;3,48532E+12;1;2;0;0;1;1;0;0;0;0;0;0;0;0;0;0;0;0;1;1;0;1;0;0;1;0;0;0;0;0;1;0;0;0;0;1;0;0;0;0;0;0;0;1;0;0;0;0;0;1;0;0;1;0;1;0;1;0;1;1;1;0;0;0;0;1;0;1;0;0;0;0;0;0;0;0;0;0;1;1;1;0;1;0;0;0;0;0;0;1;1;0;0;1;0;0;0;0;0;17;0;17;17;17;0;1;0;0;1;0;0;1;6;1;2;1;13;0;0;1;6;0;0;0;0;0;0;0;0;0;0;0;0;0;1;44;1;20;0;0;0;0;1;1;1;1;0;1;1;3;1;0;1;8;1;4;1;1;1;1;1;4;0;0;0;0;0;0;0;0;1;4;0;0;1;2;0;0;0;0;0;0;0;0;1;0;0;0;0;1;0;0;1;0;0;0;0;0;0;0;0;0;0;0;0;0;0;0;0;0;0;0;0;0;0;0;0;0;1;0;0;0;0;0;0;0;1;0;0;0;1;0;0;1;1;1;0;1;0;0;0;0;0;0;1;1;1;0;0;0;0;0;0;253;0;0;0;0;0;0;34;253;253;0;0;0;0;0;0;173;80;125;46;8;73;1;0;0;0;0;9;40;204;196;57;0;0;0;0;0;0;0;34;36;0;0;0;0;0;0;17;36;36;0;0;0;0;0;0;10;0;0;0;0;0;0;1;10;10;0;0;0;0;0;0
2021;Nordeste;2;Pernambuco;PE;26;Petrolina;2611101;São Francisco Pernambucano;2602;Petrolina;26005;261110105;26176840;SENAC-SERVICO NACIONAL DE APREDIZAGEM COMERCIAL;4;1;1;0;RUA PROJETADA;650;;COLONIA IMPERIAL;56328815;87;39837614;1;16;04JAN2021:00:00:00;22DEC2021:00:00:00;0;0;0;0;0;0;0;0;0;0;0;1;0;3,48532E+12;3,48532E+12;1;1;0;0;1;1;0;0;0;0;0;0;0;0;0;0;0;0;1;1;0;0;0;0;1;0;0;0;0;0;1;0;0;0;0;1;0;0;0;0;0;0;0;1;0;0;0;1;0;1;0;0;1;0;1;1;1;0;1;1;1;0;0;0;0;1;0;0;0;0;0;0;0;0;0;0;0;0;1;0;1;0;1;0;0;0;0;0;0;1;0;1;1;1;1;0;1;0;0;21;0;21;21;0;0;1;0;1;1;1;0;1;2;1;3;1;2;0;0;1;13;0;0;0;0;0;0;0;0;0;0;0;0;0;1;15;1;10;0;0;0;0;1;1;1;1;0;1;1;3;1;0;1;4;1;6;1;1;0;0;0;0;0;0;0;0;0;0;0;0;1;2;0;0;0;0;1;2;0;0;0;0;0;0;0;0;0;1;0;0;0;1;1;0;0;0;0;0;0;0;0;0;0;0;0;0;0;0;0;0;0;0;0;0;0;0;0;0;1;0;0;0;0;0;0;0;1;1;0;0;1;0;0;0;1;1;0;1;0;0;0;0;0;0;0;1;1;0;0;0;0;0;0;100;0;0;0;0;0;0;0;100;100;0;0;0;0;0;0;65;35;46;9;7;37;0;1;0;0;0;0;6;94;49;51;0;0;0;0;0;0;0;0;6;0;0;0;0;0;0;0;6;6;0;0;0;0;0;0;4;0;0;0;0;0;0;0;4;4;0;0;0;0;0;0
2021;Nordeste;2;Pernambuco;PE;26;Serra Talhada;2613909;Sertão Pernambucano;2601;Pajeú;26003;261390905;26183498;POSTO AVANCADO SENAC SERRA TALHADA;4;1;1;0;PRACA BARAO DO PAJEU;911;;NOSSA SENHORA DA PENHA;56903420;87;39292350;1;12;04JAN2021:00:00:00;23DEC2021:00:00:00;0;0;0;0;0;0;0;0;0;0;0;1;0;3,48532E+12;3,48532E+12;1;2;0;0;1;2;0;0;0;0;0;0;0;0;0;0;0;0;1;1;0;0;0;0;1;0;0;0;0;0;1;0;0;0;0;1;0;0;0;0;0;0;0;0;0;0;1;0;0;0;0;0;1;0;0;1;1;0;1;1;0;0;0;0;0;0;0;0;0;0;0;0;0;0;0;0;0;1;1;0;1;0;1;0;0;0;0;0;0;0;0;0;0;0;0;0;1;0;0;4;0;4;4;0;0;1;1;1;1;1;0;1;1;1;2;1;4;0;0;1;4;0;0;0;0;0;0;0;0;0;0;0;0;0;1;2;0;0;0;0;0;0;1;1;1;1;0;1;0;1;1;0;1;2;1;2;1;1;0;0;1;2;0;0;0;0;0;0;0;0;1;2;1;1;0;0;0;0;0;0;0;0;0;0;0;0;0;1;0;0;0;0;1;0;0;0;0;0;0;0;0;0;0;0;0;0;0;0;0;0;0;0;0;0;0;0;0;0;1;9;9;0;0;0;0;0;1;1;0;0;1;0;0;0;1;0;0;1;0;0;0;0;0;0;0;1;0;0;0;0;0;0;0;7;0;0;0;0;0;0;0;7;0;0;0;0;0;0;0;2;5;3;1;0;3;0;0;0;0;0;0;5;2;7;0;0;0;0;0;0;0;0;0;1;0;0;0;0;0;0;0;1;0;0;0;0;0;0;0;2;0;0;0;0;0;0;0;2;0;0;0;0;0;0;0
2021;Nordeste;2;Pernambuco;PE;26;Vitória de Santo Antão;2616407;Mata Pernambucana;2604;Vitória de Santo Antão;26014;261640705;26169436;SERVICO NACIONAL DE APRENDIZAGEM COMERCIAL - SENAC;4;1;1;0;RUA AUREA PIMENTEL;210;;MATRIZ;55612540;81;35267600;1;6;04JAN2021:00:00:00;23DEC2021:00:00:00;0;0;0;0;0;0;0;0;0;0;0;1;0;1E+14;3,48532E+12;1;2;0;0;1;1;0;0;0;0;0;0;0;0;0;0;0;0;1;1;0;0;0;0;1;0;0;0;0;0;1;0;0;0;0;1;0;0;0;0;0;0;0;0;0;0;1;1;1;1;0;0;1;0;1;0;0;0;1;1;1;0;0;0;1;1;0;0;0;0;0;0;0;0;0;0;0;0;1;0;1;0;1;0;0;0;0;0;0;1;0;0;1;1;0;0;0;0;0;5;0;5;5;5;1;1;1;1;1;1;0;1;4;1;4;1;5;0;0;1;88888;0;0;0;0;0;0;0;0;0;0;0;0;0;1;23;1;2;0;0;0;0;1;1;1;1;0;1;1;3;1;0;1;2;1;3;1;1;1;1;0;0;0;0;0;0;0;0;0;0;1;2;1;1;0;0;0;0;1;1;0;0;0;0;0;0;0;1;0;1;0;1;1;0;1;1;0;0;0;0;0;0;0;0;0;0;0;0;0;0;0;1;0;0;0;0;1;0;1;0;1;0;0;0;0;0;1;1;0;0;1;0;0;0;1;1;0;1;0;0;0;0;0;0;0;1;1;0;0;0;0;0;0;42;0;0;0;0;0;0;0;42;42;0;0;0;0;0;0;31;11;19;6;1;16;0;0;0;0;0;0;0;42;10;32;0;0;0;0;0;0;0;0;9;0;0;0;0;0;0;0;9;9;0;0;0;0;0;0;3;0;0;0;0;0;0;0;3;3;0;0;0;0;0;0
2021;Nordeste;2;Alagoas;AL;27;Arapiraca;2700300;Agreste Alagoano;2702;Arapiraca;27006;270030005;27053490;SERVICO NACIONAL DE APRENDIZAGEM COMERCIAL - SENAC;4;1;1;0;RUA MANOEL FERREIRA DE BRITO;69;;CAVACO;57306370;82;35214582;1;5;05JAN2021:00:00:00;29DEC2021:00:00:00;0;0;0;0;0;0;0;0;0;0;0;1;0;3,69242E+12;3,69242E+12;1;2;0;0;1;2;0;0;0;0;0;0;0;0;0;0;0;0;1;1;0;0;0;0;1;0;0;0;0;0;0;0;1;1;0;1;0;0;0;0;0;0;0;0;0;0;1;0;0;0;0;0;1;0;1;1;0;0;0;1;0;0;0;0;0;1;0;1;0;0;0;0;0;0;0;0;0;0;0;1;0;0;0;0;0;0;0;0;0;0;0;0;1;1;0;0;0;0;0;10;0;10;0;0;0;1;1;1;1;0;0;0;0;1;1;1;5;0;0;1;5;0;0;0;0;0;0;0;0;0;0;0;0;0;1;8;0;0;0;0;0;0;1;1;1;1;0;1;1;3;1;0;0;0;0;0;1;1;0;0;0;0;0;0;0;0;0;0;0;0;0;0;1;1;0;0;0;0;0;0;0;0;0;0;0;0;0;1;0;1;0;1;0;0;0;0;0;0;0;0;0;0;0;0;0;0;0;0;0;0;0;0;0;0;0;0;0;0;1;9;9;0;0;0;0;1;0;9;0;0;1;0;0;0;1;1;0;1;0;0;0;0;0;0;0;1;1;0;0;0;1;1;0;104;0;0;0;0;0;0;0;104;104;0;0;0;4;4;0;45;59;13;17;8;66;0;0;0;0;0;0;7;97;49;55;0;0;0;0;0;0;0;0;10;0;0;0;0;0;0;0;10;10;0;0;0;8;8;0;7;0;0;0;0;0;0;0;7;7;0;0;0;3;3;0
2021;Nordeste;2;Alagoas;AL;27;Maceió;2704302;Leste Alagoano;2703;Maceió;27011;270430205;27050424;SERVICO NACIONAL DE APRENDIZAGEM COMERCIAL SENAC AL;4;1;1;0;RUA PEDRO PAULINO;77;;POCO;57025340;82;21227808;1;1;05JAN2021:00:00:00;29DEC2021:00:00:00;0;0;0;0;0;0;0;0;0;0;0;1;0;3,69242E+12;3,69242E+12;1;2;0;0;1;1;0;0;0;0;0;0;0;0;0;0;0;0;1;1;0;0;0;0;1;0;0;0;0;0;1;0;0;0;0;1;0;0;0;0;0;0;0;0;0;0;1;1;1;1;0;0;1;0;1;0;1;0;1;1;0;0;0;0;1;1;0;0;0;0;0;0;0;0;0;0;0;0;1;0;1;0;1;1;0;0;0;0;0;0;1;1;0;0;0;1;1;0;0;48;0;48;0;0;1;1;1;1;1;0;0;1;10;1;20;1;20;0;0;1;20;0;0;0;0;0;0;0;0;0;0;0;0;0;1;40;0;0;0;0;0;0;1;1;1;0;0;1;0;2;1;0;1;2;0;0;0;0;0;0;0;0;0;0;0;0;0;0;0;0;0;0;0;0;0;0;0;0;0;0;0;0;0;0;0;0;0;1;0;1;0;1;1;0;0;0;0;0;0;0;0;0;0;0;0;0;0;0;0;0;0;0;0;0;0;0;0;0;1;9;9;0;0;0;0;1;0;9;0;0;1;0;0;0;1;1;0;1;0;0;0;0;0;0;0;1;1;0;0;0;0;0;0;759;0;0;0;0;0;0;0;759;759;0;0;0;0;0;0;509;250;315;70;26;344;3;1;0;0;0;0;20;739;417;342;0;0;0;0;0;0;0;0;46;0;0;0;0;0;0;0;46;46;0;0;0;0;0;0;43;0;0;0;0;0;0;0;43;43;0;0;0;0;0;0
2021;Nordeste;2;Bahia;BA;29;Porto Seguro;2925303;Sul Baiano;2907;Porto Seguro;29032;292530305;29469813;SERVICO NACIONAL DE APRENDIZAGEM COMERCIAL - SENAC PORTO SEGURO;4;1;1;0;RUA DOS CACAUEIROS;SN;;TAPERAPUAN;45810000;73;31627301;1;27;01JAN2021:00:00:00;31DEC2021:00:00:00;0;0;0;0;0;0;0;0;0;0;0;1;0;3,68219E+12;3,68219E+12;1;1;0;0;1;1;0;0;0;0;0;0;0;0;1;1;0;0;1;1;1;0;0;0;1;0;0;0;0;0;1;0;0;0;0;1;0;0;0;0;0;0;0;0;0;0;1;1;1;1;0;0;1;0;1;1;1;0;1;1;1;0;0;0;0;1;0;1;0;0;0;0;0;0;0;0;0;0;1;1;1;0;1;0;0;0;0;0;0;0;1;0;1;1;0;0;0;0;0;17;0;17;17;17;1;1;0;0;1;0;0;1;17;1;4;1;7;1;1;1;17;0;0;0;0;0;0;0;0;0;0;0;0;0;1;88888;0;0;0;0;0;0;1;1;1;0;0;0;1;3;1;0;1;3;1;88888;1;2;0;0;0;0;0;0;0;0;0;0;0;0;1;88888;1;1;1;88888;0;0;0;0;0;0;0;0;0;0;1;0;0;1;0;1;1;0;0;0;0;0;0;0;0;0;0;0;0;0;0;0;0;0;0;1;0;0;0;0;0;1;1;0;0;0;0;0;0;1;0;1;0;0;1;0;0;0;0;1;0;1;0;0;0;0;0;0;0;1;1;0;0;0;0;0;0;16;0;0;0;0;0;0;0;16;16;0;0;0;0;0;0;13;3;10;2;1;3;0;0;0;0;0;0;0;16;0;16;0;0;0;0;0;0;0;0;1;0;0;0;0;0;0;0;1;1;0;0;0;0;0;0;1;0;0;0;0;0;0;0;1;1;0;0;0;0;0;0
2021;Nordeste;2;Bahia;BA;29;Salvador;2927408;Metropolitana de Salvador;2905;Salvador;29021;292740805;29469791;SERVICO NACIONAL DE APRENDIZAGEM COMERCIAL - SENAC;4;0;1;0;RUA DA MISERICORDIA;07/set;;CENTRO;40020200;71;32668251;2;26;0;0;0;0;0;0;0;0;0;0;0;0;0;0;0;;;0;0;0;0;0;0;0;0;0;0;0;0;0;0;0;0;0;0;0;0;0;0;0;0;0;0;0;0;0;0;0;0;0;0;0;0;0;0;0;0;0;0;0;0;0;0;0;0;0;0;0;0;0;0;0;0;0;0;0;0;0;0;0;0;0;0;0;0;0;0;0;0;0;0;0;0;0;0;0;0;0;0;0;0;0;0;0;0;0;0;0;0;0;0;0;0;0;0;0;0;0;0;0;0;0;0;0;0;0;0;0;0;0;0;0;0;0;0;0;0;0;0;0;0;0;0;0;0;0;0;0;0;0;0;0;0;0;0;0;0;0;0;0;0;0;0;0;0;0;0;0;0;0;0;0;0;0;0;0;0;0;0;0;0;0;0;0;0;0;0;0;0;0;0;0;0;0;0;0;0;0;0;0;0;0;0;0;0;0;0;0;0;0;0;0;0;0;0;0;0;0;0;0;0;0;0;0;0;0;0;0;0;0;0;0;0;0;0;0;0;0;0;0;0;0;0;0;0;0;0;0;0;0;0;0;0;0;0;0;0;0;0;0;0;0;0;0;0;0;0;0;0;0;0;0;0;0;0;0;0;0;0;0;0;0;0;0;0;0;0;0;0;0;0;0;0;0;0;0;0;0;0;0;0;0;0;0;0;0;0;0;0;0;0;0;0;0;0;0;0;0;0;0;0;0;0;0;0;0;0;0;0;0;0;0;0;0;0;0;0;0;0;0;0;0
2021;Sudeste;3;Minas Gerais;MG;31;Belo Horizonte;3106200;Metropolitana de Belo Horizonte;3107;Belo Horizonte;31030;310620005;31274674;SENAC C FORM PROFIS DE B HORIZONTE;4;0;1;0;RUA TUPINAMBAS;1038;;CENTRO;30120910;.;.;2;2;0;0;0;0;0;0;0;0;0;0;0;0;0;0;0;;;0;0;0;0;0;0;0;0;0;0;0;0;0;0;0;0;0;0;0;0;0;0;0;0;0;0;0;0;0;0;0;0;0;0;0;0;0;0;0;0;0;0;0;0;0;0;0;0;0;0;0;0;0;0;0;0;0;0;0;0;0;0;0;0;0;0;0;0;0;0;0;0;0;0;0;0;0;0;0;0;0;0;0;0;0;0;0;0;0;0;0;0;0;0;0;0;0;0;0;0;0;0;0;0;0;0;0;0;0;0;0;0;0;0;0;0;0;0;0;0;0;0;0;0;0;0;0;0;0;0;0;0;0;0;0;0;0;0;0;0;0;0;0;0;0;0;0;0;0;0;0;0;0;0;0;0;0;0;0;0;0;0;0;0;0;0;0;0;0;0;0;0;0;0;0;0;0;0;0;0;0;0;0;0;0;0;0;0;0;0;0;0;0;0;0;0;0;0;0;0;0;0;0;0;0;0;0;0;0;0;0;0;0;0;0;0;0;0;0;0;0;0;0;0;0;0;0;0;0;0;0;0;0;0;0;0;0;0;0;0;0;0;0;0;0;0;0;0;0;0;0;0;0;0;0;0;0;0;0;0;0;0;0;0;0;0;0;0;0;0;0;0;0;0;0;0;0;0;0;0;0;0;0;0;0;0;0;0;0;0;0;0;0;0;0;0;0;0;0;0;0;0;0;0;0;0;0;0;0;0;0;0;0;0;0;0;0;0;0;0;0;0;0;0;0
2021;Sudeste;3;Minas Gerais;MG;31;Belo Horizonte;3106200;Metropolitana de Belo Horizonte;3107;Belo Horizonte;31030;310620025;31358460;SENAC - UNIDADE DE ENSINO TECNICO DO CEP DO BARREIRO;4;0;1;0;AVENIDA SINFRONIO BROCHADO;635;;BARREIRO;30640000;.;.;2;1;0;0;0;0;0;0;0;0;0;0;0;0;0;0;0;;;0;0;0;0;0;0;0;0;0;0;0;0;0;0;0;0;0;0;0;0;0;0;0;0;0;0;0;0;0;0;0;0;0;0;0;0;0;0;0;0;0;0;0;0;0;0;0;0;0;0;0;0;0;0;0;0;0;0;0;0;0;0;0;0;0;0;0;0;0;0;0;0;0;0;0;0;0;0;0;0;0;0;0;0;0;0;0;0;0;0;0;0;0;0;0;0;0;0;0;0;0;0;0;0;0;0;0;0;0;0;0;0;0;0;0;0;0;0;0;0;0;0;0;0;0;0;0;0;0;0;0;0;0;0;0;0;0;0;0;0;0;0;0;0;0;0;0;0;0;0;0;0;0;0;0;0;0;0;0;0;0;0;0;0;0;0;0;0;0;0;0;0;0;0;0;0;0;0;0;0;0;0;0;0;0;0;0;0;0;0;0;0;0;0;0;0;0;0;0;0;0;0;0;0;0;0;0;0;0;0;0;0;0;0;0;0;0;0;0;0;0;0;0;0;0;0;0;0;0;0;0;0;0;0;0;0;0;0;0;0;0;0;0;0;0;0;0;0;0;0;0;0;0;0;0;0;0;0;0;0;0;0;0;0;0;0;0;0;0;0;0;0;0;0;0;0;0;0;0;0;0;0;0;0;0;0;0;0;0;0;0;0;0;0;0;0;0;0;0;0;0;0;0;0;0;0;0;0;0;0;0;0;0;0;0;0;0;0;0;0;0;0;0;0;0
2021;Sudeste;3;Minas Gerais;MG;31;Belo Horizonte;3106200;Metropolitana de Belo Horizonte;3107;Belo Horizonte;31030;310620005;31363960;CEP SENAC GUAJAJARAS;4;1;1;0;RUA DOS GUAJAJARAS;;;;30180910;.;.;1;2;01FEB2021:00:00:00;15DEC2021:00:00:00;0;0;0;0;0;0;1;0;0;0;0;1;0;3,44724E+12;3,44724E+12;1;5;0;0;1;1;0;0;0;0;0;0;0;0;0;0;0;0;1;1;0;0;0;0;1;0;0;0;0;0;0;0;0;0;1;1;0;0;0;0;0;0;0;1;0;0;0;1;0;0;0;0;1;0;1;1;0;0;1;1;0;0;0;0;0;1;0;0;0;0;0;0;0;0;0;0;0;0;1;0;0;0;1;0;0;0;0;0;0;1;0;0;1;1;0;0;0;0;0;12;0;12;12;12;0;1;1;1;1;0;0;0;0;0;0;0;0;0;0;0;0;0;0;0;0;0;0;0;0;0;0;0;0;0;1;27;1;1;0;0;0;0;1;1;1;1;0;1;0;1;1;0;0;0;0;0;0;0;0;0;0;0;0;0;0;0;0;0;0;0;0;0;0;0;0;0;0;0;0;0;0;0;0;0;0;0;0;1;0;0;0;0;0;0;0;0;0;0;0;0;1;0;0;0;0;0;0;0;0;0;0;0;0;0;0;0;0;0;1;9;9;0;0;0;0;0;1;9;0;0;1;0;0;0;1;1;0;1;0;0;0;0;0;0;0;1;0;0;0;0;1;1;0;100;0;0;0;0;0;0;0;100;0;0;0;0;1;1;0;44;56;5;17;17;61;0;0;0;0;0;0;75;25;94;6;0;0;0;0;0;0;0;0;7;0;0;0;0;0;0;0;7;0;0;0;0;1;1;0;12;0;0;0;0;0;0;0;12;0;0;0;0;1;1;0
2021;Sudeste;3;Minas Gerais;MG;31;Belo Horizonte;3106200;Metropolitana de Belo Horizonte;3107;Belo Horizonte;31030;310620005;31363987;SENAC - SERVICO NACIONAL DE APRENDIZAGEM COMERCIAL;4;0;1;0;AVENIDA LIEGE;213;;JARDIM DOS COMERCIARIOS VENDA NOVA;31640007;31;33435700;2;2;0;0;0;0;0;0;0;0;0;0;0;0;0;0;0;;;0;0;0;0;0;0;0;0;0;0;0;0;0;0;0;0;0;0;0;0;0;0;0;0;0;0;0;0;0;0;0;0;0;0;0;0;0;0;0;0;0;0;0;0;0;0;0;0;0;0;0;0;0;0;0;0;0;0;0;0;0;0;0;0;0;0;0;0;0;0;0;0;0;0;0;0;0;0;0;0;0;0;0;0;0;0;0;0;0;0;0;0;0;0;0;0;0;0;0;0;0;0;0;0;0;0;0;0;0;0;0;0;0;0;0;0;0;0;0;0;0;0;0;0;0;0;0;0;0;0;0;0;0;0;0;0;0;0;0;0;0;0;0;0;0;0;0;0;0;0;0;0;0;0;0;0;0;0;0;0;0;0;0;0;0;0;0;0;0;0;0;0;0;0;0;0;0;0;0;0;0;0;0;0;0;0;0;0;0;0;0;0;0;0;0;0;0;0;0;0;0;0;0;0;0;0;0;0;0;0;0;0;0;0;0;0;0;0;0;0;0;0;0;0;0;0;0;0;0;0;0;0;0;0;0;0;0;0;0;0;0;0;0;0;0;0;0;0;0;0;0;0;0;0;0;0;0;0;0;0;0;0;0;0;0;0;0;0;0;0;0;0;0;0;0;0;0;0;0;0;0;0;0;0;0;0;0;0;0;0;0;0;0;0;0;0;0;0;0;0;0;0;0;0;0;0;0;0;0;0;0;0;0;0;0;0;0;0;0;0;0;0;0;0;0
2021;Sudeste;3;Minas Gerais;MG;31;Belo Horizonte;3106200;Metropolitana de Belo Horizonte;3107;Belo Horizonte;31030;310620005;31364282;CENTRO DE EDUCACAO PROFISSIONAL SENAC - PLUGMINAS;4;0;1;0;RUA SANTO AGOSTINHO;1441;;HORTO;31035480;31;33435600;2;2;0;0;0;0;0;0;0;0;0;0;0;0;0;0;0;;;0;0;0;0;0;0;0;0;0;0;0;0;0;0;0;0;0;0;0;0;0;0;0;0;0;0;0;0;0;0;0;0;0;0;0;0;0;0;0;0;0;0;0;0;0;0;0;0;0;0;0;0;0;0;0;0;0;0;0;0;0;0;0;0;0;0;0;0;0;0;0;0;0;0;0;0;0;0;0;0;0;0;0;0;0;0;0;0;0;0;0;0;0;0;0;0;0;0;0;0;0;0;0;0;0;0;0;0;0;0;0;0;0;0;0;0;0;0;0;0;0;0;0;0;0;0;0;0;0;0;0;0;0;0;0;0;0;0;0;0;0;0;0;0;0;0;0;0;0;0;0;0;0;0;0;0;0;0;0;0;0;0;0;0;0;0;0;0;0;0;0;0;0;0;0;0;0;0;0;0;0;0;0;0;0;0;0;0;0;0;0;0;0;0;0;0;0;0;0;0;0;0;0;0;0;0;0;0;0;0;0;0;0;0;0;0;0;0;0;0;0;0;0;0;0;0;0;0;0;0;0;0;0;0;0;0;0;0;0;0;0;0;0;0;0;0;0;0;0;0;0;0;0;0;0;0;0;0;0;0;0;0;0;0;0;0;0;0;0;0;0;0;0;0;0;0;0;0;0;0;0;0;0;0;0;0;0;0;0;0;0;0;0;0;0;0;0;0;0;0;0;0;0;0;0;0;0;0;0;0;0;0;0;0;0;0;0;0;0;0;0;0;0;0;0
2021;Sudeste;3;Minas Gerais;MG;31;Contagem;3118601;Metropolitana de Belo Horizonte;3107;Belo Horizonte;31030;311860105;31319431;SENAC - UNIDADE DE ENSINO TECNICO DO CEP DE CONTAGEM;4;0;1;0;RUA LINO DE MORO;25;2º, 3º, 4º ANDAR;INCONFIDENTES;32260090;31;30489800;2;1;0;0;0;0;0;0;0;0;0;0;0;0;0;0;0;;;0;0;0;0;0;0;0;0;0;0;0;0;0;0;0;0;0;0;0;0;0;0;0;0;0;0;0;0;0;0;0;0;0;0;0;0;0;0;0;0;0;0;0;0;0;0;0;0;0;0;0;0;0;0;0;0;0;0;0;0;0;0;0;0;0;0;0;0;0;0;0;0;0;0;0;0;0;0;0;0;0;0;0;0;0;0;0;0;0;0;0;0;0;0;0;0;0;0;0;0;0;0;0;0;0;0;0;0;0;0;0;0;0;0;0;0;0;0;0;0;0;0;0;0;0;0;0;0;0;0;0;0;0;0;0;0;0;0;0;0;0;0;0;0;0;0;0;0;0;0;0;0;0;0;0;0;0;0;0;0;0;0;0;0;0;0;0;0;0;0;0;0;0;0;0;0;0;0;0;0;0;0;0;0;0;0;0;0;0;0;0;0;0;0;0;0;0;0;0;0;0;0;0;0;0;0;0;0;0;0;0;0;0;0;0;0;0;0;0;0;0;0;0;0;0;0;0;0;0;0;0;0;0;0;0;0;0;0;0;0;0;0;0;0;0;0;0;0;0;0;0;0;0;0;0;0;0;0;0;0;0;0;0;0;0;0;0;0;0;0;0;0;0;0;0;0;0;0;0;0;0;0;0;0;0;0;0;0;0;0;0;0;0;0;0;0;0;0;0;0;0;0;0;0;0;0;0;0;0;0;0;0;0;0;0;0;0;0;0;0;0;0;0;0;0
2021;Sudeste;3;Minas Gerais;MG;31;Contagem;3118601;Metropolitana de Belo Horizonte;3107;Belo Horizonte;31030;311860105;31359998;FACULDADE SENAC MINAS;4;1;1;0;RUA DAS PAINEIRAS;;;;32310400;.;.;1;1;02JAN2021:00:00:00;15DEC2021:00:00:00;0;0;0;0;0;0;1;0;0;0;0;1;0;3,44724E+12;3,44724E+12;1;5;0;2703;1;1;0;0;0;0;0;0;0;0;0;0;0;0;1;1;0;0;0;0;1;0;0;0;0;0;0;0;0;0;1;1;0;0;0;0;0;0;0;1;0;0;0;1;1;1;0;0;1;0;1;1;0;0;1;1;0;0;0;0;0;1;0;0;0;0;0;0;0;0;0;0;0;0;1;0;1;0;1;0;0;0;0;0;0;1;1;0;1;1;0;0;0;0;0;22;0;22;22;22;0;1;1;1;1;0;0;0;0;0;0;0;0;0;0;0;0;0;0;0;0;0;0;0;0;0;0;0;0;0;1;123;1;1;0;0;0;0;1;1;1;1;0;1;0;1;1;0;0;0;0;0;0;0;0;0;0;0;0;0;0;0;0;0;0;0;0;0;0;0;0;0;0;0;0;0;0;0;0;0;0;0;0;1;0;0;0;0;0;0;0;0;0;0;0;0;1;0;0;0;0;0;0;0;0;0;0;0;0;0;0;0;0;0;1;9;9;0;0;0;0;0;1;9;0;0;1;0;0;0;1;1;0;1;0;0;0;0;0;0;0;1;1;0;0;0;1;1;0;425;0;0;0;0;0;0;0;425;15;0;0;0;2;2;0;219;206;89;87;53;190;6;0;0;0;0;1;360;64;394;31;0;0;0;0;0;0;0;0;30;0;0;0;0;0;0;0;30;2;0;0;0;2;2;0;29;0;0;0;0;0;0;0;29;1;0;0;0;1;1;0
2021;Sudeste;3;Minas Gerais;MG;31;Divinópolis;3122306;Oeste de Minas;3109;Divinópolis;31043;312230605;31224855;EM UNIDADE DE APOIO DO SENAC;3;0;1;0;RUA MINAS GERAIS;1474;;CENTRO;35500007;.;.;2;6;0;0;0;0;0;0;0;0;0;0;0;0;0;0;0;;;0;0;0;0;0;0;0;0;0;0;0;0;0;0;0;0;0;0;0;0;0;0;0;0;0;0;0;0;0;0;0;0;0;0;0;0;0;0;0;0;0;0;0;0;0;0;0;0;0;0;0;0;0;0;0;0;0;0;0;0;0;0;0;0;0;0;0;0;0;0;0;0;0;0;0;0;0;0;0;0;0;0;0;0;0;0;0;0;0;0;0;0;0;0;0;0;0;0;0;0;0;0;0;0;0;0;0;0;0;0;0;0;0;0;0;0;0;0;0;0;0;0;0;0;0;0;0;0;0;0;0;0;0;0;0;0;0;0;0;0;0;0;0;0;0;0;0;0;0;0;0;0;0;0;0;0;0;0;0;0;0;0;0;0;0;0;0;0;0;0;0;0;0;0;0;0;0;0;0;0;0;0;0;0;0;0;0;0;0;0;0;0;0;0;0;0;0;0;0;0;0;0;0;0;0;0;0;0;0;0;0;0;0;0;0;0;0;0;0;0;0;0;0;0;0;0;0;0;0;0;0;0;0;0;0;0;0;0;0;0;0;0;0;0;0;0;0;0;0;0;0;0;0;0;0;0;0;0;0;0;0;0;0;0;0;0;0;0;0;0;0;0;0;0;0;0;0;0;0;0;0;0;0;0;0;0;0;0;0;0;0;0;0;0;0;0;0;0;0;0;0;0;0;0;0;0;0;0;0;0;0;0;0;0;0;0;0;0;0;0;0;0;0;0;0
2021;Sudeste;3;Minas Gerais;MG;31;Ipatinga;3131307;Vale do Rio Doce;3108;Ipatinga;31039;313130705;31341304;SENAC UNIDADE DE ENSINO TECNICO DO CEP DE IPATINGA;4;1;1;0;RUA ITAJUBA;;;;35160035;.;.;1;30;02JAN2021:00:00:00;15DEC2021:00:00:00;0;0;0;0;0;0;1;0;0;0;0;1;0;3,44724E+12;3,44724E+12;1;5;0;0;1;2;0;0;0;0;0;0;0;0;0;0;0;0;1;1;0;0;0;0;1;0;0;0;0;0;0;0;0;0;1;1;0;0;0;0;0;0;0;1;0;0;0;1;0;0;0;0;1;0;1;1;0;0;1;1;1;0;0;0;0;1;0;0;0;0;0;0;0;0;0;0;0;0;1;0;1;0;1;0;0;0;0;0;0;1;1;0;1;1;0;0;0;0;0;9;0;9;9;9;0;1;1;1;1;0;0;0;0;0;0;0;0;0;0;0;0;0;0;0;0;0;0;0;0;0;0;0;0;0;1;67;1;1;0;0;0;0;1;1;1;1;0;1;0;1;1;0;0;0;0;0;0;0;0;0;0;0;0;0;0;0;0;0;0;0;0;0;0;0;0;0;0;0;0;0;0;0;0;0;0;0;0;1;0;0;0;0;0;0;0;0;0;0;0;0;1;0;0;0;0;0;0;0;0;0;0;0;0;0;0;0;0;0;1;0;0;0;0;0;0;0;1;1;0;0;1;0;0;0;1;1;0;1;0;0;0;0;0;0;0;1;1;0;0;0;1;1;0;209;0;0;0;0;0;0;0;209;125;0;0;0;3;3;0;140;69;52;41;17;96;2;1;0;0;0;0;99;110;82;127;0;0;0;0;0;0;0;0;12;0;0;0;0;0;0;0;12;10;0;0;0;4;4;0;14;0;0;0;0;0;0;0;14;7;0;0;0;3;3;0
2021;Sudeste;3;Minas Gerais;MG;31;Janaúba;3135100;Norte de Minas;3102;Janaúba;31004;313510005;31363944;SENAC - UNIDADE DE ENSINO TECNICO DO CEP DE JANAUBA;4;0;1;0;AVENIDA DO COMERCIO;;;CENTRO;39442016;.;.;2;44;0;0;0;0;0;0;0;0;0;0;0;0;0;0;0;;;0;0;0;0;0;0;0;0;0;0;0;0;0;0;0;0;0;0;0;0;0;0;0;0;0;0;0;0;0;0;0;0;0;0;0;0;0;0;0;0;0;0;0;0;0;0;0;0;0;0;0;0;0;0;0;0;0;0;0;0;0;0;0;0;0;0;0;0;0;0;0;0;0;0;0;0;0;0;0;0;0;0;0;0;0;0;0;0;0;0;0;0;0;0;0;0;0;0;0;0;0;0;0;0;0;0;0;0;0;0;0;0;0;0;0;0;0;0;0;0;0;0;0;0;0;0;0;0;0;0;0;0;0;0;0;0;0;0;0;0;0;0;0;0;0;0;0;0;0;0;0;0;0;0;0;0;0;0;0;0;0;0;0;0;0;0;0;0;0;0;0;0;0;0;0;0;0;0;0;0;0;0;0;0;0;0;0;0;0;0;0;0;0;0;0;0;0;0;0;0;0;0;0;0;0;0;0;0;0;0;0;0;0;0;0;0;0;0;0;0;0;0;0;0;0;0;0;0;0;0;0;0;0;0;0;0;0;0;0;0;0;0;0;0;0;0;0;0;0;0;0;0;0;0;0;0;0;0;0;0;0;0;0;0;0;0;0;0;0;0;0;0;0;0;0;0;0;0;0;0;0;0;0;0;0;0;0;0;0;0;0;0;0;0;0;0;0;0;0;0;0;0;0;0;0;0;0;0;0;0;0;0;0;0;0;0;0;0;0;0;0;0;0;0;0
2021;Sudeste;3;Minas Gerais;MG;31;Pirapora;3151206;Norte de Minas;3102;Pirapora;31006;315120605;31358452;SENAC - UNIDADE DE ENSINO TECNICO DO CEP DE PIRAPORA;4;0;1;0;AVENIDA TIRADENTES;;;CENTRO;39270090;38;37413172;2;46;0;0;0;0;0;0;0;0;0;0;0;0;0;0;0;;;0;0;0;0;0;0;0;0;0;0;0;0;0;0;0;0;0;0;0;0;0;0;0;0;0;0;0;0;0;0;0;0;0;0;0;0;0;0;0;0;0;0;0;0;0;0;0;0;0;0;0;0;0;0;0;0;0;0;0;0;0;0;0;0;0;0;0;0;0;0;0;0;0;0;0;0;0;0;0;0;0;0;0;0;0;0;0;0;0;0;0;0;0;0;0;0;0;0;0;0;0;0;0;0;0;0;0;0;0;0;0;0;0;0;0;0;0;0;0;0;0;0;0;0;0;0;0;0;0;0;0;0;0;0;0;0;0;0;0;0;0;0;0;0;0;0;0;0;0;0;0;0;0;0;0;0;0;0;0;0;0;0;0;0;0;0;0;0;0;0;0;0;0;0;0;0;0;0;0;0;0;0;0;0;0;0;0;0;0;0;0;0;0;0;0;0;0;0;0;0;0;0;0;0;0;0;0;0;0;0;0;0;0;0;0;0;0;0;0;0;0;0;0;0;0;0;0;0;0;0;0;0;0;0;0;0;0;0;0;0;0;0;0;0;0;0;0;0;0;0;0;0;0;0;0;0;0;0;0;0;0;0;0;0;0;0;0;0;0;0;0;0;0;0;0;0;0;0;0;0;0;0;0;0;0;0;0;0;0;0;0;0;0;0;0;0;0;0;0;0;0;0;0;0;0;0;0;0;0;0;0;0;0;0;0;0;0;0;0;0;0;0;0;0;0
2021;Sudeste;3;Minas Gerais;MG;31;São Lourenço;3163706;Sul/Sudoeste de Minas;3110;São Lourenço;31054;316370605;31364061;CENTRO DE EDUCACAO PROFISSIONAL SENAC - SAO LOURENCO;4;0;1;0;RUA PRESIDENTE ARTHUR BERNARDES;85;;NOSSA SENHORA DE FATIMA;37470000;.;.;2;42;0;0;0;0;0;0;0;0;0;0;0;0;0;0;0;;;0;0;0;0;0;0;0;0;0;0;0;0;0;0;0;0;0;0;0;0;0;0;0;0;0;0;0;0;0;0;0;0;0;0;0;0;0;0;0;0;0;0;0;0;0;0;0;0;0;0;0;0;0;0;0;0;0;0;0;0;0;0;0;0;0;0;0;0;0;0;0;0;0;0;0;0;0;0;0;0;0;0;0;0;0;0;0;0;0;0;0;0;0;0;0;0;0;0;0;0;0;0;0;0;0;0;0;0;0;0;0;0;0;0;0;0;0;0;0;0;0;0;0;0;0;0;0;0;0;0;0;0;0;0;0;0;0;0;0;0;0;0;0;0;0;0;0;0;0;0;0;0;0;0;0;0;0;0;0;0;0;0;0;0;0;0;0;0;0;0;0;0;0;0;0;0;0;0;0;0;0;0;0;0;0;0;0;0;0;0;0;0;0;0;0;0;0;0;0;0;0;0;0;0;0;0;0;0;0;0;0;0;0;0;0;0;0;0;0;0;0;0;0;0;0;0;0;0;0;0;0;0;0;0;0;0;0;0;0;0;0;0;0;0;0;0;0;0;0;0;0;0;0;0;0;0;0;0;0;0;0;0;0;0;0;0;0;0;0;0;0;0;0;0;0;0;0;0;0;0;0;0;0;0;0;0;0;0;0;0;0;0;0;0;0;0;0;0;0;0;0;0;0;0;0;0;0;0;0;0;0;0;0;0;0;0;0;0;0;0;0;0;0;0;0
2021;Sudeste;3;Minas Gerais;MG;31;Sete Lagoas;3167202;Metropolitana de Belo Horizonte;3107;Sete Lagoas;31027;316720205;31312975;SENAC UNIDADE DE ENSINO TECNICO DO CEP DE SETE LAGOAS;4;1;1;0;RUA JOSE DUARTE DE PAIVA;775;;VILA SANTA HELENA;35700854;31;37796200;1;23;01FEB2021:00:00:00;15DEC2021:00:00:00;0;0;0;0;0;0;1;0;0;0;0;1;0;3,44724E+12;3,44724E+12;1;5;0;0;1;1;0;0;0;0;0;0;0;0;0;0;0;0;1;1;0;0;0;0;1;0;0;0;0;0;0;0;0;0;1;1;0;0;0;0;0;0;0;1;0;0;0;1;1;0;0;0;1;0;1;0;0;0;1;1;1;0;0;0;0;1;0;0;0;0;0;0;0;0;0;0;0;0;1;0;1;0;1;0;0;0;0;0;0;1;1;1;1;1;0;0;0;0;0;12;0;12;11;12;0;1;1;1;1;0;0;0;0;0;0;0;0;0;0;0;0;0;0;0;0;0;0;0;0;0;0;0;0;0;1;82;1;1;0;0;0;0;1;1;1;1;0;1;0;1;1;0;0;0;0;0;0;0;0;0;0;0;0;0;0;0;0;0;0;0;0;0;0;0;0;0;0;0;0;0;0;0;0;0;0;0;0;1;0;0;0;0;0;0;0;0;0;0;0;0;1;0;0;0;0;0;0;0;0;0;0;0;0;0;0;0;0;0;1;9;9;0;0;0;0;0;1;9;0;0;1;0;0;0;1;1;0;1;0;0;0;0;0;0;0;1;1;0;0;0;1;1;0;234;0;0;0;0;0;0;0;234;123;0;0;0;1;1;0;133;101;24;37;30;140;3;0;0;0;0;0;94;140;108;126;0;0;0;0;0;0;0;0;30;0;0;0;0;0;0;0;30;13;0;0;0;4;4;0;18;0;0;0;0;0;0;0;18;9;0;0;0;1;1;0
2021;Sudeste;3;Minas Gerais;MG;31;Tiradentes;3168804;Campo das Vertentes;3111;São João Del Rei;31058;316880405;31363952;CENTRO GASTRONOMICO SENAC - TIRADENTES;4;0;1;0;FRANCISCO DE PAULA;164;;CASCALHO;36325000;32;33552900;2;21;0;0;0;0;0;0;0;0;0;0;0;0;0;0;0;;;0;0;0;0;0;0;0;0;0;0;0;0;0;0;0;0;0;0;0;0;0;0;0;0;0;0;0;0;0;0;0;0;0;0;0;0;0;0;0;0;0;0;0;0;0;0;0;0;0;0;0;0;0;0;0;0;0;0;0;0;0;0;0;0;0;0;0;0;0;0;0;0;0;0;0;0;0;0;0;0;0;0;0;0;0;0;0;0;0;0;0;0;0;0;0;0;0;0;0;0;0;0;0;0;0;0;0;0;0;0;0;0;0;0;0;0;0;0;0;0;0;0;0;0;0;0;0;0;0;0;0;0;0;0;0;0;0;0;0;0;0;0;0;0;0;0;0;0;0;0;0;0;0;0;0;0;0;0;0;0;0;0;0;0;0;0;0;0;0;0;0;0;0;0;0;0;0;0;0;0;0;0;0;0;0;0;0;0;0;0;0;0;0;0;0;0;0;0;0;0;0;0;0;0;0;0;0;0;0;0;0;0;0;0;0;0;0;0;0;0;0;0;0;0;0;0;0;0;0;0;0;0;0;0;0;0;0;0;0;0;0;0;0;0;0;0;0;0;0;0;0;0;0;0;0;0;0;0;0;0;0;0;0;0;0;0;0;0;0;0;0;0;0;0;0;0;0;0;0;0;0;0;0;0;0;0;0;0;0;0;0;0;0;0;0;0;0;0;0;0;0;0;0;0;0;0;0;0;0;0;0;0;0;0;0;0;0;0;0;0;0;0;0;0;0
2021;Sudeste;3;Minas Gerais;MG;31;Três Marias;3169356;Central Mineira;3106;Três Marias;31024;316935605;31348392;SENAC - UNIDADE DE ENSINO TECNICO DO CEP TRES MARIAS;4;0;1;0;RUA VARZEA DA PALMA;77;;CENTRO;39205000;38;37542854;2;38;0;0;0;0;0;0;0;0;0;0;0;0;0;0;0;;;0;0;0;0;0;0;0;0;0;0;0;0;0;0;0;0;0;0;0;0;0;0;0;0;0;0;0;0;0;0;0;0;0;0;0;0;0;0;0;0;0;0;0;0;0;0;0;0;0;0;0;0;0;0;0;0;0;0;0;0;0;0;0;0;0;0;0;0;0;0;0;0;0;0;0;0;0;0;0;0;0;0;0;0;0;0;0;0;0;0;0;0;0;0;0;0;0;0;0;0;0;0;0;0;0;0;0;0;0;0;0;0;0;0;0;0;0;0;0;0;0;0;0;0;0;0;0;0;0;0;0;0;0;0;0;0;0;0;0;0;0;0;0;0;0;0;0;0;0;0;0;0;0;0;0;0;0;0;0;0;0;0;0;0;0;0;0;0;0;0;0;0;0;0;0;0;0;0;0;0;0;0;0;0;0;0;0;0;0;0;0;0;0;0;0;0;0;0;0;0;0;0;0;0;0;0;0;0;0;0;0;0;0;0;0;0;0;0;0;0;0;0;0;0;0;0;0;0;0;0;0;0;0;0;0;0;0;0;0;0;0;0;0;0;0;0;0;0;0;0;0;0;0;0;0;0;0;0;0;0;0;0;0;0;0;0;0;0;0;0;0;0;0;0;0;0;0;0;0;0;0;0;0;0;0;0;0;0;0;0;0;0;0;0;0;0;0;0;0;0;0;0;0;0;0;0;0;0;0;0;0;0;0;0;0;0;0;0;0;0;0;0;0;0;0
2021;Sudeste;3;Espírito Santo;ES;32;Vitória;3205309;Central Espírito-santense;3203;Vitória;32009;320530905;32067682;SERVICO NACIONAL DE APRENDIZAGEM COMERCIAL - SENAC;4;1;1;0;AVENIDA MARECHAL MASCARENHAS DE MORAES;2077;;BENTO FERREIRA;29050935;27;33258311;1;1;01JAN2021:00:00:00;31DEC2021:00:00:00;0;0;0;0;0;0;0;0;0;0;0;1;0;3,7433E+12;1E+14;1;1;0;0;1;1;0;0;0;0;0;0;0;0;0;1;0;0;1;1;0;0;0;0;1;0;0;0;0;0;1;0;0;0;0;1;0;0;0;0;0;0;0;0;0;1;0;1;1;1;0;0;1;0;1;1;1;0;1;1;1;0;1;0;1;1;1;1;0;0;0;0;0;1;0;0;0;0;1;1;1;0;1;1;0;0;0;0;0;1;1;0;1;1;0;0;0;0;0;133;0;133;108;0;0;1;1;1;1;1;0;1;3;1;10;1;10;0;0;1;80;0;0;0;0;0;0;0;0;0;0;0;0;0;1;150;1;30;1;1;0;0;1;1;1;1;0;1;1;2;1;0;1;39;1;30;1;2;0;0;1;2;0;0;0;0;0;0;0;0;1;20;1;1;1;88888;1;8;1;2;0;0;0;0;0;0;0;1;0;1;0;1;1;0;1;1;0;0;0;0;0;0;0;0;0;0;0;0;0;0;0;0;0;0;0;0;0;0;1;1;1;0;0;0;0;0;1;1;0;0;1;0;0;0;1;1;0;1;0;0;0;0;0;0;0;1;1;0;0;0;1;1;0;348;0;0;0;0;0;0;0;348;348;0;0;0;3;3;0;234;114;16;96;41;195;0;0;0;0;0;0;23;325;201;147;0;0;0;0;0;0;0;0;56;0;0;0;0;0;0;0;56;56;0;0;0;9;9;0;20;0;0;0;0;0;0;0;20;20;0;0;0;3;3;0
2021;Sudeste;3;Rio de Janeiro;RJ;33;Angra dos Reis;3300100;Sul Fluminense;3305;Baía da Ilha Grande;33013;330010005;33175608;SENAC ANGRA DOS REIS;4;0;1;0;RUA DR. CARLOS AMARAL BRASIL;;50;JARDIM BALNEARIO;23906040;.;.;2;11003;0;0;0;0;0;0;0;0;0;0;0;0;0;0;0;;;0;0;0;0;0;0;0;0;0;0;0;0;0;0;0;0;0;0;0;0;0;0;0;0;0;0;0;0;0;0;0;0;0;0;0;0;0;0;0;0;0;0;0;0;0;0;0;0;0;0;0;0;0;0;0;0;0;0;0;0;0;0;0;0;0;0;0;0;0;0;0;0;0;0;0;0;0;0;0;0;0;0;0;0;0;0;0;0;0;0;0;0;0;0;0;0;0;0;0;0;0;0;0;0;0;0;0;0;0;0;0;0;0;0;0;0;0;0;0;0;0;0;0;0;0;0;0;0;0;0;0;0;0;0;0;0;0;0;0;0;0;0;0;0;0;0;0;0;0;0;0;0;0;0;0;0;0;0;0;0;0;0;0;0;0;0;0;0;0;0;0;0;0;0;0;0;0;0;0;0;0;0;0;0;0;0;0;0;0;0;0;0;0;0;0;0;0;0;0;0;0;0;0;0;0;0;0;0;0;0;0;0;0;0;0;0;0;0;0;0;0;0;0;0;0;0;0;0;0;0;0;0;0;0;0;0;0;0;0;0;0;0;0;0;0;0;0;0;0;0;0;0;0;0;0;0;0;0;0;0;0;0;0;0;0;0;0;0;0;0;0;0;0;0;0;0;0;0;0;0;0;0;0;0;0;0;0;0;0;0;0;0;0;0;0;0;0;0;0;0;0;0;0;0;0;0;0;0;0;0;0;0;0;0;0;0;0;0;0;0;0;0;0;0;0
2021;Sudeste;3;Rio de Janeiro;RJ;33;Barra do Piraí;3300308;Sul Fluminense;3305;Barra do Piraí;33012;330030805;33175004;SENAC BARRA DO PIRAI;4;0;1;0;RUA JOSE ALVES PIMENTA;;S/N;MATADOURO;27115010;.;.;2;11002;0;0;0;0;0;0;0;0;0;0;0;0;0;0;0;;;0;0;0;0;0;0;0;0;0;0;0;0;0;0;0;0;0;0;0;0;0;0;0;0;0;0;0;0;0;0;0;0;0;0;0;0;0;0;0;0;0;0;0;0;0;0;0;0;0;0;0;0;0;0;0;0;0;0;0;0;0;0;0;0;0;0;0;0;0;0;0;0;0;0;0;0;0;0;0;0;0;0;0;0;0;0;0;0;0;0;0;0;0;0;0;0;0;0;0;0;0;0;0;0;0;0;0;0;0;0;0;0;0;0;0;0;0;0;0;0;0;0;0;0;0;0;0;0;0;0;0;0;0;0;0;0;0;0;0;0;0;0;0;0;0;0;0;0;0;0;0;0;0;0;0;0;0;0;0;0;0;0;0;0;0;0;0;0;0;0;0;0;0;0;0;0;0;0;0;0;0;0;0;0;0;0;0;0;0;0;0;0;0;0;0;0;0;0;0;0;0;0;0;0;0;0;0;0;0;0;0;0;0;0;0;0;0;0;0;0;0;0;0;0;0;0;0;0;0;0;0;0;0;0;0;0;0;0;0;0;0;0;0;0;0;0;0;0;0;0;0;0;0;0;0;0;0;0;0;0;0;0;0;0;0;0;0;0;0;0;0;0;0;0;0;0;0;0;0;0;0;0;0;0;0;0;0;0;0;0;0;0;0;0;0;0;0;0;0;0;0;0;0;0;0;0;0;0;0;0;0;0;0;0;0;0;0;0;0;0;0;0;0;0;0
2021;Sudeste;3;Rio de Janeiro;RJ;33;Barra Mansa;3300407;Sul Fluminense;3305;Vale do Paraíba Fluminense;33011;330040705;33175209;SENAC BARRA MANSA;4;0;1;0;RUA LUIZ PONCE;;103;CENTRO;27310400;.;.;2;11003;0;0;0;0;0;0;0;0;0;0;0;0;0;0;0;;;0;0;0;0;0;0;0;0;0;0;0;0;0;0;0;0;0;0;0;0;0;0;0;0;0;0;0;0;0;0;0;0;0;0;0;0;0;0;0;0;0;0;0;0;0;0;0;0;0;0;0;0;0;0;0;0;0;0;0;0;0;0;0;0;0;0;0;0;0;0;0;0;0;0;0;0;0;0;0;0;0;0;0;0;0;0;0;0;0;0;0;0;0;0;0;0;0;0;0;0;0;0;0;0;0;0;0;0;0;0;0;0;0;0;0;0;0;0;0;0;0;0;0;0;0;0;0;0;0;0;0;0;0;0;0;0;0;0;0;0;0;0;0;0;0;0;0;0;0;0;0;0;0;0;0;0;0;0;0;0;0;0;0;0;0;0;0;0;0;0;0;0;0;0;0;0;0;0;0;0;0;0;0;0;0;0;0;0;0;0;0;0;0;0;0;0;0;0;0;0;0;0;0;0;0;0;0;0;0;0;0;0;0;0;0;0;0;0;0;0;0;0;0;0;0;0;0;0;0;0;0;0;0;0;0;0;0;0;0;0;0;0;0;0;0;0;0;0;0;0;0;0;0;0;0;0;0;0;0;0;0;0;0;0;0;0;0;0;0;0;0;0;0;0;0;0;0;0;0;0;0;0;0;0;0;0;0;0;0;0;0;0;0;0;0;0;0;0;0;0;0;0;0;0;0;0;0;0;0;0;0;0;0;0;0;0;0;0;0;0;0;0;0;0;0
2021;Sudeste;3;Rio de Janeiro;RJ;33;Cabo Frio;3300704;Baixadas;3304;Lagos;33010;330070405;33176000;SENAC CABO FRIO;4;1;1;0;AVENIDA TEIXEIRA E SOUZA;31;;CENTRO;28907410;.;.;1;11001;06JAN2021:00:00:00;16DEC2021:00:00:00;0;0;0;0;0;0;0;0;0;0;0;1;0;3,67235E+12;1E+14;1;1;0;0;1;2;0;0;0;0;0;0;0;0;0;0;0;0;1;1;0;0;0;0;1;0;0;0;0;0;1;0;0;0;0;1;0;0;0;0;0;0;0;0;0;0;1;0;0;0;0;0;1;0;1;1;0;0;0;0;0;0;0;0;0;1;0;0;0;0;0;0;0;0;0;0;0;0;0;0;1;0;1;0;0;0;0;0;0;1;1;0;1;0;0;0;1;0;0;8;0;8;8;7;0;1;1;1;1;1;0;1;1;1;1;1;3;0;0;1;7;0;0;0;0;0;0;0;0;0;0;0;0;0;1;20;1;20;0;0;0;0;1;1;1;1;1;1;1;3;1;0;1;2;1;2;0;0;0;0;0;0;0;0;0;0;0;0;0;0;1;88888;1;1;0;0;0;0;1;1;0;0;0;0;0;0;0;1;0;1;0;0;1;0;0;0;0;0;0;0;0;0;0;0;0;0;0;0;0;0;0;0;0;0;0;0;0;0;1;0;0;0;0;0;0;0;1;1;0;0;1;0;0;0;1;1;0;1;0;0;0;0;0;0;0;1;1;0;0;0;0;0;0;21;0;0;0;0;0;0;0;21;21;0;0;0;0;0;0;21;0;21;0;0;0;0;0;0;0;0;0;0;21;9;12;0;0;0;0;0;0;0;0;2;0;0;0;0;0;0;0;2;2;0;0;0;0;0;0;2;0;0;0;0;0;0;0;2;2;0;0;0;0;0;0
2021;Sudeste;3;Rio de Janeiro;RJ;33;Campos dos Goytacazes;3301009;Norte Fluminense;3302;Campos dos Goytacazes;33003;330100905;33177406;SENAC CAMPOS;4;1;1;0;RUA CORA DE ALVARENGA;;151;PARQUE LEOPOLDINA;28051271;.;.;1;11012;06JAN2021:00:00:00;16DEC2021:00:00:00;0;0;0;0;0;0;0;0;0;0;0;1;0;3,67235E+12;1E+14;1;1;0;0;1;1;0;0;0;0;0;0;0;0;0;0;0;0;1;1;0;0;0;0;1;0;0;0;0;0;1;0;0;0;0;1;0;0;0;0;0;0;0;0;0;0;1;1;1;1;0;0;1;0;1;1;0;0;1;1;0;0;0;0;0;1;0;0;0;0;0;0;0;1;0;0;0;0;1;1;1;0;1;0;0;0;0;0;0;1;1;1;1;1;0;1;1;0;0;18;0;18;18;0;0;1;1;1;1;1;0;0;0;1;2;1;2;0;0;1;18;0;0;0;0;0;0;0;0;0;0;0;0;0;1;45;0;0;0;0;0;0;1;1;1;1;1;1;1;3;1;0;1;7;1;6;1;1;0;0;1;4;0;0;0;0;0;0;0;0;1;2;1;1;1;1;1;3;1;1;0;0;0;0;0;0;0;1;0;1;0;0;1;0;0;0;0;0;0;0;0;0;0;0;0;0;0;0;0;0;0;0;0;0;0;0;0;0;1;0;0;0;0;0;0;0;1;1;0;0;1;0;0;0;1;1;0;1;0;0;0;0;0;0;0;1;1;0;0;0;0;0;0;176;0;0;0;0;0;0;0;176;176;0;0;0;0;0;0;150;26;176;0;0;0;0;0;0;0;0;0;0;176;111;65;0;0;0;0;0;0;0;0;7;0;0;0;0;0;0;0;7;7;0;0;0;0;0;0;9;0;0;0;0;0;0;0;9;9;0;0;0;0;0;0
2021;Sudeste;3;Rio de Janeiro;RJ;33;Duque de Caxias;3301702;Metropolitana do Rio de Janeiro;3306;Rio de Janeiro;33018;330170205;33173001;SENAC DUQUE DE CAXIAS;4;1;1;0;AV. BRIGADEIRO LIMA E SILVA;764;;25 DE AGOSTO;25085132;.;.;1;11008;06JAN2021:00:00:00;16DEC2021:00:00:00;0;0;0;0;0;0;0;0;0;0;0;1;0;3,67235E+12;1E+14;1;1;0;0;1;1;0;0;0;0;0;0;0;0;0;0;0;0;1;1;0;0;0;0;1;0;0;0;0;0;1;0;0;0;0;1;0;0;0;0;0;0;0;0;0;0;1;1;1;1;0;0;1;0;1;0;0;0;0;1;0;0;0;0;0;1;1;0;0;0;0;0;0;0;0;0;0;0;0;1;1;0;1;0;0;0;0;0;0;1;1;0;1;1;0;0;1;0;0;25;0;25;25;0;1;1;0;1;1;1;0;0;0;1;3;1;2;0;0;1;20;0;0;0;0;0;0;0;0;0;0;0;0;0;1;76;1;30;0;0;0;0;1;1;0;1;0;1;0;1;1;0;1;9;1;7;1;1;0;0;0;0;0;0;0;0;0;0;0;0;1;9;1;1;1;5;0;0;1;1;0;0;0;0;0;0;0;1;0;1;0;0;1;0;0;0;0;0;0;0;0;0;0;0;0;0;0;0;0;0;0;0;0;0;0;0;0;0;1;0;0;0;0;0;0;0;1;1;0;0;1;0;0;0;1;1;0;1;0;0;0;0;0;0;0;1;1;0;0;0;0;0;0;175;0;0;0;0;0;0;0;175;175;0;0;0;0;0;0;109;66;175;0;0;0;0;0;0;0;0;0;0;175;56;119;0;0;0;0;0;0;0;0;27;0;0;0;0;0;0;0;27;27;0;0;0;0;0;0;9;0;0;0;0;0;0;0;9;9;0;0;0;0;0;0
2021;Sudeste;3;Rio de Janeiro;RJ;33;Itaperuna;3302205;Noroeste Fluminense;3301;Itaperuna;33001;330220505;33178607;SENAC ITAPERUNA;4;1;1;0;AVENIDA PRESIDENTE DUTRA;527;;CIDADE NOVA;28300000;.;.;1;11011;06JAN2021:00:00:00;16DEC2021:00:00:00;0;0;0;0;0;0;0;0;0;0;0;1;0;3,67235E+12;1E+14;1;1;0;0;1;2;0;0;0;0;0;0;0;0;0;0;0;0;1;1;0;0;0;0;1;0;0;0;0;0;1;0;0;0;0;1;0;0;0;0;0;0;0;0;0;0;1;1;0;0;0;0;1;0;1;1;0;0;1;1;0;1;0;0;0;1;0;0;0;0;0;0;0;0;0;0;0;0;1;0;1;0;1;0;0;0;0;0;0;0;0;0;1;1;0;0;1;0;0;5;0;5;5;5;0;1;0;0;1;0;0;0;0;1;2;1;1;0;0;1;5;0;0;0;0;0;0;0;0;0;0;0;0;0;1;2;1;14;0;0;0;0;1;1;1;1;0;1;1;3;1;0;1;7;1;2;1;1;1;1;0;0;0;0;0;0;0;0;0;0;1;1;1;1;0;0;1;2;1;1;0;0;0;0;0;0;0;1;0;1;0;1;1;0;0;0;0;0;0;0;0;0;0;0;0;0;0;0;0;0;0;0;0;0;0;0;0;0;1;0;0;0;0;0;0;0;1;1;0;0;1;0;0;0;1;1;0;1;0;0;0;0;0;0;0;1;1;0;0;0;0;0;0;80;0;0;0;0;0;0;0;80;80;0;0;0;0;0;0;65;15;80;0;0;0;0;0;0;0;0;0;0;80;29;51;0;0;0;0;0;0;0;0;5;0;0;0;0;0;0;0;5;5;0;0;0;0;0;0;3;0;0;0;0;0;0;0;3;3;0;0;0;0;0;0
2021;Sudeste;3;Rio de Janeiro;RJ;33;Macaé;3302403;Norte Fluminense;3302;Macaé;33004;330240305;33185140;SENAC MACAE;4;0;1;0;RUA ZACARIAS DE MACEDO;;104;VISCONDE DE ARAUJO;27943170;.;.;2;11012;0;0;0;0;0;0;0;0;0;0;0;0;0;0;0;;;0;0;0;0;0;0;0;0;0;0;0;0;0;0;0;0;0;0;0;0;0;0;0;0;0;0;0;0;0;0;0;0;0;0;0;0;0;0;0;0;0;0;0;0;0;0;0;0;0;0;0;0;0;0;0;0;0;0;0;0;0;0;0;0;0;0;0;0;0;0;0;0;0;0;0;0;0;0;0;0;0;0;0;0;0;0;0;0;0;0;0;0;0;0;0;0;0;0;0;0;0;0;0;0;0;0;0;0;0;0;0;0;0;0;0;0;0;0;0;0;0;0;0;0;0;0;0;0;0;0;0;0;0;0;0;0;0;0;0;0;0;0;0;0;0;0;0;0;0;0;0;0;0;0;0;0;0;0;0;0;0;0;0;0;0;0;0;0;0;0;0;0;0;0;0;0;0;0;0;0;0;0;0;0;0;0;0;0;0;0;0;0;0;0;0;0;0;0;0;0;0;0;0;0;0;0;0;0;0;0;0;0;0;0;0;0;0;0;0;0;0;0;0;0;0;0;0;0;0;0;0;0;0;0;0;0;0;0;0;0;0;0;0;0;0;0;0;0;0;0;0;0;0;0;0;0;0;0;0;0;0;0;0;0;0;0;0;0;0;0;0;0;0;0;0;0;0;0;0;0;0;0;0;0;0;0;0;0;0;0;0;0;0;0;0;0;0;0;0;0;0;0;0;0;0;0;0;0;0;0;0;0;0;0;0;0;0;0;0;0;0;0;0;0;0
2021;Sudeste;3;Rio de Janeiro;RJ;33;Niterói;3303302;Metropolitana do Rio de Janeiro;3306;Rio de Janeiro;33018;330330205;33174806;SENAC NITEROI;4;1;1;0;RUA ALMIRANTE TEFFE;680;;CENTRO;24030085;.;.;1;11001;06JAN2021:00:00:00;16DEC2021:00:00:00;0;0;0;0;0;0;0;0;0;0;0;1;0;3,67235E+12;1E+14;1;1;0;0;1;1;0;0;0;0;0;0;0;0;0;0;0;0;1;1;0;0;0;0;1;0;0;0;0;0;1;0;0;0;0;1;0;0;0;0;0;0;0;0;0;0;1;1;0;1;0;0;1;0;1;1;1;0;1;1;1;1;0;0;0;1;0;0;0;0;0;0;0;1;0;0;0;0;1;1;1;0;1;0;0;0;0;0;0;1;1;0;1;1;0;0;0;0;0;36;0;36;36;36;0;1;0;0;1;1;0;1;1;1;1;1;2;0;0;1;3;0;0;0;0;0;0;0;0;0;0;0;0;0;1;100;0;0;0;0;0;0;1;1;1;1;0;1;0;3;1;0;1;14;1;8;1;2;1;4;0;0;0;0;0;0;0;0;0;0;1;9;1;1;1;3;0;0;1;1;0;0;0;0;0;0;0;1;0;1;0;0;1;0;0;0;0;0;0;0;0;0;0;0;0;0;0;0;0;0;0;0;0;0;0;0;0;0;1;0;0;0;0;0;0;0;1;1;0;0;1;0;0;0;1;1;0;1;0;0;0;0;0;0;0;1;1;0;0;0;1;1;0;488;0;0;0;0;0;0;0;488;488;0;0;0;4;4;0;330;158;488;0;0;0;0;0;0;0;0;0;17;471;169;319;0;0;0;0;0;0;0;0;38;0;0;0;0;0;0;0;38;38;0;0;0;4;4;0;22;0;0;0;0;0;0;0;22;22;0;0;0;3;3;0
2021;Sudeste;3;Rio de Janeiro;RJ;33;Nova Friburgo;3303401;Centro Fluminense;3303;Nova Friburgo;33007;330340105;33179204;SENAC NOVA FRIBURGO;4;1;1;0;AVENIDA ALBERTO BRAUNE;135;LOJA 07 GALER;CENTRO;28613001;.;.;1;11014;06JAN2021:00:00:00;16DEC2021:00:00:00;0;0;0;0;0;0;0;0;0;0;0;1;0;3,67235E+12;1E+14;1;1;0;0;1;2;0;0;0;0;0;0;0;0;0;0;0;0;1;1;0;0;0;0;1;0;0;0;0;0;1;0;0;0;0;1;0;0;0;0;0;0;0;0;0;0;1;1;0;0;0;0;1;0;1;0;0;0;0;1;1;0;0;0;0;1;0;0;0;0;0;0;0;0;0;0;0;0;1;1;1;0;1;0;0;0;0;0;0;1;0;0;1;0;0;0;1;0;0;8;0;8;8;3;0;1;1;1;1;1;0;0;0;1;2;1;4;0;0;1;8;0;0;0;0;0;0;0;0;0;0;0;0;0;1;21;1;20;0;0;0;0;1;1;1;1;0;1;1;3;1;0;1;5;1;2;1;1;0;0;1;3;0;0;0;0;0;0;0;0;1;1;1;1;1;1;0;0;1;1;0;0;0;0;0;0;0;1;0;1;0;0;1;0;0;0;0;0;0;0;0;0;0;0;0;0;0;0;0;0;0;0;0;0;0;0;0;0;1;0;0;0;0;0;0;0;1;1;0;0;1;0;0;0;1;1;0;1;0;0;0;0;0;0;0;1;1;0;0;0;0;0;0;149;0;0;0;0;0;0;0;149;149;0;0;0;0;0;0;128;21;149;0;0;0;0;0;0;0;0;0;0;149;81;68;0;0;0;0;0;0;0;0;9;0;0;0;0;0;0;0;9;9;0;0;0;0;0;0;11;0;0;0;0;0;0;0;11;11;0;0;0;0;0;0
2021;Sudeste;3;Rio de Janeiro;RJ;33;Nova Iguaçu;3303500;Metropolitana do Rio de Janeiro;3306;Rio de Janeiro;33018;330350005;33173400;SENAC NOVA IGUACU 1;4;1;1;0;RUA LUIS DE LIMA;;268;CENTRO;26221080;.;.;1;11004;06JAN2021:00:00:00;16DEC2021:00:00:00;0;0;0;0;0;0;0;0;0;0;0;1;0;3,67235E+12;1E+14;1;1;0;0;1;2;0;0;0;0;0;0;0;0;0;0;0;0;1;1;0;0;0;0;1;0;0;0;0;0;1;0;0;0;0;1;0;0;0;0;0;0;0;0;0;0;1;1;1;0;0;0;1;0;1;1;0;0;1;1;0;0;0;0;0;1;0;0;0;0;0;0;0;0;0;0;0;0;1;1;1;0;1;0;0;0;0;0;0;1;1;1;1;1;0;1;1;0;0;29;0;29;29;29;0;1;1;1;1;1;0;0;0;0;0;0;0;0;0;1;25;0;0;0;0;0;0;0;0;0;0;0;0;0;1;88888;1;13;0;0;0;0;1;1;1;1;0;1;0;3;1;0;1;88888;1;88888;1;1;0;0;1;88888;0;0;0;0;0;0;0;0;1;2;1;1;1;88888;0;0;1;1;0;0;0;0;0;0;0;1;0;1;0;0;1;0;0;0;0;0;0;0;0;0;0;0;0;0;0;0;0;0;0;0;0;0;0;0;0;0;1;0;0;0;0;0;0;0;1;1;0;0;1;0;0;0;1;1;0;1;0;0;0;0;0;0;0;1;1;0;0;0;0;0;0;23;0;0;0;0;0;0;0;23;23;0;0;0;0;0;0;22;1;23;0;0;0;0;0;0;0;0;0;0;23;6;17;0;0;0;0;0;0;0;0;2;0;0;0;0;0;0;0;2;2;0;0;0;0;0;0;2;0;0;0;0;0;0;0;2;2;0;0;0;0;0;0
2021;Sudeste;3;Rio de Janeiro;RJ;33;Nova Iguaçu;3303500;Metropolitana do Rio de Janeiro;3306;Rio de Janeiro;33018;330350005;33174075;SENAC NOVA IGUACU;4;1;1;0;RUA CEL. CARLOS MATOS;;86;CENTRO;26210200;.;.;1;11004;06JAN2021:00:00:00;16DEC2021:00:00:00;0;0;0;0;0;0;0;0;0;0;0;1;0;3,67235E+12;1E+14;1;1;0;0;1;2;0;0;0;0;0;0;0;0;0;0;0;0;1;1;0;0;0;0;1;0;0;0;0;0;1;0;0;0;0;1;0;0;0;0;0;0;0;0;0;0;1;1;1;1;0;0;1;0;1;1;0;0;1;1;0;0;0;0;0;1;0;0;0;0;0;0;0;0;0;0;0;0;1;0;1;0;1;0;0;0;0;0;0;1;1;1;1;1;0;1;1;0;0;29;0;29;29;29;0;1;1;1;1;1;0;0;0;0;0;0;0;0;0;1;25;0;0;0;0;0;0;0;0;0;0;0;0;0;1;175;0;0;0;0;0;0;1;1;1;1;0;1;0;3;1;0;1;11;1;7;1;1;0;0;1;4;0;0;0;0;0;0;0;0;1;2;1;1;1;4;0;0;0;0;0;0;0;0;0;0;0;1;0;1;0;0;1;0;0;0;0;0;0;0;0;0;0;0;0;0;0;0;0;0;0;0;0;0;0;0;0;0;1;0;0;0;0;0;0;0;1;1;0;0;1;0;0;0;1;1;0;1;0;0;0;0;0;0;0;1;1;0;0;0;1;1;0;300;0;0;0;0;0;0;0;300;300;0;0;0;1;1;0;173;127;264;10;4;21;1;0;0;0;0;0;110;190;225;75;0;0;0;0;0;0;0;0;18;0;0;0;0;0;0;0;18;18;0;0;0;3;3;0;15;0;0;0;0;0;0;0;15;15;0;0;0;1;1;0
2021;Sudeste;3;Rio de Janeiro;RJ;33;Petrópolis;3303906;Metropolitana do Rio de Janeiro;3306;Serrana;33015;330390605;33174601;SENAC PETROPOLIS;4;1;1;0;RUA ALFREDO PACHA;;26;CENTRO;25685210;.;.;1;11013;06JAN2021:00:00:00;16DEC2021:00:00:00;0;0;0;0;0;0;0;0;0;0;0;1;0;3,67235E+12;1E+14;1;1;0;0;1;3;0;0;0;0;0;0;0;0;0;0;0;0;1;1;0;0;0;0;1;0;0;0;0;0;1;0;0;0;0;1;0;0;0;0;0;0;0;0;0;0;1;1;1;0;0;0;1;0;1;0;0;0;1;1;0;0;0;0;0;1;0;0;0;0;0;0;0;0;0;0;0;0;1;1;1;0;1;0;0;0;0;0;0;1;0;1;0;1;0;1;1;0;0;6;6;12;5;6;0;1;1;1;1;1;0;0;0;1;2;1;3;0;0;1;9;0;0;0;0;0;0;0;0;0;0;0;0;0;1;39;0;0;0;0;0;0;1;1;1;1;0;1;0;3;1;0;1;5;0;0;1;1;0;0;0;0;0;0;0;0;0;0;0;0;1;1;1;1;1;4;1;4;1;1;0;0;0;0;0;0;0;1;0;0;0;0;0;0;0;0;0;0;0;0;1;0;0;0;0;0;0;0;0;0;0;0;0;0;0;0;0;0;1;0;0;0;0;0;0;0;1;1;0;0;1;0;0;0;1;1;0;1;0;0;0;0;0;0;0;1;1;0;0;0;1;1;0;118;0;0;0;0;0;0;0;118;118;0;0;0;1;1;0;102;16;117;1;0;0;0;0;0;0;0;0;0;118;65;53;0;0;0;0;0;0;0;0;12;0;0;0;0;0;0;0;12;12;0;0;0;6;6;0;9;0;0;0;0;0;0;0;9;9;0;0;0;1;1;0
2021;Sudeste;3;Rio de Janeiro;RJ;33;Resende;3304201;Sul Fluminense;3305;Vale do Paraíba Fluminense;33011;330420105;33176205;SENAC RESENDE;4;1;1;0;RUA SARKIS JOSE SARKIS;;80;JARDIM JALISCO;27510100;.;.;1;11003;06JAN2021:00:00:00;16DEC2021:00:00:00;0;0;0;0;0;0;0;0;0;0;0;1;0;3,67235E+12;1E+14;1;1;0;0;1;3;0;0;0;0;0;0;0;0;0;0;0;0;1;1;0;0;0;0;1;0;0;0;0;0;1;0;0;0;0;1;0;0;0;0;0;0;0;0;0;0;1;1;1;1;0;0;1;0;1;1;0;0;1;1;1;1;0;0;0;1;1;0;0;0;0;0;0;0;0;0;0;0;1;1;1;0;1;0;0;0;0;0;0;1;1;0;1;1;0;1;1;0;0;19;0;19;18;18;1;1;1;1;1;1;0;1;4;1;4;1;3;0;0;0;0;0;0;0;0;0;0;0;0;0;0;0;0;0;1;19;0;0;1;4;0;0;1;1;1;1;1;1;0;2;1;0;1;3;1;4;1;1;0;0;0;0;0;0;0;0;0;0;0;0;1;1;1;1;1;4;0;0;1;1;0;0;0;0;0;0;0;1;0;1;0;0;1;0;0;0;0;0;0;0;0;0;0;0;0;0;0;0;0;0;0;0;0;0;0;0;0;0;1;0;0;0;0;0;0;0;1;1;0;0;1;0;0;0;1;1;0;1;0;0;0;0;0;0;0;1;1;0;0;0;0;0;0;202;0;0;0;0;0;0;0;202;202;0;0;0;0;0;0;173;29;202;0;0;0;0;0;0;0;0;0;0;202;81;121;0;0;0;0;0;0;0;0;9;0;0;0;0;0;0;0;9;9;0;0;0;0;0;0;7;0;0;0;0;0;0;0;7;7;0;0;0;0;0;0
2021;Sudeste;3;Rio de Janeiro;RJ;33;Rio das Ostras;3304524;Baixadas;3304;Bacia de São João;33009;330452405;33178801;SENAC RIO DAS OSTRAS;4;0;1;0;RUA RIO DE JANEIRO;;S/N;EXTENSAO DO BOSQUE;28893334;.;.;2;11012;0;0;0;0;0;0;0;0;0;0;0;0;0;0;0;;;0;0;0;0;0;0;0;0;0;0;0;0;0;0;0;0;0;0;0;0;0;0;0;0;0;0;0;0;0;0;0;0;0;0;0;0;0;0;0;0;0;0;0;0;0;0;0;0;0;0;0;0;0;0;0;0;0;0;0;0;0;0;0;0;0;0;0;0;0;0;0;0;0;0;0;0;0;0;0;0;0;0;0;0;0;0;0;0;0;0;0;0;0;0;0;0;0;0;0;0;0;0;0;0;0;0;0;0;0;0;0;0;0;0;0;0;0;0;0;0;0;0;0;0;0;0;0;0;0;0;0;0;0;0;0;0;0;0;0;0;0;0;0;0;0;0;0;0;0;0;0;0;0;0;0;0;0;0;0;0;0;0;0;0;0;0;0;0;0;0;0;0;0;0;0;0;0;0;0;0;0;0;0;0;0;0;0;0;0;0;0;0;0;0;0;0;0;0;0;0;0;0;0;0;0;0;0;0;0;0;0;0;0;0;0;0;0;0;0;0;0;0;0;0;0;0;0;0;0;0;0;0;0;0;0;0;0;0;0;0;0;0;0;0;0;0;0;0;0;0;0;0;0;0;0;0;0;0;0;0;0;0;0;0;0;0;0;0;0;0;0;0;0;0;0;0;0;0;0;0;0;0;0;0;0;0;0;0;0;0;0;0;0;0;0;0;0;0;0;0;0;0;0;0;0;0;0;0;0;0;0;0;0;0;0;0;0;0;0;0;0;0;0;0;0
2021;Sudeste;3;Rio de Janeiro;RJ;33;Rio de Janeiro;3304557;Metropolitana do Rio de Janeiro;3306;Rio de Janeiro;33018;330455705;33161275;SENAC IRAJA;4;1;1;0;RUA EMILIANO FELIPE;;173;IRAJA;21230145;.;.;1;11006;01JAN2021:00:00:00;31DEC2021:00:00:00;0;0;0;0;0;0;0;0;0;0;0;1;0;3,67235E+12;1E+14;1;1;0;0;1;1;0;0;0;0;0;0;0;0;0;0;0;0;1;1;0;0;0;0;1;0;0;0;0;0;1;0;0;0;0;1;0;0;0;0;0;0;0;0;0;0;1;1;1;1;0;0;1;0;1;1;0;0;1;1;0;0;0;0;0;1;0;0;0;0;0;0;0;0;0;0;0;0;1;1;1;0;1;0;0;0;0;0;0;1;1;1;1;1;0;1;1;0;0;27;0;27;27;0;1;1;1;1;1;1;0;1;1;1;1;1;1;0;0;1;1;0;0;0;0;0;0;0;0;0;0;0;0;0;1;1;0;0;0;0;0;0;1;1;1;1;0;1;1;3;1;0;1;1;0;0;1;1;0;0;0;0;0;0;0;0;0;0;0;0;1;1;1;1;0;0;0;0;0;0;0;0;0;0;0;0;0;1;0;1;0;0;1;0;0;0;0;0;0;0;0;0;0;0;0;0;0;0;0;0;0;0;0;0;0;0;0;0;1;0;0;0;0;0;0;0;1;1;0;0;1;0;0;0;1;1;0;1;0;0;0;0;0;0;0;1;1;0;0;0;1;1;0;189;0;0;0;0;0;0;0;189;189;0;0;0;1;1;0;149;40;188;1;0;0;0;0;0;0;0;0;1;188;102;87;0;0;0;0;0;0;0;0;20;0;0;0;0;0;0;0;20;20;0;0;0;1;1;0;8;0;0;0;0;0;0;0;8;8;0;0;0;1;1;0
2021;Sudeste;3;Rio de Janeiro;RJ;33;Rio de Janeiro;3304557;Metropolitana do Rio de Janeiro;3306;Rio de Janeiro;33018;330455705;33161283;SENAC BOTAFOGO;4;1;1;0;RUA BAMBINA;;107;BOTAFOGO;22251050;.;.;1;11009;06JAN2021:00:00:00;16DEC2021:00:00:00;0;0;0;0;0;0;0;0;0;0;0;1;0;3,67235E+12;1E+14;1;1;0;0;1;1;0;0;0;0;0;0;0;0;0;0;0;0;1;1;0;0;0;0;1;0;0;0;0;0;1;0;0;0;0;1;0;0;0;0;0;0;0;0;0;0;1;0;0;1;0;0;1;0;1;1;1;0;1;1;0;0;0;0;0;1;0;0;0;0;0;0;0;0;0;0;0;0;1;0;1;0;1;0;0;0;0;0;0;1;1;0;1;1;0;0;0;0;0;26;0;26;23;23;0;1;1;1;1;1;0;0;0;1;5;1;1;1;2;1;20;0;0;0;0;0;0;0;0;0;0;0;0;0;1;100;1;87;0;0;0;0;1;1;1;1;0;1;1;3;1;0;1;10;0;0;1;1;0;0;0;0;0;0;0;0;0;0;0;0;1;1;1;1;0;0;0;0;1;1;0;0;0;0;0;0;0;1;0;1;0;0;1;0;0;0;0;0;0;0;0;0;0;0;0;0;0;0;0;0;0;0;0;0;0;0;0;0;1;0;0;0;0;0;0;0;1;1;0;0;1;0;0;0;1;1;0;1;0;0;0;0;0;0;0;1;1;0;0;0;1;1;0;163;0;0;0;0;0;0;0;163;163;0;0;0;2;2;0;132;31;163;0;0;0;0;0;0;0;0;0;0;163;101;62;0;0;0;0;0;0;0;0;31;0;0;0;0;0;0;0;31;31;0;0;0;4;4;0;11;0;0;0;0;0;0;0;11;11;0;0;0;2;2;0
2021;Sudeste;3;Rio de Janeiro;RJ;33;Rio de Janeiro;3304557;Metropolitana do Rio de Janeiro;3306;Rio de Janeiro;33018;330455705;33172609;SENAC MADUREIRA;4;1;1;0;RUA EWBANCK DA CAMARA;;91;MADUREIRA;21310150;.;.;1;11006;06JAN2021:00:00:00;16DEC2021:00:00:00;0;0;0;0;0;0;0;0;0;0;0;1;0;3,67235E+12;1E+14;1;1;0;0;1;1;0;0;0;0;0;0;0;0;0;0;0;0;1;1;0;0;0;0;1;0;0;0;0;0;1;0;0;0;0;1;0;0;0;0;0;0;0;0;0;0;1;1;1;1;0;0;1;0;1;1;0;0;1;1;1;1;0;0;0;1;0;0;0;0;0;0;0;1;0;0;0;0;1;0;1;0;1;0;1;0;0;0;0;1;1;1;1;1;0;1;1;0;0;29;0;29;26;26;0;1;1;1;1;1;0;0;0;1;19;1;4;0;0;1;32;0;0;0;0;0;0;0;0;0;0;0;0;0;1;107;1;26;0;0;0;0;1;1;1;1;0;1;1;3;1;0;1;22;1;8;1;1;1;5;0;0;0;0;0;0;0;0;0;0;1;7;1;1;1;5;1;2;1;1;0;0;0;0;0;0;0;1;0;1;0;0;1;0;0;0;0;0;0;0;0;0;0;0;0;0;0;0;0;0;0;0;0;0;0;0;0;0;1;0;0;0;0;0;0;0;1;1;0;0;1;0;0;0;1;1;0;1;0;0;0;0;0;0;0;1;1;0;0;0;0;0;0;185;0;0;0;0;0;0;0;185;185;0;0;0;0;0;0;161;24;184;1;0;0;0;0;0;0;0;0;0;185;128;57;0;0;0;0;0;0;0;0;13;0;0;0;0;0;0;0;13;13;0;0;0;0;0;0;11;0;0;0;0;0;0;0;11;11;0;0;0;0;0;0
2021;Sudeste;3;Rio de Janeiro;RJ;33;Rio de Janeiro;3304557;Metropolitana do Rio de Janeiro;3306;Rio de Janeiro;33018;330455705;33172803;SENAC MARECHAL FLORIANO;4;1;1;0;AV. MARECHAL FLORIANO;;6;CENTRO;20080007;.;.;1;11009;06JAN2021:00:00:00;16DEC2021:00:00:00;0;0;0;0;0;0;0;0;0;0;0;1;0;3,67235E+12;1E+14;1;1;0;0;1;1;0;0;0;0;0;0;0;0;0;0;0;0;1;1;0;0;0;0;1;0;0;0;0;0;1;0;0;0;0;1;0;0;0;0;0;0;0;0;0;0;1;1;0;0;0;0;1;0;0;1;1;0;1;1;0;0;0;0;0;1;0;0;0;0;0;0;0;0;0;0;0;0;1;1;1;0;1;0;0;0;0;0;0;1;1;0;1;0;0;0;0;0;0;21;0;21;21;0;0;1;0;0;1;0;0;1;1;1;6;1;2;0;0;1;20;0;0;0;0;0;0;0;0;0;0;0;0;0;1;24;1;14;0;0;0;0;1;1;1;1;0;1;1;3;1;0;1;9;1;6;1;1;0;0;0;0;0;0;0;0;0;0;0;0;1;8;1;1;1;5;1;1;1;2;0;0;0;0;0;0;0;1;0;0;0;0;1;0;0;0;0;0;0;0;0;0;0;0;0;0;0;0;0;0;0;0;0;0;0;0;0;0;1;0;0;0;0;0;0;0;1;1;0;0;1;0;0;0;1;1;0;1;0;0;0;0;0;0;0;1;1;0;0;0;1;1;0;657;0;0;0;0;0;0;0;657;657;0;0;0;2;2;0;437;220;653;2;1;1;0;0;0;0;0;0;64;593;81;576;0;0;0;0;0;0;0;0;27;0;0;0;0;0;0;0;27;27;0;0;0;4;4;0;17;0;0;0;0;0;0;0;17;17;0;0;0;2;2;0
2021;Sudeste;3;Rio de Janeiro;RJ;33;Rio de Janeiro;3304557;Metropolitana do Rio de Janeiro;3306;Rio de Janeiro;33018;330455705;33173800;SENAC COPACABANA;4;1;1;0;RUA POMPEU LOUREIRO;;45   4 ANDAR;COPACABANA;22061000;.;.;1;11009;06JAN2021:00:00:00;16DEC2021:00:00:00;0;0;0;0;0;0;0;0;0;0;0;1;0;3,67235E+12;1E+14;1;1;0;0;1;1;0;0;0;0;0;0;0;0;0;0;0;0;1;1;0;0;0;0;1;0;0;0;0;0;1;0;0;0;0;1;0;0;0;0;0;0;0;0;0;0;1;1;0;1;0;0;1;0;1;1;1;0;1;1;1;1;0;0;0;1;0;0;0;0;0;0;0;0;0;0;0;1;1;1;1;0;1;1;0;0;0;0;0;1;1;1;0;1;0;1;1;0;0;44;0;44;44;44;0;1;0;0;1;0;0;0;0;1;7;1;4;1;2;1;36;0;0;0;0;0;0;0;0;0;0;0;0;0;1;74;0;0;0;0;0;0;1;1;1;1;0;1;1;3;1;0;1;88888;1;11;1;1;1;3;0;0;0;0;0;0;0;0;0;0;1;7;1;1;1;3;1;1;1;2;0;0;0;0;0;0;0;1;0;1;0;0;1;0;0;0;0;0;0;0;0;0;0;0;0;0;0;0;0;0;0;0;0;0;0;0;0;0;1;0;0;0;0;0;0;0;1;1;0;0;1;0;0;0;1;1;0;1;0;0;0;0;0;0;0;1;1;0;0;0;0;0;0;79;0;0;0;0;0;0;0;79;79;0;0;0;0;0;0;68;11;79;0;0;0;0;0;0;0;0;0;0;79;43;36;0;0;0;0;0;0;0;0;11;0;0;0;0;0;0;0;11;11;0;0;0;0;0;0;7;0;0;0;0;0;0;0;7;7;0;0;0;0;0;0
2021;Sudeste;3;Rio de Janeiro;RJ;33;Rio de Janeiro;3304557;Metropolitana do Rio de Janeiro;3306;Rio de Janeiro;33018;330455705;33174202;SENAC BARRA DA TIJUCA;4;1;1;0;AV. DAS AMERICAS;;3959   COBERTURA;BARRA DA TIJUCA;22631003;.;.;1;11009;06JAN2021:00:00:00;16DEC2021:00:00:00;0;0;0;0;0;0;0;0;0;0;0;1;0;3,67235E+12;1E+14;1;1;0;0;1;2;0;0;0;0;0;0;0;0;0;0;0;0;1;1;0;0;0;0;1;0;0;0;0;0;1;0;0;0;0;1;0;0;0;0;0;0;0;0;0;0;1;1;1;1;0;0;1;0;1;1;0;0;1;1;0;0;0;0;0;1;0;0;0;0;0;0;0;0;0;0;0;0;1;1;1;0;1;0;0;0;0;0;0;1;1;1;1;1;0;1;1;0;0;16;0;16;16;12;1;1;1;1;1;1;0;1;1;1;1;1;1;0;0;1;12;0;0;0;0;0;0;0;0;0;0;0;0;0;1;88888;0;0;0;0;0;0;1;1;1;1;0;1;1;3;1;0;1;88888;1;6;1;1;0;0;0;0;0;0;0;0;0;0;0;0;1;2;1;1;0;0;0;0;1;1;0;0;0;0;0;0;0;1;0;1;0;0;1;0;0;0;0;0;0;0;0;0;0;0;0;0;0;0;0;0;0;0;0;0;0;0;0;0;1;0;0;0;0;0;0;0;1;1;0;0;1;0;0;0;1;1;0;1;0;0;0;0;0;0;0;1;1;0;0;0;0;0;0;42;0;0;0;0;0;0;0;42;42;0;0;0;0;0;0;40;2;42;0;0;0;0;0;0;0;0;0;0;42;31;11;0;0;0;0;0;0;0;0;5;0;0;0;0;0;0;0;5;5;0;0;0;0;0;0;3;0;0;0;0;0;0;0;3;3;0;0;0;0;0;0
2021;Sudeste;3;Rio de Janeiro;RJ;33;Rio de Janeiro;3304557;Metropolitana do Rio de Janeiro;3306;Rio de Janeiro;33018;330455705;33176809;SENAC CAMPO GRANDE;4;1;1;0;RUA BARCELOS DOMINGOS;;58;CAMPO GRANDE;23080020;.;.;1;11007;06JAN2021:00:00:00;16DEC2021:00:00:00;0;0;0;0;0;0;0;0;0;0;0;1;0;3,67235E+12;1E+14;1;1;0;0;1;1;0;0;0;0;0;0;0;0;0;0;0;0;1;1;0;0;0;0;1;0;0;0;0;0;1;0;0;0;0;1;0;0;0;0;0;0;0;0;0;0;1;1;0;1;0;0;1;0;1;1;0;0;1;1;0;0;0;0;0;1;0;0;0;0;0;0;0;0;0;0;0;0;1;1;1;0;1;0;0;0;0;0;0;1;0;1;1;1;0;1;1;0;0;34;0;34;30;20;0;1;1;1;1;1;0;1;1;1;1;1;1;0;0;1;1;0;0;0;0;0;0;0;0;0;0;0;0;0;1;91;1;47;0;0;0;0;1;1;1;1;0;1;1;3;1;0;1;31;1;11;1;1;1;8;0;0;0;0;0;0;0;0;0;0;1;1;1;1;1;5;1;8;1;1;0;0;0;0;0;0;0;1;0;1;0;0;1;0;0;0;0;0;0;0;0;0;0;0;0;0;0;0;0;0;0;0;0;0;0;0;0;0;1;0;0;0;0;0;0;0;1;1;0;0;1;0;0;0;1;1;0;1;0;0;0;0;0;0;0;1;1;0;0;0;1;1;0;376;0;0;0;0;0;0;0;376;376;0;0;0;1;1;0;320;56;373;0;1;2;0;0;0;0;0;0;2;374;222;154;0;0;0;0;0;0;0;0;39;0;0;0;0;0;0;0;39;39;0;0;0;2;2;0;21;0;0;0;0;0;0;0;21;21;0;0;0;1;1;0
2021;Sudeste;3;Rio de Janeiro;RJ;33;Rio de Janeiro;3304557;Metropolitana do Rio de Janeiro;3306;Rio de Janeiro;33018;330455705;33177201;SENAC BONSUCESSO;4;1;1;0;RUA DONA ISABEL;700;;BONSUCESSO;21032060;.;.;1;11006;06JAN2021:00:00:00;16DEC2021:00:00:00;0;0;0;0;0;0;0;0;0;0;0;1;0;3,67235E+12;1E+14;1;1;0;0;1;1;0;0;0;0;0;0;0;0;0;0;0;0;1;1;0;0;0;0;1;0;0;0;0;0;1;0;0;0;0;1;0;0;0;0;0;0;0;0;0;0;1;1;0;1;0;0;1;0;1;1;1;0;1;1;1;0;0;0;0;1;0;0;0;0;1;0;1;0;0;0;0;0;1;1;1;0;1;0;0;0;0;0;0;1;1;0;1;1;0;1;1;0;0;23;0;23;23;0;0;1;1;1;1;1;0;0;0;1;1;0;0;0;0;1;20;0;0;0;0;0;0;0;0;0;0;0;0;0;1;81;1;26;0;0;0;0;1;1;1;1;0;1;1;3;1;0;1;14;0;0;1;1;0;0;0;0;0;0;0;0;0;0;0;0;1;7;1;1;0;0;1;1;1;2;0;0;0;0;0;0;0;1;0;1;0;0;1;0;0;0;0;0;0;0;0;0;0;0;0;0;0;0;0;0;0;0;0;0;0;0;0;0;1;0;0;0;0;0;0;0;1;1;0;0;1;0;0;0;1;1;0;1;0;0;0;0;0;0;0;1;1;0;0;0;1;1;0;392;0;0;0;0;0;0;0;392;392;0;0;0;2;2;0;291;101;390;1;1;0;0;0;0;0;0;0;1;391;254;138;0;0;0;0;0;0;0;0;26;0;0;0;0;0;0;0;26;26;0;0;0;4;4;0;17;0;0;0;0;0;0;0;17;17;0;0;0;2;2;0
2021;Sudeste;3;Rio de Janeiro;RJ;33;Santo Antônio de Pádua;3304706;Noroeste Fluminense;3301;Santo Antônio de Pádua;33002;330470605;33179000;SENAC SANTO ANTONIO PADUA;4;1;1;0;RUA ANACLETO ALVIM PADILHA;;243;CENTRO;28470000;.;.;1;11011;06JAN2021:00:00:00;16DEC2021:00:00:00;0;0;0;0;0;0;0;0;0;0;0;1;0;3,67235E+12;1E+14;1;1;0;0;1;3;0;0;0;0;0;0;0;0;0;0;0;0;1;1;0;0;0;0;1;0;0;0;0;0;1;0;0;0;0;1;0;0;0;0;0;0;0;0;0;0;1;1;0;0;0;0;1;0;1;0;0;0;1;1;0;1;0;0;0;0;0;0;0;0;0;0;0;0;0;0;0;0;0;0;1;0;1;0;0;0;0;0;0;1;0;1;1;1;0;1;1;0;0;2;0;2;2;2;0;1;0;0;1;0;0;0;0;1;1;1;1;0;0;1;88888;0;0;0;0;0;0;0;0;0;0;0;0;0;1;2;1;14;0;0;0;0;1;1;1;1;0;1;1;3;1;0;1;1;1;1;0;0;1;1;0;0;0;0;0;0;0;0;0;0;1;1;1;1;0;0;1;2;1;1;0;0;0;0;0;0;0;1;0;1;0;1;1;0;0;0;0;0;0;0;0;0;0;0;0;0;0;0;0;0;0;0;0;0;0;0;0;0;1;0;0;0;0;0;0;0;1;1;0;0;1;0;0;0;1;1;0;1;0;0;0;0;0;0;0;1;1;0;0;0;1;1;0;75;0;0;0;0;0;0;0;75;75;0;0;0;1;1;0;63;12;75;0;0;0;0;0;0;0;0;0;0;75;46;29;0;0;0;0;0;0;0;0;3;0;0;0;0;0;0;0;3;3;0;0;0;3;3;0;2;0;0;0;0;0;0;0;2;2;0;0;0;1;1;0
2021;Sudeste;3;Rio de Janeiro;RJ;33;São João de Meriti;3305109;Metropolitana do Rio de Janeiro;3306;Rio de Janeiro;33018;330510905;33454213;SENAC SAO JOAO DE MERITI;4;0;1;0;RUA PASTOR JOAQUIM ROSA S/N LT 20 QD 19;;RUA PASTOR JOAQUIM R;VILAR DOS TELES;25555681;.;.;2;11010;0;0;0;0;0;0;0;0;0;0;0;0;0;0;0;;;0;0;0;0;0;0;0;0;0;0;0;0;0;0;0;0;0;0;0;0;0;0;0;0;0;0;0;0;0;0;0;0;0;0;0;0;0;0;0;0;0;0;0;0;0;0;0;0;0;0;0;0;0;0;0;0;0;0;0;0;0;0;0;0;0;0;0;0;0;0;0;0;0;0;0;0;0;0;0;0;0;0;0;0;0;0;0;0;0;0;0;0;0;0;0;0;0;0;0;0;0;0;0;0;0;0;0;0;0;0;0;0;0;0;0;0;0;0;0;0;0;0;0;0;0;0;0;0;0;0;0;0;0;0;0;0;0;0;0;0;0;0;0;0;0;0;0;0;0;0;0;0;0;0;0;0;0;0;0;0;0;0;0;0;0;0;0;0;0;0;0;0;0;0;0;0;0;0;0;0;0;0;0;0;0;0;0;0;0;0;0;0;0;0;0;0;0;0;0;0;0;0;0;0;0;0;0;0;0;0;0;0;0;0;0;0;0;0;0;0;0;0;0;0;0;0;0;0;0;0;0;0;0;0;0;0;0;0;0;0;0;0;0;0;0;0;0;0;0;0;0;0;0;0;0;0;0;0;0;0;0;0;0;0;0;0;0;0;0;0;0;0;0;0;0;0;0;0;0;0;0;0;0;0;0;0;0;0;0;0;0;0;0;0;0;0;0;0;0;0;0;0;0;0;0;0;0;0;0;0;0;0;0;0;0;0;0;0;0;0;0;0;0;0;0
2021;Sudeste;3;Rio de Janeiro;RJ;33;Teresópolis;3305802;Metropolitana do Rio de Janeiro;3306;Serrana;33015;330580205;33179417;SENAC TERESOPOLIS;4;1;1;0;RUA ALICE QUINTELA MAURICI REGADAS;;66 SOBRELOJA;VARZEA;25953430;.;.;1;11013;06JAN2021:00:00:00;16DEC2021:00:00:00;0;0;0;0;0;0;0;0;0;0;0;1;0;3,67235E+12;1E+14;1;1;0;0;1;2;0;0;0;0;0;0;0;0;0;0;0;0;1;1;0;0;0;0;1;0;0;0;0;0;1;0;0;0;0;1;0;0;0;0;0;0;0;0;0;0;1;1;0;0;0;0;1;0;1;0;0;0;0;1;0;0;0;0;0;1;0;0;0;0;0;0;0;0;0;0;0;0;1;1;1;0;1;0;0;0;0;0;0;1;1;0;1;0;0;0;1;0;0;11;0;11;11;11;0;1;0;0;1;0;0;1;1;1;1;1;4;0;0;1;11;0;0;0;0;0;0;0;0;0;0;0;0;0;1;23;1;17;0;0;0;0;1;1;1;1;0;1;0;3;1;0;1;8;1;3;1;1;0;0;0;0;0;0;0;0;0;0;0;0;1;1;1;1;1;1;0;0;1;2;0;0;0;0;0;0;0;1;0;1;0;0;1;0;0;0;0;0;0;0;0;0;0;0;0;0;0;0;0;0;0;0;0;0;0;0;0;0;1;0;0;0;0;0;0;0;1;1;0;0;1;0;0;0;1;1;0;1;0;0;0;0;0;0;0;1;1;0;0;0;0;0;0;160;0;0;0;0;0;0;0;160;160;0;0;0;0;0;0;134;26;158;0;1;1;0;0;0;0;0;0;0;160;22;138;0;0;0;0;0;0;0;0;14;0;0;0;0;0;0;0;14;14;0;0;0;0;0;0;10;0;0;0;0;0;0;0;10;10;0;0;0;0;0;0
2021;Sudeste;3;Rio de Janeiro;RJ;33;Três Rios;3306008;Centro Fluminense;3303;Três Rios;33005;330600805;33179603;SENAC TRES RIOS;4;1;1;0;AVENIDA XV DE NOVEMBRO;;600;CENTRO;25804000;.;.;1;11013;06JAN2021:00:00:00;16DEC2021:00:00:00;0;0;0;0;0;0;0;0;0;0;0;1;0;3,67235E+12;1E+14;1;1;0;0;1;3;0;0;0;0;0;0;0;0;0;0;0;0;1;1;0;0;0;0;1;0;0;0;0;0;1;0;0;0;0;1;0;0;0;0;0;0;0;0;0;0;1;1;1;0;0;0;1;0;1;1;0;0;0;1;0;0;0;0;0;0;0;0;0;0;0;0;0;0;0;0;0;0;0;1;1;0;1;0;0;0;0;0;0;1;0;0;0;1;0;0;1;0;0;4;0;4;4;0;0;1;0;0;1;0;0;0;0;1;1;1;4;0;0;1;4;0;0;0;0;0;0;0;0;0;0;0;0;0;1;14;1;13;0;0;0;0;1;1;1;1;0;1;1;3;1;0;1;4;1;2;1;1;0;0;0;0;0;0;0;0;0;0;0;0;1;1;1;1;0;0;1;3;1;1;0;0;0;0;0;0;0;1;0;1;1;1;1;0;1;1;0;0;0;0;0;0;0;0;0;0;0;0;0;0;0;0;0;0;0;0;0;0;1;0;0;0;0;0;0;0;1;1;0;0;1;0;0;0;1;1;0;1;0;0;0;0;0;0;0;1;1;0;0;0;0;0;0;92;0;0;0;0;0;0;0;92;92;0;0;0;0;0;0;81;11;92;0;0;0;0;0;0;0;0;0;0;92;29;63;0;0;0;0;0;0;0;0;6;0;0;0;0;0;0;0;6;6;0;0;0;0;0;0;3;0;0;0;0;0;0;0;3;3;0;0;0;0;0;0
2021;Sudeste;3;Rio de Janeiro;RJ;33;Volta Redonda;3306305;Sul Fluminense;3305;Vale do Paraíba Fluminense;33011;330630505;33175403;SENAC VOLTA REDONDA;4;1;1;0;RUA DEPUTADO GERALDO DI BIASE;;251;ATERRADO;27213080;.;.;1;11003;06JAN2021:00:00:00;16DEC2021:00:00:00;0;0;0;0;0;0;0;0;0;0;0;1;0;3,67235E+12;1E+14;1;1;0;0;1;3;0;0;0;0;0;0;0;0;0;0;0;0;1;1;0;0;0;0;1;0;0;0;0;0;1;0;0;0;0;1;0;0;0;0;0;0;0;0;0;0;1;1;1;0;0;0;1;0;1;0;0;0;0;1;1;0;0;0;0;0;0;0;0;0;0;0;0;0;0;0;0;0;0;1;0;0;1;0;0;0;0;0;0;1;0;0;1;1;0;0;0;0;0;3;0;3;3;3;0;1;1;1;1;1;0;1;1;1;1;0;0;0;0;1;3;0;0;0;0;0;0;0;0;0;0;0;0;0;1;3;1;14;0;0;0;0;1;1;1;1;0;1;1;3;1;0;1;3;1;2;0;0;0;0;0;0;0;0;0;0;0;0;0;0;0;0;0;0;0;0;0;0;1;1;0;0;0;0;0;0;0;1;0;1;0;0;1;0;0;0;0;0;0;0;0;0;0;0;0;0;0;0;0;0;0;0;0;0;0;0;0;0;1;0;0;0;0;0;0;0;1;1;0;0;1;0;0;0;1;1;0;1;0;0;0;0;0;0;0;1;1;0;0;0;0;0;0;22;0;0;0;0;0;0;0;22;22;0;0;0;0;0;0;15;7;22;0;0;0;0;0;0;0;0;0;0;22;6;16;0;0;0;0;0;0;0;0;6;0;0;0;0;0;0;0;6;6;0;0;0;0;0;0;2;0;0;0;0;0;0;0;2;2;0;0;0;0;0;0
2021;Sudeste;3;São Paulo;SP;35;Águas de São Pedro;3500600;Piracicaba;3506;Piracicaba;35028;350060005;35148829;SENAC HOTEL ESCOLA GRANDE HOTEL SAO PEDRO;4;1;1;0;PARQUE DOUTOR OCTAVIO DE MOURA ANDRADE, S/N;;;CENTRO;13528900;19;34827000;1;15000;08JAN2021:00:00:00;25MAY2022:00:00:00;0;0;0;0;0;0;0;0;0;0;0;1;0;3,70981E+12;3,70981E+12;1;3;0;0;1;3;0;0;0;0;0;0;0;0;0;0;0;0;1;1;1;0;0;0;1;0;0;0;1;0;1;0;0;0;0;1;0;0;0;0;0;0;0;1;1;1;0;1;1;1;0;0;1;0;1;1;1;0;1;1;1;1;1;0;0;1;0;0;0;0;0;0;0;1;0;0;0;0;1;1;1;0;1;1;0;0;0;0;0;1;1;1;1;1;0;1;1;0;0;12;0;12;12;6;1;1;1;1;1;1;0;1;6;1;5;1;5;1;2;1;12;0;0;0;0;0;0;0;0;0;0;0;0;0;1;88888;1;6;1;1;0;0;1;1;0;0;1;1;1;3;1;0;1;88888;1;88888;1;3;1;88888;1;2;0;0;1;1;1;1;1;88888;1;88888;1;1;1;88888;1;88888;0;0;1;1;0;1;0;0;0;1;0;1;0;1;0;0;1;1;1;0;0;0;0;0;0;0;0;0;0;0;0;0;0;0;0;0;0;0;0;0;1;1;1;0;0;1;0;0;0;1;0;0;1;0;0;0;0;1;0;1;0;0;0;0;0;0;0;1;1;0;0;0;0;0;0;11;0;0;0;0;0;0;0;11;11;0;0;0;0;0;0;7;4;4;1;1;5;0;0;0;0;0;0;0;11;0;11;0;0;0;0;0;0;0;0;1;0;0;0;0;0;0;0;1;1;0;0;0;0;0;0;1;0;0;0;0;0;0;0;1;1;0;0;0;0;0;0
2021;Sudeste;3;São Paulo;SP;35;Americana;3501608;Campinas;3507;Campinas;35032;350160805;35079947;SENAC AMERICANA;4;1;1;0;DOUTOR ANGELINO SANCHES;800;;VILA SAO PEDRO;13466490;19;36211367;1;15000;04JAN2021:00:00:00;22DEC2021:00:00:00;0;0;0;0;0;0;0;0;0;0;0;1;0;3,70981E+12;3,70981E+12;1;1;0;0;1;1;0;0;0;0;0;0;0;0;0;0;0;0;1;1;0;0;0;0;1;0;0;0;0;0;1;0;0;0;0;0;0;0;1;0;0;0;0;1;0;1;0;0;0;1;0;0;1;0;1;1;1;0;1;1;1;0;0;0;0;1;0;0;0;0;0;0;0;0;0;0;0;0;1;1;1;0;1;0;0;0;0;0;0;1;1;1;0;1;0;1;1;0;0;20;0;20;20;0;0;1;1;0;1;1;0;0;0;1;1;1;3;1;20;1;20;0;0;0;0;0;0;0;0;0;0;0;0;0;1;96;1;60;1;1;0;0;1;1;1;1;1;1;1;2;1;0;1;88888;1;9;0;0;0;0;1;2;0;0;0;0;0;0;0;0;1;1;1;1;0;0;1;88888;0;0;0;0;0;0;0;0;0;1;0;1;0;1;1;0;1;1;0;0;1;0;0;0;0;0;0;0;0;0;0;0;0;0;0;0;0;0;0;0;1;1;0;0;0;1;0;0;0;0;0;0;1;0;0;0;1;1;0;1;0;0;0;0;0;0;0;1;1;0;0;0;1;1;0;146;0;0;0;0;0;0;0;146;146;0;0;0;1;1;0;95;51;43;74;3;25;0;1;0;0;0;0;10;136;28;118;0;0;0;0;0;0;0;0;7;0;0;0;0;0;0;0;7;7;0;0;0;1;1;0;7;0;0;0;0;0;0;0;7;7;0;0;0;1;1;0
2021;Sudeste;3;São Paulo;SP;35;Araçatuba;3502804;Araçatuba;3503;Araçatuba;35017;350280405;35148912;SENAC ARACATUBA;4;1;1;0;AVENIDA JOAO ARRUDA BRASIL;500;AVENIDA;SAO JOAQUIM;16050400;18;31171000;1;15000;04JAN2021:00:00:00;31DEC2021:00:00:00;0;0;0;0;0;0;0;0;0;0;0;1;0;3,70981E+12;3,70981E+12;1;1;0;0;1;1;0;0;0;0;0;0;0;0;0;0;0;0;1;1;0;0;0;0;1;0;0;0;0;0;1;0;0;0;0;0;0;0;1;0;0;0;0;1;0;0;0;0;0;1;0;0;1;0;1;0;0;0;1;1;1;1;0;0;0;1;1;1;0;0;1;0;1;0;0;0;0;0;1;0;1;0;1;0;0;0;0;0;0;0;0;0;0;0;0;0;0;1;0;18;0;18;0;0;0;1;0;0;1;0;0;1;1;1;15;1;6;1;15;0;0;0;0;0;0;0;0;0;0;0;0;0;0;0;1;100;0;0;1;4;0;0;1;1;1;1;0;1;1;3;1;0;1;34;1;9;1;2;1;88888;0;0;0;0;0;0;0;0;0;0;1;1;1;1;0;0;1;20;1;1;0;0;0;0;0;0;0;1;0;1;1;0;1;1;1;1;1;0;1;1;0;0;0;0;0;0;0;0;0;0;0;0;0;0;0;0;0;0;1;1;0;0;0;0;0;0;1;1;0;0;1;0;0;0;1;1;0;1;0;0;0;0;0;0;0;1;1;0;0;0;1;1;0;309;0;0;0;0;0;0;0;309;309;0;0;0;1;1;0;196;113;110;140;5;52;2;0;0;0;0;0;19;290;112;197;0;0;0;0;0;0;0;0;21;0;0;0;0;0;0;0;21;21;0;0;0;1;1;0;23;0;0;0;0;0;0;0;23;23;0;0;0;1;1;0
2021;Sudeste;3;São Paulo;SP;35;Araraquara;3503208;Araraquara;3505;Araraquara;35024;350320805;35148830;SENAC ARARAQUARA;4;1;1;0;RUA JOAO GURGEL;1935;RUA;CARMO;14801405;16;31143000;1;15000;18JAN2021:00:00:00;22DEC2021:00:00:00;0;0;0;0;0;0;0;0;0;0;0;1;0;3,70981E+12;3,70981E+12;1;1;0;0;1;1;0;0;0;0;0;0;0;0;0;0;0;0;1;1;0;0;0;0;1;0;0;0;0;0;1;0;0;0;0;1;0;0;1;0;0;0;0;1;0;1;0;1;1;1;0;0;1;0;1;0;0;0;1;1;1;1;0;0;0;1;1;1;0;0;1;0;1;0;0;0;0;0;1;0;1;0;1;0;0;0;0;0;0;1;1;1;1;1;0;1;1;0;0;26;0;26;26;26;1;1;1;1;1;1;0;0;0;1;27;1;1;1;26;1;26;0;0;0;0;0;0;0;0;0;0;0;0;0;1;105;1;28;1;1;0;0;1;1;1;1;1;1;0;3;1;0;1;19;1;9;1;3;0;0;0;0;0;0;0;0;0;0;0;0;1;1;1;1;1;8;1;88888;1;1;0;0;0;1;1;0;0;0;0;1;0;1;1;0;1;1;0;0;1;0;0;0;0;0;0;0;0;0;0;0;0;0;0;0;0;0;0;0;0;0;0;0;0;0;0;0;1;0;0;0;1;0;0;0;1;1;0;1;0;0;0;0;0;0;0;1;1;0;0;0;0;0;0;513;0;0;0;0;0;0;0;513;513;0;0;0;0;0;0;357;156;216;193;9;95;0;0;0;0;0;0;31;482;289;224;0;0;0;0;0;0;0;0;15;0;0;0;0;0;0;0;15;15;0;0;0;0;0;0;27;0;0;0;0;0;0;0;27;27;0;0;0;0;0;0
2021;Sudeste;3;São Paulo;SP;35;Barretos;3505500;Ribeirão Preto;3502;Barretos;35009;350550005;35148842;SENAC BARRETOS;4;1;1;0;AVENIDA 21;;;CENTRO;14780310;17;33123050;1;15000;04JAN2021:00:00:00;23DEC2021:00:00:00;0;0;0;0;0;0;0;0;0;0;0;1;0;3,70981E+12;1E+14;1;1;0;0;1;1;0;0;0;0;0;0;0;0;1;0;0;0;1;1;0;0;0;0;1;0;0;0;0;0;1;0;0;0;0;0;0;0;1;0;0;0;0;0;0;0;1;0;0;0;0;0;1;0;1;0;0;0;0;0;0;0;0;0;0;0;0;0;0;0;0;0;0;0;0;0;0;0;0;0;0;0;1;0;0;0;0;0;0;1;1;1;1;1;1;1;1;0;0;17;0;17;0;0;1;1;0;1;1;1;0;1;2;1;88888;1;2;1;1;0;0;0;0;0;0;0;0;0;0;0;0;0;0;0;1;97;0;0;1;3;0;0;1;1;1;1;0;1;1;2;0;0;1;4;1;7;1;2;0;0;0;0;0;0;0;0;0;0;0;0;1;1;1;1;0;0;0;0;0;0;0;0;0;1;1;0;0;0;0;0;0;0;1;0;1;1;0;0;0;0;0;0;0;0;0;0;0;0;0;0;0;0;0;0;0;0;0;0;1;0;0;0;0;1;0;0;0;0;0;0;1;0;0;0;1;1;0;1;0;0;0;0;0;0;0;1;1;0;0;0;1;1;0;358;0;0;0;0;0;0;0;358;358;0;0;0;1;1;0;279;79;135;127;16;79;1;0;0;0;0;0;7;351;204;154;0;0;0;0;0;0;0;0;15;0;0;0;0;0;0;0;15;15;0;0;0;1;1;0;18;0;0;0;0;0;0;0;18;18;0;0;0;1;1;0
2021;Sudeste;3;São Paulo;SP;35;Bauru;3506003;Bauru;3504;Bauru;35020;350600305;35148885;SENAC BAURU;4;1;1;0;ENGENHEIRO SAINT MARTIN;1017;;CENTRO;17010150;14;32270702;1;15000;04JAN2021:00:00:00;23DEC2021:00:00:00;0;0;0;0;0;0;1;0;0;0;0;0;0;3,70981E+12;1E+14;1;1;0;0;1;1;0;0;0;0;0;0;0;0;0;0;0;0;1;1;0;0;0;0;1;0;0;0;0;0;1;0;0;0;0;0;0;0;1;0;0;0;0;0;1;0;0;1;0;1;0;0;1;0;1;1;1;0;1;1;1;1;0;0;0;0;0;0;0;0;0;0;0;0;0;0;0;0;1;0;1;0;1;0;0;0;0;0;0;0;0;0;0;0;0;0;0;1;0;27;0;27;0;0;0;1;0;1;1;0;0;0;0;1;88888;1;10;1;7;0;0;0;0;0;0;0;0;0;0;0;0;0;0;0;1;280;1;213;1;3;0;0;1;1;1;1;1;1;1;3;1;0;1;25;1;13;1;3;0;0;1;4;0;0;0;0;0;0;0;0;1;1;1;1;1;8;0;0;0;0;0;0;0;1;1;0;0;0;0;0;0;0;0;0;1;0;0;0;0;0;0;0;0;0;0;0;0;0;0;0;0;0;0;0;0;0;0;0;0;0;0;0;0;0;0;0;1;0;0;0;1;0;0;0;1;1;0;1;0;0;0;0;0;0;0;1;1;0;0;0;1;1;0;527;0;0;0;0;0;0;0;527;527;0;0;0;4;4;0;375;152;198;240;11;77;0;1;0;0;0;5;84;438;261;266;0;0;0;0;0;0;0;0;24;0;0;0;0;0;0;0;24;24;0;0;0;5;5;0;22;0;0;0;0;0;0;0;22;22;0;0;0;4;4;0
2021;Sudeste;3;São Paulo;SP;35;Bebedouro;3506102;Ribeirão Preto;3502;Jaboticabal;35013;350610205;35149056;SENAC BEBEDOURO;4;1;1;0;PRACA ABILIO MANOEL;14;;CENTRO;14700349;17;33446500;1;15000;04JAN2021:00:00:00;23DEC2021:00:00:00;0;0;0;0;0;0;0;0;0;0;0;1;0;3,70981E+12;3,70981E+12;1;1;0;0;1;1;0;0;0;0;0;0;0;0;0;0;0;0;1;1;0;0;0;0;1;0;0;0;0;0;1;0;0;0;0;0;0;0;1;0;0;0;0;1;0;0;0;1;0;1;0;0;1;0;1;1;1;0;1;1;1;1;0;0;0;1;0;0;0;0;0;0;0;0;1;0;0;0;1;1;1;1;1;0;0;0;0;0;0;0;1;1;0;1;0;1;1;0;0;12;0;12;12;12;0;1;1;1;1;1;0;0;0;1;7;1;12;1;12;1;88888;0;0;0;0;0;0;0;0;0;0;0;0;0;1;95;1;34;0;0;0;0;1;1;1;1;1;1;1;3;1;0;1;21;1;13;1;3;1;88888;0;0;0;0;0;0;0;0;0;0;1;3;1;1;1;8;1;88888;1;2;0;0;0;0;0;0;0;1;0;1;0;0;0;0;1;1;0;0;0;0;0;0;0;0;0;0;0;0;0;0;0;0;0;0;0;0;0;0;1;0;0;0;0;1;0;0;0;0;0;0;1;0;0;0;1;1;0;1;0;0;0;0;0;0;0;1;1;0;0;0;1;1;0;355;0;0;0;0;0;0;0;355;354;0;0;0;4;4;0;251;104;103;168;8;76;0;0;0;0;0;0;14;341;207;148;0;0;0;0;0;0;0;0;36;0;0;0;0;0;0;0;36;36;0;0;0;9;9;0;23;0;0;0;0;0;0;0;23;22;0;0;0;4;4;0
2021;Sudeste;3;São Paulo;SP;35;Bertioga;3506359;Metropolitana de São Paulo;3515;Santos;35063;350635905;35463656;SENAC BERTIOGA;4;1;1;0;RUA PASTOR DJALMA DA SILVA COIMBRA;;;RIO DA PRAIA;11256085;13;33199260;1;15000;04JAN2021:00:00:00;23DEC2021:00:00:00;0;0;0;0;0;0;0;0;0;0;0;1;0;3,70981E+12;3,70981E+12;1;1;0;0;1;3;0;0;0;0;0;0;0;0;0;0;0;0;1;1;0;0;0;0;1;0;0;0;0;0;1;0;0;0;0;1;0;0;1;0;0;0;0;1;1;1;0;1;1;0;0;0;1;0;1;0;0;0;1;1;0;0;0;0;0;1;0;0;0;0;0;0;0;0;0;0;0;0;0;0;1;0;1;0;0;0;0;0;0;0;0;1;0;1;0;1;1;0;0;7;0;7;7;7;0;1;1;1;1;1;0;1;1;1;88888;1;2;1;7;1;7;0;0;0;0;0;0;0;0;0;0;0;0;0;1;28;1;19;0;0;0;0;1;1;1;1;1;1;0;2;1;0;1;6;1;2;1;2;0;0;0;0;0;0;0;0;0;0;0;0;1;1;1;1;0;0;1;1;0;0;0;0;0;0;0;0;0;1;0;1;0;0;1;0;1;1;1;0;1;0;0;0;0;0;0;0;0;0;0;0;0;0;0;0;0;0;0;0;1;1;1;0;0;1;0;0;0;1;0;0;1;0;0;0;0;1;0;1;0;0;0;0;0;0;0;1;1;0;0;0;0;0;0;93;0;0;0;0;0;0;0;93;93;0;0;0;0;0;0;47;46;38;25;1;29;0;0;0;0;0;0;5;88;0;93;0;0;0;0;0;0;0;0;4;0;0;0;0;0;0;0;4;4;0;0;0;0;0;0;4;0;0;0;0;0;0;0;4;4;0;0;0;0;0;0
2021;Sudeste;3;São Paulo;SP;35;Birigui;3506508;Araçatuba;3503;Birigui;35018;350650805;35565453;SENAC BIRIGUI;4;0;1;0;BENTO DA CRUZ;284;RUA;CENTRO;16200053;18;36431650;3;15000;0;0;0;0;0;0;0;0;0;0;0;0;0;0;0;;;0;0;0;0;0;0;0;0;0;0;0;0;0;0;0;0;0;0;0;0;0;0;0;0;0;0;0;0;0;0;0;0;0;0;0;0;0;0;0;0;0;0;0;0;0;0;0;0;0;0;0;0;0;0;0;0;0;0;0;0;0;0;0;0;0;0;0;0;0;0;0;0;0;0;0;0;0;0;0;0;0;0;0;0;0;0;0;0;0;0;0;0;0;0;0;0;0;0;0;0;0;0;0;0;0;0;0;0;0;0;0;0;0;0;0;0;0;0;0;0;0;0;0;0;0;0;0;0;0;0;0;0;0;0;0;0;0;0;0;0;0;0;0;0;0;0;0;0;0;0;0;0;0;0;0;0;0;0;0;0;0;0;0;0;0;0;0;0;0;0;0;0;0;0;0;0;0;0;0;0;0;0;0;0;0;0;0;0;0;0;0;0;0;0;0;0;0;0;0;0;0;0;0;0;0;0;0;0;0;0;0;0;0;0;0;0;0;0;0;0;0;0;0;0;0;0;0;0;0;0;0;0;0;0;0;0;0;0;0;0;0;0;0;0;0;0;0;0;0;0;0;0;0;0;0;0;0;0;0;0;0;0;0;0;0;0;0;0;0;0;0;0;0;0;0;0;0;0;0;0;0;0;0;0;0;0;0;0;0;0;0;0;0;0;0;0;0;0;0;0;0;0;0;0;0;0;0;0;0;0;0;0;0;0;0;0;0;0;0;0;0;0;0;0;0
2021;Sudeste;3;São Paulo;SP;35;Botucatu;3507506;Bauru;3504;Botucatu;35023;350750605;35148787;SENAC BOTUCATU;4;1;1;0;RUA DOUTOR RAFAEL SAMPAIO;85;RUA;CENTRO;18600230;14;31121150;1;15000;04JAN2021:00:00:00;31DEC2021:00:00:00;0;0;0;0;0;0;0;0;0;0;0;1;0;3,70981E+12;1E+14;1;1;0;0;1;1;0;0;0;0;0;0;0;0;0;0;0;0;1;1;0;0;0;0;1;0;0;0;0;0;1;0;0;0;0;0;0;0;1;0;0;0;0;0;0;0;1;1;1;0;0;0;1;0;1;1;0;0;1;1;1;0;0;0;1;1;1;1;0;0;1;0;1;0;0;0;0;0;1;0;1;0;1;0;0;0;0;0;0;1;1;1;1;1;0;1;1;0;0;11;0;11;11;11;1;1;1;1;1;1;0;1;1;1;12;1;3;1;11;1;88888;0;0;0;0;0;0;0;0;0;0;0;0;0;1;33;1;40;1;4;0;0;1;1;1;1;1;1;1;3;1;0;1;23;1;9;1;3;0;0;0;0;0;0;0;0;0;0;0;0;1;1;1;1;1;4;0;0;0;0;0;0;0;1;1;0;0;0;0;0;0;1;1;0;1;1;0;0;0;0;0;0;0;0;0;0;0;0;0;0;0;0;0;0;0;0;0;0;1;1;1;0;0;1;0;1;0;0;0;0;1;0;0;0;1;1;0;1;0;0;0;0;0;0;0;1;1;0;0;0;1;1;0;245;0;0;0;0;0;0;0;245;245;0;0;0;1;1;0;186;59;81;118;8;38;0;0;0;0;0;0;4;241;110;135;0;0;0;0;0;0;0;0;12;0;0;0;0;0;0;0;12;12;0;0;0;1;1;0;15;0;0;0;0;0;0;0;15;15;0;0;0;1;1;0
2021;Sudeste;3;São Paulo;SP;35;Campinas;3509502;Campinas;3507;Campinas;35032;350950205;35148805;SENAC CAMPINAS;4;1;1;0;SACRAMENTO;490;RUA;CENTRO;13010210;19;21170611;1;15000;04JAN2021:00:00:00;17DEC2021:00:00:00;0;0;0;0;0;0;0;0;0;0;0;1;0;3,70981E+12;1E+14;1;1;0;0;1;1;0;0;0;0;0;0;0;0;0;0;0;0;1;1;0;0;0;0;1;0;0;0;0;0;1;0;0;0;0;0;0;0;1;0;0;0;0;1;0;0;0;1;0;1;0;0;1;0;1;0;1;0;1;1;0;0;0;0;0;0;0;0;0;0;0;0;0;0;0;0;0;0;1;0;1;0;1;0;0;0;0;0;0;1;1;1;1;1;0;1;1;0;0;60;0;60;0;0;0;1;0;1;1;0;0;1;3;1;60;1;5;0;0;0;0;0;0;0;0;0;0;0;0;0;0;0;0;0;1;300;0;0;0;0;0;0;1;1;1;1;0;1;0;0;0;0;1;52;1;17;1;7;0;0;1;9;0;0;0;0;0;0;0;0;1;1;1;1;0;0;1;7;1;2;0;0;0;1;1;0;0;0;0;1;0;0;1;0;1;1;1;0;0;1;0;0;0;0;0;0;0;0;0;0;0;0;0;0;0;0;0;0;1;1;0;0;0;0;0;0;1;0;0;0;1;0;0;0;1;1;0;1;0;0;0;0;0;0;0;1;1;0;0;0;1;1;0;1342;0;0;0;0;0;0;0;1342;1342;0;0;0;7;7;0;864;478;915;311;16;97;3;0;0;0;0;10;278;1054;938;404;0;0;0;0;0;0;0;0;71;0;0;0;0;0;0;0;71;71;0;0;0;14;14;0;60;0;0;0;0;0;0;0;60;60;0;0;0;7;7;0
2021;Sudeste;3;São Paulo;SP;35;Campos do Jordão;3509700;Vale do Paraíba Paulista;3513;Campos do Jordão;35049;350970005;35149019;SENAC HOTEL ESCOLA GRANDE HOTEL CAMPOS DO JORDAO;4;1;1;0;AV FREI ORESTES GIRARDI;3549;AVENIDA;CAPIVARI;12460000;12;36683001;1;15000;04JAN2021:00:00:00;23DEC2021:00:00:00;0;0;0;0;0;0;0;0;0;0;0;1;0;3,70981E+12;3,70981E+12;1;1;0;0;1;1;0;0;0;0;0;0;0;0;0;0;0;0;1;1;0;0;0;0;1;0;0;0;0;0;1;0;0;0;0;0;0;0;1;0;0;0;0;1;0;1;0;1;0;0;0;0;1;0;1;1;0;0;1;1;0;0;0;0;1;1;0;0;0;0;0;0;0;0;0;0;0;0;1;0;1;0;1;0;0;0;0;0;0;0;0;0;0;1;0;0;0;0;0;14;0;14;0;0;1;1;0;1;1;0;0;1;2;1;2;1;5;1;7;0;0;0;0;0;0;0;0;0;0;0;0;0;0;0;1;89;1;79;1;31;0;0;1;1;1;1;1;1;1;3;1;0;1;88888;1;7;1;3;0;0;1;3;0;0;0;0;0;0;1;88888;0;0;1;1;0;0;1;4;1;2;0;0;0;1;1;0;0;0;0;0;0;0;0;0;0;0;0;0;0;0;1;0;0;0;0;0;0;0;0;0;0;0;0;0;0;0;0;0;0;0;0;0;0;0;0;0;1;0;0;0;1;0;0;0;1;1;0;1;0;0;0;0;0;0;0;1;1;0;0;0;1;1;0;128;0;0;0;0;0;0;0;128;128;0;0;0;2;2;0;82;46;32;82;2;12;0;0;0;0;0;0;8;120;31;97;0;0;0;0;0;0;0;0;3;0;0;0;0;0;0;0;3;3;0;0;0;2;2;0;3;0;0;0;0;0;0;0;3;3;0;0;0;2;2;0
2021;Sudeste;3;São Paulo;SP;35;Catanduva;3511102;São José do Rio Preto;3501;Catanduva;35005;351110205;35148891;SENAC CATANDUVA;4;1;1;0;SANTOS;300;RUA;VILA RODRIGUES;15801350;17;33114650;1;15000;04JAN2021:00:00:00;22DEC2021:00:00:00;0;0;0;0;0;0;0;0;0;0;0;1;0;3,70981E+12;3,70981E+12;1;1;0;0;1;1;0;0;0;0;0;0;0;0;0;0;0;0;1;1;1;0;0;0;1;0;0;0;0;0;1;0;0;0;0;0;0;0;1;0;0;0;0;1;0;0;0;1;1;1;0;0;1;0;1;1;1;0;1;1;1;0;0;0;0;1;0;0;0;0;1;0;1;0;0;0;0;0;1;0;1;0;1;0;0;0;0;0;0;1;0;1;1;1;1;1;1;0;0;13;0;13;13;0;1;1;0;1;1;1;0;1;1;1;88888;1;4;1;12;0;0;0;0;0;0;0;0;0;0;0;0;0;0;0;1;138;1;44;1;7;0;0;1;1;1;1;1;1;1;3;1;0;1;25;1;7;1;1;0;0;0;0;0;0;0;0;0;0;0;0;1;1;1;1;0;0;1;2;1;1;0;0;0;0;0;0;0;1;0;1;0;1;1;0;1;1;0;0;0;0;0;0;0;0;0;0;0;0;0;0;0;0;0;0;0;0;0;0;1;1;1;0;0;1;0;1;0;0;0;0;1;0;0;0;1;1;0;1;0;0;0;0;0;0;0;1;1;0;0;0;0;0;0;346;0;0;0;0;0;0;0;346;346;0;0;0;0;0;0;254;92;90;175;11;68;1;1;0;0;0;0;10;336;207;139;0;0;0;0;0;0;0;0;25;0;0;0;0;0;0;0;25;25;0;0;0;0;0;0;19;0;0;0;0;0;0;0;19;19;0;0;0;0;0;0
2021;Sudeste;3;São Paulo;SP;35;Franca;3516200;Ribeirão Preto;3502;Franca;35012;351620005;35148854;SENAC FRANCA;4;1;1;0;RUA ALFREDO LOPES PINTO;1345;RUA;VILA TEIXEIRA;14401186;16;34024100;1;15000;04JAN2021:00:00:00;17DEC2021:00:00:00;0;0;0;0;0;0;0;0;0;0;0;1;0;3,70981E+12;1E+14;1;1;0;0;1;1;0;0;0;0;0;0;0;0;0;0;0;0;1;1;0;0;0;0;1;0;0;0;0;0;1;0;0;0;0;0;0;0;1;0;0;0;0;1;0;0;0;1;0;1;0;0;1;0;1;0;1;0;0;1;1;0;0;0;0;1;1;1;0;0;0;0;0;0;0;0;0;0;1;1;1;0;1;0;0;0;0;0;0;0;0;0;0;0;0;0;0;1;0;22;0;22;0;0;0;1;0;1;1;1;0;0;0;1;88888;0;0;1;20;0;0;0;0;0;0;0;0;0;0;0;0;0;0;0;1;234;1;78;1;3;0;0;1;1;1;1;1;1;1;3;1;0;1;32;1;10;1;4;0;0;0;0;0;0;0;0;0;0;0;0;0;0;1;1;0;0;0;0;0;0;0;0;0;1;0;0;0;1;0;1;0;0;1;1;1;1;1;0;0;0;0;0;0;0;0;0;0;0;0;0;0;0;0;0;0;0;0;0;1;0;1;0;0;1;0;0;0;0;0;0;1;0;0;0;1;1;0;1;0;0;0;0;0;0;0;1;1;0;0;0;1;1;0;460;0;0;0;0;0;0;0;460;460;0;0;0;3;3;0;350;110;102;238;16;98;5;1;0;0;0;0;26;434;256;204;0;0;0;0;0;0;0;0;40;0;0;0;0;0;0;0;40;40;0;0;0;8;8;0;22;0;0;0;0;0;0;0;22;22;0;0;0;3;3;0
2021;Sudeste;3;São Paulo;SP;35;Guaratinguetá;3518404;Vale do Paraíba Paulista;3513;Guaratinguetá;35051;351840405;35148763;SENAC GUARATINGUETA;4;1;1;0;RUA DOUTOR JOAO BAPTISTA RANGEL CAMARGO;50;AVENIDA;CENTRO;12500100;12;21316300;1;15000;18JAN2021:00:00:00;18DEC2021:00:00:00;0;0;0;0;0;0;0;0;0;0;0;1;0;3,70981E+12;1E+14;1;1;0;0;1;1;0;0;0;0;0;0;0;0;0;0;0;0;1;1;1;0;0;0;1;0;0;0;0;0;1;0;0;0;0;0;0;0;1;0;0;0;0;1;0;0;0;1;0;1;0;0;1;0;0;0;1;0;1;1;0;0;0;0;0;1;0;0;0;0;1;0;1;0;0;0;0;0;1;0;0;0;1;0;0;0;0;0;0;0;0;0;0;0;0;0;0;1;0;13;0;13;0;0;1;1;1;1;0;0;0;0;0;1;88888;1;2;0;0;0;0;0;0;0;0;0;0;0;0;0;0;0;0;0;1;127;0;0;0;0;0;0;1;1;1;1;1;1;0;2;1;0;1;20;1;16;1;2;0;0;1;3;0;0;0;0;0;0;0;0;0;0;1;1;0;0;1;32;1;1;0;0;0;1;1;0;0;1;0;1;0;0;1;0;1;1;0;0;0;1;0;0;0;0;0;0;0;0;0;0;0;0;0;0;0;0;0;0;0;0;0;0;0;1;0;0;0;0;0;0;1;0;0;0;1;1;0;1;0;0;0;0;0;0;0;1;1;0;0;0;1;1;0;421;0;0;0;0;0;0;0;421;421;0;0;0;2;2;0;323;98;193;163;7;58;0;0;0;0;0;0;19;402;266;155;0;0;0;0;0;0;0;0;16;0;0;0;0;0;0;0;16;16;0;0;0;2;2;0;24;0;0;0;0;0;0;0;24;24;0;0;0;2;2;0
2021;Sudeste;3;São Paulo;SP;35;Guarulhos;3518800;Metropolitana de São Paulo;3515;Guarulhos;35059;351880005;35148726;SENAC GUARULHOS;4;1;1;0;LUIZ FACCINI;132;;CENTRO;7110000;11;21873390;1;15000;04JAN2021:00:00:00;31AUG2021:00:00:00;0;0;0;0;0;0;1;0;0;0;0;1;0;3,70981E+12;1E+14;1;1;0;0;1;1;0;0;0;0;0;0;0;0;0;0;0;0;1;1;0;0;0;0;1;0;0;0;0;0;1;0;0;0;0;0;0;0;1;0;0;0;0;1;0;0;0;1;0;0;0;0;1;0;1;0;1;0;1;1;0;0;0;0;0;1;0;0;0;0;0;0;0;0;0;0;0;0;1;0;1;0;1;0;0;0;0;0;0;0;1;1;0;0;0;0;0;0;0;17;23;40;0;0;0;1;1;1;1;0;0;0;0;1;3;1;6;0;0;0;0;0;0;0;0;0;0;0;0;0;0;0;0;0;1;88888;1;88888;1;5;0;0;1;1;1;1;0;1;1;3;1;0;1;88888;1;88888;1;88888;0;0;1;88888;0;0;0;0;0;0;0;0;1;1;1;1;0;0;0;0;1;1;0;0;0;1;1;0;0;0;0;1;0;1;1;0;1;1;0;0;1;0;0;0;0;0;0;0;0;0;0;0;0;0;0;0;0;0;0;0;1;0;0;0;0;0;0;0;1;0;0;0;1;0;0;0;0;1;0;1;0;0;0;0;0;0;0;1;1;0;0;0;0;0;0;39;0;0;0;0;0;0;0;39;39;0;0;0;0;0;0;30;9;19;13;1;5;1;0;0;0;0;0;0;39;0;39;0;0;0;0;0;0;0;0;5;0;0;0;0;0;0;0;5;5;0;0;0;0;0;0;2;0;0;0;0;0;0;0;2;2;0;0;0;0;0;0
2021;Sudeste;3;São Paulo;SP;35;Itapetininga;3522307;Itapetininga;3511;Itapetininga;35042;352230705;35149020;SENAC ITAPETININGA;4;1;1;0;RUA DOM JOAQUIM;495;RUA;CENTRO;18200090;15;35111211;1;15000;04JAN2021:00:00:00;20DEC2021:00:00:00;0;0;0;0;0;0;0;0;0;0;0;1;0;3,70981E+12;1E+14;1;1;0;0;1;1;0;0;0;0;0;0;0;0;0;0;0;0;1;1;0;0;0;0;1;0;0;0;0;0;1;0;0;0;0;0;0;0;1;0;0;0;0;1;0;1;0;0;0;0;0;0;1;0;1;0;0;0;0;0;1;1;0;0;0;0;0;0;0;0;0;0;0;0;0;0;0;0;1;0;1;0;1;0;0;0;0;0;0;0;0;0;0;0;0;0;0;1;0;15;5;20;0;0;1;1;0;1;1;0;0;1;2;1;88888;1;3;0;0;0;0;0;0;0;0;0;0;0;0;0;0;0;0;0;1;131;0;0;0;0;0;0;1;1;1;1;1;1;0;2;1;0;1;15;1;5;1;3;0;0;0;0;0;0;0;0;0;0;0;0;1;3;1;1;1;2;0;0;1;1;0;0;0;1;1;0;0;0;0;1;0;0;1;0;1;1;0;0;0;0;0;0;0;0;0;0;0;0;0;0;0;0;0;0;0;0;0;0;0;0;0;0;0;0;0;0;1;0;0;0;1;0;0;0;1;1;0;1;0;0;0;0;0;0;0;1;1;0;0;0;1;1;0;559;0;0;0;0;0;0;0;559;559;0;0;0;4;4;0;389;170;149;339;8;57;4;2;0;0;0;0;30;529;284;275;0;0;0;0;0;0;0;0;27;0;0;0;0;0;0;0;27;27;0;0;0;3;3;0;30;0;0;0;0;0;0;0;30;30;0;0;0;3;3;0
2021;Sudeste;3;São Paulo;SP;35;Itapira;3522604;Campinas;3507;Mogi Mirim;35031;352260405;35148817;SENAC ITAPIRA;4;1;1;0;PRACA BERNARDINO DE CAMPOS;150;PRACA;CENTRO;13970005;19;38138216;1;15000;04JAN2021:00:00:00;31DEC2021:00:00:00;0;0;0;0;0;0;0;0;0;0;0;1;0;3,70981E+12;1E+14;1;1;0;0;1;3;0;0;0;0;0;0;0;0;0;0;0;0;1;1;0;0;0;0;1;0;0;0;0;0;1;0;0;0;0;0;0;0;1;0;0;0;0;1;0;1;0;0;0;0;0;0;1;0;1;0;1;0;1;1;0;0;0;0;0;0;0;1;0;0;0;0;0;0;0;0;0;0;1;0;1;0;1;0;0;0;0;0;0;0;0;0;0;0;0;0;0;1;0;11;0;11;0;0;1;1;0;1;1;1;0;0;0;1;88888;1;2;1;12;0;0;0;0;0;0;0;0;0;0;0;0;0;0;0;1;175;0;0;0;0;0;0;1;1;1;1;1;1;0;3;1;0;1;2;1;4;1;4;0;0;1;3;0;0;0;0;0;0;0;0;1;1;1;1;1;2;0;0;0;0;0;0;0;1;1;0;0;0;0;0;0;0;1;0;0;0;0;0;0;0;0;0;0;0;0;0;0;0;0;0;0;0;0;0;0;0;0;0;1;0;0;0;0;0;0;0;1;0;0;0;1;0;0;0;1;1;0;1;0;0;0;0;0;0;0;1;1;0;0;0;0;0;0;206;0;0;0;0;0;0;0;206;206;0;0;0;0;0;0;141;65;52;129;1;23;1;0;0;0;0;0;11;195;57;149;0;0;0;0;0;0;0;0;12;0;0;0;0;0;0;0;12;12;0;0;0;0;0;0;12;0;0;0;0;0;0;0;12;12;0;0;0;0;0;0
2021;Sudeste;3;São Paulo;SP;35;Itu;3523909;Macro Metropolitana Paulista;3512;Sorocaba;35046;352390905;35287261;SENAC ITU;4;0;1;0;RUA MAESTRO JOSE VICTORIO;137;RUA;CENTRO;13300075;11;40229800;2;15000;0;0;0;0;0;0;0;0;0;0;0;0;0;0;0;;;0;0;0;0;0;0;0;0;0;0;0;0;0;0;0;0;0;0;0;0;0;0;0;0;0;0;0;0;0;0;0;0;0;0;0;0;0;0;0;0;0;0;0;0;0;0;0;0;0;0;0;0;0;0;0;0;0;0;0;0;0;0;0;0;0;0;0;0;0;0;0;0;0;0;0;0;0;0;0;0;0;0;0;0;0;0;0;0;0;0;0;0;0;0;0;0;0;0;0;0;0;0;0;0;0;0;0;0;0;0;0;0;0;0;0;0;0;0;0;0;0;0;0;0;0;0;0;0;0;0;0;0;0;0;0;0;0;0;0;0;0;0;0;0;0;0;0;0;0;0;0;0;0;0;0;0;0;0;0;0;0;0;0;0;0;0;0;0;0;0;0;0;0;0;0;0;0;0;0;0;0;0;0;0;0;0;0;0;0;0;0;0;0;0;0;0;0;0;0;0;0;0;0;0;0;0;0;0;0;0;0;0;0;0;0;0;0;0;0;0;0;0;0;0;0;0;0;0;0;0;0;0;0;0;0;0;0;0;0;0;0;0;0;0;0;0;0;0;0;0;0;0;0;0;0;0;0;0;0;0;0;0;0;0;0;0;0;0;0;0;0;0;0;0;0;0;0;0;0;0;0;0;0;0;0;0;0;0;0;0;0;0;0;0;0;0;0;0;0;0;0;0;0;0;0;0;0;0;0;0;0;0;0;0;0;0;0;0;0;0;0;0;0;0;0
2021;Sudeste;3;São Paulo;SP;35;Jaboticabal;3524303;Ribeirão Preto;3502;Jaboticabal;35013;352430305;35149159;SENAC JABOTICABAL;4;1;1;0;RUA 24 DE MAIO;831;RUA;CENTRO;14870350;16;32092800;1;15000;04JAN2021:00:00:00;23DEC2021:00:00:00;0;0;0;0;0;0;1;0;0;0;0;0;0;3,70981E+12;3,70981E+12;1;1;0;0;1;3;0;0;0;0;0;0;0;0;0;0;0;0;1;1;0;0;0;0;1;0;0;0;0;0;1;0;0;0;0;0;0;0;1;0;0;0;0;0;0;0;1;0;0;1;0;0;1;0;1;0;1;0;1;1;1;1;0;0;1;1;0;0;0;0;0;0;0;0;0;0;0;0;1;0;1;0;1;0;0;0;0;0;0;0;1;1;0;1;0;0;1;0;0;12;0;12;12;12;1;1;1;1;1;0;0;1;1;1;2;1;4;1;10;1;88888;0;0;0;0;0;0;0;0;0;0;0;0;0;1;117;1;60;1;2;0;0;1;1;1;1;0;1;1;3;1;0;1;14;1;4;1;2;1;88888;0;0;0;0;0;0;0;0;0;0;1;3;1;1;1;4;1;88888;1;2;0;0;0;0;0;0;0;1;0;0;0;0;1;0;1;1;0;0;0;0;0;0;0;0;0;0;0;0;0;0;0;0;0;0;0;0;0;0;1;0;0;0;0;1;0;0;0;0;0;0;1;0;0;0;1;1;0;1;0;0;0;0;0;0;0;1;1;0;0;0;1;1;0;180;0;0;0;0;0;0;0;180;180;0;0;0;1;1;0;133;47;60;86;3;31;0;0;0;0;0;0;14;166;112;68;0;0;0;0;0;0;0;0;23;0;0;0;0;0;0;0;23;23;0;0;0;4;4;0;10;0;0;0;0;0;0;0;10;10;0;0;0;1;1;0
2021;Sudeste;3;São Paulo;SP;35;Jaú;3525300;Bauru;3504;Jaú;35021;352530005;35149068;SENAC JAU;4;1;1;0;RUA SAO SEBASTIAO;145;RUA;VILA ASSIS;17210060;14;21046409;1;15000;25JAN2021:00:00:00;17DEC2021:00:00:00;0;0;0;0;0;0;0;0;0;0;0;1;0;3,70981E+12;1E+14;1;1;0;0;1;1;0;0;0;0;0;0;0;0;0;0;0;0;1;1;0;0;0;0;1;0;0;0;0;0;1;0;0;0;0;0;0;0;1;0;0;0;0;1;1;1;0;0;0;0;0;0;1;0;1;1;0;0;1;1;1;0;0;0;0;0;0;1;0;0;0;0;0;0;0;0;0;0;0;0;1;0;1;0;0;0;0;0;0;0;0;0;0;0;0;0;0;1;0;12;0;12;0;0;0;1;0;1;1;0;0;1;1;1;88888;1;4;1;4;0;0;0;0;0;0;0;0;0;0;0;0;0;0;0;1;115;0;0;0;0;0;0;1;1;1;1;1;1;0;3;1;0;1;13;1;4;1;3;1;8;0;0;0;0;0;0;0;0;0;0;1;1;1;1;1;6;0;0;0;0;0;0;0;0;0;0;0;1;0;1;0;1;1;0;1;1;0;0;0;1;0;0;0;0;0;0;0;0;0;0;0;0;0;0;0;0;0;0;1;0;1;0;0;1;0;0;0;1;0;0;1;0;0;0;1;1;0;1;0;0;0;0;0;0;0;1;1;0;0;0;0;0;0;210;0;0;0;0;0;0;0;210;210;0;0;0;0;0;0;155;55;72;96;9;33;0;0;0;0;0;0;3;207;105;105;0;0;0;0;0;0;0;0;15;0;0;0;0;0;0;0;15;15;0;0;0;0;0;0;15;0;0;0;0;0;0;0;15;15;0;0;0;0;0;0
2021;Sudeste;3;São Paulo;SP;35;Jundiaí;3525904;Macro Metropolitana Paulista;3512;Jundiaí;35047;352590405;35148957;SENAC JUNDIAI;4;1;1;0;RUA VICENTE MAGAGLIO;50;RUA;JARDIM PAULISTA;13208283;11;33952323;1;15000;04JAN2021:00:00:00;23DEC2021:00:00:00;0;0;0;0;0;0;0;0;0;0;0;1;0;3,70981E+12;3,70981E+12;1;1;0;0;1;1;0;0;0;0;0;0;0;0;0;0;0;0;1;1;0;0;0;0;1;0;0;0;0;0;1;0;0;0;0;1;0;0;0;0;0;0;0;1;0;0;0;1;1;1;0;0;1;0;1;1;1;0;1;1;1;1;0;0;0;1;0;0;0;0;0;0;0;0;0;0;0;0;1;0;1;0;1;0;0;0;0;0;0;1;1;1;0;1;0;1;1;0;0;26;0;26;26;26;0;1;1;1;1;1;0;0;0;1;29;1;3;1;26;1;88888;0;0;0;0;0;0;0;0;0;0;0;0;0;1;126;1;28;0;0;0;0;1;1;1;1;1;1;1;3;1;0;1;26;1;9;1;5;1;88888;1;5;0;0;0;0;0;0;0;0;1;1;1;1;0;0;0;0;1;1;0;0;0;1;1;0;0;0;0;1;0;1;1;0;1;1;0;0;0;1;0;0;0;0;0;0;0;0;0;0;0;0;0;0;0;0;0;0;1;0;0;0;0;0;0;0;1;1;0;0;1;0;0;0;1;1;0;1;0;0;0;0;0;0;0;1;1;0;0;0;1;1;0;417;0;0;0;0;0;0;0;417;417;0;0;0;2;2;0;265;152;155;198;8;51;5;0;0;0;0;8;77;332;265;152;0;0;0;0;0;0;0;0;15;0;0;0;0;0;0;0;15;15;0;0;0;2;2;0;23;0;0;0;0;0;0;0;23;23;0;0;0;2;2;0
2021;Sudeste;3;São Paulo;SP;35;Limeira;3526902;Piracicaba;3506;Limeira;35027;352690205;35149032;SENAC LIMEIRA;4;1;1;0;RUA QUADROS SOBRINHO;1;RUA;CENTRO;13480223;19;21149125;1;15000;18JAN2021:00:00:00;20DEC2021:00:00:00;0;0;0;0;0;0;0;0;0;0;0;1;0;3,70981E+12;3,70981E+12;1;1;0;0;1;1;0;0;0;0;0;0;0;0;0;0;0;0;1;1;0;0;0;0;1;0;0;0;0;0;1;0;0;0;0;1;0;0;1;0;0;0;0;1;0;1;0;1;1;1;0;0;1;0;1;1;1;0;1;1;1;1;0;0;0;0;0;0;0;0;0;0;0;0;0;0;0;0;1;0;1;0;1;0;0;0;0;0;0;1;1;1;1;1;0;1;1;0;0;26;0;26;26;26;1;1;1;1;1;1;0;0;0;1;2;1;3;1;26;1;27;0;0;0;0;0;0;0;0;0;0;0;0;0;1;160;1;6;1;6;0;0;1;1;1;1;0;1;1;3;1;0;1;14;1;9;1;3;1;88888;0;0;0;0;0;0;0;0;0;0;0;0;1;1;1;4;1;88888;1;1;0;0;0;0;1;0;0;0;0;1;0;1;1;1;1;1;0;0;1;0;0;0;0;0;0;0;0;0;0;0;0;0;0;0;0;0;0;0;1;1;0;0;0;1;0;1;0;0;0;0;1;0;0;0;1;1;0;1;0;0;0;0;0;0;0;1;1;0;0;0;1;1;0;259;0;0;0;0;0;0;0;259;259;0;0;0;2;2;0;206;53;92;114;7;44;2;0;0;0;0;0;19;240;133;126;0;0;0;0;0;0;0;0;12;0;0;0;0;0;0;0;12;12;0;0;0;2;2;0;14;0;0;0;0;0;0;0;14;14;0;0;0;2;2;0
2021;Sudeste;3;São Paulo;SP;35;Marília;3529005;Marília;3509;Marília;35038;352900505;35148933;SENAC MARILIA;4;1;1;0;RUA PARAIBA;125;RUA;CENTRO;17509060;14;33117700;1;15000;04JAN2021:00:00:00;23DEC2021:00:00:00;0;0;0;0;0;0;0;0;0;0;0;1;0;3,70981E+12;3,70981E+12;1;1;0;0;1;1;0;0;0;0;0;0;0;0;0;0;0;0;1;1;0;0;0;0;1;0;0;0;0;0;1;0;0;0;0;0;0;0;1;0;0;0;0;1;0;1;0;0;0;1;0;0;1;0;1;0;1;0;1;1;0;1;0;0;0;0;1;0;0;0;1;1;0;0;0;0;0;0;1;0;1;0;0;0;0;0;0;0;0;1;1;1;0;0;0;0;0;0;0;22;0;22;0;0;1;1;1;1;1;0;0;0;0;1;88888;1;5;1;14;0;0;0;0;0;0;0;0;0;0;0;0;0;0;0;1;251;1;17;0;0;0;0;1;1;1;1;1;1;0;0;0;0;1;28;1;9;1;4;0;0;0;0;0;0;0;0;0;0;0;0;1;1;1;1;1;6;1;88888;0;0;0;0;0;1;1;0;0;0;0;1;0;1;1;0;1;1;0;0;0;0;0;0;0;0;0;0;0;0;0;0;0;0;0;0;0;0;0;0;1;1;0;0;0;1;0;0;0;0;0;0;1;0;0;0;1;1;0;1;0;0;0;0;0;0;0;1;1;0;0;0;1;1;0;458;0;0;0;0;0;0;0;458;458;0;0;0;1;1;0;361;97;123;207;14;108;6;0;0;0;0;0;12;446;218;240;0;0;0;0;0;0;0;0;23;0;0;0;0;0;0;0;23;23;0;0;0;1;1;0;25;0;0;0;0;0;0;0;25;25;0;0;0;1;1;0
2021;Sudeste;3;São Paulo;SP;35;Mogi Guaçu;3530706;Campinas;3507;Mogi Mirim;35031;353070605;35149044;SENAC MOGI GUACU;4;1;1;0;RUA ADELINO DAMIAO;55;RUA;CENTRO;13840402;19;33117700;1;15000;04JAN2021:00:00:00;31DEC2021:00:00:00;0;0;0;0;0;0;0;0;0;0;0;1;0;3,70981E+12;1E+14;1;1;0;0;1;3;0;0;0;0;0;0;0;0;0;0;0;0;1;1;0;0;0;0;1;0;0;0;0;0;1;0;0;0;0;0;0;0;1;0;0;0;0;1;0;1;0;0;0;0;0;0;1;0;0;0;0;0;0;0;0;1;0;0;0;1;0;0;0;0;0;0;0;0;0;0;0;0;1;0;0;0;1;0;0;0;0;0;0;0;0;0;0;0;0;0;0;1;0;16;0;16;0;0;0;1;0;1;1;0;0;0;0;1;88888;1;6;0;0;0;0;0;0;0;0;0;0;0;0;0;0;0;0;0;1;153;1;19;0;0;0;0;1;1;1;1;1;1;0;3;1;0;1;30;1;7;1;3;0;0;0;0;0;0;0;0;0;0;0;0;1;1;1;1;0;0;1;88888;1;1;0;0;0;1;0;0;0;0;0;1;0;0;1;0;1;1;1;0;0;0;0;0;0;0;0;0;0;0;0;0;0;0;0;0;0;0;0;0;0;0;0;0;0;1;0;0;0;0;0;0;1;0;0;0;1;1;0;1;0;0;0;0;0;0;0;1;1;0;0;0;1;1;0;366;0;0;0;0;0;0;0;366;366;0;0;0;3;3;0;264;102;125;184;5;51;1;0;0;0;0;0;10;356;271;95;0;0;0;0;0;0;0;0;25;0;0;0;0;0;0;0;25;25;0;0;0;3;3;0;32;0;0;0;0;0;0;0;32;32;0;0;0;3;3;0
2021;Sudeste;3;São Paulo;SP;35;Osasco;3534401;Metropolitana de São Paulo;3515;Osasco;35057;353440105;35148748;SENAC OSASCO;4;1;1;0;RUA DANTE BATTISTON;248;RUA;CENTRO;6013030;11;21649877;1;15000;04JAN2021:00:00:00;17DEC2021:00:00:00;0;0;0;0;0;0;0;0;0;0;0;1;0;3,70981E+12;3,70981E+12;1;1;0;0;1;1;0;0;0;0;0;0;0;0;1;0;0;0;1;1;0;0;0;0;1;0;0;0;0;0;1;0;0;0;0;1;0;0;0;0;0;0;0;1;0;1;0;1;0;1;0;0;1;0;0;0;0;0;1;1;1;0;0;0;0;1;0;0;0;0;0;0;0;0;0;0;0;0;1;0;1;0;1;0;0;0;0;0;0;0;0;0;0;0;0;0;0;1;0;13;0;13;0;0;0;1;1;1;1;0;0;0;0;1;3;1;4;0;0;0;0;0;0;0;0;0;0;0;0;0;0;0;0;0;1;88888;1;88888;1;5;0;0;1;1;1;1;0;1;0;3;1;0;1;88888;1;88888;1;88888;1;88888;1;1;0;0;0;0;0;0;0;0;1;1;1;1;1;1;1;88888;1;1;0;0;0;0;0;0;0;1;0;1;0;0;1;0;1;1;0;0;0;1;0;0;0;0;0;0;0;0;0;0;0;0;0;0;0;0;0;0;1;1;1;0;0;1;0;0;0;1;0;0;1;0;0;0;1;1;0;1;0;0;0;0;0;0;0;1;1;0;0;0;0;0;0;17;0;0;0;0;0;0;0;17;17;0;0;0;0;0;0;9;8;10;4;1;2;0;0;0;0;0;0;1;16;10;7;0;0;0;0;0;0;0;0;13;0;0;0;0;0;0;0;13;13;0;0;0;0;0;0;13;0;0;0;0;0;0;0;13;13;0;0;0;0;0;0
2021;Sudeste;3;São Paulo;SP;35;Pindamonhangaba;3538006;Vale do Paraíba Paulista;3513;São José dos Campos;35050;353800605;35004681;SENAC PINDAMONHANGABA;4;1;1;0;SUICA;1255;;SANTANA;12403610;12;32362044;1;15000;04JAN2021:00:00:00;20DEC2021:00:00:00;0;0;0;0;0;0;0;0;0;0;0;1;0;3,70981E+12;1E+14;1;1;0;0;1;1;0;0;0;0;0;0;0;0;1;1;0;0;1;1;0;0;0;0;1;0;0;0;0;0;1;0;0;0;0;0;0;0;1;0;0;0;0;1;0;0;0;0;0;0;0;0;0;0;0;0;0;0;0;0;0;0;0;0;0;0;0;0;0;0;0;0;0;0;0;0;0;0;0;0;0;0;0;0;0;0;0;0;1;0;1;1;0;1;0;0;0;0;0;23;0;23;0;0;0;1;0;1;1;1;0;0;0;1;88888;1;8;1;22;0;0;0;0;0;0;0;0;0;0;0;0;0;0;0;1;275;1;130;1;8;0;0;1;1;1;1;1;1;1;3;1;0;1;3;1;13;1;3;1;88888;1;3;0;0;0;0;0;0;0;0;1;1;1;1;1;6;1;2;0;0;0;0;0;1;1;0;0;0;0;1;0;1;1;0;1;1;1;0;0;0;0;0;0;0;0;0;0;0;0;0;0;0;0;0;0;0;0;0;1;1;0;0;0;1;0;0;0;1;0;0;1;0;0;0;1;1;0;1;0;0;0;0;0;0;0;1;1;0;0;0;1;1;0;567;0;0;0;0;0;0;0;567;567;0;0;0;6;6;0;408;159;150;309;13;91;3;1;0;0;0;11;163;393;369;198;0;0;0;0;0;0;0;0;21;0;0;0;0;0;0;0;21;21;0;0;0;6;6;0;23;0;0;0;0;0;0;0;23;23;0;0;0;6;6;0
2021;Sudeste;3;São Paulo;SP;35;Piracicaba;3538709;Piracicaba;3506;Piracicaba;35028;353870905;35148970;SENAC PIRACICABA;4;1;1;0;SANTA CRUZ;1148;RUA;ALTO;13419030;19;21050199;1;15000;28JAN2021:00:00:00;23DEC2021:00:00:00;0;0;0;0;0;0;0;0;0;0;0;1;0;3,70981E+12;3,70981E+12;1;1;0;0;1;1;0;0;0;0;0;0;0;0;0;0;0;0;1;1;0;0;0;0;1;0;0;0;0;0;1;0;0;0;0;0;0;0;1;0;0;0;0;1;1;0;0;1;0;1;0;0;1;0;1;0;0;0;1;1;0;1;0;0;0;1;0;0;0;0;0;0;0;0;0;0;0;0;1;0;1;0;1;0;0;0;0;0;0;1;1;1;0;1;0;1;1;0;0;29;0;29;0;0;1;1;1;1;1;0;0;1;2;1;88888;1;5;0;0;0;0;0;0;0;0;0;0;0;0;0;0;0;0;0;1;302;0;0;0;0;0;0;1;1;1;1;1;1;0;3;1;0;1;88888;1;6;1;4;1;88888;1;5;0;0;0;0;0;0;0;0;1;1;1;1;1;4;1;88888;1;1;0;0;0;1;0;0;0;1;0;1;0;0;1;0;1;1;0;0;1;0;0;0;0;0;0;0;0;0;0;0;0;0;0;0;0;0;0;0;1;0;1;0;0;1;0;0;0;1;0;0;1;0;0;0;1;1;0;1;0;0;0;0;0;0;0;1;1;0;0;0;1;1;0;247;0;0;0;0;0;0;0;247;247;0;0;0;2;2;0;143;104;59;158;5;24;1;0;0;0;0;1;130;116;175;72;0;0;0;0;0;0;0;0;6;0;0;0;0;0;0;0;6;6;0;0;0;2;2;0;8;0;0;0;0;0;0;0;8;8;0;0;0;2;2;0
2021;Sudeste;3;São Paulo;SP;35;Presidente Prudente;3541406;Presidente Prudente;3508;Presidente Prudente;35036;354140605;35148921;SENAC PRESIDENTE PRUDENTE;4;1;1;0;MANOEL GOULART;2881;AVENIDA;VILA SANTA HELENA;19060000;18;33444400;1;15000;04JAN2021:00:00:00;17DEC2021:00:00:00;0;0;0;0;0;0;0;0;0;0;0;1;0;3,70981E+12;1E+14;1;1;0;0;1;1;0;0;0;0;0;0;0;0;0;0;0;0;1;1;1;0;0;0;1;0;0;0;0;0;1;0;0;0;0;0;0;0;1;0;0;0;0;1;0;1;0;1;0;1;0;0;1;0;1;0;0;0;1;1;0;1;0;0;0;0;1;1;0;0;0;0;0;0;0;0;0;0;1;0;1;0;1;0;0;0;0;0;0;0;0;0;0;0;0;0;0;1;0;17;0;17;0;0;1;1;0;1;1;0;0;1;2;1;88888;1;7;1;5;0;0;0;0;0;0;0;0;0;0;0;0;0;0;0;1;158;1;45;0;0;0;0;1;1;1;1;0;1;0;3;1;0;1;15;1;13;1;3;0;0;0;0;0;0;0;0;0;0;0;0;1;1;1;1;1;2;1;8;0;0;0;0;0;1;0;0;0;0;0;0;0;0;1;0;1;1;0;0;0;0;0;0;0;0;0;0;0;0;0;0;0;0;0;0;0;0;0;0;1;1;1;0;0;1;0;0;0;1;0;0;1;0;0;0;1;1;0;1;0;0;0;0;0;0;0;1;1;0;0;0;1;1;0;211;0;0;0;0;0;0;0;211;211;0;0;0;1;1;0;135;76;70;92;3;42;2;2;0;0;0;0;14;197;109;102;0;0;0;0;0;0;0;0;11;0;0;0;0;0;0;0;11;11;0;0;0;1;1;0;13;0;0;0;0;0;0;0;13;13;0;0;0;1;1;0
2021;Sudeste;3;São Paulo;SP;35;Registro;3542602;Litoral Sul Paulista;3514;Registro;35055;354260205;35585701;SENAC REGISTRO;4;1;1;0;RUA TEITI KOKI;SN;RUA;VILA FLORIDA;11900000;13;38281316;1;15000;18JAN2021:00:00:00;08DEC2021:00:00:00;0;0;0;0;0;0;0;0;0;0;0;1;0;3,70981E+12;1E+14;1;1;0;0;1;1;0;0;0;0;0;0;0;0;0;0;0;0;1;1;0;0;0;0;1;0;0;0;0;0;1;0;0;0;0;0;0;0;1;0;0;0;0;1;0;0;0;1;0;1;0;0;1;0;1;0;1;0;1;1;0;0;0;0;0;0;0;0;0;0;0;0;0;0;0;0;0;0;1;0;1;0;1;0;0;0;0;0;0;0;0;0;0;0;0;0;0;1;0;20;0;20;0;0;0;1;1;1;1;0;0;1;3;1;88888;1;6;0;0;0;0;0;0;0;0;0;0;0;0;0;0;0;0;0;1;200;0;0;0;0;0;0;1;1;1;1;1;1;0;2;1;0;1;27;1;8;1;4;0;0;1;3;0;0;0;0;0;0;0;0;1;1;1;1;0;0;1;32;1;1;0;0;0;1;1;0;0;0;0;1;1;0;1;0;1;0;0;1;1;1;0;0;0;0;0;0;0;0;0;0;0;0;0;0;0;0;0;0;1;1;0;0;0;0;0;0;1;0;0;0;1;0;0;0;1;1;0;1;0;0;0;0;0;0;0;1;1;0;0;0;1;1;0;734;0;0;0;0;0;0;0;734;734;0;0;0;6;6;0;535;199;269;298;8;154;1;4;0;0;0;0;53;681;498;236;0;0;0;0;0;0;0;0;25;0;0;0;0;0;0;0;25;25;0;0;0;5;5;0;38;0;0;0;0;0;0;0;38;38;0;0;0;5;5;0
2021;Sudeste;3;São Paulo;SP;35;Ribeirão Preto;3543402;Ribeirão Preto;3502;Ribeirão Preto;35014;354340205;35148866;SENAC RIBEIRAO PRETO;4;1;1;0;RUA CAPITAO SALOMAO;2133;RUA;JARDIM MOSTEIRO;14085430;16;21111200;1;15000;04JAN2021:00:00:00;22DEC2021:00:00:00;0;0;0;0;0;0;1;0;0;0;0;0;0;3,70981E+12;1E+14;1;1;0;0;1;1;0;0;0;0;0;0;0;0;0;0;0;0;1;1;0;0;0;0;1;0;0;0;0;0;1;0;0;0;0;0;0;0;1;0;0;0;0;0;0;0;1;1;0;0;0;0;1;0;1;0;1;0;1;1;0;0;0;0;0;1;1;0;0;0;0;0;0;0;0;0;0;0;1;0;1;0;1;0;0;0;0;0;0;0;0;0;0;0;0;0;0;1;0;24;0;24;0;0;0;1;0;1;1;1;0;0;0;1;88888;1;14;1;88888;0;0;0;0;0;0;0;0;0;0;0;0;0;0;0;1;376;1;70;1;12;0;0;1;1;1;1;0;1;1;2;0;0;0;0;0;0;0;0;0;0;0;0;0;0;0;0;0;0;0;0;0;0;0;0;0;0;0;0;0;0;0;0;0;1;1;0;0;0;0;1;0;0;1;0;1;1;0;0;1;0;0;0;0;0;0;0;0;0;0;0;0;0;0;0;0;0;0;0;1;0;0;0;0;1;0;0;0;0;0;0;1;0;0;0;1;1;0;1;0;0;0;0;0;0;0;1;1;0;0;0;1;1;0;886;0;0;0;0;0;0;0;886;886;0;0;0;4;4;0;551;335;263;431;25;162;4;1;0;0;0;6;212;668;505;381;0;0;0;0;0;0;0;0;30;0;0;0;0;0;0;0;30;30;0;0;0;3;3;0;50;0;0;0;0;0;0;0;50;50;0;0;0;4;4;0
2021;Sudeste;3;São Paulo;SP;35;Rio Claro;3543907;Piracicaba;3506;Rio Claro;35026;354390705;35149111;SENAC RIO CLARO;4;1;1;0;AVENIDA DOIS;720;AVENIDA;CENTRO;13500411;19;21123401;1;15000;04JAN2021:00:00:00;22DEC2021:00:00:00;0;0;0;0;0;0;0;0;0;0;0;1;0;3,70981E+12;1E+14;1;1;0;0;1;3;0;0;0;0;0;0;0;0;0;0;0;0;1;1;0;0;0;0;1;0;0;0;0;0;1;0;0;0;0;1;0;0;1;0;0;0;0;1;0;1;0;1;0;1;0;0;1;0;1;0;0;0;1;1;0;0;0;0;0;1;0;1;0;0;0;0;0;0;0;0;0;0;1;0;0;0;0;0;0;0;0;0;0;1;1;1;1;1;0;1;1;0;0;11;0;11;11;11;1;1;1;1;1;1;0;1;1;1;14;1;4;1;2;1;14;0;0;0;0;0;0;0;0;0;0;0;0;0;1;101;1;34;1;4;0;0;1;1;1;1;1;1;1;3;1;0;1;88888;1;4;1;3;1;88888;0;0;0;0;0;0;0;0;0;0;0;0;1;1;1;2;1;88888;1;1;0;0;0;0;1;0;0;0;0;1;0;1;1;1;1;1;0;0;1;0;0;0;0;0;0;0;0;0;0;0;0;0;0;0;0;0;0;0;1;1;0;0;0;1;0;1;0;0;0;0;1;0;0;0;1;1;0;1;0;0;0;0;0;0;0;1;1;0;0;0;1;1;0;107;0;0;0;0;0;0;0;107;107;0;0;0;1;1;0;74;33;43;46;1;16;1;0;0;0;0;0;2;105;65;42;0;0;0;0;0;0;0;0;8;0;0;0;0;0;0;0;8;8;0;0;0;1;1;0;9;0;0;0;0;0;0;0;9;9;0;0;0;1;1;0
2021;Sudeste;3;São Paulo;SP;35;Salto;3545209;Macro Metropolitana Paulista;3512;Sorocaba;35046;354520905;35005871;SENAC SALTO;4;1;1;0;AVENIDA DRA. SONIA MARIA BULLE;1245;SLT170;BURU;13328330;11;28118826;1;15000;04JAN2021:00:00:00;21DEC2021:00:00:00;0;0;0;0;0;0;0;0;0;0;0;1;0;3,70981E+12;3,70981E+12;1;2;0;0;1;3;0;0;0;0;0;0;0;0;0;0;0;0;1;1;0;0;0;0;1;0;0;0;0;0;1;0;0;0;0;1;0;0;1;0;0;0;0;1;0;1;0;1;1;1;0;0;1;0;1;0;1;0;1;1;1;0;0;0;0;1;0;0;0;0;0;0;0;0;0;0;0;1;1;1;1;0;1;0;0;0;0;0;0;1;0;1;1;1;0;1;1;0;0;17;0;17;17;17;0;1;0;1;1;1;0;0;0;1;18;1;5;0;0;1;17;0;0;0;0;0;0;0;0;0;0;0;0;0;1;136;1;54;1;1;0;0;1;1;1;1;1;1;1;3;1;0;1;88888;1;7;1;3;0;0;0;0;0;0;0;0;0;0;0;0;1;3;1;1;1;88888;0;0;1;1;0;0;0;0;0;0;0;1;0;1;0;0;1;0;1;0;0;0;0;0;0;0;0;0;0;0;0;0;0;0;0;0;0;0;0;0;0;0;1;1;1;0;0;1;0;0;0;0;0;0;1;0;0;0;1;1;0;1;0;0;0;0;0;0;0;1;1;0;0;0;1;1;0;113;0;0;0;0;0;0;0;113;113;0;0;0;1;1;0;73;40;47;49;2;15;0;0;0;0;0;0;3;110;56;57;0;0;0;0;0;0;0;0;6;0;0;0;0;0;0;0;6;6;0;0;0;1;1;0;9;0;0;0;0;0;0;0;9;9;0;0;0;1;1;0
2021;Sudeste;3;São Paulo;SP;35;Santo André;3547809;Metropolitana de São Paulo;3515;São Paulo;35061;354780905;35148738;SENAC SANTO ANDRE;4;1;1;0;RAMIRO COLLEONI;110;AVENIDA;VILA DORA;9040160;11;28428300;1;15000;04JAN2021:00:00:00;31DEC2021:00:00:00;0;0;0;0;0;0;0;0;0;0;0;1;0;3,70981E+12;1E+14;1;1;0;0;1;1;0;0;0;0;0;0;0;0;0;0;0;0;1;1;0;0;0;0;1;0;0;0;0;0;1;0;0;0;0;0;0;0;1;0;0;0;0;1;0;1;0;1;0;1;0;0;1;0;1;0;1;0;1;1;0;1;0;0;0;1;1;0;0;0;0;0;0;0;0;0;0;0;1;0;1;0;1;0;0;0;0;0;0;0;0;0;0;0;0;0;0;1;0;24;0;24;0;0;1;1;0;1;1;1;0;0;0;1;88888;1;3;1;28;0;0;0;0;0;0;0;0;0;0;0;0;0;0;0;1;199;1;56;1;7;0;0;1;1;1;1;1;1;1;3;1;0;1;26;1;5;1;3;1;88888;1;5;0;0;0;0;0;0;0;0;1;1;1;1;1;6;1;3;0;0;0;0;0;0;0;0;0;1;0;1;0;0;1;0;1;1;0;0;0;1;0;0;0;0;0;0;0;0;0;0;0;0;0;0;0;0;0;0;1;0;0;0;0;1;0;0;0;0;0;0;1;0;0;0;1;1;0;1;0;0;0;0;0;0;0;1;1;0;0;0;1;1;0;434;0;0;0;0;0;0;0;434;434;0;0;0;2;2;0;263;171;213;156;5;59;1;0;0;0;0;0;39;395;169;265;0;0;0;0;0;0;0;0;21;0;0;0;0;0;0;0;21;21;0;0;0;3;3;0;23;0;0;0;0;0;0;0;23;23;0;0;0;2;2;0
2021;Sudeste;3;São Paulo;SP;35;Santos;3548500;Metropolitana de São Paulo;3515;Santos;35063;354850005;35148751;SENAC SANTOS;4;1;1;0;AVENIDA CONSELHEIRO NEBIAS;309;AVENIDA;VILA MATHIAS;11015003;13;21057799;1;15000;04JAN2021:00:00:00;23DEC2021:00:00:00;0;0;0;0;0;0;0;0;0;0;0;1;0;3,70981E+12;3,70981E+12;1;1;0;0;1;1;0;0;0;0;0;0;0;0;0;0;0;0;1;1;0;0;0;0;1;0;0;0;0;0;1;0;0;0;0;1;0;0;1;0;0;0;0;1;1;1;0;1;0;1;0;0;1;0;1;0;1;0;1;1;1;0;0;0;0;0;1;1;0;0;0;0;0;0;0;0;0;0;1;0;1;0;1;0;0;0;0;0;0;0;1;1;0;1;0;1;1;0;0;32;0;32;32;0;0;1;1;1;1;1;0;1;1;1;15;1;2;1;28;1;32;0;0;0;0;0;0;0;0;0;0;0;0;0;1;129;1;60;1;14;0;0;1;1;1;1;1;1;1;2;1;0;1;13;1;11;1;5;0;0;0;0;0;0;0;0;0;0;1;2;1;1;1;1;1;2;1;4;0;0;0;0;0;0;1;0;0;1;0;1;0;0;1;0;1;1;1;0;1;0;0;0;0;0;0;0;0;0;0;0;0;0;0;0;0;0;0;0;1;1;0;0;0;1;0;0;0;1;0;0;1;0;0;0;1;1;0;1;0;0;0;0;0;0;0;1;1;0;0;0;1;1;0;940;0;0;0;0;0;0;0;940;940;0;0;0;2;2;0;660;280;415;323;30;167;2;3;0;0;0;4;98;838;553;387;0;0;0;0;0;0;0;0;23;0;0;0;0;0;0;0;23;23;0;0;0;1;1;0;50;0;0;0;0;0;0;0;50;50;0;0;0;1;1;0
2021;Sudeste;3;São Paulo;SP;35;São Bernardo do Campo;3548708;Metropolitana de São Paulo;3515;São Paulo;35061;354870805;35569070;SENAC SAO BERNARDO DO CAMPO;4;1;1;0;AVENIDA SENADOR VERGUEIRO;400;AVENIDA;CENTRO;9750000;11;32362044;1;15000;04JAN2021:00:00:00;22DEC2021:00:00:00;0;0;0;0;0;0;1;0;0;0;0;0;0;3,70981E+12;1E+14;1;1;0;0;1;1;0;0;0;0;0;0;0;0;0;0;0;0;1;1;0;0;0;0;1;0;0;0;0;0;1;0;0;0;0;0;0;0;1;0;0;0;0;0;0;0;1;1;0;1;0;0;1;0;1;0;1;0;1;1;0;1;0;0;0;1;0;0;0;0;0;0;0;0;0;0;0;0;1;0;1;0;1;0;0;0;0;0;0;0;0;0;0;0;0;0;0;1;0;33;0;33;0;0;1;1;0;0;1;0;0;0;0;1;88888;1;3;1;39;0;0;0;0;0;0;0;0;0;0;0;0;0;0;0;1;317;1;30;1;15;0;0;1;1;1;1;1;1;1;3;1;0;1;36;1;23;1;5;0;0;1;8;0;0;0;0;0;0;0;0;0;0;1;1;1;6;1;6;0;0;0;0;0;1;1;0;0;0;0;1;0;0;1;0;1;1;0;0;1;0;0;0;0;0;0;0;0;0;0;0;0;0;0;0;0;0;0;0;1;1;1;0;0;0;0;0;1;0;0;0;1;0;0;0;1;1;0;1;0;0;0;0;0;0;0;1;1;0;0;0;1;1;0;1147;0;0;0;0;0;0;0;1147;1147;0;0;0;6;6;0;742;405;479;408;30;222;6;2;0;0;0;4;115;1028;635;512;0;0;0;0;0;0;0;0;42;0;0;0;0;0;0;0;42;42;0;0;0;5;5;0;50;0;0;0;0;0;0;0;50;50;0;0;0;5;5;0
2021;Sudeste;3;São Paulo;SP;35;São Carlos;3548906;Araraquara;3505;São Carlos;35025;354890605;35148878;SENAC SAO CARLOS;4;1;1;0;RUA EPISCOPAL;700;RUA;CENTRO;13560570;16;21071055;1;15000;04JAN2021:00:00:00;22DEC2021:00:00:00;0;0;0;0;0;0;0;0;0;0;0;1;0;3,70981E+12;3,70981E+12;1;1;0;0;1;1;0;0;0;0;0;0;0;0;0;0;0;0;1;1;0;0;0;0;1;0;0;0;0;0;1;0;0;0;0;1;0;0;0;1;0;0;0;1;0;1;0;1;0;1;0;0;1;0;1;0;1;0;1;1;1;1;0;0;0;0;1;0;0;0;1;1;1;0;0;0;0;0;1;0;1;0;1;0;0;0;0;0;0;1;1;1;0;1;0;1;1;0;0;30;0;30;30;30;1;1;1;1;1;1;0;0;0;1;88888;1;6;1;27;1;34;0;0;0;0;0;0;0;0;0;0;0;0;0;1;192;1;86;1;7;0;0;1;1;1;1;1;1;0;1;1;0;1;41;1;14;1;4;0;0;0;0;0;0;0;0;0;0;0;0;1;1;1;1;0;0;1;5;1;1;0;0;0;0;0;0;0;1;0;1;0;1;1;0;1;1;0;0;1;0;0;0;0;0;0;0;0;0;0;0;0;0;0;0;0;0;0;0;1;1;1;0;0;0;0;0;1;1;0;0;1;0;0;0;1;1;0;1;0;0;0;0;0;0;0;1;1;0;0;0;1;1;0;699;0;0;0;0;0;0;0;699;699;0;0;0;10;10;0;481;218;242;328;21;104;1;3;0;0;0;1;148;550;416;283;0;0;0;0;0;0;0;0;47;0;0;0;0;0;0;0;47;47;0;0;0;11;11;0;34;0;0;0;0;0;0;0;34;34;0;0;0;8;8;0
2021;Sudeste;3;São Paulo;SP;35;São João da Boa Vista;3549102;Campinas;3507;São João da Boa Vista;35030;354910205;35149123;SENAC SAO JOAO DA BOA VISTA;4;1;1;0;RUA SAO JOAO;204;RUA;CENTRO;13870222;19;33661100;1;15000;18JAN2021:00:00:00;17DEC2021:00:00:00;0;0;0;0;0;0;0;0;0;0;0;1;0;3,70981E+12;1E+14;1;1;0;0;1;3;0;0;0;0;0;0;0;0;0;0;0;0;1;1;0;0;0;0;1;0;0;0;0;0;1;0;0;0;0;0;0;0;1;0;0;0;0;1;0;1;0;1;0;1;0;0;1;0;1;0;0;0;1;1;1;0;0;0;0;1;1;0;0;0;0;0;0;0;0;0;0;0;1;0;1;0;1;0;0;0;0;0;0;1;1;1;1;1;0;1;1;0;0;6;0;6;6;0;1;1;0;1;1;1;0;0;0;1;6;1;2;1;6;0;0;0;0;0;0;0;0;0;0;0;0;0;0;0;1;52;0;0;1;1;0;0;1;1;1;1;1;1;1;2;1;0;1;88888;1;5;1;3;0;0;0;0;0;0;0;0;0;0;0;0;1;1;1;1;0;0;1;88888;1;1;0;0;0;1;1;0;0;0;0;1;0;1;1;0;1;1;0;0;1;0;0;0;0;0;0;0;0;0;0;0;0;0;0;0;0;0;0;0;1;0;1;0;0;1;0;0;0;0;0;0;1;0;0;0;1;1;0;1;0;0;0;0;0;0;0;1;1;0;0;0;1;1;0;68;0;0;0;0;0;0;0;68;68;0;0;0;1;1;0;60;8;14;39;2;11;1;1;0;0;0;0;8;60;34;34;0;0;0;0;0;0;0;0;5;0;0;0;0;0;0;0;5;5;0;0;0;2;2;0;4;0;0;0;0;0;0;0;4;4;0;0;0;1;1;0
2021;Sudeste;3;São Paulo;SP;35;São José do Rio Preto;3549805;São José do Rio Preto;3501;São José do Rio Preto;35004;354980505;35148908;SENAC SAO JOSE DO RIO PRETO;4;1;1;0;RUA JORGE TIBIRICA;3518;RUA;SANTA CRUZ;15014040;17;21391699;1;15000;18JAN2021:00:00:00;20DEC2021:00:00:00;0;0;0;0;0;0;0;0;0;0;0;1;0;3,70981E+12;3,70981E+12;1;1;0;0;1;1;0;0;0;0;0;0;0;0;0;0;0;0;1;1;0;0;0;0;1;0;0;0;0;0;1;0;0;0;0;0;0;0;1;0;0;0;0;0;0;0;1;1;0;1;0;0;1;0;1;0;1;0;1;1;0;1;0;0;0;1;1;0;0;0;0;0;0;0;0;0;0;0;1;1;1;0;1;0;0;0;0;0;0;0;0;0;0;0;0;0;0;1;0;31;0;31;30;31;0;1;0;1;1;1;0;0;0;0;0;1;15;1;14;1;40;0;0;0;0;0;0;0;0;0;0;0;0;0;1;388;1;236;1;17;0;0;1;0;1;0;0;0;0;2;0;0;1;36;1;11;1;5;1;88888;1;5;0;0;0;0;0;0;0;0;1;1;1;1;1;4;1;88888;1;1;0;0;0;1;1;0;0;0;0;1;0;0;1;0;1;1;0;0;0;0;0;0;0;0;0;0;0;0;0;0;0;0;0;0;0;0;0;0;1;1;1;0;0;0;0;0;1;1;0;0;1;0;0;0;1;1;0;1;0;0;0;0;0;0;0;1;1;0;0;0;1;1;0;523;0;0;0;0;0;0;0;523;523;0;0;0;3;3;0;314;209;266;203;11;42;1;0;0;0;0;3;133;387;327;196;0;0;0;0;0;0;0;0;27;0;0;0;0;0;0;0;27;27;0;0;0;5;5;0;29;0;0;0;0;0;0;0;29;29;0;0;0;3;3;0
2021;Sudeste;3;São Paulo;SP;35;São José dos Campos;3549904;Vale do Paraíba Paulista;3513;São José dos Campos;35050;354990405;35148945;SENAC SAO JOSE DOS CAMPOS;4;1;1;0;SAIGIRO NAKAMURA;400;RUA;VILA INDUSTRIAL;12220280;12;21349000;1;15000;18JAN2021:00:00:00;31DEC2021:00:00:00;0;0;0;0;0;0;0;0;0;0;0;1;0;3,70981E+12;1E+14;1;1;0;0;1;1;0;0;0;0;0;0;0;0;0;0;0;0;1;1;1;0;0;0;1;0;0;0;0;0;1;0;0;0;0;0;0;0;1;0;0;0;0;1;0;1;0;1;0;1;0;0;1;0;1;0;1;0;1;1;0;0;0;0;0;1;0;0;0;0;0;0;0;0;0;0;0;0;1;0;1;0;1;0;0;0;0;0;0;0;0;0;0;0;0;0;0;1;0;27;0;27;0;0;0;1;0;1;1;0;0;1;15;1;88888;1;10;1;19;0;0;0;0;0;0;0;0;0;0;0;0;0;0;0;1;200;1;25;1;10;0;0;1;1;1;1;1;1;1;2;1;0;1;32;1;7;1;4;1;8;1;5;0;0;0;0;0;0;0;0;1;1;1;1;1;4;1;10;0;0;0;0;0;1;1;0;0;0;0;0;0;0;0;0;0;0;0;0;0;0;1;0;0;0;0;0;0;0;0;0;0;0;0;0;0;0;0;0;0;0;0;0;0;1;0;0;0;0;0;0;1;0;0;0;1;1;0;1;0;0;0;0;0;0;0;1;1;0;0;0;1;1;0;1009;0;0;0;0;0;0;0;1009;1009;0;0;0;8;8;0;631;378;348;476;25;152;5;3;0;0;0;0;79;930;599;410;0;0;0;0;0;0;0;0;37;0;0;0;0;0;0;0;37;37;0;0;0;6;6;0;56;0;0;0;0;0;0;0;56;56;0;0;0;8;8;0
2021;Sudeste;3;São Paulo;SP;35;São Paulo;3550308;Metropolitana de São Paulo;3515;São Paulo;35061;355030801;35004682;SENAC SAO MIGUEL PAULISTA;4;1;1;0;MARECHAL TITO;1500;;SAO MIGUEL PAULISTA;8010090;11;25048458;1;15000;02JAN2021:00:00:00;31DEC2021:00:00:00;0;0;0;0;0;0;0;0;0;0;0;1;0;3,70981E+12;1E+14;1;1;0;0;1;1;0;0;0;0;0;0;0;0;0;0;0;0;1;1;0;0;0;0;1;0;0;0;0;0;1;0;0;0;0;0;0;0;1;0;0;0;0;1;1;1;0;0;0;0;0;0;0;0;0;0;0;0;1;1;0;0;0;0;0;0;0;0;0;0;0;0;0;0;0;0;0;0;0;0;0;0;0;0;0;0;0;0;0;0;1;1;0;1;0;0;0;0;0;47;0;47;0;0;1;1;1;1;1;0;0;0;0;1;88888;1;16;0;0;0;0;0;0;0;0;0;0;0;0;0;0;0;0;0;1;645;0;0;0;0;0;0;1;1;1;1;1;1;0;3;1;0;1;49;1;27;1;9;0;0;1;7;0;0;0;0;0;0;1;3;1;1;1;1;1;22;1;4;1;1;0;0;0;1;0;0;0;1;0;1;0;1;1;0;1;1;1;0;0;0;0;0;0;0;0;0;0;0;0;0;0;0;0;0;0;0;0;0;1;0;1;0;0;1;0;1;0;0;0;0;1;0;0;0;1;1;0;1;0;0;0;0;0;0;0;1;1;0;0;0;1;1;0;1480;0;0;0;0;0;0;0;1480;1480;0;0;0;6;6;0;874;606;678;487;39;272;2;2;0;0;0;4;457;1019;1057;423;0;0;0;0;0;0;0;0;53;0;0;0;0;0;0;0;53;53;0;0;0;8;8;0;63;0;0;0;0;0;0;0;63;63;0;0;0;6;6;0
2021;Sudeste;3;São Paulo;SP;35;São Paulo;3550308;Metropolitana de São Paulo;3515;São Paulo;35061;355030880;35006847;SENAC SERRA DE BRAGANCA;4;1;1;0;SERRA DE BRAGANCA;990;;VILA GOMES CARDIM;3318000;11;32362383;1;15000;02FEB2021:00:00:00;23DEC2021:00:00:00;0;0;0;0;0;0;0;0;0;0;0;1;0;3,70981E+12;3,70981E+12;1;2;0;0;1;3;0;0;0;0;0;0;0;0;0;0;0;0;1;1;0;0;0;0;1;0;0;0;0;0;1;0;0;0;0;1;0;0;0;0;0;0;0;1;0;1;0;0;1;0;0;0;1;0;1;0;0;0;0;0;1;1;0;0;0;1;1;0;0;0;0;0;0;0;0;0;0;0;0;0;1;0;1;0;0;0;0;0;0;1;0;1;1;1;0;1;1;0;0;5;0;5;5;5;0;1;1;1;1;1;0;0;0;1;1;1;4;1;4;1;4;0;0;0;0;0;0;0;0;0;0;0;0;0;1;20;0;0;0;0;0;0;1;1;1;0;0;1;1;2;1;0;1;1;1;4;1;1;1;88888;0;0;0;0;0;0;0;0;0;0;0;0;1;1;1;88888;1;88888;1;1;0;0;0;0;0;0;0;1;0;1;0;0;1;0;0;0;0;0;0;0;0;0;0;0;0;0;0;0;0;0;0;0;0;0;0;0;0;0;1;0;0;0;0;1;0;0;0;0;0;0;1;0;0;0;1;1;0;1;0;0;0;0;0;0;0;1;1;0;0;0;1;1;0;39;0;0;0;0;0;0;0;39;39;0;0;0;1;1;0;35;4;14;14;1;9;1;0;0;0;0;0;0;39;18;21;0;0;0;0;0;0;0;0;2;0;0;0;0;0;0;0;2;2;0;0;0;1;1;0;2;0;0;0;0;0;0;0;2;2;0;0;0;1;1;0
2021;Sudeste;3;São Paulo;SP;35;São Paulo;3550308;Metropolitana de São Paulo;3515;São Paulo;35061;355030801;35148573;SENAC SANTANA;4;1;1;0;VOLUNTARIOS DA PATRIA;3167;RUA;SANTANA;2401200;11;21468250;1;15000;04JAN2021:00:00:00;22DEC2021:00:00:00;0;0;0;0;0;0;0;0;0;0;0;1;0;3,70981E+12;3,70981E+12;1;1;0;0;1;1;0;0;0;0;0;0;0;0;0;0;0;0;1;1;0;0;0;0;1;0;0;0;0;0;1;0;0;0;0;0;0;0;1;0;0;0;0;1;0;1;0;1;1;1;0;0;1;0;1;0;1;0;1;1;0;1;0;0;0;1;0;0;0;0;0;0;0;0;0;0;0;0;1;1;1;0;1;0;0;0;0;0;0;1;1;1;1;1;0;1;1;0;0;24;0;24;24;0;0;1;1;1;1;1;0;0;0;1;24;1;2;1;19;1;20;0;0;0;0;0;0;0;0;0;0;0;0;0;1;100;1;45;1;6;0;0;1;1;1;1;1;1;1;2;1;0;1;88888;1;8;1;4;0;0;0;0;0;0;0;0;0;0;0;0;1;1;1;1;1;4;1;4;1;2;0;0;0;0;0;0;0;1;0;1;0;0;1;0;1;1;0;0;1;0;0;0;0;0;0;0;0;0;0;0;0;0;0;0;0;0;0;0;1;1;1;0;0;0;0;0;1;1;0;0;1;0;0;0;1;1;0;1;0;0;0;0;0;0;0;1;1;0;0;0;0;0;0;168;0;0;0;0;0;0;0;168;168;0;0;0;0;0;0;85;83;76;62;7;21;0;2;0;0;0;0;9;159;79;89;0;0;0;0;0;0;0;0;10;0;0;0;0;0;0;0;10;10;0;0;0;0;0;0;10;0;0;0;0;0;0;0;10;10;0;0;0;0;0;0
2021;Sudeste;3;São Paulo;SP;35;São Paulo;3550308;Metropolitana de São Paulo;3515;São Paulo;35061;355030801;35148581;SENAC VILA PRUDENTE;4;1;1;0;RUA DO ORFANATO;316;RUA;VILA PRUDENTE;3131010;11;34740799;1;15000;18JAN2021:00:00:00;20DEC2021:00:00:00;0;0;0;0;0;0;0;0;0;0;0;1;0;3,70981E+12;1E+14;1;1;0;0;1;1;0;0;0;0;0;0;0;0;0;0;0;0;1;1;0;0;0;0;1;0;0;0;0;0;1;0;0;0;0;1;0;0;0;0;0;0;0;1;0;1;0;1;0;1;0;0;1;0;0;0;0;0;1;1;0;0;0;0;0;1;0;0;0;0;0;0;0;0;0;0;0;0;1;0;1;0;1;0;0;0;0;0;0;0;0;0;0;0;0;0;0;1;0;15;0;15;0;0;0;1;1;1;1;1;0;1;1;1;88888;1;5;1;88888;0;0;0;0;0;0;0;0;0;0;0;0;0;0;0;1;93;1;30;0;0;0;0;1;1;1;1;1;1;0;2;1;0;1;24;1;9;1;3;0;0;0;0;0;0;0;0;0;0;0;0;0;0;1;1;1;4;1;88888;1;1;0;0;0;0;0;0;0;1;0;0;0;0;0;0;1;1;0;0;0;0;0;0;0;0;0;0;0;0;0;0;0;0;0;0;0;0;0;0;0;1;0;0;0;0;0;0;1;0;0;0;1;0;0;0;1;1;0;1;0;0;0;0;0;0;0;1;1;0;0;0;1;1;0;427;0;0;0;0;0;0;0;427;427;0;0;0;4;4;0;329;98;234;111;7;68;3;4;0;0;0;0;10;417;245;182;0;0;0;0;0;0;0;0;18;0;0;0;0;0;0;0;18;18;0;0;0;6;6;0;25;0;0;0;0;0;0;0;25;25;0;0;0;4;4;0
2021;Sudeste;3;São Paulo;SP;35;São Paulo;3550308;Metropolitana de São Paulo;3515;São Paulo;35061;355030880;35148593;SENAC TATUAPE;4;1;1;0;RUA CORONEL LUIS AMERICANO;130;RUA;VILA AZEVEDO;3308020;11;21912900;1;15000;02JAN2021:00:00:00;23DEC2021:00:00:00;0;0;0;0;0;0;1;0;0;0;0;0;0;3,70981E+12;3,70981E+12;1;1;0;0;1;1;0;0;0;0;0;0;0;0;0;0;0;0;1;1;0;0;0;0;1;0;0;0;0;0;1;0;0;0;0;1;0;0;0;0;0;0;0;1;0;1;0;1;0;1;0;0;1;0;1;0;1;0;1;1;1;0;0;0;0;1;0;0;0;0;0;0;0;0;0;0;0;0;1;0;1;0;1;0;0;0;0;0;0;0;0;0;0;0;0;0;0;1;0;13;0;13;13;13;1;1;1;1;1;0;0;1;2;1;1;1;4;0;0;1;1;0;0;0;0;0;0;0;0;0;0;0;0;0;1;100;0;0;0;0;0;0;1;0;1;1;0;0;0;3;1;0;1;4;1;5;1;88888;0;0;0;0;0;0;0;0;0;0;0;0;1;1;1;1;0;0;1;2;1;1;0;0;0;0;0;0;0;1;0;1;0;1;1;0;1;1;0;0;0;0;0;0;0;0;0;0;0;0;0;0;0;0;0;0;0;0;0;0;1;9;9;0;0;0;0;0;1;9;0;0;1;0;0;0;1;1;0;1;0;0;0;0;0;0;0;1;1;0;0;0;0;0;0;82;0;0;0;0;0;0;0;82;82;0;0;0;0;0;0;52;30;50;22;2;6;1;1;0;0;0;0;2;80;40;42;0;0;0;0;0;0;0;0;6;0;0;0;0;0;0;0;6;6;0;0;0;0;0;0;6;0;0;0;0;0;0;0;6;6;0;0;0;0;0;0
2021;Sudeste;3;São Paulo;SP;35;São Paulo;3550308;Metropolitana de São Paulo;3515;São Paulo;35061;355030826;35148611;SENAC 24 DE MAIO;4;0;1;0;RUA 24 DE MAIO;208;;SANTA EFIGENIA;1041000;11;21610500;3;15000;0;0;0;0;0;0;0;0;0;0;0;0;0;0;0;;;0;0;0;0;0;0;0;0;0;0;0;0;0;0;0;0;0;0;0;0;0;0;0;0;0;0;0;0;0;0;0;0;0;0;0;0;0;0;0;0;0;0;0;0;0;0;0;0;0;0;0;0;0;0;0;0;0;0;0;0;0;0;0;0;0;0;0;0;0;0;0;0;0;0;0;0;0;0;0;0;0;0;0;0;0;0;0;0;0;0;0;0;0;0;0;0;0;0;0;0;0;0;0;0;0;0;0;0;0;0;0;0;0;0;0;0;0;0;0;0;0;0;0;0;0;0;0;0;0;0;0;0;0;0;0;0;0;0;0;0;0;0;0;0;0;0;0;0;0;0;0;0;0;0;0;0;0;0;0;0;0;0;0;0;0;0;0;0;0;0;0;0;0;0;0;0;0;0;0;0;0;0;0;0;0;0;0;0;0;0;0;0;0;0;0;0;0;0;0;0;0;0;0;0;0;0;0;0;0;0;0;0;0;0;0;0;0;0;0;0;0;0;0;0;0;0;0;0;0;0;0;0;0;0;0;0;0;0;0;0;0;0;0;0;0;0;0;0;0;0;0;0;0;0;0;0;0;0;0;0;0;0;0;0;0;0;0;0;0;0;0;0;0;0;0;0;0;0;0;0;0;0;0;0;0;0;0;0;0;0;0;0;0;0;0;0;0;0;0;0;0;0;0;0;0;0;0;0;0;0;0;0;0;0;0;0;0;0;0;0;0;0;0;0;0
2021;Sudeste;3;São Paulo;SP;35;São Paulo;3550308;Metropolitana de São Paulo;3515;São Paulo;35061;355030801;35148623;SENAC FRANCISCO MATARAZZO;4;1;1;0;FRANCISCO MATARAZZO;249;AVENIDA;AGUA BRANCA;5001000;11;21892100;1;15000;04JAN2021:00:00:00;20DEC2021:00:00:00;0;0;0;0;0;0;0;0;0;0;0;1;0;3,70981E+12;3,70981E+12;1;1;0;0;1;1;0;0;0;0;0;0;0;0;0;1;0;0;1;1;0;0;0;0;1;0;0;0;0;0;1;0;0;0;0;0;0;0;1;0;0;0;0;1;0;1;0;1;0;0;0;0;1;0;1;0;0;0;0;0;0;0;0;0;0;1;0;0;0;0;0;0;0;0;0;0;0;1;0;0;1;0;0;0;0;0;0;0;0;0;0;0;0;0;0;0;0;1;0;39;0;39;39;0;0;1;0;1;1;1;0;1;1;0;0;1;12;1;41;1;43;0;0;0;0;0;0;0;0;0;0;0;0;0;1;20;1;186;1;10;0;0;1;1;1;1;1;1;1;3;1;0;1;88888;1;15;1;6;0;0;1;4;0;0;0;0;0;0;0;0;1;1;1;1;1;8;1;88888;1;1;0;0;0;1;0;0;0;0;0;1;0;1;1;0;1;1;1;0;1;1;0;0;0;0;0;0;0;0;0;0;0;0;0;0;0;0;0;0;1;1;1;0;0;1;0;0;0;1;0;0;1;0;0;0;1;1;0;1;0;0;0;0;0;0;0;1;1;0;0;0;1;1;0;248;0;0;0;0;0;0;0;248;248;0;0;0;1;1;0;152;96;86;101;7;49;3;2;0;0;0;6;75;167;127;121;0;0;0;0;0;0;0;0;8;0;0;0;0;0;0;0;8;8;0;0;0;1;1;0;10;0;0;0;0;0;0;0;10;10;0;0;0;1;1;0
2021;Sudeste;3;São Paulo;SP;35;São Paulo;3550308;Metropolitana de São Paulo;3515;São Paulo;35061;355030801;35148659;SENAC TIRADENTES;4;1;1;0;TIRADENTES;822;AVENIDA;LUZ;1102000;11;33662000;1;15000;02JAN2021:00:00:00;31DEC2021:00:00:00;0;0;0;0;0;0;0;0;0;0;0;1;0;3,70981E+12;1E+14;1;1;0;0;1;1;0;0;0;0;0;0;0;0;0;0;0;0;1;1;0;0;0;0;1;0;0;0;0;0;1;0;0;0;0;1;0;0;0;0;0;0;0;0;0;1;0;0;0;1;0;0;1;0;1;0;1;0;1;1;0;1;0;0;0;1;0;0;0;0;0;0;0;0;0;0;0;0;1;0;1;0;1;0;0;0;0;0;0;0;0;0;0;0;0;0;0;1;0;20;0;20;0;0;1;1;1;1;1;0;0;1;3;1;88888;1;9;0;0;0;0;0;0;0;0;0;0;0;0;0;0;0;0;0;1;315;0;0;0;0;0;0;1;1;1;1;0;1;0;0;0;0;1;28;1;16;1;4;0;0;0;0;0;0;0;0;0;0;0;0;1;1;1;1;1;6;1;2;0;0;0;0;0;1;0;0;0;0;0;1;0;0;1;0;0;0;0;0;0;0;0;0;0;0;0;0;0;0;0;0;0;0;0;0;0;0;0;0;1;1;0;0;0;0;0;0;1;1;0;0;1;0;0;0;1;1;0;1;0;0;0;0;0;0;0;1;1;0;0;0;1;1;0;1167;0;0;0;0;0;0;0;1167;1167;0;0;0;3;3;0;778;389;653;326;27;151;8;2;0;0;0;0;15;1152;652;515;0;0;0;0;0;0;0;0;39;0;0;0;0;0;0;0;39;39;0;0;0;6;6;0;49;0;0;0;0;0;0;0;49;49;0;0;0;3;3;0
2021;Sudeste;3;São Paulo;SP;35;São Paulo;3550308;Metropolitana de São Paulo;3515;São Paulo;35061;355030801;35148702;SENAC JABAQUARA;4;1;1;0;CAFE;298;AVENIDA;VILA GUARANI Z SUL;4311000;11;21469150;1;15000;04JAN2021:00:00:00;22DEC2021:00:00:00;0;0;0;0;0;0;0;0;0;0;0;1;0;3,70981E+12;1E+14;1;1;0;0;1;1;0;0;0;0;0;0;0;0;0;0;0;0;1;1;0;0;0;0;1;0;0;0;0;0;1;0;0;0;0;0;0;0;1;0;0;0;0;1;0;0;0;1;0;1;0;0;1;0;1;0;1;0;1;1;0;1;0;0;0;1;0;0;0;0;0;0;0;0;0;0;0;0;1;0;1;0;1;0;0;0;0;0;0;0;0;0;0;0;0;0;0;1;0;10;0;10;0;0;1;1;1;1;1;0;0;1;2;1;88888;1;8;1;2;0;0;0;0;0;0;0;0;0;0;0;0;0;0;0;1;117;1;20;1;20;0;0;1;1;1;1;1;1;1;2;1;0;1;18;1;12;1;4;0;0;1;4;0;0;0;0;0;0;0;0;1;1;1;1;0;0;1;9;1;1;0;0;0;1;0;0;0;0;0;1;0;1;1;0;1;1;1;0;0;0;0;0;0;0;0;0;0;0;0;0;0;0;0;0;0;0;0;0;1;0;0;0;0;1;0;0;0;0;0;0;1;0;0;0;1;1;0;1;0;0;0;0;0;0;0;1;1;0;0;0;1;1;0;306;0;0;0;0;0;0;0;306;306;0;0;0;2;2;0;202;104;129;127;8;38;4;0;0;0;0;9;69;228;149;157;0;0;0;0;0;0;0;0;8;0;0;0;0;0;0;0;8;8;0;0;0;1;1;0;13;0;0;0;0;0;0;0;13;13;0;0;0;2;2;0
2021;Sudeste;3;São Paulo;SP;35;São Paulo;3550308;Metropolitana de São Paulo;3515;São Paulo;35061;355030801;35148714;SENAC LARGO TREZE;4;1;1;0;ANTONIO BENTO DOUTOR;393;RUA;SANTO AMARO;4750000;11;37373900;1;15000;04JAN2021:00:00:00;20DEC2021:00:00:00;0;0;0;0;0;0;1;0;0;0;0;0;0;3,70981E+12;1E+14;1;1;0;0;1;1;0;0;0;0;0;0;0;0;0;0;0;0;1;1;0;0;0;0;1;0;0;0;0;0;1;0;0;0;0;0;0;0;1;0;0;0;0;1;0;1;0;1;0;1;0;0;1;0;1;1;1;0;1;1;0;1;0;0;0;1;0;0;0;0;0;0;0;0;0;0;0;0;1;0;1;0;1;0;0;0;0;0;0;0;0;0;0;0;0;0;0;1;0;21;0;21;0;0;1;1;1;1;1;1;0;0;0;1;88888;1;3;1;88888;0;0;0;0;0;0;0;0;0;0;0;0;0;0;0;1;184;1;43;1;10;0;0;1;1;1;1;1;1;1;3;1;0;1;34;1;11;1;4;0;0;0;0;0;0;0;0;0;0;0;0;1;1;1;1;1;6;1;88888;1;3;0;0;0;1;1;0;0;0;0;1;0;0;1;0;1;1;0;0;0;0;0;0;0;0;0;0;0;0;0;0;0;0;0;0;0;0;0;0;1;0;0;0;0;1;0;0;0;1;0;0;1;0;0;0;1;1;0;1;0;0;0;0;0;0;0;1;1;0;0;0;1;1;0;700;0;0;0;0;0;0;0;700;700;0;0;0;3;3;0;440;260;331;194;25;147;1;2;0;0;0;0;35;665;440;260;0;0;0;0;0;0;0;0;21;0;0;0;0;0;0;0;21;21;0;0;0;3;3;0;36;0;0;0;0;0;0;0;36;36;0;0;0;3;3;0
2021;Sudeste;3;São Paulo;SP;35;São Paulo;3550308;Metropolitana de São Paulo;3515;São Paulo;35061;355030801;35148994;SENAC LAPA SCIPIAO;4;1;1;0;RUA SCIPIAO;67;RUA;V.ROMANA;5047060;11;34752299;1;15000;28JAN2021:00:00:00;17DEC2021:00:00:00;0;0;0;0;0;0;0;0;0;0;0;1;0;3,70981E+12;1E+14;1;1;0;0;1;1;0;0;0;0;0;0;0;0;0;0;0;0;1;1;0;0;0;0;1;0;0;0;0;0;1;0;0;0;0;1;0;0;0;0;0;0;0;1;0;1;0;1;0;1;0;0;1;0;1;1;1;0;1;1;0;0;0;0;0;1;1;1;0;0;0;0;0;0;0;0;0;1;1;1;1;0;1;0;0;0;0;0;0;1;1;1;1;1;0;1;1;0;0;44;0;44;0;0;0;1;0;1;1;1;0;1;5;1;19;1;88888;1;2;1;50;0;0;0;0;0;0;0;0;0;0;0;0;0;1;88888;1;73;1;33;0;0;1;1;1;1;0;1;1;3;1;0;1;88888;1;18;1;5;1;88888;1;7;0;0;0;0;0;0;0;0;1;1;1;1;1;6;1;88888;0;0;0;0;0;1;1;0;0;0;0;1;0;0;1;0;0;1;0;0;0;0;0;0;0;0;0;0;0;0;0;0;0;0;0;0;0;0;0;0;0;1;0;0;0;1;0;0;0;1;0;0;1;0;0;0;1;1;0;1;0;0;0;0;0;0;0;1;1;0;0;0;1;1;0;221;0;0;0;0;0;0;0;221;221;0;0;0;3;3;0;106;115;80;112;9;18;1;1;0;0;0;7;100;114;156;65;0;0;0;0;0;0;0;0;12;0;0;0;0;0;0;0;12;12;0;0;0;2;2;0;12;0;0;0;0;0;0;0;12;12;0;0;0;1;1;0
2021;Sudeste;3;São Paulo;SP;35;São Paulo;3550308;Metropolitana de São Paulo;3515;São Paulo;35061;355030801;35149081;SENAC LAPA FAUSTOLO;4;1;1;0;RUA FAUSTOLO;1347;RUA;LAPA;5041001;11;21859800;1;15000;03FEB2021:00:00:00;24DEC2021:00:00:00;0;0;0;0;0;0;0;0;0;0;0;1;0;3,70981E+12;1E+14;1;1;0;0;1;1;0;0;0;0;0;0;0;0;0;0;0;0;1;1;0;0;0;0;1;0;0;0;0;0;1;0;0;0;0;1;0;0;0;0;0;0;0;1;0;0;0;1;0;1;0;0;1;0;1;1;1;0;1;1;1;0;0;0;0;1;0;1;0;0;0;0;0;0;0;0;0;0;1;0;1;0;1;0;0;0;0;0;0;1;1;1;0;0;0;0;1;0;0;15;0;15;15;0;1;1;1;1;1;1;0;1;6;1;1;1;7;1;14;1;88888;0;0;0;0;0;0;0;0;0;0;0;0;0;1;88888;1;88888;1;6;0;0;1;1;1;1;0;1;1;3;1;0;1;88888;1;6;1;88888;0;0;0;0;0;0;0;0;0;0;0;0;1;3;1;1;1;88888;1;88888;1;1;0;0;0;1;1;0;0;0;0;0;0;0;1;0;0;0;0;0;0;0;0;0;0;0;0;0;0;0;0;0;0;0;0;0;0;0;0;0;1;0;0;0;0;1;0;0;0;1;0;0;1;0;0;0;1;1;0;1;0;0;0;0;0;0;0;1;1;0;0;0;0;0;0;78;0;0;0;0;0;0;0;78;78;0;0;0;0;0;0;70;8;37;29;2;9;1;0;0;0;0;0;5;73;34;44;0;0;0;0;0;0;0;0;3;0;0;0;0;0;0;0;3;3;0;0;0;0;0;0;5;0;0;0;0;0;0;0;5;5;0;0;0;0;0;0
2021;Sudeste;3;São Paulo;SP;35;São Paulo;3550308;Metropolitana de São Paulo;3515;São Paulo;35061;355030801;35149100;SENAC ITAQUERA;4;1;1;0;AVENIDA ITAQUERA;8266;AVENIDA;ITAQUERA;8295000;11;21859200;1;15000;02JAN2021:00:00:00;22DEC2021:00:00:00;0;0;0;0;0;0;0;0;0;0;0;1;0;3,70981E+12;1E+14;1;1;0;0;1;1;0;0;0;0;0;0;0;0;0;0;0;0;1;1;0;0;0;0;1;0;0;0;0;0;1;0;0;0;0;0;0;0;1;0;0;0;0;1;0;0;0;1;0;1;0;0;1;0;1;0;1;0;1;1;0;0;0;0;0;1;0;0;0;0;0;0;0;0;0;0;0;0;0;0;1;0;1;0;0;0;0;0;0;0;0;0;0;0;0;0;0;1;0;8;0;8;0;0;0;1;1;1;1;1;0;0;0;1;88888;1;7;1;10;0;0;0;0;0;0;0;0;0;0;0;0;0;0;0;1;234;1;140;1;9;0;0;1;1;1;1;1;1;1;3;1;0;1;88888;0;0;0;0;0;0;0;0;0;0;0;0;0;0;0;0;0;0;0;0;0;0;0;0;0;0;0;0;0;1;1;0;0;0;0;1;0;0;1;0;1;0;0;0;0;0;0;0;0;0;0;0;0;0;0;0;0;0;0;0;0;0;0;0;0;0;0;0;0;1;0;0;0;1;0;0;1;0;0;0;1;1;0;1;0;0;0;0;0;0;0;1;1;0;0;0;1;1;0;228;0;0;0;0;0;0;0;228;228;0;0;0;1;1;0;142;86;144;44;5;33;0;2;0;0;0;0;7;221;138;90;0;0;0;0;0;0;0;0;12;0;0;0;0;0;0;0;12;12;0;0;0;1;1;0;12;0;0;0;0;0;0;0;12;12;0;0;0;1;1;0
2021;Sudeste;3;São Paulo;SP;35;São Paulo;3550308;Metropolitana de São Paulo;3515;São Paulo;35061;355030859;35149135;SENAC PENHA;4;1;1;0;RUA FRANCISCO COIMBRA PENHA;403;RUA;PENHA;3639000;11;21350300;1;15000;04JAN2021:00:00:00;23DEC2021:00:00:00;0;0;0;0;0;0;0;0;0;0;0;1;0;3,70981E+12;3,70981E+12;1;1;0;0;1;1;0;0;0;0;0;0;0;0;0;0;0;0;1;1;0;0;0;0;1;0;0;0;0;0;1;0;0;0;0;0;0;0;1;0;0;0;0;1;0;1;0;0;0;1;0;0;1;0;1;0;0;0;1;1;1;0;0;0;0;0;0;0;0;0;0;0;0;0;0;0;0;0;1;0;1;0;1;0;0;0;0;0;0;0;0;0;0;0;0;0;0;1;0;15;0;15;15;0;0;1;0;1;1;1;0;1;1;1;1;1;3;1;14;0;0;0;0;0;0;0;0;0;0;0;0;0;0;0;1;88888;1;12;1;15;0;0;1;1;1;1;1;0;1;2;1;0;1;4;1;5;1;88888;0;0;0;0;0;0;0;0;0;0;0;0;0;0;1;1;0;0;1;1;1;1;0;0;0;0;0;0;0;1;0;1;0;0;1;0;1;1;0;0;0;0;0;0;0;0;0;0;0;0;0;0;0;0;0;0;0;0;0;0;1;9;9;0;0;1;0;0;0;9;0;0;1;0;0;0;1;1;0;1;0;0;0;0;0;0;0;1;1;0;0;0;0;0;0;58;0;0;0;0;0;0;0;58;58;0;0;0;0;0;0;35;23;34;12;2;9;1;0;0;0;0;0;2;56;25;33;0;0;0;0;0;0;0;0;4;0;0;0;0;0;0;0;4;4;0;0;0;0;0;0;4;0;0;0;0;0;0;0;4;4;0;0;0;0;0;0
2021;Sudeste;3;São Paulo;SP;35;São Paulo;3550308;Metropolitana de São Paulo;3515;São Paulo;35061;355030871;35269025;SENAC NACOES UNIDAS;4;1;1;0;EUSEBIO STEVAUX ENGENHEIRO;823;AVENIDA;JURUBATUBA;4696000;11;56827300;1;15000;28JAN2021:00:00:00;20DEC2021:00:00:00;0;0;0;0;0;0;0;0;0;0;0;1;0;3,70981E+12;3,70981E+12;1;1;0;0;1;1;0;0;0;0;0;0;0;0;0;0;0;0;1;1;0;0;0;0;1;0;0;0;0;0;1;0;0;0;0;1;0;0;1;0;0;0;0;1;0;0;0;1;1;1;0;0;1;0;1;0;1;0;1;1;1;0;0;0;1;1;1;1;0;0;1;1;1;1;1;0;1;1;1;1;1;0;1;1;0;0;0;0;0;1;1;1;1;1;0;1;1;0;0;27;0;27;27;27;1;1;1;1;1;1;0;0;0;0;0;0;0;0;0;1;88888;0;0;0;0;0;0;0;0;0;0;0;0;0;1;27;1;378;0;0;0;0;1;1;1;1;1;1;1;3;1;0;1;4;1;3;1;1;1;3;1;2;0;0;0;0;1;1;0;0;1;2;1;1;1;3;1;10;1;1;0;0;0;1;0;0;0;1;0;1;0;1;1;0;0;1;1;0;0;0;0;0;0;0;0;0;0;0;0;0;0;0;0;0;0;0;0;0;1;1;1;0;0;1;1;0;0;1;0;0;1;0;0;0;1;0;0;1;0;0;0;0;0;0;0;1;1;0;0;0;1;1;0;960;0;0;0;0;0;0;0;960;960;0;0;0;15;15;0;373;587;328;506;15;100;11;0;0;0;0;46;901;13;960;0;0;0;0;0;0;0;0;0;24;0;0;0;0;0;0;0;24;24;0;0;0;11;11;0;24;0;0;0;0;0;0;0;24;24;0;0;0;11;11;0
2021;Sudeste;3;São Paulo;SP;35;São Paulo;3550308;Metropolitana de São Paulo;3515;São Paulo;35061;355030801;35287258;SENAC LAPA TITO;4;1;1;0;TITO;54;RUA;VILA ROMANA;5051000;11;28885500;1;15000;04JAN2021:00:00:00;23DEC2021:00:00:00;0;0;0;0;0;0;0;0;0;0;0;1;0;3,70981E+12;1E+14;1;1;0;0;1;1;0;0;0;0;0;0;0;0;0;0;0;0;1;1;0;0;0;0;1;0;0;0;0;0;1;0;0;0;0;0;0;0;1;0;0;0;0;1;0;1;0;1;0;0;0;0;1;0;1;0;1;0;1;1;0;0;0;0;0;1;1;0;0;0;0;0;0;1;0;0;0;0;1;0;1;0;1;0;0;0;0;0;0;1;1;1;1;0;0;1;1;0;0;44;0;44;0;0;1;1;0;1;1;0;0;1;1;1;2;1;16;1;45;1;88888;0;0;0;0;0;0;0;0;0;0;0;0;0;1;88888;1;88888;1;15;0;0;1;1;1;1;0;1;1;2;0;0;1;88888;1;14;1;88888;0;0;1;6;0;0;0;0;0;0;0;0;1;1;1;1;1;88888;0;0;1;1;0;0;0;1;1;0;0;0;0;0;0;0;0;0;0;0;0;0;0;0;1;0;0;0;0;0;0;0;0;0;0;0;0;0;0;0;0;0;1;0;1;0;0;0;0;0;1;0;0;0;1;0;0;0;1;1;0;1;0;0;0;0;0;0;0;1;1;0;0;0;1;1;0;121;0;0;0;0;0;0;0;121;121;0;0;0;1;1;0;56;65;57;44;5;13;2;0;0;0;0;0;1;120;18;103;0;0;0;0;0;0;0;0;5;0;0;0;0;0;0;0;5;5;0;0;0;1;1;0;6;0;0;0;0;0;0;0;6;6;0;0;0;1;1;0
2021;Sudeste;3;São Paulo;SP;35;São Paulo;3550308;Metropolitana de São Paulo;3515;São Paulo;35061;355030807;35433470;SENAC 9 DE JULHO;4;0;1;0;RUA DOUTOR PLINIO BARRETO;;;BELA VISTA;1313020;11;21826900;3;15000;0;0;0;0;0;0;0;0;0;0;0;0;0;0;0;;;0;0;0;0;0;0;0;0;0;0;0;0;0;0;0;0;0;0;0;0;0;0;0;0;0;0;0;0;0;0;0;0;0;0;0;0;0;0;0;0;0;0;0;0;0;0;0;0;0;0;0;0;0;0;0;0;0;0;0;0;0;0;0;0;0;0;0;0;0;0;0;0;0;0;0;0;0;0;0;0;0;0;0;0;0;0;0;0;0;0;0;0;0;0;0;0;0;0;0;0;0;0;0;0;0;0;0;0;0;0;0;0;0;0;0;0;0;0;0;0;0;0;0;0;0;0;0;0;0;0;0;0;0;0;0;0;0;0;0;0;0;0;0;0;0;0;0;0;0;0;0;0;0;0;0;0;0;0;0;0;0;0;0;0;0;0;0;0;0;0;0;0;0;0;0;0;0;0;0;0;0;0;0;0;0;0;0;0;0;0;0;0;0;0;0;0;0;0;0;0;0;0;0;0;0;0;0;0;0;0;0;0;0;0;0;0;0;0;0;0;0;0;0;0;0;0;0;0;0;0;0;0;0;0;0;0;0;0;0;0;0;0;0;0;0;0;0;0;0;0;0;0;0;0;0;0;0;0;0;0;0;0;0;0;0;0;0;0;0;0;0;0;0;0;0;0;0;0;0;0;0;0;0;0;0;0;0;0;0;0;0;0;0;0;0;0;0;0;0;0;0;0;0;0;0;0;0;0;0;0;0;0;0;0;0;0;0;0;0;0;0;0;0;0;0
2021;Sudeste;3;São Paulo;SP;35;São Paulo;3550308;Metropolitana de São Paulo;3515;São Paulo;35061;355030801;35449477;SENAC ACLIMACAO;4;1;1;0;PIRES DA MOTA;838;RUA;ACLIMACAO;1529000;11;37951299;1;15000;04JAN2021:00:00:00;22DEC2021:00:00:00;0;0;0;0;0;0;0;0;0;0;0;1;0;3,70981E+12;1E+14;1;1;0;0;1;1;0;0;0;0;0;0;0;0;0;0;0;0;1;1;0;0;0;0;1;0;0;0;0;0;1;0;0;0;0;0;0;0;1;0;0;0;0;1;0;0;0;0;0;1;0;0;1;0;1;0;1;0;1;1;1;1;0;0;0;1;0;1;0;0;0;0;0;1;0;0;0;0;1;1;1;0;1;0;0;0;0;0;0;0;0;0;0;0;0;0;0;1;0;27;0;27;0;0;1;1;1;1;1;0;0;1;1;1;88888;1;12;1;25;0;0;0;0;0;0;0;0;0;0;0;0;0;0;0;1;121;1;157;0;0;0;0;1;1;1;1;1;1;0;3;1;0;1;88888;1;20;1;1;0;0;0;0;0;0;0;0;0;0;1;9;1;1;1;1;1;6;1;7;1;1;0;0;0;1;0;0;0;0;0;1;0;1;1;0;1;1;1;0;1;0;0;0;0;0;0;0;0;0;0;0;0;0;0;0;0;0;0;0;1;1;1;0;0;1;0;0;0;0;0;0;1;0;0;0;1;1;0;1;0;0;0;0;0;0;0;1;1;0;0;0;1;1;0;489;0;0;0;0;0;0;0;489;489;0;0;0;6;6;0;273;216;221;214;6;41;6;1;0;0;0;7;240;242;358;131;0;0;0;0;0;0;0;0;48;0;0;0;0;0;0;0;48;48;0;0;0;28;28;0;20;0;0;0;0;0;0;0;20;20;0;0;0;6;6;0
2021;Sudeste;3;São Paulo;SP;35;São Paulo;3550308;Metropolitana de São Paulo;3515;São Paulo;35061;355030801;35463536;SENAC JARDIM PRIMAVERA;4;1;1;0;RUA MANOEL ALVES SOARES;1100;AVENIDA;INTERLAGOS;4821270;11;56629300;1;15000;04JAN2021:00:00:00;20DEC2021:00:00:00;0;0;0;0;0;0;0;0;0;0;0;1;0;3,70981E+12;1E+14;1;1;0;0;1;3;0;0;0;0;0;0;0;0;0;0;0;0;1;1;0;0;0;0;1;0;0;0;0;0;1;0;0;0;0;0;0;0;1;0;0;0;0;1;0;1;0;1;0;0;0;0;1;0;0;0;1;0;1;1;0;0;0;0;0;1;0;0;0;0;0;0;0;0;0;0;0;0;0;0;1;0;0;0;0;0;0;0;0;0;0;0;0;0;0;0;0;1;0;5;0;5;0;0;1;1;0;1;1;0;0;0;0;1;88888;1;2;1;6;0;0;0;0;0;0;0;0;0;0;0;0;0;0;0;1;35;1;20;1;1;0;0;1;1;1;1;1;1;1;3;1;0;1;88888;1;4;1;2;0;0;0;0;0;0;0;0;0;0;0;0;1;1;1;1;1;88888;1;88888;1;88888;0;0;0;1;1;0;0;0;0;1;0;0;1;0;1;0;0;0;0;1;0;0;0;0;0;0;0;0;0;0;0;0;0;0;0;0;0;0;1;0;0;0;0;1;0;0;0;1;0;0;1;0;0;0;0;1;0;1;0;0;0;0;0;0;0;1;1;0;0;0;0;0;0;29;0;0;0;0;0;0;0;29;29;0;0;0;0;0;0;16;13;13;8;0;8;0;0;0;0;0;0;0;29;0;29;0;0;0;0;0;0;0;0;1;0;0;0;0;0;0;0;1;1;0;0;0;0;0;0;1;0;0;0;0;0;0;0;1;1;0;0;0;0;0;0
2021;Sudeste;3;São Paulo;SP;35;Sorocaba;3552205;Macro Metropolitana Paulista;3512;Sorocaba;35046;355220505;35148799;SENAC SOROCABA;4;1;1;0;RUA CORONEL NOGUEIRA PADILHA;2392;RUA;VILA HORTENCIA;18020003;15;34122500;1;15000;04JAN2021:00:00:00;23DEC2021:00:00:00;0;0;0;0;0;0;0;0;0;0;0;1;0;3,70981E+12;1E+14;1;1;0;0;1;1;0;0;0;0;0;0;0;0;0;0;0;0;1;1;1;0;0;0;1;0;0;0;0;0;1;0;0;0;0;0;0;0;1;0;0;0;0;0;0;1;0;1;1;1;0;0;1;0;1;1;0;0;1;1;1;0;0;0;0;1;1;0;0;0;0;0;0;1;0;0;0;0;1;1;1;0;1;0;0;0;0;0;0;1;1;0;0;1;0;0;0;0;0;49;0;49;47;47;0;1;1;1;1;1;0;0;0;1;1;0;0;1;26;1;1;0;0;0;0;0;0;0;0;0;0;0;0;0;1;247;1;76;1;5;0;0;1;1;1;1;1;1;1;2;1;0;1;49;1;28;1;4;0;0;1;6;0;0;0;0;0;0;0;0;1;1;1;1;1;18;1;88888;1;1;0;0;0;1;1;0;0;0;0;0;0;0;0;0;0;0;0;0;0;0;1;0;0;0;0;0;0;0;0;0;0;0;0;0;0;0;0;0;1;0;0;0;0;0;0;0;1;0;0;0;1;0;0;0;1;1;0;1;0;0;0;0;0;0;0;1;1;0;0;0;1;1;0;774;0;0;0;0;0;0;0;774;774;0;0;0;5;5;0;527;247;276;390;14;75;19;0;0;0;0;4;144;626;448;326;0;0;0;0;0;0;0;0;19;0;0;0;0;0;0;0;19;19;0;0;0;5;5;0;35;0;0;0;0;0;0;0;35;35;0;0;0;5;5;0
2021;Sudeste;3;São Paulo;SP;35;Taboão da Serra;3552809;Metropolitana de São Paulo;3515;Itapecerica da Serra;35060;355280905;35563390;SENAC TABOAO DA SERRA;4;1;1;0;SALVADOR BRANCO DE ANDRADE;182;RUA;JARDIM SAO MIGUEL;6760100;11;42452000;1;15000;04JAN2021:00:00:00;23DEC2021:00:00:00;0;0;0;0;0;0;0;0;0;0;0;1;0;3,70981E+12;3,70981E+12;1;1;0;0;1;1;0;0;0;0;0;0;0;0;0;0;0;0;1;1;0;0;0;0;1;0;1;0;1;0;1;0;0;0;0;0;0;0;1;0;0;0;0;0;0;1;0;1;0;1;0;0;1;0;1;0;0;0;1;1;0;0;0;0;0;0;1;0;0;0;0;0;0;0;0;0;0;0;1;0;1;0;0;0;0;0;0;0;0;0;1;1;0;1;0;0;0;0;0;23;0;23;0;0;1;1;1;1;1;1;0;1;1;1;2;1;4;1;20;0;0;0;0;0;0;0;0;0;0;0;0;0;0;0;1;23;1;26;1;4;0;0;1;1;1;1;1;1;1;2;1;0;1;5;1;5;1;4;0;0;0;0;0;0;0;0;0;0;0;0;0;0;1;1;0;0;1;88888;0;0;0;0;0;1;1;0;0;0;0;1;0;0;1;0;1;0;0;0;0;0;0;0;0;0;0;0;0;0;0;0;0;0;0;0;0;0;0;0;1;0;0;0;0;0;0;0;1;1;0;0;1;0;0;0;1;1;0;1;0;0;0;0;0;0;0;1;1;0;0;0;1;1;0;441;0;0;0;0;0;0;0;441;441;0;0;0;2;2;0;294;147;216;126;13;85;1;0;0;0;0;0;16;425;267;174;0;0;0;0;0;0;0;0;18;0;0;0;0;0;0;0;18;18;0;0;0;3;3;0;20;0;0;0;0;0;0;0;20;20;0;0;0;2;2;0
2021;Sudeste;3;São Paulo;SP;35;Taubaté;3554102;Vale do Paraíba Paulista;3513;São José dos Campos;35050;355410205;35148775;SENAC TAUBATE;4;1;1;0;RUA PROFESSOR NELSON FREIRE CAMPELLO;202;RUA;JARDIM EULALIA;12010700;12;21256099;1;15000;02JAN2021:00:00:00;22DEC2021:00:00:00;0;0;0;0;0;0;0;0;0;0;0;1;0;3,70981E+12;3,70981E+12;1;1;0;0;1;1;0;0;0;0;0;0;0;0;0;0;0;0;1;1;1;0;0;0;1;0;0;0;0;0;1;0;0;0;0;1;0;0;1;0;0;0;0;1;0;0;0;0;0;1;0;0;1;0;1;0;1;0;1;1;1;1;0;0;0;1;0;1;0;0;1;0;1;0;0;0;0;0;1;0;1;0;1;0;0;0;0;0;0;0;0;1;1;1;0;1;1;0;0;17;0;17;17;17;1;1;0;1;1;1;0;1;1;1;88888;1;3;1;17;0;0;0;0;0;0;0;0;0;0;0;0;0;0;0;1;198;1;75;1;4;0;0;1;1;1;1;1;1;1;2;1;0;1;3;1;10;1;3;1;88888;1;4;0;0;0;0;0;0;1;2;1;1;1;1;1;4;1;1;0;0;0;0;0;0;0;0;0;1;0;1;0;0;1;0;1;0;0;0;0;0;0;0;0;0;0;0;0;0;0;0;0;0;0;0;0;0;0;0;0;0;0;0;0;1;0;0;0;1;0;0;1;0;0;0;1;1;0;1;0;0;0;0;0;0;0;1;1;0;0;0;1;1;0;290;0;0;0;0;0;0;0;290;290;0;0;0;1;1;0;194;96;119;144;0;26;1;0;0;0;0;0;35;255;195;95;0;0;0;0;0;0;0;0;39;0;0;0;0;0;0;0;39;39;0;0;0;2;2;0;26;0;0;0;0;0;0;0;26;26;0;0;0;1;1;0
2021;Sudeste;3;São Paulo;SP;35;Votuporanga;3557105;São José do Rio Preto;3501;Votuporanga;35003;355710505;35149073;SENAC VOTUPORANGA;4;1;1;0;GUAPORE;3221;RUA;SANTA LUZIA;15500086;17;34266700;1;15000;01FEB2021:00:00:00;20DEC2021:00:00:00;0;0;0;0;0;0;0;0;0;0;0;1;0;3,70981E+12;3,70981E+12;1;1;0;0;1;3;0;0;0;0;0;0;0;0;0;0;0;0;1;1;0;0;0;0;1;0;0;0;0;0;1;0;0;0;0;0;0;0;1;0;0;0;0;0;0;1;0;1;0;0;0;0;1;0;1;0;1;0;0;1;1;0;0;0;0;1;1;1;0;0;0;0;0;0;0;0;0;0;1;1;1;0;1;0;0;0;0;0;0;0;0;1;1;1;0;0;0;0;0;7;0;7;7;0;1;1;1;1;1;0;0;1;5;1;7;1;3;0;0;0;0;0;0;0;0;0;0;0;0;0;0;0;0;0;1;10;1;7;1;1;0;0;1;1;1;1;1;1;1;2;0;0;1;20;0;0;0;0;0;0;0;0;0;0;0;0;0;0;0;0;1;1;1;1;0;0;0;0;1;1;0;0;0;0;0;0;0;1;0;0;0;0;1;0;0;0;0;0;0;0;0;0;0;0;0;0;0;0;0;0;0;0;0;0;0;0;0;0;1;1;0;0;0;0;0;0;1;1;0;0;1;0;0;0;1;1;0;1;0;0;0;0;0;0;0;1;1;0;0;0;1;1;0;173;0;0;0;0;0;0;0;173;173;0;0;0;1;1;0;125;48;57;81;9;25;1;0;0;0;0;0;4;169;63;110;0;0;0;0;0;0;0;0;6;0;0;0;0;0;0;0;6;6;0;0;0;1;1;0;9;0;0;0;0;0;0;0;9;9;0;0;0;1;1;0
2021;Sul;4;Paraná;PR;41;Apucarana;4101408;Norte Central Paranaense;4103;Apucarana;41010;410140805;41152085;UEPT 5 - UNIDADE DE EDUCACAO PRO E TECNOLOGICA DE APUCARANA- SENAC;4;1;1;0;GASTAO VIDIGAL;185;;JABOTI;86800050;43;34202800;1;1;11JAN2021:00:00:00;17DEC2021:00:00:00;0;0;0;0;0;0;0;0;0;0;0;1;0;3,54109E+12;3,54109E+12;1;1;0;0;1;1;0;0;0;0;0;0;0;0;0;1;0;0;1;1;0;0;0;0;1;0;0;0;0;0;1;0;0;0;0;1;0;0;0;0;0;0;0;1;0;0;0;1;0;1;0;0;1;0;1;1;0;0;1;1;1;0;0;0;0;1;1;0;0;0;0;0;0;0;0;0;0;0;1;1;1;0;1;0;0;0;0;0;0;1;1;1;1;1;0;0;1;0;0;18;0;18;0;0;1;1;1;1;1;1;0;1;1;1;1;1;1;1;1;1;11;0;0;0;0;0;0;0;0;0;0;0;0;0;1;38;0;0;0;0;0;0;1;1;1;1;0;1;1;3;1;0;1;5;0;0;0;0;1;88888;0;0;0;0;0;0;0;0;0;0;0;0;1;1;0;0;0;0;1;1;0;0;0;0;0;0;0;1;0;1;0;1;1;0;0;0;0;0;0;0;0;0;0;0;0;0;0;0;0;0;0;1;0;1;0;0;0;0;1;0;0;0;0;0;0;0;1;0;0;0;1;0;0;0;1;1;0;1;0;0;0;0;0;0;0;1;1;0;0;0;1;1;0;133;0;0;0;0;0;0;0;133;77;0;0;0;1;1;0;73;60;72;41;7;12;1;0;0;0;0;6;45;82;70;63;0;0;0;0;0;0;0;0;35;0;0;0;0;0;0;0;35;34;0;0;0;2;2;0;10;0;0;0;0;0;0;0;10;6;0;0;0;1;1;0
2021;Sul;4;Paraná;PR;41;Barracão;4102604;Sudoeste Paranaense;4107;Francisco Beltrão;41026;410260405;41152336;UEP 41 - UNIDADE DE EDUCACAO PROFISSIONAL E TECNOLOGICA DE BARRACAO- SENAC;4;0;1;0;AV. BRASILIA;60;1 ANDAR;CENTRO;85700000;49;36440317;2;12;0;0;0;0;0;0;0;0;0;0;0;0;0;0;0;;;0;0;0;0;0;0;0;0;0;0;0;0;0;0;0;0;0;0;0;0;0;0;0;0;0;0;0;0;0;0;0;0;0;0;0;0;0;0;0;0;0;0;0;0;0;0;0;0;0;0;0;0;0;0;0;0;0;0;0;0;0;0;0;0;0;0;0;0;0;0;0;0;0;0;0;0;0;0;0;0;0;0;0;0;0;0;0;0;0;0;0;0;0;0;0;0;0;0;0;0;0;0;0;0;0;0;0;0;0;0;0;0;0;0;0;0;0;0;0;0;0;0;0;0;0;0;0;0;0;0;0;0;0;0;0;0;0;0;0;0;0;0;0;0;0;0;0;0;0;0;0;0;0;0;0;0;0;0;0;0;0;0;0;0;0;0;0;0;0;0;0;0;0;0;0;0;0;0;0;0;0;0;0;0;0;0;0;0;0;0;0;0;0;0;0;0;0;0;0;0;0;0;0;0;0;0;0;0;0;0;0;0;0;0;0;0;0;0;0;0;0;0;0;0;0;0;0;0;0;0;0;0;0;0;0;0;0;0;0;0;0;0;0;0;0;0;0;0;0;0;0;0;0;0;0;0;0;0;0;0;0;0;0;0;0;0;0;0;0;0;0;0;0;0;0;0;0;0;0;0;0;0;0;0;0;0;0;0;0;0;0;0;0;0;0;0;0;0;0;0;0;0;0;0;0;0;0;0;0;0;0;0;0;0;0;0;0;0;0;0;0;0;0;0;0
2021;Sul;4;Paraná;PR;41;Campo Mourão;4104303;Centro Ocidental Paranaense;4102;Campo Mourão;41005;410430305;41152140;UEPT 11 - UNIDADE DE EDUCACAO PRO E TECNOLOGICA DE CAMPO MOURAO- SENAC;4;1;1;0;RUA SAO JOSAFAT;1651;;CENTRO;87302170;44;35185600;1;5;11JAN2021:00:00:00;17DEC2021:00:00:00;0;0;0;0;0;0;0;0;0;0;0;1;0;3,54109E+12;3,54109E+12;1;1;0;0;1;1;0;0;0;0;0;0;0;0;0;1;0;0;1;1;0;0;0;0;1;0;0;0;0;0;1;0;0;0;0;1;0;0;0;0;0;0;0;1;0;0;0;1;0;1;0;0;1;0;1;1;0;0;1;1;1;0;0;0;0;1;1;0;0;0;0;0;0;0;0;0;0;0;1;1;1;0;1;0;0;0;0;0;0;1;1;1;1;1;0;0;1;0;0;19;0;19;0;0;1;1;1;1;1;1;0;1;1;1;1;1;1;1;2;1;11;0;0;0;0;0;0;0;0;0;0;0;0;0;1;69;0;0;0;0;0;0;1;1;1;1;0;1;1;3;1;0;1;8;0;0;1;1;1;8;0;0;0;0;0;0;0;0;0;0;0;0;1;1;0;0;1;2;1;1;0;0;0;0;0;0;0;1;0;1;0;1;1;0;0;0;0;0;0;0;0;0;0;0;0;0;0;0;0;0;0;1;0;1;0;0;0;0;1;0;0;0;0;0;0;0;1;0;0;0;1;0;0;0;1;1;0;1;0;0;0;0;0;0;0;1;1;0;0;0;1;1;0;251;0;0;0;0;0;0;0;251;188;0;0;0;3;3;0;166;85;116;95;3;37;0;0;0;0;0;1;41;209;78;173;0;0;0;0;0;0;0;0;47;0;0;0;0;0;0;0;47;41;0;0;0;21;21;0;21;0;0;0;0;0;0;0;21;12;0;0;0;3;3;0
2021;Sul;4;Paraná;PR;41;Cascavel;4104808;Oeste Paranaense;4106;Cascavel;41023;410480805;41152077;UEPT 4 - UNIDADE DE EDUCACAO PRO E TECNOLOGICA DE CASCAVEL- SENAC;4;1;1;0;RUA RECIFE;2283;;CENTRO;85810031;45;33921200;1;6;11JAN2021:00:00:00;17DEC2021:00:00:00;0;0;0;0;0;0;0;0;0;0;0;1;0;3,54109E+12;3,54109E+12;1;1;0;0;1;1;0;0;0;0;0;0;0;0;0;1;0;0;1;1;0;0;0;0;1;0;0;0;0;0;1;0;0;0;0;1;0;0;0;0;0;0;0;1;0;0;0;1;0;1;0;0;1;0;1;1;0;0;1;1;1;0;0;0;0;1;1;0;0;0;0;0;0;0;0;0;0;0;1;1;1;0;1;0;0;0;0;0;0;1;1;1;1;1;0;0;1;0;0;13;0;13;0;0;1;1;1;1;1;1;0;1;1;1;1;1;1;1;2;1;10;0;0;0;0;0;0;0;0;0;0;0;0;0;1;67;0;0;0;0;0;0;1;1;1;1;0;1;1;3;1;0;1;7;0;0;1;1;1;10;0;0;0;0;0;0;0;0;0;0;0;0;1;1;0;0;0;0;1;1;0;0;0;0;0;0;0;1;0;1;0;1;1;0;0;0;0;0;0;0;0;0;0;0;0;0;0;0;0;0;0;1;0;1;0;0;0;0;1;0;0;0;0;0;0;0;1;0;0;0;1;0;0;0;1;1;0;1;0;0;0;0;0;0;0;1;1;0;0;0;1;1;0;350;0;0;0;0;0;0;0;350;233;0;0;0;1;1;0;260;90;241;79;6;24;0;0;0;0;0;12;99;239;190;160;0;0;0;0;0;0;0;0;55;0;0;0;0;0;0;0;55;50;0;0;0;9;9;0;22;0;0;0;0;0;0;0;22;12;0;0;0;1;1;0
2021;Sul;4;Paraná;PR;41;Castro;4104907;Centro Oriental Paranaense;4105;Ponta Grossa;41021;410490705;41152174;UEPT 14 - UNIDADE DE EDUCACAO PRO E TECNOLOGICA DE CASTRO- SENAC;4;1;1;0;RUA ALFREDO LUIZ DE MATTOS;273;;CENTRO;84165030;42;32338650;1;25;11JAN2021:00:00:00;17DEC2021:00:00:00;0;0;0;0;0;0;0;0;0;0;0;1;0;3,54109E+12;3,54109E+12;1;1;0;0;1;1;0;0;0;0;0;0;0;0;0;1;0;0;1;1;0;0;0;0;1;0;0;0;0;0;1;0;0;0;0;1;0;0;0;0;0;0;0;1;0;0;0;1;0;1;0;0;1;0;1;1;0;0;1;1;1;0;0;0;0;1;1;0;0;0;0;0;0;0;0;0;0;0;1;1;1;0;1;0;0;0;0;0;0;1;1;1;1;1;0;0;1;0;0;7;0;7;0;0;1;1;1;1;1;1;0;1;1;1;1;1;1;1;2;1;5;0;0;0;0;0;0;0;0;0;0;0;0;0;1;40;0;0;0;0;0;0;1;1;1;1;0;1;1;3;1;0;1;4;0;0;0;0;1;88888;0;0;0;0;0;0;0;0;0;0;0;0;1;1;0;0;0;0;1;1;0;0;0;0;0;0;0;1;0;1;0;1;1;0;0;0;0;0;0;0;0;0;0;0;0;0;0;0;0;0;0;1;0;1;0;0;0;0;1;0;0;0;0;0;0;0;1;0;0;0;1;0;0;0;1;1;0;1;0;0;0;0;0;0;0;1;1;0;0;0;1;1;0;133;0;0;0;0;0;0;0;133;105;0;0;0;2;2;0;105;28;19;110;1;3;0;0;0;0;0;1;27;105;60;73;0;0;0;0;0;0;0;0;38;0;0;0;0;0;0;0;38;36;0;0;0;3;3;0;9;0;0;0;0;0;0;0;9;6;0;0;0;2;2;0
2021;Sul;4;Paraná;PR;41;Cornélio Procópio;4106407;Norte Pioneiro Paranaense;4104;Cornélio Procópio;41015;410640705;41152280;UEPT 30 - UNIDADE DE EDUCACAO PRO E TECNOLOGICA DE CORNELIO PROCOPIO- SENAC;4;1;1;0;AV  MINAS GERAIS;751;;CENTRO;86300000;43;35206500;1;8;11JAN2021:00:00:00;17DEC2021:00:00:00;0;0;0;0;0;0;0;0;0;0;0;1;0;3,54109E+12;3,54109E+12;1;1;0;0;1;1;0;0;0;0;0;0;0;0;0;1;0;0;1;1;0;0;0;0;1;0;0;0;0;0;1;0;0;0;0;1;0;0;0;0;0;0;0;1;0;0;0;1;0;1;0;0;1;0;1;1;0;0;1;1;1;0;0;0;0;1;1;0;0;0;0;0;0;0;0;0;0;0;1;1;1;0;1;0;0;0;0;0;0;1;1;1;1;1;0;0;1;0;0;8;0;8;0;0;1;1;1;1;1;1;0;1;1;1;1;1;1;0;0;1;88888;0;0;0;0;0;0;0;0;0;0;0;0;0;1;34;0;0;0;0;0;0;1;1;1;1;0;1;1;3;1;0;1;3;0;0;0;0;1;88888;0;0;0;0;0;0;0;0;0;0;0;0;1;1;0;0;0;0;1;1;0;0;0;0;0;0;0;1;0;1;0;1;1;0;0;0;0;0;0;0;0;0;0;0;0;0;0;0;0;0;0;1;0;1;0;0;0;0;1;0;0;0;0;0;0;0;1;0;0;0;1;0;0;0;1;1;0;1;0;0;0;0;0;0;0;1;1;0;0;0;0;0;0;42;0;0;0;0;0;0;0;42;32;0;0;0;0;0;0;32;10;34;5;0;3;0;0;0;0;0;0;2;40;10;32;0;0;0;0;0;0;0;0;14;0;0;0;0;0;0;0;14;12;0;0;0;0;0;0;4;0;0;0;0;0;0;0;4;3;0;0;0;0;0;0
2021;Sul;4;Paraná;PR;41;Curitiba;4106902;Metropolitana de Curitiba;4110;Curitiba;41037;410690205;41152239;UEP 20 - UNIDADE DE EDUCACAO PROFISSIONAL DO PORTAO- SENAC;4;0;1;0;RUA CALIXTO RAZOLINI;215;;PORTAO;81070060;41;32293439;2;9;0;0;0;0;0;0;0;0;0;0;0;0;0;0;0;;;0;0;0;0;0;0;0;0;0;0;0;0;0;0;0;0;0;0;0;0;0;0;0;0;0;0;0;0;0;0;0;0;0;0;0;0;0;0;0;0;0;0;0;0;0;0;0;0;0;0;0;0;0;0;0;0;0;0;0;0;0;0;0;0;0;0;0;0;0;0;0;0;0;0;0;0;0;0;0;0;0;0;0;0;0;0;0;0;0;0;0;0;0;0;0;0;0;0;0;0;0;0;0;0;0;0;0;0;0;0;0;0;0;0;0;0;0;0;0;0;0;0;0;0;0;0;0;0;0;0;0;0;0;0;0;0;0;0;0;0;0;0;0;0;0;0;0;0;0;0;0;0;0;0;0;0;0;0;0;0;0;0;0;0;0;0;0;0;0;0;0;0;0;0;0;0;0;0;0;0;0;0;0;0;0;0;0;0;0;0;0;0;0;0;0;0;0;0;0;0;0;0;0;0;0;0;0;0;0;0;0;0;0;0;0;0;0;0;0;0;0;0;0;0;0;0;0;0;0;0;0;0;0;0;0;0;0;0;0;0;0;0;0;0;0;0;0;0;0;0;0;0;0;0;0;0;0;0;0;0;0;0;0;0;0;0;0;0;0;0;0;0;0;0;0;0;0;0;0;0;0;0;0;0;0;0;0;0;0;0;0;0;0;0;0;0;0;0;0;0;0;0;0;0;0;0;0;0;0;0;0;0;0;0;0;0;0;0;0;0;0;0;0;0;0
2021;Sul;4;Paraná;PR;41;Curitiba;4106902;Metropolitana de Curitiba;4110;Curitiba;41037;410690205;41156218;UEPT 46 - UNIDADE DE EDUCACAO PRO E TECNOLOGICA CURITIBA PORTAO- SENAC;4;1;1;0;RUA CALIXTO RAZOLINI;215;;PORTAO;81070060;41;33145850;1;9;11JAN2021:00:00:00;17DEC2021:00:00:00;0;0;0;0;0;0;0;0;0;0;0;1;0;3,54109E+12;3,54109E+12;1;1;0;0;1;1;0;0;0;0;0;0;0;0;0;1;0;0;1;1;0;0;0;0;1;0;0;0;0;0;1;0;0;0;0;1;0;0;0;0;0;0;0;1;0;0;0;1;0;1;0;0;1;0;1;1;0;0;1;1;1;0;0;0;0;1;1;0;0;0;0;0;0;0;0;0;0;0;1;1;1;0;1;0;0;0;0;0;0;1;1;1;1;1;0;0;1;0;0;15;0;15;0;0;1;1;1;1;1;1;0;1;1;1;1;1;1;1;1;1;18;0;0;0;0;0;0;0;0;0;0;0;0;0;1;203;1;29;0;0;0;0;1;1;1;1;0;1;1;3;1;0;1;14;0;0;1;1;1;15;0;0;0;0;0;0;0;0;0;0;0;0;1;1;0;0;1;2;1;1;0;0;0;0;0;0;0;1;0;1;0;1;1;0;0;0;0;0;0;0;0;0;0;0;0;0;0;0;0;0;0;1;0;1;0;0;0;0;1;0;0;0;0;0;0;0;1;0;0;0;1;0;1;0;1;1;1;1;0;0;0;0;0;0;0;1;1;0;0;0;1;1;0;1177;0;0;0;0;0;0;0;1177;130;0;0;0;22;22;0;520;657;853;125;22;175;2;0;0;0;0;27;793;357;19;111;1047;0;0;0;0;0;0;0;38;0;0;0;0;0;0;0;38;26;0;0;0;18;18;0;89;0;0;0;0;0;0;0;89;10;0;0;0;15;15;0
2021;Sul;4;Paraná;PR;41;Curitiba;4106902;Metropolitana de Curitiba;4110;Curitiba;41037;410690205;41376897;UEP 1 - UNIDADE DE EDUCACAO PRO E TECNOLOGICA DE CURITIBA CENTRO- SENAC;4;1;1;0;RUA  ANDRE DE BARROS;750;;CENTRO;80010080;41;32194700;1;9;11JAN2021:00:00:00;17DEC2021:00:00:00;0;0;0;0;0;0;0;0;0;0;0;1;0;3,54109E+12;3,54109E+12;1;1;0;0;1;1;0;0;0;0;0;0;0;0;0;1;0;0;1;1;0;0;0;0;1;0;0;0;0;0;1;0;0;0;0;1;0;0;0;0;0;0;0;1;0;0;0;1;0;1;0;0;1;0;1;1;0;0;1;1;1;0;0;0;0;1;1;0;0;0;0;0;0;0;0;0;0;0;1;1;1;0;1;0;0;0;0;0;0;1;1;1;1;1;0;0;1;0;0;73;0;73;0;0;1;1;1;1;1;1;0;1;1;1;1;1;1;1;2;1;76;0;0;0;0;0;0;0;0;0;0;0;0;0;1;368;1;25;0;0;0;0;1;1;1;1;0;1;1;3;1;0;1;54;0;0;1;1;1;30;0;0;0;0;0;0;0;0;1;2;0;0;1;1;0;0;0;0;1;1;0;0;0;0;0;0;0;1;0;1;0;1;1;0;0;0;0;0;0;0;0;0;0;0;0;0;0;0;0;0;0;1;0;1;0;0;0;0;1;0;0;0;0;0;0;0;1;0;0;0;1;0;0;0;1;1;0;1;0;0;0;0;0;0;0;1;1;0;0;0;1;1;0;1146;0;0;0;0;0;0;0;1146;375;0;0;0;7;7;0;752;394;870;207;20;47;2;0;0;0;0;30;677;439;1038;108;0;0;0;0;0;0;0;0;130;0;0;0;0;0;0;0;130;102;0;0;0;12;12;0;95;0;0;0;0;0;0;0;95;34;0;0;0;6;6;0
2021;Sul;4;Paraná;PR;41;Foz do Iguaçu;4108304;Oeste Paranaense;4106;Foz do Iguaçu;41024;410830405;41152093;UEPT 6 - UNIDADE DE EDUCACAO PRO E TECNOLOGICA DE FOZ DO IGUACU- SENAC;4;1;1;0;RUA JOAO ROUVER;160;;CENTRO;85851300;45;35216200;1;11;11JAN2021:00:00:00;17DEC2021:00:00:00;0;0;0;0;0;0;0;0;0;0;0;1;0;3,54109E+12;3,54109E+12;1;1;0;0;1;1;0;0;0;0;0;0;0;0;0;1;0;0;1;1;0;0;0;0;1;0;0;0;0;0;1;0;0;0;0;1;0;0;0;0;0;0;0;1;0;0;0;1;0;1;0;0;1;0;1;1;0;0;1;1;1;0;0;0;0;1;1;0;0;0;0;0;0;0;0;0;0;0;1;1;1;0;1;0;0;0;0;0;0;1;1;1;1;1;0;0;1;0;0;16;0;16;16;0;1;1;1;1;1;1;0;1;1;1;1;1;1;1;2;1;12;0;0;0;0;0;0;0;0;0;0;0;0;0;1;40;0;0;0;0;0;0;1;1;1;1;0;1;1;3;1;0;1;9;0;0;0;0;0;0;0;0;0;0;1;1;0;0;1;1;0;0;1;1;0;0;0;0;1;1;0;0;0;0;0;0;0;1;0;1;0;1;1;0;0;0;0;0;0;0;0;0;0;0;0;0;0;0;0;0;0;1;0;1;0;0;0;0;1;0;0;0;0;0;0;0;1;0;0;0;1;0;0;0;1;1;0;1;0;0;0;0;0;0;0;1;1;0;0;0;1;1;0;132;0;0;0;0;0;0;0;132;89;0;0;0;1;1;0;95;37;26;46;4;56;0;0;0;0;0;1;38;93;43;89;0;0;0;0;0;0;0;0;54;0;0;0;0;0;0;0;54;44;0;0;0;8;8;0;10;0;0;0;0;0;0;0;10;6;0;0;0;1;1;0
2021;Sul;4;Paraná;PR;41;Francisco Beltrão;4108403;Sudoeste Paranaense;4107;Francisco Beltrão;41026;410840305;41152190;UEPT 16 - UNIDADE DE EDUCACAO PRO E TECNOLOGICA DE FRANCISCO BELTRAO- SENAC;4;1;1;0;AV  JULIO ASSIS CAVALHEIRO;2191;;CENTRO;85601000;46;39056800;1;12;11JAN2021:00:00:00;17DEC2021:00:00:00;0;0;0;0;0;0;0;0;0;0;0;1;0;3,54109E+12;3,54109E+12;1;1;0;0;1;1;0;0;0;0;0;0;0;0;0;1;0;0;1;1;0;0;0;0;1;0;0;0;0;0;1;0;0;0;0;1;0;0;0;0;0;0;0;1;0;0;0;1;0;1;0;0;1;0;1;1;0;0;1;1;1;0;0;0;0;1;1;0;0;0;0;0;0;0;0;0;0;0;1;1;1;0;1;0;0;0;0;0;0;1;1;1;1;1;0;0;1;0;0;15;0;15;0;0;1;1;1;1;1;1;0;1;1;1;1;1;1;1;2;1;13;0;0;0;0;0;0;0;0;0;0;0;0;0;1;41;0;0;0;0;0;0;1;1;1;1;0;1;1;3;1;0;1;5;0;0;0;0;1;5;0;0;0;0;0;0;0;0;0;0;0;0;1;1;0;0;0;0;1;1;0;0;0;0;0;0;0;1;0;1;0;1;1;0;0;0;0;0;0;0;0;0;0;0;0;0;0;0;0;0;0;1;0;1;0;0;0;0;1;0;0;0;0;0;0;0;1;0;0;0;1;0;0;0;1;1;0;1;0;0;0;0;0;0;0;1;1;0;0;0;1;1;0;181;0;0;0;0;0;0;0;181;149;0;0;0;2;2;0;157;24;10;150;2;18;1;0;0;0;0;1;29;151;32;149;0;0;0;0;0;0;0;0;39;0;0;0;0;0;0;0;39;33;0;0;0;21;21;0;13;0;0;0;0;0;0;0;13;8;0;0;0;2;2;0
2021;Sul;4;Paraná;PR;41;Guarapuava;4109401;Centro-Sul Paranaense;4108;Guarapuava;41029;410940105;41152107;UEPT 7 - UNIDADE DE EDUCACAO PRO E TECNOLOGICA DE GUARAPUAVA- SENAC;4;1;1;0;RUA PADRE CHAGAS;3899;C P  787;CENTRO;85010020;42;36267500;1;14;01JAN2021:00:00:00;31DEC2021:00:00:00;0;0;0;0;0;0;0;0;0;0;0;1;0;3,54109E+12;3,54109E+12;1;1;0;0;1;1;0;0;0;0;0;0;0;0;0;1;0;0;1;1;0;0;0;0;1;0;0;0;0;0;1;0;0;0;0;1;0;0;0;0;0;0;0;1;0;0;0;1;0;1;0;0;1;0;1;1;0;0;1;1;1;0;0;0;0;1;1;0;0;0;0;0;0;0;0;0;0;0;1;1;1;0;1;0;0;0;0;0;0;1;1;1;1;1;0;0;1;0;0;9;0;9;0;0;1;1;1;1;1;1;0;1;1;1;1;1;1;1;3;1;9;0;0;0;0;0;0;0;0;0;0;0;0;0;1;42;0;0;0;0;0;0;1;1;1;1;0;1;1;3;1;0;1;4;0;0;0;0;1;88888;0;0;0;0;0;0;0;0;0;0;0;0;1;1;0;0;0;0;1;1;0;0;0;0;0;0;0;1;0;1;0;1;1;0;0;0;0;0;0;0;0;0;0;0;0;0;0;0;0;0;0;1;0;1;0;0;0;0;1;0;0;0;0;0;0;0;1;0;0;0;1;0;0;0;1;1;0;1;0;0;0;0;0;0;0;1;1;0;0;0;0;0;0;110;0;0;0;0;0;0;0;110;20;0;0;0;0;0;0;50;60;85;11;0;14;0;0;0;0;0;0;83;27;89;21;0;0;0;0;0;0;0;0;24;0;0;0;0;0;0;0;24;16;0;0;0;0;0;0;10;0;0;0;0;0;0;0;10;2;0;0;0;0;0;0
2021;Sul;4;Paraná;PR;41;Irati;4110706;Sudeste Paranaense;4109;Irati;41032;411070605;41152204;UEPT 17 - UNIDADE DE EDUCACAO PRO E TECNOLOGICA DE IRATI- SENAC;4;1;1;0;AV  VICENTE MACHADO;24;;CENTRO;84500039;42;34216400;1;15;11JAN2021:00:00:00;17DEC2021:00:00:00;0;0;0;0;0;0;0;0;0;0;0;1;0;3,54109E+12;3,54109E+12;1;1;0;0;1;1;0;0;0;0;0;0;0;0;0;1;0;0;1;1;0;0;0;0;1;0;0;0;0;0;1;0;0;0;0;1;0;0;0;0;0;0;0;1;0;0;0;1;0;1;0;0;1;0;1;1;0;0;1;1;1;0;0;0;0;1;1;0;0;0;0;0;0;0;0;0;0;0;1;1;1;0;1;0;0;0;0;0;0;1;1;1;1;1;0;0;1;0;0;9;0;9;0;0;1;1;1;1;1;1;0;1;1;1;1;1;1;1;2;1;9;0;0;0;0;0;0;0;0;0;0;0;0;0;1;18;0;0;0;0;0;0;1;1;1;1;0;1;1;3;1;0;1;4;0;0;0;0;1;88888;0;0;0;0;0;0;0;0;0;0;0;0;1;1;0;0;0;0;1;1;0;0;0;0;0;0;0;1;0;1;0;1;1;0;0;0;0;0;0;0;0;0;0;0;0;0;0;0;0;0;0;1;0;1;0;0;0;0;1;0;0;0;0;0;0;0;1;0;0;0;1;0;0;0;1;1;0;1;0;0;0;0;0;0;0;1;1;0;0;0;0;0;0;109;0;0;0;0;0;0;0;109;94;0;0;0;0;0;0;79;30;37;68;1;3;0;0;0;0;0;0;6;103;15;94;0;0;0;0;0;0;0;0;49;0;0;0;0;0;0;0;49;47;0;0;0;0;0;0;9;0;0;0;0;0;0;0;9;6;0;0;0;0;0;0
2021;Sul;4;Paraná;PR;41;Ivaiporã;4111506;Norte Central Paranaense;4103;Ivaiporã;41013;411150605;41152255;UEPT 22 - UNIDADE DE EDUCACAO PRO E TECNOLOGICA DE IVAIPORA- SENAC;4;1;1;0;AV  APARICIO CARDOSO BITENCOURT;950;;JARDIM IMPERIAL;86870000;43;34728200;1;16;11JAN2021:00:00:00;17DEC2021:00:00:00;0;0;0;0;0;0;0;0;0;0;0;1;0;3,54109E+12;3,54109E+12;1;1;0;0;1;1;0;0;0;0;0;0;0;0;0;1;0;0;1;1;0;0;0;0;1;0;0;0;0;0;1;0;0;0;0;1;0;0;0;0;0;0;0;1;0;0;0;1;0;1;0;0;1;0;1;1;0;0;1;1;1;0;0;0;0;1;1;0;0;0;0;0;0;0;0;0;0;0;1;1;1;0;1;0;0;0;0;0;0;1;1;1;1;1;0;0;1;0;0;10;0;10;0;0;1;1;1;1;1;1;0;1;1;1;1;1;1;1;1;1;9;0;0;0;0;0;0;0;0;0;0;0;0;0;1;42;0;0;0;0;0;0;1;1;1;1;0;1;1;3;1;0;1;6;0;0;0;0;1;88888;0;0;0;0;0;0;0;0;0;0;0;0;1;1;0;0;1;1;1;1;0;0;0;0;0;0;0;1;0;1;0;1;1;0;0;0;0;0;0;0;0;0;0;0;0;0;0;0;0;0;0;1;0;1;0;0;0;0;1;0;0;0;0;0;0;0;1;0;0;0;1;0;0;1;1;1;0;1;0;0;0;0;0;0;1;1;1;0;0;0;1;1;0;98;0;0;0;0;0;0;31;98;86;0;0;0;4;4;0;67;31;22;47;5;22;2;0;0;0;0;7;31;60;43;55;0;0;0;0;0;0;0;0;35;0;0;0;0;0;0;15;35;34;0;0;0;27;27;0;7;0;0;0;0;0;0;1;7;6;0;0;0;4;4;0
2021;Sul;4;Paraná;PR;41;Jacarezinho;4111803;Norte Pioneiro Paranaense;4104;Jacarezinho;41016;411180305;41152220;UEPT 19 - UNIDADE DE EDUCACAO PRO E TECNOLOGICA DE JACAREZINHO- SENAC;4;1;1;0;RUA DOIS DE ABRIL;742;;CENTRO;86400000;43;35113000;1;17;11JAN2021:00:00:00;17DEC2021:00:00:00;0;0;0;0;0;0;0;0;0;0;0;1;0;3,54109E+12;3,54109E+12;1;1;0;0;1;1;0;0;0;0;0;0;0;0;0;1;0;0;1;1;0;0;0;0;1;0;0;0;0;0;1;0;0;0;0;1;0;0;0;0;0;0;0;1;0;0;0;1;0;1;0;0;1;0;1;1;0;0;1;1;1;0;0;0;0;1;1;0;0;0;0;0;0;0;0;0;0;0;1;1;1;0;1;0;0;0;0;0;0;1;1;1;1;1;0;0;1;0;0;9;0;9;0;0;1;1;1;1;1;1;0;1;1;1;1;1;1;1;1;1;12;0;0;0;0;0;0;0;0;0;0;0;0;0;1;42;0;0;0;0;0;0;1;1;1;1;0;1;1;3;1;0;1;3;0;0;0;0;1;88888;0;0;0;0;0;0;0;0;0;0;0;0;1;1;0;0;1;1;1;1;0;0;0;0;0;0;0;1;0;1;0;1;1;0;0;0;0;0;0;0;0;0;0;0;0;0;0;0;0;0;0;1;0;1;0;0;0;0;1;0;0;0;0;0;0;0;1;0;0;0;1;0;0;1;1;1;0;1;0;0;0;0;0;0;1;1;1;0;0;0;1;1;0;86;0;0;0;0;0;0;35;86;67;0;0;0;3;3;0;42;44;30;40;7;8;1;0;0;0;0;19;32;35;46;40;0;0;0;0;0;0;0;0;33;0;0;0;0;0;0;15;33;30;0;0;0;17;17;0;7;0;0;0;0;0;0;1;7;4;0;0;0;3;3;0
2021;Sul;4;Paraná;PR;41;Londrina;4113700;Norte Central Paranaense;4103;Londrina;41011;411370005;41152050;UEPT 2 - UNIDADE DE EDUCACAO PRO E TECNOLOGICA LONDRINA CENTRO- SENAC;4;1;1;0;RUA RAPOSO TAVARES;894;;CENTRO;86010580;43;35725500;1;18;11JAN2021:00:00:00;17DEC2021:00:00:00;0;0;0;0;0;0;0;0;0;0;0;1;0;3,54109E+12;3,54109E+12;1;1;0;0;1;1;0;0;0;0;0;0;0;0;0;1;0;0;1;1;0;0;0;0;1;0;0;0;0;0;1;0;0;0;0;1;0;0;0;0;0;0;0;1;0;0;0;1;0;1;0;0;1;0;1;1;0;0;1;1;1;0;0;0;0;1;1;0;0;0;0;0;0;0;0;0;0;0;1;1;1;0;1;0;0;0;0;0;0;1;1;1;1;1;0;0;1;0;0;18;0;18;0;0;1;1;1;1;1;1;0;1;1;1;1;1;1;1;1;1;14;0;0;0;0;0;0;0;0;0;0;0;0;0;1;124;1;19;0;0;0;0;1;1;1;1;0;1;1;3;1;0;1;12;1;2;0;0;1;88888;0;0;0;0;0;0;0;0;0;0;1;4;1;1;0;0;0;0;1;1;0;0;0;0;0;0;0;1;0;1;0;1;1;0;0;0;0;0;0;0;0;0;0;0;0;0;0;0;0;0;0;1;0;1;0;0;0;0;1;0;0;0;0;0;0;0;1;0;0;0;1;0;0;0;1;1;0;1;0;0;0;0;0;0;0;1;1;0;0;0;1;1;0;167;0;0;0;0;0;0;0;167;75;0;0;0;4;4;0;64;103;142;16;0;7;2;0;0;0;0;1;73;93;92;75;0;0;0;0;0;0;0;0;25;0;0;0;0;0;0;0;25;19;0;0;0;10;10;0;18;0;0;0;0;0;0;0;18;7;0;0;0;3;3;0
2021;Sul;4;Paraná;PR;41;Londrina;4113700;Norte Central Paranaense;4103;Londrina;41011;411370005;41158490;UEPT 42 - UNIDADE DE EDUCACAO PRO E TECNOLOGICA DE LONDRINA NORTE- SENAC;4;1;1;0;RUA CEGONHA;100;;CONJUNTO HABITACIONAL VIOLIN;86084635;43;35727950;1;18;11JAN2021:00:00:00;17DEC2021:00:00:00;0;0;0;0;0;0;0;0;0;0;0;1;0;3,54109E+12;3,54109E+12;1;1;0;0;1;1;0;0;0;0;0;0;0;0;0;1;0;0;1;1;0;0;0;0;1;0;0;0;0;0;1;0;0;0;0;1;0;0;0;0;0;0;0;1;0;0;0;1;0;1;0;0;1;0;1;1;0;0;1;1;1;0;0;0;0;1;1;0;0;0;0;0;0;0;0;0;0;0;1;1;1;0;1;0;0;0;0;0;0;1;1;1;1;1;0;0;1;0;0;12;0;12;0;0;1;1;1;1;1;1;0;1;1;1;1;1;1;0;0;1;9;0;0;0;0;0;0;0;0;0;0;0;0;0;1;55;1;18;0;0;0;0;1;1;1;1;0;1;1;3;1;0;1;6;0;0;1;1;1;4;0;0;0;0;0;0;0;0;0;0;1;4;1;1;0;0;1;9;1;1;0;0;0;0;0;0;0;1;0;1;0;1;1;0;0;0;0;0;0;0;0;0;0;0;0;0;0;0;0;0;0;1;0;1;0;0;0;0;1;0;0;0;0;0;0;0;1;0;0;0;1;0;0;1;1;1;0;1;0;0;0;0;0;0;1;1;1;0;0;0;1;1;0;310;0;0;0;0;0;0;33;310;246;0;0;0;1;1;0;232;78;216;58;14;21;0;1;0;0;0;9;70;231;97;213;0;0;0;0;0;0;0;0;59;0;0;0;0;0;0;15;59;56;0;0;0;8;8;0;22;0;0;0;0;0;0;1;22;15;0;0;0;1;1;0
2021;Sul;4;Paraná;PR;41;Marechal Cândido Rondon;4114609;Oeste Paranaense;4106;Toledo;41022;411460905;41153618;UEPT 37 - UNIDADE DE EDUCACAO PRO E TECNOLOGICA DE MARECHAL CANDIDO RONDON- SENAC;4;1;1;0;RUA SANTA CATARINA;5736;;VILA GAUCHA;85960000;45;32844200;1;27;11JAN2021:00:00:00;17DEC2021:00:00:00;0;0;0;0;0;0;0;0;0;0;0;1;0;3,54109E+12;3,54109E+12;1;1;0;0;1;1;0;0;0;0;0;0;0;0;0;1;0;0;1;1;0;0;0;0;1;0;0;0;0;0;1;0;0;0;0;1;0;0;0;0;0;0;0;1;0;0;0;1;0;1;0;0;1;0;1;1;0;0;1;1;1;0;0;0;0;1;1;0;0;0;0;0;0;0;0;0;0;0;1;1;1;0;1;0;0;0;0;0;0;1;1;1;1;1;0;1;1;0;0;7;0;7;0;0;1;1;1;1;1;1;0;1;1;1;1;1;1;0;0;1;7;0;0;0;0;0;0;0;0;0;0;0;0;0;1;44;0;0;0;0;0;0;1;1;1;1;0;1;1;3;1;0;1;3;0;0;0;0;1;88888;0;0;0;0;0;0;0;0;0;0;0;0;1;1;0;0;0;0;1;1;0;0;0;0;0;0;0;1;0;1;0;1;1;0;0;0;0;0;0;0;0;0;0;0;0;0;0;0;0;0;0;1;0;1;0;0;0;0;1;0;0;0;0;0;0;0;1;0;0;0;1;0;0;0;0;1;0;1;0;0;0;0;0;0;0;1;1;0;0;0;0;0;0;51;0;0;0;0;0;0;0;51;49;0;0;0;0;0;0;43;8;4;40;0;6;1;0;0;0;0;0;1;50;0;51;0;0;0;0;0;0;0;0;20;0;0;0;0;0;0;0;20;19;0;0;0;0;0;0;5;0;0;0;0;0;0;0;5;4;0;0;0;0;0;0
2021;Sul;4;Paraná;PR;41;Maringá;4115200;Norte Central Paranaense;4103;Maringá;41009;411520005;41152069;UEPT 3 - UNIDADE DE EDUCACAO PRO E TECNOLOGICA DE MARINGA- SENAC;4;1;1;0;AV  COLOMBO;6225;ZONA 07;CENTRO;87020000;44;32185100;1;19;11JAN2021:00:00:00;17DEC2021:00:00:00;0;0;0;0;0;0;0;0;0;0;0;1;0;3,54109E+12;3,54109E+12;1;1;0;0;1;1;0;0;0;0;0;0;0;0;0;1;0;0;1;1;0;0;0;0;1;0;0;0;0;0;1;0;0;0;0;1;0;0;0;0;0;0;0;1;0;0;0;1;0;1;0;0;1;0;1;1;1;0;1;1;1;0;0;0;0;1;1;0;0;0;0;0;0;0;0;0;0;0;1;1;1;0;1;0;0;0;0;0;0;1;1;1;1;1;0;1;1;0;0;21;0;21;0;0;1;1;1;1;1;1;0;1;1;1;1;1;1;1;2;1;20;0;0;0;0;0;0;0;0;0;0;0;0;0;1;154;1;30;0;0;0;0;1;1;1;1;0;1;1;3;1;0;1;13;0;0;1;1;1;13;0;0;0;0;0;0;0;0;0;0;0;0;1;1;0;0;1;1;1;1;0;0;0;0;0;0;0;1;0;1;0;1;1;0;0;0;0;0;0;0;0;0;0;0;0;0;0;0;0;0;0;1;0;1;0;0;0;0;1;0;0;0;0;0;0;0;1;0;0;0;1;0;0;0;1;1;0;1;0;0;0;0;0;0;0;1;1;0;0;0;1;1;0;382;0;0;0;0;0;0;0;382;94;0;0;0;4;4;0;210;172;198;143;15;24;2;0;0;0;0;2;245;135;288;94;0;0;0;0;0;0;0;0;41;0;0;0;0;0;0;0;41;23;0;0;0;9;9;0;31;0;0;0;0;0;0;0;31;6;0;0;0;3;3;0
2021;Sul;4;Paraná;PR;41;Matinhos;4115705;Metropolitana de Curitiba;4110;Paranaguá;41038;411570505;41152310;UEPT 34 - UNIDADE DE EDUCACAO PRO E TECNOLOGICA DE MATINHOS CAIOBA- SENAC;4;1;1;0;RUA DOUTOR JOSE PINTO REBELO JUNIOR;91;;BALNEARIO CAIOBA;83260000;41;34528050;1;21;11JAN2021:00:00:00;17DEC2021:00:00:00;0;0;0;0;0;0;0;0;0;0;0;1;0;3,54109E+12;3,54109E+12;1;1;0;0;1;1;0;0;0;0;0;0;0;0;0;1;0;0;1;1;0;0;0;0;1;0;0;0;0;0;1;0;0;0;0;1;0;0;0;0;0;0;0;1;0;0;0;1;0;1;0;0;1;0;1;1;0;0;1;1;1;0;0;0;0;1;1;0;0;0;0;0;0;0;0;0;0;0;1;1;1;0;1;0;0;0;0;0;0;1;1;1;1;1;0;0;1;0;0;9;0;9;0;0;1;1;1;1;1;1;0;1;1;1;1;1;1;1;1;1;5;0;0;0;0;0;0;0;0;0;0;0;0;0;1;33;0;0;0;0;0;0;1;1;1;1;0;1;1;3;1;0;1;4;0;0;0;0;1;88888;0;0;0;0;0;0;0;0;1;2;0;0;1;1;0;0;0;0;1;1;0;0;0;0;0;0;0;1;0;1;0;1;1;0;0;0;0;0;0;0;0;0;0;0;0;0;0;0;0;0;0;1;0;1;0;0;0;0;1;0;0;0;0;0;0;0;1;0;0;0;1;0;0;0;1;1;0;1;0;0;0;0;0;0;0;1;1;0;0;0;1;1;0;82;0;0;0;0;0;0;0;82;58;0;0;0;1;1;0;40;42;57;18;2;5;0;0;0;0;0;0;26;56;23;59;0;0;0;0;0;0;0;0;21;0;0;0;0;0;0;0;21;16;0;0;0;1;1;0;8;0;0;0;0;0;0;0;8;4;0;0;0;1;1;0
2021;Sul;4;Paraná;PR;41;Medianeira;4115804;Oeste Paranaense;4106;Foz do Iguaçu;41024;411580405;41156463;UEPT 36 - UNIDADE DE EDUCACAO PRO E TECNOLOGICA DE MEDIANEIRA- SENAC;4;1;1;0;RUA RIACHUELO;1761;;CENTRO;85884000;45;32403650;1;11;11JAN2021:00:00:00;17DEC2021:00:00:00;0;0;0;0;0;0;0;0;0;0;0;1;0;3,54109E+12;3,54109E+12;1;1;0;0;1;1;0;0;0;0;0;0;0;0;0;1;0;0;1;1;0;0;0;0;1;0;0;0;0;0;1;0;0;0;0;1;0;0;0;0;0;0;0;1;0;0;0;1;0;1;0;0;1;0;1;1;0;0;1;1;1;0;0;0;0;1;1;0;0;0;0;0;0;0;0;0;0;0;1;1;1;0;1;0;0;0;0;0;0;1;1;1;1;1;0;0;1;0;0;8;0;8;0;0;1;1;1;1;1;1;0;1;1;1;1;1;1;0;0;1;5;0;0;0;0;0;0;0;0;0;0;0;0;0;1;29;0;0;0;0;0;0;1;1;1;1;0;1;1;3;1;0;1;5;0;0;0;0;1;1;0;0;0;0;0;0;0;0;0;0;0;0;1;1;0;0;0;0;1;1;0;0;0;0;0;0;0;1;0;1;0;1;1;0;0;0;0;0;0;0;0;0;0;0;0;0;0;0;0;0;0;1;0;1;0;0;0;0;1;0;0;0;0;0;0;0;1;0;0;0;1;0;0;0;1;1;0;1;0;0;0;0;0;0;0;1;1;0;0;0;0;0;0;131;0;0;0;0;0;0;0;131;95;0;0;0;0;0;0;105;26;77;41;2;11;0;0;0;0;0;3;33;95;38;93;0;0;0;0;0;0;0;0;27;0;0;0;0;0;0;0;27;22;0;0;0;0;0;0;10;0;0;0;0;0;0;0;10;6;0;0;0;0;0;0
2021;Sul;4;Paraná;PR;41;Palmas;4117602;Centro-Sul Paranaense;4108;Palmas;41030;411760205;41152298;UEPT 31 - UNIDADE DE EDUCACAO PRO E TECNOLOGICA DE PALMAS- SENAC;4;1;1;0;RUA DR BERNARDO RIBEIRO VIANNA;903;;CENTRO;85555000;46;32638600;1;23;11JAN2021:00:00:00;17DEC2021:00:00:00;0;0;0;0;0;0;0;0;0;0;0;1;0;3,54109E+12;3,54109E+12;1;1;0;0;1;1;0;0;0;0;0;0;0;0;0;1;0;0;1;1;0;0;0;0;1;0;0;0;0;0;1;0;0;0;0;1;0;0;0;0;0;0;0;1;0;0;0;1;0;1;0;0;1;0;1;1;0;0;1;1;1;0;0;0;0;1;1;0;0;0;0;0;0;0;0;0;0;0;1;1;1;0;1;0;0;0;0;0;0;1;1;1;1;1;0;0;1;0;0;4;0;4;0;0;1;1;1;1;1;1;0;1;1;1;1;1;1;1;1;1;3;0;0;0;0;0;0;0;0;0;0;0;0;0;1;27;0;0;0;0;0;0;1;1;1;1;0;1;1;3;1;0;1;2;0;0;0;0;1;88888;0;0;0;0;0;0;0;0;0;0;0;0;0;0;0;0;0;0;1;1;0;0;0;0;0;0;0;1;0;1;0;1;1;0;0;0;0;0;0;0;0;0;0;0;0;0;0;0;0;0;0;1;0;1;0;0;0;0;1;0;0;0;0;0;0;0;1;0;0;0;1;0;0;0;1;0;0;1;0;0;0;0;0;0;0;1;0;0;0;0;1;1;0;21;0;0;0;0;0;0;0;21;0;0;0;0;1;1;0;9;12;11;5;1;4;0;0;0;0;0;3;18;0;21;0;0;0;0;0;0;0;0;0;1;0;0;0;0;0;0;0;1;0;0;0;0;1;1;0;1;0;0;0;0;0;0;0;1;0;0;0;0;1;1;0
2021;Sul;4;Paraná;PR;41;Paranaguá;4118204;Metropolitana de Curitiba;4110;Paranaguá;41038;411820405;41152158;UEPT 12 - UNIDADE DE EDUCACAO PRO E TECNOLOGICA DE PARANAGUA- SENAC;4;1;1;0;AL  CORONEL ELYSIO PEREIRA;1191;;BAIRRO ESTRADINHA;83206000;41;34275900;1;21;11JAN2021:00:00:00;17DEC2021:00:00:00;0;0;0;0;0;0;0;0;0;0;0;1;0;3,54109E+12;3,54109E+12;1;1;0;0;1;1;0;0;0;0;0;0;0;0;0;1;0;0;1;1;0;0;0;0;1;0;0;0;0;0;1;0;0;0;0;1;0;0;0;0;0;0;0;1;0;0;0;1;0;1;0;0;1;0;1;1;0;0;1;1;1;0;0;0;0;1;1;0;0;0;0;0;0;0;0;0;0;0;1;1;1;0;1;0;0;0;0;0;0;1;1;1;1;1;0;0;1;0;0;11;0;11;0;0;1;1;1;1;1;1;0;1;1;1;1;1;1;1;1;1;11;0;0;0;0;0;0;0;0;0;0;0;0;0;1;40;1;4;0;0;0;0;1;1;1;1;0;1;1;3;1;0;1;6;0;0;0;0;1;7;0;0;0;0;0;0;0;0;0;0;0;0;1;1;0;0;0;0;1;1;0;0;0;0;0;0;0;1;0;1;0;1;1;0;0;0;0;0;0;0;0;0;0;0;0;0;0;0;0;0;0;1;0;1;0;0;0;0;1;0;0;0;0;0;0;0;1;0;0;0;1;0;0;0;1;1;0;1;0;0;0;0;0;0;0;1;1;0;0;0;1;1;0;345;0;0;0;0;0;0;0;345;292;0;0;0;5;5;0;284;61;100;156;15;72;2;0;0;0;0;3;44;298;162;183;0;0;0;0;0;0;0;0;50;0;0;0;0;0;0;0;50;45;0;0;0;14;14;0;24;0;0;0;0;0;0;0;24;15;0;0;0;4;4;0
2021;Sul;4;Paraná;PR;41;Paranavaí;4118402;Noroeste Paranaense;4101;Paranavaí;41001;411840205;41152166;UEP 13 - UNIDADE DE EDUCACAO PRO E TECNOLOGICA DE PARANAVAI- SENAC;4;1;1;0;AV  RIO GRANDE DO NORTE;1240;;CENTRO;87701020;44;34748400;1;22;11JAN2021:00:00:00;17DEC2021:00:00:00;0;0;0;0;0;0;0;0;0;0;0;1;0;3,54109E+12;3,54109E+12;1;1;0;0;1;1;0;0;0;0;0;0;0;0;0;1;0;0;1;1;0;0;0;0;1;0;0;0;0;0;1;0;0;0;0;1;0;0;0;0;0;0;0;1;0;0;0;1;0;1;0;0;1;0;1;1;0;0;1;1;1;0;0;0;0;1;1;0;0;0;0;0;0;0;0;0;0;0;1;1;1;0;1;0;0;0;0;0;0;1;1;1;1;1;0;0;1;0;0;9;0;9;0;0;1;1;1;1;1;1;0;1;1;1;1;1;1;1;1;1;9;0;0;0;0;0;0;0;0;0;0;0;0;0;1;50;0;0;0;0;0;0;1;1;1;1;0;1;1;3;1;0;1;6;0;0;0;0;1;5;0;0;0;0;0;0;0;0;0;0;0;0;1;1;0;0;0;0;1;1;0;0;0;0;0;0;0;1;0;1;0;1;1;0;0;0;0;0;0;0;0;0;0;0;0;0;0;0;0;0;0;1;0;1;0;0;0;0;1;0;0;0;0;0;0;0;1;0;0;0;1;0;0;0;1;1;0;1;0;0;0;0;0;0;0;1;1;0;0;0;1;1;0;278;0;0;0;0;0;0;0;278;195;0;0;0;7;7;0;195;83;70;171;14;22;1;0;0;0;0;1;73;204;113;165;0;0;0;0;0;0;0;0;46;0;0;0;0;0;0;0;46;40;0;0;0;17;17;0;20;0;0;0;0;0;0;0;20;13;0;0;0;6;6;0
2021;Sul;4;Paraná;PR;41;Pato Branco;4118501;Sudoeste Paranaense;4107;Pato Branco;41027;411850105;41152123;UEPT 9 - UNIDADE DE EDUCACAO PRO E TECNOLOGICA DE PATO BRANCO- SENAC;4;1;1;0;AV  TUPI;385;;BORTOT;85504000;46;32723700;1;23;11JAN2021:00:00:00;17DEC2021:00:00:00;0;0;0;0;0;0;0;0;0;0;0;1;0;3,54109E+12;3,54109E+12;1;1;0;0;1;1;0;0;0;0;0;0;0;0;0;1;0;0;1;1;0;0;0;0;1;0;0;0;0;0;1;0;0;0;0;1;0;0;0;0;0;0;0;1;0;0;0;1;0;1;0;0;1;0;1;1;0;0;1;1;1;0;0;0;0;1;1;0;0;0;0;0;0;0;0;0;0;0;1;1;1;0;1;0;0;0;0;0;0;1;1;1;1;1;0;0;1;0;0;15;0;15;0;0;1;1;1;1;1;1;0;1;1;1;1;1;1;1;2;1;12;0;0;0;0;0;0;0;0;0;0;0;0;0;1;65;0;0;0;0;0;0;1;1;1;1;0;1;1;3;1;0;1;3;0;0;1;1;1;88888;0;0;0;0;0;0;0;0;0;0;1;2;1;1;0;0;0;0;1;1;0;0;0;0;0;0;0;1;0;1;0;1;1;0;0;0;0;0;0;0;0;0;0;0;0;0;0;0;0;0;0;1;0;1;0;0;0;0;1;0;0;0;0;0;0;0;1;0;0;0;1;0;0;0;1;1;0;1;0;0;0;0;0;0;0;1;1;0;0;0;1;1;0;137;0;0;0;0;0;0;0;137;104;0;0;0;1;1;0;102;35;22;97;1;16;0;1;0;0;0;2;32;103;33;104;0;0;0;0;0;0;0;0;43;0;0;0;0;0;0;0;43;40;0;0;0;3;3;0;12;0;0;0;0;0;0;0;12;9;0;0;0;1;1;0
2021;Sul;4;Paraná;PR;41;Ponta Grossa;4119905;Centro Oriental Paranaense;4105;Ponta Grossa;41021;411990505;41152115;UEPT 8 - UNIDADE DE EDUCACAO PRO E TECNOLOGICA DE PONTA GROSSA- SENAC;4;1;1;0;AV  JOAO MANOEL DOS SANTOS RIBAS;313;;CENTRO;84051410;42;32286600;1;25;11JAN2021:00:00:00;17DEC2021:00:00:00;0;0;0;0;0;0;0;0;0;0;0;1;0;3,54109E+12;3,54109E+12;1;1;0;0;1;1;0;0;0;0;0;0;0;0;0;1;0;0;1;1;0;0;0;0;1;0;0;0;0;0;1;0;0;0;0;1;0;0;0;0;0;0;0;1;0;0;0;1;0;1;0;0;1;0;1;1;0;0;1;1;1;0;0;0;0;1;1;0;0;0;0;0;0;0;0;0;0;0;1;1;1;0;1;0;0;0;0;0;0;1;1;1;1;1;0;0;1;0;0;11;0;11;0;0;1;1;1;1;1;1;0;1;1;1;1;1;1;1;1;1;12;0;0;0;0;0;0;0;0;0;0;0;0;0;1;95;0;0;0;0;0;0;1;1;1;1;0;1;1;3;1;0;1;8;0;0;1;1;1;10;0;0;0;0;0;0;0;0;0;0;0;0;1;1;0;0;0;0;1;1;0;0;0;0;0;0;0;1;0;1;0;1;1;0;0;0;0;0;0;0;0;0;0;0;0;0;0;0;0;0;0;1;0;1;0;0;0;0;1;0;0;0;0;0;0;0;1;0;0;0;1;0;0;0;1;1;0;1;0;0;0;0;0;0;0;1;1;0;0;0;1;1;0;301;0;0;0;0;0;0;0;301;195;0;0;0;2;2;0;221;80;27;246;6;21;1;0;0;0;0;2;93;206;173;128;0;0;0;0;0;0;0;0;47;0;0;0;0;0;0;0;47;41;0;0;0;3;3;0;21;0;0;0;0;0;0;0;21;13;0;0;0;1;1;0
2021;Sul;4;Paraná;PR;41;Prudentópolis;4120606;Sudeste Paranaense;4109;Prudentópolis;41031;412060605;41152263;UEP 28 - UNIDADE DE EDUCACAO PRO E TECNOLOGICA DE PRUDENTOPOLIS- SENAC;4;1;1;0;RUA PREFEITO ANTONIO WITCHEMICHEN;777;;CENTRO;84400000;42;34468450;1;15;11JAN2021:00:00:00;17DEC2021:00:00:00;0;0;0;0;0;0;0;0;0;0;0;1;0;3,54109E+12;3,54109E+12;1;1;0;0;1;1;0;0;0;0;0;0;0;0;0;1;0;0;1;1;0;0;0;0;1;0;0;0;0;0;1;0;0;0;0;1;0;0;0;0;0;0;0;1;0;0;0;1;0;1;0;0;1;0;1;1;0;0;1;1;1;0;0;0;0;1;1;0;0;0;0;0;0;0;0;0;0;0;1;1;1;0;1;0;0;0;0;0;0;1;1;1;1;1;0;0;1;0;0;10;0;10;0;0;1;1;1;1;1;1;0;1;1;1;1;1;1;1;1;1;3;0;0;0;0;0;0;0;0;0;0;0;0;0;1;21;0;0;0;0;0;0;1;1;1;1;0;1;1;3;1;0;1;1;0;0;0;0;1;88888;0;0;0;0;0;0;0;0;0;0;0;0;1;1;0;0;0;0;1;1;0;0;0;0;0;0;0;1;0;1;0;1;1;0;0;0;0;0;0;0;0;0;0;0;0;0;0;0;0;0;0;1;0;1;0;0;0;0;1;0;0;0;0;0;0;0;1;0;0;0;1;0;0;0;0;1;0;1;0;0;0;0;0;0;0;1;1;0;0;0;0;0;0;28;0;0;0;0;0;0;0;28;28;0;0;0;0;0;0;24;4;16;9;0;3;0;0;0;0;0;0;0;28;0;28;0;0;0;0;0;0;0;0;17;0;0;0;0;0;0;0;17;17;0;0;0;0;0;0;3;0;0;0;0;0;0;0;3;3;0;0;0;0;0;0
2021;Sul;4;Paraná;PR;41;Rio Negro;4122305;Metropolitana de Curitiba;4110;Rio Negro;41039;412230505;41160843;UEPT 38 - UNIDADE DE EDUCACAO PRO E TECNOLOGICA DE RIO NEGRO- SENAC;4;1;1;0;RUA MARCAL JOSE PEREIRA;100;;ESTACAO NOVA;83880000;47;36413050;1;3;11JAN2021:00:00:00;17DEC2021:00:00:00;0;0;0;0;0;0;0;0;0;0;0;1;0;3,54109E+12;3,54109E+12;1;1;0;0;1;1;0;0;0;0;0;0;0;0;0;1;0;0;1;1;0;0;0;0;1;0;0;0;0;0;1;0;0;0;0;1;0;0;0;0;0;0;0;1;0;0;0;1;0;1;0;0;1;0;1;1;0;0;1;1;1;0;0;0;0;1;1;0;0;0;0;0;0;0;0;0;0;0;1;1;1;0;1;0;0;0;0;0;0;1;1;1;1;1;0;0;1;0;0;8;0;8;0;0;1;1;1;1;1;1;0;1;1;1;1;1;1;0;0;1;8;0;0;0;0;0;0;0;0;0;0;0;0;0;1;27;0;0;0;0;0;0;1;1;1;1;0;1;1;3;1;0;1;3;0;0;0;0;1;88888;0;0;0;0;0;0;0;0;0;0;0;0;1;1;0;0;0;0;1;1;0;0;0;0;0;0;0;1;0;1;0;1;1;0;0;0;0;0;0;0;0;0;0;0;0;0;0;0;0;0;0;1;0;1;0;0;0;0;1;0;0;0;0;0;0;0;1;0;0;0;1;0;0;0;1;1;0;1;0;0;0;0;0;0;0;1;1;0;0;0;0;0;0;101;0;0;0;0;0;0;0;101;84;0;0;0;0;0;0;81;20;84;16;0;1;0;0;0;0;0;0;15;86;17;84;0;0;0;0;0;0;0;0;24;0;0;0;0;0;0;0;24;23;0;0;0;0;0;0;7;0;0;0;0;0;0;0;7;5;0;0;0;0;0;0
2021;Sul;4;Paraná;PR;41;Santo Antônio da Platina;4124103;Norte Pioneiro Paranaense;4104;Jacarezinho;41016;412410305;41152247;UEPT 21 - UNIDADE DE EDUCACAO PRO E TECNOLOGICA DE SANTO ANTONIO DA PLATINA- SENAC;4;1;1;0;RUA RUI BARBOSA;799;;CENTRO;86430000;43;35583550;1;17;11JAN2021:00:00:00;17DEC2021:00:00:00;0;0;0;0;0;0;0;0;0;0;0;1;0;3,54109E+12;3,54109E+12;1;1;0;0;1;1;0;0;0;0;0;0;0;0;0;1;0;0;1;1;0;0;0;0;1;0;0;0;0;0;1;0;0;0;0;1;0;0;0;0;0;0;0;1;0;0;0;1;0;1;0;0;1;0;1;1;0;0;1;1;1;0;0;0;0;1;1;0;0;0;0;0;0;0;0;0;0;0;1;1;1;0;1;0;0;0;0;0;0;1;1;1;1;1;0;0;1;0;0;4;0;4;0;0;1;1;1;1;1;1;0;1;1;1;1;1;1;1;1;1;4;0;0;0;0;0;0;0;0;0;0;0;0;0;1;24;0;0;0;0;0;0;1;1;1;1;0;1;1;3;1;0;0;0;0;0;0;0;1;3;0;0;0;0;0;0;0;0;0;0;0;0;0;0;0;0;0;0;1;1;0;0;0;0;0;0;0;1;0;1;0;1;1;0;0;0;0;0;0;0;0;0;0;0;0;0;0;0;0;0;0;1;0;1;0;0;0;0;1;0;0;0;0;0;0;0;1;0;0;0;1;0;0;0;1;0;0;1;0;0;0;0;0;0;0;1;0;0;0;0;0;0;0;19;0;0;0;0;0;0;0;19;0;0;0;0;0;0;0;4;15;1;15;1;2;0;0;0;0;0;0;13;6;19;0;0;0;0;0;0;0;0;0;4;0;0;0;0;0;0;0;4;0;0;0;0;0;0;0;2;0;0;0;0;0;0;0;2;0;0;0;0;0;0;0
2021;Sul;4;Paraná;PR;41;São José dos Pinhais;4125506;Metropolitana de Curitiba;4110;Curitiba;41037;412550605;41158482;UEPT 39 - UNIDADE DE EDUCACAO PRO E TECNOLOGICA DE SAO JOSE DOS PINHAIS- SENAC;4;1;1;0;AV  ROCHA POMBO;3028;LOTE E-969;CRUZEIRO;83010620;41;35865350;1;3;11JAN2021:00:00:00;17DEC2021:00:00:00;0;0;0;0;0;0;0;0;0;0;0;1;0;3,54109E+12;3,54109E+12;1;1;0;0;1;1;0;0;0;0;0;0;0;0;0;1;0;0;1;1;0;0;0;0;1;0;0;0;0;0;1;0;0;0;0;1;0;0;0;0;0;0;0;1;0;0;0;1;0;1;0;0;1;0;1;1;0;0;1;1;1;0;0;0;0;1;1;0;0;0;0;0;0;0;0;0;0;0;1;1;1;0;1;0;0;0;0;0;0;1;1;1;1;1;0;0;1;0;0;13;0;13;0;0;1;1;1;1;1;1;0;1;1;1;1;1;1;0;0;1;11;0;0;0;0;0;0;0;0;0;0;0;0;0;1;76;0;0;1;1;0;0;1;1;1;1;0;1;1;3;1;0;1;8;0;0;1;1;1;88888;0;0;0;0;0;0;0;0;0;0;0;0;1;1;0;0;0;0;1;1;0;0;0;0;0;0;0;1;0;1;0;1;1;0;0;0;0;0;0;0;0;0;0;0;0;0;0;0;0;0;0;1;0;1;0;0;0;0;1;0;0;0;0;0;0;0;1;0;0;0;1;0;0;0;1;1;0;1;0;0;0;0;0;0;0;1;1;0;0;0;0;0;0;126;0;0;0;0;0;0;0;126;70;0;0;0;0;0;0;96;30;94;26;0;6;0;0;0;0;0;1;43;82;56;70;0;0;0;0;0;0;0;0;25;0;0;0;0;0;0;0;25;23;0;0;0;0;0;0;10;0;0;0;0;0;0;0;10;4;0;0;0;0;0;0
2021;Sul;4;Paraná;PR;41;São Mateus do Sul;4125605;Sudeste Paranaense;4109;São Mateus do Sul;41034;412560505;41152271;UEPT 29 - UNIDADE DE EDUCACAO PRO E TECNOLOGICA DE SAO MATEUS DO SUL- SENAC;4;1;1;0;RUA LEDY AFONSO RODERJAN;1191;;CENTRO;83900000;42;35201700;1;29;11JAN2021:00:00:00;17DEC2021:00:00:00;0;0;0;0;0;0;0;0;0;0;0;1;0;3,54109E+12;3,54109E+12;1;1;0;0;1;1;0;0;0;0;0;0;0;0;0;1;0;0;1;1;0;0;0;0;1;0;0;0;0;0;1;0;0;0;0;1;0;0;0;0;0;0;0;1;0;0;0;1;0;1;0;0;1;0;1;1;0;0;1;1;1;0;0;0;0;1;1;0;0;0;0;0;0;0;0;0;0;0;1;1;1;0;1;0;0;0;0;0;0;1;1;1;1;1;0;0;1;0;0;6;0;6;0;0;1;1;1;1;1;1;0;1;1;1;1;1;1;1;1;1;3;0;0;0;0;0;0;0;0;0;0;0;0;0;1;34;0;0;0;0;0;0;1;1;1;1;0;1;1;3;1;0;1;2;0;0;0;0;1;88888;0;0;0;0;0;0;0;0;0;0;0;0;1;1;0;0;0;0;1;1;0;0;0;0;0;0;0;1;0;1;0;1;1;0;0;0;0;0;0;0;0;0;0;0;0;0;0;0;0;0;0;1;0;1;0;0;0;0;1;0;0;0;0;0;0;0;1;0;0;0;1;0;0;0;0;1;0;1;0;0;0;0;0;0;0;1;1;0;0;0;0;0;0;75;0;0;0;0;0;0;0;75;75;0;0;0;0;0;0;71;4;12;62;0;0;1;0;0;0;0;0;0;75;0;75;0;0;0;0;0;0;0;0;19;0;0;0;0;0;0;0;19;19;0;0;0;0;0;0;4;0;0;0;0;0;0;0;4;4;0;0;0;0;0;0
2021;Sul;4;Paraná;PR;41;Toledo;4127700;Oeste Paranaense;4106;Toledo;41022;412770005;41152182;UEPT 15 - UNIDADE DE EDUCACAO PRO E TECNOLOGICA DE TOLEDO- SENAC;4;1;1;0;RUA GUAIRA;3332;;JARDIM LA SALLE;85903220;45;33788100;1;27;11JAN2021:00:00:00;17DEC2021:00:00:00;0;0;0;0;0;0;0;0;0;0;0;1;0;3,54109E+12;3,54109E+12;1;1;0;0;1;1;0;0;0;0;0;0;0;0;0;1;0;0;1;1;0;0;0;0;1;0;0;0;0;0;1;0;0;0;0;1;0;0;0;0;0;0;0;1;0;0;0;1;0;1;0;0;1;0;1;1;0;0;1;1;1;0;0;0;0;1;1;0;0;0;0;0;0;0;0;0;0;0;1;1;1;0;1;0;0;0;0;0;0;1;1;1;1;1;0;0;1;0;0;14;0;14;0;0;1;1;1;1;1;1;0;1;1;1;1;1;1;1;2;1;14;0;0;0;0;0;0;0;0;0;0;0;0;0;1;38;0;0;0;0;0;0;1;1;1;1;0;1;1;3;1;0;1;7;0;0;0;0;1;7;0;0;0;0;0;0;0;0;0;0;0;0;1;1;0;0;1;1;1;1;0;0;0;0;0;0;0;1;0;1;0;1;1;0;0;0;0;0;0;0;0;0;0;0;0;0;0;0;0;0;0;1;0;1;0;0;0;0;1;0;0;0;0;0;0;0;1;0;0;0;1;0;0;0;1;1;0;1;0;0;0;0;0;0;0;1;1;0;0;0;1;1;0;201;0;0;0;0;0;0;0;201;140;0;0;0;4;4;0;136;65;73;90;8;28;2;0;0;0;0;2;55;144;71;130;0;0;0;0;0;0;0;0;46;0;0;0;0;0;0;0;46;45;0;0;0;14;14;0;14;0;0;0;0;0;0;0;14;9;0;0;0;3;3;0
2021;Sul;4;Paraná;PR;41;Umuarama;4128104;Noroeste Paranaense;4101;Umuarama;41002;412810405;41152131;UEPT 10 - UNIDADE DE EDUCACAO PRO E TECNOLOGICA DE UMUARAMA- SENAC;4;1;1;0;AV  DUQUE DE CAXIAS;5238;;ARMAZEM;87504040;44;36215700;1;28;11JAN2021:00:00:00;17DEC2021:00:00:00;0;0;0;0;0;0;0;0;0;0;0;1;0;3,54109E+12;3,54109E+12;1;1;0;0;1;1;0;0;0;0;0;0;0;0;0;1;0;0;1;1;0;0;0;0;1;0;0;0;0;0;1;0;0;0;0;1;0;0;0;0;0;0;0;1;0;0;0;1;0;1;0;0;1;0;1;1;0;0;1;1;1;0;0;0;0;1;1;0;0;0;0;0;0;0;0;0;0;0;1;1;1;0;1;0;0;0;0;0;0;1;1;1;1;1;0;0;1;0;0;14;0;14;0;0;1;1;1;1;1;1;0;1;1;1;1;1;1;1;2;1;15;0;0;0;0;0;0;0;0;0;0;0;0;0;1;52;0;0;0;0;0;0;1;1;1;1;0;1;1;3;1;0;1;7;0;0;0;0;0;0;0;0;0;0;0;0;0;0;0;0;0;0;1;1;0;0;0;0;1;1;0;0;0;0;0;0;0;1;0;1;0;1;1;0;0;0;0;0;0;0;0;0;0;0;0;0;0;0;0;0;0;1;0;1;0;0;0;0;1;0;0;0;0;0;0;0;1;0;0;0;1;0;0;0;1;1;0;1;0;0;0;0;0;0;0;1;1;0;0;0;1;1;0;195;0;0;0;0;0;0;0;195;195;0;0;0;3;3;0;118;77;69;75;8;40;3;0;0;0;0;8;70;117;106;89;0;0;0;0;0;0;0;0;30;0;0;0;0;0;0;0;30;30;0;0;0;12;12;0;16;0;0;0;0;0;0;0;16;16;0;0;0;3;3;0
2021;Sul;4;Paraná;PR;41;União da Vitória;4128203;Sudeste Paranaense;4109;União da Vitória;41033;412820305;41152212;UEPT 18 - UNIDADE DE EDUCACAO PRO E TECNOLOGICA DE UNIAO DA VITORIA- SENAC;4;1;1;0;RUA VALENTIN VARACOSKI;161;;CENTRO;84600110;42;35241500;1;29;11JAN2021:00:00:00;17DEC2021:00:00:00;0;0;0;0;0;0;0;0;0;0;0;1;0;3,54109E+12;3,54109E+12;1;1;0;0;1;1;0;0;0;0;0;0;0;0;0;1;0;0;1;1;0;0;0;0;1;0;0;0;0;0;1;0;0;0;0;1;0;0;0;0;0;0;0;1;0;0;0;1;0;1;0;0;1;0;1;1;0;0;1;1;1;0;0;0;0;1;1;0;0;0;0;0;0;0;0;0;0;0;1;1;1;0;1;0;0;0;0;0;0;1;1;1;1;1;0;0;1;0;0;9;0;9;0;0;1;1;1;1;1;1;0;1;1;1;1;1;1;1;2;1;7;0;0;0;0;0;0;0;0;0;0;0;0;0;1;56;1;42;0;0;0;0;1;1;1;1;0;1;1;3;1;0;1;5;0;0;0;0;1;88888;0;0;0;0;0;0;0;0;0;0;0;0;1;1;0;0;0;0;1;1;0;0;0;0;0;0;0;1;0;1;0;1;1;0;0;0;0;0;0;0;0;0;0;0;0;0;0;0;0;0;0;1;0;1;0;0;0;0;1;0;0;0;0;0;0;0;1;0;0;0;1;0;0;0;1;1;0;1;0;0;0;0;0;0;0;1;1;0;0;0;1;1;0;111;0;0;0;0;0;0;0;111;80;0;0;0;2;2;0;75;36;51;49;1;9;1;0;0;0;0;1;37;73;30;81;0;0;0;0;0;0;0;0;25;0;0;0;0;0;0;0;25;24;0;0;0;11;11;0;9;0;0;0;0;0;0;0;9;6;0;0;0;2;2;0
2021;Sul;4;Santa Catarina;SC;42;Araranguá;4201406;Sul Catarinense;4206;Araranguá;42020;420140605;42156114;CENTRO DE EDUCACAO PROFISSIONAL SENAC ARARANGUA;4;1;1;0;AVENIDA SETE DE SETEMBRO;1350;;CENTRO;88900015;48;35221192;1;21;22FEB2021:00:00:00;15DEC2021:00:00:00;0;0;0;0;0;0;0;0;0;0;0;1;0;3,60374E+12;3,60374E+12;1;2;0;0;1;2;0;0;0;0;0;0;0;0;0;0;0;0;1;1;0;0;0;0;1;0;0;0;0;0;1;0;0;0;0;1;0;0;0;0;0;0;0;1;0;0;0;1;0;0;0;0;1;0;1;0;0;0;1;1;1;0;0;0;0;1;0;0;0;0;0;0;0;0;0;0;0;0;1;1;1;0;1;0;0;0;0;0;0;1;1;1;1;0;0;1;1;0;0;10;0;10;10;10;0;1;0;0;1;0;0;0;0;1;2;0;0;0;0;1;9;0;0;0;0;0;0;0;0;0;0;0;0;0;1;88888;0;0;0;0;0;0;1;1;1;1;0;1;1;2;1;0;1;88888;1;1;0;0;0;0;0;0;0;0;0;0;0;0;0;0;1;1;0;0;0;0;0;0;0;0;0;0;0;0;0;0;0;1;0;1;0;1;0;0;0;0;0;0;0;0;0;0;0;0;0;0;0;0;0;0;0;0;0;0;0;0;0;0;1;1;1;0;0;1;0;0;0;1;0;0;1;0;0;0;0;1;0;1;0;0;0;0;0;0;0;1;1;0;0;0;0;0;0;5;0;0;0;0;0;0;0;5;5;0;0;0;0;0;0;3;2;3;2;0;0;0;0;0;0;0;0;0;5;0;5;0;0;0;0;0;0;0;0;5;0;0;0;0;0;0;0;5;5;0;0;0;0;0;0;1;0;0;0;0;0;0;0;1;1;0;0;0;0;0;0
2021;Sul;4;Santa Catarina;SC;42;Blumenau;4202404;Vale do Itajaí;4204;Blumenau;42012;420240405;42272327;FACULDADE DE TECNOLOGIA SENAC BLUMENAU;4;1;1;0;AVENIDA BRASIL;610;;PONTA AGUDA;89050000;47;30359999;1;15;08FEB2021:00:00:00;16DEC2021:00:00:00;0;0;0;0;0;0;0;0;0;0;1;1;0;3,60374E+12;3,60374E+12;1;2;0;3948;1;1;0;0;0;0;0;0;0;0;1;0;0;0;1;1;0;0;0;0;1;0;0;0;0;0;1;0;0;0;0;1;0;0;0;0;0;0;0;1;0;0;0;1;0;1;0;0;1;0;1;0;1;0;1;1;1;1;0;0;1;1;1;1;0;0;0;0;0;0;0;0;0;0;1;0;1;0;1;0;0;0;0;0;0;1;0;1;1;1;0;1;1;0;0;40;1;41;40;40;0;1;1;1;1;1;0;0;0;1;5;1;4;1;5;1;20;0;0;0;0;0;0;0;0;0;0;0;0;0;1;40;0;0;0;0;0;0;1;1;1;1;0;1;1;2;1;0;1;2;1;6;1;2;1;88888;1;2;0;0;0;0;0;0;0;0;1;3;1;1;1;1;1;2;1;1;0;0;0;1;1;0;0;0;0;1;0;0;0;0;1;1;0;0;0;0;0;0;0;0;0;0;0;0;0;0;0;0;0;0;0;0;0;0;1;1;0;0;0;1;0;0;0;1;0;0;1;0;0;1;1;1;0;1;0;0;0;0;0;0;1;1;1;0;0;0;1;1;0;181;0;0;0;0;0;0;45;153;153;0;0;0;3;3;0;126;55;67;96;4;14;0;0;0;0;0;2;42;137;93;88;0;0;0;0;0;0;0;45;27;0;0;0;0;0;0;13;27;27;0;0;0;21;21;0;10;0;0;0;0;0;0;2;9;9;0;0;0;3;3;0
2021;Sul;4;Santa Catarina;SC;42;Brusque;4202909;Vale do Itajaí;4204;Blumenau;42012;420290905;42139430;CENTRO DE EDUCACAO PROFISSIONAL SENAC DE BRUSQUE;4;1;1;0;RODOVIA ANTONIO HEIL;250;;CENTRO;88353100;47;33512626;1;16;08FEB2021:00:00:00;15DEC2021:00:00:00;0;0;0;0;0;0;0;0;0;0;0;1;0;3,60374E+12;3,60374E+12;1;2;0;0;1;2;0;0;0;0;0;0;0;0;0;0;0;0;1;1;0;0;0;0;1;0;0;0;0;0;1;0;0;0;0;1;0;0;0;0;0;0;0;0;0;0;1;1;0;1;0;0;1;0;1;1;0;0;1;1;1;0;0;0;0;1;0;0;0;0;0;0;0;0;0;0;0;0;1;1;1;0;1;0;0;0;0;0;0;1;1;1;1;1;0;1;1;0;0;18;0;18;18;18;0;1;1;1;1;0;0;0;0;1;3;1;2;0;0;1;18;0;0;0;0;0;0;0;0;0;0;0;0;0;1;70;1;12;0;0;0;0;1;1;1;1;0;1;1;2;1;0;1;8;1;5;1;1;0;0;0;0;0;0;0;0;0;0;0;0;1;4;1;1;0;0;0;0;0;0;0;0;0;0;0;0;0;1;0;1;0;1;1;0;0;0;0;0;0;0;0;0;0;0;0;0;0;0;0;0;0;0;0;0;0;0;0;0;1;0;0;0;0;0;0;0;1;1;0;0;1;0;0;0;0;1;0;1;0;0;0;0;0;0;0;1;1;0;0;0;0;0;0;156;0;0;0;0;0;0;0;156;156;0;0;0;0;0;0;139;17;32;93;7;21;3;0;0;0;0;0;1;155;0;156;0;0;0;0;0;0;0;0;20;0;0;0;0;0;0;0;20;20;0;0;0;0;0;0;7;0;0;0;0;0;0;0;7;7;0;0;0;0;0;0
2021;Sul;4;Santa Catarina;SC;42;Caçador;4203006;Oeste Catarinense;4201;Joaçaba;42004;420300605;42276276;FACULDADE SENAC DE CACADOR;4;1;1;0;AVENIDA SETE DE SETEMBRO;169;;CENTRO;89500133;49;35630000;1;10;22FEB2021:00:00:00;15DEC2021:00:00:00;0;0;0;0;0;0;0;0;0;0;0;1;0;3,60374E+12;3,60374E+12;1;2;0;5131;1;1;0;0;0;0;0;0;0;0;0;0;0;0;1;1;0;0;0;0;1;0;0;0;0;0;1;0;0;0;0;1;0;0;0;0;0;0;0;1;0;1;0;1;1;1;0;0;1;0;1;0;0;0;1;1;1;0;0;0;0;1;0;1;0;0;1;0;1;0;0;0;0;0;1;1;1;0;1;0;0;0;0;0;0;1;1;1;1;1;1;1;1;0;0;17;0;17;3;17;1;1;1;1;1;1;0;0;0;1;17;1;5;0;0;1;20;0;0;0;0;0;0;0;0;0;0;0;0;0;1;91;1;20;0;0;0;0;1;1;1;1;1;1;1;3;1;0;1;5;1;3;1;2;0;0;1;3;0;0;0;0;0;0;0;0;1;4;1;1;0;0;0;0;1;1;0;0;0;0;0;0;0;1;0;1;0;1;1;0;0;1;0;0;0;0;0;0;0;0;0;0;0;0;0;0;0;0;0;0;0;0;0;0;1;1;0;0;0;1;0;0;0;1;0;0;1;0;0;0;0;1;0;1;0;0;0;0;0;0;0;1;1;0;0;0;1;1;0;358;0;0;0;0;0;0;0;358;358;0;0;0;1;1;0;279;79;172;141;3;41;1;0;0;0;0;0;1;357;0;358;0;0;0;0;0;0;0;0;33;0;0;0;0;0;0;0;33;33;0;0;0;5;5;0;12;0;0;0;0;0;0;0;12;12;0;0;0;1;1;0
2021;Sul;4;Santa Catarina;SC;42;Campo Alegre;4203303;Norte Catarinense;4202;São Bento do Sul;42007;420330305;42149444;SENAC DE CAMPO ALEGRE;4;0;1;0;RUA NEREU RAMOS;124;;CENTRO;89294000;47;36340602;2;24;0;0;0;0;0;0;0;0;0;0;0;0;0;0;0;;;0;0;0;0;0;0;0;0;0;0;0;0;0;0;0;0;0;0;0;0;0;0;0;0;0;0;0;0;0;0;0;0;0;0;0;0;0;0;0;0;0;0;0;0;0;0;0;0;0;0;0;0;0;0;0;0;0;0;0;0;0;0;0;0;0;0;0;0;0;0;0;0;0;0;0;0;0;0;0;0;0;0;0;0;0;0;0;0;0;0;0;0;0;0;0;0;0;0;0;0;0;0;0;0;0;0;0;0;0;0;0;0;0;0;0;0;0;0;0;0;0;0;0;0;0;0;0;0;0;0;0;0;0;0;0;0;0;0;0;0;0;0;0;0;0;0;0;0;0;0;0;0;0;0;0;0;0;0;0;0;0;0;0;0;0;0;0;0;0;0;0;0;0;0;0;0;0;0;0;0;0;0;0;0;0;0;0;0;0;0;0;0;0;0;0;0;0;0;0;0;0;0;0;0;0;0;0;0;0;0;0;0;0;0;0;0;0;0;0;0;0;0;0;0;0;0;0;0;0;0;0;0;0;0;0;0;0;0;0;0;0;0;0;0;0;0;0;0;0;0;0;0;0;0;0;0;0;0;0;0;0;0;0;0;0;0;0;0;0;0;0;0;0;0;0;0;0;0;0;0;0;0;0;0;0;0;0;0;0;0;0;0;0;0;0;0;0;0;0;0;0;0;0;0;0;0;0;0;0;0;0;0;0;0;0;0;0;0;0;0;0;0;0;0;0
2021;Sul;4;Santa Catarina;SC;42;Canoinhas;4203808;Norte Catarinense;4202;Canoinhas;42006;420380805;42148928;SENAC CANOINHAS;4;1;1;0;RUA ROLANDO LOURENCO MALLUCELL;16;SENAC;CENTRO;89460062;47;36224853;1;25;02MAR2021:00:00:00;17DEC2021:00:00:00;0;0;0;0;0;0;0;0;0;0;0;1;0;3,60374E+12;3,60374E+12;1;1;0;0;1;2;0;0;0;0;0;0;0;0;0;0;0;0;1;1;0;0;0;0;1;0;0;0;0;0;1;0;0;0;0;1;0;0;0;0;0;0;0;0;0;0;1;1;0;1;0;0;1;0;1;0;0;0;1;1;0;0;0;0;0;0;0;0;0;0;0;0;0;0;0;0;0;0;0;0;1;0;1;0;0;0;0;0;0;1;1;0;0;0;0;0;0;0;0;7;0;7;7;0;0;1;1;1;1;1;0;0;0;1;8;1;1;0;0;1;9;0;0;0;0;0;0;0;0;0;0;0;0;0;0;0;1;88888;1;1;0;0;1;1;1;1;0;1;1;3;1;0;1;3;1;1;0;0;0;0;1;1;0;0;0;0;0;0;0;0;1;1;1;1;0;0;0;0;0;0;0;0;0;0;0;0;0;1;0;1;0;0;1;0;1;0;0;0;0;0;0;0;0;0;0;0;0;0;0;0;0;0;0;0;0;0;0;0;1;0;0;0;0;0;0;0;1;1;0;0;1;0;0;0;0;1;0;1;0;0;0;0;0;0;0;1;1;0;0;0;0;0;0;35;0;0;0;0;0;0;0;35;35;0;0;0;0;0;0;22;13;16;18;0;1;0;0;0;0;0;0;5;30;0;35;0;0;0;0;0;0;0;0;8;0;0;0;0;0;0;0;8;8;0;0;0;0;0;0;2;0;0;0;0;0;0;0;2;2;0;0;0;0;0;0
2021;Sul;4;Santa Catarina;SC;42;Chapecó;4204202;Oeste Catarinense;4201;Chapecó;42002;420420205;42139031;FACULDADE DE TECNOLOGIA SENAC CHAPECO;4;1;1;0;RUA CASTRO ALVES - E;298;;SAO CRISTOVAO;89803110;49;33615022;1;4;20JAN2021:00:00:00;20DEC2021:00:00:00;0;0;0;0;0;0;0;0;0;0;0;1;0;3,60374E+12;3,60374E+12;1;5;0;0;1;1;0;0;0;0;0;0;0;0;0;0;0;0;1;1;0;0;0;0;1;0;0;0;0;0;1;0;0;0;0;1;0;0;0;0;0;0;0;0;0;1;0;1;0;1;0;0;1;0;1;0;0;0;1;1;1;0;0;0;0;1;0;1;0;0;0;0;0;0;0;0;0;0;1;0;1;0;1;0;0;0;0;0;0;1;1;0;1;1;0;1;0;0;0;20;0;20;20;20;0;1;1;1;1;1;0;0;0;0;0;0;0;0;0;1;20;0;0;0;0;0;0;0;0;0;0;0;0;0;1;48;1;100;0;0;0;0;1;1;1;1;0;1;1;3;1;0;1;3;1;2;1;2;0;0;0;0;0;0;0;0;0;0;0;0;1;7;1;1;0;0;1;2;1;1;0;0;0;0;0;0;0;1;0;1;0;0;0;0;0;0;0;0;0;0;0;0;0;0;0;0;0;0;0;0;0;0;0;0;0;0;0;0;1;0;0;0;0;0;0;1;0;1;0;0;1;0;0;0;1;1;0;1;0;0;0;0;0;0;0;1;1;0;0;0;0;0;0;190;0;0;0;0;0;0;0;190;190;0;0;0;0;0;0;162;28;72;96;2;18;1;1;0;0;0;0;10;180;28;162;0;0;0;0;0;0;0;0;41;0;0;0;0;0;0;0;41;41;0;0;0;0;0;0;13;0;0;0;0;0;0;0;13;13;0;0;0;0;0;0
2021;Sul;4;Santa Catarina;SC;42;Concórdia;4204301;Oeste Catarinense;4201;Concórdia;42005;420430105;42139007;FACULDADE SENAC CONCORDIA;4;1;1;0;RUA JOAO ZANARDI;330;;NOSSA SENHORA DA SALETE;89700396;49;34422993;1;6;08FEB2021:00:00:00;15DEC2021:00:00:00;0;0;0;0;0;0;0;0;0;0;0;0;1;3,60374E+12;3,60374E+12;1;2;0;17777;1;2;0;0;0;0;0;0;0;0;0;0;0;0;1;1;0;0;0;0;1;0;0;0;0;0;1;0;0;0;0;1;0;0;0;0;0;0;0;1;0;1;0;1;0;1;0;0;1;0;1;1;0;0;1;1;0;0;0;0;0;1;0;1;0;0;0;0;0;0;0;0;0;0;1;1;1;0;0;0;0;0;0;0;0;1;0;0;1;1;0;1;1;0;0;10;0;10;10;10;0;1;1;1;1;1;0;0;0;1;10;1;2;1;4;1;10;0;0;0;0;0;0;0;0;0;0;0;0;0;1;110;1;30;0;0;0;0;1;1;1;1;1;1;1;3;1;0;1;3;1;2;1;2;0;0;1;2;0;0;0;0;0;0;0;0;1;1;1;1;0;0;1;2;1;2;0;0;0;0;0;0;0;1;0;1;0;1;1;0;1;0;0;0;1;0;0;0;0;0;0;0;0;0;0;0;0;0;0;0;0;0;0;0;1;1;0;0;0;0;0;0;1;1;0;0;1;0;0;0;1;1;0;1;0;0;0;0;0;0;0;1;1;0;0;0;0;0;0;213;0;0;0;0;0;0;0;213;213;0;0;0;0;0;0;175;38;54;134;9;15;1;0;0;0;0;0;26;187;25;188;0;0;0;0;0;0;0;0;10;0;0;0;0;0;0;0;10;10;0;0;0;0;0;0;8;0;0;0;0;0;0;0;8;8;0;0;0;0;0;0
2021;Sul;4;Santa Catarina;SC;42;Criciúma;4204608;Sul Catarinense;4206;Criciúma;42019;420460805;42151031;FACULDADE SENAC CRICIUMA;4;1;1;0;RUA HENRIQUE LAGE;560;;CENTRO;88801010;48;34379801;1;20;08FEB2021:00:00:00;13DEC2021:00:00:00;0;0;0;0;0;0;0;0;0;0;0;1;0;3,60374E+12;3,60374E+12;1;1;0;17277;1;1;0;0;0;0;0;0;0;0;0;0;0;0;1;1;0;0;0;0;1;0;0;0;0;0;1;0;0;0;0;1;0;0;0;0;0;0;0;1;0;0;0;1;1;1;0;0;1;0;1;0;1;0;1;1;1;0;0;0;0;1;1;1;0;0;1;1;0;0;0;0;0;0;1;0;1;0;1;0;0;0;0;0;0;1;1;1;1;1;0;1;1;0;0;39;0;39;39;39;0;1;0;1;1;0;0;0;0;1;39;1;2;1;1;1;39;0;0;0;0;0;0;0;0;0;0;0;0;0;1;12;1;26;1;10;0;0;1;1;1;1;1;1;1;3;1;0;1;11;1;6;1;1;0;0;1;4;0;0;0;0;0;0;0;0;1;2;1;1;1;1;0;0;1;1;0;0;0;1;0;0;0;1;0;1;0;1;0;0;0;0;0;0;0;0;0;0;0;0;0;0;0;0;0;0;0;0;0;0;0;0;0;0;1;1;1;0;0;1;0;0;0;1;0;0;1;0;0;1;1;1;0;1;0;0;0;0;0;0;1;1;1;0;0;0;0;0;0;104;0;0;0;0;0;0;25;104;104;0;0;0;0;0;0;74;30;25;64;9;6;0;0;0;0;0;1;31;72;54;50;0;0;0;0;0;0;0;25;29;0;0;0;0;0;0;12;29;29;0;0;0;0;0;0;5;0;0;0;0;0;0;1;5;5;0;0;0;0;0;0
2021;Sul;4;Santa Catarina;SC;42;Curitibanos;4204806;Serrana;4203;Curitibanos;42009;420480605;42116651;SENAC SERVICO NACIONAL DE APRENDIZAGEM COMERCIAL;4;1;1;0;AVENIDA SALOMAO CARNEIRO DE ALMEIDA - EDIFICIO GAB;388;6º ANDAR;CENTRO;89520000;49;32415937;1;11;08FEB2021:00:00:00;17DEC2021:00:00:00;0;0;0;0;0;0;0;0;0;0;0;1;0;3,60374E+12;3,60374E+12;1;2;0;0;1;2;0;0;0;0;0;0;0;0;0;0;0;0;1;1;0;0;0;0;1;0;0;0;0;0;1;0;0;0;0;1;0;0;0;0;0;0;0;1;0;0;0;1;0;0;0;0;1;0;1;1;0;0;1;1;1;0;0;0;0;1;0;0;0;0;0;0;0;0;0;0;0;0;0;0;1;0;1;0;0;0;0;0;0;0;1;0;1;1;0;0;0;0;0;5;0;5;3;5;0;1;1;1;0;1;0;0;0;1;1;1;1;0;0;1;6;0;0;0;0;0;0;0;0;0;0;0;0;0;1;88888;1;88888;0;0;0;0;1;1;1;0;0;1;0;1;1;0;0;0;0;0;0;0;0;0;0;0;0;0;0;0;0;0;0;0;1;1;0;0;0;0;0;0;0;0;0;0;0;0;0;0;0;1;0;0;0;1;1;0;1;0;0;0;0;0;0;0;0;0;0;0;0;0;0;0;0;0;0;0;0;0;0;0;1;0;0;0;0;0;0;0;1;1;0;0;1;0;0;0;0;1;0;1;0;0;0;0;0;0;0;1;1;0;0;0;0;0;0;8;0;0;0;0;0;0;0;8;8;0;0;0;0;0;0;5;3;4;2;0;2;0;0;0;0;0;0;0;8;0;8;0;0;0;0;0;0;0;0;5;0;0;0;0;0;0;0;5;5;0;0;0;0;0;0;1;0;0;0;0;0;0;0;1;1;0;0;0;0;0;0
2021;Sul;4;Santa Catarina;SC;42;Florianópolis;4205407;Grande Florianópolis;4205;Florianópolis;42016;420540705;42270278;SENAC DE FLORIANOPOLIS;4;1;1;0;RUA SILVA JARDIM;360;;CENTRO;88020200;48;32293253;1;10000;11JAN2021:00:00:00;17DEC2021:00:00:00;0;0;0;0;0;0;0;0;0;0;0;1;0;3,60374E+12;3,60374E+12;1;2;0;0;1;1;0;0;0;0;0;0;0;0;0;0;0;0;1;1;0;0;0;0;1;0;0;0;0;0;1;0;0;0;0;1;0;0;0;0;0;0;0;1;0;0;0;1;1;1;0;0;1;0;1;1;0;0;1;1;1;0;0;0;0;1;1;0;0;0;0;0;0;0;0;0;0;0;1;1;1;0;1;0;0;0;0;0;0;1;1;1;1;1;0;1;1;0;0;22;0;22;22;22;0;1;0;0;1;0;0;0;0;1;21;1;2;1;7;1;20;0;0;0;0;0;0;0;0;0;0;0;0;0;1;88888;1;33;0;0;0;0;1;1;1;1;0;1;0;3;1;0;1;88888;1;6;1;88888;0;0;1;88888;0;0;0;0;0;0;0;0;0;0;1;1;1;3;1;1;1;1;0;0;0;0;0;0;0;1;0;1;0;0;1;0;1;1;0;0;0;0;0;0;0;0;0;0;0;0;0;0;0;0;0;0;0;0;0;0;1;1;0;0;0;1;0;0;0;1;0;0;1;0;0;0;1;1;0;1;0;0;0;0;0;0;0;1;1;0;0;0;1;1;0;86;0;0;0;0;0;0;0;86;86;0;0;0;1;1;0;67;19;42;43;0;1;0;0;0;0;0;0;0;86;61;25;0;0;0;0;0;0;0;0;30;0;0;0;0;0;0;0;30;30;0;0;0;5;5;0;8;0;0;0;0;0;0;0;8;8;0;0;0;1;1;0
2021;Sul;4;Santa Catarina;SC;42;Florianópolis;4205407;Grande Florianópolis;4205;Florianópolis;42016;420540705;42330270;SENAC SAUDE E BELEZA;4;1;1;0;RUA SALDANHA MARINHO;;;CENTRO;88010450;48;33309600;1;10000;11JAN2021:00:00:00;17DEC2021:00:00:00;0;0;0;0;0;0;0;0;0;0;0;1;0;3,60374E+12;3,60374E+12;1;2;0;0;1;2;0;0;0;0;0;0;0;0;0;0;0;0;1;1;0;0;0;0;1;0;0;0;0;0;1;0;0;0;0;1;0;0;0;0;0;0;0;0;0;0;1;0;0;0;0;0;1;0;1;0;1;0;1;1;0;0;0;0;1;0;0;0;0;0;0;0;0;0;0;0;0;0;1;1;1;0;1;0;0;0;0;0;0;1;1;1;1;1;0;1;1;0;0;16;0;16;16;16;0;1;1;1;1;1;0;0;0;1;3;0;0;0;0;1;16;0;0;0;0;0;0;0;0;0;0;0;0;0;1;4;1;38;0;0;0;0;1;1;1;1;1;1;1;2;1;0;1;88888;1;3;1;1;0;0;0;0;0;0;0;0;0;0;0;0;1;5;0;0;0;0;0;0;1;1;0;0;0;0;0;0;0;1;0;1;0;1;1;0;1;0;0;0;0;0;0;0;0;0;0;0;0;0;0;0;0;0;0;0;0;0;0;0;1;1;1;0;0;1;0;0;0;1;0;0;1;0;0;0;1;1;0;1;0;0;0;0;0;0;0;1;1;0;0;0;1;1;0;86;0;0;0;0;0;0;0;86;86;0;0;0;1;1;0;65;21;31;43;2;9;1;0;0;0;0;0;2;84;54;32;0;0;0;0;0;0;0;0;19;0;0;0;0;0;0;0;19;19;0;0;0;6;6;0;8;0;0;0;0;0;0;0;8;8;0;0;0;1;1;0
2021;Sul;4;Santa Catarina;SC;42;Itajaí;4208203;Vale do Itajaí;4204;Itajaí;42013;420820305;42119430;SERVICO NACIONAL DE APRENDIZAGEM COMERCIAL - SENAC DE ITAJAI;4;1;1;0;RUA BRUSQUE;257;;CENTRO;88302000;47;33480410;1;17;11JAN2021:00:00:00;17DEC2021:00:00:00;0;0;0;0;0;0;0;0;0;0;0;1;0;3,60374E+12;3,60374E+12;1;2;0;0;1;2;0;0;0;0;0;0;0;0;0;0;0;0;1;1;0;0;0;0;1;0;0;0;0;0;1;0;0;0;0;1;0;0;0;0;0;0;0;0;0;0;1;1;0;0;0;0;1;0;1;1;0;0;1;1;1;0;0;0;0;1;0;1;0;0;0;0;0;0;0;0;0;0;1;0;1;0;1;0;0;0;0;0;0;0;1;0;1;0;0;0;0;0;0;9;0;9;9;9;0;1;0;1;1;1;0;0;0;0;0;1;2;0;0;1;9;0;0;0;0;0;0;0;0;0;0;0;0;0;1;20;1;35;0;0;0;0;1;1;1;1;0;1;1;3;1;0;1;4;1;2;0;0;0;0;0;0;0;0;0;0;0;0;0;0;1;5;1;1;0;0;1;1;1;1;0;0;0;0;0;0;0;1;0;1;0;0;1;0;1;0;0;0;0;0;0;0;0;0;0;0;0;0;0;0;0;0;0;0;0;0;0;0;1;9;9;0;0;1;0;0;0;9;0;0;1;0;0;0;1;1;0;1;0;0;0;0;0;0;0;1;1;0;0;0;1;1;0;249;0;0;0;0;0;0;0;249;249;0;0;0;2;2;0;196;53;26;155;19;47;2;0;0;0;0;0;6;243;41;208;0;0;0;0;0;0;0;0;26;0;0;0;0;0;0;0;26;26;0;0;0;12;12;0;14;0;0;0;0;0;0;0;14;14;0;0;0;2;2;0
2021;Sul;4;Santa Catarina;SC;42;Joaçaba;4209003;Oeste Catarinense;4201;Joaçaba;42004;420900305;42138876;SERVICO NACIONAL DE APRENDIZAGEM COMERCIAL - SENAC;4;1;1;0;RUA TIRADENTES;170;;CENTRO;89600000;49;39065600;1;7;08FEB2021:00:00:00;15DEC2021:00:00:00;0;0;0;0;0;0;0;0;0;0;0;1;0;3,60374E+12;3,60374E+12;1;2;0;0;1;2;0;0;0;0;0;0;0;0;0;0;0;0;1;1;0;0;0;0;1;0;0;0;0;0;1;0;0;0;0;1;0;0;0;0;0;0;0;1;0;0;0;1;0;0;0;0;1;0;1;1;0;0;1;1;1;0;0;0;1;1;0;0;0;0;0;0;0;0;0;0;0;0;1;0;1;0;1;0;0;0;0;0;0;1;1;0;1;1;0;1;1;0;0;15;0;15;15;15;0;1;1;1;1;1;0;0;0;0;0;1;2;0;0;1;19;0;0;0;0;0;0;0;0;0;0;0;0;0;1;29;1;40;0;0;0;0;1;1;1;1;0;1;1;3;1;0;1;13;1;2;1;1;1;2;0;0;0;0;0;0;0;0;0;0;1;4;1;1;0;0;1;3;1;2;0;0;0;0;0;0;0;1;0;1;0;1;1;0;0;0;0;0;0;0;0;0;0;0;0;0;0;0;0;0;0;0;0;0;0;0;0;0;1;0;1;0;0;1;0;0;0;1;0;0;1;0;0;0;0;1;0;1;0;0;0;0;0;0;0;1;1;0;0;0;1;1;0;239;0;0;0;0;0;0;0;239;239;0;0;0;1;1;0;190;49;86;118;1;33;1;0;0;0;0;0;6;233;0;239;0;0;0;0;0;0;0;0;24;0;0;0;0;0;0;0;24;24;0;0;0;10;10;0;18;0;0;0;0;0;0;0;18;18;0;0;0;1;1;0
2021;Sul;4;Santa Catarina;SC;42;Joinville;4209102;Norte Catarinense;4202;Joinville;42008;420910205;42280265;SENAC DE JOINVILLE;4;1;1;0;RUA VISCONDE DE TAUNAY;730;;ATIRADORES;89203062;47;34316666;1;22;08FEB2021:00:00:00;17DEC2021:00:00:00;0;0;0;0;0;0;0;0;0;0;0;1;0;3,60374E+12;3,60374E+12;1;2;0;0;1;1;0;0;0;0;0;0;0;0;0;0;0;0;1;1;0;0;0;0;1;0;0;0;0;0;1;0;0;0;0;1;0;0;0;0;0;0;0;1;0;0;0;1;0;1;0;0;1;0;1;1;1;0;1;1;1;1;0;0;0;1;0;1;0;0;0;0;0;0;0;0;0;0;1;0;1;0;1;0;0;0;0;0;0;1;1;1;0;0;0;1;1;0;0;37;0;37;37;37;0;1;1;1;1;1;0;0;0;1;22;0;0;0;0;1;22;0;0;0;0;0;0;0;0;0;0;0;0;0;1;150;1;43;1;22;0;0;1;1;1;1;0;1;1;3;1;0;1;5;1;7;1;2;0;0;0;0;0;0;0;0;0;0;0;0;0;0;1;1;1;2;1;1;0;0;0;0;0;1;0;0;0;1;0;1;0;1;1;0;1;0;1;0;0;0;0;0;0;0;0;0;0;0;0;0;0;0;0;0;0;0;0;0;1;0;0;0;0;0;0;0;1;0;0;0;1;0;0;1;1;1;0;1;0;0;0;0;0;0;1;1;1;0;0;0;1;1;0;498;0;0;0;0;0;0;89;498;498;0;0;0;3;3;0;332;166;176;272;6;42;2;0;0;0;0;1;204;293;322;176;0;0;0;0;0;0;0;89;60;0;0;0;0;0;0;24;60;60;0;0;0;18;18;0;23;0;0;0;0;0;0;4;23;23;0;0;0;2;2;0
2021;Sul;4;Santa Catarina;SC;42;Lages;4209300;Serrana;4203;Campos de Lages;42010;420930005;42332281;SENAC DE LAGES;4;1;1;0;AVENIDA DOM PEDRO II;1450;;UNIVERSITARIO;88509001;49;32233855;1;26;22FEB2021:00:00:00;15DEC2021:00:00:00;0;0;0;0;0;0;0;0;0;0;0;1;0;3,60374E+12;3,60374E+12;1;2;0;0;1;1;0;0;0;0;0;0;0;0;0;0;0;0;1;1;0;0;0;0;1;0;0;0;0;0;1;0;0;0;0;1;0;0;0;0;0;0;0;1;0;0;0;1;0;1;0;0;1;0;1;0;0;0;1;1;1;1;0;0;0;1;1;1;0;0;0;0;0;1;0;0;0;0;1;1;1;0;1;0;0;0;0;0;0;1;1;1;0;1;0;1;1;0;0;12;3;15;12;12;0;1;1;1;1;0;0;0;0;0;0;1;1;0;0;1;15;0;0;0;0;0;0;0;0;0;0;0;0;0;1;44;1;10;0;0;0;0;1;1;1;1;1;1;1;3;1;0;1;4;1;2;1;1;0;0;1;3;0;0;0;0;0;0;0;0;0;0;1;1;0;0;0;0;1;1;0;0;0;0;0;0;0;1;0;1;0;0;0;0;0;0;0;0;0;0;0;0;0;0;0;0;0;0;0;0;0;0;0;0;0;0;0;0;1;0;1;0;0;1;0;0;0;1;0;0;1;0;0;0;0;1;0;1;0;0;0;0;0;0;0;1;1;0;0;0;1;1;0;139;0;0;0;0;0;0;0;139;139;0;0;0;1;1;0;99;40;34;87;4;13;1;0;0;0;0;0;19;120;0;139;0;0;0;0;0;0;0;0;21;0;0;0;0;0;0;0;21;21;0;0;0;7;7;0;9;0;0;0;0;0;0;0;9;9;0;0;0;1;1;0
2021;Sul;4;Santa Catarina;SC;42;Mafra;4210100;Norte Catarinense;4202;Canoinhas;42006;421010005;42149487;SENAC DE MAFRA;4;1;1;0;RUA FELIPE SCHMIDT;809;;CENTRO I BAIXADA;89300178;47;32080130;1;36;01FEB2021:00:00:00;17DEC2021:00:00:00;0;0;0;0;0;0;1;0;0;0;0;1;1;3,60374E+12;3,60374E+12;1;2;0;0;1;2;0;0;0;0;0;0;0;0;0;0;0;0;1;1;0;0;0;0;1;0;0;0;0;0;1;0;0;0;0;1;0;0;0;0;0;0;0;1;0;0;0;0;0;0;0;0;1;0;1;0;0;0;1;1;1;0;0;0;0;1;0;0;0;0;0;0;0;0;0;0;0;0;1;0;1;0;1;0;0;0;0;0;0;0;0;1;0;0;0;0;0;0;0;6;0;6;6;0;0;1;1;1;1;0;0;0;0;0;0;1;1;0;0;1;8;0;0;0;0;0;0;0;0;0;0;0;0;0;1;2;1;34;0;0;0;0;1;1;1;0;0;1;1;2;1;0;1;4;1;1;1;1;0;0;0;0;0;0;0;0;0;0;0;0;1;1;0;0;0;0;0;0;1;1;0;0;0;0;0;0;0;1;0;1;0;1;1;0;1;0;0;0;0;0;0;0;0;0;0;0;0;0;0;0;0;0;0;0;0;0;0;0;1;0;0;0;0;0;0;0;1;1;0;0;1;0;0;0;0;1;0;1;0;0;0;0;0;0;0;1;1;0;0;0;0;0;0;100;0;0;0;0;0;0;0;100;100;0;0;0;0;0;0;89;11;19;78;0;3;0;0;0;0;0;0;3;97;0;100;0;0;0;0;0;0;0;0;13;0;0;0;0;0;0;0;13;13;0;0;0;0;0;0;5;0;0;0;0;0;0;0;5;5;0;0;0;0;0;0
2021;Sul;4;Santa Catarina;SC;42;Palhoça;4211900;Grande Florianópolis;4205;Florianópolis;42016;421190005;42149223;CENTRO DE ED PROFISSIONAL SENAC PALHOCA;4;1;1;0;RUA JOAO PEREIRA DOS SANTOS;303;;PONTE DO IMARUIM;88130475;48;33419128;1;10000;08FEB2021:00:00:00;17DEC2021:00:00:00;0;0;0;0;0;0;0;0;0;0;0;1;0;3,60374E+12;3,60374E+12;1;5;0;0;1;2;0;0;0;0;0;0;0;0;0;0;0;0;1;1;0;0;0;0;1;0;0;0;0;0;1;0;0;0;0;1;0;0;0;0;0;0;0;1;0;0;0;1;0;1;0;0;1;0;1;0;0;0;1;1;1;0;0;0;0;1;0;1;0;0;0;0;0;1;0;0;0;0;1;0;1;0;1;0;0;0;0;0;0;1;1;1;1;1;0;1;1;0;0;21;0;21;21;21;0;1;1;1;1;1;0;0;0;1;20;1;3;1;3;1;20;0;0;0;0;0;0;0;0;0;0;0;0;0;1;94;1;27;1;10;0;0;1;1;1;1;0;1;1;3;1;0;1;2;1;5;1;1;0;0;0;0;0;0;0;0;0;0;0;0;0;0;1;1;0;0;1;1;1;1;0;0;0;1;1;0;0;1;0;1;0;1;1;0;1;0;1;0;0;0;0;0;0;0;0;0;0;0;0;0;0;0;0;0;0;0;0;0;1;0;1;0;0;0;0;0;1;1;0;0;1;0;0;1;1;1;0;1;0;0;0;0;0;0;1;1;1;0;0;0;1;1;0;141;0;0;0;0;0;0;91;141;141;0;0;0;4;4;0;75;66;60;73;3;4;0;1;0;0;0;7;83;51;114;27;0;0;0;0;0;0;0;91;23;0;0;0;0;0;0;15;23;23;0;0;0;13;13;0;6;0;0;0;0;0;0;4;6;6;0;0;0;2;2;0
2021;Sul;4;Santa Catarina;SC;42;Porto União;4213609;Norte Catarinense;4202;Canoinhas;42006;421360905;42119448;SERVICO NACIONAL DE APRENDIZAGEM COMERCIAL - SENAC PORTO UNIAO;4;1;1;0;AVENIDA GETULIO VARGAS;890;;CENTRO;89400000;42;35231516;1;25;08FEB2021:00:00:00;10DEC2021:00:00:00;0;0;0;0;0;0;0;0;0;0;0;1;0;3,60374E+12;3,60374E+12;1;2;0;5131;1;2;0;0;0;0;0;0;0;0;0;0;0;0;1;1;0;0;0;0;1;0;0;0;0;0;1;0;0;0;0;1;0;0;0;0;0;0;0;1;0;0;0;0;0;1;0;0;1;0;1;0;0;0;1;1;1;0;0;0;0;1;0;0;0;0;0;0;0;0;0;0;0;0;1;0;1;0;1;0;0;0;0;0;0;1;1;1;1;0;0;1;1;0;0;13;2;15;15;15;0;1;1;1;1;0;0;0;0;0;0;1;3;0;0;1;88888;0;0;0;0;0;0;0;0;0;0;0;0;0;1;76;1;35;1;2;0;0;1;1;1;1;1;1;1;3;1;0;1;6;1;3;1;1;0;0;0;0;0;0;0;0;0;0;0;0;1;2;1;1;0;0;0;0;0;0;0;0;0;0;0;0;0;1;0;1;0;1;1;0;1;1;0;0;0;0;0;0;0;0;0;0;0;0;0;0;0;0;0;0;0;0;0;0;1;0;0;0;0;0;0;0;1;0;0;0;1;0;0;0;0;1;0;1;0;0;0;0;0;0;0;1;1;0;0;0;0;0;0;99;0;0;0;0;0;0;0;99;99;0;0;0;0;0;0;80;19;24;61;0;14;0;0;0;0;0;0;1;98;0;99;0;0;0;0;0;0;0;0;12;0;0;0;0;0;0;0;12;12;0;0;0;0;0;0;7;0;0;0;0;0;0;0;7;7;0;0;0;0;0;0
2021;Sul;4;Santa Catarina;SC;42;Quilombo;4214201;Oeste Catarinense;4201;Chapecó;42002;421420105;42149517;FACULDADE DE TECNOLOGIA SENAC CHAPECO;4;0;1;0;ALBERTO BODANESE PRIMO;1227;;CENTRO;89850000;49;33615022;2;2;0;0;0;0;0;0;0;0;0;0;0;0;0;0;0;;;0;0;0;0;0;0;0;0;0;0;0;0;0;0;0;0;0;0;0;0;0;0;0;0;0;0;0;0;0;0;0;0;0;0;0;0;0;0;0;0;0;0;0;0;0;0;0;0;0;0;0;0;0;0;0;0;0;0;0;0;0;0;0;0;0;0;0;0;0;0;0;0;0;0;0;0;0;0;0;0;0;0;0;0;0;0;0;0;0;0;0;0;0;0;0;0;0;0;0;0;0;0;0;0;0;0;0;0;0;0;0;0;0;0;0;0;0;0;0;0;0;0;0;0;0;0;0;0;0;0;0;0;0;0;0;0;0;0;0;0;0;0;0;0;0;0;0;0;0;0;0;0;0;0;0;0;0;0;0;0;0;0;0;0;0;0;0;0;0;0;0;0;0;0;0;0;0;0;0;0;0;0;0;0;0;0;0;0;0;0;0;0;0;0;0;0;0;0;0;0;0;0;0;0;0;0;0;0;0;0;0;0;0;0;0;0;0;0;0;0;0;0;0;0;0;0;0;0;0;0;0;0;0;0;0;0;0;0;0;0;0;0;0;0;0;0;0;0;0;0;0;0;0;0;0;0;0;0;0;0;0;0;0;0;0;0;0;0;0;0;0;0;0;0;0;0;0;0;0;0;0;0;0;0;0;0;0;0;0;0;0;0;0;0;0;0;0;0;0;0;0;0;0;0;0;0;0;0;0;0;0;0;0;0;0;0;0;0;0;0;0;0;0;0;0
2021;Sul;4;Santa Catarina;SC;42;Rio do Sul;4214805;Vale do Itajaí;4204;Rio do Sul;42011;421480505;42126649;SENAC;4;1;1;0;RUA VISCONDE DE CAIRU;60;;SANTANA;89160256;47;35212266;1;12;21JAN2021:00:00:00;22DEC2021:00:00:00;0;0;0;0;0;0;0;0;0;0;1;1;0;3,60374E+12;3,60374E+12;1;2;0;3948;1;1;0;0;0;0;0;0;0;0;0;0;0;0;1;1;0;0;0;0;1;0;0;0;0;0;1;0;0;0;0;1;0;0;0;0;0;0;0;1;0;0;0;0;0;0;0;0;1;0;1;0;1;0;1;1;1;0;0;0;1;1;0;0;0;0;0;0;0;0;0;0;0;0;1;0;1;0;1;1;0;0;0;0;0;1;0;0;0;1;0;0;0;0;0;15;0;15;15;15;0;1;1;1;1;1;0;1;1;1;16;1;3;0;0;1;20;0;0;0;0;0;0;0;0;0;0;0;0;0;1;62;1;62;0;0;0;0;1;1;1;1;1;1;1;2;1;0;1;6;1;4;1;1;1;2;1;3;0;0;0;0;0;0;0;0;1;1;1;1;0;0;1;1;0;0;0;0;0;0;1;0;0;1;0;1;0;0;0;0;1;0;0;0;0;0;0;0;0;0;0;0;0;0;0;0;0;0;0;0;0;0;0;0;1;1;1;0;0;0;0;0;1;1;0;0;1;0;0;0;0;1;0;1;0;0;0;0;0;0;0;1;1;0;0;0;0;0;0;185;0;0;0;0;0;0;0;185;185;0;0;0;0;0;0;156;29;66;112;0;7;0;0;0;0;0;0;0;185;0;185;0;0;0;0;0;0;0;0;22;0;0;0;0;0;0;0;22;22;0;0;0;0;0;0;10;0;0;0;0;0;0;0;10;10;0;0;0;0;0;0
2021;Sul;4;Santa Catarina;SC;42;Rio Negrinho;4215000;Norte Catarinense;4202;São Bento do Sul;42007;421500005;42149479;SENAC DE RIO NEGRINHO;4;0;1;0;RUA PREFEITO HUGO FISCHER;539;;BELA VISTA;89295000;47;36340602;2;24;0;0;0;0;0;0;0;0;0;0;0;0;0;0;0;;;0;0;0;0;0;0;0;0;0;0;0;0;0;0;0;0;0;0;0;0;0;0;0;0;0;0;0;0;0;0;0;0;0;0;0;0;0;0;0;0;0;0;0;0;0;0;0;0;0;0;0;0;0;0;0;0;0;0;0;0;0;0;0;0;0;0;0;0;0;0;0;0;0;0;0;0;0;0;0;0;0;0;0;0;0;0;0;0;0;0;0;0;0;0;0;0;0;0;0;0;0;0;0;0;0;0;0;0;0;0;0;0;0;0;0;0;0;0;0;0;0;0;0;0;0;0;0;0;0;0;0;0;0;0;0;0;0;0;0;0;0;0;0;0;0;0;0;0;0;0;0;0;0;0;0;0;0;0;0;0;0;0;0;0;0;0;0;0;0;0;0;0;0;0;0;0;0;0;0;0;0;0;0;0;0;0;0;0;0;0;0;0;0;0;0;0;0;0;0;0;0;0;0;0;0;0;0;0;0;0;0;0;0;0;0;0;0;0;0;0;0;0;0;0;0;0;0;0;0;0;0;0;0;0;0;0;0;0;0;0;0;0;0;0;0;0;0;0;0;0;0;0;0;0;0;0;0;0;0;0;0;0;0;0;0;0;0;0;0;0;0;0;0;0;0;0;0;0;0;0;0;0;0;0;0;0;0;0;0;0;0;0;0;0;0;0;0;0;0;0;0;0;0;0;0;0;0;0;0;0;0;0;0;0;0;0;0;0;0;0;0;0;0;0;0
2021;Sul;4;Santa Catarina;SC;42;São Bento do Sul;4215802;Norte Catarinense;4202;São Bento do Sul;42007;421580205;42330459;SENAC DE SAO BENTO DO SUL;4;1;1;0;RUA AUGUSTO KLIMMEK;277;EDIFICIO SAO JOSE;CENTRO;89280349;47;36340602;1;24;11JAN2021:00:00:00;17DEC2021:00:00:00;0;0;0;0;0;0;1;0;0;0;0;1;1;3,60374E+12;3,60374E+12;1;2;0;0;1;2;0;0;0;0;0;0;0;0;0;0;0;0;1;1;0;0;0;0;1;0;0;0;0;0;1;0;0;0;0;1;0;0;0;0;0;0;0;1;0;0;0;1;0;0;0;0;1;0;1;1;0;0;1;1;1;0;0;0;0;1;0;0;0;0;0;0;0;0;0;0;0;0;1;0;1;0;1;0;0;0;0;0;0;1;1;0;1;1;0;0;0;0;0;7;0;7;2;7;0;1;1;1;1;1;0;0;0;0;0;1;1;0;0;1;88888;0;0;0;0;0;0;0;0;0;0;0;0;0;1;30;1;52;0;0;0;0;1;1;1;1;1;1;1;3;1;0;1;1;1;1;0;0;0;0;0;0;0;0;0;0;0;0;0;0;1;1;0;0;0;0;0;0;1;1;0;0;0;0;0;0;0;1;0;1;0;0;1;0;0;0;0;0;0;0;0;0;0;0;0;0;0;0;0;0;0;0;0;0;0;0;0;0;1;0;0;0;0;0;0;1;0;0;0;0;1;0;0;0;0;1;0;1;0;0;0;0;0;0;0;1;1;0;0;0;0;0;0;91;0;0;0;0;0;0;0;91;91;0;0;0;0;0;0;81;10;22;66;1;2;0;0;0;0;0;0;0;91;0;91;0;0;0;0;0;0;0;0;11;0;0;0;0;0;0;0;11;11;0;0;0;0;0;0;4;0;0;0;0;0;0;0;4;4;0;0;0;0;0;0
2021;Sul;4;Santa Catarina;SC;42;São Miguel do Oeste;4217204;Oeste Catarinense;4201;São Miguel do Oeste;42001;421720405;42296269;SENAC DE SAO MIGUEL DO OESTE;4;1;1;0;RUA SETE DE SETEMBRO;1415;;CENTRO;89900000;49;36210055;1;1;22FEB2021:00:00:00;15DEC2021:00:00:00;0;0;0;0;0;0;0;0;0;0;0;1;0;3,60374E+12;3,60374E+12;1;1;0;5133;1;1;0;0;0;0;0;0;0;0;0;1;0;0;1;1;0;0;0;0;1;0;0;0;0;0;0;1;0;1;0;1;0;0;0;0;0;0;0;1;0;0;0;1;0;0;0;0;1;0;1;1;0;0;1;1;1;0;0;0;0;1;0;1;0;0;0;0;0;0;0;0;0;0;1;1;1;0;1;0;0;0;0;0;0;1;0;0;1;1;0;1;0;0;0;9;0;9;9;9;0;1;1;1;1;1;0;0;0;1;1;0;0;0;0;1;88888;0;0;0;0;0;0;0;0;0;0;0;0;0;1;60;1;30;0;0;0;0;1;1;1;1;1;1;1;3;1;0;1;6;1;1;1;1;0;0;1;1;0;0;0;0;0;0;0;0;1;2;1;1;0;0;0;0;0;0;0;0;0;0;0;0;0;1;0;1;0;0;1;0;0;0;0;0;0;0;0;0;0;0;0;0;0;0;0;0;0;0;0;0;0;0;0;0;1;1;0;0;0;0;0;0;1;0;0;0;1;0;0;0;0;1;0;1;0;0;0;0;0;0;0;1;1;0;0;0;1;1;0;135;0;0;0;0;0;0;0;135;135;0;0;0;1;1;0;113;22;21;102;0;11;1;0;0;0;0;0;8;127;0;135;0;0;0;0;0;0;0;0;22;0;0;0;0;0;0;0;22;22;0;0;0;7;7;0;6;0;0;0;0;0;0;0;6;6;0;0;0;1;1;0
2021;Sul;4;Santa Catarina;SC;42;Tubarão;4218707;Sul Catarinense;4206;Tubarão;42018;421870705;42299268;FACULDADE DE TECNOLOGIA SENAC TUBARAO;4;1;1;0;RUA AMARILDO JOSE DA ROSA;1600;;REVOREDO;88704650;48;36325414;1;19;18JAN2021:00:00:00;17DEC2021:00:00:00;0;0;0;0;0;0;0;0;0;0;0;1;0;3,60374E+12;3,60374E+12;1;2;0;0;1;2;0;0;0;0;0;0;0;0;0;0;0;0;1;1;0;0;0;0;1;0;0;0;0;0;1;0;0;0;0;1;0;0;0;0;0;0;0;9;9;9;9;1;0;1;0;0;1;0;1;0;0;0;1;1;1;1;0;0;0;1;0;0;0;0;0;0;0;0;0;0;0;0;1;1;1;0;1;0;0;0;0;0;0;0;1;1;1;0;0;1;0;0;0;17;0;17;17;17;0;1;0;1;1;0;0;1;1;1;4;1;4;0;0;1;20;0;0;0;0;0;0;0;0;0;0;0;0;0;1;105;1;85;0;0;0;0;1;1;1;1;0;1;1;2;1;0;0;0;1;3;1;1;1;1;1;1;0;0;0;0;0;0;0;0;1;1;1;1;0;0;0;0;0;0;0;0;0;0;0;0;0;1;0;1;0;0;0;0;0;0;0;0;0;0;0;0;0;0;0;0;0;0;0;0;0;0;0;0;0;0;0;0;1;1;0;0;0;0;0;1;0;1;0;0;1;0;0;0;0;1;0;1;0;0;0;0;0;0;0;1;1;0;0;0;0;0;0;155;0;0;0;0;0;0;0;155;155;0;0;0;0;0;0;122;33;63;80;6;6;0;0;0;0;0;0;3;152;0;155;0;0;0;0;0;0;0;0;29;0;0;0;0;0;0;0;29;29;0;0;0;0;0;0;7;0;0;0;0;0;0;0;7;7;0;0;0;0;0;0
2021;Sul;4;Santa Catarina;SC;42;União do Oeste;4218855;Oeste Catarinense;4201;Chapecó;42002;421885505;42149525;FACULDADE DE TECNOLOGIA SENAC CHAPECO;4;0;1;0;AVENIDA SAO LUIZ;;;;89845000;49;33615000;3;2;0;0;0;0;0;0;0;0;0;0;0;0;0;0;0;;;0;0;0;0;0;0;0;0;0;0;0;0;0;0;0;0;0;0;0;0;0;0;0;0;0;0;0;0;0;0;0;0;0;0;0;0;0;0;0;0;0;0;0;0;0;0;0;0;0;0;0;0;0;0;0;0;0;0;0;0;0;0;0;0;0;0;0;0;0;0;0;0;0;0;0;0;0;0;0;0;0;0;0;0;0;0;0;0;0;0;0;0;0;0;0;0;0;0;0;0;0;0;0;0;0;0;0;0;0;0;0;0;0;0;0;0;0;0;0;0;0;0;0;0;0;0;0;0;0;0;0;0;0;0;0;0;0;0;0;0;0;0;0;0;0;0;0;0;0;0;0;0;0;0;0;0;0;0;0;0;0;0;0;0;0;0;0;0;0;0;0;0;0;0;0;0;0;0;0;0;0;0;0;0;0;0;0;0;0;0;0;0;0;0;0;0;0;0;0;0;0;0;0;0;0;0;0;0;0;0;0;0;0;0;0;0;0;0;0;0;0;0;0;0;0;0;0;0;0;0;0;0;0;0;0;0;0;0;0;0;0;0;0;0;0;0;0;0;0;0;0;0;0;0;0;0;0;0;0;0;0;0;0;0;0;0;0;0;0;0;0;0;0;0;0;0;0;0;0;0;0;0;0;0;0;0;0;0;0;0;0;0;0;0;0;0;0;0;0;0;0;0;0;0;0;0;0;0;0;0;0;0;0;0;0;0;0;0;0;0;0;0;0;0;0
2021;Sul;4;Santa Catarina;SC;42;Xanxerê;4219507;Oeste Catarinense;4201;Xanxerê;42003;421950705;42270294;SERVICO NACIONAL DE APRENDIZAGEM COMERCIAL SENAC;4;1;1;0;R. IRINEU BORNHAUSEM;110;EDIFICIO VITORIA;CENTRO;89820000;49;34333300;1;5;08FEB2021:00:00:00;17DEC2021:00:00:00;0;0;0;0;0;0;0;0;0;0;0;1;0;3,60374E+12;3,60374E+12;1;2;0;3947;1;2;0;0;0;0;0;0;0;0;0;0;0;0;1;0;1;0;0;0;1;0;0;0;0;0;1;0;0;0;0;1;0;0;0;0;0;0;0;1;0;0;0;1;0;0;0;0;1;0;1;1;0;0;1;1;1;0;0;0;0;0;0;0;0;0;0;0;0;0;0;0;0;0;1;0;1;0;1;0;0;0;0;0;0;1;1;0;0;1;0;0;0;0;0;9;0;9;9;9;0;1;1;1;1;0;0;0;0;1;2;1;1;0;0;1;88888;0;0;0;0;0;0;0;0;0;0;0;0;0;1;2;1;100;0;0;0;0;1;1;1;0;0;1;1;3;1;0;1;3;1;2;0;0;0;0;0;0;0;0;0;0;0;0;0;0;1;1;1;1;0;0;0;0;1;1;0;0;0;0;0;0;0;1;0;0;0;0;0;0;0;0;0;0;0;0;1;0;0;0;0;0;0;0;0;0;0;0;0;0;0;0;0;0;1;0;0;0;0;0;0;0;1;0;0;0;1;0;0;0;1;1;0;1;0;0;0;0;0;0;0;1;1;0;0;0;0;0;0;140;0;0;0;0;0;0;0;140;140;0;0;0;0;0;0;122;18;58;57;1;23;0;1;0;0;0;0;14;126;4;136;0;0;0;0;0;0;0;0;22;0;0;0;0;0;0;0;22;22;0;0;0;0;0;0;9;0;0;0;0;0;0;0;9;9;0;0;0;0;0;0
2021;Sul;4;Rio Grande do Sul;RS;43;Bagé;4301602;Sudoeste Rio-grandense;4306;Campanha Meridional;43031;430160205;43209386;SENAC BAGE;4;1;1;0;MARECHAL FLORIANO;1456;CASA;CENTRO;96400010;53;32427233;1;13;22MAR2021:00:00:00;17DEC2021:00:00:00;0;0;0;0;0;0;0;0;0;0;0;1;0;3,42271E+12;3,42271E+12;1;1;0;0;1;1;0;0;0;0;0;0;0;0;0;0;0;0;1;1;0;0;0;0;1;0;0;0;0;0;1;0;0;0;0;1;0;0;0;0;0;0;0;1;0;0;0;1;0;1;0;0;1;0;1;0;0;0;1;1;1;0;0;0;0;1;0;1;0;0;0;0;0;0;0;0;0;0;1;0;1;0;1;0;0;0;0;0;0;1;0;1;1;1;0;0;0;0;0;12;0;12;12;12;0;1;1;0;1;1;0;1;1;1;2;1;1;1;1;1;16;0;0;0;0;0;0;0;0;0;0;0;0;0;1;30;1;3;0;0;0;0;1;1;1;1;0;1;1;3;1;0;1;5;1;3;0;0;1;88888;0;0;0;0;0;0;0;0;0;0;1;4;1;1;0;0;0;0;0;0;0;0;0;0;0;0;0;1;0;1;0;0;1;0;1;1;0;0;1;0;0;0;0;0;0;0;0;0;0;0;0;0;0;0;0;0;0;0;1;1;1;0;0;0;0;0;1;0;0;0;1;0;0;0;1;1;0;1;0;0;0;0;0;0;0;1;1;0;0;0;1;1;0;231;0;0;0;0;0;0;0;231;231;0;0;0;1;1;0;177;54;76;120;20;15;0;0;0;0;0;0;7;224;30;201;0;0;0;0;0;0;0;0;18;0;0;0;0;0;0;0;18;18;0;0;0;3;3;0;13;0;0;0;0;0;0;0;13;13;0;0;0;1;1;0
2021;Sul;4;Rio Grande do Sul;RS;43;Bento Gonçalves;4302105;Nordeste Rio-grandense;4302;Caxias do Sul;43016;430210505;43209467;ESC EDUC PROFISSIONAL SENAC - BENTO GONCALVES;4;1;1;0;RUA SALDANHA MARINHO;820;PREDIO COMERCIAL;CENTRO;95700082;54;34524200;1;16;18JAN2021:00:00:00;16DEC2021:00:00:00;0;0;0;0;0;0;0;0;0;0;0;1;0;3,42271E+12;3,42271E+12;1;1;0;0;0;0;0;0;0;0;0;0;0;0;0;1;0;0;1;1;0;0;0;0;1;0;0;0;0;0;1;0;0;0;0;1;0;0;0;0;0;0;0;1;1;1;0;1;0;1;0;0;1;0;1;0;1;0;1;1;1;1;0;0;0;1;0;0;0;0;0;0;0;0;0;0;0;0;1;0;1;0;1;0;0;0;0;0;0;0;0;0;1;0;0;0;0;0;0;0;18;18;8;4;0;1;1;1;1;1;0;1;1;1;2;1;12;0;0;1;4;0;0;0;0;0;0;0;0;0;0;0;0;0;1;88888;1;3;0;0;0;0;1;1;1;1;0;1;0;2;1;0;1;88888;1;2;1;1;0;0;1;1;0;0;0;0;0;0;0;0;1;1;1;1;0;0;0;0;1;1;0;0;0;0;1;0;0;0;0;1;0;0;1;0;0;0;0;0;0;0;0;0;0;0;0;0;0;0;0;0;0;0;0;0;0;0;0;0;1;1;1;0;0;0;0;0;1;1;0;0;1;0;0;0;0;1;0;1;0;0;0;0;0;0;0;1;1;0;0;0;0;0;0;13;0;0;0;0;0;0;0;13;13;0;0;0;0;0;0;10;3;9;4;0;0;0;0;0;0;0;0;2;11;0;13;0;0;0;0;0;0;0;0;1;0;0;0;0;0;0;0;1;1;0;0;0;0;0;0;2;0;0;0;0;0;0;0;2;2;0;0;0;0;0;0
2021;Sul;4;Rio Grande do Sul;RS;43;Cachoeira do Sul;4303004;Centro Oriental Rio-grandense;4304;Cachoeira do Sul;43022;430300405;43009255;ESC EDUC PROF SENAC CACHOEIRA DO SUL;4;1;1;0;AVENIDA JULIO DE CASTILHOS;835;COMERCIAL;CENTRO;96501000;51;37223187;1;24;13APR2021:00:00:00;17DEC2021:00:00:00;0;0;0;0;0;0;0;0;0;0;0;1;0;3,42271E+12;3,42271E+12;1;1;0;0;1;2;0;0;0;0;0;0;0;0;0;0;0;0;1;1;0;0;0;0;1;0;0;0;0;0;1;0;0;0;0;1;0;0;0;0;0;0;0;1;0;0;0;1;0;0;0;0;1;0;1;0;0;0;1;1;1;0;0;0;0;1;0;0;0;0;0;0;0;0;0;0;0;0;1;0;1;0;1;0;0;0;0;0;0;1;1;0;1;0;0;0;0;0;0;12;0;12;12;12;0;1;1;1;1;1;0;0;0;0;0;1;12;0;0;1;12;0;0;0;0;0;0;0;0;0;0;0;0;0;1;35;0;0;0;0;0;0;1;1;1;1;1;1;1;3;1;0;1;3;1;1;0;0;1;1;0;0;0;0;0;0;0;0;0;0;1;88888;1;1;0;0;1;1;0;0;0;0;0;1;0;0;0;1;0;0;0;0;1;0;0;0;0;0;0;0;0;0;0;0;0;0;0;0;0;0;0;0;0;0;0;0;0;0;1;0;0;0;0;0;0;0;1;1;0;0;1;0;0;0;0;1;0;1;0;0;0;0;0;0;0;1;1;0;0;0;1;1;0;32;0;0;0;0;0;0;0;32;32;0;0;0;1;1;0;7;25;6;23;1;2;0;0;0;0;0;0;6;26;0;32;0;0;0;0;0;0;0;0;6;0;0;0;0;0;0;0;6;6;0;0;0;3;3;0;2;0;0;0;0;0;0;0;2;2;0;0;0;1;1;0
2021;Sul;4;Rio Grande do Sul;RS;43;Camaquã;4303509;Metropolitana de Porto Alegre;4305;Camaquã;43028;430350905;43008461;ESC EDUC PROF SENAC CAMAQUA;4;1;1;0;RUA MARCIRIO DIAS LONGARAY;LOJA 01;PREDIO;OLARIA;96785168;51;36710363;1;12;01JAN2021:00:00:00;31DEC2021:00:00:00;0;0;0;0;0;0;0;0;0;0;0;1;0;3,42271E+12;3,42271E+12;1;2;0;0;1;2;0;0;0;0;0;0;0;0;0;0;0;0;1;1;0;0;0;0;1;0;0;0;0;0;1;0;0;0;0;1;0;0;0;0;0;0;0;1;0;1;0;1;0;0;0;0;1;0;1;1;1;0;1;1;1;0;0;0;0;1;0;0;0;0;0;0;0;0;0;0;0;0;1;0;1;0;1;0;0;0;0;0;0;1;0;0;1;1;0;0;1;0;0;15;0;15;15;15;0;1;1;1;1;0;0;1;1;0;0;1;9;0;0;1;10;0;0;0;0;0;0;0;0;0;0;0;0;0;1;34;0;0;0;0;0;0;1;1;1;1;0;1;1;3;1;0;1;6;1;2;1;1;0;0;1;3;0;0;0;0;0;0;0;0;1;1;1;1;0;0;0;0;1;1;0;0;0;0;0;0;0;1;0;1;0;0;1;0;1;0;0;0;0;0;0;0;0;0;0;0;0;0;0;0;0;0;0;0;0;0;0;0;1;0;0;0;0;0;0;0;1;0;0;0;1;0;0;0;1;1;0;1;0;0;0;0;0;0;0;1;1;0;0;0;1;1;0;50;0;0;0;0;0;0;0;50;50;0;0;0;1;1;0;25;25;17;30;2;1;0;0;0;0;0;0;5;45;14;36;0;0;0;0;0;0;0;0;3;0;0;0;0;0;0;0;3;3;0;0;0;1;1;0;9;0;0;0;0;0;0;0;9;9;0;0;0;1;1;0
2021;Sul;4;Rio Grande do Sul;RS;43;Canoas;4304606;Metropolitana de Porto Alegre;4305;Porto Alegre;43026;430460605;43300111;SENAC CANOAS;4;1;1;0;MATHIAS VELHO;255;PREDIO;CENTRO;92310300;51;34767222;1;27;02JAN2021:00:00:00;30DEC2021:00:00:00;0;0;0;0;0;0;0;0;0;0;0;1;0;3,42271E+12;3,42271E+12;1;3;0;0;1;1;0;0;0;0;0;0;0;0;0;0;0;0;1;1;0;0;0;0;1;0;0;0;0;0;1;0;0;0;0;1;0;0;0;0;0;0;0;9;9;9;9;1;1;1;0;0;1;0;1;0;0;0;1;1;0;0;0;0;0;1;0;0;0;0;0;0;0;0;0;0;0;0;1;0;1;0;1;0;0;0;0;0;0;1;1;1;1;1;0;0;1;0;0;16;0;16;16;0;0;1;0;0;1;0;0;0;0;1;2;1;1;0;0;1;3;0;0;0;0;0;0;0;0;0;0;0;0;0;1;36;0;0;0;0;0;0;1;1;1;0;0;1;0;2;1;0;1;7;1;3;0;0;0;0;0;0;0;0;0;0;0;0;0;0;1;88888;1;1;0;0;0;0;1;5;0;0;0;0;0;0;0;1;0;1;0;0;0;0;0;0;0;0;0;0;0;0;0;0;0;0;0;0;0;0;0;0;0;0;0;0;0;0;1;9;9;0;0;0;0;0;1;9;0;0;1;0;0;0;1;1;0;1;0;0;0;0;0;0;0;1;1;0;0;0;1;1;0;67;0;0;0;0;0;0;0;67;67;0;0;0;1;1;0;43;24;35;26;1;4;1;0;0;0;0;0;2;65;8;59;0;0;0;0;0;0;0;0;5;0;0;0;0;0;0;0;5;5;0;0;0;1;1;0;7;0;0;0;0;0;0;0;7;7;0;0;0;1;1;0
2021;Sul;4;Rio Grande do Sul;RS;43;Carazinho;4304705;Noroeste Rio-grandense;4301;Carazinho;43009;430470505;43059180;EEP SENAC CARAZINHO;4;1;1;0;AV FLORES DA CUNHA;2821;PREDIO;CENTRO;99500000;54;33315557;1;39;08MAR2021:00:00:00;29DEC2021:00:00:00;0;0;0;0;0;0;0;0;0;0;0;1;0;3,42271E+12;3,42271E+12;1;1;0;0;1;2;0;0;0;0;0;0;0;0;0;0;0;0;1;1;0;0;0;0;1;0;0;0;0;0;1;0;0;0;0;1;0;0;0;0;0;0;0;0;0;0;1;1;0;0;0;0;1;0;1;0;0;0;1;1;1;0;0;0;0;1;1;0;0;0;0;0;0;0;0;0;0;0;1;0;1;0;1;0;0;0;0;0;0;1;1;0;0;0;0;0;0;0;0;12;0;12;12;12;0;1;1;1;1;0;0;0;0;0;0;1;8;0;0;1;12;0;0;0;0;0;0;0;0;0;0;0;0;0;1;88888;0;0;0;0;0;0;1;1;1;1;0;1;1;2;1;0;1;88888;1;2;0;0;0;0;0;0;0;0;0;0;0;0;0;0;0;0;1;1;0;0;0;0;0;0;0;0;0;1;0;0;0;1;0;1;0;0;0;0;0;0;0;0;0;0;0;0;0;0;0;0;0;0;0;0;0;0;0;0;0;0;0;0;1;0;0;0;0;0;0;0;1;0;0;0;1;0;0;0;0;1;0;1;0;0;0;0;0;0;0;1;1;0;0;0;1;1;0;39;0;0;0;0;0;0;0;39;39;0;0;0;1;1;0;17;22;10;25;0;4;0;0;0;0;0;0;6;33;0;39;0;0;0;0;0;0;0;0;7;0;0;0;0;0;0;0;7;7;0;0;0;3;3;0;3;0;0;0;0;0;0;0;3;3;0;0;0;1;1;0
2021;Sul;4;Rio Grande do Sul;RS;43;Caxias do Sul;4305108;Nordeste Rio-grandense;4302;Caxias do Sul;43016;430510805;43009263;SENAC CAXIAS DO SUL;4;1;1;0;AV. JULIO DE CASTILHOS;3638;PREDIO;CINQUENTENARIO;95010002;54;32251666;1;4;22FEB2021:00:00:00;17DEC2021:00:00:00;0;0;0;0;0;0;0;0;0;0;0;1;0;3,42271E+12;3,42271E+12;1;1;0;0;1;1;0;0;0;0;0;0;0;0;0;0;0;0;1;1;0;0;0;0;1;0;0;0;0;0;1;0;0;0;0;1;0;0;0;0;0;0;0;1;0;0;0;1;1;0;0;0;1;0;1;0;1;0;1;1;1;1;0;0;0;1;0;1;0;0;1;1;0;0;0;0;0;0;1;0;1;0;0;0;0;0;0;0;0;0;1;0;1;1;0;0;0;0;0;15;0;15;14;15;0;1;0;0;1;0;0;0;0;1;1;1;16;0;0;1;88888;0;0;0;0;0;0;0;0;0;0;0;0;0;1;88888;1;103;0;0;0;0;1;1;1;1;0;1;1;3;1;0;1;4;0;0;1;1;0;0;1;1;0;0;0;0;0;0;0;0;1;2;1;1;0;0;1;1;0;0;0;0;0;1;0;0;0;1;0;0;0;0;1;0;0;0;0;0;0;0;0;0;0;0;0;0;0;0;0;0;0;0;0;0;0;0;0;0;1;0;1;0;0;0;0;0;1;1;0;0;1;0;0;1;1;1;0;1;0;0;0;0;0;0;1;1;1;0;0;0;1;1;0;87;0;0;0;0;0;0;72;15;15;0;0;0;1;1;0;23;64;7;72;1;7;0;0;0;0;0;0;72;15;72;15;0;0;0;0;0;0;0;0;12;0;0;0;0;0;0;11;1;1;0;0;0;11;11;0;3;0;0;0;0;0;0;2;1;1;0;0;0;1;1;0
2021;Sul;4;Rio Grande do Sul;RS;43;Erechim;4307005;Noroeste Rio-grandense;4301;Erechim;43004;430700505;43209360;SENAC - SERV NAC APREND COMERCIAL - ERECHIM;4;1;1;0;PRACA DA BANDEIRA;26;;CENTRO;99700010;54;35222999;1;15;18JAN2021:00:00:00;16DEC2021:00:00:00;0;0;0;0;0;0;0;0;0;0;0;1;0;3,42271E+12;3,42271E+12;1;2;0;0;1;2;0;0;0;0;0;0;0;0;0;0;0;0;1;1;0;0;0;0;1;0;0;0;0;0;1;0;0;0;0;1;0;0;0;0;0;0;0;1;0;0;0;0;0;0;0;0;1;0;1;1;0;0;1;1;1;0;0;0;0;1;0;0;0;0;0;0;0;0;0;0;0;0;1;0;1;0;1;0;0;0;0;0;0;0;1;0;0;1;0;0;0;0;0;21;0;21;21;0;0;1;1;1;0;0;0;0;0;1;4;1;15;0;0;1;13;0;0;0;0;0;0;0;0;0;0;0;0;0;1;88888;1;1;1;1;0;0;1;1;1;0;0;1;0;0;1;0;1;88888;1;4;1;1;0;0;0;0;0;0;0;0;0;0;0;0;1;88888;1;1;1;2;0;0;0;0;0;0;0;0;0;0;0;1;0;0;0;0;1;0;0;0;0;0;0;0;0;0;0;0;0;0;0;0;0;0;0;1;0;0;0;0;0;1;1;1;0;0;0;0;0;0;1;1;0;0;1;0;0;0;0;1;0;1;0;0;0;0;0;0;0;1;1;0;0;0;1;1;0;11;0;0;0;0;0;0;0;11;11;0;0;0;1;1;0;4;7;1;8;0;2;0;0;0;0;0;0;2;9;0;11;0;0;0;0;0;0;0;0;5;0;0;0;0;0;0;0;5;5;0;0;0;3;3;0;4;0;0;0;0;0;0;0;4;4;0;0;0;1;1;0
2021;Sul;4;Rio Grande do Sul;RS;43;Farroupilha;4307906;Nordeste Rio-grandense;4302;Caxias do Sul;43016;430790605;43012027;EEP SENAC FARROUPILHA;4;0;1;0;RUA DA REPUBLICA;617;;CENTRO;95170484;54;32683500;2;4;0;0;0;0;0;0;0;0;0;0;0;0;0;0;0;;;0;0;0;0;0;0;0;0;0;0;0;0;0;0;0;0;0;0;0;0;0;0;0;0;0;0;0;0;0;0;0;0;0;0;0;0;0;0;0;0;0;0;0;0;0;0;0;0;0;0;0;0;0;0;0;0;0;0;0;0;0;0;0;0;0;0;0;0;0;0;0;0;0;0;0;0;0;0;0;0;0;0;0;0;0;0;0;0;0;0;0;0;0;0;0;0;0;0;0;0;0;0;0;0;0;0;0;0;0;0;0;0;0;0;0;0;0;0;0;0;0;0;0;0;0;0;0;0;0;0;0;0;0;0;0;0;0;0;0;0;0;0;0;0;0;0;0;0;0;0;0;0;0;0;0;0;0;0;0;0;0;0;0;0;0;0;0;0;0;0;0;0;0;0;0;0;0;0;0;0;0;0;0;0;0;0;0;0;0;0;0;0;0;0;0;0;0;0;0;0;0;0;0;0;0;0;0;0;0;0;0;0;0;0;0;0;0;0;0;0;0;0;0;0;0;0;0;0;0;0;0;0;0;0;0;0;0;0;0;0;0;0;0;0;0;0;0;0;0;0;0;0;0;0;0;0;0;0;0;0;0;0;0;0;0;0;0;0;0;0;0;0;0;0;0;0;0;0;0;0;0;0;0;0;0;0;0;0;0;0;0;0;0;0;0;0;0;0;0;0;0;0;0;0;0;0;0;0;0;0;0;0;0;0;0;0;0;0;0;0;0;0;0;0;0
2021;Sul;4;Rio Grande do Sul;RS;43;Gramado;4309100;Metropolitana de Porto Alegre;4305;Gramado-Canela;43024;430910005;43008313;ESC EDUC PROF SENAC GRAMADO;4;0;1;0;RUA SAO PEDRO;663;;;95670000;54;32864445;2;4;0;0;0;0;0;0;0;0;0;0;0;0;0;0;0;;;0;0;0;0;0;0;0;0;0;0;0;0;0;0;0;0;0;0;0;0;0;0;0;0;0;0;0;0;0;0;0;0;0;0;0;0;0;0;0;0;0;0;0;0;0;0;0;0;0;0;0;0;0;0;0;0;0;0;0;0;0;0;0;0;0;0;0;0;0;0;0;0;0;0;0;0;0;0;0;0;0;0;0;0;0;0;0;0;0;0;0;0;0;0;0;0;0;0;0;0;0;0;0;0;0;0;0;0;0;0;0;0;0;0;0;0;0;0;0;0;0;0;0;0;0;0;0;0;0;0;0;0;0;0;0;0;0;0;0;0;0;0;0;0;0;0;0;0;0;0;0;0;0;0;0;0;0;0;0;0;0;0;0;0;0;0;0;0;0;0;0;0;0;0;0;0;0;0;0;0;0;0;0;0;0;0;0;0;0;0;0;0;0;0;0;0;0;0;0;0;0;0;0;0;0;0;0;0;0;0;0;0;0;0;0;0;0;0;0;0;0;0;0;0;0;0;0;0;0;0;0;0;0;0;0;0;0;0;0;0;0;0;0;0;0;0;0;0;0;0;0;0;0;0;0;0;0;0;0;0;0;0;0;0;0;0;0;0;0;0;0;0;0;0;0;0;0;0;0;0;0;0;0;0;0;0;0;0;0;0;0;0;0;0;0;0;0;0;0;0;0;0;0;0;0;0;0;0;0;0;0;0;0;0;0;0;0;0;0;0;0;0;0;0;0
2021;Sul;4;Rio Grande do Sul;RS;43;Gravataí;4309209;Metropolitana de Porto Alegre;4305;Porto Alegre;43026;430920905;43209378;SENAC GRAVATAI;4;1;1;0;AV. DORIVAL CANDIDO LUZ DE OLIVEIRA;480;PREDIO;CENTRO;94030000;51;34888860;1;28;01FEB2021:00:00:00;17DEC2021:00:00:00;0;0;0;0;0;0;0;0;0;0;0;1;0;3,42271E+12;3,42271E+12;1;3;0;0;1;1;0;0;0;0;0;0;0;0;0;0;0;0;1;1;0;0;0;0;1;0;0;0;0;0;1;0;0;0;0;1;0;0;0;0;0;0;0;1;0;0;0;1;0;0;0;0;1;0;1;1;0;0;1;1;1;0;0;0;0;1;1;1;0;0;0;0;0;0;0;0;0;0;1;0;1;0;0;0;0;0;0;0;0;1;1;0;1;1;0;0;0;0;0;28;0;28;28;28;0;1;1;1;1;1;0;0;0;1;3;1;31;0;0;1;7;0;0;0;0;0;0;0;0;0;0;0;0;0;1;179;1;2;0;0;0;0;1;1;1;1;0;1;1;3;1;0;1;11;1;4;0;0;1;6;0;0;0;0;0;0;0;0;0;0;1;4;1;1;1;1;0;0;1;1;1;1;0;0;0;0;0;1;0;1;0;0;1;0;0;0;0;0;0;0;0;0;0;0;0;0;0;0;0;0;0;0;0;0;0;0;0;0;1;0;1;0;0;0;0;0;1;0;0;0;1;0;0;0;1;1;0;1;0;0;0;0;0;0;0;1;1;0;0;0;1;1;0;630;0;0;0;0;0;0;0;630;347;0;0;0;6;6;0;414;216;161;388;36;44;0;1;0;0;0;16;224;390;418;212;0;0;0;0;0;0;0;0;34;0;0;0;0;0;0;0;34;29;0;0;0;9;9;0;46;0;0;0;0;0;0;0;46;21;0;0;0;5;5;0
2021;Sul;4;Rio Grande do Sul;RS;43;Ijuí;4310207;Noroeste Rio-grandense;4301;Ijuí;43008;431020705;43207243;SERVICO NACIONAL DE APRENDIZAGEM COMERCIAL - SENAC IJUI;4;1;1;0;RUA 24 DE FEVEREIRO;315;SALA;CENTRO;98700000;55;33327022;1;36;15FEB2021:00:00:00;17DEC2021:00:00:00;0;0;0;0;0;0;0;0;0;0;0;1;0;3,42271E+12;3,42271E+12;1;1;0;0;1;2;0;0;0;0;0;0;0;0;0;0;0;0;1;1;0;0;0;0;1;0;0;0;0;0;1;0;0;0;0;1;0;0;0;0;0;0;0;1;0;0;0;1;0;0;0;0;1;0;1;1;0;0;1;1;1;0;0;0;0;1;0;0;0;0;0;0;0;0;0;0;0;0;1;0;0;0;1;0;0;0;0;0;0;1;0;0;1;1;0;0;0;0;0;11;0;11;11;9;0;1;1;1;1;0;0;0;0;0;0;1;6;1;1;1;6;0;0;0;0;0;0;0;0;0;0;0;0;0;1;88888;1;3;1;88888;0;0;1;1;1;1;0;1;1;3;1;0;1;1;1;2;0;0;0;0;0;0;0;0;0;0;0;0;0;0;1;88888;1;1;0;0;0;0;0;0;0;0;0;0;1;0;0;1;0;1;0;0;1;0;1;1;0;0;1;0;0;0;0;0;0;0;0;0;0;0;0;0;0;0;0;0;0;0;1;1;1;0;0;0;0;0;1;0;0;0;1;0;0;0;0;1;0;1;0;0;0;0;0;0;0;1;1;0;0;0;0;0;0;5;0;0;0;0;0;0;0;5;5;0;0;0;0;0;0;3;2;1;2;0;2;0;0;0;0;0;0;0;5;0;5;0;0;0;0;0;0;0;0;2;0;0;0;0;0;0;0;2;2;0;0;0;0;0;0;1;0;0;0;0;0;0;0;1;1;0;0;0;0;0;0
2021;Sul;4;Rio Grande do Sul;RS;43;Lajeado;4311403;Centro Oriental Rio-grandense;4304;Lajeado-Estrela;43021;431140305;43209394;ESC EDUC PROF SENAC - LAJEADO;4;1;1;0;AVENIDA AVENIDA SENADOR ALBERTO PASQUALINI;421;;AMERICANO;95900560;51;37484644;1;3;08MAR2021:00:00:00;13DEC2021:00:00:00;0;0;0;0;0;0;1;0;0;0;0;1;0;3,42271E+12;3,42271E+12;1;2;0;0;1;2;0;0;0;0;0;0;0;0;0;0;0;0;1;1;0;0;0;0;1;0;0;0;0;0;1;0;0;0;0;1;0;0;0;0;0;0;0;0;0;1;0;0;0;0;0;0;1;0;1;0;0;0;1;1;0;1;0;0;0;1;0;0;0;0;0;0;0;0;0;0;0;0;1;0;1;0;1;0;0;0;0;0;0;1;1;0;1;1;0;1;1;0;0;14;0;14;14;14;0;1;1;1;1;0;0;1;1;1;2;1;7;0;0;1;13;0;0;0;0;0;0;0;0;0;0;0;0;0;1;88888;1;10;0;0;0;0;1;1;1;1;0;1;1;2;1;0;1;88888;1;1;0;0;0;0;0;0;0;0;0;0;0;0;0;0;1;88888;1;1;0;0;0;0;0;0;0;0;0;0;1;0;0;0;0;1;0;1;0;0;0;0;0;0;0;0;0;0;0;0;0;0;0;0;0;0;0;0;0;0;0;0;0;0;1;0;0;0;0;1;0;0;0;0;0;0;1;0;0;0;0;1;0;1;0;0;0;0;0;0;0;1;1;0;0;0;1;1;0;11;0;0;0;0;0;0;0;11;11;0;0;0;1;1;0;6;5;5;6;0;0;0;0;0;0;0;0;0;11;0;11;0;0;0;0;0;0;0;0;1;0;0;0;0;0;0;0;1;1;0;0;0;1;1;0;1;0;0;0;0;0;0;0;1;1;0;0;0;1;1;0
2021;Sul;4;Rio Grande do Sul;RS;43;Montenegro;4312401;Metropolitana de Porto Alegre;4305;Montenegro;43023;431240105;43077218;EEP SENAC MONTENEGRO;4;1;1;0;RUA CAPITAO PORFIRIO;2225;SENAC MONTENEGRO;CENTRO;92510305;51;36493141;1;2;02JAN2021:00:00:00;31DEC2021:00:00:00;0;0;0;0;0;0;0;0;0;0;0;1;1;3,42271E+12;3,42271E+12;1;1;0;0;1;2;0;0;0;0;0;0;0;0;0;1;0;0;1;1;0;0;0;0;1;0;0;0;0;0;1;0;0;0;0;1;0;0;0;0;0;0;0;1;0;0;0;0;0;1;0;0;1;0;1;0;0;0;1;1;0;0;0;0;0;1;0;0;0;0;0;0;0;0;0;0;0;0;1;0;1;0;1;0;0;0;0;0;0;0;1;0;1;1;0;0;0;0;0;12;5;17;17;0;0;1;0;1;1;0;0;0;0;1;1;1;17;0;0;1;5;0;0;0;0;0;0;0;0;0;0;0;0;0;1;71;0;0;0;0;0;0;1;1;1;1;1;1;1;3;1;0;1;6;1;2;0;0;0;0;0;0;0;0;0;0;0;0;0;0;1;1;1;1;0;0;1;1;0;0;0;0;0;0;0;0;0;1;0;1;0;0;1;0;1;1;1;0;0;0;0;0;0;0;0;0;0;0;0;0;0;0;0;0;0;0;0;0;1;1;1;0;0;0;0;0;1;0;0;0;1;0;0;0;0;1;0;1;0;0;0;0;0;0;0;1;1;0;0;0;0;0;0;55;0;0;0;0;0;0;0;55;55;0;0;0;0;0;0;22;33;20;35;0;0;0;0;0;0;0;0;4;51;0;55;0;0;0;0;0;0;0;0;4;0;0;0;0;0;0;0;4;4;0;0;0;0;0;0;4;0;0;0;0;0;0;0;4;4;0;0;0;0;0;0
2021;Sul;4;Rio Grande do Sul;RS;43;Novo Hamburgo;4313409;Metropolitana de Porto Alegre;4305;Porto Alegre;43026;431340905;43237606;SENAC NOVO HAMBURGO;4;1;1;0;BENTO GONCALVES;1537;;CENTRO;93410154;51;35537350;1;2;04JAN2021:00:00:00;18DEC2021:00:00:00;0;0;0;0;0;0;0;0;0;0;0;1;0;3,42271E+12;3,42271E+12;1;3;0;0;1;2;0;0;0;0;0;0;0;0;0;0;0;0;1;1;0;0;0;0;1;0;0;0;0;0;1;0;0;0;0;1;0;0;0;0;0;0;0;1;0;0;0;0;0;0;0;0;1;0;1;0;0;0;1;1;0;0;0;0;0;1;0;0;0;0;0;0;0;0;0;0;0;0;1;0;1;0;1;0;0;0;0;0;0;1;1;1;0;1;1;0;1;0;0;8;0;8;8;0;0;1;1;1;1;1;0;0;0;1;4;1;4;0;0;1;88888;0;0;0;0;0;0;0;0;0;0;0;0;0;1;24;1;88888;0;0;0;0;1;1;1;1;0;1;1;3;1;0;1;88888;1;2;1;1;0;0;0;0;0;0;0;0;0;0;0;0;1;2;1;1;0;0;0;0;0;0;0;0;0;0;0;0;0;1;0;1;0;0;1;0;0;0;0;0;0;0;0;0;0;0;0;0;0;0;0;0;0;0;0;0;0;0;0;0;1;0;0;0;0;0;0;0;1;1;0;0;1;0;0;0;0;1;0;1;0;0;0;0;0;0;0;1;1;0;0;0;0;0;0;20;0;0;0;0;0;0;0;20;20;0;0;0;0;0;0;17;3;11;8;0;1;0;0;0;0;0;0;0;20;0;20;0;0;0;0;0;0;0;0;3;0;0;0;0;0;0;0;3;3;0;0;0;0;0;0;4;0;0;0;0;0;0;0;4;4;0;0;0;0;0;0
2021;Sul;4;Rio Grande do Sul;RS;43;Passo Fundo;4314100;Noroeste Rio-grandense;4301;Passo Fundo;43010;431410005;43207391;ESCOLA DE EDUCACAO PROFISSIONAL SENAC PASSO FUNDO;4;1;1;0;AVENIDA SETE DE SETEMBRO;1045;;VILA RODRIGUES;99010122;54;33134599;1;7;11JAN2021:00:00:00;22DEC2021:00:00:00;0;0;0;0;0;0;0;0;0;0;1;1;0;3,42271E+12;3,42271E+12;1;2;0;0;1;1;0;0;0;0;0;0;0;0;0;0;0;0;1;1;0;0;0;0;1;0;0;0;0;0;1;0;0;0;0;1;0;0;0;0;0;0;0;1;1;0;0;1;0;1;0;0;1;0;1;0;0;0;1;1;1;0;0;0;0;1;0;1;0;0;0;0;0;0;0;0;0;0;1;0;1;0;1;0;0;0;0;0;0;1;0;0;0;1;0;0;0;0;0;18;0;18;17;18;0;1;0;0;1;0;0;0;0;1;2;1;10;0;0;1;10;0;0;0;0;0;0;0;0;0;0;0;0;0;1;55;1;1;0;0;0;0;1;1;1;1;0;1;1;3;1;0;1;3;1;3;1;1;0;0;0;0;0;0;0;0;0;0;0;0;1;10;1;1;0;0;0;0;0;0;0;0;0;0;0;0;0;1;0;1;0;0;0;0;0;0;0;0;0;0;0;0;0;0;0;0;0;0;0;0;0;0;0;0;0;0;0;0;1;0;0;0;0;0;0;0;1;0;0;0;1;0;0;0;0;1;0;1;0;0;0;0;0;0;0;1;1;0;0;0;1;1;0;111;0;0;0;0;0;0;0;111;111;0;0;0;2;2;0;85;26;58;44;2;6;0;1;0;0;0;0;1;110;0;111;0;0;0;0;0;0;0;0;9;0;0;0;0;0;0;0;9;9;0;0;0;1;1;0;6;0;0;0;0;0;0;0;6;6;0;0;0;1;1;0
2021;Sul;4;Rio Grande do Sul;RS;43;Pelotas;4314407;Sudeste Rio-grandense;4307;Pelotas;43033;431440705;43208266;ESCOLA DE EDUCACAO PROFISSIONAL SENAC PELOTAS;4;1;1;0;RUA DOM PEDRO II;901;;CENTRO;96010300;53;32258889;1;5;02JAN2021:00:00:00;30DEC2021:00:00:00;0;0;0;0;0;0;0;0;0;0;0;1;0;3,42271E+12;3,42271E+12;1;2;0;0;1;1;0;0;0;0;0;0;0;0;0;0;0;0;1;1;0;0;0;0;1;0;0;0;0;0;1;0;0;0;0;1;0;0;0;0;0;0;0;1;0;1;0;1;0;1;0;0;1;0;1;0;0;0;1;1;1;1;0;0;0;1;0;0;0;0;0;0;0;0;0;0;0;0;1;0;1;0;1;0;0;0;0;0;0;1;1;0;1;0;0;0;0;0;0;21;0;21;21;21;0;1;1;1;1;1;0;0;0;1;2;1;18;0;0;1;3;0;0;0;0;0;0;0;0;0;0;0;0;0;1;49;1;8;0;0;0;0;1;1;1;1;0;1;1;3;1;0;1;10;1;5;1;1;0;0;0;0;0;0;0;0;0;0;0;0;1;21;1;1;0;0;0;0;1;2;0;0;0;0;0;0;0;1;0;1;0;0;1;0;0;0;0;0;0;0;0;0;0;0;0;0;0;0;0;0;0;0;0;0;0;0;0;0;1;1;0;0;0;0;0;0;1;0;0;0;1;0;0;0;0;1;0;1;0;0;0;0;0;0;0;1;1;0;0;0;1;1;0;202;0;0;0;0;0;0;0;202;202;0;0;0;2;2;0;155;47;84;97;9;12;0;0;0;0;0;0;1;201;0;202;0;0;0;0;0;0;0;0;17;0;0;0;0;0;0;0;17;17;0;0;0;2;2;0;10;0;0;0;0;0;0;0;10;10;0;0;0;1;1;0
2021;Sul;4;Rio Grande do Sul;RS;43;Porto Alegre;4314902;Metropolitana de Porto Alegre;4305;Porto Alegre;43026;431490205;43009212;SENAC TECH;4;1;1;0;VENANCIO AIRES;93;;CIDADE BAIXA;90040191;51;32887750;1;1;12APR2021:00:00:00;22DEC2021:00:00:00;0;0;0;0;0;0;0;0;0;0;0;1;0;3,42271E+12;3,42271E+12;1;2;0;0;1;1;0;0;0;0;0;0;0;0;0;0;0;0;1;1;0;0;0;0;1;0;0;0;0;0;1;0;0;0;0;1;0;0;0;0;0;0;0;1;0;0;0;0;0;1;0;0;1;0;1;1;0;0;1;1;1;0;0;0;0;1;0;1;0;0;0;0;0;0;0;0;0;0;1;0;1;1;1;1;0;0;0;0;0;1;1;1;1;1;0;1;0;0;0;29;0;29;29;29;1;1;1;1;1;1;0;1;1;1;8;1;3;0;0;1;21;0;0;0;0;0;0;0;0;0;0;0;0;0;1;88888;1;40;1;12;0;0;1;1;1;1;0;1;1;3;1;0;1;3;1;4;1;1;1;1;1;1;0;0;0;0;0;0;0;0;0;0;1;1;0;0;1;3;0;0;0;0;0;0;0;0;0;1;0;1;0;1;1;0;1;0;0;0;0;0;0;0;0;0;0;0;0;0;0;0;0;0;0;0;0;0;0;0;1;0;0;0;0;0;0;0;1;0;0;0;1;0;0;0;1;1;0;1;0;0;0;0;0;0;0;1;1;0;0;0;1;1;0;258;0;0;0;0;0;0;0;258;258;0;0;0;4;4;0;46;212;108;126;12;12;0;0;0;0;0;0;14;244;115;143;0;0;0;0;0;0;0;0;8;0;0;0;0;0;0;0;8;8;0;0;0;3;3;0;15;0;0;0;0;0;0;0;15;15;0;0;0;3;3;0
2021;Sul;4;Rio Grande do Sul;RS;43;Porto Alegre;4314902;Metropolitana de Porto Alegre;4305;Porto Alegre;43026;431490205;43049702;SENAC RIO GRANDE DO SUL;4;1;1;0;AV. ALBERTO BINS;810;;CENTRO HISTORICO;90030142;51;32142997;1;1;01SEP2020:00:00:00;26MAY2021:00:00:00;0;0;0;0;0;0;0;0;0;0;0;1;0;3,42271E+12;3,42271E+12;1;1;0;0;1;2;0;0;0;0;0;0;0;0;0;0;0;0;1;1;0;0;0;0;1;0;0;0;0;0;1;0;0;0;0;1;0;0;0;0;0;0;0;1;0;0;0;0;0;0;0;0;1;0;1;0;1;0;1;1;1;0;0;0;0;0;0;0;0;0;0;0;0;0;0;0;0;0;1;0;1;0;1;0;0;0;0;0;0;1;1;0;1;0;0;0;0;0;0;2;0;2;0;0;0;1;1;0;1;1;0;0;0;1;2;1;88888;0;0;1;2;0;0;0;0;0;0;0;0;0;0;0;0;0;1;198;1;2;1;1;0;0;1;0;1;1;0;0;0;1;1;0;1;46;1;4;0;0;0;0;0;0;0;0;0;0;0;0;0;0;1;84;1;8;0;0;0;0;1;3;0;0;0;1;0;0;0;1;0;0;0;0;0;0;0;0;0;0;0;0;1;0;0;0;0;0;0;0;0;0;0;0;0;0;0;0;0;0;1;0;0;0;0;0;0;0;1;1;0;0;0;0;1;0;0;0;1;1;0;0;0;0;0;0;0;1;1;0;0;0;1;1;0;21210;0;0;0;0;0;0;0;21210;21210;0;0;0;147;147;0;11996;9214;3611;9517;1766;5894;371;51;0;0;0;0;656;20554;0;0;21210;0;0;0;0;0;0;0;130;0;0;0;0;0;0;0;130;130;0;0;0;93;93;0;309;0;0;0;0;0;0;0;309;309;0;0;0;101;101;0
2021;Sul;4;Rio Grande do Sul;RS;43;Porto Alegre;4314902;Metropolitana de Porto Alegre;4305;Porto Alegre;43026;431490205;43089089;EEP SENAC GESTAO E NEGOCIOS;4;1;1;0;AVENIDA CRISTOVAO COLOMBO;545;PREDIO 1 / 3º ANDAR;FLORESTA;90560003;51;32864008;1;1;22FEB2021:00:00:00;17DEC2021:00:00:00;0;0;0;0;0;0;0;0;0;0;0;1;0;3,42271E+12;3,42271E+12;1;1;0;0;1;2;0;0;0;0;0;0;0;0;0;0;0;0;1;1;0;0;0;0;1;0;0;0;0;0;1;0;0;0;0;1;0;0;0;0;0;0;0;1;0;0;0;1;0;0;0;0;1;0;1;0;0;0;1;1;0;0;0;0;1;1;0;0;0;0;0;0;0;0;0;0;0;0;1;0;0;0;1;0;0;0;0;0;0;1;1;1;1;1;0;0;0;0;0;6;0;6;6;6;0;1;1;1;1;1;0;0;0;1;1;1;6;0;0;1;2;0;0;0;0;0;0;0;0;0;0;0;0;0;0;0;1;80;1;8;0;0;1;1;1;1;0;1;1;2;1;0;1;6;1;2;1;1;1;3;0;0;0;0;0;0;0;0;0;0;1;1;1;1;0;0;0;0;1;1;0;0;0;1;0;0;0;1;0;0;0;0;0;0;0;0;0;0;0;0;1;0;0;0;0;0;0;0;0;0;0;0;0;0;0;0;0;0;1;9;9;0;0;0;0;0;1;9;0;0;1;0;0;1;1;0;0;1;0;0;0;0;0;0;1;0;0;0;0;0;0;0;0;104;0;0;0;0;0;0;104;0;0;0;0;0;0;0;0;29;75;28;68;3;5;0;0;0;0;0;2;96;6;104;0;0;0;0;0;0;0;0;0;8;0;0;0;0;0;0;8;0;0;0;0;0;0;0;0;3;0;0;0;0;0;0;3;0;0;0;0;0;0;0;0
2021;Sul;4;Rio Grande do Sul;RS;43;Porto Alegre;4314902;Metropolitana de Porto Alegre;4305;Porto Alegre;43026;431490205;43313051;SENAC SAUDE;4;1;1;0;ASSIS BRASIL;1481;;PASSO DA AREIA;91010005;51;33410444;1;1;18JAN2021:00:00:00;17DEC2021:00:00:00;0;0;0;0;0;0;0;0;0;0;0;1;0;3,42271E+12;3,42271E+12;1;2;0;0;1;1;0;0;0;0;0;0;0;0;0;0;0;0;1;1;0;0;0;0;1;0;0;0;0;0;1;0;0;0;0;1;0;0;0;0;0;0;0;1;0;0;0;1;1;1;0;0;1;0;1;0;0;0;1;1;0;0;0;0;0;1;0;1;0;0;0;0;0;1;0;0;0;0;1;0;1;0;1;0;0;0;0;0;0;1;0;1;0;1;0;0;0;0;0;32;0;32;27;27;1;1;1;1;1;1;0;1;3;1;3;1;5;0;0;1;24;0;0;0;0;0;0;0;0;0;0;0;0;0;1;52;1;38;0;0;0;0;1;1;1;1;0;1;0;3;1;0;1;27;1;3;1;1;1;1;1;2;0;0;0;0;0;0;0;0;0;0;1;1;0;0;0;0;0;0;0;0;0;0;0;0;0;1;0;0;0;0;1;0;0;0;0;0;0;0;0;0;0;0;0;0;0;0;0;0;0;0;0;0;0;0;0;0;1;0;0;0;0;0;0;0;1;0;0;0;1;0;0;0;1;1;0;1;0;0;0;0;0;0;0;1;1;0;0;0;0;0;0;284;0;0;0;0;0;0;0;284;284;0;0;0;0;0;0;215;69;151;97;16;18;0;2;0;0;0;0;2;282;115;169;0;0;0;0;0;0;0;0;11;0;0;0;0;0;0;0;11;11;0;0;0;0;0;0;19;0;0;0;0;0;0;0;19;19;0;0;0;0;0;0
2021;Sul;4;Rio Grande do Sul;RS;43;Rio Grande;4315602;Sudeste Rio-grandense;4307;Litoral Lagunar;43035;431560205;43176615;SENAC RIO GRANDE;4;1;1;0;AVENIDA PRESIDENTE VARGAS;299;;SAO PAULO;96202336;53;32312355;1;18;26FEB2021:00:00:00;20DEC2021:00:00:00;0;0;0;0;0;0;0;0;0;0;0;1;0;3,42271E+12;3,42271E+12;1;2;0;0;1;2;0;0;0;0;0;0;0;0;0;0;0;0;1;1;0;0;0;0;1;0;0;0;1;0;1;0;0;0;0;1;0;0;0;0;0;0;0;1;0;0;0;1;0;0;0;0;1;0;1;0;0;0;1;1;0;0;0;0;0;1;0;1;0;0;0;0;0;0;0;0;0;0;1;0;1;0;1;0;0;0;0;0;0;1;1;1;1;1;0;1;1;0;0;15;0;15;15;15;0;1;1;1;1;1;0;0;0;1;4;1;88888;0;0;1;10;0;0;0;0;0;0;0;0;0;0;0;0;0;1;22;1;40;0;0;0;0;1;1;1;1;0;1;1;3;1;0;1;9;1;3;0;0;0;0;0;0;0;0;0;0;0;0;0;0;1;20;1;1;0;0;0;0;1;1;0;0;0;0;0;0;0;1;0;1;0;0;1;0;0;0;0;0;0;0;0;0;0;0;0;0;0;0;0;0;0;0;0;0;0;0;0;0;1;1;1;0;0;0;0;0;1;0;0;0;1;0;0;0;1;1;0;1;0;0;0;0;0;0;0;1;1;0;0;0;1;1;0;424;0;0;0;0;0;0;0;424;424;0;0;0;2;2;0;354;70;259;131;16;17;0;1;0;0;0;0;4;420;153;271;0;0;0;0;0;0;0;0;13;0;0;0;0;0;0;0;13;13;0;0;0;2;2;0;21;0;0;0;0;0;0;0;21;21;0;0;0;2;2;0
2021;Sul;4;Rio Grande do Sul;RS;43;Santa Cruz do Sul;4316808;Centro Oriental Rio-grandense;4304;Santa Cruz do Sul;43020;431680805;43012043;EEP SENAC SANTA CRUZ DO SUL;4;1;1;0;RUA VENANCIO AIRES;300;PREDIO;CENTRO;96810970;51;37159335;1;6;22FEB2021:00:00:00;17DEC2021:00:00:00;0;0;0;0;0;0;0;0;0;0;0;1;0;3,42271E+12;3,42271E+12;1;2;0;0;1;2;0;0;0;0;0;0;0;0;0;0;0;0;1;1;0;0;0;0;1;0;0;0;0;0;1;0;0;0;0;1;0;0;0;0;0;0;0;1;0;0;0;1;0;1;0;0;1;0;1;0;0;0;1;1;1;0;0;0;0;1;0;0;0;0;0;0;0;0;0;0;0;0;1;0;1;0;1;0;0;0;0;0;0;1;1;0;0;1;0;0;0;0;0;11;0;11;11;11;0;1;0;1;1;1;0;0;0;0;0;1;10;0;0;1;5;0;0;0;0;0;0;0;0;0;0;0;0;0;1;59;0;0;0;0;0;0;1;1;1;1;0;1;1;3;1;0;1;4;1;2;0;0;1;88888;0;0;0;0;0;0;0;0;0;0;1;1;1;1;1;1;0;0;1;1;0;0;0;1;0;0;0;1;0;1;0;1;1;0;0;0;0;0;0;0;0;0;0;0;0;0;0;0;0;0;0;0;0;0;0;0;0;0;1;0;0;0;0;0;0;0;1;0;0;0;1;0;0;1;1;1;0;1;0;0;0;0;0;0;1;1;1;0;0;0;1;1;0;73;0;0;0;0;0;0;27;46;46;0;0;0;3;3;0;26;47;24;45;1;3;0;0;0;0;0;0;32;41;27;46;0;0;0;0;0;0;0;0;11;0;0;0;0;0;0;8;3;3;0;0;0;9;9;0;4;0;0;0;0;0;0;1;3;3;0;0;0;2;2;0
2021;Sul;4;Rio Grande do Sul;RS;43;Santa Maria;4316907;Centro Ocidental Rio-grandense;4303;Santa Maria;43018;431690705;43295096;SENAC SANTA MARIA;4;1;1;0;PROFESSOR BRAGA;60;;CENTRO;97015530;55;32252121;1;8;22MAR2021:00:00:00;16DEC2021:00:00:00;0;0;0;0;0;0;0;0;0;0;0;1;0;3,42271E+12;3,42271E+12;1;2;0;0;1;1;0;0;0;0;0;0;0;0;0;0;0;0;1;1;0;0;0;0;1;0;0;0;0;0;1;0;0;0;0;1;0;0;0;0;0;0;0;1;0;0;0;1;0;1;0;0;1;0;1;0;0;0;1;1;1;0;0;0;0;1;0;1;0;0;0;0;0;0;0;0;0;0;1;0;1;0;1;0;0;0;0;0;0;0;1;0;0;1;0;0;0;0;0;18;0;18;18;0;0;1;0;1;1;0;0;0;0;1;2;1;7;0;0;1;18;0;0;0;0;0;0;0;0;0;0;0;0;0;1;88888;0;0;0;0;0;0;1;0;0;1;0;0;0;2;1;0;1;1;0;0;1;1;0;0;0;0;0;0;0;0;0;0;0;0;1;1;1;1;0;0;0;0;0;0;0;0;0;0;0;0;0;1;0;0;0;0;0;0;0;0;0;0;0;0;1;0;0;0;0;0;0;0;0;0;0;0;0;0;0;0;0;0;1;0;0;0;0;0;0;0;1;1;0;0;1;0;0;0;0;1;0;1;0;0;0;0;0;0;0;1;1;0;0;0;0;0;0;30;0;0;0;0;0;0;0;30;30;0;0;0;0;0;0;10;20;2;24;3;1;0;0;0;0;0;0;1;29;0;30;0;0;0;0;0;0;0;0;5;0;0;0;0;0;0;0;5;5;0;0;0;0;0;0;5;0;0;0;0;0;0;0;5;5;0;0;0;0;0;0
2021;Sul;4;Rio Grande do Sul;RS;43;Sant'Ana do Livramento;4317103;Sudoeste Rio-grandense;4306;Campanha Central;43030;431710305;43012086;EEP SENAC SANTANA DO LIVRAMENTO;4;1;1;0;RUA DUQUE DE CAXIAS;2049;PREDIO;DIVISA;97573481;55;32444253;1;19;01JAN2021:00:00:00;31DEC2021:00:00:00;0;0;0;0;0;0;0;0;0;0;0;1;0;3,42271E+12;3,42271E+12;1;1;0;0;1;2;0;0;0;0;0;0;0;0;0;0;0;0;1;1;0;0;0;0;1;0;0;0;0;0;1;0;0;0;0;1;0;0;0;0;0;0;0;0;0;0;1;0;1;0;0;0;1;0;1;0;0;0;1;1;1;0;0;0;0;1;0;1;0;0;0;0;0;0;0;0;0;0;1;0;1;0;1;0;0;0;0;0;0;1;1;1;0;1;0;0;0;0;0;21;0;21;21;21;0;1;1;1;1;1;0;0;0;1;2;1;12;0;0;1;9;0;0;0;0;0;0;0;0;0;0;0;0;0;1;60;0;0;0;0;0;0;1;1;1;1;1;1;1;3;0;0;1;8;1;2;1;1;1;88888;0;0;0;0;0;0;0;0;0;0;1;4;1;1;0;0;1;1;1;1;0;0;0;1;0;0;0;1;0;0;0;0;1;0;0;0;0;0;0;0;0;0;0;0;0;0;0;0;0;0;0;0;0;0;0;0;0;0;1;1;0;0;0;0;0;0;1;1;0;0;1;0;0;0;0;1;0;1;0;0;0;0;0;0;0;1;1;0;0;0;0;0;0;71;0;0;0;0;0;0;0;71;71;0;0;0;0;0;0;60;11;35;31;2;3;0;0;0;0;0;0;2;69;0;71;0;0;0;0;0;0;0;0;5;0;0;0;0;0;0;0;5;5;0;0;0;0;0;0;3;0;0;0;0;0;0;0;3;3;0;0;0;0;0;0
2021;Sul;4;Rio Grande do Sul;RS;43;Santa Rosa;4317202;Noroeste Rio-grandense;4301;Santa Rosa;43001;431720205;43007902;ESC EDUC PROF SENAC SANTA ROSA;4;1;1;0;RUA SANTA ROSA;1827;;CENTRO;98780060;55;35122522;1;17;15MAR2021:00:00:00;22DEC2021:00:00:00;0;0;0;0;0;0;0;0;0;0;0;1;0;3,42271E+12;3,42271E+12;1;1;0;0;1;2;0;0;0;0;0;0;0;0;0;0;0;0;1;1;0;0;0;0;1;0;0;0;0;0;1;0;0;0;0;1;0;0;0;0;0;0;0;1;0;0;0;1;0;0;0;0;1;0;1;0;0;0;1;1;1;0;0;0;0;1;0;0;0;0;0;0;0;0;0;0;0;0;1;0;1;0;1;0;0;0;0;0;0;0;1;0;0;1;0;0;0;0;0;10;0;10;10;10;0;1;1;1;1;1;0;1;1;1;1;1;9;0;0;1;3;0;0;0;0;0;0;0;0;0;0;0;0;0;1;35;0;0;0;0;0;0;1;1;1;1;0;1;0;1;1;0;1;88888;1;1;1;1;0;0;0;0;0;0;0;0;0;0;0;0;1;1;1;1;0;0;0;0;0;0;0;0;0;0;0;0;0;1;0;1;0;0;0;0;0;0;0;0;0;0;0;0;0;0;0;0;0;0;0;0;0;0;0;0;0;0;0;0;1;0;0;0;0;0;0;0;1;1;0;0;1;0;0;0;0;1;0;1;0;0;0;0;0;0;0;1;1;0;0;0;1;1;0;39;0;0;0;0;0;0;0;39;39;0;0;0;1;1;0;14;25;6;31;0;2;0;0;0;0;0;0;14;25;0;39;0;0;0;0;0;0;0;0;3;0;0;0;0;0;0;0;3;3;0;0;0;1;1;0;8;0;0;0;0;0;0;0;8;8;0;0;0;1;1;0
2021;Sul;4;Rio Grande do Sul;RS;43;Santo Ângelo;4317509;Noroeste Rio-grandense;4301;Santo Ângelo;43007;431750905;43012051;EEP SENAC SANTO ANGELO;4;1;1;0;RUA JOAO MELLER;179;PREDIO;CENTRO;98804562;55;33133111;1;14;04JAN2021:00:00:00;23DEC2021:00:00:00;0;0;0;0;0;0;0;0;0;0;0;1;0;3,42271E+12;3,42271E+12;1;3;0;0;1;1;0;0;0;0;0;0;0;0;0;0;0;0;1;1;0;0;0;0;1;0;0;0;0;0;1;0;0;0;0;1;0;0;0;0;0;0;0;1;0;0;0;1;0;0;0;0;1;0;1;0;0;0;1;1;1;0;0;0;1;1;0;0;0;0;0;0;0;0;0;0;0;1;1;0;1;0;1;0;0;0;0;0;0;1;1;0;1;1;0;0;0;0;0;12;0;12;12;5;0;1;1;1;1;0;0;1;1;1;2;1;7;0;0;1;2;0;0;0;0;0;0;0;0;0;0;0;0;0;1;16;1;3;0;0;0;0;1;1;1;1;0;1;1;3;1;0;1;1;1;2;0;0;0;0;0;0;0;0;0;0;0;0;0;0;1;1;1;1;1;1;0;0;0;0;0;0;0;1;0;0;0;1;0;0;0;1;1;0;0;0;0;0;0;0;0;0;0;0;0;0;0;0;0;0;0;0;0;0;0;0;0;0;1;1;1;0;0;0;0;0;1;1;0;0;1;0;0;0;0;1;0;1;0;0;0;0;0;0;0;1;1;0;0;0;0;0;0;136;0;0;0;0;0;0;0;136;136;0;0;0;0;0;0;114;22;42;86;0;8;0;0;0;0;0;0;2;134;0;136;0;0;0;0;0;0;0;0;11;0;0;0;0;0;0;0;11;11;0;0;0;0;0;0;4;0;0;0;0;0;0;0;4;4;0;0;0;0;0;0
2021;Sul;4;Rio Grande do Sul;RS;43;São Borja;4318002;Sudoeste Rio-grandense;4306;Campanha Ocidental;43029;431800205;43012124;EEP SENAC SAO BORJA;4;1;1;0;RUA GENERAL CANABARRO;310;PREDIO;CENTRO;97670000;55;34312574;1;35;12APR2021:00:00:00;17DEC2021:00:00:00;0;0;0;0;0;0;0;0;0;0;0;1;0;3,42271E+12;3,42271E+12;1;2;0;0;1;1;0;0;0;0;0;0;0;0;0;0;0;0;1;1;0;0;0;0;1;0;0;0;0;0;1;0;0;0;0;1;0;0;0;0;0;0;0;1;0;1;0;1;0;0;0;0;1;0;1;0;0;0;1;1;1;0;0;0;0;1;0;1;0;0;0;0;0;0;0;0;0;0;1;1;1;0;1;0;0;0;0;0;0;1;1;1;1;1;0;1;1;0;0;16;0;16;16;16;0;1;1;1;1;0;0;0;0;1;16;1;16;0;0;1;16;0;0;0;0;0;0;0;0;0;0;0;0;0;1;40;1;40;1;40;0;0;1;1;1;0;0;1;1;2;1;0;1;6;1;2;1;1;1;1;0;0;0;0;0;0;0;0;0;0;1;9;1;1;0;0;0;0;1;1;0;0;0;0;0;0;0;1;0;1;0;0;1;0;0;0;0;0;0;0;0;0;0;0;0;0;0;0;0;0;0;0;0;0;0;0;0;0;1;1;1;0;0;0;0;0;1;9;0;0;1;0;0;0;0;1;0;1;0;0;0;0;0;0;0;1;1;0;0;0;1;1;0;129;0;0;0;0;0;0;0;129;129;0;0;0;2;2;0;92;37;54;64;2;9;0;0;0;0;0;0;5;124;0;129;0;0;0;0;0;0;0;0;20;0;0;0;0;0;0;0;20;20;0;0;0;5;5;0;8;0;0;0;0;0;0;0;8;8;0;0;0;2;2;0
2021;Sul;4;Rio Grande do Sul;RS;43;São Leopoldo;4318705;Metropolitana de Porto Alegre;4305;Porto Alegre;43026;431870505;43011993;EEP SENAC SAO LEOPOLDO;4;1;1;0;RUA LINDOLFO COLLOR;835;;CENTRO;93010080;51;35903060;1;2;27JAN2021:00:00:00;23DEC2021:00:00:00;0;0;0;0;0;0;0;0;0;0;0;1;0;3,42271E+12;3,42271E+12;1;2;0;0;1;2;0;0;0;0;0;0;0;0;1;1;0;0;1;1;0;0;0;0;1;0;0;0;0;0;1;0;0;0;0;1;0;0;0;0;0;0;0;1;0;1;0;1;0;0;0;0;1;0;1;0;0;0;1;1;1;1;0;0;0;1;0;1;0;0;0;0;0;0;0;0;0;0;1;1;1;0;1;0;0;0;0;0;0;0;1;0;0;1;0;0;1;0;0;17;0;17;17;17;0;1;1;1;1;1;0;0;0;1;5;1;9;1;1;1;8;0;0;0;0;0;0;0;0;0;0;0;0;0;1;38;1;3;1;5;0;0;1;1;1;1;1;1;1;3;1;0;1;11;1;4;1;1;0;0;0;0;0;0;0;0;0;0;0;0;1;2;1;1;1;1;0;0;0;0;0;0;0;1;0;0;0;1;0;1;0;0;1;0;1;0;0;0;0;0;0;0;0;0;0;0;0;0;0;0;0;0;0;0;0;0;0;0;1;1;1;0;0;0;0;0;1;1;0;0;1;0;0;1;1;1;0;1;0;0;0;0;0;0;1;1;1;0;0;0;1;1;0;352;0;0;0;0;0;0;78;274;274;0;0;0;1;1;0;234;118;126;208;11;6;1;0;0;0;0;0;89;263;139;213;0;0;0;0;0;0;0;0;27;0;0;0;0;0;0;10;17;17;0;0;0;1;1;0;26;0;0;0;0;0;0;2;24;24;0;0;0;1;1;0
2021;Sul;4;Rio Grande do Sul;RS;43;São Luiz Gonzaga;4318903;Noroeste Rio-grandense;4301;Santo Ângelo;43007;431890305;43012108;EEP SENAC SAO LUIZ GONZAGA;4;1;1;0;RUA TREZE DE MAIO;1297;PREDIO;CENTRO;97800000;55;33527398;1;32;04JAN2021:00:00:00;30DEC2021:00:00:00;0;0;0;0;0;0;0;0;0;0;0;1;0;3,42271E+12;3,42271E+12;1;3;0;0;1;2;0;0;0;0;0;0;0;0;0;0;0;0;1;1;0;0;0;0;1;0;0;0;0;0;1;0;0;0;0;1;0;0;0;0;0;0;0;1;1;1;0;1;0;0;0;0;1;0;1;0;0;0;0;0;1;1;0;0;0;1;0;0;0;0;0;0;0;0;0;0;0;1;1;0;1;0;1;0;0;0;0;0;0;1;0;1;0;1;0;0;0;0;0;6;0;6;6;6;0;1;0;1;1;0;0;0;0;0;0;1;7;0;0;0;0;0;0;0;0;0;0;0;0;0;0;0;0;0;1;12;0;0;0;0;0;0;1;1;1;0;0;1;0;3;1;0;1;2;1;1;0;0;0;0;0;0;0;0;0;0;0;0;0;0;0;0;0;0;0;0;0;0;0;0;0;0;0;1;0;0;0;1;0;0;0;0;0;0;1;0;0;0;0;0;0;0;0;0;0;0;0;0;0;0;0;0;0;0;0;0;0;0;1;1;1;0;0;0;0;0;1;1;0;0;1;0;0;0;0;1;0;1;0;0;0;0;0;0;0;1;1;0;0;0;1;1;0;14;0;0;0;0;0;0;0;14;14;0;0;0;2;2;0;0;14;6;8;0;0;0;0;0;0;0;0;1;13;0;14;0;0;0;0;0;0;0;0;1;0;0;0;0;0;0;0;1;1;0;0;0;1;1;0;1;0;0;0;0;0;0;0;1;1;0;0;0;1;1;0
2021;Sul;4;Rio Grande do Sul;RS;43;Taquara;4321204;Metropolitana de Porto Alegre;4305;Gramado-Canela;43024;432120405;43008003;ESC EDUC PROF SENAC TAQUARA;4;0;1;0;RUA GENERAL FROTA;2661;PREDIO;CENTRO;95600972;51;35415370;2;2;0;0;0;0;0;0;0;0;0;0;0;0;0;0;0;;;0;0;0;0;0;0;0;0;0;0;0;0;0;0;0;0;0;0;0;0;0;0;0;0;0;0;0;0;0;0;0;0;0;0;0;0;0;0;0;0;0;0;0;0;0;0;0;0;0;0;0;0;0;0;0;0;0;0;0;0;0;0;0;0;0;0;0;0;0;0;0;0;0;0;0;0;0;0;0;0;0;0;0;0;0;0;0;0;0;0;0;0;0;0;0;0;0;0;0;0;0;0;0;0;0;0;0;0;0;0;0;0;0;0;0;0;0;0;0;0;0;0;0;0;0;0;0;0;0;0;0;0;0;0;0;0;0;0;0;0;0;0;0;0;0;0;0;0;0;0;0;0;0;0;0;0;0;0;0;0;0;0;0;0;0;0;0;0;0;0;0;0;0;0;0;0;0;0;0;0;0;0;0;0;0;0;0;0;0;0;0;0;0;0;0;0;0;0;0;0;0;0;0;0;0;0;0;0;0;0;0;0;0;0;0;0;0;0;0;0;0;0;0;0;0;0;0;0;0;0;0;0;0;0;0;0;0;0;0;0;0;0;0;0;0;0;0;0;0;0;0;0;0;0;0;0;0;0;0;0;0;0;0;0;0;0;0;0;0;0;0;0;0;0;0;0;0;0;0;0;0;0;0;0;0;0;0;0;0;0;0;0;0;0;0;0;0;0;0;0;0;0;0;0;0;0;0;0;0;0;0;0;0;0;0;0;0;0;0;0;0;0;0;0;0
2021;Sul;4;Rio Grande do Sul;RS;43;Torres;4321501;Metropolitana de Porto Alegre;4305;Osório;43027;432150105;43008194;ESC EDUC PROF SENAC TORRES;4;0;1;0;RUA JULIO DE CASTILHOS;423;LOJA 08;CENTRO;95560000;51;36264908;2;11;0;0;0;0;0;0;0;0;0;0;0;0;0;0;0;;;0;0;0;0;0;0;0;0;0;0;0;0;0;0;0;0;0;0;0;0;0;0;0;0;0;0;0;0;0;0;0;0;0;0;0;0;0;0;0;0;0;0;0;0;0;0;0;0;0;0;0;0;0;0;0;0;0;0;0;0;0;0;0;0;0;0;0;0;0;0;0;0;0;0;0;0;0;0;0;0;0;0;0;0;0;0;0;0;0;0;0;0;0;0;0;0;0;0;0;0;0;0;0;0;0;0;0;0;0;0;0;0;0;0;0;0;0;0;0;0;0;0;0;0;0;0;0;0;0;0;0;0;0;0;0;0;0;0;0;0;0;0;0;0;0;0;0;0;0;0;0;0;0;0;0;0;0;0;0;0;0;0;0;0;0;0;0;0;0;0;0;0;0;0;0;0;0;0;0;0;0;0;0;0;0;0;0;0;0;0;0;0;0;0;0;0;0;0;0;0;0;0;0;0;0;0;0;0;0;0;0;0;0;0;0;0;0;0;0;0;0;0;0;0;0;0;0;0;0;0;0;0;0;0;0;0;0;0;0;0;0;0;0;0;0;0;0;0;0;0;0;0;0;0;0;0;0;0;0;0;0;0;0;0;0;0;0;0;0;0;0;0;0;0;0;0;0;0;0;0;0;0;0;0;0;0;0;0;0;0;0;0;0;0;0;0;0;0;0;0;0;0;0;0;0;0;0;0;0;0;0;0;0;0;0;0;0;0;0;0;0;0;0;0;0
2021;Sul;4;Rio Grande do Sul;RS;43;Tramandaí;4321600;Metropolitana de Porto Alegre;4305;Osório;43027;432160005;43008968;ESC EDUC PROF SENAC - TRAMANDAI;4;1;1;0;AVENIDA RUBEM BERTA;1700;;CENTRO;95590000;51;36615674;1;11;08MAR2021:00:00:00;28DEC2021:00:00:00;0;0;0;0;0;0;0;0;0;0;0;1;0;3,42271E+12;3,42271E+12;1;1;0;0;1;2;0;0;0;0;0;0;0;0;0;0;0;0;1;1;0;0;0;0;1;0;0;0;0;0;1;0;0;0;0;1;0;0;0;0;0;0;0;1;0;0;0;1;0;0;0;0;1;0;1;0;0;0;1;1;1;1;0;0;0;1;0;0;0;0;0;0;0;0;0;0;0;0;1;0;1;0;1;0;0;0;0;0;0;0;1;1;0;0;1;0;1;0;0;19;0;19;19;19;0;1;1;1;1;1;0;0;0;0;0;1;18;0;0;1;2;0;0;0;0;0;0;0;0;0;0;0;0;0;1;20;0;0;0;0;0;0;1;1;1;1;0;1;1;3;1;0;1;1;1;2;0;0;0;0;0;0;0;0;0;0;0;0;0;0;0;0;1;1;0;0;0;0;0;0;0;0;0;0;0;0;0;1;0;1;0;0;0;0;0;0;0;0;0;0;0;0;0;0;0;0;0;0;0;0;0;0;0;0;0;0;0;0;1;1;1;0;0;0;0;0;1;1;0;0;1;0;0;0;0;1;0;1;0;0;0;0;0;0;0;1;1;0;0;0;0;0;0;19;0;0;0;0;0;0;0;19;19;0;0;0;0;0;0;1;18;8;11;0;0;0;0;0;0;0;0;2;17;0;19;0;0;0;0;0;0;0;0;1;0;0;0;0;0;0;0;1;1;0;0;0;0;0;0;1;0;0;0;0;0;0;0;1;1;0;0;0;0;0;0
2021;Sul;4;Rio Grande do Sul;RS;43;Três Passos;4321907;Noroeste Rio-grandense;4301;Três Passos;43002;432190705;43012094;EEP SENAC TRES PASSOS;4;0;1;0;RUA DOM JOAO BECKER;310;TERREO;CENTRO;98600000;55;35229202;2;21;0;0;0;0;0;0;0;0;0;0;0;0;0;0;0;;;0;0;0;0;0;0;0;0;0;0;0;0;0;0;0;0;0;0;0;0;0;0;0;0;0;0;0;0;0;0;0;0;0;0;0;0;0;0;0;0;0;0;0;0;0;0;0;0;0;0;0;0;0;0;0;0;0;0;0;0;0;0;0;0;0;0;0;0;0;0;0;0;0;0;0;0;0;0;0;0;0;0;0;0;0;0;0;0;0;0;0;0;0;0;0;0;0;0;0;0;0;0;0;0;0;0;0;0;0;0;0;0;0;0;0;0;0;0;0;0;0;0;0;0;0;0;0;0;0;0;0;0;0;0;0;0;0;0;0;0;0;0;0;0;0;0;0;0;0;0;0;0;0;0;0;0;0;0;0;0;0;0;0;0;0;0;0;0;0;0;0;0;0;0;0;0;0;0;0;0;0;0;0;0;0;0;0;0;0;0;0;0;0;0;0;0;0;0;0;0;0;0;0;0;0;0;0;0;0;0;0;0;0;0;0;0;0;0;0;0;0;0;0;0;0;0;0;0;0;0;0;0;0;0;0;0;0;0;0;0;0;0;0;0;0;0;0;0;0;0;0;0;0;0;0;0;0;0;0;0;0;0;0;0;0;0;0;0;0;0;0;0;0;0;0;0;0;0;0;0;0;0;0;0;0;0;0;0;0;0;0;0;0;0;0;0;0;0;0;0;0;0;0;0;0;0;0;0;0;0;0;0;0;0;0;0;0;0;0;0;0;0;0;0;0
2021;Sul;4;Rio Grande do Sul;RS;43;Uruguaiana;4322400;Sudoeste Rio-grandense;4306;Campanha Ocidental;43029;432240005;43205828;ESCOLA DE EDUCACAO PROFISSIONAL SENAC URUGUAIANA;4;1;1;0;TRAVESSA DOUTOR CESAR CUNHA;2998;PREDIO;CENTRO;97501682;55;34123838;1;10;18JAN2021:00:00:00;17DEC2021:00:00:00;0;0;0;0;0;0;0;0;0;0;0;1;0;3,42271E+12;3,42271E+12;1;3;0;0;1;1;0;0;0;0;0;0;0;0;0;1;0;0;1;1;0;0;0;0;1;0;0;0;0;0;1;0;0;0;0;1;0;0;0;0;0;0;0;1;1;0;0;1;0;1;0;0;1;0;1;1;0;0;1;1;1;1;0;0;0;1;1;1;0;0;0;0;0;0;0;0;0;0;1;0;1;0;1;0;0;0;0;0;0;1;0;0;1;1;1;0;1;0;0;16;0;16;16;6;0;1;1;1;1;0;0;1;2;1;2;1;3;0;0;1;16;0;0;0;0;0;0;0;0;0;0;0;0;0;1;36;0;0;0;0;0;0;1;1;1;1;0;1;1;3;1;0;1;4;1;2;1;1;1;2;1;3;0;0;0;0;0;0;0;0;1;1;1;1;1;1;0;0;1;1;0;0;0;0;1;0;0;0;0;1;0;1;1;0;0;0;0;0;0;0;0;0;0;0;0;0;0;0;0;0;0;0;0;0;0;0;0;0;1;1;1;0;0;0;0;0;1;1;0;0;1;0;0;0;0;1;0;1;0;0;0;0;0;0;0;1;1;0;0;0;1;1;0;173;0;0;0;0;0;0;0;173;173;0;0;0;3;3;0;136;37;99;63;2;8;0;1;0;0;0;1;6;166;0;173;0;0;0;0;0;0;0;0;6;0;0;0;0;0;0;0;6;6;0;0;0;2;2;0;10;0;0;0;0;0;0;0;10;10;0;0;0;2;2;0
2021;Sul;4;Rio Grande do Sul;RS;43;Viamão;4323002;Metropolitana de Porto Alegre;4305;Porto Alegre;43026;432300205;43030041;EEP SENAC VIAMAO;4;1;1;0;RUA REVERENDO AMERICO VESPUCIO CABRAL;154;PREDIO;CENTRO;94410300;51;34340391;1;28;01MAR2021:00:00:00;20DEC2021:00:00:00;0;0;0;0;0;0;0;0;0;0;0;1;0;3,42271E+12;3,42271E+12;1;3;0;0;1;2;0;0;0;0;0;0;0;0;1;0;0;0;1;1;0;0;0;0;1;0;0;0;0;0;1;0;0;0;0;1;0;0;0;0;0;0;0;1;0;1;0;1;0;0;0;0;1;0;1;0;0;0;1;1;0;1;0;0;0;1;1;1;0;0;0;0;0;1;0;0;0;0;1;0;1;0;1;0;0;0;0;0;0;1;1;0;1;1;1;0;1;0;0;14;1;15;14;12;0;1;1;1;1;1;0;1;1;1;12;1;7;0;0;1;7;0;0;0;0;0;0;0;0;0;0;0;0;0;1;88888;1;2;0;0;0;0;1;1;1;1;1;1;1;3;1;0;1;3;1;1;1;1;0;0;0;0;0;0;0;0;0;0;0;0;1;1;1;1;1;1;0;0;1;1;0;0;0;0;0;0;0;1;0;1;0;0;1;0;1;0;0;0;0;0;0;0;0;0;0;0;0;0;0;0;0;0;0;0;0;0;0;0;1;0;0;0;0;0;0;0;1;1;0;0;1;0;0;0;0;1;0;1;0;0;0;0;0;0;0;1;1;0;0;0;0;0;0;8;0;0;0;0;0;0;0;8;8;0;0;0;0;0;0;6;2;1;5;2;0;0;0;0;0;0;0;0;8;0;8;0;0;0;0;0;0;0;0;2;0;0;0;0;0;0;0;2;2;0;0;0;0;0;0;1;0;0;0;0;0;0;0;1;1;0;0;0;0;0;0
2021;Centro-Oeste;5;Mato Grosso do Sul;MS;50;Campo Grande;5002704;Centro Norte de Mato Grosso do Sul;5002;Campo Grande;50004;500270405;50028537;CENTRO DE EDUCACAO PROFISSIONAL - SENAC CAMPO GRANDE;4;0;1;0;RUA FRANCISCO CANDIDO XAVIER;75;;AMAMBAI;79002052;67;33126256;2;;0;0;0;0;0;0;0;0;0;0;0;0;0;0;0;;;0;0;0;0;0;0;0;0;0;0;0;0;0;0;0;0;0;0;0;0;0;0;0;0;0;0;0;0;0;0;0;0;0;0;0;0;0;0;0;0;0;0;0;0;0;0;0;0;0;0;0;0;0;0;0;0;0;0;0;0;0;0;0;0;0;0;0;0;0;0;0;0;0;0;0;0;0;0;0;0;0;0;0;0;0;0;0;0;0;0;0;0;0;0;0;0;0;0;0;0;0;0;0;0;0;0;0;0;0;0;0;0;0;0;0;0;0;0;0;0;0;0;0;0;0;0;0;0;0;0;0;0;0;0;0;0;0;0;0;0;0;0;0;0;0;0;0;0;0;0;0;0;0;0;0;0;0;0;0;0;0;0;0;0;0;0;0;0;0;0;0;0;0;0;0;0;0;0;0;0;0;0;0;0;0;0;0;0;0;0;0;0;0;0;0;0;0;0;0;0;0;0;0;0;0;0;0;0;0;0;0;0;0;0;0;0;0;0;0;0;0;0;0;0;0;0;0;0;0;0;0;0;0;0;0;0;0;0;0;0;0;0;0;0;0;0;0;0;0;0;0;0;0;0;0;0;0;0;0;0;0;0;0;0;0;0;0;0;0;0;0;0;0;0;0;0;0;0;0;0;0;0;0;0;0;0;0;0;0;0;0;0;0;0;0;0;0;0;0;0;0;0;0;0;0;0;0;0;0;0;0;0;0;0;0;0;0;0;0;0;0;0;0;0;0
2021;Centro-Oeste;5;Mato Grosso do Sul;MS;50;Campo Grande;5002704;Centro Norte de Mato Grosso do Sul;5002;Campo Grande;50004;500270405;50034383;CENTRO DE EDUCACAO PROFISSIONAL-SENAC TURISMO E GASTRONOMIA;4;1;1;0;RUA ANTONIO MARIA COELHO;3368;;JARDIM DOS ESTADOS;79002221;67;33126260;1;;08JAN2021:00:00:00;17DEC2021:00:00:00;0;0;0;0;0;0;0;0;0;0;0;1;0;3,64484E+12;1E+14;1;1;0;0;1;1;0;0;0;0;0;0;0;0;0;0;0;0;1;1;0;0;0;0;1;0;0;0;0;0;1;0;0;0;0;1;0;0;0;0;0;0;0;1;1;1;0;1;1;1;0;0;1;0;1;1;1;0;1;1;1;1;0;0;0;1;1;1;0;0;0;0;0;1;0;0;0;0;1;1;1;1;0;1;0;0;0;0;0;1;1;1;1;1;0;1;1;0;0;10;0;10;0;0;0;1;0;0;1;0;0;0;0;0;0;1;10;1;3;0;0;0;0;0;0;0;0;0;0;0;0;0;0;0;1;28;0;0;0;0;0;0;1;1;1;1;0;1;0;3;1;0;1;88888;0;0;0;0;0;0;0;0;0;0;0;0;0;0;0;0;1;3;0;0;0;0;0;0;1;1;0;0;0;0;0;0;1;0;0;1;0;0;1;0;0;0;0;0;0;0;0;0;0;0;0;0;0;0;0;0;0;0;0;0;0;0;0;0;1;0;0;0;0;0;0;0;1;0;0;0;1;0;0;0;1;1;0;1;0;0;0;0;0;0;0;1;1;0;0;0;0;0;0;23;0;0;0;0;0;0;0;23;23;0;0;0;0;0;0;8;15;9;7;0;7;0;0;0;0;0;0;0;23;14;9;0;0;0;0;0;0;0;0;2;0;0;0;0;0;0;0;2;2;0;0;0;0;0;0;2;0;0;0;0;0;0;0;2;2;0;0;0;0;0;0
2021;Centro-Oeste;5;Mato Grosso do Sul;MS;50;Corumbá;5003207;Pantanais Sul Mato-grossense;5001;Baixo Pantanal;50001;500320705;50055801;CENTRO DE EDUCACAO PROFISSIONAL - SENAC CORUMBA;4;1;1;0;RUA CUIABA;1042;;CENTRO;79300060;67;32342002;1;;07JAN2021:00:00:00;17DEC2021:00:00:00;0;0;0;0;0;0;0;0;0;0;0;1;0;3,64484E+12;3,64484E+12;1;1;0;0;1;2;0;0;0;0;0;0;0;0;0;0;0;0;1;1;0;0;0;0;1;0;0;0;0;0;1;0;0;0;0;1;0;0;0;0;0;0;0;1;0;0;0;1;1;0;0;0;1;0;1;0;0;0;1;1;1;1;0;0;1;1;0;1;0;0;0;0;0;0;0;0;0;0;1;0;1;0;1;0;0;0;0;0;0;0;0;0;1;0;1;0;1;0;0;8;0;8;8;8;0;1;1;1;1;0;0;0;0;1;8;1;1;1;2;1;8;0;0;0;0;0;0;0;0;0;0;0;0;0;1;60;0;0;0;0;0;0;1;1;1;1;0;1;1;3;1;0;1;4;1;3;1;1;1;88888;1;1;0;0;0;0;0;0;0;0;1;1;0;0;0;0;0;0;0;0;0;0;0;0;0;0;1;0;0;1;0;1;1;0;1;0;0;0;0;1;0;0;0;0;0;0;0;0;0;0;0;0;0;0;0;0;0;0;1;9;9;0;0;0;0;0;1;0;0;0;1;0;0;0;1;1;0;1;0;0;0;0;0;0;0;1;1;0;0;0;0;0;0;129;0;0;0;0;0;0;0;129;129;0;0;0;0;0;0;100;29;54;18;3;54;0;0;0;0;0;0;2;127;59;70;0;0;0;0;0;0;0;0;8;0;0;0;0;0;0;0;8;8;0;0;0;0;0;0;9;0;0;0;0;0;0;0;9;9;0;0;0;0;0;0
2021;Centro-Oeste;5;Mato Grosso do Sul;MS;50;Dourados;5003702;Sudoeste de Mato Grosso do Sul;5004;Dourados;50010;500370205;50028561;CENTRO DE EDUCACAO PROFISSIONAL - SENAC DOURADOS;4;1;1;0;RUA DR MARIO MACHADO LEMOS;240;;JARDIM LONDRINA;79814150;67;34112400;1;;05JAN2021:00:00:00;17DEC2021:00:00:00;0;0;0;0;0;0;0;0;0;0;0;1;0;3,64484E+12;3,64484E+12;0;0;0;0;1;1;0;0;0;0;0;0;0;0;0;0;0;0;1;1;0;0;0;0;1;0;0;0;0;0;1;0;0;0;0;1;0;0;0;0;0;0;0;1;0;0;0;1;0;1;0;0;1;0;1;1;1;0;1;1;0;0;0;0;0;1;0;0;0;0;0;0;0;0;0;0;0;0;1;0;1;0;0;0;0;0;0;0;0;1;0;0;1;1;0;0;0;0;0;12;0;12;11;11;1;1;1;1;1;1;0;0;0;1;11;1;5;0;0;1;12;0;0;0;0;0;0;0;0;0;0;0;0;0;1;88888;0;0;0;0;0;0;1;1;1;1;0;1;1;3;1;0;1;4;1;3;0;0;0;0;0;0;0;0;0;0;0;0;0;0;1;2;0;0;0;0;0;0;1;1;0;0;0;0;0;0;0;1;0;1;0;0;1;0;0;0;0;0;0;0;0;0;0;0;0;0;0;0;0;0;0;0;0;0;0;0;0;0;1;9;9;0;0;0;0;0;1;0;0;0;1;0;0;0;0;1;0;1;0;0;0;0;0;0;0;1;1;0;0;0;0;0;0;35;0;0;0;0;0;0;0;35;35;0;0;0;0;0;0;34;1;8;17;1;9;0;0;0;0;0;0;0;35;0;35;0;0;0;0;0;0;0;0;2;0;0;0;0;0;0;0;2;2;0;0;0;0;0;0;2;0;0;0;0;0;0;0;2;2;0;0;0;0;0;0
2021;Centro-Oeste;5;Mato Grosso do Sul;MS;50;Naviraí;5005707;Sudoeste de Mato Grosso do Sul;5004;Iguatemi;50011;500570705;50032500;CENTRO DE EDUCACAO PROFISSIONAL - SENAC NAVIRAI;4;0;1;0;RUA WEIMAR GONCALVES TORRES;862;;CENTRO;79950000;67;34090400;2;;0;0;0;0;0;0;0;0;0;0;0;0;0;0;0;;;0;0;0;0;0;0;0;0;0;0;0;0;0;0;0;0;0;0;0;0;0;0;0;0;0;0;0;0;0;0;0;0;0;0;0;0;0;0;0;0;0;0;0;0;0;0;0;0;0;0;0;0;0;0;0;0;0;0;0;0;0;0;0;0;0;0;0;0;0;0;0;0;0;0;0;0;0;0;0;0;0;0;0;0;0;0;0;0;0;0;0;0;0;0;0;0;0;0;0;0;0;0;0;0;0;0;0;0;0;0;0;0;0;0;0;0;0;0;0;0;0;0;0;0;0;0;0;0;0;0;0;0;0;0;0;0;0;0;0;0;0;0;0;0;0;0;0;0;0;0;0;0;0;0;0;0;0;0;0;0;0;0;0;0;0;0;0;0;0;0;0;0;0;0;0;0;0;0;0;0;0;0;0;0;0;0;0;0;0;0;0;0;0;0;0;0;0;0;0;0;0;0;0;0;0;0;0;0;0;0;0;0;0;0;0;0;0;0;0;0;0;0;0;0;0;0;0;0;0;0;0;0;0;0;0;0;0;0;0;0;0;0;0;0;0;0;0;0;0;0;0;0;0;0;0;0;0;0;0;0;0;0;0;0;0;0;0;0;0;0;0;0;0;0;0;0;0;0;0;0;0;0;0;0;0;0;0;0;0;0;0;0;0;0;0;0;0;0;0;0;0;0;0;0;0;0;0;0;0;0;0;0;0;0;0;0;0;0;0;0;0;0;0;0;0
2021;Centro-Oeste;5;Mato Grosso do Sul;MS;50;Ponta Porã;5006606;Sudoeste de Mato Grosso do Sul;5004;Dourados;50010;500660605;50034316;SENAC PONTA PORA;4;1;1;0;RUA 7 DE SETEMBRO;828;;CENTRO;79904652;67;34314342;1;;05JAN2021:00:00:00;17DEC2021:00:00:00;0;0;0;0;0;0;0;0;0;0;0;1;0;3,64484E+12;1E+14;0;0;0;0;1;2;0;0;0;0;0;0;0;0;1;0;0;0;1;1;0;0;0;0;1;0;0;0;0;0;1;0;0;0;0;1;0;0;0;0;0;0;0;0;0;0;1;1;0;1;0;0;1;0;1;0;1;0;1;1;1;0;0;0;0;1;0;0;0;0;0;0;0;0;0;0;0;0;0;0;0;0;0;0;0;0;0;0;0;0;1;0;0;0;0;0;1;0;0;5;0;5;5;5;0;1;1;1;1;1;0;0;0;1;4;0;0;0;0;1;5;0;0;0;0;0;0;0;0;0;0;0;0;0;1;88888;0;0;0;0;0;0;1;1;1;1;0;1;1;3;1;0;1;1;1;2;0;0;0;0;0;0;0;0;0;0;0;0;0;0;1;1;0;0;0;0;0;0;0;0;0;0;0;0;0;0;0;1;0;1;0;0;1;0;0;0;0;0;0;0;0;0;0;0;0;0;0;0;0;0;0;0;0;0;0;0;0;0;1;9;9;0;0;0;0;0;1;0;0;0;1;0;0;0;0;1;0;1;0;0;0;0;0;0;0;1;1;0;0;0;0;0;0;5;0;0;0;0;0;0;0;5;5;0;0;0;0;0;0;3;2;0;3;0;2;0;0;0;0;0;0;0;5;0;5;0;0;0;0;0;0;0;0;1;0;0;0;0;0;0;0;1;1;0;0;0;0;0;0;1;0;0;0;0;0;0;0;1;1;0;0;0;0;0;0
2021;Centro-Oeste;5;Mato Grosso do Sul;MS;50;Três Lagoas;5008305;Leste de Mato Grosso do Sul;5003;Três Lagoas;50007;500830505;50030280;CENTRO DE EDUCACAO PROFISSIONAL - SENAC TRES LAGOAS;4;1;1;0;AVENIDA ANTONIO DOS SANTOS TRAJANO;216;;CENTRO;79601002;67;35095110;1;;05JAN2021:00:00:00;17DEC2021:00:00:00;0;0;0;0;0;0;0;0;0;0;0;1;0;3,64484E+12;3,64484E+12;1;1;0;0;1;1;0;0;0;0;0;0;0;0;0;0;0;0;1;1;0;0;0;0;1;0;0;0;0;0;1;0;0;0;0;1;0;0;0;0;0;0;0;1;0;1;0;1;0;0;0;0;1;0;1;0;0;0;1;1;1;0;0;0;0;1;0;0;0;0;0;0;0;0;0;0;0;0;1;0;1;0;0;0;0;0;0;0;0;1;1;0;1;1;0;0;1;0;0;8;0;8;8;1;0;1;1;1;1;1;0;0;0;1;8;1;2;0;0;1;8;0;0;0;0;0;0;0;0;0;0;0;0;0;1;47;0;0;0;0;0;0;1;1;1;1;1;1;1;3;1;0;1;3;1;3;0;0;1;88888;0;0;0;0;0;0;0;0;0;0;1;1;0;0;0;0;0;0;1;1;0;0;0;0;0;0;1;0;0;1;0;0;0;0;0;1;0;0;0;1;0;0;0;0;0;0;0;0;0;0;0;0;0;0;0;0;0;0;1;1;1;0;0;0;0;0;1;0;0;0;1;0;0;0;1;1;0;1;0;0;0;0;0;0;0;1;1;0;0;0;0;0;0;98;0;0;0;0;0;0;0;98;98;0;0;0;0;0;0;79;19;41;25;3;29;0;0;0;0;0;0;0;98;27;71;0;0;0;0;0;0;0;0;5;0;0;0;0;0;0;0;5;5;0;0;0;0;0;0;7;0;0;0;0;0;0;0;7;7;0;0;0;0;0;0
2021;Centro-Oeste;5;Goiás;GO;52;Aparecida de Goiânia;5201405;Centro Goiano;5203;Goiânia;52010;520140505;52233367;SENAC - CENTRO DE EDUCACAO PROFISSIONAL EM APARECIDA DE GOIANIA;4;1;1;0;AVENIDA DONA MARIA CARDOSO;;Q.29 LT.06/09 19/22;JARDIM LUZ;74915520;62;35244500;1;4;18JAN2021:00:00:00;17DEC2021:00:00:00;0;0;0;0;0;0;0;0;0;0;1;1;1;3,60848E+12;3,60848E+12;1;2;0;0;1;1;0;0;0;0;0;0;0;0;0;0;0;0;1;1;0;0;0;0;1;0;0;0;0;0;1;0;0;0;0;1;0;0;0;0;0;0;0;1;0;0;0;1;1;1;0;0;1;0;1;1;0;0;0;1;1;1;0;0;0;1;0;0;0;0;0;0;0;0;0;0;0;0;1;1;1;0;1;0;0;0;0;0;0;1;1;0;1;1;0;0;0;0;0;25;0;25;25;25;0;1;1;1;1;0;0;1;1;1;1;1;2;0;0;1;20;0;0;0;0;0;0;0;0;0;0;0;0;0;1;88888;1;1;1;1;0;0;1;1;1;1;0;1;1;3;1;0;1;2;1;6;0;0;1;88888;0;0;0;0;0;0;0;0;0;0;1;4;1;1;1;2;0;0;1;1;0;0;0;1;0;0;0;0;0;1;0;0;1;0;1;1;1;0;0;0;0;0;0;0;0;0;0;0;0;0;0;0;0;0;0;0;0;0;1;1;1;0;0;1;0;0;0;9;0;0;1;0;0;0;0;1;0;1;0;0;0;0;0;0;0;1;1;0;0;0;0;0;0;55;0;0;0;0;0;0;0;55;55;0;0;0;0;0;0;46;9;36;2;1;13;3;0;0;0;0;0;1;54;0;55;0;0;0;0;0;0;0;0;4;0;0;0;0;0;0;0;4;4;0;0;0;0;0;0;2;0;0;0;0;0;0;0;2;2;0;0;0;0;0;0
2021;Centro-Oeste;5;Goiás;GO;52;Caldas Novas;5204508;Sul Goiano;5205;Meia Ponte;52015;520450805;52234363;SENAC - CENTRO DE EDUCACAO PROFISSIONAL VALERIA JAIME PEIXOTO PERILLO;4;1;1;0;AVENIDA TIRADENTES;S/N;LT. SR-08 D;ESTANCIA ITANHANGA;75680350;64;34531241;1;22;04JAN2021:00:00:00;17DEC2021:00:00:00;0;0;0;0;0;0;0;0;0;0;0;1;0;3,60848E+12;3,60848E+12;1;1;0;0;1;1;0;0;0;0;0;0;0;0;0;0;0;0;1;1;0;0;0;0;1;0;0;0;0;0;1;0;0;0;0;1;0;0;0;0;0;0;0;0;0;0;1;0;0;1;0;0;1;0;1;1;0;0;0;1;1;1;0;0;0;1;0;0;0;0;0;0;0;0;0;0;0;0;1;1;1;0;1;0;0;0;0;0;0;1;1;0;1;1;0;0;1;0;0;16;0;16;16;16;0;1;1;1;1;1;0;1;5;1;2;1;3;0;0;1;21;0;0;0;0;0;0;0;0;0;0;0;0;0;1;75;1;24;1;5;0;0;1;1;1;1;0;1;0;3;1;0;1;4;1;2;0;0;1;88888;0;0;0;0;0;0;0;0;0;0;1;3;1;1;1;3;0;0;0;0;0;0;0;0;0;0;0;1;0;0;0;0;0;0;0;0;0;0;0;0;1;0;0;0;0;0;0;0;0;0;0;0;0;0;0;0;0;0;1;0;0;0;0;0;0;0;1;0;0;0;1;0;0;0;1;1;0;1;0;0;0;0;0;0;0;1;1;0;0;0;0;0;0;143;0;0;0;0;0;0;0;143;143;0;0;0;0;0;0;95;48;66;29;3;43;2;0;0;0;0;0;7;136;59;84;0;0;0;0;0;0;0;0;12;0;0;0;0;0;0;0;12;12;0;0;0;0;0;0;5;0;0;0;0;0;0;0;5;5;0;0;0;0;0;0
2021;Centro-Oeste;5;Goiás;GO;52;Catalão;5205109;Sul Goiano;5205;Catalão;52017;520510905;52235351;SENAC - CENTRO DE EDUCACAO PROFISSIONAL CATALAO;4;1;1;0;RUA WAGNER ESTELITA CAMPOS;157;;SETOR CENTRAL;75701290;64;34413657;1;6;18JAN2021:00:00:00;17DEC2021:00:00:00;0;0;0;0;0;0;0;0;0;0;1;1;1;3,60848E+12;3,60848E+12;1;2;0;0;1;1;0;0;0;0;0;0;0;0;0;0;0;0;1;1;0;0;0;0;1;0;0;0;0;0;1;0;0;0;0;1;0;0;0;0;0;0;0;0;0;0;1;1;0;1;0;0;1;0;1;1;0;0;1;1;1;1;0;0;1;1;0;1;0;0;0;0;0;0;0;0;0;0;1;1;1;0;1;0;0;0;0;0;0;1;1;0;1;1;0;0;1;0;0;27;0;27;27;0;1;1;1;1;1;1;0;1;2;1;3;1;2;0;0;1;29;0;0;0;0;0;0;0;0;0;0;0;0;0;1;157;1;2;0;0;0;0;1;1;1;1;0;1;1;3;1;0;1;3;1;7;0;0;0;0;0;0;0;0;0;0;0;0;0;0;1;2;1;1;0;0;0;0;0;0;0;0;0;0;0;0;0;1;0;0;0;1;1;0;0;0;0;0;0;0;0;0;0;0;0;0;0;0;0;0;0;0;0;0;0;0;0;0;1;0;0;0;0;0;0;0;1;0;0;0;1;0;0;0;1;1;0;1;0;0;0;0;0;0;0;1;1;0;0;0;0;0;0;223;0;0;0;0;0;0;0;223;223;0;0;0;0;0;0;201;22;117;57;7;36;6;0;0;0;0;0;2;221;51;172;0;0;0;0;0;0;0;0;9;0;0;0;0;0;0;0;9;9;0;0;0;0;0;0;13;0;0;0;0;0;0;0;13;13;0;0;0;0;0;0
2021;Centro-Oeste;5;Goiás;GO;52;Goiânia;5208707;Centro Goiano;5203;Goiânia;52010;520870705;52091350;SENAC - CENTRO EDUCACAO PROFISSIONAL CORA CORALINA;4;0;1;0;AVENIDA INDEPENDENCIA;1002;;SETOR LESTE VILA NOVA;74645010;62;32402950;2;2;0;0;0;0;0;0;0;0;0;0;0;0;0;0;0;;;0;0;0;0;0;0;0;0;0;0;0;0;0;0;0;0;0;0;0;0;0;0;0;0;0;0;0;0;0;0;0;0;0;0;0;0;0;0;0;0;0;0;0;0;0;0;0;0;0;0;0;0;0;0;0;0;0;0;0;0;0;0;0;0;0;0;0;0;0;0;0;0;0;0;0;0;0;0;0;0;0;0;0;0;0;0;0;0;0;0;0;0;0;0;0;0;0;0;0;0;0;0;0;0;0;0;0;0;0;0;0;0;0;0;0;0;0;0;0;0;0;0;0;0;0;0;0;0;0;0;0;0;0;0;0;0;0;0;0;0;0;0;0;0;0;0;0;0;0;0;0;0;0;0;0;0;0;0;0;0;0;0;0;0;0;0;0;0;0;0;0;0;0;0;0;0;0;0;0;0;0;0;0;0;0;0;0;0;0;0;0;0;0;0;0;0;0;0;0;0;0;0;0;0;0;0;0;0;0;0;0;0;0;0;0;0;0;0;0;0;0;0;0;0;0;0;0;0;0;0;0;0;0;0;0;0;0;0;0;0;0;0;0;0;0;0;0;0;0;0;0;0;0;0;0;0;0;0;0;0;0;0;0;0;0;0;0;0;0;0;0;0;0;0;0;0;0;0;0;0;0;0;0;0;0;0;0;0;0;0;0;0;0;0;0;0;0;0;0;0;0;0;0;0;0;0;0;0;0;0;0;0;0;0;0;0;0;0;0;0;0;0;0;0;0
2021;Centro-Oeste;5;Goiás;GO;52;Goiânia;5208707;Centro Goiano;5203;Goiânia;52010;520870705;52091368;SENAC - CENTRO DE EDUCACAO PROFISSIONAL ELIAS BUFAICAL;4;1;1;0;RUA 31 A;43;;SETOR AEROPORTO;74075470;62;32195160;1;2;11JAN2021:00:00:00;17DEC2021:00:00:00;0;0;0;0;0;0;0;0;0;0;0;1;0;3,60848E+12;3,60848E+12;1;1;0;0;1;1;0;0;0;0;0;0;0;0;0;0;0;0;1;1;0;0;0;0;1;0;0;0;0;0;1;0;0;0;0;1;0;0;0;0;0;0;0;1;0;0;0;0;0;0;0;0;1;0;1;0;0;0;1;1;1;0;0;0;0;1;0;1;0;0;0;0;0;0;0;0;0;0;1;1;1;0;1;0;0;0;0;0;0;1;1;0;0;0;0;0;0;0;0;36;0;36;36;0;1;1;1;1;1;1;0;1;4;1;15;1;4;0;0;1;18;0;0;0;0;0;0;0;0;0;0;0;0;0;1;88888;0;0;0;0;0;0;1;1;1;1;0;1;1;2;1;0;1;4;1;4;0;0;1;2;1;3;0;0;0;0;0;0;0;0;1;2;1;1;1;2;0;0;1;1;0;0;0;0;0;0;0;1;0;1;0;1;1;0;0;0;0;0;0;1;0;0;0;0;0;0;0;0;0;0;0;0;0;0;0;0;0;0;1;1;1;0;0;0;0;0;1;1;0;0;1;0;0;0;1;1;0;1;0;0;0;0;0;0;0;1;1;0;0;0;1;1;0;98;0;0;0;0;0;0;0;98;98;0;0;0;1;1;0;83;15;55;13;2;26;2;0;0;0;0;0;3;95;33;65;0;0;0;0;0;0;0;0;2;0;0;0;0;0;0;0;2;2;0;0;0;1;1;0;3;0;0;0;0;0;0;0;3;3;0;0;0;1;1;0
2021;Centro-Oeste;5;Goiás;GO;52;Iporá;5210208;Centro Goiano;5203;Iporá;52008;521020805;52233359;SENAC - CENTRO DE EDUCACAO PROFISSIONAL EM IPORA;4;1;1;0;AVENIDA 24 DE OUTUBRO;195;;SETOR CENTRAL;76200000;64;36032155;1;13;11JAN2021:00:00:00;17DEC2021:00:00:00;0;0;0;0;0;0;0;0;0;0;0;1;0;3,60848E+12;3,60848E+12;1;2;0;0;1;1;0;0;0;0;0;0;0;0;0;0;0;0;1;1;0;0;0;0;1;0;0;0;0;0;1;0;0;0;0;1;0;0;0;0;0;0;0;0;0;0;1;0;0;0;0;0;1;0;1;1;0;0;0;0;0;0;0;0;1;1;0;0;0;0;0;0;0;0;0;0;0;0;1;0;1;0;1;0;0;0;0;0;0;1;0;0;0;1;0;0;0;0;0;5;0;5;5;5;1;1;0;1;1;0;0;0;0;1;1;1;1;0;0;1;5;0;0;0;0;0;0;0;0;0;0;0;0;0;1;15;0;0;0;0;0;0;1;0;1;1;0;0;0;2;1;0;1;2;1;3;0;0;0;0;0;0;0;0;0;0;0;0;0;0;1;1;1;1;0;0;0;0;1;1;0;0;0;0;0;0;0;1;0;1;0;0;0;0;0;0;0;0;0;0;0;0;0;0;0;0;0;0;0;0;0;0;0;0;0;0;0;0;1;0;0;0;0;1;0;0;0;2;0;0;1;0;0;0;0;1;0;1;0;0;0;0;0;0;0;1;1;0;0;0;0;0;0;28;0;0;0;0;0;0;0;28;28;0;0;0;0;0;0;25;3;6;7;4;10;1;0;0;0;0;0;0;28;0;28;0;0;0;0;0;0;0;0;4;0;0;0;0;0;0;0;4;4;0;0;0;0;0;0;2;0;0;0;0;0;0;0;2;2;0;0;0;0;0;0
2021;Centro-Oeste;5;Goiás;GO;52;Jataí;5211909;Sul Goiano;5205;Sudoeste de Goiás;52013;521190905;52111407;SERVICO NACIONAL DE APRENDIZAGEM COMERCIAL - SENAC;4;1;1;0;RUA ITARUMA;1394;;SETOR OESTE;75804076;64;36313040;1;17;11JAN2021:00:00:00;21DEC2021:00:00:00;0;0;0;0;0;0;0;0;0;0;0;1;1;3,60848E+12;3,60848E+12;1;1;0;0;1;1;0;0;0;0;0;0;0;0;0;0;0;0;1;1;0;0;0;0;1;0;0;0;0;0;1;0;0;0;0;1;0;0;0;0;0;0;0;0;0;0;1;0;1;1;0;0;1;0;1;0;0;0;0;1;1;1;0;0;1;1;0;0;0;0;0;0;0;0;0;0;0;0;1;1;1;0;1;0;0;0;0;0;0;1;1;0;1;0;0;0;0;0;0;16;0;16;16;16;1;1;0;1;1;0;0;0;0;1;1;1;2;0;0;1;15;0;0;0;0;0;0;0;0;0;0;0;0;0;1;30;0;0;0;0;0;0;1;1;1;1;0;1;1;3;1;0;1;3;1;4;0;0;0;0;0;0;0;0;0;0;0;0;0;0;1;2;1;1;0;0;0;0;0;0;0;0;0;0;0;0;0;1;0;1;0;1;0;0;0;0;0;0;0;0;0;0;0;0;0;0;0;0;0;0;0;0;0;0;0;0;0;0;1;0;0;0;0;0;0;0;1;0;0;0;1;0;0;0;1;1;0;1;0;0;0;0;0;0;0;1;1;0;0;0;0;0;0;131;0;0;0;0;0;0;0;131;131;0;0;0;0;0;0;113;18;71;20;3;33;4;0;0;0;0;0;0;131;6;125;0;0;0;0;0;0;0;0;8;0;0;0;0;0;0;0;8;8;0;0;0;0;0;0;10;0;0;0;0;0;0;0;10;10;0;0;0;0;0;0
2021;Centro-Oeste;5;Goiás;GO;52;Mineiros;5213103;Sul Goiano;5205;Sudoeste de Goiás;52013;521310305;52090175;CENTRO DE EDUCACAO PROFISSIONAL DONA NICINHA - SENAC;4;1;1;0;RUA ONZE;;;CENTRO;75830095;64;36615434;1;21;04JAN2021:00:00:00;17DEC2021:00:00:00;0;0;0;0;0;0;0;0;0;0;0;1;0;3,60848E+12;3,60848E+12;1;1;0;0;1;1;0;0;0;0;0;0;0;0;0;0;0;0;1;1;0;0;0;0;1;0;0;0;0;0;1;0;0;0;0;1;0;0;0;0;0;0;0;1;0;0;0;0;0;0;0;0;1;0;1;1;0;0;0;1;1;0;0;0;0;1;0;0;0;0;0;0;0;0;0;0;0;0;1;1;1;0;1;0;0;0;0;0;0;1;1;1;0;1;0;0;0;0;0;13;0;13;13;13;0;1;1;1;1;1;0;1;1;1;1;1;1;0;0;1;12;0;0;0;0;0;0;0;0;0;0;0;0;0;1;30;0;0;0;0;0;0;1;0;1;1;0;0;0;3;1;0;1;2;1;1;0;0;0;0;0;0;0;0;0;0;0;0;0;0;1;1;1;1;1;3;0;0;0;0;0;0;0;0;0;0;0;1;0;0;0;0;1;0;0;0;0;0;0;0;0;0;0;0;0;0;0;0;0;0;0;0;0;0;0;0;0;0;1;0;0;0;0;0;0;0;1;1;0;0;1;0;0;0;1;1;0;1;0;0;0;0;0;0;0;1;1;0;0;0;0;0;0;208;0;0;0;0;0;0;0;208;208;0;0;0;0;0;0;187;21;82;38;12;75;0;1;0;0;0;0;6;202;62;146;0;0;0;0;0;0;0;0;10;0;0;0;0;0;0;0;10;10;0;0;0;0;0;0;12;0;0;0;0;0;0;0;12;12;0;0;0;0;0;0
2021;Centro-Oeste;5;Goiás;GO;52;Porangatu;5218003;Norte Goiano;5202;Porangatu;52004;521800305;52090183;SENAC CENTRO DE EDUCACAO PROFISSIONAL DE PORANGATU;4;1;1;0;AVENIDA BRASILIA ESQUINA COM A RUA F-5;30;;SETOR LESTE;76550000;62;33621823;1;27;18JAN2021:00:00:00;17DEC2021:00:00:00;0;0;0;0;0;0;0;0;0;0;0;1;0;3,60848E+12;3,60848E+12;1;1;0;0;1;1;0;0;0;0;0;0;0;0;0;0;0;0;1;1;0;0;0;0;1;0;0;0;0;0;0;1;0;1;0;1;0;0;0;0;0;0;0;0;0;0;1;1;1;1;0;0;1;0;1;1;0;0;1;1;1;1;0;0;0;1;1;1;0;0;0;0;0;0;0;0;0;0;1;1;1;0;1;0;0;0;0;0;0;1;1;0;1;1;0;0;0;0;0;10;0;10;10;10;0;1;1;1;1;1;0;1;1;0;0;1;1;0;0;1;88888;0;0;0;0;0;0;0;0;0;0;0;0;0;1;30;1;1;0;0;0;0;1;1;1;1;0;1;1;3;1;0;1;1;1;4;0;0;0;0;0;0;0;0;0;0;0;0;0;0;0;0;1;1;0;0;0;0;0;0;0;0;0;0;0;0;0;1;0;0;0;1;1;0;0;0;0;0;0;0;0;0;0;0;0;0;0;0;0;0;0;0;0;0;0;0;0;0;1;0;0;0;0;1;0;0;0;1;0;0;1;0;0;0;0;1;0;1;0;0;0;0;0;0;0;1;1;0;0;0;1;1;0;45;0;0;0;0;0;0;0;45;45;0;0;0;1;1;0;41;4;19;5;1;17;3;0;0;0;0;0;0;45;0;45;0;0;0;0;0;0;0;0;3;0;0;0;0;0;0;0;3;3;0;0;0;1;1;0;3;0;0;0;0;0;0;0;3;3;0;0;0;1;1;0
2021;Centro-Oeste;5;Goiás;GO;52;Quirinópolis;5218508;Sul Goiano;5205;Quirinópolis;52018;521850805;52090167;SENAC CENTRO DE EDUCACAO PROFIS ONICIO RESENDE;4;1;1;0;VIA LEOCADIO DE SOUZA REIS;76;;ONICIO RESENDE;75860000;64;36512533;1;29;29JAN2021:00:00:00;17DEC2021:00:00:00;0;0;0;0;0;0;0;0;0;0;0;1;0;3,60848E+12;3,60848E+12;1;5;0;0;1;1;0;0;0;0;0;0;0;0;0;0;0;0;1;1;0;0;0;0;1;0;0;0;0;0;1;0;0;0;0;1;0;0;0;0;0;0;0;1;0;0;0;1;0;0;0;0;1;0;1;1;0;0;1;1;1;0;0;0;0;1;0;0;0;0;0;0;0;0;0;0;0;0;1;1;1;0;1;0;0;0;0;0;0;1;1;1;1;0;0;1;1;0;0;12;0;12;12;12;0;1;1;1;1;1;0;1;1;1;1;1;2;0;0;1;12;0;0;0;0;0;0;0;0;0;0;0;0;0;1;30;0;0;0;0;0;0;1;1;1;0;0;1;1;3;1;0;1;2;1;5;0;0;0;0;0;0;0;0;0;0;0;0;0;0;1;1;1;1;0;0;0;0;0;0;0;0;0;0;0;0;1;0;0;0;0;0;0;0;0;0;0;0;0;0;1;0;0;0;0;0;0;0;0;0;0;0;0;0;0;0;0;0;1;0;0;0;0;0;0;0;1;0;0;0;1;0;0;0;1;1;0;1;0;0;0;0;0;0;0;1;0;0;0;0;0;0;0;56;0;0;0;0;0;0;0;56;0;0;0;0;0;0;0;32;24;33;10;1;12;0;0;0;0;0;3;50;3;42;14;0;0;0;0;0;0;0;0;2;0;0;0;0;0;0;0;2;0;0;0;0;0;0;0;5;0;0;0;0;0;0;0;5;0;0;0;0;0;0;0
2021;Centro-Oeste;5;Distrito Federal;DF;53;Brasília;5300108;Distrito Federal;5301;Brasília;53001;530010805;53001249;CEP SENAC - PLANO PILOTO;4;1;1;0;QUADRA SEPS 703/903;;;ASA SUL;70390039;61;37719830;1;99;05FEB2021:00:00:00;22DEC2021:00:00:00;0;0;0;0;0;0;0;0;0;0;0;1;0;3,29697E+12;3,29697E+12;1;2;0;0;1;1;0;0;0;0;0;0;0;0;0;0;0;0;1;1;0;0;0;0;1;0;0;0;0;0;1;0;0;0;0;1;0;0;0;0;0;0;0;1;0;0;0;1;1;1;0;0;1;0;1;0;0;0;1;1;1;0;0;0;0;1;1;0;0;0;0;0;0;0;0;0;0;0;1;0;1;0;1;0;0;0;0;0;0;1;1;1;1;1;0;1;1;0;0;30;0;30;30;30;1;1;1;1;1;1;0;1;2;1;10;1;3;1;7;1;32;0;0;0;0;0;0;0;0;0;0;0;0;0;1;130;0;0;0;0;0;0;1;1;1;1;0;1;0;1;1;0;1;2;1;10;1;1;0;0;1;1;0;0;0;0;0;0;0;0;0;0;1;1;0;0;1;4;1;1;0;0;0;0;0;0;0;1;0;1;0;1;1;0;0;0;0;0;0;0;0;0;0;0;0;0;0;0;0;0;0;0;0;0;0;0;0;0;1;0;0;0;0;0;0;0;1;1;0;0;1;0;0;0;1;1;0;1;0;0;0;0;0;0;0;1;1;0;0;0;1;1;0;576;0;0;0;0;0;0;0;576;576;0;0;0;3;3;0;502;74;278;55;33;203;5;2;0;0;0;0;1;575;463;113;0;0;0;0;0;0;0;0;30;0;0;0;0;0;0;0;30;30;0;0;0;3;3;0;36;0;0;0;0;0;0;0;36;36;0;0;0;3;3;0
2021;Centro-Oeste;5;Distrito Federal;DF;53;Brasília;5300108;Distrito Federal;5301;Brasília;53001;530010805;53011686;CEP SENAC - TAGUATINGA;4;1;1;0;SETOR G NORTE, AREA ESPECIAL Nº 39;39;;TAGUATINGA NORTE TAGUATINGA;72130005;61;33555500;1;99;04JAN2021:00:00:00;22DEC2021:00:00:00;0;0;0;0;0;0;0;0;0;0;0;1;0;3,29697E+12;3,29697E+12;1;2;0;0;1;1;0;0;0;0;0;0;0;0;0;0;0;0;1;1;0;0;0;0;1;0;0;0;0;0;1;0;0;0;0;1;0;0;0;0;0;0;0;1;0;0;0;0;1;1;0;0;1;0;1;0;0;0;1;1;1;1;0;0;0;1;0;0;0;0;0;0;0;0;0;0;0;0;1;1;1;0;1;0;0;0;0;0;0;0;1;1;0;1;0;0;1;0;0;20;0;20;20;0;0;1;0;1;1;1;0;0;0;0;0;0;0;1;7;0;0;0;0;0;0;0;0;0;0;0;0;0;0;0;1;24;0;0;0;0;0;0;1;1;1;1;0;1;0;1;1;0;1;7;1;10;0;0;0;0;0;0;0;0;0;0;0;0;0;0;1;3;1;1;0;0;0;0;1;1;0;0;0;0;1;0;0;0;0;1;0;0;0;0;1;0;0;0;0;0;0;0;0;0;0;0;0;0;0;0;0;0;0;0;0;0;0;0;1;0;0;0;0;0;0;1;0;1;0;0;1;0;0;0;1;1;0;1;0;0;0;0;0;0;0;1;1;0;0;0;1;1;0;741;0;0;0;0;0;0;0;741;633;0;0;0;3;3;0;516;225;254;109;24;352;0;2;0;0;0;1;146;594;422;319;0;0;0;0;0;0;0;0;30;0;0;0;0;0;0;0;30;26;0;0;0;3;3;0;43;0;0;0;0;0;0;0;43;32;0;0;0;3;3;0
2021;Centro-Oeste;5;Distrito Federal;DF;53;Brasília;5300108;Distrito Federal;5301;Brasília;53001;530010805;53016602;SERVICO NACIONAL DE APRENDIZAGEM COMERCIAL - SENAC;4;1;1;0;QUADRA QD 5 CJ F LT 7;7;;SETOR SUL GAMA;72410306;61;34847704;1;99;05JAN2021:00:00:00;22DEC2021:00:00:00;0;0;0;0;0;0;0;0;0;0;0;1;0;3,29697E+12;3,29697E+12;1;2;0;0;1;2;0;0;0;0;0;0;0;0;0;0;0;0;1;1;0;0;0;0;1;0;0;0;0;0;1;0;0;0;0;1;0;0;0;0;0;0;0;1;0;0;0;1;0;1;0;0;1;0;1;0;0;0;1;1;0;0;0;0;0;1;0;0;0;0;0;0;0;0;0;0;0;0;1;0;1;0;1;0;0;0;0;0;0;1;1;0;0;0;0;0;0;0;0;13;0;13;13;0;0;1;0;1;1;1;0;0;0;1;11;0;0;1;2;1;11;0;0;0;0;0;0;0;0;0;0;0;0;0;1;63;0;0;0;0;0;0;1;1;1;0;1;1;0;1;1;0;1;4;1;6;1;2;0;0;0;0;0;0;0;0;0;0;0;0;1;2;1;1;0;0;1;1;0;0;0;0;0;0;0;0;1;0;0;1;0;0;0;0;0;0;0;0;0;0;0;0;0;0;0;0;0;0;0;0;0;1;0;1;0;0;0;0;1;1;0;0;0;0;0;0;1;1;0;0;1;0;0;0;1;1;0;1;0;0;0;0;0;0;0;1;1;0;0;0;1;1;0;482;0;0;0;0;0;0;0;482;421;0;0;0;7;7;0;381;101;191;75;19;193;4;0;0;0;0;4;101;377;354;128;0;0;0;0;0;0;0;0;17;0;0;0;0;0;0;0;17;10;0;0;0;6;6;0;27;0;0;0;0;0;0;0;27;17;0;0;0;6;6;0
2021;Centro-Oeste;5;Distrito Federal;DF;53;Brasília;5300108;Distrito Federal;5301;Brasília;53001;530010805;53018222;CEP SENAC TECNOLOGIA DO TURISMO E HOSPITALIDADE;4;1;1;0;QUADRA SCS QUADRA 5;27 / 28;;ASA SUL;70305000;61;34476271;1;99;04JAN2021:00:00:00;22DEC2021:00:00:00;0;0;0;0;0;0;0;0;0;0;0;1;0;3,29697E+12;3,29697E+12;1;2;0;0;1;2;0;0;0;0;0;0;0;0;0;0;0;0;1;1;0;0;0;0;1;0;0;0;0;0;1;0;0;0;0;1;0;0;0;0;0;0;0;1;0;0;0;1;0;0;0;0;1;0;1;0;0;0;1;1;1;0;0;0;0;0;0;0;0;0;0;0;0;0;0;0;0;0;0;0;1;0;1;1;0;0;0;0;0;1;0;0;1;0;0;0;0;0;0;10;0;10;10;5;0;1;0;0;1;0;0;0;0;1;3;0;0;0;0;1;2;0;0;0;0;0;0;0;0;0;0;0;0;0;1;25;0;0;0;0;0;0;1;0;1;1;0;0;0;9;1;0;1;3;1;6;1;1;0;0;1;1;0;0;1;1;1;1;0;0;0;0;1;1;0;0;0;0;0;0;0;0;0;0;0;0;0;1;0;1;0;0;1;0;0;0;0;0;0;0;0;0;0;0;0;0;0;0;0;0;0;1;0;1;0;0;0;0;1;0;0;0;0;1;0;0;0;0;0;0;1;0;0;0;1;1;0;1;0;0;0;0;0;0;0;1;1;0;0;0;1;1;0;184;0;0;0;0;0;0;0;184;15;0;0;0;2;2;0;104;80;59;37;7;81;0;0;0;0;0;4;146;34;169;15;0;0;0;0;0;0;0;0;6;0;0;0;0;0;0;0;6;1;0;0;0;1;1;0;14;0;0;0;0;0;0;0;14;1;0;0;0;1;1;0
2021;Centro-Oeste;5;Distrito Federal;DF;53;Brasília;5300108;Distrito Federal;5301;Brasília;53001;530010805;53018338;SENAC ACOES MOVEIS;4;1;1;0;SIA TRECHO 3 SL 625 - 695;;SIA TRECHO 3 SL 625;GUARA;71200030;61;33618927;1;99;04JAN2021:00:00:00;22DEC2021:00:00:00;0;0;0;0;0;0;1;0;0;0;0;0;0;3,29697E+12;3,29697E+12;1;2;0;0;0;0;0;0;0;0;0;0;1;9;0;1;0;0;1;1;0;0;0;0;1;0;0;0;0;0;1;0;0;0;0;1;0;0;0;0;0;0;0;1;0;0;0;1;0;0;0;0;1;0;1;0;0;0;0;0;1;0;0;0;0;0;0;0;0;0;0;0;0;0;1;0;0;0;1;0;0;0;1;0;0;0;0;0;0;0;0;0;0;1;0;0;0;0;0;0;30;30;0;0;0;1;0;1;0;0;0;0;0;0;0;0;0;0;0;0;0;0;0;0;0;0;0;0;0;0;0;0;0;0;1;15;0;0;0;0;0;0;1;0;1;0;0;0;0;2;1;0;1;1;1;1;0;0;0;0;0;0;0;0;0;0;0;0;0;0;0;0;0;0;0;0;0;0;0;0;0;0;0;0;0;0;1;0;0;0;0;0;0;0;0;0;0;0;0;0;1;0;0;0;0;0;0;0;0;0;0;1;0;0;0;0;0;1;1;0;0;0;0;0;0;0;1;1;0;0;1;0;0;0;1;1;0;1;0;0;0;0;0;0;0;1;0;0;0;0;0;0;0;18;0;0;0;0;0;0;0;18;0;0;0;0;0;0;0;13;5;4;4;1;9;0;0;0;0;0;0;11;7;12;6;0;0;0;0;0;0;0;0;12;0;0;0;0;0;0;0;12;0;0;0;0;0;0;0;12;0;0;0;0;0;0;0;12;0;0;0;0;0;0;0
2021;Centro-Oeste;5;Distrito Federal;DF;53;Brasília;5300108;Distrito Federal;5301;Brasília;53001;530010805;53029003;C DE EDUC PROFISSIONAL SENAC - SOBRADINHO;4;1;1;0;QUADRA QUADRA 4 CONJUNTO E;5;;SOBRADINHO;73025045;61;33871883;1;99;04JAN2021:00:00:00;22DEC2021:00:00:00;0;0;0;0;0;0;1;0;0;0;0;1;0;3,29697E+12;3,29697E+12;1;2;0;0;1;2;0;1;0;1;0;0;0;0;0;1;0;0;1;1;0;0;0;0;1;0;0;0;0;0;1;0;0;0;0;1;0;0;0;0;0;0;0;1;0;0;0;0;1;1;0;0;1;0;1;0;0;0;1;1;0;0;0;0;0;1;0;0;0;0;0;0;0;0;0;0;0;0;1;0;1;0;1;0;0;0;0;0;0;1;0;0;1;1;0;0;0;0;0;10;1;11;10;10;0;1;0;1;1;1;0;0;0;1;8;0;0;1;2;1;8;0;0;0;0;0;0;0;0;0;0;0;0;0;1;50;0;0;0;0;0;0;1;1;1;1;0;1;0;1;1;0;1;5;1;6;1;1;0;0;0;0;0;0;0;0;0;0;0;0;1;1;1;1;0;0;0;0;1;1;0;0;0;0;1;0;0;0;0;0;0;0;1;0;0;0;0;0;0;0;0;0;0;0;0;0;0;0;0;0;0;0;0;0;0;0;0;0;1;1;1;0;0;0;0;0;1;1;0;0;1;0;0;1;1;1;0;1;0;0;0;0;0;0;1;1;1;0;0;0;1;1;0;309;0;0;0;0;0;0;55;309;295;0;0;0;2;2;0;198;111;183;29;11;86;0;0;0;0;0;0;69;240;180;129;0;0;0;0;0;0;0;9;15;0;0;0;0;0;0;3;15;13;0;0;0;2;2;0;21;0;0;0;0;0;0;3;21;17;0;0;0;2;2;0
2021;Centro-Oeste;5;Distrito Federal;DF;53;Brasília;5300108;Distrito Federal;5301;Brasília;53001;530010805;53045009;C DE EDUC PROFISSIONAL SENAC - JESSE FREIRE;4;1;1;0;GRANDE USUARIO SCS QUADRA 6 BLOCO A LOTE 172;;;ASA SUL;70306908;61;32265211;1;99;04JAN2021:00:00:00;22DEC2021:00:00:00;0;0;0;0;0;0;1;0;0;0;1;1;0;3,29697E+12;1E+14;1;2;0;0;1;2;0;0;0;0;0;0;0;0;0;0;0;0;1;1;0;0;0;0;1;0;0;0;0;0;1;0;0;0;0;1;0;0;0;0;0;0;0;1;0;0;0;1;0;1;0;0;1;0;1;1;0;0;1;1;1;0;0;0;0;1;0;0;0;0;0;0;0;0;0;0;0;0;1;1;1;0;1;0;0;0;0;0;0;0;1;0;1;1;0;0;0;0;0;27;0;27;27;27;0;1;0;1;1;0;0;0;0;1;23;0;0;0;0;1;23;0;0;0;0;0;0;0;0;0;0;0;0;0;1;284;1;2;1;28;0;0;1;1;1;1;0;1;0;1;1;0;1;3;1;9;1;1;0;0;1;3;0;0;0;0;0;0;0;0;1;1;1;1;0;0;0;0;0;0;0;0;0;0;0;0;0;1;0;0;0;0;1;0;0;0;0;0;0;0;0;0;0;0;0;0;0;0;0;0;0;0;0;0;0;0;0;0;1;0;0;0;0;0;0;0;1;0;0;0;1;0;0;0;1;1;0;1;0;0;0;0;0;0;0;1;1;0;0;0;1;1;0;514;0;0;0;0;0;0;0;514;493;0;0;0;2;2;0;311;203;230;90;20;168;6;0;0;0;0;3;66;445;364;150;0;0;0;0;0;0;0;0;24;0;0;0;0;0;0;0;24;23;0;0;0;2;2;0;34;0;0;0;0;0;0;0;34;32;0;0;0;2;2;0
