NU_ANO_CENSO;NO_REGIAO;CO_REGIAO;NO_UF;SG_UF;CO_UF;NO_MUNICIPIO;CO_MUNICIPIO;NO_MESORREGIAO;CO_MESORREGIAO;NO_MICRORREGIAO;CO_MICRORREGIAO;CO_DISTRITO;NO_ENTIDADE;CO_ENTIDADE;TP_DEPENDENCIA;TP_CATEGORIA_ESCOLA_PRIVADA;TP_LOCALIZACAO;TP_LOCALIZACAO_DIFERENCIADA;DS_ENDERECO;NU_ENDERECO;DS_COMPLEMENTO;NO_BAIRRO;CO_CEP;NU_DDD;NU_TELEFONE;TP_SITUACAO_FUNCIONAMENTO;CO_ORGAO_REGIONAL;DT_ANO_LETIVO_INICIO;DT_ANO_LETIVO_TERMINO;IN_VINCULO_SECRETARIA_EDUCACAO;IN_VINCULO_SEGURANCA_PUBLICA;IN_VINCULO_SECRETARIA_SAUDE;IN_VINCULO_OUTRO_ORGAO;IN_PODER_PUBLICO_PARCERIA;TP_PODER_PUBLICO_PARCERIA;IN_CONVENIADA_PP;TP_CONVENIO_PODER_PUBLICO;IN_FORMA_CONT_TERMO_COLABORA;IN_FORMA_CONT_TERMO_FOMENTO;IN_FORMA_CONT_ACORDO_COOP;IN_FORMA_CONT_PRESTACAO_SERV;IN_FORMA_CONT_COOP_TEC_FIN;IN_FORMA_CONT_CONSORCIO_PUB;IN_TIPO_ATEND_ESCOLARIZACAO;IN_TIPO_ATEND_AC;IN_TIPO_ATEND_AEE;IN_MANT_ESCOLA_PRIVADA_EMP;IN_MANT_ESCOLA_PRIVADA_ONG;IN_MANT_ESCOLA_PRIVADA_OSCIP;IN_MANT_ESCOLA_PRIV_ONG_OSCIP;IN_MANT_ESCOLA_PRIVADA_SIND;IN_MANT_ESCOLA_PRIVADA_SIST_S;IN_MANT_ESCOLA_PRIVADA_S_FINS;NU_CNPJ_ESCOLA_PRIVADA;NU_CNPJ_MANTENEDORA;TP_REGULAMENTACAO;TP_RESPONSAVEL_REGULAMENTACAO;CO_ESCOLA_SEDE_VINCULADA;CO_IES_OFERTANTE;IN_LOCAL_FUNC_PREDIO_ESCOLAR;TP_OCUPACAO_PREDIO_ESCOLAR;IN_LOCAL_FUNC_SALAS_EMPRESA;IN_LOCAL_FUNC_SOCIOEDUCATIVO;IN_LOCAL_FUNC_UNID_PRISIONAL;IN_LOCAL_FUNC_PRISIONAL_SOCIO;IN_LOCAL_FUNC_TEMPLO_IGREJA;IN_LOCAL_FUNC_CASA_PROFESSOR;IN_LOCAL_FUNC_GALPAO;TP_OCUPACAO_GALPAO;IN_LOCAL_FUNC_SALAS_OUTRA_ESC;IN_LOCAL_FUNC_OUTROS;IN_PREDIO_COMPARTILHADO;IN_AGUA_FILTRADA;IN_AGUA_POTAVEL;IN_AGUA_REDE_PUBLICA;IN_AGUA_POCO_ARTESIANO;IN_AGUA_CACIMBA;IN_AGUA_FONTE_RIO;IN_AGUA_INEXISTENTE;IN_ENERGIA_REDE_PUBLICA;IN_ENERGIA_GERADOR;IN_ENERGIA_GERADOR_FOSSIL;IN_ENERGIA_OUTROS;IN_ENERGIA_RENOVAVEL;IN_ENERGIA_INEXISTENTE;IN_ESGOTO_REDE_PUBLICA;IN_ESGOTO_FOSSA_SEPTICA;IN_ESGOTO_FOSSA_COMUM;IN_ESGOTO_FOSSA;IN_ESGOTO_INEXISTENTE;IN_LIXO_SERVICO_COLETA;IN_LIXO_QUEIMA;IN_LIXO_ENTERRA;IN_LIXO_DESTINO_FINAL_PUBLICO;IN_LIXO_DESCARTA_OUTRA_AREA;IN_LIXO_JOGA_OUTRA_AREA;IN_LIXO_OUTROS;IN_LIXO_RECICLA;IN_TRATAMENTO_LIXO_SEPARACAO;IN_TRATAMENTO_LIXO_REUTILIZA;IN_TRATAMENTO_LIXO_RECICLAGEM;IN_TRATAMENTO_LIXO_INEXISTENTE;IN_ALMOXARIFADO;IN_AREA_VERDE;IN_AUDITORIO;IN_BANHEIRO_FORA_PREDIO;IN_BANHEIRO_DENTRO_PREDIO;IN_BANHEIRO;IN_BANHEIRO_EI;IN_BANHEIRO_PNE;IN_BANHEIRO_FUNCIONARIOS;IN_BANHEIRO_CHUVEIRO;IN_BERCARIO;IN_BIBLIOTECA;IN_BIBLIOTECA_SALA_LEITURA;IN_COZINHA;IN_DESPENSA;IN_DORMITORIO_ALUNO;IN_DORMITORIO_PROFESSOR;IN_LABORATORIO_CIENCIAS;IN_LABORATORIO_INFORMATICA;IN_LABORATORIO_EDUC_PROF;IN_PATIO_COBERTO;IN_PATIO_DESCOBERTO;IN_PARQUE_INFANTIL;IN_PISCINA;IN_QUADRA_ESPORTES;IN_QUADRA_ESPORTES_COBERTA;IN_QUADRA_ESPORTES_DESCOBERTA;IN_REFEITORIO;IN_SALA_ATELIE_ARTES;IN_SALA_MUSICA_CORAL;IN_SALA_ESTUDIO_DANCA;IN_SALA_MULTIUSO;IN_SALA_OFICINAS_EDUC_PROF;IN_SALA_DIRETORIA;IN_SALA_LEITURA;IN_SALA_PROFESSOR;IN_SALA_REPOUSO_ALUNO;IN_SECRETARIA;IN_SALA_ATENDIMENTO_ESPECIAL;IN_TERREIRAO;IN_VIVEIRO;IN_DEPENDENCIAS_PNE;IN_LAVANDERIA;IN_DEPENDENCIAS_OUTRAS;IN_ACESSIBILIDADE_CORRIMAO;IN_ACESSIBILIDADE_ELEVADOR;IN_ACESSIBILIDADE_PISOS_TATEIS;IN_ACESSIBILIDADE_VAO_LIVRE;IN_ACESSIBILIDADE_RAMPAS;IN_ACESSIBILIDADE_SINAL_SONORO;IN_ACESSIBILIDADE_SINAL_TATIL;IN_ACESSIBILIDADE_SINAL_VISUAL;IN_ACESSIBILIDADE_INEXISTENTE;QT_SALAS_EXISTENTES;QT_SALAS_UTILIZADAS_DENTRO;QT_SALAS_UTILIZADAS_FORA;QT_SALAS_UTILIZADAS;QT_SALAS_UTILIZA_CLIMATIZADAS;QT_SALAS_UTILIZADAS_ACESSIVEIS;IN_EQUIP_PARABOLICA;IN_COMPUTADOR;IN_EQUIP_COPIADORA;IN_EQUIP_IMPRESSORA;IN_EQUIP_IMPRESSORA_MULT;IN_EQUIP_SCANNER;IN_EQUIP_NENHUM;IN_EQUIP_DVD;QT_EQUIP_DVD;IN_EQUIP_SOM;QT_EQUIP_SOM;IN_EQUIP_TV;QT_EQUIP_TV;IN_EQUIP_LOUSA_DIGITAL;QT_EQUIP_LOUSA_DIGITAL;IN_EQUIP_MULTIMIDIA;QT_EQUIP_MULTIMIDIA;IN_EQUIP_VIDEOCASSETE;IN_EQUIP_RETROPROJETOR;IN_EQUIP_FAX;IN_EQUIP_FOTO;QT_EQUIP_VIDEOCASSETE;QT_EQUIP_PARABOLICA;QT_EQUIP_COPIADORA;QT_EQUIP_RETROPROJETOR;QT_EQUIP_IMPRESSORA;QT_EQUIP_IMPRESSORA_MULT;QT_EQUIP_FAX;QT_EQUIP_FOTO;QT_COMP_ALUNO;IN_DESKTOP_ALUNO;QT_DESKTOP_ALUNO;IN_COMP_PORTATIL_ALUNO;QT_COMP_PORTATIL_ALUNO;IN_TABLET_ALUNO;QT_TABLET_ALUNO;QT_COMPUTADOR;QT_COMP_ADMINISTRATIVO;IN_INTERNET;IN_INTERNET_ALUNOS;IN_INTERNET_ADMINISTRATIVO;IN_INTERNET_APRENDIZAGEM;IN_INTERNET_COMUNIDADE;IN_ACESSO_INTERNET_COMPUTADOR;IN_ACES_INTERNET_DISP_PESSOAIS;TP_REDE_LOCAL;IN_BANDA_LARGA;QT_FUNCIONARIOS;IN_PROF_ADMINISTRATIVOS;QT_PROF_ADMINISTRATIVOS;IN_PROF_SERVICOS_GERAIS;QT_PROF_SERVICOS_GERAIS;IN_PROF_BIBLIOTECARIO;QT_PROF_BIBLIOTECARIO;IN_PROF_SAUDE;QT_PROF_SAUDE;IN_PROF_COORDENADOR;QT_PROF_COORDENADOR;IN_PROF_FONAUDIOLOGO;QT_PROF_FONAUDIOLOGO;IN_PROF_NUTRICIONISTA;QT_PROF_NUTRICIONISTA;IN_PROF_PSICOLOGO;QT_PROF_PSICOLOGO;IN_PROF_ALIMENTACAO;QT_PROF_ALIMENTACAO;IN_PROF_PEDAGOGIA;QT_PROF_PEDAGOGIA;IN_PROF_SECRETARIO;QT_PROF_SECRETARIO;IN_PROF_SEGURANCA;QT_PROF_SEGURANCA;IN_PROF_MONITORES;QT_PROF_MONITORES;IN_PROF_GESTAO;QT_PROF_GESTAO;IN_PROF_ASSIST_SOCIAL;QT_PROF_ASSIST_SOCIAL;IN_ALIMENTACAO;IN_SERIE_ANO;IN_PERIODOS_SEMESTRAIS;IN_FUNDAMENTAL_CICLOS;IN_GRUPOS_NAO_SERIADOS;IN_MODULOS;IN_FORMACAO_ALTERNANCIA;IN_MATERIAL_PED_MULTIMIDIA;IN_MATERIAL_PED_INFANTIL;IN_MATERIAL_PED_CIENTIFICO;IN_MATERIAL_PED_DIFUSAO;IN_MATERIAL_PED_MUSICAL;IN_MATERIAL_PED_JOGOS;IN_MATERIAL_PED_ARTISTICAS;IN_MATERIAL_PED_PROFISSIONAL;IN_MATERIAL_PED_DESPORTIVA;IN_MATERIAL_PED_INDIGENA;IN_MATERIAL_PED_ETNICO;IN_MATERIAL_PED_CAMPO;IN_MATERIAL_PED_NENHUM;IN_MATERIAL_ESP_QUILOMBOLA;IN_MATERIAL_ESP_INDIGENA;IN_MATERIAL_ESP_NAO_UTILIZA;IN_EDUCACAO_INDIGENA;TP_INDIGENA_LINGUA;CO_LINGUA_INDIGENA_1;CO_LINGUA_INDIGENA_2;CO_LINGUA_INDIGENA_3;IN_BRASIL_ALFABETIZADO;IN_FINAL_SEMANA;IN_EXAME_SELECAO;IN_RESERVA_PPI;IN_RESERVA_RENDA;IN_RESERVA_PUBLICA;IN_RESERVA_PCD;IN_RESERVA_OUTROS;IN_RESERVA_NENHUMA;IN_REDES_SOCIAIS;IN_ESPACO_ATIVIDADE;IN_ESPACO_EQUIPAMENTO;IN_ORGAO_ASS_PAIS;IN_ORGAO_ASS_PAIS_MESTRES;IN_ORGAO_CONSELHO_ESCOLAR;IN_ORGAO_GREMIO_ESTUDANTIL;IN_ORGAO_OUTROS;IN_ORGAO_NENHUM;TP_PROPOSTA_PEDAGOGICA;TP_AEE;TP_ATIVIDADE_COMPLEMENTAR;IN_ESCOLARIZACAO;IN_MEDIACAO_PRESENCIAL;IN_MEDIACAO_SEMIPRESENCIAL;IN_MEDIACAO_EAD;IN_REGULAR;IN_DIURNO;IN_NOTURNO;IN_EAD;IN_BAS;IN_INF;IN_INF_CRE;IN_INF_PRE;IN_FUND;IN_FUND_AI;IN_FUND_AF;IN_MED;IN_PROF;IN_PROF_TEC;IN_EJA;IN_EJA_FUND;IN_EJA_MED;IN_ESP;IN_ESP_CC;IN_ESP_CE;QT_MAT_BAS;QT_MAT_INF;QT_MAT_INF_CRE;QT_MAT_INF_PRE;QT_MAT_FUND;QT_MAT_FUND_AI;QT_MAT_FUND_AF;QT_MAT_MED;QT_MAT_PROF;QT_MAT_PROF_TEC;QT_MAT_EJA;QT_MAT_EJA_FUND;QT_MAT_EJA_MED;QT_MAT_ESP;QT_MAT_ESP_CC;QT_MAT_ESP_CE;QT_MAT_BAS_FEM;QT_MAT_BAS_MASC;QT_MAT_BAS_ND;QT_MAT_BAS_BRANCA;QT_MAT_BAS_PRETA;QT_MAT_BAS_PARDA;QT_MAT_BAS_AMARELA;QT_MAT_BAS_INDIGENA;QT_MAT_BAS_0_3;QT_MAT_BAS_4_5;QT_MAT_BAS_6_10;QT_MAT_BAS_11_14;QT_MAT_BAS_15_17;QT_MAT_BAS_18_MAIS;QT_MAT_BAS_D;QT_MAT_BAS_N;QT_MAT_BAS_EAD;QT_MAT_INF_INT;QT_MAT_INF_CRE_INT;QT_MAT_INF_PRE_INT;QT_MAT_FUND_INT;QT_MAT_FUND_AI_INT;QT_MAT_FUND_AF_INT;QT_MAT_MED_INT;QT_DOC_BAS;QT_DOC_INF;QT_DOC_INF_CRE;QT_DOC_INF_PRE;QT_DOC_FUND;QT_DOC_FUND_AI;QT_DOC_FUND_AF;QT_DOC_MED;QT_DOC_PROF;QT_DOC_PROF_TEC;QT_DOC_EJA;QT_DOC_EJA_FUND;QT_DOC_EJA_MED;QT_DOC_ESP;QT_DOC_ESP_CC;QT_DOC_ESP_CE;QT_TUR_BAS;QT_TUR_INF;QT_TUR_INF_CRE;QT_TUR_INF_PRE;QT_TUR_FUND;QT_TUR_FUND_AI;QT_TUR_FUND_AF;QT_TUR_MED;QT_TUR_PROF;QT_TUR_PROF_TEC;QT_TUR_EJA;QT_TUR_EJA_FUND;QT_TUR_EJA_MED;QT_TUR_ESP;QT_TUR_ESP_CC;QT_TUR_ESP_CE
2022;Norte;1;Rondônia;RO;11;Ariquemes;1100023;Leste Rondoniense;2;Ariquemes;3;110002305;SENAC ARIQUEMES;11049758;4;1;1;0;RUA DOS INOCENTES;131;;SETOR GRANDES AREAS;76876674;69;35361290;1;1;06JAN2022:00:00:00;23DEC2022:00:00:00;;;;;0;;;;;;;;;;;;;0;0;0;0;0;1;0;3,58187E+12;3,58187E+12;1;2;;;1;2;;0;0;0;;;0;;0;0;0;;1;1;0;0;0;0;1;;0;;0;0;0;1;0;1;0;1;0;0;0;0;;;;0;0;0;1;1;0;0;;;1;0;1;1;1;;0;0;0;0;0;0;0;1;0;1;0;0;0;0;0;0;0;0;0;0;0;0;1;0;0;0;1;0;0;0;;;0;0;0;1;1;0;0;0;0;0;;5;0;5;5;0;0;1;0;0;1;0;0;0;0;0;0;1;5;0;0;1;5;;;;;;;;;;;;;;1;37;1;21;1;11;;;1;1;1;1;1;1;1;3;1;;1;3;1;2;0;0;0;0;0;0;0;0;0;0;0;0;0;0;0;0;0;0;0;0;0;0;0;0;0;0;0;;;;;;;1;0;1;1;0;1;0;0;0;0;0;0;0;;;;0;;;;;;;0;;;;;;;1;9;9;0;0;1;0;0;0;9;0;0;1;1;0;0;0;0;1;0;1;0;0;0;0;0;0;0;1;1;0;0;0;0;0;0;31;0;0;0;0;0;0;0;31;31;0;0;0;0;0;0;29;2;4;6;1;19;0;1;0;0;0;0;0;31;0;31;0;0;0;0;0;0;0;0;11;0;0;0;0;0;0;0;11;11;0;0;0;0;0;0;2;0;0;0;0;0;0;0;2;2;0;0;0;0;0;0
2022;Norte;1;Rondônia;RO;11;Cacoal;1100049;Leste Rondoniense;2;Cacoal;6;110004905;SENAC-CACOAL-RO;11106832;4;1;1;0;AVENIDA DOIS DE JUNHO;2563;;CENTRO;76963787;69;34414927;1;2;06JAN2022:00:00:00;23DEC2022:00:00:00;;;;;0;;;;;;;;;;;;;0;0;0;0;0;1;0;3,58187E+12;3,58187E+12;1;2;;;1;1;;0;0;0;;;0;;0;0;0;;1;1;0;0;0;0;1;;0;;0;0;0;1;0;1;0;1;0;0;0;0;;;;0;0;0;1;1;0;0;;;1;0;1;0;0;;1;1;1;0;0;0;0;1;0;0;0;0;0;0;0;0;0;0;0;0;0;0;1;1;1;0;1;0;0;0;;;0;0;1;0;1;0;0;0;0;0;;17;0;17;17;0;1;1;0;1;1;0;0;1;5;1;1;1;10;0;0;1;1;;;;;;;;;;;;;;1;65;0;0;1;10;;;1;1;1;1;0;1;1;3;1;;1;2;1;2;0;0;0;0;0;0;0;0;0;0;0;0;0;0;1;1;1;1;0;0;0;0;0;0;0;0;0;;;;;;;1;0;1;1;0;1;0;0;0;0;0;0;0;;;;0;;;;;;;0;;;;;;;1;9;9;0;0;0;0;0;1;9;0;0;1;1;0;0;0;1;1;0;1;0;0;0;0;0;0;0;1;1;0;0;0;0;0;0;85;0;0;0;0;0;0;0;85;85;0;0;0;0;0;0;71;14;14;15;3;51;0;2;0;0;0;0;9;76;48;37;0;0;0;0;0;0;0;0;14;0;0;0;0;0;0;0;14;14;0;0;0;0;0;0;4;0;0;0;0;0;0;0;4;4;0;0;0;0;0;0
2022;Norte;1;Rondônia;RO;11;Jaru;1100114;Leste Rondoniense;2;Ji-Paraná;4;110011405;SERVICO NACIONAL DE APRENDIZAGEM COMERCIAL - SENAC JARU;11050047;4;1;1;0;RUA FLORIANOPOLIS;3045;ENFRENTE CAIXA ECO;SETOR 2;76890000;69;35213730;1;6;06JAN2022:00:00:00;23DEC2022:00:00:00;;;;;0;;;;;;;;;;;;;0;0;0;0;0;1;0;3,58187E+12;3,58187E+12;1;2;;;1;1;;0;0;0;;;0;;0;0;0;;1;1;0;0;0;0;1;;0;;0;0;0;1;0;1;0;1;0;0;0;0;;;;0;0;0;1;0;0;0;;;1;0;1;0;0;;0;0;0;0;0;0;0;1;0;1;0;0;0;0;0;0;0;0;0;0;0;0;0;0;1;0;1;0;0;0;;;0;1;1;1;1;1;0;0;0;0;;9;0;9;9;0;0;1;0;0;1;0;0;0;0;0;0;1;9;0;0;0;0;;;;;;;;;;;;;;1;35;0;0;1;7;;;1;1;1;0;0;1;1;3;1;;1;2;1;2;0;0;0;0;0;0;0;0;0;0;0;0;0;0;1;1;1;1;0;0;0;0;0;0;0;0;0;;;;;;;1;0;0;0;0;0;0;0;0;0;0;0;0;;;;0;;;;;;;0;;;;;;;1;9;9;0;0;0;0;0;1;9;0;0;1;1;0;0;0;0;1;0;1;0;0;0;0;0;0;0;1;1;0;0;0;0;0;0;30;0;0;0;0;0;0;0;30;30;0;0;0;0;0;0;21;9;12;5;2;11;0;0;0;0;0;0;1;29;0;30;0;0;0;0;0;0;0;0;1;0;0;0;0;0;0;0;1;1;0;0;0;0;0;0;1;0;0;0;0;0;0;0;1;1;0;0;0;0;0;0
2022;Norte;1;Rondônia;RO;11;Ji-Paraná;1100122;Leste Rondoniense;2;Ji-Paraná;4;110012205;SERVICO NACIONAL DE APRENDIZAGEM COMERCIAL - SENAC JI-PARANA;11110813;4;1;1;0;AVENIDA DOIS DE ABRIL;2004;;DOIS DE ABRIL;76900808;69;34210659;1;7;06JAN2022:00:00:00;23DEC2022:00:00:00;;;;;0;;;;;;;;;;;;;0;0;0;0;0;1;0;3,58187E+12;3,58187E+12;1;2;;;1;1;;0;0;0;;;0;;0;0;0;;1;1;0;0;0;0;1;;0;;0;0;0;1;0;1;0;1;0;0;0;0;;;;0;0;0;1;1;0;1;;;1;0;1;0;1;;1;1;0;0;0;0;0;1;0;1;1;0;0;0;0;0;0;0;0;0;0;0;1;0;0;0;0;0;0;0;;;0;1;0;0;1;1;0;0;0;0;;8;0;8;8;6;0;1;0;1;1;0;0;1;1;1;1;1;8;0;0;1;2;;;;;;;;;;;;;;1;30;0;0;1;11;;;1;1;1;1;0;1;1;3;1;;1;2;1;2;0;0;0;0;0;0;0;0;0;0;0;0;0;0;0;0;0;0;0;0;0;0;0;0;0;0;0;;;;;;;1;0;1;1;0;1;0;0;0;0;0;0;0;;;;0;;;;;;;0;;;;;;;1;9;9;0;0;0;0;0;1;9;0;0;1;1;0;0;0;0;1;0;1;0;0;0;0;0;0;0;1;1;0;0;0;1;1;0;40;0;0;0;0;0;0;0;40;40;0;0;0;2;2;0;25;15;10;5;2;23;0;0;0;0;0;0;6;34;0;40;0;0;0;0;0;0;0;0;8;0;0;0;0;0;0;0;8;8;0;0;0;1;1;0;3;0;0;0;0;0;0;0;3;3;0;0;0;1;1;0
2022;Norte;1;Rondônia;RO;11;Pimenta Bueno;1100189;Leste Rondoniense;2;Vilhena;7;110018905;CENTRO DE EDUCACAO PROFISSIONAL SENAC PIMENTA BUENO;11049731;4;;1;;RUA RAPOSO TAVARES;698;PROXIMO ATACAREJO;CTG;76970000;69;34516235;2;10;;;;;;;;;;;;;;;;;;;;;;;;;;;;;;;;;;;;;;;;;;;;;;;;;;;;;;;;;;;;;;;;;;;;;;;;;;;;;;;;;;;;;;;;;;;;;;;;;;;;;;;;;;;;;;;;;;;;;;;;;;;;;;;;;;;;;;;;;;;;;;;;;;;;;;;;;;;;;;;;;;;;;;;;;;;;;;;;;;;;;;;;;;;;;;;;;;;;;;;;;;;;;;;;;;;;;;;;;;;;;;;;;;;;;;;;;;;;;;;;;;;;;;;;;;;;;;;;;;;;;;;;;;;;;;;;;;;;;;;;;;;;;;;;;;;;;;;;;;;;;;;;;;;;;;;;;;;;;;;;;;;;;;;;;;;;;;;;;;;;;;;;;;;;;;;;;;;;;
2022;Norte;1;Rondônia;RO;11;Porto Velho;1100205;Madeira-Guaporé;1;Porto Velho;1;110020505;CENTRO DE EDUCACAO PROFISSIONAL SENAC ESPLANADA;11047941;4;1;1;0;RUA TABAJARA;539;AO LADO DO TJ;PANAIR;76801348;69;21816900;1;9;05JAN2022:00:00:00;22DEC2022:00:00:00;;;;;0;;;;;;;;;;;;;0;0;0;0;0;1;0;3,58187E+12;3,58187E+12;1;2;;;1;1;;0;0;0;;;0;;0;0;0;;1;1;0;0;0;0;1;;1;;0;0;0;1;0;1;0;1;0;0;0;0;;;;1;0;1;0;0;1;1;;;1;0;1;1;1;;1;1;1;1;0;0;1;1;0;1;0;0;0;0;0;0;0;0;0;0;1;0;1;1;1;0;1;1;0;0;;;0;1;0;1;1;1;0;1;1;0;;21;0;21;21;21;0;1;0;1;1;0;0;0;0;0;0;1;21;0;0;1;2;;;;;;;;;;;;;;1;88888;0;0;0;0;;;1;1;1;1;0;1;0;3;1;;1;6;1;88888;1;1;0;0;1;88888;0;0;1;1;0;0;0;0;1;5;1;1;0;0;1;4;1;1;0;0;0;;;;;;;1;0;1;1;0;0;0;1;0;0;1;0;0;;;;0;;;;;;;0;;;;;;;1;1;1;0;0;0;0;0;1;0;0;0;1;1;0;0;0;1;1;0;1;0;0;0;0;0;0;0;1;1;0;0;0;0;0;0;53;0;0;0;0;0;0;0;53;53;0;0;0;0;0;0;44;9;12;6;3;30;1;1;0;0;0;0;1;52;45;8;0;0;0;0;0;0;0;0;11;0;0;0;0;0;0;0;11;11;0;0;0;0;0;0;4;0;0;0;0;0;0;0;4;4;0;0;0;0;0;0
2022;Norte;1;Rondônia;RO;11;Vilhena;1100304;Leste Rondoniense;2;Vilhena;7;110030405;SENAC VILHENA;11110821;4;1;1;0;AVENIDA AVENIDA SABINO BEZERRA DE QUEIROZ;3661;;JARDIM AMERICA;76980794;69;33221060;1;13;06JAN2022:00:00:00;23DEC2022:00:00:00;;;;;0;;;;;;;;;;;;;0;0;0;0;0;1;0;3,58187E+12;3,58187E+12;1;2;;;1;1;;0;0;0;;;0;;0;0;0;;1;1;0;1;0;0;1;;0;;0;0;0;1;0;1;0;1;0;0;0;0;;;;1;0;0;0;1;1;0;;;1;0;1;0;1;;1;1;1;1;0;0;0;1;0;1;1;0;0;0;0;0;0;0;0;0;0;0;1;0;1;0;1;0;0;0;;;0;1;0;0;1;1;0;0;1;0;;10;0;10;10;10;1;1;1;1;1;0;0;1;1;1;2;1;10;0;0;1;1;;;;;;;;;;;;;;1;88888;0;0;0;0;;;1;1;1;1;0;1;1;3;1;;1;2;1;2;0;0;0;0;0;0;0;0;0;0;0;0;0;0;1;1;1;1;0;0;0;0;0;0;0;0;0;;;;;;;1;0;1;1;0;0;0;0;0;0;0;0;0;;;;0;;;;;;;0;;;;;;;1;9;9;0;0;0;0;0;1;9;0;0;1;1;0;0;0;0;1;0;1;0;0;0;0;0;0;0;1;1;0;0;0;0;0;0;24;0;0;0;0;0;0;0;24;24;0;0;0;0;0;0;20;4;6;7;0;11;0;0;0;0;0;0;2;22;0;24;0;0;0;0;0;0;0;0;13;0;0;0;0;0;0;0;13;13;0;0;0;0;0;0;3;0;0;0;0;0;0;0;3;3;0;0;0;0;0;0
2022;Norte;1;Amazonas;AM;13;Manaus;1302603;Centro Amazonense;3;Manaus;7;130260305;CENTRO DE FORMACAO PROFISSIONAL FERNANDO ALFREDO PEQUENO FRANCO - SENAC;13101510;4;1;1;0;RUA SALDANHA MARINHO;410;;CENTRO;69010040;92;32157181;1;1;13OCT2021:00:00:00;09FEB2023:00:00:00;;;;;0;;;;;;;;;;;;;0;0;0;0;0;1;0;3,96545E+12;3,96545E+12;1;2;;;1;1;;0;0;0;;;0;;0;1;0;;1;1;1;0;0;0;1;;0;;0;0;1;0;0;0;0;1;0;0;0;0;;;;1;0;0;0;1;1;1;;;1;0;1;0;1;;1;1;1;0;0;0;1;1;0;1;1;0;0;0;0;0;0;0;0;0;0;0;1;1;1;0;1;0;0;0;;;0;1;1;0;0;0;0;0;0;0;;16;1;17;16;16;0;1;1;1;0;0;0;1;1;0;0;1;1;0;0;1;1;;;;;;;;;;;;;;1;20;1;2;1;1;;;1;0;1;0;0;0;0;9;1;;1;3;1;3;1;1;1;1;1;2;0;0;0;0;0;0;0;0;1;2;1;1;1;2;1;1;1;1;1;1;0;;;;;;;1;0;0;0;0;0;0;1;0;0;0;0;0;;;;0;;;;;;;0;;;;;;;1;1;1;0;0;0;0;1;0;1;0;0;1;1;0;0;0;1;1;0;1;0;0;0;0;0;0;0;1;1;0;0;0;0;0;0;108;0;0;0;0;0;0;0;108;108;0;0;0;0;0;0;97;11;7;9;3;89;0;0;0;0;0;0;0;108;60;48;0;0;0;0;0;0;0;0;3;0;0;0;0;0;0;0;3;3;0;0;0;0;0;0;5;0;0;0;0;0;0;0;5;5;0;0;0;0;0;0
2022;Norte;1;Roraima;RR;14;Boa Vista;1400100;Norte de Roraima;1;Boa Vista;1;140010005;SERVICO NACIONAL DE APRENDIZAGEM COMERCIAL - SENAC;14325063;4;1;1;0;AVENIDA MAJOR WILLIAMS;2084;;SAO FRANCISCO;69301110;95;21211902;1;;02FEB2022:00:00:00;23DEC2022:00:00:00;;;;;0;;;;;;;;;;;;;0;0;0;0;1;1;0;3,64798E+12;3,64798E+12;1;1;;;1;1;;0;0;0;;;0;;0;0;0;;1;1;1;0;0;0;1;;1;;0;0;1;0;0;0;0;1;0;0;0;0;;;;0;0;0;1;1;1;1;;;1;0;1;1;1;;1;1;1;0;0;0;1;1;0;0;0;0;0;0;0;0;0;0;0;0;0;0;1;1;1;0;1;0;0;0;;;0;1;1;0;1;1;0;0;0;0;;40;0;40;40;40;1;1;0;1;1;1;0;0;0;1;3;1;20;1;10;1;20;;;;;;;;;;;;;;1;100;0;0;0;0;;;1;1;1;1;0;1;0;1;1;;1;88888;1;88888;1;1;1;88888;0;0;0;0;0;0;0;0;0;0;0;0;1;1;0;0;0;0;1;2;0;0;0;;;;;;;1;0;0;1;0;1;0;0;0;0;0;0;0;;;;0;;;;;;;0;;;;;;;1;1;0;0;0;0;0;0;1;1;0;0;1;1;0;0;0;0;1;0;1;0;0;0;0;0;0;0;1;1;0;0;0;0;0;0;79;0;0;0;0;0;0;0;79;79;0;0;0;0;0;0;59;20;11;5;1;59;0;3;0;0;0;0;5;74;0;79;0;0;0;0;0;0;0;0;3;0;0;0;0;0;0;0;3;3;0;0;0;0;0;0;3;0;0;0;0;0;0;0;3;3;0;0;0;0;0;0
2022;Norte;1;Pará;PA;15;Belém;1501402;Metropolitana de Belém;3;Belém;7;150140205;CENTRO DE EDUCACAO PROFISSIONAL PROFESSOR RAYMUNDO ALBERTO PAPALEO PAES - SENAC;15174964;4;1;1;0;RUA ARISTIDES LOBO;1058;;REDUTO;66053020;91;40096301;1;23;03JAN2022:00:00:00;21DEC2022:00:00:00;;;;;0;;;;;;;;;;;;;0;0;0;0;0;1;0;3,64696E+12;3,64696E+12;1;1;;;1;1;;0;0;0;;;0;;0;0;0;;1;1;0;0;0;0;1;;0;;0;0;1;0;0;0;0;1;0;0;0;0;;;;1;0;0;0;1;0;1;;;1;0;1;1;1;;1;1;1;1;0;0;0;1;0;0;0;0;0;0;0;0;0;0;0;0;0;0;1;0;1;0;1;0;0;0;;;0;0;1;0;0;1;0;0;0;0;;22;0;22;22;22;0;1;0;1;1;1;0;0;0;1;2;1;2;1;4;1;19;;;;;;;;;;;;;;1;88888;1;44;1;13;;;1;1;1;1;0;1;1;3;1;;1;6;1;88888;1;1;1;1;0;0;0;0;0;0;0;0;0;0;1;3;1;1;0;0;1;1;1;1;0;0;0;;;;;;;0;0;0;1;0;0;0;1;0;0;0;0;0;;;;0;;;;;;;0;;;;;;;1;0;0;0;0;0;0;0;1;1;0;0;1;1;0;0;0;1;1;0;1;0;0;0;0;0;0;0;1;1;0;0;0;1;1;0;51;0;0;0;0;0;0;0;51;51;0;0;0;1;1;0;13;38;0;7;4;39;1;0;0;0;0;0;0;51;18;33;0;0;0;0;0;0;0;0;6;0;0;0;0;0;0;0;6;6;0;0;0;2;2;0;3;0;0;0;0;0;0;0;3;3;0;0;0;1;1;0
2022;Norte;1;Amapá;AP;16;Macapá;1600303;Sul do Amapá;2;Macapá;3;160030305;SERVICO NACIONAL DE APRENDIZAGEM COMERCIAL - SENAC DRAP;16003586;4;1;1;0;AVENIDA HENRIQUE GALUCIO;1999;;SANTA RITA;68901255;96;32144101;1;;10JAN2022:00:00:00;23DEC2022:00:00:00;;;;;0;;;;;;;;;;;;;1;0;0;0;1;1;1;3,59298E+12;3,59298E+12;1;2;;;1;1;;0;0;0;;;0;;0;1;0;;1;1;1;1;0;0;1;;1;;0;0;1;0;1;1;0;1;1;0;0;1;;;;1;0;1;0;1;1;1;;;1;0;1;1;1;;1;1;1;1;0;0;0;1;0;0;0;0;0;1;1;0;0;1;0;0;0;0;1;1;1;0;1;0;1;0;;;0;0;0;1;1;1;0;0;1;0;;33;0;33;33;10;0;1;1;1;1;1;0;1;2;1;2;1;20;1;3;1;20;;;;;;;;;;;;;;1;100;1;10;0;0;;;1;1;1;1;0;1;0;3;1;;1;7;1;10;1;1;0;0;1;5;0;0;1;1;0;0;0;0;1;2;1;1;1;2;1;2;1;3;0;0;0;;;;;;;1;0;0;1;0;1;1;1;1;0;0;1;0;;;;0;;;;;;;1;1;1;0;1;1;0;1;1;1;0;0;0;0;0;1;1;0;0;1;1;0;0;0;1;1;0;1;0;0;0;0;0;0;0;1;1;0;0;0;0;0;0;93;0;0;0;0;0;0;0;93;93;0;0;0;0;0;0;79;14;30;9;4;50;0;0;0;0;0;0;0;93;63;30;0;0;0;0;0;0;0;0;5;0;0;0;0;0;0;0;5;5;0;0;0;0;0;0;3;0;0;0;0;0;0;0;3;3;0;0;0;0;0;0
2022;Norte;1;Tocantins;TO;17;Palmas;1721000;Oriental do Tocantins;2;Porto Nacional;6;172100005;SERVICO NACIONAL DE APRENDIZAGEM COMERCIAL - SENAC AR-TO;17054320;4;1;1;0;QUADRA 201 NORTE AVENIDA LO 4;3 E 4;;PLANO DIRETOR NORTE;77001132;63;32191642;1;0;17JAN2022:00:00:00;16DEC2022:00:00:00;;;;;0;;;;;;;;;;;;;0;0;0;0;0;1;0;3,71193E+12;3,71193E+12;1;2;;;1;1;;0;0;0;;;0;;0;0;0;;1;1;1;0;0;0;1;;0;;0;0;1;0;0;0;0;1;0;0;0;0;;;;0;0;0;1;1;1;1;;;1;0;1;1;1;;0;1;1;0;0;0;1;1;0;0;1;0;0;0;0;0;0;0;0;0;0;0;1;1;1;0;1;0;0;0;;;0;1;0;0;1;1;0;0;0;0;;19;0;19;19;19;0;1;1;0;1;1;0;0;0;0;0;1;1;0;0;1;88888;;;;;;;;;;;;;;1;65;0;0;0;0;;;1;0;1;1;0;0;0;3;1;;1;11;1;6;0;0;0;0;0;0;0;0;0;0;0;0;0;0;1;2;0;0;1;1;1;1;0;0;0;0;0;;;;;;;0;0;0;0;0;1;0;0;0;0;0;0;0;;;;0;;;;;;;0;;;;;;;1;0;0;0;0;1;0;0;0;0;0;0;1;1;0;0;0;1;1;0;1;0;0;0;0;0;0;0;1;1;0;0;0;0;0;0;127;0;0;0;0;0;0;0;127;115;0;0;0;0;0;0;115;12;20;11;7;89;0;0;0;0;0;0;11;116;56;71;0;0;0;0;0;0;0;0;8;0;0;0;0;0;0;0;8;4;0;0;0;0;0;0;11;0;0;0;0;0;0;0;11;6;0;0;0;0;0;0
2022;Nordeste;2;Maranhão;MA;21;Caxias;2103000;Leste Maranhense;4;Caxias;17;210300005;SERVICO NACIONAL DE APRENDIZAGEM COMERCIAL- SENAC;21279179;4;;1;;AVENIDA LUIS SALES;151;;PONTE;65609330;99;34216900;2;9;;;;;;;;;;;;;;;;;;;;;;;;;;;;;;;;;;;;;;;;;;;;;;;;;;;;;;;;;;;;;;;;;;;;;;;;;;;;;;;;;;;;;;;;;;;;;;;;;;;;;;;;;;;;;;;;;;;;;;;;;;;;;;;;;;;;;;;;;;;;;;;;;;;;;;;;;;;;;;;;;;;;;;;;;;;;;;;;;;;;;;;;;;;;;;;;;;;;;;;;;;;;;;;;;;;;;;;;;;;;;;;;;;;;;;;;;;;;;;;;;;;;;;;;;;;;;;;;;;;;;;;;;;;;;;;;;;;;;;;;;;;;;;;;;;;;;;;;;;;;;;;;;;;;;;;;;;;;;;;;;;;;;;;;;;;;;;;;;;;;;;;;;;;;;;;;;;;;;
2022;Nordeste;2;Maranhão;MA;21;Imperatriz;2105302;Oeste Maranhense;2;Imperatriz;9;210530205;SERVICO NACIONAL DE APRENDIZAGEM COMERCIAL - SENAC;21279187;4;;1;;RUA RUI BARBOSA;203;;CENTRO;65901490;99;35244483;2;6;;;;;;;;;;;;;;;;;;;;;;;;;;;;;;;;;;;;;;;;;;;;;;;;;;;;;;;;;;;;;;;;;;;;;;;;;;;;;;;;;;;;;;;;;;;;;;;;;;;;;;;;;;;;;;;;;;;;;;;;;;;;;;;;;;;;;;;;;;;;;;;;;;;;;;;;;;;;;;;;;;;;;;;;;;;;;;;;;;;;;;;;;;;;;;;;;;;;;;;;;;;;;;;;;;;;;;;;;;;;;;;;;;;;;;;;;;;;;;;;;;;;;;;;;;;;;;;;;;;;;;;;;;;;;;;;;;;;;;;;;;;;;;;;;;;;;;;;;;;;;;;;;;;;;;;;;;;;;;;;;;;;;;;;;;;;;;;;;;;;;;;;;;;;;;;;;;;;;
2022;Nordeste;2;Maranhão;MA;21;Pinheiro;2108603;Norte Maranhense;1;Baixada Maranhense;5;210860305;SERVICO NACIONAL DE APRENDIZAGEM COMERCIAL SENAC;21288640;4;1;1;0;RUA EDVALDO MORAES TRAVESSA JOAO MARIANO;;;ANTIGO AEROPORTO;65200000;98;33814271;1;8;01MAR2022:00:00:00;14DEC2022:00:00:00;;;;;0;;;;;;;;;;;;;0;0;0;0;0;1;0;3,76004E+12;3,76004E+12;1;2;;;1;1;;0;0;0;;;0;;0;0;0;;1;0;1;0;0;0;1;;0;;0;0;0;1;0;1;0;1;0;0;0;0;;;;9;9;9;9;1;0;1;;;1;0;1;1;1;;1;1;1;1;0;0;0;1;1;1;1;0;0;0;0;0;0;0;0;0;0;1;1;1;1;0;1;0;0;0;;;0;1;1;1;0;1;0;0;0;0;;13;0;13;0;0;0;1;1;1;1;1;0;0;0;0;0;0;0;0;0;1;11;;;;;;;;;;;;;;1;20;0;0;0;0;;;1;1;1;1;0;1;0;1;1;;1;88888;1;3;0;0;0;0;0;0;0;0;0;0;0;0;0;0;1;1;0;0;1;2;1;1;1;1;0;0;0;;;;;;;1;0;0;1;0;0;0;1;0;0;0;0;0;;;;0;;;;;;;0;;;;;;;1;1;1;0;0;0;0;0;1;1;0;0;1;1;0;0;0;1;1;0;1;0;0;0;0;0;0;0;1;0;0;0;0;0;0;0;18;0;0;0;0;0;0;0;18;0;0;0;0;0;0;0;14;4;4;0;2;12;0;0;0;0;0;0;12;6;12;6;0;0;0;0;0;0;0;0;7;0;0;0;0;0;0;0;7;0;0;0;0;0;0;0;7;0;0;0;0;0;0;0;7;0;0;0;0;0;0;0
2022;Nordeste;2;Ceará;CE;23;Crato;2304202;Sul Cearense;7;Cariri;32;230420205;CENTRO DE EDUCACAO PROFISSIONAL DE CRATO - SENAC;23271906;4;1;1;0;PRACA DA SE;596;;CENTRO;63100440;88;35868750;1;18;01FEB2022:00:00:00;20DEC2022:00:00:00;;;;;0;;;;;;;;;;;;;0;0;0;0;0;1;0;3,64834E+12;3,64834E+12;0;;;;1;1;;0;0;0;;;0;;0;0;0;;1;1;0;1;0;0;1;;0;;0;0;1;0;0;0;0;1;0;0;0;0;;;;1;0;0;0;1;0;1;;;1;0;1;0;1;;1;1;1;1;0;0;1;1;0;0;1;0;0;0;0;0;0;0;0;0;0;0;1;0;1;0;1;0;0;0;;;0;1;1;0;0;0;0;0;0;0;;8;0;8;8;0;0;1;1;1;1;0;0;1;7;1;4;1;8;0;0;1;5;;;;;;;;;;;;;;1;42;0;0;1;6;;;1;1;1;1;0;1;0;2;1;;1;4;1;2;1;1;1;4;1;2;0;0;0;0;0;0;1;2;0;0;1;1;1;2;1;2;1;1;0;0;0;;;;;;;0;0;0;0;0;0;1;0;0;0;0;0;0;;;;0;;;;;;;0;;;;;;;1;0;0;0;0;0;0;1;0;9;0;0;1;1;0;0;0;1;1;0;1;0;0;0;0;0;0;0;1;1;0;0;0;1;1;0;100;0;0;0;0;0;0;0;100;100;0;0;0;2;2;0;82;18;39;16;0;44;0;1;0;0;0;0;0;100;67;33;0;0;0;0;0;0;0;0;5;0;0;0;0;0;0;0;5;5;0;0;0;2;2;0;7;0;0;0;0;0;0;0;7;7;0;0;0;2;2;0
2022;Nordeste;2;Ceará;CE;23;Sobral;2312908;Noroeste Cearense;1;Sobral;5;231290805;CENTRO DE EDUCACAO PROFISSIONAL DE SOBRAL - SENAC;23271922;4;1;1;0;RUA DOUTOR JOAO DO MONTE;980;;CENTRO;62010220;88;36778700;1;6;13OCT2021:00:00:00;31MAY2023:00:00:00;;;;;0;;;;;;;;;;;;;0;0;0;0;0;1;0;3,64834E+12;3,64834E+12;1;2;;;1;2;;0;0;0;;;0;;0;0;0;;1;1;0;0;0;0;1;;0;;0;0;1;0;0;0;0;1;0;0;0;0;;;;1;0;0;0;1;0;1;;;1;0;1;0;1;;1;1;1;0;0;0;0;1;0;0;0;0;0;1;1;0;1;0;0;0;0;0;1;1;1;0;1;0;0;0;;;0;1;0;0;1;1;0;1;1;0;;12;0;12;12;3;1;1;1;1;1;1;0;1;3;1;12;0;0;0;0;1;12;;;;;;;;;;;;;;1;23;1;20;1;5;;;1;1;1;1;1;1;1;2;1;;1;4;1;3;1;1;1;88888;1;3;0;0;0;0;0;0;0;0;0;0;1;1;1;88888;1;2;1;1;0;0;0;;;;;;;1;0;1;1;0;0;0;1;0;0;1;0;0;;;;0;;;;;;;1;1;1;0;1;0;0;1;1;1;0;0;1;0;0;0;1;0;0;1;1;0;0;0;0;1;0;1;0;0;0;0;0;0;0;1;1;0;0;0;0;0;0;40;0;0;0;0;0;0;0;40;40;0;0;0;0;0;0;20;20;6;4;1;29;0;0;0;0;0;0;0;40;0;40;0;0;0;0;0;0;0;0;1;0;0;0;0;0;0;0;1;1;0;0;0;0;0;0;2;0;0;0;0;0;0;0;2;2;0;0;0;0;0;0
2022;Nordeste;2;Rio Grande do Norte;RN;24;Açu;2400208;Oeste Potiguar;1;Vale do Açu;4;240020805;SERVICO NACIONAL DE APRENDIZAGEM COMERCIAL - SENAC ASSU;24091006;4;1;1;0;RUA 24 DE JUNHO;1092;;CENTRO;59650000;84;33311585;1;11;03JAN2022:00:00:00;23DEC2022:00:00:00;;;;;0;;;;;;;;;;;;;0;0;0;0;1;1;0;3,64029E+12;3,64029E+12;0;;;;1;2;;0;0;0;;;0;;0;0;0;;1;1;0;0;0;0;1;;0;;0;0;1;0;0;0;0;1;0;0;0;0;;;;0;0;0;1;1;0;0;;;1;0;1;0;0;;0;0;0;0;0;0;0;1;0;0;0;0;0;0;0;0;0;0;0;0;0;0;0;0;0;0;0;0;0;0;;;0;1;1;1;0;0;0;1;0;0;;8;0;8;8;8;0;1;0;1;0;0;0;0;0;0;0;0;0;0;0;1;8;;;;;;;;;;;;;;1;40;0;0;0;0;;;1;1;1;0;0;0;1;3;1;;1;2;1;1;0;0;0;0;0;0;0;0;0;0;0;0;0;0;0;0;0;0;0;0;0;0;0;0;0;0;0;;;;;;;0;0;0;0;0;0;0;1;0;0;0;0;0;;;;0;;;;;;;0;;;;;;;1;0;0;0;0;0;0;0;1;0;0;0;1;1;0;0;0;0;1;0;1;0;0;0;0;0;0;0;1;1;0;0;0;0;0;0;60;0;0;0;0;0;0;0;60;60;0;0;0;0;0;0;31;29;28;10;3;19;0;0;0;0;0;0;0;60;0;60;0;0;0;0;0;0;0;0;8;0;0;0;0;0;0;0;8;8;0;0;0;0;0;0;2;0;0;0;0;0;0;0;2;2;0;0;0;0;0;0
2022;Nordeste;2;Rio Grande do Norte;RN;24;Caicó;2402006;Central Potiguar;2;Seridó Ocidental;11;240200605;SERVICO NACIONAL DE APRENDIZAGEM COMERCIAL - SENAC CAICO;24080268;4;1;1;0;RUA ZECO DINIZ;1289;;PENEDO;59300000;84;34213933;1;10;03JAN2022:00:00:00;23DEC2022:00:00:00;;;;;0;;;;;;;;;;;;;0;0;0;0;1;1;0;3,64029E+12;3,64029E+12;0;;;;1;2;;0;0;0;;;0;;0;0;0;;1;1;0;0;0;0;1;;0;;0;0;1;0;0;0;0;1;0;0;0;0;;;;0;0;0;1;1;0;0;;;1;1;1;0;0;;0;0;1;1;0;0;0;1;0;0;0;0;0;0;0;0;0;0;0;0;0;0;0;0;0;0;0;0;0;0;;;0;1;1;0;1;0;0;0;0;0;;6;0;6;6;1;0;1;0;1;0;0;0;0;0;0;0;0;0;0;0;1;6;;;;;;;;;;;;;;0;0;1;10;0;0;;;1;1;1;0;0;0;1;3;1;;1;2;1;1;0;0;0;0;0;0;0;0;0;0;0;0;0;0;0;0;0;0;0;0;0;0;0;0;0;0;0;;;;;;;0;0;0;0;0;0;0;1;0;0;0;0;0;;;;0;;;;;;;0;;;;;;;1;0;0;0;0;0;0;0;1;0;0;0;1;1;0;0;0;0;1;0;1;0;0;0;0;0;0;0;1;1;0;0;0;0;0;0;30;0;0;0;0;0;0;0;30;30;0;0;0;0;0;0;19;11;11;11;1;7;0;0;0;0;0;0;2;28;0;30;0;0;0;0;0;0;0;0;2;0;0;0;0;0;0;0;2;2;0;0;0;0;0;0;1;0;0;0;0;0;0;0;1;1;0;0;0;0;0;0
2022;Nordeste;2;Rio Grande do Norte;RN;24;Currais Novos;2403103;Central Potiguar;2;Seridó Oriental;12;240310305;SENAC-SERVICO NACIONAL DE APRENDIZAGEM;24078638;4;;1;;RUA CAPITAO MOR GALVAO;;;;59380000;84;34053330;2;9;;;;;;;;;;;;;;;;;;;;;;;;;;;;;;;;;;;;;;;;;;;;;;;;;;;;;;;;;;;;;;;;;;;;;;;;;;;;;;;;;;;;;;;;;;;;;;;;;;;;;;;;;;;;;;;;;;;;;;;;;;;;;;;;;;;;;;;;;;;;;;;;;;;;;;;;;;;;;;;;;;;;;;;;;;;;;;;;;;;;;;;;;;;;;;;;;;;;;;;;;;;;;;;;;;;;;;;;;;;;;;;;;;;;;;;;;;;;;;;;;;;;;;;;;;;;;;;;;;;;;;;;;;;;;;;;;;;;;;;;;;;;;;;;;;;;;;;;;;;;;;;;;;;;;;;;;;;;;;;;;;;;;;;;;;;;;;;;;;;;;;;;;;;;;;;;;;;;;
2022;Nordeste;2;Rio Grande do Norte;RN;24;Macaíba;2407104;Leste Potiguar;4;Macaíba;17;240710405;SENAC - UNIDADE MACAIBA;24094609;4;;1;;LARGO CONEGO ESTEVAO DANTAS;101;POR TRAZ DA IGREJA;CENTRO;59280000;84;40051095;2;1;;;;;;;;;;;;;;;;;;;;;;;;;;;;;;;;;;;;;;;;;;;;;;;;;;;;;;;;;;;;;;;;;;;;;;;;;;;;;;;;;;;;;;;;;;;;;;;;;;;;;;;;;;;;;;;;;;;;;;;;;;;;;;;;;;;;;;;;;;;;;;;;;;;;;;;;;;;;;;;;;;;;;;;;;;;;;;;;;;;;;;;;;;;;;;;;;;;;;;;;;;;;;;;;;;;;;;;;;;;;;;;;;;;;;;;;;;;;;;;;;;;;;;;;;;;;;;;;;;;;;;;;;;;;;;;;;;;;;;;;;;;;;;;;;;;;;;;;;;;;;;;;;;;;;;;;;;;;;;;;;;;;;;;;;;;;;;;;;;;;;;;;;;;;;;;;;;;;;
2022;Nordeste;2;Rio Grande do Norte;RN;24;Mossoró;2408003;Oeste Potiguar;1;Mossoró;1;240800305;SERVICO NACIONAL DE APRENDIZAGEM COMERCIAL - SENAC MOSSORO;24093408;4;1;1;0;RUA DOUTOR JOAO MARCELINO;867;;SANTO ANTONIO;59611200;84;34225008;1;12;03JAN2022:00:00:00;23DEC2022:00:00:00;;;;;0;;;;;;;;;;;;;0;0;0;0;0;1;0;1E+14;1E+14;0;;;;1;1;;0;0;0;;;0;;0;0;0;;1;1;0;0;0;0;1;;0;;0;0;1;0;0;0;0;1;0;0;0;0;;;;0;0;0;1;1;0;1;;;1;1;1;1;1;;1;1;0;0;0;0;0;1;0;0;0;0;0;0;0;0;0;0;0;0;0;0;1;0;1;0;1;1;0;0;;;0;1;0;1;1;1;0;0;0;0;;21;0;21;0;0;0;1;0;1;0;1;0;0;0;0;0;0;0;0;0;0;0;;;;;;;;;;;;;;0;0;0;0;0;0;;;1;1;1;1;0;0;1;3;1;;1;88888;1;5;0;0;0;0;0;0;0;0;0;0;0;0;0;0;1;2;0;0;0;0;0;0;0;0;0;0;0;;;;;;;1;0;0;0;0;0;0;0;0;0;0;0;0;;;;0;;;;;;;0;;;;;;;1;9;9;0;0;0;0;0;1;9;0;0;1;1;0;0;0;0;1;0;1;0;0;0;0;0;0;0;1;1;0;0;0;0;0;0;41;0;0;0;0;0;0;0;41;41;0;0;0;0;0;0;25;16;13;11;1;16;0;0;0;0;0;0;0;41;0;41;0;0;0;0;0;0;0;0;5;0;0;0;0;0;0;0;5;5;0;0;0;0;0;0;1;0;0;0;0;0;0;0;1;1;0;0;0;0;0;0
2022;Nordeste;2;Rio Grande do Norte;RN;24;Natal;2408102;Leste Potiguar;4;Natal;18;240810205;SERVICO NACIONAL DE APRENDIZAGEM COMERCIAL - SENAC ZONA SUL;24072311;4;;1;;AVENIDA AYRTON SENNA;1362;;NEOPOLIS;59088100;84;40051087;2;1;;;;;;;;;;;;;;;;;;;;;;;;;;;;;;;;;;;;;;;;;;;;;;;;;;;;;;;;;;;;;;;;;;;;;;;;;;;;;;;;;;;;;;;;;;;;;;;;;;;;;;;;;;;;;;;;;;;;;;;;;;;;;;;;;;;;;;;;;;;;;;;;;;;;;;;;;;;;;;;;;;;;;;;;;;;;;;;;;;;;;;;;;;;;;;;;;;;;;;;;;;;;;;;;;;;;;;;;;;;;;;;;;;;;;;;;;;;;;;;;;;;;;;;;;;;;;;;;;;;;;;;;;;;;;;;;;;;;;;;;;;;;;;;;;;;;;;;;;;;;;;;;;;;;;;;;;;;;;;;;;;;;;;;;;;;;;;;;;;;;;;;;;;;;;;;;;;;;;
2022;Nordeste;2;Rio Grande do Norte;RN;24;Natal;2408102;Leste Potiguar;4;Natal;18;240810205;SERVICO NACIONAL DE APRENDIZAGEM COMERCIAL - SENAC CENTRO;24078255;4;1;1;0;AVENIDA MARECHAL FLORIANO PEIXOTO;295;;PETROPOLIS;59025030;84;40051013;1;1;03JAN2022:00:00:00;23DEC2022:00:00:00;;;;;0;;;;;;;;;;;;;0;0;0;0;1;1;0;3,64029E+12;3,64029E+12;0;;;;1;2;;0;0;0;;;0;;0;0;0;;1;1;0;0;0;0;1;;0;;0;0;1;0;0;0;0;1;0;0;0;0;;;;0;0;0;1;1;0;0;;;1;1;1;1;1;;1;1;1;1;0;0;0;1;0;0;0;0;0;0;0;0;0;0;0;0;0;0;1;0;1;0;1;0;0;0;;;0;1;1;1;1;0;0;1;0;0;;16;0;16;0;0;0;1;0;1;1;1;0;0;0;0;0;0;0;0;0;0;0;;;;;;;;;;;;;;0;0;0;0;0;0;;;1;1;1;1;0;0;1;3;1;;1;88888;1;88888;0;0;0;0;0;0;0;0;0;0;0;0;0;0;1;2;0;0;0;0;0;0;1;1;0;0;0;;;;;;;1;0;0;0;0;0;0;0;0;0;0;0;0;;;;0;;;;;;;0;;;;;;;1;9;9;0;0;0;0;0;1;9;0;0;1;1;0;0;0;1;0;0;1;0;0;0;0;0;0;0;1;1;0;0;0;0;0;0;22;0;0;0;0;0;0;0;22;22;0;0;0;0;0;0;22;0;8;8;1;5;0;0;0;0;0;0;0;22;22;0;0;0;0;0;0;0;0;0;3;0;0;0;0;0;0;0;3;3;0;0;0;0;0;0;1;0;0;0;0;0;0;0;1;1;0;0;0;0;0;0
2022;Nordeste;2;Rio Grande do Norte;RN;24;Natal;2408102;Leste Potiguar;4;Natal;18;240810205;SERVICO NACIONAL DE APRENDIZAGEM COMERCIAL - SENAC ALECRIM;24087335;4;;1;;AVENIDA ALMIRANTE ALEXANDRINO DE ALENCAR;556;PROX.CLUBE ATLANTICO;ALECRIM;59030350;84;40051070;2;1;;;;;;;;;;;;;;;;;;;;;;;;;;;;;;;;;;;;;;;;;;;;;;;;;;;;;;;;;;;;;;;;;;;;;;;;;;;;;;;;;;;;;;;;;;;;;;;;;;;;;;;;;;;;;;;;;;;;;;;;;;;;;;;;;;;;;;;;;;;;;;;;;;;;;;;;;;;;;;;;;;;;;;;;;;;;;;;;;;;;;;;;;;;;;;;;;;;;;;;;;;;;;;;;;;;;;;;;;;;;;;;;;;;;;;;;;;;;;;;;;;;;;;;;;;;;;;;;;;;;;;;;;;;;;;;;;;;;;;;;;;;;;;;;;;;;;;;;;;;;;;;;;;;;;;;;;;;;;;;;;;;;;;;;;;;;;;;;;;;;;;;;;;;;;;;;;;;;;
2022;Nordeste;2;Rio Grande do Norte;RN;24;Natal;2408102;Leste Potiguar;4;Natal;18;240810205;SERVICO NACIONAL DE APRENDIZAGEM COMERCIAL - SENAC ZONA NORTE;24094200;4;1;1;0;TRAVESSA MACAE;2875;ESCOLA;POTENGI;59110185;84;40051094;1;1;03JAN2022:00:00:00;23DEC2022:00:00:00;;;;;0;;;;;;;;;;;;;0;0;0;0;0;1;0;3,64029E+12;3,64029E+12;0;;;;1;1;;0;0;0;;;0;;0;0;0;;1;1;0;0;0;0;1;;0;;0;0;1;0;0;0;0;1;0;0;0;0;;;;0;0;0;1;1;1;0;;;1;1;1;1;1;;0;0;1;0;0;0;0;1;0;0;0;0;0;0;0;0;1;0;0;0;0;0;1;0;1;0;1;0;0;0;;;0;1;0;1;1;1;0;0;0;0;;8;0;8;8;0;0;1;0;0;1;1;0;0;0;0;0;0;0;0;0;0;0;;;;;;;;;;;;;;0;0;0;0;0;0;;;1;1;1;1;0;0;1;3;1;;1;4;1;3;0;0;0;0;0;0;0;0;0;0;0;0;0;0;1;1;0;0;0;0;0;0;1;1;0;0;0;;;;;;;0;0;0;1;0;0;0;0;0;0;0;0;0;;;;0;;;;;;;0;;;;;;;1;9;9;0;0;0;0;0;1;9;0;0;1;1;0;0;0;0;1;0;1;0;0;0;0;0;0;0;1;1;0;0;0;0;0;0;97;0;0;0;0;0;0;0;97;97;0;0;0;0;0;0;68;29;36;14;4;42;1;0;0;0;0;0;1;96;0;97;0;0;0;0;0;0;0;0;2;0;0;0;0;0;0;0;2;2;0;0;0;0;0;0;2;0;0;0;0;0;0;0;2;2;0;0;0;0;0;0
2022;Nordeste;2;Rio Grande do Norte;RN;24;Natal;2408102;Leste Potiguar;4;Natal;18;240810205;SERVICO NACIONAL DE APRENDIZAGEM COMERCIAL - SENAC BARREIRA ROXA;24094404;4;;1;;VIA COSTEIRA SENADOR DINARTE MEDEIROS MARIZ;4020;;PONTA NEGRA;59090002;84;40051000;2;1;;;;;;;;;;;;;;;;;;;;;;;;;;;;;;;;;;;;;;;;;;;;;;;;;;;;;;;;;;;;;;;;;;;;;;;;;;;;;;;;;;;;;;;;;;;;;;;;;;;;;;;;;;;;;;;;;;;;;;;;;;;;;;;;;;;;;;;;;;;;;;;;;;;;;;;;;;;;;;;;;;;;;;;;;;;;;;;;;;;;;;;;;;;;;;;;;;;;;;;;;;;;;;;;;;;;;;;;;;;;;;;;;;;;;;;;;;;;;;;;;;;;;;;;;;;;;;;;;;;;;;;;;;;;;;;;;;;;;;;;;;;;;;;;;;;;;;;;;;;;;;;;;;;;;;;;;;;;;;;;;;;;;;;;;;;;;;;;;;;;;;;;;;;;;;;;;;;;;
2022;Nordeste;2;Paraíba;PB;25;João Pessoa;2507507;Mata Paraibana;4;João Pessoa;22;250750705;CEP - JP - SENAC - PB;25129023;4;;1;;AVENIDA DOM PEDRO I;389;;CENTRO;58013020;83;32142344;1;1;;;;;;;;;;;;;;;;;;;;;;;;;;;;;;;;;;;;;;;;;;;;;;;;;;;;;;;;;;;;;;;;;;;;;;;;;;;;;;;;;;;;;;;;;;;;;;;;;;;;;;;;;;;;;;;;;;;;;;;;;;;;;;;;;;;;;;;;;;;;;;;;;;;;;;;;;;;;;;;;;;;;;;;;;;;;;;;;;;;;;;;;;;;;;;;;;;;;;;;;;;;;;;;;;;;;;;;;;;;;;;;;;;;;;;;;;;;;;;;;;;;;;;;;;;;;;;;;;;;;;;;;;;;;;;;;;;;;;;;;;;;;;;;;;;;;;;;;;;;;;;;;;;;;;;;;;;;;;;;;;;;;;;;;;;;;;;;;;;;;;;;;;;;;;;;;;;;;;
2022;Nordeste;2;Pernambuco;PE;26;Caruaru;2604106;Agreste Pernambucano;3;Vale do Ipojuca;8;260410605;SERVICO NACIONAL DE APRENDIZAGEM COMERCIAL SENAC;26169606;4;1;1;0;AVENIDA MARIA JOSE LYRA;140;;INDIANOPOLIS;55026075;81;37278251;1;9;31JAN2022:00:00:00;23DEC2022:00:00:00;;;;;0;;;;;;;;;;;;;0;0;0;0;0;1;0;3,48532E+12;3,48532E+12;1;1;;;1;1;;0;0;0;;;0;;0;0;0;;1;1;0;0;0;0;1;;0;;0;0;1;0;0;0;0;1;0;0;0;0;;;;1;0;1;0;1;1;1;;;1;0;1;1;1;;1;1;1;0;0;0;1;1;0;0;1;0;0;0;0;0;0;0;0;0;0;0;1;1;1;0;1;0;0;0;;;0;0;0;0;1;1;0;0;0;0;;25;0;25;25;25;0;1;1;1;1;0;0;0;0;0;0;1;4;0;0;1;20;;;;;;;;;;;;;;1;16;0;0;0;0;;;1;0;1;1;0;0;0;2;1;;1;7;1;10;1;1;0;0;0;0;0;0;0;0;0;0;0;0;1;5;0;0;0;0;0;0;0;0;0;0;0;;;;;;;1;0;0;0;0;0;0;0;0;0;0;0;0;;;;0;;;;;;;0;;;;;;;1;1;1;0;0;1;0;1;0;1;0;0;1;1;0;0;1;1;1;0;1;0;0;0;0;0;0;1;1;1;1;0;1;1;1;0;189;0;0;0;0;0;0;66;189;66;123;0;123;1;1;0;118;71;53;46;2;88;0;0;0;0;0;5;60;124;107;82;0;0;0;0;0;0;0;66;16;0;0;0;0;0;0;11;16;11;5;0;5;1;1;0;7;0;0;0;0;0;0;2;7;2;5;0;5;1;1;0
2022;Nordeste;2;Pernambuco;PE;26;Garanhuns;2606002;Agreste Pernambucano;3;Garanhuns;11;260600205;SENAC CENTRO DE FOR PROFS JOSE HENRIQUE DE BARROS;26167700;4;1;1;0;RUA MARIA RAMOS;22;;HELIOPOLIS;55295700;87;37642700;1;10;03JAN2022:00:00:00;23DEC2022:00:00:00;;;;;0;;;;;;;;;;;;;0;0;0;0;0;1;0;3,48532E+12;3,48532E+12;1;2;;;1;1;;0;0;0;;;0;;0;0;0;;1;1;0;0;0;0;1;;0;;0;0;1;0;0;0;0;1;0;0;0;0;;;;1;0;0;0;1;1;0;;;1;0;1;0;1;;1;1;1;0;0;0;0;1;0;0;1;0;0;0;0;0;0;0;0;0;0;0;1;0;1;0;1;0;0;0;;;0;1;0;0;0;0;0;0;0;0;;8;0;8;8;0;1;1;1;1;1;1;0;1;1;1;2;1;6;0;0;1;8;;;;;;;;;;;;;;1;15;0;0;0;0;;;1;1;1;1;1;1;1;3;1;;1;3;1;4;1;1;0;0;0;0;0;0;0;0;0;0;0;0;1;2;1;1;0;0;0;0;0;0;0;0;0;;;;;;;1;0;0;0;0;0;0;0;0;0;0;0;0;;;;0;;;;;;;0;;;;;;;1;9;9;0;0;0;0;0;1;9;0;0;1;1;0;0;0;1;1;0;1;0;0;0;0;0;0;0;1;1;0;0;0;0;0;0;74;0;0;0;0;0;0;0;74;74;0;0;0;0;0;0;63;11;29;22;0;22;1;0;0;0;0;0;0;74;19;55;0;0;0;0;0;0;0;0;3;0;0;0;0;0;0;0;3;3;0;0;0;0;0;0;3;0;0;0;0;0;0;0;3;3;0;0;0;0;0;0
2022;Nordeste;2;Pernambuco;PE;26;Paulista;2610707;Metropolitana de Recife;5;Recife;17;261070705;SENAC CENTRO DE FORMACAO PROFISSIONAL DO PAULISTA;26176890;4;1;1;0;AVENIDA PREFEITO SEVERINO CUNHA PRIMO;30;;JARDIM PAULISTA;53407265;81;33728250;1;3;07FEB2022:00:00:00;23DEC2022:00:00:00;;;;;0;;;;;;;;;;;;;0;0;0;0;0;1;0;3,48532E+12;3,48532E+12;1;2;;;1;1;;0;0;0;;;0;;0;0;0;;1;1;0;1;0;0;1;;0;;0;0;1;0;0;0;0;1;0;0;0;0;;;;1;0;0;0;0;0;1;;;1;0;1;0;1;;1;1;1;0;0;0;0;1;0;0;1;0;0;0;0;0;0;0;0;0;0;0;1;1;1;0;1;0;0;0;;;0;1;1;0;0;1;0;0;0;0;;17;0;17;17;17;0;1;0;0;1;0;0;1;6;1;2;1;13;0;0;1;6;;;;;;;;;;;;;;1;44;1;20;0;0;;;1;1;1;1;0;1;1;3;1;;1;4;1;4;1;1;1;1;1;4;0;0;0;0;0;0;0;0;1;4;1;1;0;0;0;0;0;0;0;0;0;;;;;;;1;0;0;1;0;0;0;0;0;0;0;0;0;;;;0;;;;;;;0;;;;;;;1;0;0;0;0;0;0;0;1;0;0;0;1;1;0;0;1;1;1;0;1;0;0;0;0;0;0;1;1;1;0;0;0;1;1;0;227;0;0;0;0;0;0;91;227;227;0;0;0;1;1;0;139;88;113;36;9;69;0;0;0;0;0;5;89;133;172;55;0;0;0;0;0;0;0;91;25;0;0;0;0;0;0;14;25;25;0;0;0;13;13;0;9;0;0;0;0;0;0;2;9;9;0;0;0;1;1;0
2022;Nordeste;2;Pernambuco;PE;26;Petrolina;2611101;São Francisco Pernambucano;2;Petrolina;5;261110105;SENAC-SERVICO NACIONAL DE APREDIZAGEM COMERCIAL;26176840;4;1;1;0;RUA PROJETADA;650;;COLONIA IMPERIAL;56328815;87;39837614;1;16;03JAN2022:00:00:00;22DEC2022:00:00:00;;;;;0;;;;;;;;;;;;;0;0;0;0;0;1;0;3,48532E+12;3,48532E+12;1;1;;;1;1;;0;0;0;;;0;;0;0;0;;1;1;0;0;0;0;1;;0;;0;0;1;0;0;0;0;1;0;0;0;0;;;;1;0;0;0;1;0;1;;;1;0;1;1;1;;1;1;1;0;0;0;1;1;1;0;0;0;0;0;0;0;0;0;0;0;0;0;1;0;1;0;1;0;0;0;;;0;1;0;1;1;1;1;0;1;0;;21;0;21;21;0;0;1;0;1;1;1;0;1;2;1;3;1;2;0;0;1;13;;;;;;;;;;;;;;1;15;1;10;0;0;;;1;1;1;1;0;1;1;3;1;;1;4;1;6;1;1;0;0;0;0;0;0;0;0;0;0;0;0;1;3;0;0;0;0;0;0;0;0;0;0;0;;;;;;;1;0;1;1;0;1;0;1;0;0;0;0;0;;;;0;;;;;;;0;;;;;;;1;0;0;0;0;0;0;0;1;1;0;0;1;1;0;0;1;1;1;0;1;0;0;0;0;0;0;1;1;1;0;0;0;0;0;0;92;0;0;0;0;0;0;36;56;56;0;0;0;0;0;0;65;27;37;13;3;38;0;1;0;0;0;3;32;57;66;26;0;0;0;0;0;0;0;0;15;0;0;0;0;0;0;13;2;2;0;0;0;0;0;0;3;0;0;0;0;0;0;1;2;2;0;0;0;0;0;0
2022;Nordeste;2;Pernambuco;PE;26;Serra Talhada;2613909;Sertão Pernambucano;1;Pajeú;3;261390905;POSTO AVANCADO SENAC SERRA TALHADA;26183498;4;1;1;0;PRACA BARAO DO PAJEU;911;;NOSSA SENHORA DA PENHA;56903420;87;39292350;1;12;03JAN2022:00:00:00;23DEC2022:00:00:00;;;;;0;;;;;;;;;;;;;0;0;0;0;0;1;0;3,48532E+12;3,48532E+12;1;2;;;1;3;;0;0;0;;;0;;0;0;0;;1;1;0;0;0;0;1;;0;;0;0;1;0;0;0;0;1;0;0;0;0;;;;0;0;0;1;0;0;0;;;1;0;0;1;1;;1;1;0;0;0;0;0;0;1;0;0;0;0;0;0;0;0;0;0;0;1;0;1;0;1;0;1;0;0;0;;;0;0;0;0;0;0;0;0;1;0;;4;0;4;4;0;0;1;1;1;1;1;0;1;1;1;2;1;4;0;0;1;4;;;;;;;;;;;;;;1;2;0;0;0;0;;;1;1;1;1;0;1;1;3;1;;1;3;1;2;0;0;0;0;1;2;0;0;0;0;0;0;0;0;1;2;1;1;0;0;0;0;0;0;0;0;0;;;;;;;0;0;0;1;0;0;0;0;0;0;0;0;0;;;;0;;;;;;;0;;;;;;;1;1;1;0;0;0;0;0;1;1;0;0;1;1;0;0;0;1;0;0;1;0;0;0;0;0;0;0;1;0;1;0;1;0;0;0;36;0;0;0;0;0;0;0;36;0;36;0;36;0;0;0;24;12;11;5;1;19;0;0;0;0;0;0;1;35;36;0;0;0;0;0;0;0;0;0;1;0;0;0;0;0;0;0;1;0;1;0;1;0;0;0;2;0;0;0;0;0;0;0;2;0;2;0;2;0;0;0
2022;Nordeste;2;Pernambuco;PE;26;Vitória de Santo Antão;2616407;Mata Pernambucana;4;Vitória de Santo Antão;14;261640705;SERVICO NACIONAL DE APRENDIZAGEM COMERCIAL - SENAC;26169436;4;1;1;0;RUA AUREA PIMENTEL;210;;MATRIZ;55612540;81;35267600;1;6;03JAN2022:00:00:00;22DEC2022:00:00:00;;;;;0;;;;;;;;;;;;;0;0;0;0;0;1;0;3,48532E+12;3,48532E+12;1;2;;;1;1;;0;0;0;;;0;;0;0;0;;1;1;0;0;0;0;1;;0;;0;0;1;0;0;0;0;1;0;0;0;0;;;;0;0;0;1;1;1;1;;;1;0;1;0;0;;1;1;1;0;0;0;1;1;1;0;0;0;0;0;0;0;0;0;0;0;0;0;1;0;1;0;1;0;0;0;;;0;1;0;0;1;1;0;0;1;0;;5;0;5;5;5;1;1;1;1;1;1;0;1;4;1;5;1;5;0;0;1;88888;;;;;;;;;;;;;;1;14;1;5;0;0;;;1;1;1;1;0;1;1;3;1;;1;88888;1;3;1;1;1;1;0;0;0;0;0;0;0;0;0;0;1;2;1;1;0;0;0;0;1;1;0;0;0;;;;;;;1;0;1;1;0;1;1;1;0;0;0;0;0;;;;0;;;;;;;1;0;1;0;0;0;0;1;1;1;0;0;0;0;0;1;1;0;0;1;1;0;0;0;0;1;0;1;0;0;0;0;0;0;0;1;1;0;0;0;0;0;0;24;0;0;0;0;0;0;0;24;24;0;0;0;0;0;0;21;3;14;3;0;6;0;1;0;0;0;0;0;24;0;24;0;0;0;0;0;0;0;0;3;0;0;0;0;0;0;0;3;3;0;0;0;0;0;0;1;0;0;0;0;0;0;0;1;1;0;0;0;0;0;0
2022;Nordeste;2;Alagoas;AL;27;Arapiraca;2700300;Agreste Alagoano;2;Arapiraca;6;270030005;SERVICO NACIONAL DE APRENDIZAGEM COMERCIAL - SENAC;27053490;4;1;1;0;RUA MANOEL FERREIRA DE BRITO;69;;CAVACO;57306370;82;35214582;1;5;03JAN2022:00:00:00;16DEC2022:00:00:00;;;;;0;;;;;;;;;;;;;0;0;0;0;0;1;0;3,69242E+12;3,69242E+12;1;2;;;1;2;;0;0;0;;;0;;0;0;0;;1;1;0;0;0;0;1;;0;;0;0;0;0;1;1;0;1;0;0;0;0;;;;0;0;0;1;0;0;0;;;1;0;1;1;0;;0;1;0;0;0;0;0;1;0;0;1;0;0;0;0;0;0;0;0;0;0;0;0;1;0;0;0;0;0;0;;;0;0;0;0;1;1;0;0;0;0;;10;0;10;0;0;0;1;1;1;1;0;0;0;0;1;1;1;5;0;0;1;5;;;;;;;;;;;;;;1;8;0;0;0;0;;;1;1;1;1;0;1;1;3;1;;1;2;1;2;0;0;0;0;0;0;0;0;0;0;0;0;0;0;0;0;0;0;0;0;0;0;0;0;0;0;0;;;;;;;1;0;1;0;0;0;0;0;0;0;0;0;0;;;;0;;;;;;;0;;;;;;;1;9;9;0;0;0;0;1;0;9;0;0;1;1;0;0;0;0;1;0;1;0;0;0;0;0;0;0;1;1;0;0;0;1;1;0;21;0;0;0;0;0;0;0;21;21;0;0;0;1;1;0;4;17;6;4;1;10;0;0;0;0;0;0;3;18;0;21;0;0;0;0;0;0;0;0;3;0;0;0;0;0;0;0;3;3;0;0;0;2;2;0;2;0;0;0;0;0;0;0;2;2;0;0;0;1;1;0
2022;Nordeste;2;Alagoas;AL;27;Maceió;2704302;Leste Alagoano;3;Maceió;11;270430205;SERVICO NACIONAL DE APRENDIZAGEM COMERCIAL SENAC AL;27050424;4;1;1;0;RUA PEDRO PAULINO;77;;POCO;57025340;82;21227808;1;1;03JAN2022:00:00:00;16DEC2022:00:00:00;;;;;0;;;;;;;;;;;;;0;0;0;0;0;1;0;3,69242E+12;3,69242E+12;1;2;;;1;1;;0;0;0;;;0;;0;0;0;;1;1;0;0;0;0;1;;0;;0;0;1;0;0;0;0;1;0;0;0;0;;;;0;0;0;1;1;1;1;;;1;0;1;0;1;;1;1;0;0;0;0;1;1;0;0;0;0;0;0;0;0;0;0;0;0;0;0;1;0;1;0;1;1;0;0;;;0;0;1;1;0;0;0;1;1;0;;48;0;48;0;0;1;1;1;1;1;0;0;1;10;1;20;1;20;0;0;1;20;;;;;;;;;;;;;;1;40;0;0;0;0;;;1;1;1;0;0;1;0;2;1;;1;6;0;0;0;0;0;0;0;0;0;0;0;0;0;0;0;0;0;0;0;0;0;0;0;0;0;0;0;0;0;;;;;;;1;0;1;1;0;0;0;0;0;0;0;0;0;;;;0;;;;;;;0;;;;;;;1;9;9;0;0;0;0;1;0;9;0;0;1;1;0;0;0;1;1;0;1;0;0;0;0;0;0;0;1;1;0;0;0;1;1;0;799;0;0;0;0;0;0;0;799;799;0;0;0;3;3;0;487;312;304;84;29;378;4;0;0;0;0;0;24;775;465;334;0;0;0;0;0;0;0;0;43;0;0;0;0;0;0;0;43;43;0;0;0;7;7;0;40;0;0;0;0;0;0;0;40;40;0;0;0;3;3;0
2022;Nordeste;2;Bahia;BA;29;Feira de Santana;2910800;Centro Norte Baiano;3;Feira de Santana;12;291080005;SENAC;29469848;4;;1;;RUA DOMINGOS BARBOSA DE ARAUJO;48;;CENTRO;44001216;75;36040150;1;19;;;;;;;;;;;;;;;;;;;;;;;;;;;;;;;;;;;;;;;;;;;;;;;;;;;;;;;;;;;;;;;;;;;;;;;;;;;;;;;;;;;;;;;;;;;;;;;;;;;;;;;;;;;;;;;;;;;;;;;;;;;;;;;;;;;;;;;;;;;;;;;;;;;;;;;;;;;;;;;;;;;;;;;;;;;;;;;;;;;;;;;;;;;;;;;;;;;;;;;;;;;;;;;;;;;;;;;;;;;;;;;;;;;;;;;;;;;;;;;;;;;;;;;;;;;;;;;;;;;;;;;;;;;;;;;;;;;;;;;;;;;;;;;;;;;;;;;;;;;;;;;;;;;;;;;;;;;;;;;;;;;;;;;;;;;;;;;;;;;;;;;;;;;;;;;;;;;;;
2022;Nordeste;2;Bahia;BA;29;Porto Seguro;2925303;Sul Baiano;7;Porto Seguro;32;292530305;SERVICO NACIONAL DE APRENDIZAGEM COMERCIAL - SENAC PORTO SEGURO;29469813;4;;1;;RUA DOS CACAUEIROS;SN;;TAPERAPUAN;45810000;73;31627301;2;27;;;;;;;;;;;;;;;;;;;;;;;;;;;;;;;;;;;;;;;;;;;;;;;;;;;;;;;;;;;;;;;;;;;;;;;;;;;;;;;;;;;;;;;;;;;;;;;;;;;;;;;;;;;;;;;;;;;;;;;;;;;;;;;;;;;;;;;;;;;;;;;;;;;;;;;;;;;;;;;;;;;;;;;;;;;;;;;;;;;;;;;;;;;;;;;;;;;;;;;;;;;;;;;;;;;;;;;;;;;;;;;;;;;;;;;;;;;;;;;;;;;;;;;;;;;;;;;;;;;;;;;;;;;;;;;;;;;;;;;;;;;;;;;;;;;;;;;;;;;;;;;;;;;;;;;;;;;;;;;;;;;;;;;;;;;;;;;;;;;;;;;;;;;;;;;;;;;;;
2022;Nordeste;2;Bahia;BA;29;Salvador;2927408;Metropolitana de Salvador;5;Salvador;21;292740805;SENAC - SERVICO NACIONAL DE APRENDIZAGEM COMERCIAL;29467276;4;;1;;AVENIDA JOSE JOAQUIM SEABRA;403;CASA;BAIXA DOS SAPATEIROS;40025000;71;31032351;2;26;;;;;;;;;;;;;;;;;;;;;;;;;;;;;;;;;;;;;;;;;;;;;;;;;;;;;;;;;;;;;;;;;;;;;;;;;;;;;;;;;;;;;;;;;;;;;;;;;;;;;;;;;;;;;;;;;;;;;;;;;;;;;;;;;;;;;;;;;;;;;;;;;;;;;;;;;;;;;;;;;;;;;;;;;;;;;;;;;;;;;;;;;;;;;;;;;;;;;;;;;;;;;;;;;;;;;;;;;;;;;;;;;;;;;;;;;;;;;;;;;;;;;;;;;;;;;;;;;;;;;;;;;;;;;;;;;;;;;;;;;;;;;;;;;;;;;;;;;;;;;;;;;;;;;;;;;;;;;;;;;;;;;;;;;;;;;;;;;;;;;;;;;;;;;;;;;;;;;
2022;Nordeste;2;Bahia;BA;29;Salvador;2927408;Metropolitana de Salvador;5;Salvador;21;292740805;SENAC-SERVICO NACIONAL DE APRENDIZAGEM COMERCIAL;29467594;4;1;1;0;AVENIDA TANCREDO NEVES;1109;EDF CASA DO COMERCIO;CAMINHO DAS ARVORES;41820021;71;32739762;1;26;09MAY2022:00:00:00;23MAR2023:00:00:00;;;;;0;;;;;;;;;;;;;1;0;0;0;0;1;1;3,68219E+12;3,68219E+12;1;3;;;1;1;;0;0;0;;;0;;0;1;0;;1;1;0;0;0;0;1;;0;;0;0;1;0;0;0;0;1;0;0;0;0;;;;1;0;1;0;1;1;0;;;1;0;1;0;1;;1;1;1;0;0;0;0;0;1;1;0;0;0;0;0;0;1;0;0;0;0;1;1;1;1;0;1;0;0;0;;;0;1;1;0;1;1;0;0;1;0;;2;0;2;2;2;0;1;1;1;1;1;0;0;0;1;1;0;0;1;2;1;2;;;;;;;;;;;;;;1;2;0;0;1;3;;;1;1;1;1;0;1;1;3;1;;1;88888;1;3;1;2;0;0;1;3;0;0;1;1;0;0;1;1;1;3;1;1;1;2;1;2;1;2;0;0;0;;;;;;;1;0;0;1;0;1;1;1;0;0;0;0;0;;;;0;;;;;;;0;;;;;;;1;0;0;0;0;0;0;0;1;1;0;0;1;1;0;0;0;0;1;0;1;0;0;0;0;0;0;0;1;1;0;0;0;0;0;0;15;0;0;0;0;0;0;0;15;15;0;0;0;0;0;0;10;5;2;1;4;8;0;0;0;0;0;0;0;15;0;15;0;0;0;0;0;0;0;0;8;0;0;0;0;0;0;0;8;8;0;0;0;0;0;0;1;0;0;0;0;0;0;0;1;1;0;0;0;0;0;0
2022;Nordeste;2;Bahia;BA;29;Salvador;2927408;Metropolitana de Salvador;5;Salvador;21;292740805;CENTRO DE EDUCACAO HOTELEIRA PELOURINHO - SENAC;29467616;4;;1;;PRACA JOSE DE ALENCAR;13119;CASA;LARGO DO PELOURINHO;40026230;71;33248101;2;26;;;;;;;;;;;;;;;;;;;;;;;;;;;;;;;;;;;;;;;;;;;;;;;;;;;;;;;;;;;;;;;;;;;;;;;;;;;;;;;;;;;;;;;;;;;;;;;;;;;;;;;;;;;;;;;;;;;;;;;;;;;;;;;;;;;;;;;;;;;;;;;;;;;;;;;;;;;;;;;;;;;;;;;;;;;;;;;;;;;;;;;;;;;;;;;;;;;;;;;;;;;;;;;;;;;;;;;;;;;;;;;;;;;;;;;;;;;;;;;;;;;;;;;;;;;;;;;;;;;;;;;;;;;;;;;;;;;;;;;;;;;;;;;;;;;;;;;;;;;;;;;;;;;;;;;;;;;;;;;;;;;;;;;;;;;;;;;;;;;;;;;;;;;;;;;;;;;;;
2022;Nordeste;2;Bahia;BA;29;Salvador;2927408;Metropolitana de Salvador;5;Salvador;21;292740805;SERVICO NACIONAL DE APRENDIZAGEM COMERCIAL - SENAC;29469791;4;;1;;RUA DA MISERICORDIA;07/set;;CENTRO;40020200;71;32668251;2;26;;;;;;;;;;;;;;;;;;;;;;;;;;;;;;;;;;;;;;;;;;;;;;;;;;;;;;;;;;;;;;;;;;;;;;;;;;;;;;;;;;;;;;;;;;;;;;;;;;;;;;;;;;;;;;;;;;;;;;;;;;;;;;;;;;;;;;;;;;;;;;;;;;;;;;;;;;;;;;;;;;;;;;;;;;;;;;;;;;;;;;;;;;;;;;;;;;;;;;;;;;;;;;;;;;;;;;;;;;;;;;;;;;;;;;;;;;;;;;;;;;;;;;;;;;;;;;;;;;;;;;;;;;;;;;;;;;;;;;;;;;;;;;;;;;;;;;;;;;;;;;;;;;;;;;;;;;;;;;;;;;;;;;;;;;;;;;;;;;;;;;;;;;;;;;;;;;;;;
2022;Sudeste;3;Minas Gerais;MG;31;Belo Horizonte;3106200;Metropolitana de Belo Horizonte;7;Belo Horizonte;30;310620005;SENAC C FORM PROFIS DE B HORIZONTE;31274674;4;;1;;RUA TUPINAMBAS;1038;;CENTRO;30120910;.;.;2;2;;;;;;;;;;;;;;;;;;;;;;;;;;;;;;;;;;;;;;;;;;;;;;;;;;;;;;;;;;;;;;;;;;;;;;;;;;;;;;;;;;;;;;;;;;;;;;;;;;;;;;;;;;;;;;;;;;;;;;;;;;;;;;;;;;;;;;;;;;;;;;;;;;;;;;;;;;;;;;;;;;;;;;;;;;;;;;;;;;;;;;;;;;;;;;;;;;;;;;;;;;;;;;;;;;;;;;;;;;;;;;;;;;;;;;;;;;;;;;;;;;;;;;;;;;;;;;;;;;;;;;;;;;;;;;;;;;;;;;;;;;;;;;;;;;;;;;;;;;;;;;;;;;;;;;;;;;;;;;;;;;;;;;;;;;;;;;;;;;;;;;;;;;;;;;;;;;;;;
2022;Sudeste;3;Minas Gerais;MG;31;Belo Horizonte;3106200;Metropolitana de Belo Horizonte;7;Belo Horizonte;30;310620025;SENAC - UNIDADE DE ENSINO TECNICO DO CEP DO BARREIRO;31358460;4;;1;;AVENIDA SINFRONIO BROCHADO;635;;BARREIRO;30640000;.;.;2;1;;;;;;;;;;;;;;;;;;;;;;;;;;;;;;;;;;;;;;;;;;;;;;;;;;;;;;;;;;;;;;;;;;;;;;;;;;;;;;;;;;;;;;;;;;;;;;;;;;;;;;;;;;;;;;;;;;;;;;;;;;;;;;;;;;;;;;;;;;;;;;;;;;;;;;;;;;;;;;;;;;;;;;;;;;;;;;;;;;;;;;;;;;;;;;;;;;;;;;;;;;;;;;;;;;;;;;;;;;;;;;;;;;;;;;;;;;;;;;;;;;;;;;;;;;;;;;;;;;;;;;;;;;;;;;;;;;;;;;;;;;;;;;;;;;;;;;;;;;;;;;;;;;;;;;;;;;;;;;;;;;;;;;;;;;;;;;;;;;;;;;;;;;;;;;;;;;;;;
2022;Sudeste;3;Minas Gerais;MG;31;Belo Horizonte;3106200;Metropolitana de Belo Horizonte;7;Belo Horizonte;30;310620005;CEP SENAC GUAJAJARAS;31363960;4;1;1;0;RUA DOS GUAJAJARAS;;;;30180910;.;.;1;2;10JAN2022:00:00:00;15DEC2022:00:00:00;;;;;0;;;;;;;;;;;;;1;0;0;0;0;1;0;3,44724E+12;3,44724E+12;1;5;;;1;1;;0;0;0;;;0;;0;0;0;;1;1;0;0;0;0;1;;0;;0;0;0;0;0;0;1;1;0;0;0;0;;;;1;0;0;0;1;0;0;;;1;0;1;1;0;;1;1;0;0;0;0;0;1;1;0;0;0;0;0;0;0;0;0;0;0;0;0;1;0;0;0;1;0;0;0;;;0;1;0;0;1;1;0;0;0;0;;12;0;12;12;12;0;1;1;1;1;0;0;0;0;0;0;0;0;0;0;0;0;;;;;;;;;;;;;;1;27;1;1;0;0;;;1;1;1;1;0;1;0;1;1;;0;0;0;0;0;0;0;0;0;0;0;0;0;0;0;0;0;0;0;0;0;0;0;0;0;0;0;0;0;0;0;;;;;;;0;0;0;0;0;0;0;1;0;0;0;0;0;;;;0;;;;;;;0;;;;;;;1;9;9;0;0;0;0;0;1;9;0;0;1;1;0;0;0;1;1;0;1;0;0;0;0;0;0;0;1;0;0;0;0;1;1;0;115;0;0;0;0;0;0;0;115;0;0;0;0;1;1;0;61;54;9;17;19;69;0;1;0;0;0;0;97;18;97;18;0;0;0;0;0;0;0;0;11;0;0;0;0;0;0;0;11;0;0;0;0;1;1;0;14;0;0;0;0;0;0;0;14;0;0;0;0;1;1;0
2022;Sudeste;3;Minas Gerais;MG;31;Belo Horizonte;3106200;Metropolitana de Belo Horizonte;7;Belo Horizonte;30;310620005;SENAC - SERVICO NACIONAL DE APRENDIZAGEM COMERCIAL;31363987;4;;1;;AVENIDA LIEGE;213;;JARDIM DOS COMERCIARIOS VENDA NOVA;31640007;31;33435700;2;2;;;;;;;;;;;;;;;;;;;;;;;;;;;;;;;;;;;;;;;;;;;;;;;;;;;;;;;;;;;;;;;;;;;;;;;;;;;;;;;;;;;;;;;;;;;;;;;;;;;;;;;;;;;;;;;;;;;;;;;;;;;;;;;;;;;;;;;;;;;;;;;;;;;;;;;;;;;;;;;;;;;;;;;;;;;;;;;;;;;;;;;;;;;;;;;;;;;;;;;;;;;;;;;;;;;;;;;;;;;;;;;;;;;;;;;;;;;;;;;;;;;;;;;;;;;;;;;;;;;;;;;;;;;;;;;;;;;;;;;;;;;;;;;;;;;;;;;;;;;;;;;;;;;;;;;;;;;;;;;;;;;;;;;;;;;;;;;;;;;;;;;;;;;;;;;;;;;;;
2022;Sudeste;3;Minas Gerais;MG;31;Belo Horizonte;3106200;Metropolitana de Belo Horizonte;7;Belo Horizonte;30;310620005;CENTRO DE EDUCACAO PROFISSIONAL SENAC - PLUGMINAS;31364282;4;;1;;RUA SANTO AGOSTINHO;1441;;HORTO;31035480;31;33435600;2;2;;;;;;;;;;;;;;;;;;;;;;;;;;;;;;;;;;;;;;;;;;;;;;;;;;;;;;;;;;;;;;;;;;;;;;;;;;;;;;;;;;;;;;;;;;;;;;;;;;;;;;;;;;;;;;;;;;;;;;;;;;;;;;;;;;;;;;;;;;;;;;;;;;;;;;;;;;;;;;;;;;;;;;;;;;;;;;;;;;;;;;;;;;;;;;;;;;;;;;;;;;;;;;;;;;;;;;;;;;;;;;;;;;;;;;;;;;;;;;;;;;;;;;;;;;;;;;;;;;;;;;;;;;;;;;;;;;;;;;;;;;;;;;;;;;;;;;;;;;;;;;;;;;;;;;;;;;;;;;;;;;;;;;;;;;;;;;;;;;;;;;;;;;;;;;;;;;;;;
2022;Sudeste;3;Minas Gerais;MG;31;Contagem;3118601;Metropolitana de Belo Horizonte;7;Belo Horizonte;30;311860105;SENAC - UNIDADE DE ENSINO TECNICO DO CEP DE CONTAGEM;31319431;4;;1;;RUA LINO DE MORO;25;2º, 3º, 4º ANDAR;INCONFIDENTES;32260090;31;30489800;2;1;;;;;;;;;;;;;;;;;;;;;;;;;;;;;;;;;;;;;;;;;;;;;;;;;;;;;;;;;;;;;;;;;;;;;;;;;;;;;;;;;;;;;;;;;;;;;;;;;;;;;;;;;;;;;;;;;;;;;;;;;;;;;;;;;;;;;;;;;;;;;;;;;;;;;;;;;;;;;;;;;;;;;;;;;;;;;;;;;;;;;;;;;;;;;;;;;;;;;;;;;;;;;;;;;;;;;;;;;;;;;;;;;;;;;;;;;;;;;;;;;;;;;;;;;;;;;;;;;;;;;;;;;;;;;;;;;;;;;;;;;;;;;;;;;;;;;;;;;;;;;;;;;;;;;;;;;;;;;;;;;;;;;;;;;;;;;;;;;;;;;;;;;;;;;;;;;;;;;
2022;Sudeste;3;Minas Gerais;MG;31;Contagem;3118601;Metropolitana de Belo Horizonte;7;Belo Horizonte;30;311860105;FACULDADE SENAC MINAS;31359998;4;1;1;0;RUA DAS PAINEIRAS;;;;32310400;.;.;1;1;10JAN2022:00:00:00;15DEC2022:00:00:00;;;;;1;2;;;0;0;0;1;0;0;1;0;0;1;0;0;0;0;1;0;3,44724E+12;3,44724E+12;1;5;;2703;1;1;;0;0;0;;;0;;0;0;0;;1;1;0;0;0;0;1;;0;;0;0;0;0;0;0;1;1;0;0;0;0;;;;1;0;0;0;1;1;1;;;1;0;1;1;0;;1;1;0;0;0;0;0;1;1;0;0;0;0;0;0;0;0;0;0;0;0;0;1;0;1;0;1;0;0;0;;;0;1;1;0;1;1;0;0;0;0;;22;0;22;22;22;0;1;1;1;1;0;0;0;0;0;0;0;0;0;0;0;0;;;;;;;;;;;;;;1;123;1;1;0;0;;;1;1;1;1;0;1;0;1;1;;0;0;0;0;0;0;0;0;0;0;0;0;0;0;0;0;0;0;0;0;0;0;0;0;0;0;0;0;0;0;0;;;;;;;0;0;0;0;0;0;0;1;0;0;0;0;0;;;;0;;;;;;;0;;;;;;;1;9;9;0;0;0;0;0;1;9;0;0;1;1;0;0;0;1;1;0;1;0;0;0;0;0;0;0;1;1;0;0;0;1;1;0;1403;0;0;0;0;0;0;0;1403;1164;0;0;0;20;20;0;880;523;165;317;249;636;34;2;0;0;0;1;393;1009;980;423;0;0;0;0;0;0;0;0;55;0;0;0;0;0;0;0;55;52;0;0;0;34;34;0;78;0;0;0;0;0;0;0;78;52;0;0;0;17;17;0
2022;Sudeste;3;Minas Gerais;MG;31;Divinópolis;3122306;Oeste de Minas;9;Divinópolis;43;312230605;EM UNIDADE DE APOIO DO SENAC;31224855;3;;1;;RUA MINAS GERAIS;1474;;CENTRO;35500007;.;.;2;6;;;;;;;;;;;;;;;;;;;;;;;;;;;;;;;;;;;;;;;;;;;;;;;;;;;;;;;;;;;;;;;;;;;;;;;;;;;;;;;;;;;;;;;;;;;;;;;;;;;;;;;;;;;;;;;;;;;;;;;;;;;;;;;;;;;;;;;;;;;;;;;;;;;;;;;;;;;;;;;;;;;;;;;;;;;;;;;;;;;;;;;;;;;;;;;;;;;;;;;;;;;;;;;;;;;;;;;;;;;;;;;;;;;;;;;;;;;;;;;;;;;;;;;;;;;;;;;;;;;;;;;;;;;;;;;;;;;;;;;;;;;;;;;;;;;;;;;;;;;;;;;;;;;;;;;;;;;;;;;;;;;;;;;;;;;;;;;;;;;;;;;;;;;;;;;;;;;;;
2022;Sudeste;3;Minas Gerais;MG;31;Governador Valadares;3127701;Vale do Rio Doce;8;Governador Valadares;37;312770105;SENAC CEP GOVERNADOR VALADARES;31323934;4;1;1;0;AVENIDA JK;;;;35030210;.;.;1;7;10JAN2022:00:00:00;15DEC2022:00:00:00;;;;;1;2;;;0;0;0;1;0;0;1;0;0;0;0;0;0;0;1;0;3,44724E+12;3,44724E+12;1;5;;;1;1;;0;0;0;;;0;;0;0;0;;1;1;0;0;0;0;1;;0;;0;0;0;0;0;0;1;1;0;0;0;0;;;;1;0;0;0;1;1;1;;;1;0;1;0;0;;1;1;1;0;0;0;0;1;1;0;0;0;0;0;0;0;0;0;0;0;0;0;1;0;1;0;1;0;0;0;;;0;1;1;0;1;1;0;0;0;0;;16;0;16;7;16;0;1;1;1;1;0;0;0;0;0;0;0;0;0;0;0;0;;;;;;;;;;;;;;1;76;1;1;0;0;;;1;1;1;1;0;1;0;1;1;;1;2;1;6;1;1;0;0;0;0;0;0;0;0;0;0;0;0;1;5;1;1;0;0;0;0;0;0;0;0;0;;;;;;;0;0;0;0;0;0;0;1;0;0;0;0;0;;;;0;;;;;;;0;;;;;;;1;0;0;0;0;0;0;0;1;1;0;0;1;1;0;0;0;1;1;0;1;0;0;0;0;0;0;0;1;1;0;0;0;1;1;0;515;0;0;0;0;0;0;0;515;426;0;0;0;13;13;0;348;167;230;61;36;183;3;2;0;0;0;3;134;378;298;217;0;0;0;0;0;0;0;0;27;0;0;0;0;0;0;0;27;23;0;0;0;18;18;0;39;0;0;0;0;0;0;0;39;22;0;0;0;11;11;0
2022;Sudeste;3;Minas Gerais;MG;31;Janaúba;3135100;Norte de Minas;2;Janaúba;4;313510005;SENAC - UNIDADE DE ENSINO TECNICO DO CEP DE JANAUBA;31363944;4;;1;;AVENIDA DO COMERCIO;;;CENTRO;39442016;.;.;2;44;;;;;;;;;;;;;;;;;;;;;;;;;;;;;;;;;;;;;;;;;;;;;;;;;;;;;;;;;;;;;;;;;;;;;;;;;;;;;;;;;;;;;;;;;;;;;;;;;;;;;;;;;;;;;;;;;;;;;;;;;;;;;;;;;;;;;;;;;;;;;;;;;;;;;;;;;;;;;;;;;;;;;;;;;;;;;;;;;;;;;;;;;;;;;;;;;;;;;;;;;;;;;;;;;;;;;;;;;;;;;;;;;;;;;;;;;;;;;;;;;;;;;;;;;;;;;;;;;;;;;;;;;;;;;;;;;;;;;;;;;;;;;;;;;;;;;;;;;;;;;;;;;;;;;;;;;;;;;;;;;;;;;;;;;;;;;;;;;;;;;;;;;;;;;;;;;;;;;
2022;Sudeste;3;Minas Gerais;MG;31;Pirapora;3151206;Norte de Minas;2;Pirapora;6;315120605;SENAC - UNIDADE DE ENSINO TECNICO DO CEP DE PIRAPORA;31358452;4;;1;;AVENIDA TIRADENTES;;;CENTRO;39270090;38;37413172;2;46;;;;;;;;;;;;;;;;;;;;;;;;;;;;;;;;;;;;;;;;;;;;;;;;;;;;;;;;;;;;;;;;;;;;;;;;;;;;;;;;;;;;;;;;;;;;;;;;;;;;;;;;;;;;;;;;;;;;;;;;;;;;;;;;;;;;;;;;;;;;;;;;;;;;;;;;;;;;;;;;;;;;;;;;;;;;;;;;;;;;;;;;;;;;;;;;;;;;;;;;;;;;;;;;;;;;;;;;;;;;;;;;;;;;;;;;;;;;;;;;;;;;;;;;;;;;;;;;;;;;;;;;;;;;;;;;;;;;;;;;;;;;;;;;;;;;;;;;;;;;;;;;;;;;;;;;;;;;;;;;;;;;;;;;;;;;;;;;;;;;;;;;;;;;;;;;;;;;;
2022;Sudeste;3;Minas Gerais;MG;31;São Lourenço;3163706;Sul/Sudoeste de Minas;10;São Lourenço;54;316370605;CENTRO DE EDUCACAO PROFISSIONAL SENAC - SAO LOURENCO;31364061;4;;1;;RUA PRESIDENTE ARTHUR BERNARDES;85;;NOSSA SENHORA DE FATIMA;37470000;.;.;2;42;;;;;;;;;;;;;;;;;;;;;;;;;;;;;;;;;;;;;;;;;;;;;;;;;;;;;;;;;;;;;;;;;;;;;;;;;;;;;;;;;;;;;;;;;;;;;;;;;;;;;;;;;;;;;;;;;;;;;;;;;;;;;;;;;;;;;;;;;;;;;;;;;;;;;;;;;;;;;;;;;;;;;;;;;;;;;;;;;;;;;;;;;;;;;;;;;;;;;;;;;;;;;;;;;;;;;;;;;;;;;;;;;;;;;;;;;;;;;;;;;;;;;;;;;;;;;;;;;;;;;;;;;;;;;;;;;;;;;;;;;;;;;;;;;;;;;;;;;;;;;;;;;;;;;;;;;;;;;;;;;;;;;;;;;;;;;;;;;;;;;;;;;;;;;;;;;;;;;
2022;Sudeste;3;Minas Gerais;MG;31;Sete Lagoas;3167202;Metropolitana de Belo Horizonte;7;Sete Lagoas;27;316720205;SENAC UNIDADE DE ENSINO TECNICO DO CEP DE SETE LAGOAS;31312975;4;1;1;0;RUA JOSE DUARTE DE PAIVA;775;;VILA SANTA HELENA;35700854;31;37796205;1;23;10JAN2022:00:00:00;15DEC2022:00:00:00;;;;;1;2;;;0;0;0;1;0;0;1;0;0;1;0;0;0;0;1;0;3,44724E+12;3,44724E+12;1;5;;;1;1;;0;0;0;;;0;;0;0;0;;1;1;0;0;0;0;1;;0;;0;0;0;0;0;0;1;1;0;0;0;0;;;;1;0;0;0;1;1;0;;;1;0;1;0;0;;1;1;1;0;0;0;0;1;1;0;0;0;0;0;0;0;0;0;0;0;0;0;1;0;1;0;1;0;0;0;;;0;1;1;1;1;1;0;0;0;0;;12;0;12;11;12;0;1;1;1;1;0;0;0;0;0;0;0;0;0;0;0;0;;;;;;;;;;;;;;1;82;1;1;0;0;;;1;1;1;1;0;1;0;1;1;;0;0;0;0;0;0;0;0;0;0;0;0;0;0;0;0;0;0;0;0;0;0;0;0;0;0;0;0;0;0;0;;;;;;;0;0;0;0;0;0;0;1;0;0;0;0;0;;;;0;;;;;;;0;;;;;;;1;0;0;0;0;0;0;0;1;9;0;0;1;1;0;0;0;1;1;0;1;0;0;0;0;0;0;0;1;1;0;0;0;1;1;0;317;0;0;0;0;0;0;0;317;274;0;0;0;3;3;0;228;89;21;47;46;194;9;0;0;0;0;0;81;236;168;149;0;0;0;0;0;0;0;0;32;0;0;0;0;0;0;0;32;21;0;0;0;9;9;0;31;0;0;0;0;0;0;0;31;19;0;0;0;3;3;0
2022;Sudeste;3;Minas Gerais;MG;31;Tiradentes;3168804;Campo das Vertentes;11;São João Del Rei;58;316880405;CENTRO GASTRONOMICO SENAC - TIRADENTES;31363952;4;;1;;FRANCISCO DE PAULA;164;;CASCALHO;36325000;32;33552900;2;21;;;;;;;;;;;;;;;;;;;;;;;;;;;;;;;;;;;;;;;;;;;;;;;;;;;;;;;;;;;;;;;;;;;;;;;;;;;;;;;;;;;;;;;;;;;;;;;;;;;;;;;;;;;;;;;;;;;;;;;;;;;;;;;;;;;;;;;;;;;;;;;;;;;;;;;;;;;;;;;;;;;;;;;;;;;;;;;;;;;;;;;;;;;;;;;;;;;;;;;;;;;;;;;;;;;;;;;;;;;;;;;;;;;;;;;;;;;;;;;;;;;;;;;;;;;;;;;;;;;;;;;;;;;;;;;;;;;;;;;;;;;;;;;;;;;;;;;;;;;;;;;;;;;;;;;;;;;;;;;;;;;;;;;;;;;;;;;;;;;;;;;;;;;;;;;;;;;;;
2022;Sudeste;3;Minas Gerais;MG;31;Três Marias;3169356;Central Mineira;6;Três Marias;24;316935605;SENAC - UNIDADE DE ENSINO TECNICO DO CEP TRES MARIAS;31348392;4;;1;;RUA VARZEA DA PALMA;77;;CENTRO;39205000;38;37542854;2;38;;;;;;;;;;;;;;;;;;;;;;;;;;;;;;;;;;;;;;;;;;;;;;;;;;;;;;;;;;;;;;;;;;;;;;;;;;;;;;;;;;;;;;;;;;;;;;;;;;;;;;;;;;;;;;;;;;;;;;;;;;;;;;;;;;;;;;;;;;;;;;;;;;;;;;;;;;;;;;;;;;;;;;;;;;;;;;;;;;;;;;;;;;;;;;;;;;;;;;;;;;;;;;;;;;;;;;;;;;;;;;;;;;;;;;;;;;;;;;;;;;;;;;;;;;;;;;;;;;;;;;;;;;;;;;;;;;;;;;;;;;;;;;;;;;;;;;;;;;;;;;;;;;;;;;;;;;;;;;;;;;;;;;;;;;;;;;;;;;;;;;;;;;;;;;;;;;;;;
2022;Sudeste;3;Espírito Santo;ES;32;Vitória;3205309;Central Espírito-santense;3;Vitória;9;320530905;SERVICO NACIONAL DE APRENDIZAGEM COMERCIAL - SENAC;32067682;4;1;1;0;AVENIDA MARECHAL MASCARENHAS DE MORAES;2077;;BENTO FERREIRA;29050935;27;33258311;1;1;03JAN2022:00:00:00;22DEC2022:00:00:00;;;;;0;;;;;;;;;;;;;0;0;0;0;0;1;0;3,7433E+12;1E+14;1;1;;;1;1;;0;0;0;;;0;;0;1;0;;1;1;0;0;0;0;1;;0;;0;0;1;0;0;0;0;1;0;0;0;0;;;;0;0;1;0;1;1;1;;;1;0;1;1;1;;1;1;1;0;1;0;1;1;1;1;1;0;0;0;0;0;1;0;0;0;0;0;1;1;1;0;1;1;0;0;;;0;1;1;0;1;1;0;0;1;0;;133;0;133;130;10;0;1;1;1;1;1;0;1;3;1;10;1;10;0;0;1;80;;;;;;;;;;;;;;1;150;1;30;1;1;;;1;1;1;1;0;1;1;2;1;;1;20;1;25;1;1;1;3;1;2;0;0;0;0;0;0;0;0;1;15;1;1;1;10;1;5;1;2;0;0;0;;;;;;;1;0;1;1;0;1;1;1;0;0;0;0;0;;;;0;;;;;;;0;;;;;;;1;1;9;0;0;0;0;0;1;1;0;0;1;1;0;0;0;1;1;0;1;0;0;0;0;0;0;0;1;1;0;0;0;1;1;0;377;0;0;0;0;0;0;0;377;377;0;0;0;10;10;0;226;151;18;90;33;231;4;1;0;0;0;0;32;345;154;223;0;0;0;0;0;0;0;0;54;0;0;0;0;0;0;0;54;54;0;0;0;13;13;0;22;0;0;0;0;0;0;0;22;22;0;0;0;7;7;0
2022;Sudeste;3;Rio de Janeiro;RJ;33;Angra dos Reis;3300100;Sul Fluminense;5;Baía da Ilha Grande;13;330010005;SENAC ANGRA DOS REIS;33175608;4;;1;;RUA DR. CARLOS AMARAL BRASIL;;50;JARDIM BALNEARIO;23906040;.;.;2;11003;;;;;;;;;;;;;;;;;;;;;;;;;;;;;;;;;;;;;;;;;;;;;;;;;;;;;;;;;;;;;;;;;;;;;;;;;;;;;;;;;;;;;;;;;;;;;;;;;;;;;;;;;;;;;;;;;;;;;;;;;;;;;;;;;;;;;;;;;;;;;;;;;;;;;;;;;;;;;;;;;;;;;;;;;;;;;;;;;;;;;;;;;;;;;;;;;;;;;;;;;;;;;;;;;;;;;;;;;;;;;;;;;;;;;;;;;;;;;;;;;;;;;;;;;;;;;;;;;;;;;;;;;;;;;;;;;;;;;;;;;;;;;;;;;;;;;;;;;;;;;;;;;;;;;;;;;;;;;;;;;;;;;;;;;;;;;;;;;;;;;;;;;;;;;;;;;;;;;
2022;Sudeste;3;Rio de Janeiro;RJ;33;Barra do Piraí;3300308;Sul Fluminense;5;Barra do Piraí;12;330030805;SENAC BARRA DO PIRAI;33175004;4;1;1;0;RUA JOSE ALVES PIMENTA;;514;MATADOURO;27115010;.;.;1;11002;01JAN2022:00:00:00;31DEC2022:00:00:00;;;;;0;;;;;;;;;;;;;0;0;0;0;0;1;0;3,67235E+12;1E+14;1;1;;;1;3;;0;0;0;;;0;;0;0;0;;1;1;0;0;0;0;1;;0;;0;0;1;0;0;0;0;1;0;0;0;0;;;;0;0;0;1;1;0;0;;;1;0;1;0;0;;0;1;1;0;0;0;0;1;1;0;0;0;0;0;0;0;0;0;0;0;0;0;0;1;0;0;1;0;0;0;;;0;1;0;0;1;1;0;0;0;0;;4;0;4;4;4;0;1;0;0;1;0;0;0;0;0;0;0;0;0;0;1;4;;;;;;;;;;;;;;1;3;1;5;1;1;;;1;0;1;0;0;0;0;0;1;;1;1;1;1;1;1;0;0;1;1;0;0;0;0;0;0;0;0;1;1;1;1;0;0;0;0;1;1;0;0;0;;;;;;;0;0;0;0;0;0;1;0;0;0;0;0;0;;;;0;;;;;;;0;;;;;;;1;0;0;0;0;0;0;0;1;1;0;0;1;1;0;0;0;0;1;0;1;0;0;0;0;0;0;0;1;1;0;0;0;0;0;0;80;0;0;0;0;0;0;0;80;80;0;0;0;0;0;0;57;23;79;1;0;0;0;0;0;0;0;0;6;74;0;80;0;0;0;0;0;0;0;0;3;0;0;0;0;0;0;0;3;3;0;0;0;0;0;0;2;0;0;0;0;0;0;0;2;2;0;0;0;0;0;0
2022;Sudeste;3;Rio de Janeiro;RJ;33;Barra Mansa;3300407;Sul Fluminense;5;Vale do Paraíba Fluminense;11;330040705;SENAC BARRA MANSA;33175209;4;;1;;RUA LUIZ PONCE;;103;CENTRO;27310400;.;.;2;11003;;;;;;;;;;;;;;;;;;;;;;;;;;;;;;;;;;;;;;;;;;;;;;;;;;;;;;;;;;;;;;;;;;;;;;;;;;;;;;;;;;;;;;;;;;;;;;;;;;;;;;;;;;;;;;;;;;;;;;;;;;;;;;;;;;;;;;;;;;;;;;;;;;;;;;;;;;;;;;;;;;;;;;;;;;;;;;;;;;;;;;;;;;;;;;;;;;;;;;;;;;;;;;;;;;;;;;;;;;;;;;;;;;;;;;;;;;;;;;;;;;;;;;;;;;;;;;;;;;;;;;;;;;;;;;;;;;;;;;;;;;;;;;;;;;;;;;;;;;;;;;;;;;;;;;;;;;;;;;;;;;;;;;;;;;;;;;;;;;;;;;;;;;;;;;;;;;;;;
2022;Sudeste;3;Rio de Janeiro;RJ;33;Cabo Frio;3300704;Baixadas;4;Lagos;10;330070405;SENAC CABO FRIO;33176000;4;1;1;0;AVENIDA TEIXEIRA E SOUZA;;31;CENTRO;28907410;.;.;1;11001;01JAN2022:00:00:00;31DEC2022:00:00:00;;;;;0;;;;;;;;;;;;;0;0;0;0;0;1;0;3,67235E+12;1E+14;1;1;;;1;2;;0;0;0;;;0;;0;0;0;;1;1;0;0;0;0;1;;0;;0;0;1;0;0;0;0;1;0;0;0;0;;;;0;0;0;1;0;0;0;;;1;0;1;1;0;;0;0;0;0;0;0;0;1;1;0;0;0;0;0;0;0;0;0;0;0;0;0;0;0;1;0;1;0;0;0;;;0;1;1;0;1;0;0;0;1;0;;8;0;8;8;7;0;1;1;1;1;1;0;1;1;1;1;1;3;0;0;1;1;;;;;;;;;;;;;;1;20;1;1;0;0;;;1;1;1;1;1;1;1;3;1;;1;2;1;2;0;0;0;0;0;0;0;0;0;0;0;0;0;0;1;4;1;1;1;2;0;0;1;1;0;0;0;;;;;;;1;0;0;1;0;0;0;0;0;0;0;0;0;;;;0;;;;;;;0;;;;;;;1;0;0;0;0;0;0;0;1;1;0;0;1;1;0;0;0;0;1;0;1;0;0;0;0;0;0;0;1;1;0;0;0;0;0;0;80;0;0;0;0;0;0;0;80;80;0;0;0;0;0;0;61;19;80;0;0;0;0;0;0;0;0;0;5;75;0;80;0;0;0;0;0;0;0;0;7;0;0;0;0;0;0;0;7;7;0;0;0;0;0;0;3;0;0;0;0;0;0;0;3;3;0;0;0;0;0;0
2022;Sudeste;3;Rio de Janeiro;RJ;33;Campos dos Goytacazes;3301009;Norte Fluminense;2;Campos dos Goytacazes;3;330100905;SENAC CAMPOS;33177406;4;1;1;0;RUA CORA DE ALVARENGA;;151;PARQUE LEOPOLDINA;28051271;.;.;1;11012;01JAN2022:00:00:00;31DEC2022:00:00:00;;;;;0;;;;;;;;;;;;;0;0;0;0;0;1;0;3,67235E+12;1E+14;1;1;;;1;1;;0;0;0;;;0;;0;0;0;;1;1;0;0;0;0;1;;0;;0;0;1;0;0;0;0;1;0;0;0;0;;;;0;0;0;1;1;0;1;;;1;0;1;0;0;;1;1;0;0;0;0;0;1;1;0;0;0;0;0;0;0;0;0;0;0;0;1;0;1;1;0;1;0;0;0;;;0;1;1;1;1;1;0;1;1;0;;19;0;19;19;0;0;1;1;1;1;1;0;1;1;1;1;1;1;0;0;1;1;;;;;;;;;;;;;;1;19;1;1;1;1;;;1;1;1;1;0;1;1;3;1;;1;1;1;1;1;1;0;0;0;0;0;0;0;0;0;0;0;0;1;1;1;1;0;0;0;0;1;1;0;0;0;;;;;;;1;0;0;0;0;0;0;0;0;0;0;0;0;;;;0;;;;;;;0;;;;;;;1;0;0;0;0;0;0;0;1;1;0;0;1;1;0;0;0;1;1;0;1;0;0;0;0;0;0;0;1;1;0;0;0;1;1;0;276;0;0;0;0;0;0;0;276;276;0;0;0;2;2;0;206;70;274;1;0;1;0;0;0;0;0;0;18;258;91;185;0;0;0;0;0;0;0;0;20;0;0;0;0;0;0;0;20;20;0;0;0;5;5;0;12;0;0;0;0;0;0;0;12;12;0;0;0;2;2;0
2022;Sudeste;3;Rio de Janeiro;RJ;33;Duque de Caxias;3301702;Metropolitana do Rio de Janeiro;6;Rio de Janeiro;18;330170205;SENAC DUQUE DE CAXIAS;33173001;4;1;1;0;AV. BRIGADEIRO LIMA E SILVA;;764;25 DE AGOSTO;25085131;.;.;1;11008;01JAN2022:00:00:00;31DEC2022:00:00:00;;;;;0;;;;;;;;;;;;;0;0;0;0;0;1;0;3,67235E+12;1E+14;1;1;;;1;1;;0;0;0;;;0;;0;0;0;;1;1;0;0;0;0;1;;0;;0;0;1;0;0;0;0;1;0;0;0;0;;;;0;0;0;1;1;1;1;;;1;0;1;0;1;;0;1;1;0;0;0;0;1;1;0;0;0;0;0;0;0;0;0;0;0;0;1;0;1;1;0;1;0;0;0;;;0;1;1;0;1;0;0;0;1;0;;25;0;25;25;0;1;1;1;0;1;0;0;1;1;1;3;1;2;0;0;1;25;;;;;;;;;;;;;;1;76;1;30;1;24;;;1;0;0;1;0;0;0;1;1;;1;88888;1;7;1;1;0;0;0;0;0;0;0;0;0;0;0;0;1;88888;1;1;1;88888;0;0;1;1;0;0;0;;;;;;;1;0;0;0;0;0;0;0;0;0;0;0;0;;;;0;;;;;;;0;;;;;;;1;0;0;0;0;0;0;0;1;1;0;0;1;1;0;0;0;1;1;0;1;0;0;0;0;0;0;0;1;1;0;0;0;1;1;0;74;0;0;0;0;0;0;0;74;74;0;0;0;1;1;0;50;24;73;0;0;1;0;0;0;0;0;0;5;69;41;33;0;0;0;0;0;0;0;0;7;0;0;0;0;0;0;0;7;7;0;0;0;2;2;0;4;0;0;0;0;0;0;0;4;4;0;0;0;1;1;0
2022;Sudeste;3;Rio de Janeiro;RJ;33;Itaperuna;3302205;Noroeste Fluminense;1;Itaperuna;1;330220505;SENAC ITAPERUNA;33178607;4;1;1;0;AVENIDA PRESIDENTE DUTRA;;527;CIDADE NOVA;28300000;.;.;1;11011;01JAN2022:00:00:00;31DEC2022:00:00:00;;;;;0;;;;;;;;;;;;;0;0;0;0;0;1;0;3,67235E+12;1E+14;1;1;;;1;2;;0;0;0;;;0;;0;0;0;;1;1;0;0;0;0;1;;0;;0;0;1;0;0;0;0;1;0;0;0;0;;;;0;0;0;1;1;0;0;;;1;0;1;1;0;;1;1;0;0;0;0;0;1;1;0;0;0;0;0;0;0;0;0;0;0;0;0;1;0;1;0;1;0;0;0;;;0;0;0;0;1;1;0;0;1;0;;5;0;5;5;5;0;1;0;0;1;0;0;0;0;1;2;1;1;0;0;1;88888;;;;;;;;;;;;;;1;2;1;14;1;1;;;1;1;1;1;0;1;1;3;1;;1;7;1;2;1;1;1;1;0;0;0;0;0;0;0;0;0;0;1;1;1;1;0;0;1;2;1;1;0;0;0;;;;;;;1;0;1;1;0;0;0;0;0;0;0;0;0;;;;0;;;;;;;0;;;;;;;1;0;0;0;0;0;0;0;1;1;0;0;1;1;0;0;0;1;1;0;1;0;0;0;0;0;0;0;1;1;0;0;0;0;0;0;69;0;0;0;0;0;0;0;69;69;0;0;0;0;0;0;57;12;69;0;0;0;0;0;0;0;0;0;0;69;18;51;0;0;0;0;0;0;0;0;5;0;0;0;0;0;0;0;5;5;0;0;0;0;0;0;4;0;0;0;0;0;0;0;4;4;0;0;0;0;0;0
2022;Sudeste;3;Rio de Janeiro;RJ;33;Macaé;3302403;Norte Fluminense;2;Macaé;4;330240305;SENAC MACAE;33185140;4;1;1;0;RUA ZACARIAS DE MACEDO;;104;VISCONDE DE ARAUJO;27943170;.;.;1;11012;01JAN2022:00:00:00;31DEC2022:00:00:00;;;;;0;;;;;;;;;;;;;0;0;0;0;0;1;0;3,67235E+12;1E+14;1;1;;;1;1;;0;0;0;;;0;;0;0;0;;1;1;0;0;0;0;1;;0;;0;0;1;0;0;0;0;1;0;0;0;0;;;;0;0;0;1;1;0;1;;;1;0;1;0;0;;1;1;0;0;0;0;0;1;1;0;0;0;0;0;0;0;0;0;0;0;0;1;0;1;1;0;1;0;0;0;;;0;1;1;1;1;1;0;1;1;0;;3;0;3;3;0;0;1;1;1;1;1;0;1;1;1;1;1;1;0;0;1;1;;;;;;;;;;;;;;1;1;1;1;1;1;;;1;1;1;1;0;1;1;3;1;;1;1;1;1;1;1;0;0;0;0;0;0;0;0;0;0;0;0;1;1;1;1;0;0;0;0;1;1;0;0;0;;;;;;;1;0;0;0;0;0;0;0;0;0;0;0;0;;;;0;;;;;;;0;;;;;;;1;0;0;0;0;0;0;0;1;1;0;0;1;1;0;0;0;0;1;0;1;0;0;0;0;0;0;0;1;1;0;0;0;0;0;0;34;0;0;0;0;0;0;0;34;34;0;0;0;0;0;0;22;12;33;1;0;0;0;0;0;0;0;0;2;32;0;34;0;0;0;0;0;0;0;0;2;0;0;0;0;0;0;0;2;2;0;0;0;0;0;0;1;0;0;0;0;0;0;0;1;1;0;0;0;0;0;0
2022;Sudeste;3;Rio de Janeiro;RJ;33;Niterói;3303302;Metropolitana do Rio de Janeiro;6;Rio de Janeiro;18;330330205;SENAC NITEROI;33174806;4;1;1;0;RUA ALMIRANTE TEFFE;;680;CENTRO;24030085;.;.;1;11001;01JAN2022:00:00:00;31DEC2022:00:00:00;;;;;0;;;;;;;;;;;;;0;0;0;0;0;1;0;3,67235E+12;1E+14;1;1;;;1;1;;0;0;0;;;0;;0;0;0;;1;1;0;0;0;0;1;;0;;0;0;1;0;0;0;0;1;0;0;0;0;;;;0;0;0;1;1;0;1;;;1;0;1;0;0;;1;1;0;0;0;0;0;1;1;0;0;0;0;0;0;0;0;0;0;0;0;1;0;1;1;0;1;0;0;0;;;0;1;1;1;1;1;0;1;1;0;;30;0;30;30;0;0;1;1;1;1;1;0;1;1;1;6;0;0;0;0;1;26;;;;;;;;;;;;;;1;81;0;0;0;0;;;1;1;1;1;0;1;1;3;1;;1;30;1;8;1;1;0;0;0;0;0;0;0;0;0;0;0;0;1;1;1;1;1;5;0;0;1;1;0;0;0;;;;;;;1;0;0;0;0;0;0;0;0;0;0;0;0;;;;0;;;;;;;0;;;;;;;1;0;0;0;0;0;0;0;1;1;0;0;1;1;0;0;0;1;1;0;1;0;0;0;0;0;0;0;1;1;0;0;0;1;1;0;538;0;0;0;0;0;0;0;538;538;0;0;0;11;11;0;354;184;531;3;0;4;0;0;0;0;0;0;21;517;322;216;0;0;0;0;0;0;0;0;34;0;0;0;0;0;0;0;34;34;0;0;0;14;14;0;24;0;0;0;0;0;0;0;24;24;0;0;0;8;8;0
2022;Sudeste;3;Rio de Janeiro;RJ;33;Nova Friburgo;3303401;Centro Fluminense;3;Nova Friburgo;7;330340105;SENAC NOVA FRIBURGO;33179204;4;1;1;0;AVENIDA ALBERTO BRAUNE;;135 LOJA 07 GALER;CENTRO;28613001;.;.;1;11014;01JAN2022:00:00:00;31DEC2022:00:00:00;;;;;0;;;;;;;;;;;;;0;0;0;0;0;1;0;3,67235E+12;1E+14;1;1;;;1;1;;0;0;0;;;0;;0;0;0;;1;1;0;0;0;0;1;;0;;0;0;1;0;0;0;0;1;0;0;0;0;;;;0;0;0;1;1;0;0;;;1;0;1;0;0;;0;1;0;0;0;0;0;1;1;0;0;0;0;0;0;0;0;0;0;0;0;0;0;1;1;0;1;0;0;0;;;0;1;0;0;1;0;0;0;1;0;;8;0;8;8;3;0;1;1;1;1;1;0;1;1;1;2;1;4;0;0;1;9;;;;;;;;;;;;;;1;21;1;21;0;0;;;1;1;1;1;0;1;1;3;1;;1;5;1;2;0;0;0;0;1;3;0;0;0;0;0;0;0;0;1;1;1;1;0;0;0;0;1;1;0;0;0;;;;;;;1;0;0;0;0;0;0;0;0;0;0;0;0;;;;0;;;;;;;0;;;;;;;1;0;0;0;0;0;0;0;1;1;0;0;1;1;0;0;0;1;1;0;1;0;0;0;0;0;0;0;1;1;0;0;0;0;0;0;49;0;0;0;0;0;0;0;49;49;0;0;0;0;0;0;46;3;49;0;0;0;0;0;0;0;0;0;0;49;12;37;0;0;0;0;0;0;0;0;8;0;0;0;0;0;0;0;8;8;0;0;0;0;0;0;4;0;0;0;0;0;0;0;4;4;0;0;0;0;0;0
2022;Sudeste;3;Rio de Janeiro;RJ;33;Nova Iguaçu;3303500;Metropolitana do Rio de Janeiro;6;Rio de Janeiro;18;330350005;SENAC NOVA IGUACU 1;33173400;4;;1;;RUA LUIS DE LIMA;;268;CENTRO;26221080;.;.;2;11004;;;;;;;;;;;;;;;;;;;;;;;;;;;;;;;;;;;;;;;;;;;;;;;;;;;;;;;;;;;;;;;;;;;;;;;;;;;;;;;;;;;;;;;;;;;;;;;;;;;;;;;;;;;;;;;;;;;;;;;;;;;;;;;;;;;;;;;;;;;;;;;;;;;;;;;;;;;;;;;;;;;;;;;;;;;;;;;;;;;;;;;;;;;;;;;;;;;;;;;;;;;;;;;;;;;;;;;;;;;;;;;;;;;;;;;;;;;;;;;;;;;;;;;;;;;;;;;;;;;;;;;;;;;;;;;;;;;;;;;;;;;;;;;;;;;;;;;;;;;;;;;;;;;;;;;;;;;;;;;;;;;;;;;;;;;;;;;;;;;;;;;;;;;;;;;;;;;;;
2022;Sudeste;3;Rio de Janeiro;RJ;33;Nova Iguaçu;3303500;Metropolitana do Rio de Janeiro;6;Rio de Janeiro;18;330350005;SENAC NOVA IGUACU;33174075;4;1;1;0;RUA CEL. CARLOS MATOS;;86;CENTRO;26210200;.;.;1;11004;01JAN2022:00:00:00;31DEC2022:00:00:00;;;;;0;;;;;;;;;;;;;0;0;0;0;0;1;0;3,67235E+12;1E+14;1;1;;;1;2;;0;0;0;;;0;;0;0;0;;1;1;0;0;0;0;1;;0;;0;0;1;0;0;0;0;1;0;0;0;0;;;;0;0;0;1;1;0;1;;;1;0;1;0;0;;1;1;0;0;0;0;0;1;1;0;0;0;0;0;0;0;0;0;0;0;0;1;0;1;1;0;1;0;0;0;;;0;1;1;1;1;1;0;1;1;0;;31;0;31;31;0;0;1;1;1;1;1;0;1;1;1;1;1;1;0;0;1;30;;;;;;;;;;;;;;1;155;0;0;0;0;;;1;1;1;1;1;1;1;3;1;;1;16;1;1;1;1;1;4;0;0;0;0;0;0;0;0;0;0;1;5;1;1;1;2;0;0;1;1;0;0;0;;;;;;;1;0;0;0;0;0;0;0;0;0;0;0;0;;;;0;;;;;;;0;;;;;;;1;0;0;0;0;0;0;0;1;1;0;0;1;1;0;0;0;1;1;0;1;0;0;0;0;0;0;0;1;1;0;0;0;1;1;0;620;0;0;0;0;0;0;0;620;620;0;0;0;3;3;0;367;253;611;1;1;6;1;0;0;0;0;0;62;558;369;251;0;0;0;0;0;0;0;0;37;0;0;0;0;0;0;0;37;37;0;0;0;6;6;0;29;0;0;0;0;0;0;0;29;29;0;0;0;3;3;0
2022;Sudeste;3;Rio de Janeiro;RJ;33;Petrópolis;3303906;Metropolitana do Rio de Janeiro;6;Serrana;15;330390605;SENAC PETROPOLIS;33174601;4;1;1;0;RUA ALFREDO PACHA;;26;CENTRO;25685210;.;.;1;11013;01JAN2022:00:00:00;31DEC2022:00:00:00;;;;;0;;;;;;;;;;;;;0;0;0;0;0;1;0;3,67235E+12;1E+14;1;1;;;1;3;;0;0;0;;;0;;0;0;0;;1;1;0;0;0;0;1;;0;;0;0;1;0;0;0;0;1;0;0;0;0;;;;0;0;0;1;1;1;1;;;1;0;1;0;0;;0;1;0;0;0;0;0;1;1;0;0;0;0;0;0;0;0;0;0;0;0;1;1;1;1;0;1;0;0;0;;;0;1;0;1;1;1;0;1;1;0;;6;0;6;5;6;0;1;1;1;1;1;0;0;0;1;2;1;3;0;0;1;88888;;;;;;;;;;;;;;1;39;0;0;0;0;;;1;1;1;1;0;1;0;3;1;;1;5;0;0;1;1;0;0;0;0;0;0;0;0;0;0;0;0;1;1;1;1;1;4;1;4;1;1;0;0;0;;;;;;;0;0;0;0;0;0;0;0;0;0;0;0;1;;;;0;;;;;;;0;;;;;;;1;0;0;0;0;0;0;0;1;1;0;0;1;1;0;0;0;1;1;0;1;0;0;0;0;0;0;0;1;1;0;0;0;1;1;0;123;0;0;0;0;0;0;0;123;123;0;0;0;1;1;0;110;13;123;0;0;0;0;0;0;0;0;0;3;120;34;89;0;0;0;0;0;0;0;0;11;0;0;0;0;0;0;0;11;11;0;0;0;2;2;0;8;0;0;0;0;0;0;0;8;8;0;0;0;1;1;0
2022;Sudeste;3;Rio de Janeiro;RJ;33;Resende;3304201;Sul Fluminense;5;Vale do Paraíba Fluminense;11;330420105;SENAC RESENDE;33176205;4;1;1;0;RUA SARKIS JOSE SARKIS;;80;JARDIM JALISCO;27510100;.;.;1;11003;01JAN2022:00:00:00;31DEC2022:00:00:00;;;;;0;;;;;;;;;;;;;0;0;0;0;0;1;0;3,67235E+12;1E+14;1;1;;;1;3;;0;0;0;;;0;;0;0;0;;1;1;0;0;0;0;1;;0;;0;0;1;0;0;0;0;1;0;0;0;0;;;;0;0;0;1;1;1;1;;;1;0;1;1;0;;1;1;1;1;0;0;0;1;1;1;0;0;0;0;0;0;0;0;0;0;0;1;1;1;1;0;1;0;0;0;;;0;1;1;0;1;1;0;1;1;0;;19;0;19;18;18;1;1;1;1;1;1;0;1;4;1;4;1;3;0;0;0;0;;;;;;;;;;;;;;1;19;0;0;1;4;;;1;1;1;1;1;1;0;2;1;;1;3;1;4;1;1;0;0;0;0;0;0;0;0;0;0;0;0;1;1;1;1;1;4;0;0;1;1;0;0;0;;;;;;;1;0;0;1;0;0;0;0;0;0;0;0;0;;;;0;;;;;;;0;;;;;;;1;0;0;0;0;0;0;0;1;1;0;0;1;1;0;0;0;1;1;0;1;0;0;0;0;0;0;0;1;1;0;0;0;0;0;0;360;0;0;0;0;0;0;0;360;360;0;0;0;0;0;0;298;62;360;0;0;0;0;0;0;0;0;0;13;347;123;237;0;0;0;0;0;0;0;0;10;0;0;0;0;0;0;0;10;10;0;0;0;0;0;0;12;0;0;0;0;0;0;0;12;12;0;0;0;0;0;0
2022;Sudeste;3;Rio de Janeiro;RJ;33;Rio das Ostras;3304524;Baixadas;4;Bacia de São João;9;330452405;SENAC RIO DAS OSTRAS;33178801;4;1;1;0;RUA RIO DE JANEIRO;;S/N;EXTENSAO DO BOSQUE;28893334;.;.;1;11012;01JAN2022:00:00:00;31DEC2022:00:00:00;;;;;0;;;;;;;;;;;;;0;0;0;0;0;1;0;3,67235E+12;1E+14;1;1;;;1;3;;0;0;0;;;0;;0;0;0;;1;1;0;0;0;0;1;;0;;0;0;1;0;0;0;0;1;0;0;0;0;;;;0;0;0;1;1;1;0;;;1;0;1;0;0;;0;1;0;0;0;0;0;0;0;0;0;0;0;0;0;0;0;0;0;0;0;0;0;1;0;0;1;0;0;0;;;0;1;0;1;1;1;0;1;1;0;;4;0;4;4;4;0;1;1;1;1;1;0;1;4;1;4;0;0;1;4;1;4;;;;;;;;;;;;;;1;11;1;13;1;1;;;1;1;1;1;1;1;0;1;1;;1;1;1;2;0;0;0;0;0;0;0;0;0;0;0;0;0;0;1;1;1;1;0;0;0;0;1;1;0;0;0;;;;;;;1;0;0;1;0;0;1;0;0;0;0;0;0;;;;0;;;;;;;0;;;;;;;1;0;0;0;0;0;0;0;1;1;0;0;1;1;0;0;0;0;1;0;1;0;0;0;0;0;0;0;1;1;0;0;0;0;0;0;29;0;0;0;0;0;0;0;29;29;0;0;0;0;0;0;15;14;29;0;0;0;0;0;0;0;0;0;2;27;0;29;0;0;0;0;0;0;0;0;3;0;0;0;0;0;0;0;3;3;0;0;0;0;0;0;1;0;0;0;0;0;0;0;1;1;0;0;0;0;0;0
2022;Sudeste;3;Rio de Janeiro;RJ;33;Rio de Janeiro;3304557;Metropolitana do Rio de Janeiro;6;Rio de Janeiro;18;330455705;SENAC IRAJA;33161275;4;1;1;0;RUA EMILIANO FELIPE;;173;IRAJA;21230145;.;.;1;11006;01JAN2022:00:00:00;31DEC2022:00:00:00;;;;;0;;;;;;;;;;;;;0;0;0;0;0;1;0;3,67235E+12;1E+14;1;1;;;1;1;;0;0;0;;;0;;0;0;0;;1;1;0;0;0;0;1;;0;;0;0;1;0;0;0;0;1;0;0;0;0;;;;0;0;0;1;1;0;1;;;1;0;1;0;0;;1;1;0;0;0;0;0;1;1;0;0;0;0;0;0;0;0;0;0;0;0;1;0;1;1;0;1;0;0;0;;;0;1;1;1;1;1;0;1;1;0;;27;0;27;27;0;0;1;1;1;1;1;0;1;1;1;1;1;1;0;0;1;1;;;;;;;;;;;;;;1;52;1;1;1;1;;;1;1;1;1;0;1;1;3;1;;1;10;1;6;1;1;0;0;0;0;0;0;0;0;0;0;0;0;1;7;1;1;1;6;1;1;1;1;0;0;0;;;;;;;1;0;0;0;0;0;0;0;0;0;0;0;0;;;;0;;;;;;;0;;;;;;;1;0;0;0;0;0;0;0;1;1;0;0;1;1;0;0;0;1;1;0;1;0;0;0;0;0;0;0;1;1;0;0;0;1;1;0;294;0;0;0;0;0;0;0;294;294;0;0;0;1;1;0;216;78;292;1;0;1;0;0;0;0;0;0;10;284;106;188;0;0;0;0;0;0;0;0;13;0;0;0;0;0;0;0;13;13;0;0;0;1;1;0;10;0;0;0;0;0;0;0;10;10;0;0;0;1;1;0
2022;Sudeste;3;Rio de Janeiro;RJ;33;Rio de Janeiro;3304557;Metropolitana do Rio de Janeiro;6;Rio de Janeiro;18;330455705;SENAC BOTAFOGO;33161283;4;1;1;0;RUA BAMBINA;;107;BOTAFOGO;22251050;.;.;1;11009;01JAN2022:00:00:00;31DEC2022:00:00:00;;;;;0;;;;;;;;;;;;;0;0;0;0;0;1;0;3,67235E+12;1E+14;1;1;;;1;1;;0;0;0;;;0;;0;0;0;;1;1;0;0;0;0;1;;0;;0;0;1;0;0;0;0;1;0;0;0;0;;;;0;0;0;1;1;0;1;;;1;0;1;0;0;;1;1;0;0;0;0;0;1;1;0;0;0;0;0;0;0;0;0;0;0;0;1;0;1;1;0;1;0;0;0;;;0;1;1;1;1;1;0;1;1;0;;23;0;23;23;23;0;1;1;1;1;1;0;0;0;1;5;1;4;1;2;1;23;;;;;;;;;;;;;;1;113;1;87;1;8;;;1;1;1;1;0;1;1;3;1;;1;10;0;0;1;1;0;0;0;0;0;0;0;0;0;0;0;0;1;1;1;1;0;0;0;0;1;1;0;0;0;;;;;;;1;0;0;0;0;0;0;0;0;0;0;0;0;;;;0;;;;;;;0;;;;;;;1;0;0;0;0;0;0;0;1;1;0;0;1;1;0;0;0;1;1;0;1;0;0;0;0;0;0;0;1;1;0;0;0;1;1;0;275;0;0;0;0;0;0;0;275;275;0;0;0;4;4;0;176;99;269;4;0;2;0;0;0;0;0;0;4;271;137;138;0;0;0;0;0;0;0;0;28;0;0;0;0;0;0;0;28;28;0;0;0;8;8;0;14;0;0;0;0;0;0;0;14;14;0;0;0;4;4;0
2022;Sudeste;3;Rio de Janeiro;RJ;33;Rio de Janeiro;3304557;Metropolitana do Rio de Janeiro;6;Rio de Janeiro;18;330455705;SENAC MADUREIRA;33172609;4;1;1;0;RUA EWBANCK DA CAMARA;;91;MADUREIRA;21310150;.;.;1;11006;01JAN2022:00:00:00;31DEC2022:00:00:00;;;;;0;;;;;;;;;;;;;0;0;0;0;0;1;0;3,67235E+12;1E+14;1;1;;;1;1;;0;0;0;;;0;;0;0;0;;1;1;0;0;0;0;1;;0;;0;0;1;0;0;0;0;1;0;0;0;0;;;;0;0;0;1;1;0;1;;;1;0;1;0;0;;1;1;0;0;0;0;0;1;1;0;0;0;0;0;0;0;0;0;0;0;0;1;0;1;1;0;1;0;0;0;;;0;1;1;1;1;1;0;1;1;0;;24;0;24;24;0;0;1;1;1;1;1;0;1;1;1;19;1;4;0;0;1;32;;;;;;;;;;;;;;1;107;1;26;1;1;;;1;1;1;1;0;1;1;3;1;;1;1;1;1;1;1;0;0;0;0;0;0;0;0;0;0;0;0;1;1;1;1;0;0;0;0;1;1;0;0;0;;;;;;;1;0;0;0;0;0;0;0;0;0;0;0;0;;;;0;;;;;;;0;;;;;;;1;0;0;0;0;0;0;0;1;1;0;0;1;1;0;0;0;1;1;0;1;0;0;0;0;0;0;0;1;1;0;0;0;0;0;0;452;0;0;0;0;0;0;0;452;452;0;0;0;0;0;0;285;167;451;0;0;1;0;0;0;0;0;0;25;427;259;193;0;0;0;0;0;0;0;0;30;0;0;0;0;0;0;0;30;30;0;0;0;0;0;0;18;0;0;0;0;0;0;0;18;18;0;0;0;0;0;0
2022;Sudeste;3;Rio de Janeiro;RJ;33;Rio de Janeiro;3304557;Metropolitana do Rio de Janeiro;6;Rio de Janeiro;18;330455705;SENAC MARECHAL FLORIANO;33172803;4;1;1;0;AV. MARECHAL FLORIANO;;6;CENTRO;20080007;.;.;1;11009;01JAN2022:00:00:00;31DEC2022:00:00:00;;;;;0;;;;;;;;;;;;;0;0;0;0;0;1;0;3,67235E+12;1E+14;1;1;;;1;1;;0;0;0;;;0;;0;0;0;;1;1;0;0;0;0;1;;0;;0;0;1;0;0;0;0;1;0;0;0;0;;;;0;0;0;1;1;0;0;;;1;0;1;1;1;;1;1;0;0;0;0;0;1;1;0;0;0;0;0;0;0;0;0;0;0;0;0;1;0;1;0;1;0;0;0;;;0;1;1;0;1;1;0;1;1;0;;22;0;22;22;0;0;1;1;1;1;0;0;0;0;1;6;1;2;0;0;1;20;;;;;;;;;;;;;;1;24;1;14;0;0;;;1;1;1;1;0;1;1;3;1;;1;9;1;6;1;1;0;0;0;0;0;0;0;0;0;0;0;0;1;8;1;1;1;5;1;1;1;2;0;0;0;;;;;;;0;0;0;1;0;0;0;0;0;0;0;0;0;;;;0;;;;;;;0;;;;;;;1;0;0;0;0;0;0;0;1;1;0;0;1;1;0;0;0;1;1;0;1;0;0;0;0;0;0;0;1;1;0;0;0;1;1;0;1075;0;0;0;0;0;0;0;1075;1075;0;0;0;10;10;0;617;458;1066;4;1;4;0;0;0;0;0;0;54;1021;185;890;0;0;0;0;0;0;0;0;47;0;0;0;0;0;0;0;47;47;0;0;0;14;14;0;32;0;0;0;0;0;0;0;32;32;0;0;0;7;7;0
2022;Sudeste;3;Rio de Janeiro;RJ;33;Rio de Janeiro;3304557;Metropolitana do Rio de Janeiro;6;Rio de Janeiro;18;330455705;SENAC COPACABANA;33173800;4;1;1;0;RUA POMPEU LOUREIRO;;45 4 ANDAR;COPACABANA;22061000;.;.;1;11009;01JAN2022:00:00:00;31DEC2022:00:00:00;;;;;0;;;;;;;;;;;;;0;0;0;0;0;1;0;3,67235E+12;1E+14;1;1;;;1;1;;0;0;0;;;0;;0;0;0;;1;1;0;0;0;0;1;;0;;0;0;1;0;0;0;0;1;0;0;0;0;;;;0;0;0;1;1;0;1;;;1;0;1;1;1;;1;1;1;1;0;0;0;1;1;0;0;0;0;0;0;0;0;0;0;0;1;1;0;1;1;0;1;1;0;0;;;0;1;1;1;0;1;0;1;1;0;;44;0;44;44;44;0;1;0;0;1;0;0;1;1;1;7;1;4;1;2;1;36;;;;;;;;;;;;;;1;74;0;0;0;0;;;1;1;1;1;0;1;1;3;1;;1;88888;1;11;1;1;1;3;0;0;0;0;0;0;0;0;0;0;1;7;1;1;1;3;1;1;1;2;0;0;0;;;;;;;1;0;0;1;0;0;0;0;0;0;0;0;0;;;;0;;;;;;;0;;;;;;;1;0;0;0;0;0;0;0;1;1;0;0;1;1;0;0;0;1;1;0;1;0;0;0;0;0;0;0;1;1;0;0;0;1;1;0;138;0;0;0;0;0;0;0;138;138;0;0;0;1;1;0;102;36;138;0;0;0;0;0;0;0;0;0;1;137;13;125;0;0;0;0;0;0;0;0;9;0;0;0;0;0;0;0;9;9;0;0;0;2;2;0;7;0;0;0;0;0;0;0;7;7;0;0;0;1;1;0
2022;Sudeste;3;Rio de Janeiro;RJ;33;Rio de Janeiro;3304557;Metropolitana do Rio de Janeiro;6;Rio de Janeiro;18;330455705;SENAC BARRA DA TIJUCA;33174202;4;1;1;0;AV. DAS AMERICAS;;3959 COBERTURA;BARRA DA TIJUCA;22631003;.;.;1;11009;01JAN2022:00:00:00;31DEC2022:00:00:00;;;;;0;;;;;;;;;;;;;0;0;0;0;0;1;0;3,67235E+12;1E+14;1;1;;;1;2;;0;0;0;;;0;;0;0;0;;1;1;0;0;0;0;1;;0;;0;0;1;0;0;0;0;1;0;0;0;0;;;;0;0;0;1;1;0;1;;;1;0;1;0;0;;1;1;0;0;0;0;0;1;1;0;0;0;0;0;0;0;0;0;0;0;0;1;0;1;1;0;1;0;0;0;;;0;1;1;1;1;1;0;1;1;0;;17;0;17;17;0;0;1;1;1;1;1;0;0;0;1;1;1;2;0;0;1;12;;;;;;;;;;;;;;1;119;0;0;0;0;;;1;1;1;1;0;1;1;3;1;;1;88888;1;6;1;1;1;88888;0;0;0;0;0;0;0;0;0;0;1;7;1;1;0;0;0;0;1;2;0;0;0;;;;;;;1;0;0;0;0;0;0;0;0;0;0;0;0;;;;0;;;;;;;0;;;;;;;1;0;0;0;0;0;0;0;1;1;0;0;1;1;0;0;0;1;1;0;1;0;0;0;0;0;0;0;1;1;0;0;0;0;0;0;126;0;0;0;0;0;0;0;126;126;0;0;0;0;0;0;88;38;119;6;0;1;0;0;0;0;0;0;7;119;79;47;0;0;0;0;0;0;0;0;13;0;0;0;0;0;0;0;13;13;0;0;0;0;0;0;7;0;0;0;0;0;0;0;7;7;0;0;0;0;0;0
2022;Sudeste;3;Rio de Janeiro;RJ;33;Rio de Janeiro;3304557;Metropolitana do Rio de Janeiro;6;Rio de Janeiro;18;330455705;SENAC CAMPO GRANDE;33176809;4;1;1;0;RUA BARCELOS DOMINGOS;;58;CAMPO GRANDE;23080020;.;.;1;11007;01JAN2022:00:00:00;31DEC2022:00:00:00;;;;;0;;;;;;;;;;;;;0;0;0;0;0;1;0;3,67235E+12;1E+14;1;1;;;1;1;;0;0;0;;;0;;0;0;0;;1;1;0;0;0;0;1;;0;;0;0;1;0;0;0;0;1;0;0;0;0;;;;0;0;0;1;1;0;1;;;1;0;1;0;0;;1;1;0;0;0;0;0;1;1;0;0;0;0;0;0;0;0;0;0;0;0;1;0;1;1;0;1;0;0;0;;;0;1;1;1;1;1;0;1;1;0;;28;0;28;28;0;0;1;1;1;1;1;0;1;1;1;1;1;1;0;0;1;1;;;;;;;;;;;;;;1;28;1;1;1;1;;;1;1;1;1;0;1;1;3;1;;1;1;1;1;1;1;0;0;0;0;0;0;0;0;0;0;0;0;1;1;1;1;0;0;0;0;1;1;0;0;0;;;;;;;1;0;0;0;0;0;0;0;0;0;0;0;0;;;;0;;;;;;;0;;;;;;;1;0;0;0;0;0;0;0;1;1;0;0;1;1;0;0;0;1;1;0;1;0;0;0;0;0;0;0;1;1;0;0;0;1;1;0;665;0;0;0;0;0;0;0;665;665;0;0;0;2;2;0;474;191;661;2;1;1;0;0;0;0;0;0;49;616;347;318;0;0;0;0;0;0;0;0;37;0;0;0;0;0;0;0;37;37;0;0;0;3;3;0;27;0;0;0;0;0;0;0;27;27;0;0;0;2;2;0
2022;Sudeste;3;Rio de Janeiro;RJ;33;Rio de Janeiro;3304557;Metropolitana do Rio de Janeiro;6;Rio de Janeiro;18;330455705;SENAC BONSUCESSO;33177201;4;1;1;0;RUA DONA ISABEL;;700;BONSUCESSO;21032060;.;.;1;11006;01JAN2022:00:00:00;31DEC2022:00:00:00;;;;;0;;;;;;;;;;;;;0;0;0;0;0;1;0;3,67235E+12;1E+14;1;1;;;1;1;;0;0;0;;;0;;0;0;0;;1;1;0;0;0;0;1;;0;;0;0;1;0;0;0;0;1;0;0;0;0;;;;0;0;0;1;1;0;1;;;1;0;1;0;0;;1;1;0;0;0;0;0;1;1;0;0;0;0;1;0;1;0;0;0;0;0;0;1;0;1;0;1;0;0;0;;;0;1;1;0;0;1;0;1;1;0;;23;0;23;23;23;0;1;1;1;1;1;0;1;1;1;1;1;2;0;0;1;23;;;;;;;;;;;;;;1;81;1;26;0;0;;;1;1;1;1;0;1;1;3;1;;1;14;0;0;1;1;0;0;0;0;0;0;0;0;0;0;0;0;1;7;1;1;0;0;1;1;1;2;0;0;0;;;;;;;1;0;0;1;0;0;0;0;0;0;0;0;0;;;;0;;;;;;;0;;;;;;;1;0;0;0;0;0;0;0;1;1;0;0;1;1;0;0;0;1;1;0;1;0;0;0;0;0;0;0;1;1;0;0;0;1;1;0;438;0;0;0;0;0;0;0;438;438;0;0;0;2;2;0;337;101;429;3;2;4;0;0;0;0;0;0;6;432;273;165;0;0;0;0;0;0;0;0;28;0;0;0;0;0;0;0;28;28;0;0;0;3;3;0;19;0;0;0;0;0;0;0;19;19;0;0;0;2;2;0
2022;Sudeste;3;Rio de Janeiro;RJ;33;Santo Antônio de Pádua;3304706;Noroeste Fluminense;1;Santo Antônio de Pádua;2;330470605;SENAC SANTO ANTONIO PADUA;33179000;4;1;1;0;RUA ANACLETO ALVIM PADILHA;;243;CENTRO;28470000;.;.;1;11011;01JAN2022:00:00:00;31DEC2022:00:00:00;;;;;0;;;;;;;;;;;;;0;0;0;0;0;1;0;3,67235E+12;1E+14;1;1;;;1;3;;0;0;0;;;0;;0;0;0;;1;1;0;0;0;0;1;;0;;0;0;1;0;0;0;0;1;0;0;0;0;;;;0;0;0;1;1;0;0;;;1;0;1;0;0;;1;1;0;1;0;0;0;0;0;0;0;0;0;0;0;0;0;0;0;0;0;0;0;0;1;0;1;0;0;0;;;0;1;0;1;1;1;0;1;1;0;;2;0;2;2;2;0;1;0;0;1;0;0;0;0;1;1;1;1;0;0;1;88888;;;;;;;;;;;;;;1;2;1;14;0;0;;;1;1;1;1;0;1;1;3;1;;1;1;1;1;0;0;1;1;0;0;0;0;0;0;0;0;0;0;1;1;1;1;0;0;1;2;1;1;0;0;0;;;;;;;1;0;1;1;0;0;0;0;0;0;0;0;0;;;;0;;;;;;;0;;;;;;;1;0;0;0;0;0;0;0;1;1;0;0;1;1;0;0;0;1;1;0;1;0;0;0;0;0;0;0;1;1;0;0;0;1;1;0;154;0;0;0;0;0;0;0;154;154;0;0;0;1;1;0;127;27;154;0;0;0;0;0;0;0;0;0;2;152;72;82;0;0;0;0;0;0;0;0;5;0;0;0;0;0;0;0;5;5;0;0;0;1;1;0;4;0;0;0;0;0;0;0;4;4;0;0;0;1;1;0
2022;Sudeste;3;Rio de Janeiro;RJ;33;São João de Meriti;3305109;Metropolitana do Rio de Janeiro;6;Rio de Janeiro;18;330510905;SENAC SAO JOAO DE MERITI;33454213;4;1;1;0;RUA PASTOR JOAQUIM ROSA S/N LT 20 QD 19;;RUA PASTOR JOAQUIM R;VILAR DOS TELES;25555681;.;.;1;11010;01JAN2022:00:00:00;31DEC2022:00:00:00;;;;;0;;;;;;;;;;;;;0;0;0;0;0;1;0;3,67235E+12;1E+14;1;1;;;1;3;;0;0;0;;;0;;0;0;0;;1;1;0;0;0;0;1;;0;;0;0;1;0;0;0;0;1;0;0;0;0;;;;0;0;0;1;0;1;0;;;1;0;0;1;0;;0;0;1;0;0;0;0;0;0;0;0;0;0;0;0;0;0;0;0;0;0;0;0;0;0;0;1;0;0;0;;;0;0;0;0;0;0;0;0;0;1;;3;0;3;3;0;0;1;0;0;1;0;0;0;0;0;0;0;0;0;0;1;3;;;;;;;;;;;;;;0;0;0;0;0;0;;;1;0;1;0;0;0;0;1;1;;1;2;1;2;0;0;0;0;0;0;0;0;0;0;0;0;0;0;1;3;1;1;0;0;0;0;1;1;0;0;0;;;;;;;1;0;0;1;0;0;0;0;0;0;0;0;0;;;;0;;;;;;;0;;;;;;;1;0;0;0;0;0;0;0;1;1;0;0;1;1;0;0;0;0;1;0;1;0;0;0;0;0;0;0;1;1;0;0;0;0;0;0;31;0;0;0;0;0;0;0;31;31;0;0;0;0;0;0;18;13;31;0;0;0;0;0;0;0;0;0;7;24;0;31;0;0;0;0;0;0;0;0;2;0;0;0;0;0;0;0;2;2;0;0;0;0;0;0;1;0;0;0;0;0;0;0;1;1;0;0;0;0;0;0
2022;Sudeste;3;Rio de Janeiro;RJ;33;Teresópolis;3305802;Metropolitana do Rio de Janeiro;6;Serrana;15;330580205;SENAC TERESOPOLIS;33179417;4;1;1;0;RUA ALICE QUINTELA MAURICI REGADAS;;66 SOBRELOJA;VARZEA;25953430;.;.;1;11013;01JAN2022:00:00:00;31DEC2022:00:00:00;;;;;0;;;;;;;;;;;;;0;0;0;0;0;1;0;3,67235E+12;1E+14;1;1;;;1;2;;0;0;0;;;0;;0;0;0;;1;1;0;0;0;0;1;;0;;0;0;1;0;0;0;0;1;0;0;0;0;;;;0;0;0;1;1;0;0;;;1;0;1;0;0;;0;1;0;0;0;0;0;1;1;0;0;0;0;0;0;0;0;0;0;0;0;0;1;1;1;0;1;0;0;0;;;0;1;1;0;1;0;0;0;1;0;;11;0;11;11;11;0;1;0;0;1;0;0;1;1;1;1;1;4;0;0;1;11;;;;;;;;;;;;;;1;23;1;17;0;0;;;1;1;1;1;0;1;0;3;1;;1;8;1;3;1;1;0;0;0;0;0;0;0;0;0;0;0;0;1;1;1;1;1;1;0;0;1;2;0;0;0;;;;;;;1;0;0;1;0;0;0;0;0;0;0;0;0;;;;0;;;;;;;0;;;;;;;1;0;0;0;0;0;0;0;1;1;0;0;1;1;0;0;0;0;1;0;1;0;0;0;0;0;0;0;1;1;0;0;0;0;0;0;132;0;0;0;0;0;0;0;132;132;0;0;0;0;0;0;108;24;132;0;0;0;0;0;0;0;0;0;2;130;0;132;0;0;0;0;0;0;0;0;10;0;0;0;0;0;0;0;10;10;0;0;0;0;0;0;6;0;0;0;0;0;0;0;6;6;0;0;0;0;0;0
2022;Sudeste;3;Rio de Janeiro;RJ;33;Três Rios;3306008;Centro Fluminense;3;Três Rios;5;330600805;SENAC TRES RIOS;33179603;4;1;1;0;AVENIDA XV DE NOVEMBRO;;600;CENTRO;25804000;.;.;1;11013;01JAN2022:00:00:00;31DEC2022:00:00:00;;;;;0;;;;;;;;;;;;;0;0;0;0;0;1;0;3,67235E+12;1E+14;1;1;;;1;3;;0;0;0;;;0;;0;0;0;;1;1;0;0;0;0;1;;0;;0;0;1;0;0;0;0;1;0;0;0;0;;;;0;0;0;1;1;1;0;;;1;0;1;1;0;;0;1;0;0;0;0;0;0;0;0;0;0;0;0;0;0;0;0;0;0;0;0;0;1;1;0;1;0;0;0;;;0;1;0;0;0;1;0;0;1;0;;4;0;4;4;0;0;1;0;0;1;0;0;0;0;1;1;1;4;0;0;1;4;;;;;;;;;;;;;;1;14;1;13;0;0;;;1;1;1;1;0;1;1;3;1;;1;4;1;2;1;1;0;0;0;0;0;0;0;0;0;0;0;0;1;1;1;1;0;0;1;3;1;1;0;0;0;;;;;;;1;1;1;1;0;1;1;0;0;0;0;0;0;;;;0;;;;;;;0;;;;;;;1;0;0;0;0;0;0;0;1;1;0;0;1;1;0;0;0;1;1;0;1;0;0;0;0;0;0;0;1;1;0;0;0;0;0;0;81;0;0;0;0;0;0;0;81;81;0;0;0;0;0;0;72;9;80;0;0;1;0;0;0;0;0;0;0;81;23;58;0;0;0;0;0;0;0;0;6;0;0;0;0;0;0;0;6;6;0;0;0;0;0;0;3;0;0;0;0;0;0;0;3;3;0;0;0;0;0;0
2022;Sudeste;3;Rio de Janeiro;RJ;33;Volta Redonda;3306305;Sul Fluminense;5;Vale do Paraíba Fluminense;11;330630505;SENAC VOLTA REDONDA;33175403;4;1;1;0;RUA DEPUTADO GERALDO DI BIASE;;251;ATERRADO;27213080;.;.;1;11003;01JAN2022:00:00:00;31DEC2022:00:00:00;;;;;0;;;;;;;;;;;;;0;0;0;0;0;1;0;3,67235E+12;1E+14;1;1;;;1;3;;0;0;0;;;0;;0;0;0;;1;1;0;0;0;0;1;;0;;0;0;1;0;0;0;0;1;0;0;0;0;;;;0;0;0;1;1;1;0;;;1;0;1;0;0;;0;1;1;0;0;0;0;0;0;0;0;0;0;0;0;0;0;0;0;0;0;0;0;1;0;0;1;0;0;0;;;0;1;0;0;1;1;0;0;0;0;;3;0;3;3;3;0;1;1;1;1;1;0;1;1;1;1;0;0;0;0;1;3;;;;;;;;;;;;;;1;3;1;14;0;0;;;1;1;1;1;0;1;1;3;1;;1;3;1;2;0;0;0;0;0;0;0;0;0;0;0;0;0;0;0;0;0;0;0;0;0;0;1;1;0;0;0;;;;;;;1;0;0;0;0;0;1;0;0;0;0;0;0;;;;0;;;;;;;0;;;;;;;1;0;0;0;0;0;0;0;1;1;0;0;1;1;0;0;0;0;1;0;1;0;0;0;0;0;0;0;1;1;0;0;0;0;0;0;31;0;0;0;0;0;0;0;31;31;0;0;0;0;0;0;23;8;31;0;0;0;0;0;0;0;0;0;2;29;0;31;0;0;0;0;0;0;0;0;2;0;0;0;0;0;0;0;2;2;0;0;0;0;0;0;1;0;0;0;0;0;0;0;1;1;0;0;0;0;0;0
2022;Sudeste;3;São Paulo;SP;35;Águas de São Pedro;3500600;Piracicaba;6;Piracicaba;28;350060005;SENAC HOTEL ESCOLA GRANDE HOTEL SAO PEDRO;35148829;4;1;1;0;PARQUE DOUTOR OCTAVIO DE MOURA ANDRADE, S/N;;;CENTRO;13528900;19;34827000;1;15000;03JAN2022:00:00:00;16DEC2022:00:00:00;;;;;0;;;;;;;;;;;;;0;0;0;0;0;1;0;3,70981E+12;3,70981E+12;1;3;;;1;3;;0;0;0;;;0;;0;0;0;;1;1;1;0;0;0;1;;0;;1;0;1;0;0;0;0;1;0;0;0;0;;;;1;1;1;0;1;1;1;;;1;0;1;1;1;;1;1;1;1;1;0;0;1;0;0;0;0;0;0;0;0;1;0;0;0;0;0;1;1;1;0;1;1;0;0;;;0;1;1;1;1;1;0;1;1;0;;12;0;12;12;6;1;1;1;1;1;1;0;1;3;1;3;1;12;1;4;1;12;;;;;;;;;;;;;;1;88888;1;2;1;1;;;1;1;1;1;1;1;1;3;1;;1;88888;1;5;1;3;0;0;0;0;0;0;1;1;0;0;1;88888;1;88888;1;1;1;88888;1;88888;0;0;0;0;0;;;;;;;1;0;1;0;0;1;1;0;1;0;0;0;0;;;;0;;;;;;;0;;;;;;;1;1;1;0;0;1;0;0;0;0;0;0;1;1;0;0;0;0;1;0;1;0;0;0;0;0;0;0;1;1;0;0;0;0;0;0;7;0;0;0;0;0;0;0;7;7;0;0;0;0;0;0;6;1;2;2;1;2;0;0;0;0;0;0;0;7;0;7;0;0;0;0;0;0;0;0;1;0;0;0;0;0;0;0;1;1;0;0;0;0;0;0;1;0;0;0;0;0;0;0;1;1;0;0;0;0;0;0
2022;Sudeste;3;São Paulo;SP;35;Americana;3501608;Campinas;7;Campinas;32;350160805;SENAC AMERICANA;35079947;4;1;1;0;DOUTOR ANGELINO SANCHES;800;;VILA SAO PEDRO;13466490;19;36211367;1;15000;03JAN2022:00:00:00;23DEC2022:00:00:00;;;;;0;;;;;;;;;;;;;0;0;0;0;0;1;0;3,70981E+12;3,70981E+12;1;1;;;1;1;;0;0;0;;;0;;0;0;0;;1;1;0;0;0;0;1;;0;;0;0;1;0;0;0;0;1;0;0;0;0;;;;1;0;1;0;0;0;1;;;1;0;1;1;1;;1;1;1;0;0;0;0;1;1;0;0;0;0;0;0;0;0;0;0;0;0;0;1;0;1;0;1;0;0;0;;;0;1;1;1;1;1;0;1;1;0;;20;0;20;20;20;0;1;1;1;1;1;0;0;0;1;6;1;2;1;17;1;19;;;;;;;;;;;;;;1;142;1;60;1;1;;;1;1;1;1;1;1;1;3;1;;1;36;1;8;1;3;0;0;1;3;0;0;0;0;0;0;0;0;1;1;1;1;1;6;1;88888;1;1;0;0;0;;;;;;;1;0;1;1;0;1;1;1;0;0;1;0;0;;;;0;;;;;;;0;;;;;;;1;1;0;0;0;1;0;0;0;0;0;0;1;1;0;0;0;1;1;0;1;0;0;0;0;0;0;0;1;1;0;0;0;1;1;0;472;0;0;0;0;0;0;0;472;472;0;0;0;5;5;0;283;189;123;273;4;71;0;1;0;0;0;0;107;365;196;276;0;0;0;0;0;0;0;0;16;0;0;0;0;0;0;0;16;16;0;0;0;3;3;0;32;0;0;0;0;0;0;0;32;32;0;0;0;5;5;0
2022;Sudeste;3;São Paulo;SP;35;Araçatuba;3502804;Araçatuba;3;Araçatuba;17;350280405;SENAC ARACATUBA;35148912;4;1;1;0;AVENIDA JOAO ARRUDA BRASIL;500;AVENIDA;SAO JOAQUIM;16050400;18;31171000;1;15000;02FEB2022:00:00:00;23DEC2022:00:00:00;;;;;0;;;;;;;;;;;;;0;0;0;0;0;1;0;3,70981E+12;3,70981E+12;1;2;;;1;1;;0;0;0;;;0;;0;0;0;;1;1;0;0;0;0;1;;0;;0;0;1;0;0;0;0;1;0;0;0;0;;;;1;0;0;0;0;0;1;;;1;0;1;0;0;;1;1;1;1;0;0;0;1;0;1;1;0;0;1;0;1;0;0;0;0;0;0;1;0;1;0;1;0;0;0;;;0;1;1;1;0;1;0;1;0;0;;20;0;20;20;20;0;1;0;0;1;0;0;0;0;0;0;0;0;1;19;1;19;;;;;;;;;;;;;;1;138;1;22;1;1;;;1;1;1;1;0;1;1;3;1;;1;38;1;11;1;4;0;0;0;0;0;0;0;0;0;0;0;0;1;1;1;1;0;0;1;2;1;1;0;0;0;;;;;;;1;1;0;1;1;1;1;0;1;0;1;1;0;;;;0;;;;;;;0;;;;;;;1;1;0;0;0;0;0;0;1;1;0;0;1;1;0;0;0;1;1;0;1;0;0;0;0;0;0;0;1;1;0;0;0;1;1;0;651;0;0;0;0;0;0;0;651;651;0;0;0;4;4;0;436;215;192;313;14;123;9;0;0;0;0;1;80;570;298;353;0;0;0;0;0;0;0;0;13;0;0;0;0;0;0;0;13;13;0;0;0;4;4;0;36;0;0;0;0;0;0;0;36;36;0;0;0;4;4;0
2022;Sudeste;3;São Paulo;SP;35;Araraquara;3503208;Araraquara;5;Araraquara;24;350320805;SENAC ARARAQUARA;35148830;4;1;1;0;RUA JOAO GURGEL;1935;RUA;CARMO;14801405;16;31143000;1;15000;02FEB2022:00:00:00;23DEC2022:00:00:00;;;;;0;;;;;;;;;;;;;0;0;0;0;0;1;0;1E+14;1E+14;1;2;;;1;1;;0;0;0;;;0;;0;0;0;;1;1;0;0;0;0;1;;0;;0;0;1;0;0;0;0;1;0;0;0;0;;;;1;0;1;0;0;0;1;;;1;0;0;0;0;;1;1;1;1;0;0;0;1;0;1;0;0;0;1;0;1;0;0;0;0;0;0;1;0;1;0;1;0;0;0;;;0;0;0;0;0;0;0;0;0;1;;19;0;19;0;0;0;1;0;1;1;0;0;0;0;1;2;1;3;1;25;0;0;;;;;;;;;;;;;;1;105;1;28;1;2;;;1;1;1;1;0;1;1;3;1;;1;26;1;7;1;4;0;0;0;0;0;0;0;0;0;0;0;0;1;1;1;1;0;0;1;88888;1;1;0;0;0;;;;;;;1;0;1;1;0;1;1;1;0;0;1;0;0;;;;0;;;;;;;0;;;;;;;0;1;0;0;0;0;0;0;1;1;0;0;1;1;0;0;0;1;1;0;1;0;0;0;0;0;0;0;1;1;0;0;0;1;1;0;586;0;0;0;0;0;0;0;586;586;0;0;0;2;2;0;388;198;223;253;7;100;0;3;0;0;0;0;36;550;267;319;0;0;0;0;0;0;0;0;25;0;0;0;0;0;0;0;25;25;0;0;0;2;2;0;40;0;0;0;0;0;0;0;40;40;0;0;0;2;2;0
2022;Sudeste;3;São Paulo;SP;35;Barretos;3505500;Ribeirão Preto;2;Barretos;9;350550005;SENAC BARRETOS;35148842;4;1;1;0;AVENIDA 21;;;CENTRO;14780310;17;33123050;1;15000;02FEB2022:00:00:00;23DEC2022:00:00:00;;;;;0;;;;;;;;;;;;;0;0;0;0;0;1;0;1E+14;1E+14;1;2;;;1;1;;0;0;0;;;0;;0;1;0;;1;1;0;0;0;0;1;;0;;0;0;1;0;0;0;0;1;0;0;0;0;;;;0;0;0;1;0;0;0;;;1;0;1;0;0;;0;0;0;0;0;0;0;0;0;0;0;0;0;0;0;0;0;0;0;0;0;0;0;0;0;0;1;0;0;0;;;0;1;1;1;1;1;1;1;1;0;;17;0;17;0;0;1;1;0;1;1;1;0;1;2;0;0;1;2;1;4;0;0;;;;;;;;;;;;;;1;83;1;25;1;1;;;1;1;1;1;1;9;9;3;1;;1;4;1;7;1;2;0;0;0;0;0;0;0;0;0;0;0;0;1;1;1;1;0;0;1;88888;0;0;0;0;0;;;;;;;1;0;0;1;0;1;1;1;0;0;0;0;0;;;;0;;;;;;;0;;;;;;;1;0;0;0;0;1;0;0;0;0;0;0;1;1;0;0;0;1;1;0;1;0;0;0;0;0;0;0;1;1;0;0;0;1;1;0;446;0;0;0;0;0;0;0;446;446;0;0;0;2;2;0;331;115;161;177;20;88;0;0;0;0;0;0;26;420;251;195;0;0;0;0;0;0;0;0;19;0;0;0;0;0;0;0;19;19;0;0;0;2;2;0;23;0;0;0;0;0;0;0;23;23;0;0;0;2;2;0
2022;Sudeste;3;São Paulo;SP;35;Bauru;3506003;Bauru;4;Bauru;20;350600305;SENAC BAURU;35148885;4;1;1;0;ENGENHEIRO SAINT MARTIN;1017;;CENTRO;17010150;14;32270702;1;15000;02FEB2022:00:00:00;23DEC2022:00:00:00;;;;;0;;;;;;;;;;;;;1;0;0;0;0;0;0;1E+14;1E+14;1;2;;;1;1;;0;0;0;;;0;;0;0;0;;1;1;0;0;0;0;1;;0;;0;0;1;0;0;0;0;1;0;0;0;0;;;;0;0;0;1;1;0;1;;;1;0;1;1;1;;1;1;1;1;0;0;0;0;0;0;0;0;0;0;0;0;0;0;0;0;0;0;1;0;1;0;1;0;0;0;;;0;0;1;1;0;0;0;0;0;0;;27;1;28;0;0;0;1;0;1;1;0;0;0;0;1;1;1;10;1;7;0;0;;;;;;;;;;;;;;1;280;1;213;1;3;;;1;1;1;1;0;1;1;3;1;;1;30;1;18;1;4;0;0;1;4;0;0;0;0;0;0;0;0;0;0;1;1;1;8;0;0;1;1;0;0;0;;;;;;;0;0;0;0;0;1;0;0;0;0;0;0;0;;;;0;;;;;;;0;;;;;;;1;0;0;0;0;0;0;0;1;0;0;0;1;1;0;0;0;1;1;0;1;0;0;0;0;0;0;0;1;1;0;0;0;1;1;0;770;0;0;0;0;0;0;0;770;770;0;0;0;4;4;0;547;223;271;384;21;91;2;1;0;0;0;7;167;596;400;370;0;0;0;0;0;0;0;0;26;0;0;0;0;0;0;0;26;26;0;0;0;3;3;0;38;0;0;0;0;0;0;0;38;38;0;0;0;4;4;0
2022;Sudeste;3;São Paulo;SP;35;Bebedouro;3506102;Ribeirão Preto;2;Jaboticabal;13;350610205;SENAC BEBEDOURO;35149056;4;1;1;0;PRACA ABILIO MANOEL;14;;CENTRO;14700349;17;33446500;1;15000;02FEB2022:00:00:00;23DEC2022:00:00:00;;;;;0;;;;;;;;;;;;;0;0;0;0;0;1;0;3,70981E+12;3,70981E+12;1;2;;;1;1;;0;0;0;;;0;;0;0;0;;1;1;0;0;0;0;1;;0;;0;0;1;0;0;0;0;1;0;0;0;0;;;;1;0;0;0;0;0;1;;;1;0;1;1;0;;1;1;1;1;0;0;0;1;1;0;0;0;0;0;0;0;0;1;0;0;0;0;1;1;1;0;1;0;0;0;;;0;1;1;1;1;1;0;1;1;0;;12;0;12;0;0;0;1;0;1;1;0;0;0;0;1;88888;1;11;0;0;1;88888;;;;;;;;;;;;;;1;63;1;48;1;5;;;1;1;1;1;0;1;1;3;1;;1;25;1;12;1;3;0;0;0;0;0;0;0;0;0;0;0;0;1;1;1;1;1;8;1;88888;1;2;0;0;0;;;;;;;1;0;0;0;0;1;1;1;0;0;0;0;0;;;;0;;;;;;;0;;;;;;;1;0;0;0;0;1;0;0;0;0;0;0;1;1;0;0;0;1;1;0;1;0;0;0;0;0;0;0;1;1;0;0;0;1;1;0;402;0;0;0;0;0;0;0;402;402;0;0;0;3;3;0;298;104;94;215;8;83;2;0;0;0;0;0;19;383;132;270;0;0;0;0;0;0;0;0;22;0;0;0;0;0;0;0;22;22;0;0;0;3;3;0;24;0;0;0;0;0;0;0;24;24;0;0;0;3;3;0
2022;Sudeste;3;São Paulo;SP;35;Bertioga;3506359;Metropolitana de São Paulo;15;Santos;63;350635905;SENAC BERTIOGA;35463656;4;1;1;0;RUA PASTOR DJALMA DA SILVA COIMBRA;;;RIO DA PRAIA;11256085;13;33199260;1;15000;02FEB2022:00:00:00;23DEC2022:00:00:00;;;;;0;;;;;;;;;;;;;0;0;0;0;0;1;0;3,70981E+12;3,70981E+12;1;2;;;1;3;;0;0;0;;;0;;0;0;0;;1;1;0;0;0;0;1;;0;;0;0;1;0;0;0;0;1;0;0;0;0;;;;1;1;1;0;1;0;0;;;1;0;1;0;0;;1;1;0;0;0;0;0;1;0;0;0;0;0;0;0;0;0;0;0;0;0;0;0;0;1;0;1;0;0;0;;;0;0;0;0;0;0;0;0;0;1;;6;0;6;0;0;0;1;0;1;1;1;0;1;1;1;1;1;1;1;6;0;0;;;;;;;;;;;;;;1;31;1;23;0;0;;;1;1;1;1;1;1;1;2;1;;1;6;1;2;1;2;0;0;0;0;0;0;0;0;0;0;0;0;1;1;1;1;0;0;1;1;0;0;0;0;0;;;;;;;1;0;0;1;0;1;1;0;1;0;1;0;0;;;;0;;;;;;;0;;;;;;;1;1;1;0;0;1;0;0;0;1;0;0;1;1;0;0;0;1;1;0;1;0;0;0;0;0;0;0;1;1;0;0;0;0;0;0;131;0;0;0;0;0;0;0;131;131;0;0;0;0;0;0;71;60;41;47;6;37;0;0;0;0;0;0;17;114;35;96;0;0;0;0;0;0;0;0;4;0;0;0;0;0;0;0;4;4;0;0;0;0;0;0;8;0;0;0;0;0;0;0;8;8;0;0;0;0;0;0
2022;Sudeste;3;São Paulo;SP;35;Botucatu;3507506;Bauru;4;Botucatu;23;350750605;SENAC BOTUCATU;35148787;4;1;1;0;RUA DOUTOR RAFAEL SAMPAIO;85;RUA;CENTRO;18600230;14;31121150;1;15000;02FEB2022:00:00:00;23DEC2022:00:00:00;;;;;0;;;;;;;;;;;;;0;0;0;0;0;1;0;1E+14;1E+14;1;2;;;1;1;;0;0;0;;;0;;0;0;0;;1;1;0;0;0;0;1;;0;;0;0;1;0;0;0;0;1;0;0;0;0;;;;0;0;0;1;1;0;0;;;1;0;1;0;0;;1;1;0;0;0;0;0;0;0;1;1;0;0;1;0;1;0;0;0;0;0;0;0;0;1;0;1;0;0;0;;;0;0;0;0;0;0;0;0;0;1;;11;0;11;0;0;1;1;0;1;1;0;0;1;1;1;2;1;2;0;0;0;0;;;;;;;;;;;;;;1;112;1;44;1;3;;;1;1;1;1;1;1;1;3;1;;1;17;1;5;1;3;0;0;1;2;0;0;0;0;0;0;0;0;1;1;1;1;1;4;0;0;0;0;0;0;0;;;;;;;0;0;1;1;0;1;1;0;0;0;0;0;0;;;;0;;;;;;;0;;;;;;;0;0;0;0;0;1;0;1;0;0;0;0;1;1;0;0;0;1;1;0;1;0;0;0;0;0;0;0;1;1;0;0;0;0;0;0;324;0;0;0;0;0;0;0;324;324;0;0;0;0;0;0;245;79;91;177;10;46;0;0;0;0;0;0;7;317;173;151;0;0;0;0;0;0;0;0;14;0;0;0;0;0;0;0;14;14;0;0;0;0;0;0;17;0;0;0;0;0;0;0;17;17;0;0;0;0;0;0
2022;Sudeste;3;São Paulo;SP;35;Campinas;3509502;Campinas;7;Campinas;32;350950205;SENAC CAMPINAS;35148805;4;1;1;0;SACRAMENTO;490;RUA;CENTRO;13010210;19;21170611;1;15000;02FEB2022:00:00:00;23DEC2022:00:00:00;;;;;0;;;;;;;;;;;;;0;0;0;0;0;1;0;1E+14;1E+14;1;2;;;1;1;;0;0;0;;;0;;0;0;0;;1;1;0;0;0;0;1;;0;;0;0;1;0;0;0;0;1;0;0;0;0;;;;1;0;0;0;1;0;1;;;1;0;1;0;1;;1;1;0;0;0;0;0;0;0;0;0;0;0;0;0;0;0;0;0;0;0;0;1;0;1;0;1;0;0;0;;;0;1;1;1;1;1;0;1;1;0;;61;0;61;0;0;0;1;0;1;1;0;0;1;3;0;0;1;5;0;0;0;0;;;;;;;;;;;;;;1;300;0;0;0;0;;;1;1;1;1;0;9;9;0;1;;1;52;1;17;1;7;0;0;1;9;0;0;0;0;0;0;0;0;1;1;1;1;0;0;1;7;1;2;0;0;0;;;;;;;1;0;0;1;0;1;1;0;1;0;0;1;0;;;;0;;;;;;;0;;;;;;;1;1;0;0;0;0;0;0;1;0;0;0;1;1;0;0;0;1;1;0;1;0;0;0;0;0;0;0;1;1;0;0;0;1;1;0;1824;0;0;0;0;0;0;0;1824;1824;0;0;0;16;16;0;1018;806;810;726;47;228;11;2;0;0;0;3;636;1185;1266;558;0;0;0;0;0;0;0;0;63;0;0;0;0;0;0;0;63;63;0;0;0;12;12;0;91;0;0;0;0;0;0;0;91;91;0;0;0;16;16;0
2022;Sudeste;3;São Paulo;SP;35;Campos do Jordão;3509700;Vale do Paraíba Paulista;13;Campos do Jordão;49;350970005;SENAC HOTEL ESCOLA GRANDE HOTEL CAMPOS DO JORDAO;35149019;4;1;1;0;AV FREI ORESTES GIRARDI;3549;AVENIDA;CAPIVARI;12460000;12;36683001;1;15000;02FEB2022:00:00:00;23DEC2022:00:00:00;;;;;0;;;;;;;;;;;;;0;0;0;0;0;1;0;3,70981E+12;3,70981E+12;1;2;;;1;1;;0;0;0;;;0;;0;0;0;;1;1;0;0;0;0;1;;0;;0;0;1;0;0;0;0;1;0;0;0;0;;;;1;0;0;0;1;1;0;;;1;0;1;1;1;;1;1;1;1;1;0;0;1;1;1;0;0;0;0;0;0;0;0;0;0;0;0;1;1;1;0;1;0;0;0;;;0;1;0;1;1;1;0;1;1;0;;13;0;13;12;13;1;1;0;1;1;1;0;0;0;1;1;1;2;1;7;1;13;;;;;;;;;;;;;;1;53;1;46;0;0;;;1;1;1;1;0;1;1;3;1;;1;88888;1;8;1;2;0;0;0;0;0;0;0;0;0;0;1;88888;1;3;1;1;1;88888;1;5;1;2;0;0;0;;;;;;;1;0;0;1;0;1;1;1;1;0;0;0;0;;;;0;;;;;;;0;;;;;;;1;0;0;0;0;0;0;0;1;0;0;0;1;1;0;0;0;1;1;0;1;0;0;0;0;0;0;0;1;1;0;0;0;1;1;0;68;0;0;0;0;0;0;0;68;68;0;0;0;1;1;0;32;36;20;45;1;2;0;0;0;0;0;0;3;65;8;60;0;0;0;0;0;0;0;0;3;0;0;0;0;0;0;0;3;3;0;0;0;1;1;0;3;0;0;0;0;0;0;0;3;3;0;0;0;1;1;0
2022;Sudeste;3;São Paulo;SP;35;Catanduva;3511102;São José do Rio Preto;1;Catanduva;5;351110205;SENAC CATANDUVA;35148891;4;1;1;0;SANTOS;300;RUA;VILA RODRIGUES;15801350;17;33114650;1;15000;02FEB2022:00:00:00;23DEC2022:00:00:00;;;;;0;;;;;;;;;;;;;0;0;0;0;0;1;0;1E+14;1E+14;1;2;;;1;1;;0;0;0;;;0;;0;0;0;;1;1;1;0;0;0;1;;0;;0;0;1;0;0;0;0;1;0;0;0;0;;;;1;0;0;0;1;1;1;;;1;0;1;1;1;;1;1;1;0;0;0;0;1;0;0;0;0;0;1;0;1;0;0;0;0;0;0;1;0;1;0;1;0;0;0;;;0;1;0;1;1;1;1;1;1;0;;13;0;13;13;0;1;1;0;1;1;1;0;1;1;1;2;1;4;1;12;0;0;;;;;;;;;;;;;;1;142;1;44;1;7;;;1;1;1;1;1;1;1;3;1;;1;28;1;5;1;1;0;0;0;0;0;0;0;0;0;0;0;0;1;1;1;1;0;0;1;2;1;1;0;0;0;;;;;;;1;0;1;1;0;1;1;1;0;0;0;0;0;;;;0;;;;;;;0;;;;;;;1;1;1;0;0;1;0;1;0;0;0;0;1;1;0;0;0;1;1;0;1;0;0;0;0;0;0;0;1;1;0;0;0;1;1;0;390;0;0;0;0;0;0;0;390;390;0;0;0;3;3;0;260;130;90;209;12;74;3;2;0;0;0;0;26;364;172;218;0;0;0;0;0;0;0;0;29;0;0;0;0;0;0;0;29;29;0;0;0;5;5;0;20;0;0;0;0;0;0;0;20;20;0;0;0;2;2;0
2022;Sudeste;3;São Paulo;SP;35;Franca;3516200;Ribeirão Preto;2;Franca;12;351620005;SENAC FRANCA;35148854;4;1;1;0;RUA ALFREDO LOPES PINTO;1345;RUA;VILA TEIXEIRA;14401186;16;34024100;1;15000;02FEB2022:00:00:00;23DEC2022:00:00:00;;;;;0;;;;;;;;;;;;;0;0;0;0;0;1;0;1E+14;1E+14;1;2;;;1;1;;0;0;0;;;0;;0;0;0;;1;1;0;0;0;0;1;;0;;0;0;1;0;0;0;0;1;0;0;0;0;;;;1;0;0;0;1;0;1;;;1;0;1;0;1;;0;1;1;0;0;0;0;1;0;1;1;0;0;0;0;0;0;0;0;0;0;0;1;1;1;0;1;0;0;0;;;0;0;0;0;0;0;0;0;0;1;;22;0;22;0;0;0;1;0;1;1;1;0;0;0;1;1;1;1;1;21;0;0;;;;;;;;;;;;;;1;195;1;78;1;3;;;1;1;1;1;1;1;0;1;1;;1;30;1;10;1;5;0;0;0;0;0;0;0;0;0;0;0;0;0;0;1;1;0;0;0;0;0;0;0;0;0;;;;;;;1;0;0;1;1;1;1;1;1;0;0;0;0;;;;0;;;;;;;0;;;;;;;1;0;1;0;0;1;0;0;0;0;0;0;1;1;0;0;0;1;1;0;1;0;0;0;0;0;0;0;1;1;0;0;0;1;1;0;570;0;0;0;0;0;0;0;570;570;0;0;0;5;5;0;386;184;139;302;26;99;3;1;0;0;0;0;16;554;230;340;0;0;0;0;0;0;0;0;48;0;0;0;0;0;0;0;48;48;0;0;0;14;14;0;28;0;0;0;0;0;0;0;28;28;0;0;0;5;5;0
2022;Sudeste;3;São Paulo;SP;35;Guaratinguetá;3518404;Vale do Paraíba Paulista;13;Guaratinguetá;51;351840405;SENAC GUARATINGUETA;35148763;4;1;1;0;RUA DOUTOR JOAO BAPTISTA RANGEL CAMARGO;50;AVENIDA;CENTRO;12500100;12;21316300;1;15000;02FEB2022:00:00:00;23DEC2022:00:00:00;;;;;0;;;;;;;;;;;;;0;0;0;0;0;1;0;3,70981E+12;3,70981E+12;1;2;;;1;1;;0;0;0;;;0;;0;0;0;;1;1;1;0;0;0;1;;0;;0;0;1;0;0;0;0;1;0;0;0;0;;;;1;0;0;0;1;1;1;;;1;0;1;1;1;;1;1;0;0;0;0;0;1;1;0;0;0;0;1;0;1;0;0;0;0;0;0;1;0;1;0;1;0;0;0;;;0;1;0;0;1;1;0;1;1;0;;28;0;28;28;28;1;1;1;1;1;0;0;0;0;1;1;1;2;0;0;0;0;;;;;;;;;;;;;;1;100;0;0;0;0;;;1;1;1;1;0;1;0;2;1;;1;20;1;16;1;2;0;0;1;3;0;0;0;0;0;0;0;0;0;0;1;1;0;0;1;88888;1;1;0;0;0;;;;;;;1;0;0;1;0;1;1;0;0;0;0;1;0;;;;0;;;;;;;0;;;;;;;0;0;0;0;0;1;0;0;0;0;0;0;1;1;0;0;0;1;1;0;1;0;0;0;0;0;0;0;1;1;0;0;0;1;1;0;381;0;0;0;0;0;0;0;381;381;0;0;0;3;3;0;273;108;189;141;8;43;0;0;0;0;0;0;15;366;145;236;0;0;0;0;0;0;0;0;12;0;0;0;0;0;0;0;12;12;0;0;0;3;3;0;20;0;0;0;0;0;0;0;20;20;0;0;0;3;3;0
2022;Sudeste;3;São Paulo;SP;35;Guarulhos;3518800;Metropolitana de São Paulo;15;Guarulhos;59;351880005;SENAC GUARULHOS FACCINI;35008640;4;1;1;0;RUA LUIZ FACCINI;132;;CENTRO;7110000;.;.;1;15000;02FEB2022:00:00:00;23DEC2022:00:00:00;;;;;0;;;;;;;;;;;;;1;0;0;0;0;0;0;3,70981E+12;3,70981E+12;1;2;;;1;1;;0;0;0;;;0;;0;0;0;;1;1;0;0;0;0;1;;0;;0;0;1;0;0;0;0;1;0;0;0;0;;;;1;0;1;0;1;0;0;;;1;0;1;1;1;;1;1;0;0;0;0;0;1;0;0;0;0;0;0;0;0;0;0;0;0;0;0;0;0;1;0;1;0;0;0;;;0;1;1;1;0;1;0;0;1;0;;17;0;17;17;0;0;1;0;1;1;1;0;0;0;0;0;1;3;0;0;1;17;;;;;;;;;;;;;;1;130;0;0;1;1;;;1;1;1;1;0;0;1;3;1;;1;25;1;13;1;3;0;0;1;3;0;0;0;0;0;0;0;0;1;1;1;1;0;0;0;0;1;1;0;0;0;;;;;;;1;0;1;1;0;1;1;1;0;0;1;0;0;;;;0;;;;;;;0;;;;;;;1;0;0;0;0;0;0;0;1;0;0;0;1;1;0;0;0;1;1;0;1;0;0;0;0;0;0;0;1;1;0;0;0;1;1;0;352;0;0;0;0;0;0;0;352;352;0;0;0;2;2;0;200;152;179;99;7;64;3;0;0;0;0;0;10;342;184;168;0;0;0;0;0;0;0;0;19;0;0;0;0;0;0;0;19;19;0;0;0;2;2;0;20;0;0;0;0;0;0;0;20;20;0;0;0;2;2;0
2022;Sudeste;3;São Paulo;SP;35;Guarulhos;3518800;Metropolitana de São Paulo;15;Guarulhos;59;351880005;SENAC GUARULHOS CELESTINO;35148726;4;1;1;0;RUA PADRE CELESTINO;108;RUA;CENTRO;7013100;.;.;1;15000;02FEB2022:00:00:00;23DEC2022:00:00:00;;;;;0;;;;;;;;;;;;;1;0;0;0;0;0;0;3,70981E+12;3,70981E+12;1;2;;;1;1;;0;0;0;;;0;;0;0;0;;1;1;0;0;0;0;1;;0;;0;0;1;0;0;0;0;1;0;0;0;0;;;;1;1;1;0;1;1;1;;;1;0;0;0;1;;1;1;0;0;0;0;0;1;0;0;1;0;0;0;0;0;0;0;0;0;0;0;1;0;1;0;1;0;0;0;;;0;0;1;0;0;0;0;1;0;0;;14;0;14;14;0;0;1;1;1;1;0;0;0;0;1;3;1;6;0;0;0;0;;;;;;;;;;;;;;1;27;1;27;0;0;;;1;1;1;1;0;1;1;3;1;;1;88888;1;15;1;2;0;0;1;1;0;0;0;0;0;0;0;0;1;1;1;1;0;0;0;0;1;1;0;0;0;;;;;;;1;0;1;1;0;1;1;0;0;0;1;0;0;;;;0;;;;;;;0;;;;;;;1;0;0;0;0;0;0;0;1;0;0;0;1;1;0;0;0;1;1;0;1;0;0;0;0;0;0;0;1;1;0;0;0;0;0;0;138;0;0;0;0;0;0;0;138;138;0;0;0;0;0;0;96;42;30;55;1;52;0;0;0;0;0;0;28;110;76;62;0;0;0;0;0;0;0;0;7;0;0;0;0;0;0;0;7;7;0;0;0;0;0;0;8;0;0;0;0;0;0;0;8;8;0;0;0;0;0;0
2022;Sudeste;3;São Paulo;SP;35;Itapetininga;3522307;Itapetininga;11;Itapetininga;42;352230705;SENAC ITAPETININGA;35149020;4;1;1;0;RUA DOM JOAQUIM;495;RUA;CENTRO;18200090;15;35111200;1;15000;02FEB2022:00:00:00;23DEC2022:00:00:00;;;;;0;;;;;;;;;;;;;0;0;0;0;0;1;0;1E+14;1E+14;1;2;;;1;1;;0;0;0;;;0;;0;0;0;;1;1;0;0;0;0;1;;0;;0;0;1;0;0;0;0;1;0;0;0;0;;;;1;0;1;0;0;0;0;;;1;0;1;0;0;;0;0;1;1;0;0;0;0;0;0;0;0;0;0;0;0;0;0;0;0;0;0;1;0;1;0;1;0;0;0;;;0;0;0;0;0;0;0;0;0;1;;15;0;15;0;0;0;1;0;1;1;1;0;0;0;1;2;0;0;1;3;1;12;;;;;;;;;;;;;;1;106;0;0;0;0;;;1;1;1;1;1;1;0;0;1;;1;14;1;5;1;2;0;0;1;2;0;0;0;0;0;0;0;0;1;1;1;1;1;4;1;27;1;1;0;0;0;;;;;;;1;0;0;1;0;1;1;0;0;0;0;0;0;;;;0;;;;;;;0;;;;;;;0;0;0;0;0;0;0;0;1;0;0;0;1;1;0;0;0;1;1;0;1;0;0;0;0;0;0;0;1;1;0;0;0;1;1;0;339;0;0;0;0;0;0;0;339;339;0;0;0;3;3;0;258;81;87;205;4;42;0;1;0;0;0;0;29;310;174;165;0;0;0;0;0;0;0;0;25;0;0;0;0;0;0;0;25;25;0;0;0;3;3;0;26;0;0;0;0;0;0;0;26;26;0;0;0;3;3;0
2022;Sudeste;3;São Paulo;SP;35;Itapira;3522604;Campinas;7;Mogi Mirim;31;352260405;SENAC ITAPIRA;35148817;4;1;1;0;PRACA BERNARDINO DE CAMPOS;150;PRACA;CENTRO;13970005;19;38138216;1;15000;02FEB2022:00:00:00;23DEC2022:00:00:00;;;;;0;;;;;;;;;;;;;0;0;0;0;0;1;0;3,70981E+12;3,70981E+12;1;2;;;1;3;;0;0;0;;;0;;0;0;0;;1;1;0;0;0;0;1;;0;;0;0;1;0;0;0;0;1;0;0;0;0;;;;1;0;1;0;1;0;0;;;1;0;1;0;1;;1;1;1;0;0;0;0;0;0;0;1;0;0;0;0;0;0;0;0;0;0;0;1;0;1;0;1;0;0;0;;;0;1;1;1;0;1;0;1;1;0;;11;0;11;0;0;0;1;0;1;1;1;0;0;0;1;3;1;2;1;12;0;0;;;;;;;;;;;;;;1;175;0;0;0;0;;;1;1;1;1;1;1;1;3;1;;1;12;1;4;1;3;0;0;1;3;0;0;0;0;0;0;0;0;1;1;1;1;1;4;0;0;0;0;0;0;0;;;;;;;0;0;0;1;0;1;0;1;0;0;0;0;0;;;;0;;;;;;;0;;;;;;;1;0;1;0;0;0;0;0;1;1;0;0;1;1;0;0;0;1;1;0;1;0;0;0;0;0;0;0;1;1;0;0;0;1;1;0;201;0;0;0;0;0;0;0;201;201;0;0;0;1;1;0;144;57;57;114;3;25;1;1;0;0;0;0;24;177;113;88;0;0;0;0;0;0;0;0;11;0;0;0;0;0;0;0;11;11;0;0;0;1;1;0;12;0;0;0;0;0;0;0;12;12;0;0;0;1;1;0
2022;Sudeste;3;São Paulo;SP;35;Itu;3523909;Macro Metropolitana Paulista;12;Sorocaba;46;352390905;SENAC ITU;35287261;4;;1;;RUA MAESTRO JOSE VICTORIO;137;RUA;CENTRO;13300075;11;40229800;2;15000;;;;;;;;;;;;;;;;;;;;;;;;;;;;;;;;;;;;;;;;;;;;;;;;;;;;;;;;;;;;;;;;;;;;;;;;;;;;;;;;;;;;;;;;;;;;;;;;;;;;;;;;;;;;;;;;;;;;;;;;;;;;;;;;;;;;;;;;;;;;;;;;;;;;;;;;;;;;;;;;;;;;;;;;;;;;;;;;;;;;;;;;;;;;;;;;;;;;;;;;;;;;;;;;;;;;;;;;;;;;;;;;;;;;;;;;;;;;;;;;;;;;;;;;;;;;;;;;;;;;;;;;;;;;;;;;;;;;;;;;;;;;;;;;;;;;;;;;;;;;;;;;;;;;;;;;;;;;;;;;;;;;;;;;;;;;;;;;;;;;;;;;;;;;;;;;;;;;;
2022;Sudeste;3;São Paulo;SP;35;Jaboticabal;3524303;Ribeirão Preto;2;Jaboticabal;13;352430305;SENAC JABOTICABAL;35149159;4;1;1;0;RUA 24 DE MAIO;831;RUA;CENTRO;14870350;16;32092800;1;15000;02FEB2022:00:00:00;23DEC2022:00:00:00;;;;;0;;;;;;;;;;;;;1;0;0;0;0;0;0;3,70981E+12;3,70981E+12;1;2;;;1;3;;0;0;0;;;0;;0;0;0;;1;1;0;0;0;0;1;;0;;0;0;1;0;0;0;0;1;0;0;0;0;;;;0;0;0;1;1;1;1;;;1;0;1;1;1;;1;1;1;1;0;0;0;1;0;0;0;0;0;0;0;0;0;0;0;0;0;0;1;0;1;0;1;0;0;0;;;0;1;1;1;1;1;1;1;1;0;;12;0;12;12;12;1;1;0;1;1;1;0;1;1;1;1;1;3;1;10;1;88888;;;;;;;;;;;;;;1;119;1;68;1;4;;;1;1;1;1;0;1;1;3;1;;1;17;1;4;1;3;0;0;0;0;0;0;0;0;0;0;0;0;1;1;1;1;1;4;1;20;1;2;0;0;0;;;;;;;0;0;0;1;0;1;1;1;0;0;0;0;0;;;;0;;;;;;;0;;;;;;;1;0;0;0;0;0;0;0;1;0;0;0;1;1;0;0;0;1;1;0;1;0;0;0;0;0;0;0;1;1;0;0;0;1;1;0;381;0;0;0;0;0;0;0;381;381;0;0;0;1;1;0;258;123;95;195;6;84;1;0;0;0;0;0;18;363;168;213;0;0;0;0;0;0;0;0;12;0;0;0;0;0;0;0;12;12;0;0;0;1;1;0;15;0;0;0;0;0;0;0;15;15;0;0;0;1;1;0
2022;Sudeste;3;São Paulo;SP;35;Jaú;3525300;Bauru;4;Jaú;21;352530005;SENAC JAU;35149068;4;1;1;0;RUA SAO SEBASTIAO;145;RUA;VILA ASSIS;17210060;14;21046400;1;15000;02FEB2022:00:00:00;23DEC2022:00:00:00;;;;;0;;;;;;;;;;;;;0;0;0;0;0;1;0;1E+14;1E+14;1;2;;;1;1;;0;0;0;;;0;;0;0;0;;1;1;0;0;0;0;1;;0;;0;0;1;0;0;0;0;1;0;0;0;0;;;;1;1;1;0;0;0;0;;;1;0;1;1;0;;1;1;1;0;0;0;0;0;0;0;1;0;0;0;0;0;0;0;0;0;0;0;0;0;1;0;1;0;0;0;;;0;0;0;0;0;0;0;0;0;1;;16;0;16;0;0;0;1;0;1;1;1;0;1;1;1;15;1;4;1;4;0;0;;;;;;;;;;;;;;1;68;1;36;1;5;;;1;1;1;1;1;1;1;3;1;;1;16;1;4;1;3;1;11;0;0;0;0;0;0;0;0;0;0;1;1;1;1;1;3;1;2;1;1;0;0;0;;;;;;;1;0;1;1;0;1;1;0;0;0;0;1;0;;;;0;;;;;;;0;;;;;;;1;0;1;0;0;1;0;0;0;1;0;0;1;1;0;0;0;1;1;0;1;0;0;0;0;0;0;0;1;1;0;0;0;1;1;0;391;0;0;0;0;0;0;0;391;391;0;0;0;5;5;0;262;129;118;209;7;53;3;1;0;0;0;0;20;371;150;241;0;0;0;0;0;0;0;0;18;0;0;0;0;0;0;0;18;18;0;0;0;5;5;0;23;0;0;0;0;0;0;0;23;23;0;0;0;5;5;0
2022;Sudeste;3;São Paulo;SP;35;Jundiaí;3525904;Macro Metropolitana Paulista;12;Jundiaí;47;352590405;SENAC JUNDIAI;35148957;4;1;1;0;RUA VICENTE MAGAGLIO;50;RUA;JARDIM PAULISTA;13208283;11;33952300;1;15000;02FEB2022:00:00:00;23DEC2022:00:00:00;;;;;0;;;;;;;;;;;;;0;0;0;0;0;1;0;3,70981E+12;3,70981E+12;1;2;;;1;1;;0;0;0;;;0;;0;0;0;;1;1;0;0;0;0;1;;0;;0;0;1;0;0;0;0;1;0;0;0;0;;;;1;0;0;0;1;0;1;;;1;0;1;0;1;;1;1;0;1;0;0;0;1;0;0;0;0;0;0;0;0;0;0;0;0;0;0;1;0;1;0;1;0;0;0;;;0;0;0;0;0;0;0;0;0;1;;19;0;19;0;0;1;1;1;1;1;0;0;0;0;1;1;1;3;0;0;0;0;;;;;;;;;;;;;;1;141;0;0;0;0;;;1;0;1;0;0;0;0;1;1;;1;88888;1;9;1;88888;1;88888;1;5;0;0;0;0;0;0;0;0;1;1;1;1;1;4;0;0;1;1;0;0;0;;;;;;;1;0;1;1;0;1;1;1;1;0;1;0;0;;;;0;;;;;;;0;;;;;;;1;0;1;0;0;0;0;0;1;0;0;0;1;1;0;0;0;1;0;0;1;0;0;0;0;0;0;0;1;1;0;0;0;1;1;0;116;0;0;0;0;0;0;0;116;116;0;0;0;2;2;0;57;59;17;89;0;9;1;0;0;0;0;0;115;1;116;0;0;0;0;0;0;0;0;0;3;0;0;0;0;0;0;0;3;3;0;0;0;1;1;0;3;0;0;0;0;0;0;0;3;3;0;0;0;1;1;0
2022;Sudeste;3;São Paulo;SP;35;Limeira;3526902;Piracicaba;6;Limeira;27;352690205;SENAC LIMEIRA;35149032;4;1;1;0;RUA QUADROS SOBRINHO;1;RUA;CENTRO;13480223;19;21149199;1;15000;02FEB2022:00:00:00;23DEC2022:00:00:00;;;;;0;;;;;;;;;;;;;0;0;0;0;0;1;0;3,70981E+12;3,70981E+12;1;2;;;1;1;;0;0;0;;;0;;0;1;0;;1;1;0;0;0;0;1;;0;;0;0;1;0;0;0;0;1;0;0;0;0;;;;1;0;1;0;1;0;1;;;1;0;1;1;1;;1;1;1;1;0;0;0;1;1;0;0;0;0;0;0;0;0;0;0;0;0;0;1;1;1;0;1;0;0;0;;;0;1;1;1;1;1;0;1;1;0;;26;0;26;26;26;1;1;1;1;1;1;0;0;0;1;2;1;3;1;26;1;27;;;;;;;;;;;;;;1;160;1;6;1;6;;;1;1;1;1;1;1;1;3;1;;1;21;1;10;1;1;1;18;0;0;0;0;0;0;0;0;0;0;0;0;1;1;1;4;1;88888;1;1;0;0;0;;;;;;;1;0;0;1;1;1;1;1;0;0;1;0;0;;;;0;;;;;;;0;;;;;;;1;1;1;0;0;1;0;1;0;0;0;0;1;1;0;0;0;1;1;0;1;0;0;0;0;0;0;0;1;1;0;0;0;1;1;0;701;0;0;0;0;0;0;0;701;701;0;0;0;10;10;0;490;211;196;352;27;123;3;0;0;0;0;0;77;624;291;410;0;0;0;0;0;0;0;0;24;0;0;0;0;0;0;0;24;24;0;0;0;8;8;0;33;0;0;0;0;0;0;0;33;33;0;0;0;9;9;0
2022;Sudeste;3;São Paulo;SP;35;Marília;3529005;Marília;9;Marília;38;352900505;SENAC MARILIA;35148933;4;1;1;0;RUA PARAIBA;125;RUA;CENTRO;17509060;14;33117761;1;15000;02FEB2022:00:00:00;23DEC2022:00:00:00;;;;;0;;;;;;;;;;;;;0;0;0;0;0;1;0;3,70981E+12;3,70981E+12;1;2;;;1;1;;0;0;0;;;0;;0;0;0;;1;1;0;0;0;0;1;;0;;0;0;1;0;0;0;0;1;0;0;0;0;;;;1;0;1;0;1;1;0;;;1;0;1;1;1;;1;1;1;0;0;0;0;1;1;1;0;0;0;1;1;0;0;0;0;0;0;0;1;0;1;0;0;0;0;0;;;0;1;1;1;1;0;1;1;1;0;;22;0;22;21;19;1;1;1;1;1;1;0;0;0;1;6;1;16;1;17;1;20;;;;;;;;;;;;;;1;149;1;79;1;18;;;1;1;1;1;0;1;0;3;1;;1;26;1;9;1;3;0;0;0;0;0;0;0;0;0;0;0;0;1;1;1;1;1;6;1;88888;0;0;0;0;0;;;;;;;1;0;1;1;0;1;1;1;0;0;0;0;0;;;;0;;;;;;;0;;;;;;;1;1;0;0;0;1;0;0;0;0;0;0;1;1;0;0;0;1;1;0;1;0;0;0;0;0;0;0;1;1;0;0;0;0;0;0;375;0;0;0;0;0;0;0;375;375;0;0;0;0;0;0;296;79;89;168;7;109;2;0;0;0;0;0;16;359;200;175;0;0;0;0;0;0;0;0;21;0;0;0;0;0;0;0;21;21;0;0;0;0;0;0;22;0;0;0;0;0;0;0;22;22;0;0;0;0;0;0
2022;Sudeste;3;São Paulo;SP;35;Mogi Guaçu;3530706;Campinas;7;Mogi Mirim;31;353070605;SENAC MOGI GUACU;35149044;4;1;1;0;RUA ADELINO DAMIAO;55;RUA;CENTRO;13840402;19;30191155;1;15000;02FEB2022:00:00:00;22DEC2022:00:00:00;;;;;0;;;;;;;;;;;;;0;0;0;0;0;1;0;3,70981E+12;3,70981E+12;1;2;;;1;3;;0;0;0;;;0;;0;0;0;;1;1;0;0;0;0;1;;0;;0;0;1;0;0;0;0;1;0;0;0;0;;;;1;0;1;0;1;1;1;;;1;0;1;1;1;;1;1;1;1;0;0;0;1;1;0;1;0;0;0;0;0;0;0;0;0;0;0;1;0;1;0;1;0;0;0;;;0;1;1;1;1;1;0;1;1;0;;21;0;21;21;21;0;1;1;1;1;1;0;1;1;1;21;1;4;1;21;1;88888;;;;;;;;;;;;;;1;153;1;79;1;5;;;1;1;1;1;1;1;1;3;1;;1;30;1;7;1;3;0;0;0;0;0;0;0;0;0;0;0;0;1;1;1;1;0;0;1;88888;1;1;0;0;0;;;;;;;1;0;0;1;0;1;1;0;1;0;0;0;0;;;;0;;;;;;;0;;;;;;;0;0;0;0;0;1;0;0;0;0;0;0;1;1;0;0;0;1;1;0;1;0;0;0;0;0;0;0;1;1;0;0;0;1;1;0;333;0;0;0;0;0;0;0;333;333;0;0;0;6;6;0;247;86;88;199;5;39;2;0;0;0;0;0;23;310;211;122;0;0;0;0;0;0;0;0;1;0;0;0;0;0;0;0;1;1;0;0;0;1;1;0;20;0;0;0;0;0;0;0;20;20;0;0;0;5;5;0
2022;Sudeste;3;São Paulo;SP;35;Osasco;3534401;Metropolitana de São Paulo;15;Osasco;57;353440105;SENAC OSASCO;35148748;4;1;1;0;RUA DANTE BATTISTON;248;RUA;CENTRO;6013030;11;21649877;1;15000;02FEB2022:00:00:00;23DEC2022:00:00:00;;;;;0;;;;;;;;;;;;;0;0;0;0;0;1;0;3,70981E+12;1E+14;1;2;;;1;1;;0;0;0;;;0;;0;0;0;;1;1;0;0;0;0;1;;0;;0;0;1;0;0;0;0;1;0;0;0;0;;;;1;0;1;0;1;0;1;;;1;0;0;0;0;;1;1;1;0;0;0;0;1;0;0;0;0;0;0;0;0;0;0;0;0;0;0;1;0;1;0;1;0;0;0;;;0;0;0;0;0;0;0;0;0;1;;13;0;13;0;0;0;1;1;1;1;1;0;0;0;1;3;1;5;1;2;0;0;;;;;;;;;;;;;;1;106;1;30;1;5;;;1;1;1;1;0;1;0;3;1;;1;5;1;10;1;4;1;88888;1;6;0;0;0;0;0;0;1;12;1;1;1;1;1;2;1;88888;0;0;0;0;0;;;;;;;1;0;0;1;0;1;1;0;0;0;0;1;0;;;;0;;;;;;;0;;;;;;;1;1;0;0;0;1;0;0;0;1;0;0;1;1;0;0;0;1;1;0;1;0;0;0;0;0;0;0;1;1;0;0;0;0;0;0;295;0;0;0;0;0;0;0;295;295;0;0;0;0;0;0;208;87;177;59;14;40;4;1;0;0;0;0;11;284;198;97;0;0;0;0;0;0;0;0;22;0;0;0;0;0;0;0;22;22;0;0;0;0;0;0;29;0;0;0;0;0;0;0;29;29;0;0;0;0;0;0
2022;Sudeste;3;São Paulo;SP;35;Ourinhos;3534708;Assis;10;Ourinhos;40;353470805;SENAC OURINHOS;35007931;4;1;1;0;RUA DUQUE DE CAXIAS;679;;VILA RECREIO;19911621;14;32362000;1;15000;02FEB2022:00:00:00;23DEC2022:00:00:00;;;;;0;;;;;;;;;;;;;0;0;0;0;0;1;0;3,70981E+12;3,70981E+12;1;2;;;1;1;;0;0;0;;;0;;0;0;0;;1;1;0;0;0;0;1;;0;;0;0;1;0;0;0;0;1;0;0;0;0;;;;1;0;0;0;0;0;0;;;0;0;0;0;0;;0;0;0;0;0;0;0;1;0;0;0;0;0;0;0;0;0;0;0;0;0;0;0;0;0;0;0;0;0;0;;;0;1;1;1;0;1;0;1;1;0;;11;0;11;0;0;0;1;0;1;1;1;0;0;0;0;0;1;88888;0;0;0;0;;;;;;;;;;;;;;1;122;1;88;0;0;;;1;1;1;1;1;0;1;3;1;;1;3;1;11;1;4;0;0;1;2;0;0;0;0;0;0;1;3;1;1;1;1;1;88888;1;88888;1;1;0;0;0;;;;;;;1;0;0;1;0;1;0;1;0;0;0;0;0;;;;0;;;;;;;0;;;;;;;1;1;1;0;0;1;0;0;0;0;0;0;1;1;0;0;0;1;1;0;1;0;0;0;0;0;0;0;1;1;0;0;0;1;1;0;111;0;0;0;0;0;0;0;111;111;0;0;0;1;1;0;89;22;45;44;1;20;1;0;0;0;0;0;2;109;73;38;0;0;0;0;0;0;0;0;4;0;0;0;0;0;0;0;4;4;0;0;0;1;1;0;4;0;0;0;0;0;0;0;4;4;0;0;0;1;1;0
2022;Sudeste;3;São Paulo;SP;35;Pindamonhangaba;3538006;Vale do Paraíba Paulista;13;São José dos Campos;50;353800605;SENAC PINDAMONHANGABA;35004681;4;1;1;0;SUICA;1257;;SANTANA;12403610;12;32362044;1;15000;02FEB2022:00:00:00;23DEC2022:00:00:00;;;;;0;;;;;;;;;;;;;0;0;0;0;0;1;0;3,70981E+12;3,70981E+12;1;2;;;1;1;;0;0;0;;;0;;0;0;0;;1;1;0;0;0;0;1;;0;;0;0;1;0;0;0;0;1;0;0;0;0;;;;1;0;0;0;1;0;1;;;1;0;1;0;1;;1;1;1;0;0;0;0;1;1;1;0;0;0;0;0;0;0;1;0;0;0;1;1;1;1;0;1;0;0;0;;;0;0;1;1;0;1;0;0;0;0;;23;3;26;23;23;0;1;0;1;1;1;0;0;0;0;0;1;8;1;22;0;0;;;;;;;;;;;;;;1;275;1;130;1;8;;;1;1;1;1;1;1;1;3;1;;1;24;1;9;1;4;0;0;1;3;0;0;0;0;0;0;0;0;1;1;1;1;1;6;0;0;1;1;0;0;0;;;;;;;1;0;1;1;0;1;1;1;1;0;0;0;0;;;;0;;;;;;;0;;;;;;;1;1;1;0;0;1;0;0;0;1;0;0;1;1;0;0;0;1;1;0;1;0;0;0;0;0;0;0;1;1;0;0;0;1;1;0;864;0;0;0;0;0;0;0;864;864;0;0;0;7;7;0;588;276;227;483;14;138;1;1;0;0;0;8;255;601;495;369;0;0;0;0;0;0;0;0;48;0;0;0;0;0;0;0;48;48;0;0;0;31;31;0;40;0;0;0;0;0;0;0;40;40;0;0;0;7;7;0
2022;Sudeste;3;São Paulo;SP;35;Piracicaba;3538709;Piracicaba;6;Piracicaba;28;353870905;SENAC PIRACICABA;35148970;4;1;1;0;SANTA CRUZ;1148;RUA;ALTO;13419030;19;21050199;1;15000;02FEB2022:00:00:00;23DEC2022:00:00:00;;;;;0;;;;;;;;;;;;;0;0;0;0;0;1;0;1E+14;1E+14;1;2;;;1;1;;0;0;0;;;0;;0;0;0;;1;1;0;0;0;0;1;;0;;0;0;1;0;0;0;0;1;0;0;0;0;;;;1;1;0;0;1;0;1;;;1;0;1;0;0;;1;1;0;1;0;0;0;1;0;0;0;0;0;0;0;0;0;0;0;0;0;0;1;0;1;0;1;0;0;0;;;0;1;1;1;0;1;0;1;1;0;;29;0;29;0;0;1;1;1;1;1;0;0;1;2;0;0;1;5;0;0;0;0;;;;;;;;;;;;;;1;302;0;0;0;0;;;1;1;1;1;1;1;1;3;1;;1;42;1;6;1;4;1;88888;1;5;0;0;0;0;0;0;0;0;1;1;1;1;1;4;1;88888;1;1;0;0;0;;;;;;;1;0;0;1;0;1;1;0;0;0;1;0;0;;;;0;;;;;;;0;;;;;;;1;1;1;0;0;1;0;0;0;1;0;0;1;1;0;0;0;1;1;0;1;0;0;0;0;0;0;0;1;1;0;0;0;1;1;0;533;0;0;0;0;0;0;0;533;533;0;0;0;2;2;0;389;144;175;280;16;60;2;0;0;0;0;3;104;426;368;165;0;0;0;0;0;0;0;0;13;0;0;0;0;0;0;0;13;13;0;0;0;2;2;0;21;0;0;0;0;0;0;0;21;21;0;0;0;2;2;0
2022;Sudeste;3;São Paulo;SP;35;Presidente Prudente;3541406;Presidente Prudente;8;Presidente Prudente;36;354140605;SENAC PRESIDENTE PRUDENTE;35148921;4;1;1;0;MANOEL GOULART;2881;AVENIDA;VILA SANTA HELENA;19060000;18;33444400;1;15000;02FEB2022:00:00:00;23DEC2022:00:00:00;;;;;0;;;;;;;;;;;;;0;0;0;0;0;1;0;1E+14;1E+14;1;2;;;1;1;;0;0;0;;;0;;0;0;0;;1;1;1;0;0;0;1;;0;;0;0;1;0;0;0;0;1;0;0;0;0;;;;1;0;1;0;1;0;1;;;1;0;1;0;0;;1;1;0;1;0;0;0;0;0;1;1;0;0;0;0;0;0;0;0;0;0;0;1;0;1;0;1;0;0;0;;;0;0;0;0;0;0;0;0;0;1;;17;0;17;0;0;1;1;0;1;1;0;0;1;2;1;2;1;7;1;6;0;0;;;;;;;;;;;;;;1;188;1;45;0;0;;;1;1;1;1;0;9;9;3;1;;1;15;1;11;1;4;0;0;0;0;0;0;0;0;0;0;0;0;1;1;1;1;1;2;1;8;1;1;0;0;0;;;;;;;0;0;0;1;0;1;1;1;0;0;0;0;0;;;;0;;;;;;;0;;;;;;;1;1;0;0;0;1;0;0;0;0;0;0;1;1;0;0;0;1;1;0;1;0;0;0;0;0;0;0;1;1;0;0;0;0;0;0;469;0;0;0;0;0;0;0;469;469;0;0;0;0;0;0;302;167;128;214;5;115;6;1;0;0;0;0;32;437;226;243;0;0;0;0;0;0;0;0;22;0;0;0;0;0;0;0;22;22;0;0;0;0;0;0;29;0;0;0;0;0;0;0;29;29;0;0;0;0;0;0
2022;Sudeste;3;São Paulo;SP;35;Registro;3542602;Litoral Sul Paulista;14;Registro;55;354260205;SENAC REGISTRO;35585701;4;1;1;0;RUA TEITI KOKI;SN;RUA;VILA FLORIDA;11900000;13;38281316;1;15000;02FEB2022:00:00:00;23DEC2022:00:00:00;;;;;0;;;;;;;;;;;;;0;0;0;0;0;1;0;1E+14;1E+14;1;2;;;1;1;;0;0;0;;;0;;0;0;0;;1;1;0;0;0;0;1;;0;;0;0;1;0;0;0;0;1;0;0;0;0;;;;1;0;0;0;1;1;1;;;1;0;1;0;1;;1;1;0;1;0;0;0;0;0;0;1;0;0;0;0;0;1;0;0;0;0;0;1;0;1;0;1;0;0;0;;;0;1;1;1;1;1;1;1;1;0;;20;0;20;20;20;0;1;1;1;1;0;0;1;1;1;2;1;3;1;20;1;21;;;;;;;;;;;;;;1;74;1;80;1;1;;;1;1;1;1;1;1;1;3;1;;1;22;1;10;1;4;0;0;1;2;0;0;0;0;0;0;0;0;1;4;1;1;1;6;1;40;1;1;0;0;0;;;;;;;1;1;0;1;0;1;1;1;0;1;1;1;0;;;;0;;;;;;;1;0;1;0;0;1;0;1;1;0;0;0;0;0;0;1;0;0;0;1;1;0;0;0;1;1;0;1;0;0;0;0;0;0;0;1;1;0;0;0;1;1;0;750;0;0;0;0;0;0;0;750;750;0;0;0;6;6;0;529;221;242;335;6;158;6;3;0;0;0;0;162;588;506;244;0;0;0;0;0;0;0;0;25;0;0;0;0;0;0;0;25;25;0;0;0;5;5;0;39;0;0;0;0;0;0;0;39;39;0;0;0;6;6;0
2022;Sudeste;3;São Paulo;SP;35;Ribeirão Preto;3543402;Ribeirão Preto;2;Ribeirão Preto;14;354340205;SENAC RIBEIRAO PRETO;35148866;4;1;1;0;RUA CAPITAO SALOMAO;2133;RUA;JARDIM MOSTEIRO;14085430;16;21111200;1;15000;02FEB2022:00:00:00;23DEC2022:00:00:00;;;;;0;;;;;;;;;;;;;1;0;0;0;0;0;0;1E+14;1E+14;1;2;;;1;1;;0;0;0;;;0;;0;0;0;;1;1;0;0;0;0;1;;0;;0;0;1;0;0;0;0;1;0;0;1;0;;;;0;0;0;1;1;0;0;;;1;0;1;0;1;;1;1;0;0;0;0;0;1;0;1;0;0;0;0;0;0;0;0;0;0;0;0;1;0;1;0;1;0;0;0;;;0;0;0;0;0;0;0;0;0;1;;24;0;24;0;0;0;1;0;1;1;1;0;0;0;1;5;1;15;1;88888;0;0;;;;;;;;;;;;;;1;376;1;70;1;12;;;1;1;1;1;1;1;0;1;1;;0;0;0;0;0;0;0;0;0;0;0;0;0;0;0;0;0;0;0;0;0;0;0;0;0;0;0;0;0;0;0;;;;;;;1;0;0;1;0;1;1;0;0;0;1;0;0;;;;0;;;;;;;0;;;;;;;1;0;0;0;0;1;0;0;0;0;0;0;1;1;0;0;0;1;1;0;1;0;0;0;0;0;0;0;1;1;0;0;0;1;1;0;1460;0;0;0;0;0;0;0;1460;1460;0;0;0;11;11;0;854;606;448;760;30;216;4;2;0;0;0;8;406;1046;897;563;0;0;0;0;0;0;0;0;32;0;0;0;0;0;0;0;32;32;0;0;0;6;6;0;83;0;0;0;0;0;0;0;83;83;0;0;0;10;10;0
2022;Sudeste;3;São Paulo;SP;35;Rio Claro;3543907;Piracicaba;6;Rio Claro;26;354390705;SENAC RIO CLARO;35149111;4;1;1;0;AVENIDA DOIS;720;AVENIDA;CENTRO;13500411;19;21123400;1;15000;02FEB2022:00:00:00;23DEC2022:00:00:00;;;;;0;;;;;;;;;;;;;0;0;0;0;0;1;0;3,70981E+12;3,70981E+12;1;2;;;1;3;;0;0;0;;;0;;0;1;0;;1;1;0;0;0;0;1;;0;;0;0;1;0;0;0;0;1;0;0;1;0;;;;1;1;1;0;1;1;1;;;1;0;1;0;0;;1;1;0;0;0;0;0;1;0;0;1;0;0;0;0;0;0;0;0;0;0;0;1;0;1;0;1;0;0;0;;;0;1;1;0;0;1;0;1;1;0;;14;0;14;14;14;0;1;1;1;1;1;0;0;0;0;0;1;1;1;6;1;14;;;;;;;;;;;;;;1;48;1;15;1;4;;;1;1;1;1;1;1;1;3;1;;1;12;1;6;1;3;1;88888;0;0;0;0;0;0;0;0;0;0;1;2;1;1;1;4;1;88888;1;1;0;0;0;;;;;;;1;0;0;1;1;1;1;0;0;0;1;0;0;;;;0;;;;;;;0;;;;;;;1;1;1;0;0;1;0;1;0;0;0;0;1;1;0;0;0;1;1;0;1;0;0;0;0;0;0;0;1;1;0;0;0;1;1;0;373;0;0;0;0;0;0;0;373;373;0;0;0;3;3;0;254;119;122;175;14;59;2;1;0;0;0;0;23;350;204;169;0;0;0;0;0;0;0;0;16;0;0;0;0;0;0;0;16;16;0;0;0;3;3;0;20;0;0;0;0;0;0;0;20;20;0;0;0;3;3;0
2022;Sudeste;3;São Paulo;SP;35;Salto;3545209;Macro Metropolitana Paulista;12;Sorocaba;46;354520905;SENAC SALTO;35005871;4;;1;;AVENIDA DRA. SONIA MARIA BULLE;1245;SLT170;BURU;13328330;11;28118826;2;15000;;;;;;;;;;;;;;;;;;;;;;;;;;;;;;;;;;;;;;;;;;;;;;;;;;;;;;;;;;;;;;;;;;;;;;;;;;;;;;;;;;;;;;;;;;;;;;;;;;;;;;;;;;;;;;;;;;;;;;;;;;;;;;;;;;;;;;;;;;;;;;;;;;;;;;;;;;;;;;;;;;;;;;;;;;;;;;;;;;;;;;;;;;;;;;;;;;;;;;;;;;;;;;;;;;;;;;;;;;;;;;;;;;;;;;;;;;;;;;;;;;;;;;;;;;;;;;;;;;;;;;;;;;;;;;;;;;;;;;;;;;;;;;;;;;;;;;;;;;;;;;;;;;;;;;;;;;;;;;;;;;;;;;;;;;;;;;;;;;;;;;;;;;;;;;;;;;;;;
2022;Sudeste;3;São Paulo;SP;35;Santo André;3547809;Metropolitana de São Paulo;15;São Paulo;61;354780905;SENAC SANTO ANDRE;35148738;4;1;1;0;RAMIRO COLLEONI;110;AVENIDA;VILA DORA;9040160;11;28428300;1;15000;02FEB2022:00:00:00;23DEC2022:00:00:00;;;;;0;;;;;;;;;;;;;0;0;0;0;0;1;0;3,70981E+12;3,70981E+12;1;2;;;1;1;;0;0;0;;;0;;0;0;0;;1;1;0;0;0;0;1;;0;;0;0;1;0;0;0;0;1;0;0;0;0;;;;1;0;1;0;1;0;1;;;1;0;1;0;1;;1;1;0;1;0;0;0;1;0;1;0;0;0;0;0;0;0;0;0;0;0;0;1;0;1;0;1;0;0;0;;;0;0;0;0;0;0;0;0;0;1;;24;0;24;0;0;1;1;0;1;1;1;0;0;0;0;0;1;4;1;28;0;0;;;;;;;;;;;;;;1;238;1;55;1;9;;;1;1;1;1;1;1;1;3;1;;1;34;1;9;1;5;1;20;1;5;0;0;0;0;0;0;0;0;1;1;1;1;1;5;1;3;0;0;0;0;0;;;;;;;1;0;0;1;0;1;1;1;0;0;0;1;0;;;;0;;;;;;;0;;;;;;;1;0;0;0;0;1;0;0;0;0;0;0;1;1;0;0;0;1;1;0;1;0;0;0;0;0;0;0;1;1;0;0;0;1;1;0;737;0;0;0;0;0;0;0;737;737;0;0;0;9;9;0;414;323;327;297;12;97;2;2;0;0;0;0;73;664;378;359;0;0;0;0;0;0;0;0;23;0;0;0;0;0;0;0;23;23;0;0;0;6;6;0;37;0;0;0;0;0;0;0;37;37;0;0;0;6;6;0
2022;Sudeste;3;São Paulo;SP;35;Santos;3548500;Metropolitana de São Paulo;15;Santos;63;354850005;SENAC SANTOS;35148751;4;1;1;0;AVENIDA CONSELHEIRO NEBIAS;309;AVENIDA;VILA MATHIAS;11015003;13;21057799;1;15000;02FEB2022:00:00:00;23DEC2022:00:00:00;;;;;0;;;;;;;;;;;;;0;0;0;0;0;1;0;1E+14;1E+14;1;2;;;1;1;;0;0;0;;;0;;0;0;0;;1;1;0;0;0;0;1;;0;;0;0;1;0;0;0;0;1;0;0;0;0;;;;1;1;1;0;0;0;1;;;1;0;1;0;1;;1;1;1;0;0;0;0;0;0;0;0;0;0;0;0;0;0;0;0;0;0;0;1;0;0;0;1;0;0;0;;;0;0;0;0;0;0;0;0;0;1;;33;0;33;0;0;0;1;1;1;1;1;0;1;3;1;2;1;9;1;29;0;0;;;;;;;;;;;;;;1;129;1;105;1;14;;;1;1;1;1;1;9;9;2;1;;1;20;1;10;1;5;0;0;0;0;0;0;0;0;0;0;0;0;1;1;1;1;1;2;1;9;0;0;0;0;0;;;;;;;1;0;0;1;0;1;1;0;1;0;1;0;0;;;;0;;;;;;;0;;;;;;;1;1;0;0;0;1;0;0;0;1;0;0;1;1;0;0;0;1;1;0;1;0;0;0;0;0;0;0;1;1;0;0;0;1;1;0;1377;0;0;0;0;0;0;0;1377;1377;0;0;0;15;15;0;890;487;513;554;40;265;3;2;0;0;0;5;393;979;835;542;0;0;0;0;0;0;0;0;38;0;0;0;0;0;0;0;38;38;0;0;0;10;10;0;73;0;0;0;0;0;0;0;73;73;0;0;0;13;13;0
2022;Sudeste;3;São Paulo;SP;35;São Bernardo do Campo;3548708;Metropolitana de São Paulo;15;São Paulo;61;354870805;SENAC SAO BERNARDO DO CAMPO;35569070;4;1;1;0;AVENIDA SENADOR VERGUEIRO;400;AVENIDA;CENTRO;9750000;.;.;1;15000;02FEB2022:00:00:00;23DEC2022:00:00:00;;;;;0;;;;;;;;;;;;;1;0;0;0;0;0;0;1E+14;1E+14;1;2;;;1;1;;0;0;0;;;0;;0;0;0;;1;1;0;0;0;0;1;;0;;0;0;1;0;0;0;0;1;0;0;0;0;;;;0;0;0;1;1;0;1;;;1;0;1;0;1;;1;1;0;1;0;0;0;1;0;0;0;0;0;0;0;0;0;0;0;0;0;0;1;0;1;0;1;0;0;0;;;0;0;0;0;0;0;0;0;0;1;;33;0;33;0;0;1;1;0;0;1;1;0;0;0;0;0;1;3;1;39;0;0;;;;;;;;;;;;;;1;317;1;100;1;14;;;1;1;1;1;1;1;0;3;1;;1;37;1;23;1;5;0;0;1;7;0;0;0;0;0;0;0;0;0;0;1;1;1;6;1;6;0;0;0;0;0;;;;;;;1;0;0;1;0;1;1;1;0;0;1;0;0;;;;0;;;;;;;0;;;;;;;1;1;1;0;0;0;0;0;1;0;0;0;1;1;0;0;0;1;1;0;1;0;0;0;0;0;0;0;1;1;0;0;0;1;1;0;1129;0;0;0;0;0;0;0;1129;1129;0;0;0;12;12;0;664;465;397;504;14;209;4;1;0;0;0;8;296;825;680;449;0;0;0;0;0;0;0;0;29;0;0;0;0;0;0;0;29;29;0;0;0;10;10;0;43;0;0;0;0;0;0;0;43;43;0;0;0;11;11;0
2022;Sudeste;3;São Paulo;SP;35;São Carlos;3548906;Araraquara;5;São Carlos;25;354890605;SENAC SAO CARLOS;35148878;4;1;1;0;RUA EPISCOPAL;700;RUA;CENTRO;13560570;16;21071055;1;15000;02FEB2022:00:00:00;23DEC2022:00:00:00;;;;;0;;;;;;;;;;;;;0;0;0;0;0;1;0;3,70981E+12;3,70981E+12;1;1;;;1;1;;0;0;0;;;0;;0;0;0;;1;1;0;0;0;0;1;;0;;0;0;1;0;0;0;0;1;0;0;0;0;;;;1;0;1;0;1;1;1;;;1;0;1;0;1;;1;1;1;0;0;0;0;1;0;0;0;0;0;0;0;0;0;0;0;0;0;0;1;0;1;0;1;0;0;0;;;0;1;1;1;0;1;0;1;1;0;;44;0;44;0;0;1;1;1;1;1;1;0;0;0;1;6;1;6;1;28;0;0;;;;;;;;;;;;;;1;214;1;140;1;7;;;1;1;1;1;1;1;0;1;0;;1;40;1;13;1;4;0;0;0;0;0;0;0;0;0;0;0;0;1;1;1;1;0;0;1;5;1;1;0;0;0;;;;;;;1;0;1;1;0;1;1;1;0;0;1;0;0;;;;0;;;;;;;0;;;;;;;1;1;1;0;0;0;0;0;1;1;0;0;1;1;0;0;0;1;1;0;1;0;0;0;0;0;0;0;1;1;0;0;0;1;1;0;843;0;0;0;0;0;0;0;843;843;0;0;0;19;19;0;527;316;227;456;24;126;5;5;0;0;0;2;200;641;480;363;0;0;0;0;0;0;0;0;59;0;0;0;0;0;0;0;59;59;0;0;0;17;17;0;51;0;0;0;0;0;0;0;51;51;0;0;0;15;15;0
2022;Sudeste;3;São Paulo;SP;35;São João da Boa Vista;3549102;Campinas;7;São João da Boa Vista;30;354910205;SENAC SAO JOAO DA BOA VISTA;35149123;4;1;1;0;RUA SAO JOAO;204;RUA;CENTRO;13870222;19;33661100;1;15000;02FEB2022:00:00:00;23DEC2022:00:00:00;;;;;0;;;;;;;;;;;;;0;0;0;0;0;1;0;1E+14;1E+14;1;2;;;1;3;;0;0;0;;;0;;0;0;0;;1;1;0;0;0;0;1;;0;;0;0;1;0;0;0;0;1;0;0;0;0;;;;1;0;1;0;0;0;1;;;1;0;1;0;0;;1;1;1;1;0;0;0;1;0;0;0;0;0;0;0;0;0;0;0;0;0;0;1;0;0;0;1;0;0;0;;;0;0;0;0;0;0;0;0;0;1;;6;0;6;0;0;1;1;0;1;1;1;0;0;0;0;0;1;3;1;5;0;0;;;;;;;;;;;;;;1;36;1;33;1;1;;;1;1;1;1;1;1;1;3;1;;1;17;1;5;1;3;0;0;0;0;0;0;0;0;0;0;0;0;1;1;1;1;0;0;1;88888;1;1;0;0;0;;;;;;;1;0;1;1;1;1;1;1;1;0;1;0;0;;;;0;;;;;;;0;;;;;;;1;0;1;0;0;1;0;0;0;0;0;0;1;1;0;0;0;1;1;0;1;0;0;0;0;0;0;0;1;1;0;0;0;0;0;0;160;0;0;0;0;0;0;0;160;160;0;0;0;0;0;0;119;41;46;87;2;23;1;1;0;0;0;0;11;149;32;128;0;0;0;0;0;0;0;0;14;0;0;0;0;0;0;0;14;14;0;0;0;0;0;0;10;0;0;0;0;0;0;0;10;10;0;0;0;0;0;0
2022;Sudeste;3;São Paulo;SP;35;São José do Rio Preto;3549805;São José do Rio Preto;1;São José do Rio Preto;4;354980505;SENAC SAO JOSE DO RIO PRETO;35148908;4;1;1;0;RUA JORGE TIBIRICA;3518;RUA;SANTA CRUZ;15014040;17;21391699;1;15000;02FEB2022:00:00:00;23DEC2022:00:00:00;;;;;0;;;;;;;;;;;;;0;0;0;0;0;1;0;1E+14;1E+14;1;2;;;1;1;;0;0;0;;;0;;0;0;0;;1;1;0;0;0;0;1;;0;;0;0;1;0;0;0;0;1;0;0;0;0;;;;0;0;0;1;1;0;1;;;1;0;1;0;1;;1;1;0;1;0;0;0;1;0;1;0;0;0;0;0;0;0;0;0;0;0;0;1;1;1;0;1;0;0;0;;;0;0;1;0;0;1;0;0;1;0;;31;0;31;30;31;0;1;0;1;1;1;0;0;0;0;0;1;17;1;14;1;41;;;;;;;;;;;;;;1;393;1;181;1;18;;;1;0;1;0;0;0;0;0;1;;1;37;1;13;1;6;0;0;1;8;0;0;0;0;0;0;1;3;1;1;1;1;1;4;1;88888;1;1;0;0;0;;;;;;;1;0;0;1;0;1;1;0;0;0;0;0;0;;;;0;;;;;;;0;;;;;;;1;1;1;0;0;0;0;0;1;1;0;0;1;1;0;0;0;1;1;0;1;0;0;0;0;0;0;0;1;1;0;0;0;1;1;0;950;0;0;0;0;0;0;0;950;950;0;0;0;8;8;0;552;398;441;391;13;101;3;1;0;0;0;1;279;670;572;378;0;0;0;0;0;0;0;0;34;0;0;0;0;0;0;0;34;34;0;0;0;6;6;0;47;0;0;0;0;0;0;0;47;47;0;0;0;6;6;0
2022;Sudeste;3;São Paulo;SP;35;São José dos Campos;3549904;Vale do Paraíba Paulista;13;São José dos Campos;50;354990405;SENAC SAO JOSE DOS CAMPOS;35148945;4;1;1;0;SAIGIRO NAKAMURA;400;RUA;VILA INDUSTRIAL;12220280;12;21349000;1;15000;02FEB2022:00:00:00;23DEC2022:00:00:00;;;;;0;;;;;;;;;;;;;0;0;0;0;0;1;0;1E+14;1E+14;1;2;;;1;1;;0;0;0;;;0;;0;0;0;;1;1;1;0;0;0;1;;0;;0;0;1;0;0;0;0;1;0;0;0;0;;;;1;0;1;0;1;0;1;;;1;0;1;0;1;;1;1;0;0;0;0;0;1;0;0;0;0;0;0;0;0;0;0;0;0;0;0;1;0;1;0;1;0;0;0;;;0;0;0;0;0;0;0;0;0;1;;27;0;27;0;0;0;1;0;1;1;0;0;1;15;1;4;1;10;1;19;0;0;;;;;;;;;;;;;;1;200;1;25;1;10;;;1;1;1;1;1;1;1;2;1;;1;32;1;7;1;4;1;8;1;5;0;0;0;0;0;0;0;0;1;1;1;1;1;4;1;10;0;0;0;0;0;;;;;;;0;0;0;0;0;0;0;0;0;0;0;0;1;;;;0;;;;;;;0;;;;;;;0;0;0;0;0;1;0;0;0;0;0;0;1;1;0;0;0;1;1;0;1;0;0;0;0;0;0;0;1;1;0;0;0;1;1;0;933;0;0;0;0;0;0;0;933;933;0;0;0;8;8;0;580;353;286;486;25;132;3;1;0;0;0;1;163;769;553;380;0;0;0;0;0;0;0;0;31;0;0;0;0;0;0;0;31;31;0;0;0;6;6;0;46;0;0;0;0;0;0;0;46;46;0;0;0;7;7;0
2022;Sudeste;3;São Paulo;SP;35;São Paulo;3550308;Metropolitana de São Paulo;15;São Paulo;61;355030874;SENAC SAO MIGUEL PAULISTA;35004682;4;1;1;0;MARECHAL TITO;1500;;SAO MIGUEL PAULISTA;8010090;11;25048458;1;15000;02FEB2022:00:00:00;23DEC2022:00:00:00;;;;;0;;;;;;;;;;;;;0;0;0;0;0;1;0;3,70981E+12;3,70981E+12;1;2;;;1;1;;0;0;0;;;0;;0;0;0;;1;1;0;0;0;0;1;;0;;0;0;1;0;0;0;0;1;0;0;0;0;;;;1;1;1;0;1;1;1;;;1;0;1;1;1;;1;1;1;1;0;0;1;1;1;1;0;0;0;0;0;0;0;1;0;0;1;0;1;1;1;1;1;0;0;0;;;0;1;1;1;1;1;0;1;1;0;;47;0;47;0;47;1;1;1;1;1;1;0;0;0;0;0;1;16;1;16;1;16;;;;;;;;;;;;;;1;645;0;0;1;8;;;1;1;1;1;1;1;0;3;1;;1;49;1;33;1;8;0;0;1;7;0;0;0;0;0;0;1;3;1;1;1;1;1;18;1;4;1;1;0;0;0;;;;;;;1;0;1;1;1;1;1;1;1;0;0;0;0;;;;0;;;;;;;0;;;;;;;1;0;1;0;0;1;0;1;0;1;0;0;1;1;0;0;0;1;1;0;1;0;0;0;0;0;0;0;1;1;0;0;0;1;1;0;1856;0;0;0;0;0;0;0;1856;1856;0;0;0;12;12;0;1078;778;853;602;44;354;2;1;0;0;0;10;569;1277;1245;611;0;0;0;0;0;0;0;0;51;0;0;0;0;0;0;0;51;51;0;0;0;13;13;0;79;0;0;0;0;0;0;0;79;79;0;0;0;11;11;0
2022;Sudeste;3;São Paulo;SP;35;São Paulo;3550308;Metropolitana de São Paulo;15;São Paulo;61;355030880;SENAC SERRA DE BRAGANCA;35006847;4;1;1;0;SERRA DE BRAGANCA;990;;VILA GOMES CARDIM;3318000;11;32362383;1;15000;03JAN2022:00:00:00;23DEC2022:00:00:00;;;;;0;;;;;;;;;;;;;0;0;0;0;0;1;0;3,70981E+12;3,70981E+12;1;2;;;1;3;;0;0;0;;;0;;0;0;0;;1;1;0;0;0;0;1;;0;;0;0;1;0;0;0;0;1;0;0;0;0;;;;1;0;1;0;0;1;0;;;1;0;1;0;0;;0;0;1;1;0;0;0;1;0;1;0;0;0;0;0;0;0;0;0;0;0;0;0;0;1;0;1;0;0;0;;;0;1;0;1;1;1;0;1;1;0;;5;0;5;5;5;0;1;1;1;1;1;0;0;0;1;1;1;4;1;4;1;4;;;;;;;;;;;;;;1;20;0;0;0;0;;;1;1;1;0;0;1;1;2;1;;1;88888;1;6;1;1;0;0;1;1;0;0;0;0;0;0;0;0;1;1;1;1;1;2;1;1;1;1;0;0;0;;;;;;;1;0;0;1;0;1;0;0;0;0;0;0;0;;;;0;;;;;;;0;;;;;;;1;1;0;0;0;1;0;0;0;0;0;0;1;1;0;0;0;1;1;0;1;0;0;0;0;0;0;0;1;1;0;0;0;1;1;0;63;0;0;0;0;0;0;0;63;63;0;0;0;1;1;0;50;13;36;15;3;8;1;0;0;0;0;0;0;63;20;43;0;0;0;0;0;0;0;0;4;0;0;0;0;0;0;0;4;4;0;0;0;1;1;0;5;0;0;0;0;0;0;0;5;5;0;0;0;1;1;0
2022;Sudeste;3;São Paulo;SP;35;São Paulo;3550308;Metropolitana de São Paulo;15;São Paulo;61;355030870;SENAC SANTANA;35148573;4;1;1;0;VOLUNTARIOS DA PATRIA;3167;RUA;SANTANA;2401200;11;21468250;1;15000;02FEB2022:00:00:00;23DEC2022:00:00:00;;;;;0;;;;;;;;;;;;;0;0;0;0;0;1;0;3,70981E+12;3,70981E+12;1;2;;;1;1;;0;0;0;;;0;;0;0;0;;1;1;0;0;0;0;1;;0;;0;0;1;0;0;0;0;1;0;0;0;0;;;;1;0;1;0;1;0;0;;;1;0;1;0;1;;1;1;0;1;0;0;0;1;0;0;0;0;0;0;0;0;0;0;0;0;0;0;0;0;1;0;1;0;0;0;;;0;0;0;0;0;0;0;0;0;1;;24;0;24;0;0;0;1;1;1;1;1;0;0;0;0;0;1;4;1;15;0;0;;;;;;;;;;;;;;1;65;1;55;1;2;;;1;1;1;1;1;1;1;2;1;;1;29;1;7;1;4;0;0;0;0;0;0;0;0;0;0;0;0;1;1;1;1;1;6;1;5;1;2;0;0;0;;;;;;;1;0;0;1;0;1;1;0;0;0;1;0;0;;;;0;;;;;;;0;;;;;;;1;1;1;0;0;0;0;0;1;1;0;0;1;1;0;0;0;1;1;0;1;0;0;0;0;0;0;0;1;1;0;0;0;1;1;0;289;0;0;0;0;0;0;0;289;289;0;0;0;1;1;0;169;120;105;119;7;54;2;2;0;0;0;0;35;254;201;88;0;0;0;0;0;0;0;0;11;0;0;0;0;0;0;0;11;11;0;0;0;1;1;0;13;0;0;0;0;0;0;0;13;13;0;0;0;1;1;0
2022;Sudeste;3;São Paulo;SP;35;São Paulo;3550308;Metropolitana de São Paulo;15;São Paulo;61;355030893;SENAC VILA PRUDENTE;35148581;4;1;1;0;RUA DO ORFANATO;316;RUA;VILA PRUDENTE;3131010;11;34740720;1;15000;02FEB2022:00:00:00;23DEC2022:00:00:00;;;;;0;;;;;;;;;;;;;0;0;0;0;0;1;0;1E+14;1E+14;1;2;;;1;1;;0;0;0;;;0;;0;0;0;;1;1;0;0;0;0;1;;0;;0;0;1;0;0;0;0;1;0;0;0;0;;;;1;0;1;0;1;0;1;;;1;0;0;0;0;;1;1;0;0;0;0;0;1;0;0;0;0;0;0;0;0;0;0;0;0;0;0;1;0;1;0;1;0;0;0;;;0;0;0;0;0;0;0;0;0;1;;15;0;15;0;0;0;1;1;1;1;1;0;1;1;1;1;1;5;1;88888;0;0;;;;;;;;;;;;;;1;93;1;30;0;0;;;1;1;1;1;1;1;1;2;1;;1;24;1;9;1;3;0;0;0;0;0;0;0;0;0;0;0;0;0;0;1;1;1;4;1;88888;1;1;0;0;0;;;;;;;0;0;0;0;0;1;1;0;0;0;0;0;0;;;;0;;;;;;;0;;;;;;;0;1;0;0;0;0;0;0;1;0;0;0;1;1;0;0;0;1;1;0;1;0;0;0;0;0;0;0;1;1;0;0;0;1;1;0;624;0;0;0;0;0;0;0;624;624;0;0;0;3;3;0;405;219;318;192;12;99;1;2;0;0;0;0;20;604;329;295;0;0;0;0;0;0;0;0;23;0;0;0;0;0;0;0;23;23;0;0;0;3;3;0;31;0;0;0;0;0;0;0;31;31;0;0;0;3;3;0
2022;Sudeste;3;São Paulo;SP;35;São Paulo;3550308;Metropolitana de São Paulo;15;São Paulo;61;355030880;SENAC TATUAPE;35148593;4;1;1;0;RUA CORONEL LUIS AMERICANO;130;RUA;VILA AZEVEDO;3308020;11;21912900;1;15000;03JAN2022:00:00:00;23DEC2022:00:00:00;;;;;0;;;;;;;;;;;;;0;0;0;0;0;1;0;3,70981E+12;3,70981E+12;1;1;;;1;1;;0;0;0;;;0;;0;0;0;;1;1;0;0;0;0;1;;0;;0;0;1;0;0;0;0;1;0;0;0;0;;;;1;0;1;0;1;0;1;;;1;0;1;0;1;;1;1;1;0;0;0;0;1;0;0;0;0;0;0;0;0;0;0;0;0;0;0;1;0;1;0;1;0;0;0;;;0;0;0;0;0;0;0;0;0;1;;13;0;13;13;13;1;1;1;1;1;0;0;1;2;1;1;1;4;0;0;1;1;;;;;;;;;;;;;;1;100;0;0;0;0;;;1;0;1;1;0;0;0;3;1;;1;88888;1;8;1;88888;0;0;1;3;0;0;0;0;0;0;0;0;1;1;1;1;1;4;1;88888;1;1;0;0;0;;;;;;;1;0;1;1;0;1;1;0;0;0;0;0;0;;;;0;;;;;;;0;;;;;;;1;1;0;0;0;0;0;0;1;0;0;0;1;1;0;0;0;1;1;0;1;0;0;0;0;0;0;0;1;1;0;0;0;1;1;0;108;0;0;0;0;0;0;0;108;108;0;0;0;3;3;0;59;49;32;57;1;18;0;0;0;0;0;0;24;84;97;11;0;0;0;0;0;0;0;0;7;0;0;0;0;0;0;0;7;7;0;0;0;3;3;0;8;0;0;0;0;0;0;0;8;8;0;0;0;3;3;0
2022;Sudeste;3;São Paulo;SP;35;São Paulo;3550308;Metropolitana de São Paulo;15;São Paulo;61;355030806;SENAC FRANCISCO MATARAZZO;35148623;4;1;1;0;FRANCISCO MATARAZZO;249;AVENIDA;AGUA BRANCA;5001000;11;21892100;1;15000;03JAN2022:00:00:00;23DEC2022:00:00:00;;;;;0;;;;;;;;;;;;;0;0;0;0;0;1;0;3,70981E+12;3,70981E+12;1;1;;;1;1;;0;0;0;;;0;;0;0;0;;1;1;0;0;0;0;1;;0;;0;0;1;0;0;0;0;1;0;0;0;0;;;;1;0;1;0;1;1;0;;;1;0;1;0;1;;1;1;0;0;0;0;0;1;0;0;0;0;0;0;0;0;0;0;0;0;1;0;1;0;1;0;1;0;0;0;;;0;0;0;0;0;0;0;0;0;1;;39;0;39;39;39;0;1;0;1;1;1;0;1;1;0;0;1;13;1;40;1;46;;;;;;;;;;;;;;1;59;1;251;1;13;;;1;1;1;1;1;1;1;3;1;;1;36;1;15;1;5;0;0;1;4;0;0;0;0;0;0;0;0;1;1;1;1;1;8;1;88888;1;1;0;0;0;;;;;;;1;0;1;1;0;1;1;0;1;0;1;1;0;;;;0;;;;;;;0;;;;;;;1;1;1;0;0;1;0;0;0;0;0;0;1;1;0;0;0;1;1;0;1;0;0;0;0;0;0;0;1;1;0;0;0;1;1;0;474;0;0;0;0;0;0;0;474;474;0;0;0;3;3;0;264;210;173;209;11;75;5;1;0;0;0;5;157;312;282;192;0;0;0;0;0;0;0;0;15;0;0;0;0;0;0;0;15;15;0;0;0;2;2;0;20;0;0;0;0;0;0;0;20;20;0;0;0;3;3;0
2022;Sudeste;3;São Paulo;SP;35;São Paulo;3550308;Metropolitana de São Paulo;15;São Paulo;61;355030809;SENAC TIRADENTES;35148659;4;1;1;0;TIRADENTES;822;AVENIDA;LUZ;1102000;11;33662000;1;15000;02FEB2022:00:00:00;23DEC2022:00:00:00;;;;;0;;;;;;;;;;;;;0;0;0;0;0;1;0;1E+14;1E+14;1;2;;;1;1;;0;0;0;;;0;;0;0;0;;1;1;0;0;0;0;1;;0;;0;0;1;0;0;0;0;1;0;0;0;0;;;;0;0;1;0;0;0;1;;;1;0;1;0;1;;1;1;0;1;0;0;0;1;0;0;0;0;0;0;0;0;0;0;0;0;0;0;1;0;1;0;1;0;0;0;;;0;0;0;0;0;0;0;0;0;1;;20;0;20;0;0;1;1;1;1;1;0;0;1;3;0;0;1;9;0;0;0;0;;;;;;;;;;;;;;1;315;0;0;0;0;;;1;1;1;1;0;9;9;0;0;;1;32;1;22;1;4;0;0;1;7;0;0;0;0;0;0;0;0;1;1;1;1;0;0;1;5;1;1;0;0;0;;;;;;;1;0;1;1;0;1;1;1;0;0;0;0;0;;;;0;;;;;;;0;;;;;;;1;1;1;0;0;1;0;0;0;0;0;0;1;1;0;0;0;1;1;0;1;0;0;0;0;0;0;0;1;1;0;0;0;1;1;0;1272;0;0;0;0;0;0;0;1272;1272;0;0;0;4;4;0;890;382;681;377;37;170;5;2;0;0;0;0;7;1265;878;394;0;0;0;0;0;0;0;0;41;0;0;0;0;0;0;0;41;41;0;0;0;4;4;0;54;0;0;0;0;0;0;0;54;54;0;0;0;4;4;0
2022;Sudeste;3;São Paulo;SP;35;São Paulo;3550308;Metropolitana de São Paulo;15;São Paulo;61;355030838;SENAC JABAQUARA;35148702;4;1;1;0;CAFE;298;AVENIDA;VILA GUARANI Z SUL;4311000;11;21469150;1;15000;03JAN2022:00:00:00;23DEC2022:00:00:00;;;;;0;;;;;;;;;;;;;0;0;0;0;0;1;0;1E+14;1E+14;1;2;;;1;1;;0;0;0;;;0;;0;0;0;;1;1;0;0;0;0;1;;0;;0;0;1;0;0;0;0;1;0;0;0;0;;;;1;0;0;0;1;0;1;;;1;0;1;0;1;;1;1;0;1;0;0;1;1;0;0;0;0;0;0;0;0;0;0;0;0;0;0;1;0;1;0;1;0;0;0;;;0;1;1;1;1;1;0;1;1;0;;10;0;10;0;0;1;1;1;1;1;1;0;1;2;1;1;1;8;1;2;0;0;;;;;;;;;;;;;;1;117;1;50;1;40;;;1;1;1;1;1;1;1;2;1;;1;18;1;12;1;4;1;88888;1;4;0;0;0;0;0;0;0;0;1;1;1;1;0;0;1;9;1;1;0;0;0;;;;;;;1;0;1;1;0;1;1;0;1;0;0;0;0;;;;0;;;;;;;0;;;;;;;1;0;0;0;0;1;0;0;0;0;0;0;1;1;0;0;0;1;1;0;1;0;0;0;0;0;0;0;1;1;0;0;0;1;1;0;675;0;0;0;0;0;0;0;675;675;0;0;0;7;7;0;419;256;272;265;18;117;3;0;0;0;0;3;185;487;396;279;0;0;0;0;0;0;0;0;14;0;0;0;0;0;0;0;14;14;0;0;0;5;5;0;22;0;0;0;0;0;0;0;22;22;0;0;0;5;5;0
2022;Sudeste;3;São Paulo;SP;35;São Paulo;3550308;Metropolitana de São Paulo;15;São Paulo;61;355030801;SENAC LARGO TREZE;35148714;4;1;1;0;ANTONIO BENTO DOUTOR;393;RUA;SANTO AMARO;4750000;11;37373900;1;15000;03JAN2022:00:00:00;22DEC2022:00:00:00;;;;;0;;;;;;;;;;;;;1;0;0;0;0;0;0;3,70981E+12;1E+14;1;1;;;1;1;;0;0;0;;;0;;0;0;0;;1;1;0;0;0;0;1;;0;;0;0;1;0;0;0;0;0;0;0;1;0;;;;1;0;1;0;1;0;1;;;1;0;1;1;1;;1;1;0;1;0;0;0;1;0;0;0;0;0;0;0;0;0;0;0;0;0;0;1;0;1;0;1;0;0;0;;;0;0;0;0;0;0;0;0;0;1;;21;0;21;0;0;1;1;1;1;1;1;0;0;0;1;88888;1;3;1;88888;0;0;;;;;;;;;;;;;;1;88888;1;88888;1;10;;;1;1;1;1;1;1;1;3;1;;1;88888;1;88888;1;88888;1;88888;1;1;0;0;0;0;0;0;0;0;1;88888;1;1;1;88888;0;0;1;1;1;1;0;;;;;;;1;0;0;1;0;1;1;0;0;0;0;0;0;;;;0;;;;;;;0;;;;;;;1;1;0;0;0;1;0;0;0;0;0;0;1;1;0;0;0;1;0;0;1;0;0;0;0;0;0;0;1;0;0;0;0;0;0;0;25;0;0;0;0;0;0;0;25;0;0;0;0;0;0;0;14;11;5;14;1;4;1;0;0;0;0;0;17;8;25;0;0;0;0;0;0;0;0;0;5;0;0;0;0;0;0;0;5;0;0;0;0;0;0;0;6;0;0;0;0;0;0;0;6;0;0;0;0;0;0;0
2022;Sudeste;3;São Paulo;SP;35;São Paulo;3550308;Metropolitana de São Paulo;15;São Paulo;61;355030848;SENAC LAPA SCIPIAO;35148994;4;1;1;0;RUA SCIPIAO;67;RUA;V ROMANA;5047060;11;34752200;1;15000;02FEB2022:00:00:00;23DEC2022:00:00:00;;;;;0;;;;;;;;;;;;;0;0;0;0;0;1;0;3,70981E+12;1E+14;1;2;;;1;1;;0;0;0;;;0;;0;0;0;;1;1;0;0;0;0;1;;0;;0;0;1;0;0;0;0;1;0;0;0;0;;;;0;0;0;1;1;0;1;;;1;0;1;0;0;;1;1;0;0;0;0;1;1;0;0;1;0;0;0;0;0;0;0;0;0;0;0;1;0;1;0;1;0;0;0;;;0;1;1;1;1;0;0;1;1;0;;19;0;19;0;0;0;1;0;1;1;1;0;1;4;1;4;1;22;1;9;0;0;;;;;;;;;;;;;;1;415;0;0;1;10;;;1;1;1;1;0;9;9;3;1;;1;28;1;14;1;5;0;0;1;8;0;0;0;0;0;0;0;0;0;0;1;1;1;6;1;88888;0;0;0;0;0;;;;;;;1;0;0;1;0;1;1;1;1;0;0;0;0;;;;0;;;;;;;0;;;;;;;1;1;0;0;0;1;0;0;0;0;0;0;1;1;0;0;0;1;1;0;1;0;0;0;0;0;0;0;1;1;0;0;0;1;1;0;846;0;0;0;0;0;0;0;846;846;0;0;0;6;6;0;434;412;339;366;22;106;10;3;0;0;0;5;222;619;569;277;0;0;0;0;0;0;0;0;26;0;0;0;0;0;0;0;26;26;0;0;0;4;4;0;36;0;0;0;0;0;0;0;36;36;0;0;0;4;4;0
2022;Sudeste;3;São Paulo;SP;35;São Paulo;3550308;Metropolitana de São Paulo;15;São Paulo;61;355030848;SENAC LAPA FAUSTOLO;35149081;4;1;1;0;RUA FAUSTOLO;1347;RUA;LAPA;5041001;11;21859800;1;15000;02FEB2022:00:00:00;23DEC2022:00:00:00;;;;;0;;;;;;;;;;;;;0;0;0;0;0;1;0;3,70981E+12;3,70981E+12;1;1;;;1;1;;0;0;0;;;0;;0;0;0;;1;1;0;0;0;0;1;;0;;0;0;1;0;0;0;0;1;0;0;0;0;;;;1;0;0;0;1;0;1;;;1;0;1;0;1;;1;1;1;0;0;0;0;1;0;0;1;0;0;0;0;0;0;0;0;0;0;0;1;0;1;0;1;0;0;0;;;0;1;1;1;0;0;0;1;1;0;;14;0;14;14;14;1;1;1;1;1;1;0;1;6;1;1;1;5;1;14;0;0;;;;;;;;;;;;;;1;70;1;68;0;0;;;1;1;1;1;1;1;0;3;1;;1;11;1;6;1;4;0;0;1;2;0;0;0;0;0;0;0;0;1;1;1;1;1;3;1;20;1;1;0;0;0;;;;;;;1;0;0;1;0;1;0;1;0;0;0;1;0;;;;0;;;;;;;0;;;;;;;1;1;1;0;0;1;0;0;0;0;0;0;1;1;0;0;0;1;1;0;1;0;0;0;0;0;0;0;1;1;0;0;0;0;0;0;298;0;0;0;0;0;0;0;298;298;0;0;0;0;0;0;244;54;141;102;6;47;2;0;0;0;0;0;14;284;152;146;0;0;0;0;0;0;0;0;12;0;0;0;0;0;0;0;12;12;0;0;0;0;0;0;15;0;0;0;0;0;0;0;15;15;0;0;0;0;0;0
2022;Sudeste;3;São Paulo;SP;35;São Paulo;3550308;Metropolitana de São Paulo;15;São Paulo;61;355030837;SENAC ITAQUERA;35149100;4;1;1;0;AVENIDA ITAQUERA;8266;AVENIDA;ITAQUERA;8295000;11;21859200;1;15000;17JAN2022:00:00:00;23DEC2022:00:00:00;;;;;0;;;;;;;;;;;;;0;0;0;0;0;1;0;3,70981E+12;3,70981E+12;1;2;;;1;1;;0;0;0;;;0;;0;0;0;;1;1;0;0;0;0;1;;0;;0;0;1;0;0;0;0;1;0;0;0;0;;;;1;0;0;0;1;0;1;;;1;0;1;0;1;;1;1;0;0;0;0;0;1;0;0;0;0;0;0;0;0;0;0;0;0;0;0;0;0;1;0;1;0;0;0;;;0;1;1;1;1;0;0;1;0;0;;15;0;15;15;15;0;1;1;1;1;1;0;0;0;0;0;1;7;1;10;0;0;;;;;;;;;;;;;;1;100;1;100;1;15;;;1;1;1;1;1;1;0;3;1;;1;39;0;0;0;0;0;0;0;0;0;0;0;0;0;0;0;0;0;0;0;0;0;0;0;0;0;0;0;0;0;;;;;;;1;0;0;1;0;1;1;1;0;0;0;0;0;;;;0;;;;;;;0;;;;;;;1;0;0;0;0;1;0;0;0;1;0;0;1;1;0;0;0;1;1;0;1;0;0;0;0;0;0;0;1;1;0;0;0;1;1;0;430;0;0;0;0;0;0;0;430;430;0;0;0;4;4;0;251;179;240;116;12;58;3;1;0;0;0;0;19;411;282;148;0;0;0;0;0;0;0;0;19;0;0;0;0;0;0;0;19;19;0;0;0;3;3;0;19;0;0;0;0;0;0;0;19;19;0;0;0;3;3;0
2022;Sudeste;3;São Paulo;SP;35;São Paulo;3550308;Metropolitana de São Paulo;15;São Paulo;61;355030859;SENAC PENHA;35149135;4;1;1;0;RUA FRANCISCO COIMBRA PENHA;403;RUA;PENHA;3639000;11;21350300;1;15000;02FEB2022:00:00:00;23DEC2022:00:00:00;;;;;0;;;;;;;;;;;;;0;0;0;0;0;1;0;3,70981E+12;3,70981E+12;1;2;;;1;1;;0;0;0;;;0;;0;0;0;;1;1;0;0;0;0;1;;0;;0;0;1;0;0;0;0;1;0;0;0;0;;;;1;0;1;0;0;0;0;;;1;0;0;0;0;;0;0;1;0;0;0;0;0;0;0;0;0;0;0;0;0;0;0;0;0;0;0;0;0;0;0;1;0;0;0;;;0;0;0;0;0;0;0;0;0;1;;15;0;15;0;0;0;1;0;1;1;1;0;1;1;1;1;1;4;1;16;1;15;;;;;;;;;;;;;;1;155;1;20;1;15;;;1;1;1;1;1;0;1;2;1;;1;28;1;7;1;3;0;0;0;0;0;0;0;0;0;0;0;0;1;1;1;1;1;6;1;88888;1;1;0;0;0;;;;;;;1;0;0;1;0;1;1;0;0;0;0;0;0;;;;0;;;;;;;0;;;;;;;1;0;0;0;0;1;0;0;0;0;0;0;1;1;0;0;0;1;1;0;1;0;0;0;0;0;0;0;1;1;0;0;0;1;1;0;309;0;0;0;0;0;0;0;309;309;0;0;0;1;1;0;196;113;192;72;8;36;1;0;0;0;0;0;8;301;163;146;0;0;0;0;0;0;0;0;11;0;0;0;0;0;0;0;11;11;0;0;0;1;1;0;17;0;0;0;0;0;0;0;17;17;0;0;0;1;1;0
2022;Sudeste;3;São Paulo;SP;35;São Paulo;3550308;Metropolitana de São Paulo;15;São Paulo;61;355030816;SENAC NACOES UNIDAS;35269025;4;1;1;0;EUSEBIO STEVAUX ENGENHEIRO;823;AVENIDA;JURUBATUBA;4696000;11;56827300;1;15000;02FEB2022:00:00:00;23DEC2022:00:00:00;;;;;0;;;;;;;;;;;;;0;0;0;0;0;1;0;3,70981E+12;3,70981E+12;1;2;;;1;1;;0;0;0;;;0;;0;0;0;;1;1;0;0;0;0;1;;0;;0;0;1;0;0;0;0;1;0;0;0;0;;;;0;0;0;1;0;0;1;;;1;0;1;0;0;;1;1;0;0;0;0;0;0;0;0;1;0;0;1;1;1;0;0;0;0;0;0;1;0;1;0;1;0;0;0;;;0;0;0;0;0;0;0;0;0;1;;90;0;90;0;0;0;1;0;1;1;0;0;0;0;1;8;0;0;0;0;0;0;;;;;;;;;;;;;;1;19;0;0;1;14;;;1;1;1;1;1;1;1;3;1;;1;11;1;3;1;1;1;3;1;2;0;0;0;0;0;0;0;0;1;1;1;1;1;3;1;2;0;0;0;0;0;;;;;;;1;0;1;1;0;0;1;0;1;0;0;0;0;;;;0;;;;;;;0;;;;;;;1;1;1;0;0;0;0;0;1;0;0;0;1;1;0;0;0;1;0;0;1;0;0;0;0;0;0;0;1;1;0;0;0;1;1;0;1670;0;0;0;0;0;0;0;1670;1670;0;0;0;22;22;0;677;993;517;936;35;167;14;1;0;0;0;44;1535;91;1670;0;0;0;0;0;0;0;0;0;43;0;0;0;0;0;0;0;43;43;0;0;0;17;17;0;43;0;0;0;0;0;0;0;43;43;0;0;0;17;17;0
2022;Sudeste;3;São Paulo;SP;35;São Paulo;3550308;Metropolitana de São Paulo;15;São Paulo;61;355030848;SENAC LAPA TITO;35287258;4;1;1;0;TITO;54;RUA;VILA ROMANA;5051000;11;28885500;1;15000;02FEB2022:00:00:00;23DEC2022:00:00:00;;;;;0;;;;;;;;;;;;;0;0;0;0;0;1;0;1E+14;1E+14;1;2;;;1;1;;0;0;0;;;0;;0;0;0;;1;1;0;0;0;0;1;;0;;0;0;1;0;0;0;0;1;0;0;0;0;;;;1;0;1;0;1;0;0;;;1;0;1;0;1;;1;1;0;0;0;0;0;1;0;0;1;0;0;0;0;0;0;0;0;0;0;0;0;0;1;0;1;0;0;0;;;0;1;1;1;1;0;0;1;1;0;;52;0;52;52;52;1;1;1;1;1;1;0;0;0;1;2;1;10;1;44;1;65;;;;;;;;;;;;;;1;636;1;231;1;13;;;1;1;1;1;0;1;1;3;1;;1;33;1;14;1;4;0;0;1;7;0;0;0;0;0;0;0;0;1;1;1;1;1;6;0;0;1;1;0;0;0;;;;;;;0;0;0;0;0;1;1;1;0;0;0;0;0;;;;0;;;;;;;0;;;;;;;1;1;1;0;0;0;0;1;0;0;0;0;1;1;0;0;0;1;1;0;1;0;0;0;0;0;0;0;1;1;0;0;0;1;1;0;1219;0;0;0;0;0;0;0;1219;1219;0;0;0;11;11;0;454;765;459;539;21;194;5;1;0;0;0;7;481;731;800;419;0;0;0;0;0;0;0;0;26;0;0;0;0;0;0;0;26;26;0;0;0;12;12;0;52;0;0;0;0;0;0;0;52;52;0;0;0;11;11;0
2022;Sudeste;3;São Paulo;SP;35;São Paulo;3550308;Metropolitana de São Paulo;15;São Paulo;61;355030849;SENAC ACLIMACAO;35449477;4;1;1;0;PIRES DA MOTA;838;RUA;ACLIMACAO;1529000;11;37951299;1;15000;02FEB2022:00:00:00;23DEC2022:00:00:00;;;;;0;;;;;;;;;;;;;0;0;0;0;0;1;0;1E+14;1E+14;1;2;;;1;1;;0;0;0;;;0;;0;0;0;;1;1;0;0;0;0;1;;0;;0;0;1;0;0;0;0;1;0;0;0;0;;;;1;0;0;0;0;0;1;;;1;0;1;0;1;;1;1;1;1;0;0;0;1;0;0;1;0;0;0;0;0;1;0;0;0;0;0;1;1;1;0;1;0;0;0;;;0;0;0;0;0;0;0;0;0;1;;27;0;27;0;0;1;1;1;1;1;1;0;1;1;1;8;1;6;1;25;0;0;;;;;;;;;;;;;;1;143;1;247;1;5;;;1;1;1;1;1;1;1;3;1;;1;60;1;23;1;1;0;0;0;0;0;0;0;0;0;0;1;7;1;1;1;1;1;6;1;7;1;2;0;0;0;;;;;;;1;0;1;1;0;1;1;0;1;0;1;0;0;;;;0;;;;;;;0;;;;;;;1;1;1;0;0;1;0;0;0;0;0;0;1;1;0;0;0;1;1;0;1;0;0;0;0;0;0;0;1;1;0;0;0;1;1;0;975;0;0;0;0;0;0;0;975;975;0;0;0;10;10;0;601;374;444;395;17;107;11;1;0;0;0;9;376;590;649;326;0;0;0;0;0;0;0;0;40;0;0;0;0;0;0;0;40;40;0;0;0;16;16;0;34;0;0;0;0;0;0;0;34;34;0;0;0;7;7;0
2022;Sudeste;3;São Paulo;SP;35;São Paulo;3550308;Metropolitana de São Paulo;15;São Paulo;61;355030801;SENAC JARDIM PRIMAVERA;35463536;4;1;1;0;RUA MANOEL ALVES SOARES;1100;AVENIDA;INTERLAGOS;4821270;11;56629300;1;15000;03JAN2022:00:00:00;22DEC2022:00:00:00;;;;;0;;;;;;;;;;;;;0;0;0;0;0;1;0;3,70981E+12;1E+14;1;1;;;1;3;;0;0;0;;;0;;0;0;0;;1;1;0;0;0;0;1;;0;;0;0;1;0;0;0;0;0;0;0;1;0;;;;1;0;1;0;1;0;0;;;1;0;0;0;1;;1;1;0;0;0;0;0;1;0;0;0;0;0;0;0;0;0;0;0;0;0;0;0;0;1;0;0;0;0;0;;;0;0;0;0;0;0;0;0;0;1;;5;0;5;0;0;1;1;0;1;1;0;0;0;0;1;88888;1;2;1;6;0;0;;;;;;;;;;;;;;1;88888;1;88888;1;1;;;1;1;1;1;1;1;1;3;1;;1;88888;1;3;1;2;0;0;0;0;0;0;0;0;0;0;0;0;1;2;1;1;0;0;0;0;1;1;0;0;0;;;;;;;1;0;0;1;0;1;0;0;0;0;0;1;0;;;;0;;;;;;;0;;;;;;;1;1;0;0;0;1;0;0;0;0;0;0;1;1;0;0;0;0;1;0;1;0;0;0;0;0;0;0;1;0;0;0;0;0;0;0;7;0;0;0;0;0;0;0;7;0;0;0;0;0;0;0;4;3;1;4;0;2;0;0;0;0;0;0;5;2;0;7;0;0;0;0;0;0;0;0;2;0;0;0;0;0;0;0;2;0;0;0;0;0;0;0;3;0;0;0;0;0;0;0;3;0;0;0;0;0;0;0
2022;Sudeste;3;São Paulo;SP;35;Sorocaba;3552205;Macro Metropolitana Paulista;12;Sorocaba;46;355220505;SENAC SOROCABA;35148799;4;1;1;0;RUA CORONEL NOGUEIRA PADILHA;2392;RUA;VILA HORTENCIA;18020003;15;34122500;1;15000;02FEB2022:00:00:00;23DEC2022:00:00:00;;;;;0;;;;;;;;;;;;;0;0;0;0;0;1;0;1E+14;1E+14;1;2;;;1;1;;0;0;0;;;0;;0;0;0;;1;1;1;0;0;0;1;;0;;0;0;1;0;0;0;0;1;0;0;0;0;;;;0;0;1;0;1;1;1;;;1;0;1;1;1;;1;1;1;1;0;0;1;1;0;1;1;0;0;0;0;0;1;1;1;0;0;1;1;1;1;0;1;0;0;0;;;0;1;1;1;1;1;1;1;1;0;;48;0;48;48;48;0;1;1;1;1;1;0;0;0;1;2;1;4;1;22;1;64;;;;;;;;;;;;;;1;428;1;164;1;5;;;1;1;1;1;1;1;0;1;1;;1;29;1;25;1;4;0;0;1;6;0;0;0;0;0;0;0;0;1;1;1;1;1;18;0;0;1;1;0;0;0;;;;;;;0;0;0;0;0;0;0;0;0;0;0;0;1;;;;0;;;;;;;1;0;0;0;0;0;1;1;1;0;1;0;1;1;0;0;0;0;0;1;1;0;0;0;1;1;0;1;0;0;0;0;0;0;0;1;1;0;0;0;1;1;0;911;0;0;0;0;0;0;0;911;911;0;0;0;6;6;0;543;368;285;490;20;94;22;0;0;0;0;6;242;663;507;404;0;0;0;0;0;0;0;0;30;0;0;0;0;0;0;0;30;30;0;0;0;5;5;0;47;0;0;0;0;0;0;0;47;47;0;0;0;5;5;0
2022;Sudeste;3;São Paulo;SP;35;Taboão da Serra;3552809;Metropolitana de São Paulo;15;Itapecerica da Serra;60;355280905;SENAC TABOAO DA SERRA;35563390;4;1;1;0;RUA SALVADOR BRANCO DE ANDRADE;182;;JARDIM SAO MIGUEL;6760100;11;42452000;1;15000;02FEB2022:00:00:00;23DEC2022:00:00:00;;;;;0;;;;;;;;;;;;;0;0;0;0;0;1;0;1E+14;1E+14;1;2;;;1;1;;0;0;0;;;0;;0;0;0;;1;1;0;0;0;0;1;;1;;1;0;1;0;0;0;0;1;0;0;0;0;;;;0;0;1;0;1;0;1;;;1;0;1;0;0;;1;1;0;0;0;0;0;0;0;1;0;0;0;0;0;0;0;0;0;0;0;0;1;0;1;0;0;0;0;0;;;0;0;1;1;0;1;0;0;0;0;;23;0;23;0;0;1;1;1;1;1;1;0;1;1;1;23;1;4;1;20;0;0;;;;;;;;;;;;;;1;26;1;26;1;4;;;1;1;1;1;0;1;0;2;1;;1;25;1;8;1;4;0;0;0;0;0;0;0;0;0;0;0;0;0;0;1;1;0;0;1;88888;1;1;0;0;0;;;;;;;1;0;0;1;0;1;0;0;0;0;0;0;0;;;;0;;;;;;;0;;;;;;;1;0;0;0;0;0;0;0;1;1;0;0;1;1;0;0;0;1;1;0;1;0;0;0;0;0;0;0;1;1;0;0;0;1;1;0;705;0;0;0;0;0;0;0;705;705;0;0;0;2;2;0;439;266;321;205;28;147;3;1;0;0;0;0;40;665;430;275;0;0;0;0;0;0;0;0;17;0;0;0;0;0;0;0;17;17;0;0;0;2;2;0;35;0;0;0;0;0;0;0;35;35;0;0;0;2;2;0
2022;Sudeste;3;São Paulo;SP;35;Taubaté;3554102;Vale do Paraíba Paulista;13;São José dos Campos;50;355410205;SENAC TAUBATE;35148775;4;1;1;0;RUA PROFESSOR NELSON FREIRE CAMPELLO;202;RUA;JARDIM EULALIA;12010700;12;21256099;1;15000;02FEB2022:00:00:00;23DEC2022:00:00:00;;;;;0;;;;;;;;;;;;;0;0;0;0;0;1;0;3,70981E+12;3,70981E+12;1;2;;;1;1;;0;0;0;;;0;;1;1;0;;1;1;1;0;0;0;1;;0;;0;0;1;0;0;0;0;1;0;0;1;0;;;;1;0;0;0;0;0;1;;;1;0;1;0;1;;1;1;1;1;0;0;0;1;0;0;1;0;0;1;0;1;0;0;0;0;0;0;1;0;1;0;1;0;0;0;;;0;0;0;0;0;0;0;0;0;1;;17;0;17;0;0;1;1;0;1;1;1;0;1;1;1;1;1;3;1;22;0;0;;;;;;;;;;;;;;1;198;1;75;1;4;;;1;1;1;1;1;1;1;2;1;;1;3;1;10;1;3;1;88888;1;3;0;0;0;0;0;0;1;6;1;1;1;1;1;4;1;1;0;0;0;0;0;;;;;;;1;0;0;1;0;1;0;1;0;0;0;0;0;;;;0;;;;;;;0;;;;;;;1;0;0;0;0;1;0;0;0;1;0;0;1;1;0;0;0;1;1;0;1;0;0;0;0;0;0;0;1;1;0;0;0;1;1;0;578;0;0;0;0;0;0;0;578;578;0;0;0;1;1;0;384;194;245;269;4;58;2;0;0;0;0;0;117;461;379;199;0;0;0;0;0;0;0;0;29;0;0;0;0;0;0;0;29;29;0;0;0;1;1;0;31;0;0;0;0;0;0;0;31;31;0;0;0;1;1;0
2022;Sudeste;3;São Paulo;SP;35;Votuporanga;3557105;São José do Rio Preto;1;Votuporanga;3;355710505;SENAC VOTUPORANGA;35149073;4;1;1;0;GUAPORE;3221;RUA;SANTA LUZIA;15500086;17;34266700;1;15000;02FEB2022:00:00:00;23DEC2022:00:00:00;;;;;0;;;;;;;;;;;;;0;0;0;0;0;1;0;1E+14;1E+14;1;2;;;1;3;;0;0;0;;;0;;0;0;0;;1;1;0;0;0;0;1;;0;;0;0;1;0;0;0;0;1;0;0;0;0;;;;0;0;0;1;1;0;0;;;1;0;1;0;0;;0;0;1;0;0;0;0;1;0;1;1;0;0;0;0;0;0;0;0;0;0;0;1;0;1;0;1;0;0;0;;;0;0;0;0;0;0;0;0;0;1;;7;0;7;0;0;1;1;1;1;1;0;0;1;1;1;5;1;3;1;9;0;0;;;;;;;;;;;;;;1;10;1;7;1;1;;;1;1;1;1;1;1;0;0;1;;1;22;0;0;0;0;0;0;0;0;0;0;0;0;0;0;0;0;1;1;1;1;0;0;0;0;1;1;0;0;0;;;;;;;0;0;0;1;0;0;0;0;0;0;0;0;0;;;;0;;;;;;;0;;;;;;;1;1;0;0;0;0;0;0;1;1;0;0;1;1;0;0;0;1;1;0;1;0;0;0;0;0;0;0;1;1;0;0;0;1;1;0;267;0;0;0;0;0;0;0;267;267;0;0;0;1;1;0;194;73;74;146;8;39;0;0;0;0;0;0;6;261;122;145;0;0;0;0;0;0;0;0;8;0;0;0;0;0;0;0;8;8;0;0;0;2;2;0;12;0;0;0;0;0;0;0;12;12;0;0;0;1;1;0
2022;Sul;4;Paraná;PR;41;Apucarana;4101408;Norte Central Paranaense;3;Apucarana;10;410140805;UEPT 5 - UNIDADE DE EDUCACAO PRO E TECNOLOGICA DE APUCARANA- SENAC;41152085;4;1;1;0;GASTAO VIDIGAL;185;;JABOTI;86800050;43;34202800;1;1;10JAN2022:00:00:00;16DEC2022:00:00:00;;;;;0;;;;;;;;;;;;;0;0;0;0;0;1;0;3,54109E+12;3,54109E+12;1;1;;;1;1;;0;0;0;;;0;;0;1;0;;1;1;0;0;0;0;1;;0;;0;0;1;0;0;0;0;1;0;0;0;0;;;;1;0;0;0;1;0;1;;;1;0;1;1;0;;1;1;1;0;0;0;0;1;0;1;0;0;0;0;0;0;0;0;0;0;0;0;1;1;1;0;1;0;0;0;;;0;1;1;1;1;1;0;0;1;0;;18;0;18;0;0;1;1;1;1;1;1;0;1;1;1;1;1;1;1;1;1;12;;;;;;;;;;;;;;1;53;0;0;0;0;;;1;1;1;1;0;1;1;3;1;;1;2;0;0;0;0;1;88888;0;0;0;0;0;0;0;0;0;0;0;0;1;1;0;0;0;0;1;1;0;0;0;;;;;;;1;0;1;1;0;0;0;0;0;0;0;0;0;;;;0;;;;;;;1;0;1;0;0;0;0;1;0;0;0;0;0;0;0;1;0;0;0;1;1;0;0;0;1;1;0;1;0;0;0;0;0;0;0;1;1;0;0;0;1;1;0;142;0;0;0;0;0;0;0;142;99;0;0;0;1;1;0;86;56;38;73;8;22;1;0;0;0;0;0;39;103;51;91;0;0;0;0;0;0;0;0;41;0;0;0;0;0;0;0;41;38;0;0;0;4;4;0;13;0;0;0;0;0;0;0;13;8;0;0;0;1;1;0
2022;Sul;4;Paraná;PR;41;Barracão;4102604;Sudoeste Paranaense;7;Francisco Beltrão;26;410260405;UEP 41 - UNIDADE DE EDUCACAO PROFISSIONAL E TECNOLOGICA DE BARRACAO- SENAC;41152336;4;;1;;AV. BRASILIA;60;1 ANDAR;CENTRO;85700000;49;36440317;2;12;;;;;;;;;;;;;;;;;;;;;;;;;;;;;;;;;;;;;;;;;;;;;;;;;;;;;;;;;;;;;;;;;;;;;;;;;;;;;;;;;;;;;;;;;;;;;;;;;;;;;;;;;;;;;;;;;;;;;;;;;;;;;;;;;;;;;;;;;;;;;;;;;;;;;;;;;;;;;;;;;;;;;;;;;;;;;;;;;;;;;;;;;;;;;;;;;;;;;;;;;;;;;;;;;;;;;;;;;;;;;;;;;;;;;;;;;;;;;;;;;;;;;;;;;;;;;;;;;;;;;;;;;;;;;;;;;;;;;;;;;;;;;;;;;;;;;;;;;;;;;;;;;;;;;;;;;;;;;;;;;;;;;;;;;;;;;;;;;;;;;;;;;;;;;;;;;;;;;
2022;Sul;4;Paraná;PR;41;Bela Vista do Paraíso;4102802;Norte Central Paranaense;3;Porecatu;7;410280205;UEPT 52 - UNIDADE DE EDUCACAO PRO E TECNOLOGICA DE BELA VISTA DO PARAISO- SENAC;41163966;4;1;1;0;PRACA BRASILIO DE ARAUJO FILHO;41;;CENTRO;86130000;43;32428749;1;18;10JAN2022:00:00:00;16DEC2022:00:00:00;;;;;0;;;;;;;;;;;;;0;0;0;0;0;1;0;3,54109E+12;3,54109E+12;1;1;;;1;1;;0;0;0;;;0;;0;1;0;;1;1;0;0;0;0;1;;0;;0;0;1;0;0;0;0;1;0;0;0;0;;;;1;0;0;0;1;0;1;;;1;0;1;1;0;;1;1;1;0;0;0;0;1;0;1;0;0;0;0;0;0;0;0;0;0;0;0;1;1;1;0;1;0;0;0;;;0;1;1;1;1;1;0;0;1;0;;2;0;2;0;0;1;1;1;1;1;1;0;1;1;1;1;1;1;0;0;1;2;;;;;;;;;;;;;;1;88888;0;0;0;0;;;1;1;1;1;0;1;1;3;1;;0;0;0;0;0;0;1;1;0;0;0;0;0;0;0;0;0;0;0;0;0;0;0;0;0;0;1;1;0;0;0;;;;;;;1;0;1;1;0;0;0;0;0;0;0;0;0;;;;0;;;;;;;1;0;1;0;0;0;0;1;0;0;0;0;0;0;0;1;0;0;0;1;1;0;0;0;1;0;0;1;0;0;0;0;0;0;0;1;0;0;0;0;1;1;0;7;0;0;0;0;0;0;0;7;0;0;0;0;1;1;0;5;2;4;0;0;3;0;0;0;0;0;0;6;1;7;0;0;0;0;0;0;0;0;0;4;0;0;0;0;0;0;0;4;0;0;0;0;2;2;0;3;0;0;0;0;0;0;0;3;0;0;0;0;1;1;0
2022;Sul;4;Paraná;PR;41;Campo Mourão;4104303;Centro Ocidental Paranaense;2;Campo Mourão;5;410430305;UEPT 11 - UNIDADE DE EDUCACAO PRO E TECNOLOGICA DE CAMPO MOURAO- SENAC;41152140;4;1;1;0;RUA SAO JOSAFAT;1651;;CENTRO;87302170;44;35185600;1;5;10JAN2022:00:00:00;16DEC2022:00:00:00;;;;;0;;;;;;;;;;;;;0;0;0;0;0;1;0;3,54109E+12;3,54109E+12;1;1;;;1;1;;0;0;0;;;0;;0;1;0;;1;1;0;0;0;0;1;;0;;0;0;1;0;0;0;0;1;0;0;0;0;;;;1;0;0;0;1;0;1;;;1;0;1;1;0;;1;1;1;0;0;0;0;1;0;1;0;0;0;0;0;0;0;0;0;0;0;0;1;1;1;0;1;0;0;0;;;0;1;1;1;1;1;0;0;1;0;;18;0;18;0;0;1;1;1;1;1;1;0;1;1;1;1;1;1;1;2;1;14;;;;;;;;;;;;;;1;69;0;0;0;0;;;1;1;1;1;0;1;1;3;1;;1;2;0;0;0;0;1;88888;0;0;0;0;0;0;0;0;0;0;0;0;1;1;0;0;0;0;1;1;0;0;0;;;;;;;1;0;1;1;0;0;0;0;0;0;0;0;0;;;;0;;;;;;;1;0;1;0;0;0;0;1;0;0;0;0;0;0;0;1;0;0;0;1;1;0;0;0;1;1;0;1;0;0;0;0;0;0;0;1;1;0;0;0;1;1;0;422;0;0;0;0;0;0;0;422;202;0;0;0;3;3;0;276;146;68;235;8;108;3;0;0;0;0;0;193;229;219;203;0;0;0;0;0;0;0;0;58;0;0;0;0;0;0;0;58;48;0;0;0;24;24;0;32;0;0;0;0;0;0;0;32;13;0;0;0;3;3;0
2022;Sul;4;Paraná;PR;41;Cascavel;4104808;Oeste Paranaense;6;Cascavel;23;410480805;UEPT 4 - UNIDADE DE EDUCACAO PRO E TECNOLOGICA DE CASCAVEL- SENAC;41152077;4;1;1;0;RUA RECIFE;2283;;CENTRO;85810031;45;33921200;1;6;10JAN2022:00:00:00;16DEC2022:00:00:00;;;;;0;;;;;;;;;;;;;0;0;0;0;0;1;0;3,54109E+12;3,54109E+12;1;1;;;1;1;;0;0;0;;;0;;0;1;0;;1;1;0;0;0;0;1;;0;;0;0;1;0;0;0;0;1;0;0;0;0;;;;1;0;0;0;1;0;1;;;1;0;1;1;0;;1;1;1;0;0;0;0;1;0;1;0;0;0;0;0;0;0;0;0;0;0;0;1;1;1;0;1;0;0;0;;;0;1;1;1;1;1;0;0;1;0;;13;0;13;0;0;1;1;1;1;1;1;0;1;1;1;1;1;1;1;2;1;14;;;;;;;;;;;;;;1;88;0;0;0;0;;;1;1;1;1;0;1;1;3;1;;1;3;0;0;1;1;1;8;0;0;0;0;0;0;0;0;0;0;0;0;1;1;0;0;0;0;1;1;0;0;0;;;;;;;1;0;1;1;0;0;0;0;0;0;0;0;0;;;;0;;;;;;;1;0;1;0;0;0;0;1;0;0;0;0;0;0;0;1;0;0;0;1;1;0;0;0;1;1;0;1;0;0;0;0;0;0;0;1;1;0;0;0;1;1;0;350;0;0;0;0;0;0;0;350;217;0;0;0;1;1;0;236;114;122;159;7;60;2;0;0;0;0;22;104;224;205;145;0;0;0;0;0;0;0;0;59;0;0;0;0;0;0;0;59;53;0;0;0;5;5;0;23;0;0;0;0;0;0;0;23;12;0;0;0;1;1;0
2022;Sul;4;Paraná;PR;41;Castro;4104907;Centro Oriental Paranaense;5;Ponta Grossa;21;410490705;UEPT 14 - UNIDADE DE EDUCACAO PRO E TECNOLOGICA DE CASTRO- SENAC;41152174;4;1;1;0;RUA ALFREDO LUIZ DE MATTOS;273;;CENTRO;84165030;42;32338650;1;25;10JAN2022:00:00:00;16DEC2022:00:00:00;;;;;0;;;;;;;;;;;;;0;0;0;0;0;1;0;3,54109E+12;3,54109E+12;1;1;;;1;1;;0;0;0;;;0;;0;1;0;;1;1;0;0;0;0;1;;0;;0;0;1;0;0;0;0;1;0;0;0;0;;;;1;0;0;0;1;0;1;;;1;0;1;1;0;;1;1;1;0;0;0;0;1;0;1;0;0;0;0;0;0;0;0;0;0;0;0;1;1;1;0;1;0;0;0;;;0;1;1;1;1;1;0;0;1;0;;7;0;7;0;0;1;1;1;1;1;1;0;1;1;1;1;1;1;1;2;1;9;;;;;;;;;;;;;;1;40;0;0;0;0;;;1;1;1;1;0;1;1;3;1;;1;2;0;0;0;0;1;6;0;0;0;0;0;0;0;0;0;0;0;0;1;1;0;0;0;0;1;1;0;0;0;;;;;;;1;0;1;1;0;0;0;0;0;0;0;0;0;;;;0;;;;;;;1;0;1;0;0;0;0;1;0;0;0;0;0;0;0;1;0;0;0;1;1;0;0;0;1;1;0;1;0;0;0;0;0;0;0;1;1;0;0;0;1;1;0;176;0;0;0;0;0;0;0;176;136;0;0;0;4;4;0;141;35;24;127;2;21;2;0;0;0;0;0;35;141;72;104;0;0;0;0;0;0;0;0;46;0;0;0;0;0;0;0;46;42;0;0;0;3;3;0;14;0;0;0;0;0;0;0;14;7;0;0;0;3;3;0
2022;Sul;4;Paraná;PR;41;Cornélio Procópio;4106407;Norte Pioneiro Paranaense;4;Cornélio Procópio;15;410640705;UEPT 30 - UNIDADE DE EDUCACAO PRO E TECNOLOGICA DE CORNELIO PROCOPIO- SENAC;41152280;4;1;1;0;AV MINAS GERAIS;751;;CENTRO;86300000;43;35206500;1;8;10JAN2022:00:00:00;16DEC2022:00:00:00;;;;;0;;;;;;;;;;;;;0;0;0;0;0;1;0;3,54109E+12;3,54109E+12;1;1;;;1;1;;0;0;0;;;0;;0;1;0;;1;1;0;0;0;0;1;;0;;0;0;1;0;0;0;0;1;0;0;0;0;;;;1;0;0;0;1;0;1;;;1;0;1;1;0;;1;1;1;0;0;0;0;1;0;1;0;0;0;0;0;0;0;0;0;0;0;0;1;1;1;0;1;0;0;0;;;0;1;1;1;1;1;0;0;1;0;;8;0;8;0;0;1;1;1;1;1;1;0;1;1;1;1;1;1;0;0;1;88888;;;;;;;;;;;;;;1;34;0;0;0;0;;;1;1;1;1;0;1;1;3;1;;1;2;0;0;0;0;1;88888;0;0;0;0;0;0;0;0;0;0;0;0;1;1;0;0;0;0;1;1;0;0;0;;;;;;;1;0;1;1;0;0;0;0;0;0;0;0;0;;;;0;;;;;;;1;0;1;0;0;0;0;1;0;0;0;0;0;0;0;1;0;0;0;1;1;0;0;0;1;1;0;1;0;0;0;0;0;0;0;1;1;0;0;0;1;1;0;97;0;0;0;0;0;0;0;97;58;0;0;0;4;4;0;64;33;38;38;6;14;1;0;0;0;0;0;27;70;39;58;0;0;0;0;0;0;0;0;27;0;0;0;0;0;0;0;27;24;0;0;0;12;12;0;12;0;0;0;0;0;0;0;12;6;0;0;0;3;3;0
2022;Sul;4;Paraná;PR;41;Curitiba;4106902;Metropolitana de Curitiba;10;Curitiba;37;410690205;UEP 20 - UNIDADE DE EDUCACAO PROFISSIONAL DO PORTAO- SENAC;41152239;4;;1;;RUA CALIXTO RAZOLINI;215;;PORTAO;81070060;41;32293439;2;9;;;;;;;;;;;;;;;;;;;;;;;;;;;;;;;;;;;;;;;;;;;;;;;;;;;;;;;;;;;;;;;;;;;;;;;;;;;;;;;;;;;;;;;;;;;;;;;;;;;;;;;;;;;;;;;;;;;;;;;;;;;;;;;;;;;;;;;;;;;;;;;;;;;;;;;;;;;;;;;;;;;;;;;;;;;;;;;;;;;;;;;;;;;;;;;;;;;;;;;;;;;;;;;;;;;;;;;;;;;;;;;;;;;;;;;;;;;;;;;;;;;;;;;;;;;;;;;;;;;;;;;;;;;;;;;;;;;;;;;;;;;;;;;;;;;;;;;;;;;;;;;;;;;;;;;;;;;;;;;;;;;;;;;;;;;;;;;;;;;;;;;;;;;;;;;;;;;;;
2022;Sul;4;Paraná;PR;41;Curitiba;4106902;Metropolitana de Curitiba;10;Curitiba;37;410690205;UEPT 46 - UNIDADE DE EDUCACAO PRO E TECNOLOGICA DE CURITIBA PORTAO- SENAC;41156218;4;1;1;0;RUA CALIXTO RAZOLINI;215;;PORTAO;81070060;41;33145850;1;9;10JAN2022:00:00:00;16DEC2022:00:00:00;;;;;0;;;;;;;;;;;;;0;0;0;0;0;1;0;3,54109E+12;3,54109E+12;1;1;;;1;1;;0;0;0;;;0;;0;1;0;;1;1;0;0;0;0;1;;0;;0;0;1;0;0;0;0;1;0;0;0;0;;;;1;0;0;0;1;0;1;;;1;0;1;1;0;;1;1;1;0;0;0;0;1;0;1;0;0;0;0;0;0;0;0;0;0;0;0;1;1;1;0;1;0;0;0;;;0;1;1;1;1;1;0;0;1;0;;15;0;15;0;0;1;1;1;1;1;1;0;1;1;1;1;1;1;0;0;1;88888;;;;;;;;;;;;;;1;257;1;46;1;30;;;1;1;1;1;0;1;1;3;1;;1;33;0;0;1;1;1;17;0;0;0;0;0;0;0;0;0;0;0;0;1;1;0;0;0;0;1;1;0;0;0;;;;;;;1;0;1;1;0;0;0;0;0;0;0;0;0;;;;0;;;;;;;1;0;1;0;0;0;0;1;0;0;0;0;0;0;0;1;0;0;0;1;1;0;1;0;1;1;1;1;0;0;0;0;0;0;0;1;1;0;0;0;1;1;0;1318;0;0;0;0;0;0;0;1318;151;0;0;0;21;21;0;587;731;502;510;33;260;12;1;0;0;0;31;980;307;69;96;1153;0;0;0;0;0;0;0;34;0;0;0;0;0;0;0;34;25;0;0;0;13;13;0;82;0;0;0;0;0;0;0;82;12;0;0;0;20;20;0
2022;Sul;4;Paraná;PR;41;Curitiba;4106902;Metropolitana de Curitiba;10;Curitiba;37;410690205;UEPT 1 - UNIDADE DE EDUCACAO PRO E TECNOLOGICA DE CURITIBA CENTRO- SENAC;41376897;4;1;1;0;RUA ANDRE DE BARROS;750;;CENTRO;80010080;41;32194700;1;9;10JAN2022:00:00:00;16DEC2022:00:00:00;;;;;0;;;;;;;;;;;;;0;0;0;0;0;1;0;3,54109E+12;3,54109E+12;1;1;;;1;1;;0;0;0;;;0;;0;1;0;;1;1;0;0;0;0;1;;0;;0;0;1;0;0;0;0;1;0;0;0;0;;;;1;0;0;0;1;0;1;;;1;0;1;1;0;;1;1;1;0;0;0;0;1;0;1;0;0;0;0;0;0;0;0;0;0;0;0;1;1;1;0;1;0;0;0;;;0;1;1;1;1;1;0;0;1;0;;73;0;73;0;0;1;1;1;1;1;1;0;1;1;1;1;1;1;1;2;1;77;;;;;;;;;;;;;;1;347;1;25;1;24;;;1;1;1;1;0;1;1;3;1;;1;29;1;2;1;1;1;23;0;0;0;0;0;0;0;0;1;3;0;0;1;1;0;0;0;0;1;1;0;0;0;;;;;;;1;0;1;1;0;0;0;0;0;0;0;0;0;;;;0;;;;;;;1;0;1;0;0;0;0;1;0;0;0;0;0;0;0;1;0;0;0;1;1;0;0;0;1;1;0;1;0;0;0;0;0;0;0;1;1;0;0;0;1;1;0;1605;0;0;0;0;0;0;0;1605;381;0;0;0;23;23;0;984;621;627;751;21;197;8;1;0;0;0;145;983;477;1477;128;0;0;0;0;0;0;0;0;126;0;0;0;0;0;0;0;126;86;0;0;0;25;25;0;112;0;0;0;0;0;0;0;112;32;0;0;0;18;18;0
2022;Sul;4;Paraná;PR;41;Foz do Iguaçu;4108304;Oeste Paranaense;6;Foz do Iguaçu;24;410830405;UEPT 6 - UNIDADE DE EDUCACAO PRO E TECNOLOGICA DE FOZ DO IGUACU- SENAC;41152093;4;1;1;0;RUA JOAO ROUVER;160;;CENTRO;85851300;45;35216200;1;11;10JAN2022:00:00:00;16DEC2022:00:00:00;;;;;0;;;;;;;;;;;;;0;0;0;0;0;1;0;3,54109E+12;3,54109E+12;1;1;;;1;1;;0;0;0;;;0;;0;1;0;;1;1;0;0;0;0;1;;0;;0;0;1;0;0;0;0;1;0;0;0;0;;;;1;0;0;0;1;0;1;;;1;0;1;1;0;;1;1;1;0;0;0;0;1;0;1;0;0;0;0;0;0;0;0;0;0;0;0;1;1;1;0;1;0;0;0;;;0;1;1;1;1;1;0;0;1;0;;15;0;15;0;0;1;1;1;1;1;1;0;1;1;1;1;1;1;1;2;1;12;;;;;;;;;;;;;;1;50;0;0;0;0;;;1;1;1;1;0;1;1;3;1;;1;2;1;1;0;0;1;88888;0;0;0;0;0;0;0;0;1;1;0;0;1;1;0;0;0;0;1;1;0;0;0;;;;;;;1;0;1;1;0;0;0;0;0;0;0;0;0;;;;0;;;;;;;1;0;1;0;0;0;0;1;0;0;0;0;0;0;0;1;0;0;0;1;1;0;0;1;1;1;0;1;0;0;0;0;0;0;1;1;1;0;0;0;1;1;0;204;0;0;0;0;0;0;28;204;152;0;0;0;3;3;0;139;65;16;102;7;76;3;0;0;0;0;8;65;131;87;117;0;0;0;0;0;0;0;0;73;0;0;0;0;0;0;11;73;66;0;0;0;17;17;0;17;0;0;0;0;0;0;1;17;10;0;0;0;2;2;0
2022;Sul;4;Paraná;PR;41;Francisco Beltrão;4108403;Sudoeste Paranaense;7;Francisco Beltrão;26;410840305;UEPT 16 - UNIDADE DE EDUCACAO PRO E TECNOLOGICA DE FRANCISCO BELTRAO- SENAC;41152190;4;1;1;0;AV JULIO ASSIS CAVALHEIRO;2191;;CENTRO;85601274;46;39056800;1;12;10JAN2022:00:00:00;16DEC2022:00:00:00;;;;;0;;;;;;;;;;;;;0;0;0;0;0;1;0;3,54109E+12;3,54109E+12;1;1;;;1;1;;0;0;0;;;0;;0;1;0;;1;1;0;0;0;0;1;;0;;0;0;1;0;0;0;0;1;0;0;0;0;;;;1;0;0;0;1;0;1;;;1;0;1;1;0;;1;1;1;0;0;0;0;1;0;1;0;0;0;0;0;0;0;0;0;0;0;0;1;1;1;0;1;0;0;0;;;0;1;1;1;1;1;0;0;1;0;;15;0;15;0;0;1;1;1;1;1;1;0;1;1;1;1;1;1;1;2;1;16;;;;;;;;;;;;;;1;41;0;0;0;0;;;1;1;1;1;0;1;1;3;1;;1;2;0;0;0;0;1;88888;0;0;0;0;0;0;0;0;0;0;0;0;1;1;0;0;0;0;1;1;0;0;0;;;;;;;1;0;1;1;0;0;0;0;0;0;0;0;0;;;;0;;;;;;;1;0;1;0;0;0;0;1;0;0;0;0;0;0;0;1;0;0;0;1;1;0;0;0;1;1;0;1;0;0;0;0;0;0;0;1;1;0;0;0;1;1;0;187;0;0;0;0;0;0;0;187;155;0;0;0;5;5;0;155;32;7;152;4;23;1;0;0;0;0;1;32;154;49;138;0;0;0;0;0;0;0;0;32;0;0;0;0;0;0;0;32;32;0;0;0;20;20;0;11;0;0;0;0;0;0;0;11;9;0;0;0;3;3;0
2022;Sul;4;Paraná;PR;41;Guarapuava;4109401;Centro-Sul Paranaense;8;Guarapuava;29;410940105;UEPT 7 - UNIDADE DE EDUCACAO PRO E TECNOLOGICA DE GUARAPUAVA- SENAC;41152107;4;1;1;0;RUA PADRE CHAGAS;3899;C P 787;CENTRO;85010020;42;36267500;1;14;10JAN2022:00:00:00;16DEC2022:00:00:00;;;;;0;;;;;;;;;;;;;0;0;0;0;0;1;0;3,54109E+12;3,54109E+12;1;1;;;1;1;;0;0;0;;;0;;0;1;0;;1;1;0;0;0;0;1;;0;;0;0;1;0;0;0;0;1;0;0;0;0;;;;1;0;0;0;1;0;1;;;1;0;1;1;0;;1;1;1;0;0;0;0;1;0;1;0;0;0;0;0;0;0;0;0;0;0;0;1;1;1;0;1;0;0;0;;;0;1;1;1;1;1;0;0;1;0;;10;0;10;0;0;1;1;1;1;1;1;0;1;1;1;1;1;1;1;3;1;10;;;;;;;;;;;;;;1;42;0;0;0;0;;;1;1;1;1;0;1;1;3;1;;1;2;0;0;0;0;1;88888;0;0;0;0;0;0;0;0;0;0;0;0;1;1;0;0;0;0;1;1;0;0;0;;;;;;;1;0;1;1;0;0;0;0;0;0;0;0;0;;;;0;;;;;;;1;0;1;0;0;0;0;1;0;0;0;0;0;0;0;1;0;0;0;1;1;0;0;0;1;1;0;1;0;0;0;0;0;0;0;1;1;0;0;0;1;1;0;195;0;0;0;0;0;0;0;195;56;0;0;0;2;2;0;78;117;12;138;4;40;1;0;0;0;0;2;127;66;139;56;0;0;0;0;0;0;0;0;26;0;0;0;0;0;0;0;26;20;0;0;0;7;7;0;14;0;0;0;0;0;0;0;14;4;0;0;0;2;2;0
2022;Sul;4;Paraná;PR;41;Irati;4110706;Sudeste Paranaense;9;Irati;32;411070605;UEPT 17 - UNIDADE DE EDUCACAO PRO E TECNOLOGICA DE IRATI- SENAC;41152204;4;1;1;0;AV VICENTE MACHADO;24;;CENTRO;84500039;42;34216400;1;15;10JAN2022:00:00:00;16DEC2022:00:00:00;;;;;0;;;;;;;;;;;;;0;0;0;0;0;1;0;3,54109E+12;3,54109E+12;1;1;;;1;1;;0;0;0;;;0;;0;1;0;;1;1;0;0;0;0;1;;0;;0;0;1;0;0;0;0;1;0;0;0;0;;;;1;0;0;0;1;0;1;;;1;0;1;1;0;;1;1;1;0;0;0;0;1;0;1;0;0;0;0;0;0;0;0;0;0;0;0;1;1;1;0;1;0;0;0;;;0;1;1;1;1;1;0;0;1;0;;9;0;9;0;0;1;1;1;1;1;1;0;1;1;1;1;1;1;1;2;1;12;;;;;;;;;;;;;;1;18;0;0;0;0;;;1;1;1;1;0;1;1;3;1;;1;2;0;0;0;0;1;88888;0;0;0;0;0;0;0;0;0;0;0;0;1;1;0;0;0;0;1;1;0;0;0;;;;;;;1;0;1;1;0;0;0;0;0;0;0;0;0;;;;0;;;;;;;1;0;1;0;0;0;0;1;0;0;0;0;0;0;0;1;0;0;0;1;1;0;0;0;1;1;0;1;0;0;0;0;0;0;0;1;1;0;0;0;1;1;0;99;0;0;0;0;0;0;0;99;80;0;0;0;1;1;0;70;29;28;64;1;6;0;0;0;0;0;0;13;86;15;84;0;0;0;0;0;0;0;0;58;0;0;0;0;0;0;0;58;52;0;0;0;6;6;0;13;0;0;0;0;0;0;0;13;6;0;0;0;1;1;0
2022;Sul;4;Paraná;PR;41;Ivaiporã;4111506;Norte Central Paranaense;3;Ivaiporã;13;411150605;UEPT 22 - UNIDADE DE EDUCACAO PRO E TECNOLOGICA DE IVAIPORA- SENAC;41152255;4;1;1;0;AV APARICIO CARDOSO BITENCOURT;950;;JARDIM IMPERIAL;86870000;43;34728200;1;16;10JAN2022:00:00:00;16DEC2022:00:00:00;;;;;0;;;;;;;;;;;;;0;0;0;0;0;1;0;3,54109E+12;3,54109E+12;1;1;;;1;1;;0;0;0;;;0;;0;1;0;;1;1;0;0;0;0;1;;0;;0;0;1;0;0;0;0;1;0;0;0;0;;;;1;0;0;0;1;0;1;;;1;0;1;1;0;;1;1;1;0;0;0;0;1;0;1;0;0;0;0;0;0;0;0;0;0;0;0;1;1;1;0;1;0;0;0;;;0;1;1;1;1;1;0;0;1;0;;10;0;10;0;0;1;1;1;1;1;1;0;1;1;1;1;1;1;1;1;1;13;;;;;;;;;;;;;;1;42;0;0;1;31;;;1;1;1;1;0;1;1;3;1;;1;88888;0;0;0;0;1;88888;0;0;0;0;0;0;0;0;0;0;0;0;1;1;0;0;0;0;1;1;0;0;0;;;;;;;1;0;1;1;0;0;0;0;0;0;0;0;0;;;;0;;;;;;;1;0;1;0;0;0;0;1;0;0;0;0;0;0;0;1;0;0;0;1;1;0;0;1;1;1;0;1;0;0;0;0;0;0;1;1;1;0;0;0;1;1;0;145;0;0;0;0;0;0;48;145;99;0;0;0;2;2;0;89;56;13;84;7;39;2;0;0;0;0;9;73;63;89;56;0;0;0;0;0;0;0;0;43;0;0;0;0;0;0;14;43;36;0;0;0;14;14;0;18;0;0;0;0;0;0;2;18;9;0;0;0;2;2;0
2022;Sul;4;Paraná;PR;41;Jacarezinho;4111803;Norte Pioneiro Paranaense;4;Jacarezinho;16;411180305;UEPT 19 - UNIDADE DE EDUCACAO PRO E TECNOLOGICA DE JACAREZINHO- SENAC;41152220;4;1;1;0;RUA DOIS DE ABRIL;742;;CENTRO;86400000;43;35113000;1;17;10JAN2022:00:00:00;16DEC2022:00:00:00;;;;;0;;;;;;;;;;;;;0;0;0;0;0;1;0;3,54109E+12;3,54109E+12;1;1;;;1;1;;0;0;0;;;0;;0;1;0;;1;1;0;0;0;0;1;;0;;0;0;1;0;0;0;0;1;0;0;0;0;;;;1;0;0;0;1;0;1;;;1;0;1;1;0;;1;1;1;0;0;0;0;1;0;1;0;0;0;0;0;0;0;0;0;0;0;0;1;1;1;0;1;0;0;0;;;0;1;1;1;1;1;0;0;1;0;;9;0;9;0;0;1;1;1;1;1;1;0;1;1;1;1;1;1;1;1;1;12;;;;;;;;;;;;;;1;42;0;0;1;34;;;1;1;1;1;0;1;1;3;1;;1;88888;0;0;0;0;1;88888;0;0;0;0;0;0;0;0;0;0;0;0;1;1;0;0;0;0;1;1;0;0;0;;;;;;;1;0;1;1;0;0;0;0;0;0;0;0;0;;;;0;;;;;;;1;0;1;0;0;0;0;1;0;0;0;0;0;0;0;1;0;0;0;1;1;0;0;1;1;1;0;1;0;0;0;0;0;0;1;1;1;0;0;0;1;1;0;110;0;0;0;0;0;0;60;110;102;0;0;0;3;3;0;71;39;24;64;6;16;0;0;0;0;0;9;55;46;68;42;0;0;0;0;0;0;0;0;37;0;0;0;0;0;0;14;37;35;0;0;0;15;15;0;8;0;0;0;0;0;0;2;8;6;0;0;0;2;2;0
2022;Sul;4;Paraná;PR;41;Londrina;4113700;Norte Central Paranaense;3;Londrina;11;411370005;UEPT 2 - UNIDADE DE EDUCACAO PRO E TECNOLOGICA DE LONDRINA CENTRO- SENAC;41152050;4;1;1;0;RUA RAPOSO TAVARES;894;;CENTRO;86010580;43;35725500;1;18;10JAN2022:00:00:00;16DEC2022:00:00:00;;;;;0;;;;;;;;;;;;;0;0;0;0;0;1;0;3,54109E+12;3,54109E+12;1;1;;;1;1;;0;0;0;;;0;;0;1;0;;1;1;0;0;0;0;1;;0;;0;0;1;0;0;0;0;1;0;0;0;0;;;;1;0;0;0;1;0;1;;;1;0;1;1;0;;1;1;1;0;0;0;0;1;0;1;0;0;0;0;0;0;0;0;0;0;0;0;1;1;1;0;1;0;0;0;;;0;1;1;1;1;1;0;0;1;0;;17;0;17;0;0;1;1;1;1;1;1;0;1;1;1;1;1;1;1;1;1;18;;;;;;;;;;;;;;1;117;1;19;0;0;;;1;1;1;1;0;1;1;3;1;;1;3;0;0;0;0;1;10;0;0;0;0;0;0;0;0;0;0;0;0;1;1;0;0;0;0;1;1;0;0;0;;;;;;;1;0;1;1;0;0;0;0;0;0;0;0;0;;;;0;;;;;;;1;0;1;0;0;0;0;1;0;0;0;0;0;0;0;1;0;0;0;1;1;0;0;1;1;1;0;1;0;0;0;0;0;0;1;1;1;0;0;0;1;1;0;321;0;0;0;0;0;0;30;321;177;0;0;0;5;5;0;137;184;95;166;12;45;3;0;0;0;0;7;162;152;198;123;0;0;0;0;0;0;0;0;40;0;0;0;0;0;0;12;40;33;0;0;0;18;18;0;25;0;0;0;0;0;0;1;25;12;0;0;0;4;4;0
2022;Sul;4;Paraná;PR;41;Londrina;4113700;Norte Central Paranaense;3;Londrina;11;411370005;UEPT 42 - UNIDADE DE EDUCACAO PRO E TECNOLOGICA DE LONDRINA NORTE- SENAC;41158490;4;1;1;0;RUA CEGONHA;100;;CONJUNTO HABITACIONAL VIOLIN;86084635;43;35727950;1;18;10JAN2022:00:00:00;16DEC2022:00:00:00;;;;;0;;;;;;;;;;;;;0;0;0;0;0;1;0;3,54109E+12;3,54109E+12;1;1;;;1;1;;0;0;0;;;0;;0;1;0;;1;1;0;0;0;0;1;;0;;0;0;1;0;0;0;0;1;0;0;0;0;;;;1;0;0;0;1;0;1;;;1;0;1;1;0;;1;1;1;0;0;0;0;1;0;1;0;0;0;0;0;0;0;0;0;0;0;0;1;1;1;0;1;0;0;0;;;0;1;1;1;1;1;0;0;1;0;;12;0;12;0;0;1;1;1;1;1;1;0;1;1;1;1;1;1;1;1;1;10;;;;;;;;;;;;;;1;26;1;29;1;33;;;1;1;1;1;0;1;1;3;1;;1;35;0;0;1;1;1;6;0;0;0;0;0;0;0;0;0;0;0;0;1;1;0;0;0;0;1;1;0;0;0;;;;;;;1;0;1;1;0;0;0;0;0;0;0;0;0;;;;0;;;;;;;1;0;1;0;0;0;0;1;0;0;0;0;0;0;0;1;0;0;0;1;1;0;0;1;1;1;0;1;0;0;0;0;0;0;1;1;1;0;0;0;1;1;0;313;0;0;0;0;0;0;58;313;225;0;0;0;5;5;0;198;115;118;135;15;42;3;0;0;0;0;7;111;195;187;126;0;0;0;0;0;0;0;0;68;0;0;0;0;0;0;16;68;56;0;0;0;37;37;0;25;0;0;0;0;0;0;2;25;14;0;0;0;4;4;0
2022;Sul;4;Paraná;PR;41;Marechal Cândido Rondon;4114609;Oeste Paranaense;6;Toledo;22;411460905;UEPT 37 - UNIDADE DE EDUCACAO PRO E TECNOLOGICA DE MARECHAL CANDIDO RONDON- SENAC;41153618;4;1;1;0;RUA SANTA CATARINA;5736;;VILA GAUCHA;85960000;45;32844200;1;27;10JAN2022:00:00:00;16DEC2022:00:00:00;;;;;0;;;;;;;;;;;;;0;0;0;0;0;1;0;3,54109E+12;3,54109E+12;1;1;;;1;1;;0;0;0;;;0;;0;1;0;;1;1;0;0;0;0;1;;0;;0;0;1;0;0;0;0;1;0;0;0;0;;;;1;0;0;0;1;0;1;;;1;0;1;1;0;;1;1;1;0;0;0;0;1;0;1;0;0;0;0;0;0;0;0;0;0;0;0;1;1;1;0;1;0;0;0;;;0;1;1;1;1;1;0;0;1;0;;7;0;7;0;0;1;1;1;1;1;1;0;1;1;1;1;1;1;0;0;1;88888;;;;;;;;;;;;;;1;44;0;0;0;0;;;1;1;1;1;0;1;1;3;1;;1;2;0;0;0;0;1;88888;0;0;0;0;0;0;0;0;0;0;0;0;1;1;0;0;0;0;1;1;0;0;0;;;;;;;1;0;1;1;0;0;0;0;0;0;0;0;0;;;;0;;;;;;;1;0;1;0;0;0;0;1;0;0;0;0;0;0;0;1;0;0;0;1;1;0;0;0;1;1;0;1;0;0;0;0;0;0;0;1;1;0;0;0;1;1;0;118;0;0;0;0;0;0;0;118;65;0;0;0;1;1;0;74;44;10;82;0;22;4;0;0;0;0;2;47;69;57;61;0;0;0;0;0;0;0;0;35;0;0;0;0;0;0;0;35;28;0;0;0;5;5;0;11;0;0;0;0;0;0;0;11;6;0;0;0;1;1;0
2022;Sul;4;Paraná;PR;41;Maringá;4115200;Norte Central Paranaense;3;Maringá;9;411520005;UEPT 3 - UNIDADE DE EDUCACAO PRO E TECNOLOGICA DE MARINGA- SENAC;41152069;4;1;1;0;AV COLOMBO;6225;ZONA 07;CENTRO;87020000;44;32185100;1;19;10JAN2022:00:00:00;16DEC2022:00:00:00;;;;;0;;;;;;;;;;;;;0;0;0;0;0;1;0;3,54109E+12;3,54109E+12;1;1;;;1;1;;0;0;0;;;0;;0;1;0;;1;1;0;0;0;0;1;;0;;0;0;1;0;0;0;0;1;0;0;0;0;;;;1;0;0;0;1;0;1;;;1;0;1;1;0;;1;1;1;0;0;0;0;1;0;1;0;0;0;0;0;0;0;0;0;0;0;0;1;1;1;0;1;0;0;0;;;0;1;1;1;1;1;0;0;1;0;;21;0;21;0;0;1;1;1;1;1;1;0;1;1;1;1;1;1;1;2;1;22;;;;;;;;;;;;;;1;137;1;30;1;28;;;1;1;1;1;0;1;1;3;1;;1;30;0;0;1;1;1;8;0;0;0;0;0;0;0;0;0;0;0;0;1;1;0;0;0;0;1;1;0;0;0;;;;;;;1;0;1;1;0;0;0;0;0;0;0;0;0;;;;0;;;;;;;1;0;1;0;0;0;0;1;0;0;0;0;0;0;0;1;0;0;0;1;1;0;0;0;1;1;0;1;0;0;0;0;0;0;0;1;1;0;0;0;1;1;0;392;0;0;0;0;0;0;0;392;167;0;0;0;4;4;0;218;174;58;208;17;105;4;0;0;0;0;8;197;187;260;132;0;0;0;0;0;0;0;0;49;0;0;0;0;0;0;0;49;38;0;0;0;10;10;0;29;0;0;0;0;0;0;0;29;13;0;0;0;3;3;0
2022;Sul;4;Paraná;PR;41;Matinhos;4115705;Metropolitana de Curitiba;10;Paranaguá;38;411570505;UEPT 34 - UNIDADE DE EDUCACAO PRO E TECNOLOGICA DE MATINHOS CAIOBA- SENAC;41152310;4;1;1;0;RUA DOUTOR JOSE PINTO REBELO JUNIOR;91;;BALNEARIO CAIOBA;83260000;41;34528050;1;21;10JAN2022:00:00:00;16DEC2022:00:00:00;;;;;0;;;;;;;;;;;;;0;0;0;0;0;1;0;3,54109E+12;3,54109E+12;1;1;;;1;1;;0;0;0;;;0;;0;1;0;;1;1;0;0;0;0;1;;0;;0;0;1;0;0;0;0;1;0;0;0;0;;;;1;0;0;0;1;0;1;;;1;0;1;1;0;;1;1;1;0;0;0;0;1;0;1;0;0;0;0;0;0;0;0;0;0;0;0;1;1;1;0;1;0;0;0;;;0;1;1;1;1;1;0;0;1;0;;9;0;9;0;0;1;1;1;1;1;1;0;1;1;1;1;1;1;0;0;1;6;;;;;;;;;;;;;;1;42;0;0;1;30;;;1;1;1;1;0;1;1;3;1;;1;88888;0;0;0;0;1;8;0;0;0;0;0;0;0;0;1;3;0;0;1;1;0;0;0;0;1;1;0;0;0;;;;;;;1;0;1;1;0;0;0;0;0;0;0;0;0;;;;0;;;;;;;1;0;1;0;0;0;0;1;0;0;0;0;0;0;0;1;0;0;0;1;1;0;0;1;1;1;0;1;0;0;0;0;0;0;1;1;1;0;0;0;1;1;0;206;0;0;0;0;0;0;29;206;132;0;0;0;3;3;0;98;108;56;118;2;26;3;1;0;0;0;10;92;104;132;74;0;0;0;0;0;0;0;0;42;0;0;0;0;0;0;13;42;39;0;0;0;32;32;0;16;0;0;0;0;0;0;1;16;8;0;0;0;3;3;0
2022;Sul;4;Paraná;PR;41;Medianeira;4115804;Oeste Paranaense;6;Foz do Iguaçu;24;411580405;UEPT 36 - UNIDADE DE EDUCACAO PRO E TECNOLOGICA DE MEDIANEIRA- SENAC;41156463;4;1;1;0;RUA RIACHUELO;1761;;CENTRO;85884000;45;32403650;1;11;10JAN2022:00:00:00;16DEC2022:00:00:00;;;;;0;;;;;;;;;;;;;0;0;0;0;0;1;0;3,54109E+12;3,54109E+12;1;1;;;1;1;;0;0;0;;;0;;0;1;0;;1;1;0;0;0;0;1;;0;;0;0;1;0;0;0;0;1;0;0;0;0;;;;1;0;0;0;1;0;1;;;1;0;1;1;0;;1;1;1;0;0;0;0;1;0;1;0;0;0;0;0;0;0;0;0;0;0;0;1;1;1;0;1;0;0;0;;;0;1;1;1;1;1;0;0;1;0;;8;0;8;0;0;1;1;1;1;1;1;0;1;1;1;1;1;1;0;0;1;9;;;;;;;;;;;;;;1;29;0;0;0;0;;;1;1;1;1;0;1;1;3;1;;1;2;0;0;0;0;1;5;0;0;0;0;0;0;0;0;0;0;0;0;1;1;0;0;0;0;1;1;0;0;0;;;;;;;1;0;1;1;0;0;0;0;0;0;0;0;0;;;;0;;;;;;;1;0;1;0;0;0;0;1;0;0;0;0;0;0;0;1;0;0;0;1;1;0;0;0;1;1;0;1;0;0;0;0;0;0;0;1;1;0;0;0;1;1;0;146;0;0;0;0;0;0;0;146;97;0;0;0;2;2;0;108;38;55;68;1;22;0;0;0;0;0;0;45;101;60;86;0;0;0;0;0;0;0;0;34;0;0;0;0;0;0;0;34;25;0;0;0;1;1;0;16;0;0;0;0;0;0;0;16;7;0;0;0;2;2;0
2022;Sul;4;Paraná;PR;41;Nova Londrina;4117107;Noroeste Paranaense;1;Paranavaí;1;411710705;UEPT 47 - UNIDADE DE EDUCACAO PRO E TECNOLOGICA DE NOVA LONDRINA- SENAC;41163958;4;1;1;0;AV FIORAVANTE JOSE MONTANHER;576;;CENTRO;87970000;44;34328750;1;18;10JAN2022:00:00:00;16DEC2022:00:00:00;;;;;0;;;;;;;;;;;;;0;0;0;0;0;1;0;3,54109E+12;3,54109E+12;1;1;;;1;1;;0;0;0;;;0;;0;1;0;;1;1;0;0;0;0;1;;0;;0;0;1;0;0;0;0;1;0;0;0;0;;;;1;0;0;0;1;0;1;;;1;0;1;1;0;;1;1;1;0;0;0;0;1;0;1;0;0;0;0;0;0;0;0;0;0;0;0;1;1;1;0;1;0;0;0;;;0;1;1;1;1;1;0;0;1;0;;9;0;9;0;0;1;1;1;1;1;1;0;1;1;1;1;1;1;0;0;1;9;;;;;;;;;;;;;;1;37;0;0;0;0;;;1;1;1;1;0;1;1;3;1;;0;0;0;0;0;0;1;1;0;0;0;0;0;0;0;0;0;0;0;0;1;1;0;0;0;0;1;1;0;0;0;;;;;;;1;0;1;1;0;0;0;0;0;0;0;0;0;;;;0;;;;;;;1;0;1;0;0;0;0;1;0;0;0;0;0;0;0;1;0;0;0;1;1;0;0;0;1;1;0;1;0;0;0;0;0;0;0;1;1;0;0;0;1;0;1;55;0;0;0;0;0;0;0;55;25;0;0;0;1;0;1;35;20;20;20;0;15;0;0;0;0;0;0;23;32;27;28;0;0;0;0;0;0;0;0;5;0;0;0;0;0;0;0;5;3;0;0;0;1;0;1;7;0;0;0;0;0;0;0;7;1;0;0;0;1;0;1
2022;Sul;4;Paraná;PR;41;Palmas;4117602;Centro-Sul Paranaense;8;Palmas;30;411760205;UEPT 31 - UNIDADE DE EDUCACAO PRO E TECNOLOGICA DE PALMAS- SENAC;41152298;4;1;1;0;RUA DR BERNARDO RIBEIRO VIANNA;903;;CENTRO;85555000;46;32638600;1;23;10JAN2022:00:00:00;16DEC2022:00:00:00;;;;;0;;;;;;;;;;;;;0;0;0;0;0;1;0;3,54109E+12;3,54109E+12;1;1;;;1;1;;0;0;0;;;0;;0;1;0;;1;1;0;0;0;0;1;;0;;0;0;1;0;0;0;0;1;0;0;0;0;;;;1;0;0;0;1;0;1;;;1;0;1;1;0;;1;1;1;0;0;0;0;1;0;1;0;0;0;0;0;0;0;0;0;0;0;0;1;1;1;0;1;0;0;0;;;0;1;1;1;1;1;0;0;1;0;;4;0;4;0;0;1;1;1;1;1;1;0;1;1;1;1;1;1;1;1;1;4;;;;;;;;;;;;;;1;27;0;0;0;0;;;1;1;1;1;0;1;1;3;1;;1;2;0;0;0;0;1;3;0;0;0;0;0;0;0;0;0;0;0;0;1;1;0;0;0;0;1;1;0;0;0;;;;;;;1;0;1;1;0;0;0;0;0;0;0;0;0;;;;0;;;;;;;1;0;1;0;0;0;0;1;0;0;0;0;0;0;0;1;0;0;0;1;1;0;0;0;1;0;0;1;0;0;0;0;0;0;0;1;0;0;0;0;0;0;0;31;0;0;0;0;0;0;0;31;0;0;0;0;0;0;0;15;16;2;23;0;6;0;0;0;0;0;2;28;1;31;0;0;0;0;0;0;0;0;0;3;0;0;0;0;0;0;0;3;0;0;0;0;0;0;0;2;0;0;0;0;0;0;0;2;0;0;0;0;0;0;0
2022;Sul;4;Paraná;PR;41;Paranaguá;4118204;Metropolitana de Curitiba;10;Paranaguá;38;411820405;UEPT 12 - UNIDADE DE EDUCACAO PRO E TECNOLOGICA DE PARANAGUA- SENAC;41152158;4;1;1;0;AL CORONEL ELYSIO PEREIRA;1191;;BAIRRO ESTRADINHA;83206000;41;34275900;1;21;10JAN2022:00:00:00;16DEC2022:00:00:00;;;;;0;;;;;;;;;;;;;0;0;0;0;0;1;0;3,54109E+12;3,54109E+12;1;1;;;1;1;;0;0;0;;;0;;0;1;0;;1;1;0;0;0;0;1;;0;;0;0;1;0;0;0;0;1;0;0;0;0;;;;1;0;0;0;1;0;1;;;1;0;1;1;0;;1;1;1;0;0;0;0;1;0;1;0;0;0;0;0;0;0;0;0;0;0;0;1;1;1;0;1;0;0;0;;;0;1;1;1;1;1;0;0;1;0;;11;0;11;0;0;1;1;1;1;1;1;0;1;1;1;1;1;1;1;1;1;14;;;;;;;;;;;;;;1;36;1;4;0;0;;;1;1;1;1;0;1;1;3;1;;1;2;0;0;0;0;1;7;0;0;0;0;0;0;0;0;0;0;0;0;1;1;0;0;0;0;1;1;0;0;0;;;;;;;1;0;1;1;0;0;0;0;0;0;0;0;0;;;;0;;;;;;;1;0;1;0;0;0;0;1;0;0;0;0;0;0;0;1;0;0;0;1;1;0;0;0;1;1;0;1;0;0;0;0;0;0;0;1;1;0;0;0;1;1;0;379;0;0;0;0;0;0;0;379;311;0;0;0;6;6;0;315;64;74;196;16;93;0;0;0;0;0;2;49;328;205;174;0;0;0;0;0;0;0;0;52;0;0;0;0;0;0;0;52;47;0;0;0;27;27;0;30;0;0;0;0;0;0;0;30;18;0;0;0;5;5;0
2022;Sul;4;Paraná;PR;41;Paranavaí;4118402;Noroeste Paranaense;1;Paranavaí;1;411840205;UEPT 13 - UNIDADE DE EDUCACAO PRO E TECNOLOGICA DE PARANAVAI- SENAC;41152166;4;1;1;0;AV RIO GRANDE DO NORTE;1240;;CENTRO;87701020;44;34748400;1;22;10JAN2022:00:00:00;16DEC2022:00:00:00;;;;;0;;;;;;;;;;;;;0;0;0;0;0;1;0;3,54109E+12;3,54109E+12;1;1;;;1;1;;0;0;0;;;0;;0;1;0;;1;1;0;0;0;0;1;;0;;0;0;1;0;0;0;0;1;0;0;0;0;;;;1;0;0;0;1;0;1;;;1;0;1;1;0;;1;1;1;0;0;0;0;1;0;1;0;0;0;0;0;0;0;0;0;0;0;0;1;1;1;0;1;0;0;0;;;0;1;1;1;1;1;0;0;1;0;;9;0;9;0;0;1;1;1;1;1;1;0;1;1;1;1;1;1;1;1;1;10;;;;;;;;;;;;;;1;50;0;0;0;0;;;1;1;1;1;0;1;1;3;1;;1;2;0;0;0;0;1;5;0;0;0;0;0;0;0;0;0;0;0;0;1;1;0;0;0;0;1;1;0;0;0;;;;;;;1;0;1;1;0;0;0;0;0;0;0;0;0;;;;0;;;;;;;1;0;1;0;0;0;0;1;0;0;0;0;0;0;0;1;0;0;0;1;1;0;0;0;1;1;0;1;0;0;0;0;0;0;0;1;1;0;0;0;1;1;0;324;0;0;0;0;0;0;0;324;215;0;0;0;13;13;0;228;96;48;179;16;80;1;0;0;0;0;9;86;229;163;161;0;0;0;0;0;0;0;0;58;0;0;0;0;0;0;0;58;49;0;0;0;29;29;0;25;0;0;0;0;0;0;0;25;15;0;0;0;8;8;0
2022;Sul;4;Paraná;PR;41;Pato Branco;4118501;Sudoeste Paranaense;7;Pato Branco;27;411850105;UEPT 9 - UNIDADE DE EDUCACAO PRO E TECNOLOGICA DE PATO BRANCO- SENAC;41152123;4;1;1;0;AV TUPI;385;;BORTOT;85504000;46;32723700;1;23;10JAN2022:00:00:00;16DEC2022:00:00:00;;;;;0;;;;;;;;;;;;;0;0;0;0;0;1;0;3,54109E+12;3,54109E+12;1;1;;;1;1;;0;0;0;;;0;;0;1;0;;1;1;0;0;0;0;1;;0;;0;0;1;0;0;0;0;1;0;0;0;0;;;;1;0;0;0;1;0;1;;;1;0;1;1;0;;1;1;1;0;0;0;0;1;0;1;0;0;0;0;0;0;0;0;0;0;0;0;1;1;1;0;1;0;0;0;;;0;1;1;1;1;1;0;0;1;0;;16;0;16;0;0;1;1;1;1;1;1;0;1;1;1;1;1;1;1;2;1;14;;;;;;;;;;;;;;1;65;0;0;0;0;;;1;1;1;1;0;1;1;3;1;;1;2;0;0;1;1;1;88888;0;0;0;0;0;0;0;0;0;0;0;0;1;1;0;0;0;0;1;1;0;0;0;;;;;;;1;0;1;1;0;0;0;0;0;0;0;0;0;;;;0;;;;;;;1;0;1;0;0;0;0;1;0;0;0;0;0;0;0;1;0;0;0;1;1;0;0;0;1;1;0;1;0;0;0;0;0;0;0;1;1;0;0;0;0;0;0;144;0;0;0;0;0;0;0;144;92;0;0;0;0;0;0;103;41;14;93;8;29;0;0;0;0;0;0;50;94;61;83;0;0;0;0;0;0;0;0;49;0;0;0;0;0;0;0;49;43;0;0;0;0;0;0;16;0;0;0;0;0;0;0;16;8;0;0;0;0;0;0
2022;Sul;4;Paraná;PR;41;Ponta Grossa;4119905;Centro Oriental Paranaense;5;Ponta Grossa;21;411990505;UEPT 8 - UNIDADE DE EDUCACAO PRO E TECNOLOGICA DE PONTA GROSSA- SENAC;41152115;4;1;1;0;AV JOAO MANOEL DOS SANTOS RIBAS;313;;CENTRO;84051410;42;32286600;1;25;10JAN2022:00:00:00;16DEC2022:00:00:00;;;;;0;;;;;;;;;;;;;0;0;0;0;0;1;0;3,54109E+12;3,54109E+12;1;1;;;1;1;;0;0;0;;;0;;0;1;0;;1;1;0;0;0;0;1;;0;;0;0;1;0;0;0;0;1;0;0;0;0;;;;1;0;0;0;1;0;1;;;1;0;1;1;0;;1;1;1;0;0;0;0;1;0;1;0;0;0;0;0;0;0;0;0;0;0;0;1;1;1;0;1;0;0;0;;;0;1;1;1;1;1;0;0;1;0;;10;0;10;0;0;1;1;1;1;1;1;0;1;1;1;1;1;1;1;1;1;13;;;;;;;;;;;;;;1;115;0;0;0;0;;;1;1;1;1;0;1;1;3;1;;1;2;0;0;1;1;1;10;0;0;0;0;0;0;0;0;0;0;0;0;1;1;0;0;0;0;1;1;0;0;0;;;;;;;1;0;1;1;0;0;0;0;0;0;0;0;0;;;;0;;;;;;;1;0;1;0;0;0;0;1;0;0;0;0;0;0;0;1;0;0;0;1;1;0;0;0;1;1;0;1;0;0;0;0;0;0;0;1;1;0;0;0;1;1;0;279;0;0;0;0;0;0;0;279;167;0;0;0;2;2;0;185;94;8;212;6;50;3;0;0;0;0;0;90;189;171;108;0;0;0;0;0;0;0;0;48;0;0;0;0;0;0;0;48;41;0;0;0;9;9;0;27;0;0;0;0;0;0;0;27;12;0;0;0;2;2;0
2022;Sul;4;Paraná;PR;41;Ponta Grossa;4119905;Centro Oriental Paranaense;5;Ponta Grossa;21;411990505;UEPT 50 - UNIDADE DE EDUCACAO PRO E TECNOLOGICA DE PONTA GROSSA ESTACAO SAUDADE- SENAC;41163397;4;1;1;0;RUA FERNANDES PINHEIRO;77;;CENTRO;84010135;42;32286620;1;25;10JAN2022:00:00:00;16DEC2022:00:00:00;;;;;0;;;;;;;;;;;;;0;0;0;0;0;1;0;3,54109E+12;3,54109E+12;1;1;;;1;1;;0;0;0;;;0;;0;1;0;;1;1;0;0;0;0;1;;0;;0;0;1;0;0;0;0;1;0;0;0;0;;;;1;0;0;0;1;0;1;;;1;0;1;1;0;;1;1;1;0;0;0;0;1;0;1;0;0;0;0;0;0;0;0;0;0;0;0;1;1;1;0;1;0;0;0;;;0;1;1;1;1;1;0;0;1;0;;4;0;4;0;0;1;1;1;1;1;1;0;1;1;1;1;1;1;0;0;1;2;;;;;;;;;;;;;;1;2;0;0;0;0;;;1;1;1;1;0;1;1;3;1;;0;0;0;0;0;0;1;3;0;0;0;0;0;0;0;0;0;0;0;0;0;0;0;0;0;0;1;1;0;0;0;;;;;;;1;0;1;1;0;0;0;0;0;0;0;0;0;;;;0;;;;;;;1;0;1;0;0;0;0;1;0;0;0;0;0;0;0;1;0;0;0;1;1;0;0;0;1;0;0;1;0;0;0;0;0;0;0;1;1;0;0;0;0;0;0;5;0;0;0;0;0;0;0;5;5;0;0;0;0;0;0;3;2;1;4;0;0;0;0;0;0;0;0;0;5;5;0;0;0;0;0;0;0;0;0;4;0;0;0;0;0;0;0;4;4;0;0;0;0;0;0;1;0;0;0;0;0;0;0;1;1;0;0;0;0;0;0
2022;Sul;4;Paraná;PR;41;Prudentópolis;4120606;Sudeste Paranaense;9;Prudentópolis;31;412060605;UEPT 28 - UNIDADE DE EDUCACAO PRO E TECNOLOGICA DE PRUDENTOPOLIS- SENAC;41152263;4;1;1;0;RUA PREFEITO ANTONIO WITCHEMICHEN;777;;CENTRO;84400000;42;34468450;1;15;10JAN2022:00:00:00;16DEC2022:00:00:00;;;;;0;;;;;;;;;;;;;0;0;0;0;0;1;0;3,54109E+12;3,54109E+12;1;1;;;1;1;;0;0;0;;;0;;0;1;0;;1;1;0;0;0;0;1;;0;;0;0;1;0;0;0;0;1;0;0;0;0;;;;1;0;0;0;1;0;1;;;1;0;1;1;0;;1;1;1;0;0;0;0;1;0;1;0;0;0;0;0;0;0;0;0;0;0;0;1;1;1;0;1;0;0;0;;;0;1;1;1;1;1;0;0;1;0;;9;0;9;0;0;1;1;1;1;1;1;0;1;1;1;1;1;1;1;1;1;5;;;;;;;;;;;;;;1;21;1;3;0;0;;;1;1;1;1;0;1;1;3;1;;1;2;0;0;0;0;1;88888;0;0;0;0;0;0;0;0;0;0;0;0;1;1;0;0;0;0;1;1;0;0;0;;;;;;;1;0;1;1;0;0;0;0;0;0;0;0;0;;;;0;;;;;;;1;0;1;0;0;0;0;1;0;0;0;0;0;0;0;1;0;0;0;1;1;0;0;0;1;1;0;1;0;0;0;0;0;0;0;1;1;0;0;0;0;0;0;50;0;0;0;0;0;0;0;50;29;0;0;0;0;0;0;34;16;17;29;0;3;1;0;0;0;0;3;14;33;12;38;0;0;0;0;0;0;0;0;20;0;0;0;0;0;0;0;20;15;0;0;0;0;0;0;8;0;0;0;0;0;0;0;8;3;0;0;0;0;0;0
2022;Sul;4;Paraná;PR;41;Rio Negro;4122305;Metropolitana de Curitiba;10;Rio Negro;39;412230505;UEPT 38 - UNIDADE DE EDUCACAO PRO E TECNOLOGICA DE RIO NEGRO- SENAC;41160843;4;1;1;0;RUA MARCAL JOSE PEREIRA;100;;ESTACAO NOVA;83880000;47;36413050;1;3;10JAN2022:00:00:00;16DEC2022:00:00:00;;;;;0;;;;;;;;;;;;;0;0;0;0;0;1;0;3,54109E+12;3,54109E+12;1;1;;;1;1;;0;0;0;;;0;;0;1;0;;1;1;0;0;0;0;1;;0;;0;0;1;0;0;0;0;1;0;0;0;0;;;;1;0;0;0;1;0;1;;;1;0;1;1;0;;1;1;1;0;0;0;0;1;0;1;0;0;0;0;0;0;0;0;0;0;0;0;1;1;1;0;1;0;0;0;;;0;1;1;1;1;1;0;0;1;0;;8;0;8;0;0;1;1;1;1;1;1;0;1;1;1;1;1;1;0;0;1;9;;;;;;;;;;;;;;1;27;0;0;0;0;;;1;1;1;1;0;1;1;3;1;;1;2;0;0;0;0;1;6;0;0;0;0;0;0;0;0;0;0;0;0;1;1;0;0;0;0;1;1;0;0;0;;;;;;;1;0;1;1;0;0;0;0;0;0;0;0;0;;;;0;;;;;;;1;0;1;0;0;0;0;1;0;0;0;0;0;0;0;1;0;0;0;1;1;0;0;0;1;1;0;1;0;0;0;0;0;0;0;1;1;0;0;0;1;1;0;153;0;0;0;0;0;0;0;153;100;0;0;0;2;2;0;106;47;29;96;3;24;0;1;0;0;0;1;46;106;36;117;0;0;0;0;0;0;0;0;32;0;0;0;0;0;0;0;32;25;0;0;0;8;8;0;14;0;0;0;0;0;0;0;14;7;0;0;0;2;2;0
2022;Sul;4;Paraná;PR;41;Santo Antônio da Platina;4124103;Norte Pioneiro Paranaense;4;Jacarezinho;16;412410305;UEPT 21 - UNIDADE DE EDUCACAO PRO E TECNOLOGICA DE SANTO ANTONIO DA PLATINA- SENAC;41152247;4;1;1;0;RUA RUI BARBOSA;799;;CENTRO;86430000;43;35583550;1;17;10JAN2022:00:00:00;16DEC2022:00:00:00;;;;;0;;;;;;;;;;;;;0;0;0;0;0;1;0;3,54109E+12;3,54109E+12;1;1;;;1;1;;0;0;0;;;0;;0;1;0;;1;1;0;0;0;0;1;;0;;0;0;1;0;0;0;0;1;0;0;0;0;;;;1;0;0;0;1;0;1;;;1;0;1;1;0;;1;1;1;0;0;0;0;1;0;1;0;0;0;0;0;0;0;0;0;0;0;0;1;1;1;0;1;0;0;0;;;0;1;1;1;1;1;0;0;1;0;;4;0;4;0;0;1;1;1;1;1;1;0;1;1;1;1;1;1;1;1;1;88888;;;;;;;;;;;;;;1;88888;0;0;0;0;;;1;1;1;1;0;1;1;3;1;;1;2;0;0;0;0;1;3;0;0;0;0;0;0;0;0;0;0;0;0;1;1;0;0;0;0;1;1;0;0;0;;;;;;;1;0;1;1;0;0;0;0;0;0;0;0;0;;;;0;;;;;;;1;0;1;0;0;0;0;1;0;0;0;0;0;0;0;1;0;0;0;1;1;0;0;0;1;0;0;1;0;0;0;0;0;0;0;1;0;0;0;0;1;1;0;20;0;0;0;0;0;0;0;20;0;0;0;0;1;1;0;5;15;0;16;0;4;0;0;0;0;0;0;15;5;20;0;0;0;0;0;0;0;0;0;5;0;0;0;0;0;0;0;5;0;0;0;0;5;5;0;1;0;0;0;0;0;0;0;1;0;0;0;0;1;1;0
2022;Sul;4;Paraná;PR;41;São José dos Pinhais;4125506;Metropolitana de Curitiba;10;Curitiba;37;412550605;UEPT 39 - UNIDADE DE EDUCACAO PRO E TECNOLOGICA DE SAO JOSE DOS PINHAIS- SENAC;41158482;4;1;1;0;AV ROCHA POMBO;3028;LOTE E-969;CRUZEIRO;83010620;41;35865350;1;3;10JAN2022:00:00:00;16DEC2022:00:00:00;;;;;0;;;;;;;;;;;;;0;0;0;0;0;1;0;3,54109E+12;3,54109E+12;1;1;;;1;1;;0;0;0;;;0;;0;1;0;;1;1;0;0;0;0;1;;0;;0;0;1;0;0;0;0;1;0;0;0;0;;;;1;0;0;0;1;0;1;;;1;0;1;1;0;;1;1;1;0;0;0;0;1;0;1;0;0;0;0;0;0;0;0;0;0;0;0;1;1;1;0;1;0;0;0;;;0;1;1;1;1;1;0;0;1;0;;12;0;12;0;0;1;1;1;1;1;1;0;1;1;1;1;1;1;0;0;1;14;;;;;;;;;;;;;;1;75;1;18;0;0;;;1;1;1;1;0;1;1;3;1;;1;3;0;0;1;1;1;88888;0;0;0;0;0;0;0;0;0;0;0;0;1;1;0;0;0;0;1;1;0;0;0;;;;;;;1;0;1;1;0;0;0;0;0;0;0;0;0;;;;0;;;;;;;1;0;1;0;0;0;0;1;0;0;0;0;0;0;0;1;0;0;0;1;1;0;0;1;1;1;0;1;0;0;0;0;0;0;1;1;1;0;0;0;1;1;0;250;0;0;0;0;0;0;35;215;128;0;0;0;3;3;0;170;80;99;125;3;22;1;0;0;0;0;15;99;136;156;94;0;0;0;0;0;0;0;0;54;0;0;0;0;0;0;12;44;41;0;0;0;12;12;0;21;0;0;0;0;0;0;1;20;11;0;0;0;3;3;0
2022;Sul;4;Paraná;PR;41;São Mateus do Sul;4125605;Sudeste Paranaense;9;São Mateus do Sul;34;412560505;UEPT 29 - UNIDADE DE EDUCACAO PRO E TECNOLOGICA DE SAO MATEUS DO SUL- SENAC;41152271;4;1;1;0;RUA LEDY AFONSO RODERJAN;1191;;CENTRO;83900000;42;35201700;1;29;10JAN2022:00:00:00;16DEC2022:00:00:00;;;;;0;;;;;;;;;;;;;0;0;0;0;0;1;0;3,54109E+12;3,54109E+12;1;1;;;1;1;;0;0;0;;;0;;0;1;0;;1;1;0;0;0;0;1;;0;;0;0;1;0;0;0;0;1;0;0;0;0;;;;1;0;0;0;1;0;1;;;1;0;1;1;0;;1;1;1;0;0;0;0;1;0;1;0;0;0;0;0;0;0;0;0;0;0;0;1;1;1;0;1;0;0;0;;;0;1;1;1;1;1;0;0;1;0;;7;0;7;0;0;1;1;1;1;1;1;0;1;1;1;1;1;1;1;1;1;6;;;;;;;;;;;;;;1;34;0;0;0;0;;;1;1;1;1;0;1;1;3;1;;1;2;0;0;0;0;1;88888;0;0;0;0;0;0;0;0;0;0;0;0;1;1;0;0;0;0;1;1;0;0;0;;;;;;;1;0;1;1;0;0;0;0;0;0;0;0;0;;;;0;;;;;;;1;0;1;0;0;0;0;1;0;0;0;0;0;0;0;1;0;0;0;1;1;0;0;0;1;1;0;1;0;0;0;0;0;0;0;1;1;0;0;0;1;1;0;62;0;0;0;0;0;0;0;62;50;0;0;0;1;1;0;53;9;4;56;0;2;0;0;0;0;0;1;8;53;11;51;0;0;0;0;0;0;0;0;15;0;0;0;0;0;0;0;15;12;0;0;0;1;1;0;6;0;0;0;0;0;0;0;6;3;0;0;0;1;1;0
2022;Sul;4;Paraná;PR;41;Toledo;4127700;Oeste Paranaense;6;Toledo;22;412770005;UEPT 15 - UNIDADE DE EDUCACAO PRO E TECNOLOGICA DE TOLEDO- SENAC;41152182;4;1;1;0;RUA GUAIRA;3332;;JARDIM LA SALLE;85903220;45;33788100;1;27;10JAN2022:00:00:00;16DEC2022:00:00:00;;;;;0;;;;;;;;;;;;;0;0;0;0;0;1;0;3,54109E+12;3,54109E+12;1;1;;;1;1;;0;0;0;;;0;;0;1;0;;1;1;0;0;0;0;1;;0;;0;0;1;0;0;0;0;1;0;0;0;0;;;;1;0;0;0;1;0;1;;;1;0;1;1;0;;1;1;1;0;0;0;0;1;0;1;0;0;0;0;0;0;0;0;0;0;0;0;1;1;1;0;1;0;0;0;;;0;1;1;1;1;1;0;0;1;0;;14;0;14;0;0;1;1;1;1;1;1;0;1;1;1;1;1;1;1;2;1;17;;;;;;;;;;;;;;1;38;0;0;1;12;;;1;1;1;1;0;1;1;3;1;;1;14;0;0;0;0;1;7;0;0;0;0;0;0;0;0;0;0;0;0;1;1;0;0;0;0;1;1;0;0;0;;;;;;;1;0;1;1;0;0;0;0;0;0;0;0;0;;;;0;;;;;;;1;0;1;0;0;0;0;1;0;0;0;0;0;0;0;1;0;0;0;1;1;0;0;0;1;1;0;1;0;0;0;0;0;0;0;1;1;0;0;0;1;1;0;188;0;0;0;0;0;0;0;188;120;0;0;0;5;5;0;133;55;46;94;6;42;0;0;0;0;0;4;65;119;86;102;0;0;0;0;0;0;0;0;56;0;0;0;0;0;0;0;56;53;0;0;0;6;6;0;17;0;0;0;0;0;0;0;17;10;0;0;0;4;4;0
2022;Sul;4;Paraná;PR;41;Umuarama;4128104;Noroeste Paranaense;1;Umuarama;2;412810405;UEPT 10 - UNIDADE DE EDUCACAO PRO E TECNOLOGICA DE UMUARAMA- SENAC;41152131;4;1;1;0;AV DUQUE DE CAXIAS;5238;;ARMAZEM;87504040;44;36215700;1;28;10JAN2022:00:00:00;16DEC2022:00:00:00;;;;;0;;;;;;;;;;;;;0;0;0;0;0;1;0;3,54109E+12;3,54109E+12;1;1;;;1;1;;0;0;0;;;0;;0;1;0;;1;1;0;0;0;0;1;;0;;0;0;1;0;0;0;0;1;0;0;0;0;;;;1;0;0;0;1;0;1;;;1;0;1;1;0;;1;1;1;0;0;0;0;1;0;1;0;0;0;0;0;0;0;0;0;0;0;0;1;1;1;0;1;0;0;0;;;0;1;1;1;1;1;0;0;1;0;;15;0;15;0;0;1;1;1;1;1;1;0;1;1;1;1;1;1;1;2;1;18;;;;;;;;;;;;;;1;57;0;0;0;0;;;1;1;1;1;0;1;1;3;1;;1;2;0;0;0;0;1;88888;0;0;0;0;0;0;0;0;0;0;0;0;1;1;0;0;0;0;1;1;0;0;0;;;;;;;1;0;1;1;0;0;0;0;0;0;0;0;0;;;;0;;;;;;;1;0;1;0;0;0;0;1;0;0;0;0;0;0;0;1;0;0;0;1;1;0;0;1;1;1;0;1;0;0;0;0;0;0;1;1;1;0;0;0;1;1;0;245;0;0;0;0;0;0;23;222;93;0;0;0;7;7;0;139;106;33;130;9;72;1;0;0;0;0;9;134;102;149;96;0;0;0;0;0;0;0;0;49;0;0;0;0;0;0;14;37;33;0;0;0;38;38;0;25;0;0;0;0;0;0;1;24;11;0;0;0;7;7;0
2022;Sul;4;Paraná;PR;41;União da Vitória;4128203;Sudeste Paranaense;9;União da Vitória;33;412820305;UEPT 18 - UNIDADE DE EDUCACAO PRO E TECNOLOGICA DE UNIAO DA VITORIA- SENAC;41152212;4;1;1;0;RUA VALENTIN VARACOSKI;161;;CENTRO;84600110;42;35241500;1;29;10JAN2022:00:00:00;16DEC2022:00:00:00;;;;;0;;;;;;;;;;;;;0;0;0;0;0;1;0;3,54109E+12;3,54109E+12;1;1;;;1;1;;0;0;0;;;0;;0;1;0;;1;1;0;0;0;0;1;;0;;0;0;1;0;0;0;0;1;0;0;0;0;;;;1;0;0;0;1;0;1;;;1;0;1;1;0;;1;1;1;0;0;0;0;1;0;1;0;0;0;0;0;0;0;0;0;0;0;0;1;1;1;0;1;0;0;0;;;0;1;1;1;1;1;0;0;1;0;;9;0;9;0;0;1;1;1;1;1;1;0;1;1;1;1;1;1;1;2;1;9;;;;;;;;;;;;;;1;41;1;21;0;0;;;1;1;1;1;0;1;1;3;1;;1;2;0;0;0;0;1;88888;0;0;0;0;0;0;0;0;0;0;0;0;1;1;0;0;0;0;1;1;0;0;0;;;;;;;1;0;1;1;0;0;0;0;0;0;0;0;0;;;;0;;;;;;;1;0;1;0;0;0;0;1;0;0;0;0;0;0;0;1;0;0;0;1;1;0;0;1;1;1;0;1;0;0;0;0;0;0;1;1;1;0;0;0;1;1;0;213;0;0;0;0;0;0;29;213;139;0;0;0;6;6;0;137;76;36;141;2;32;2;0;0;0;0;13;88;112;115;98;0;0;0;0;0;0;0;0;42;0;0;0;0;0;0;14;42;38;0;0;0;30;30;0;15;0;0;0;0;0;0;1;15;8;0;0;0;5;5;0
2022;Sul;4;Santa Catarina;SC;42;Araranguá;4201406;Sul Catarinense;6;Araranguá;20;420140605;CENTRO DE EDUCACAO PROFISSIONAL SENAC ARARANGUA;42156114;4;1;1;0;AVENIDA SETE DE SETEMBRO;1350;;CENTRO;88900015;48;35221192;1;21;07FEB2022:00:00:00;16DEC2022:00:00:00;;;;;0;;;;;;;;;;;;;0;0;0;0;0;1;0;3,60374E+12;3,60374E+12;1;2;;;1;2;;0;0;0;;;0;;0;0;0;;1;1;0;0;0;0;1;;0;;0;0;1;0;0;0;0;1;0;0;0;0;;;;1;0;0;0;1;0;0;;;1;0;1;0;0;;1;1;1;0;0;0;0;1;0;0;0;0;0;0;0;0;0;0;0;0;0;0;1;1;1;0;1;0;0;0;;;0;1;1;1;1;0;0;1;1;0;;10;0;10;10;10;0;1;0;0;1;0;0;0;0;1;2;0;0;0;0;1;9;;;;;;;;;;;;;;1;43;0;0;0;0;;;1;1;1;1;0;1;1;2;1;;1;3;1;1;0;0;0;0;1;1;0;0;0;0;0;0;0;0;1;1;0;0;0;0;0;0;0;0;0;0;0;;;;;;;1;0;1;0;0;0;0;0;0;0;0;0;0;;;;0;;;;;;;0;;;;;;;1;0;0;0;0;1;0;0;0;1;0;0;1;1;0;0;0;0;1;0;1;0;0;0;0;0;0;0;1;1;0;0;0;0;0;0;33;0;0;0;0;0;0;0;33;33;0;0;0;0;0;0;18;15;5;27;0;1;0;0;0;0;0;0;25;8;0;33;0;0;0;0;0;0;0;0;7;0;0;0;0;0;0;0;7;7;0;0;0;0;0;0;1;0;0;0;0;0;0;0;1;1;0;0;0;0;0;0
2022;Sul;4;Santa Catarina;SC;42;Blumenau;4202404;Vale do Itajaí;4;Blumenau;12;420240405;FACULDADE DE TECNOLOGIA SENAC BLUMENAU;42272327;4;1;1;0;AVENIDA BRASIL;610;;PONTA AGUDA;89050000;47;30359999;1;15;08FEB2022:00:00:00;22DEC2022:00:00:00;;;;;0;;;;;;;;;;;;;0;0;0;0;1;1;0;3,60374E+12;3,60374E+12;1;2;;3948;1;1;;0;0;0;;;0;;1;0;0;;1;1;0;0;0;0;1;;0;;0;0;1;0;0;0;0;1;0;0;0;0;;;;1;0;0;0;1;0;1;;;1;0;1;0;1;;1;1;1;1;0;0;1;1;0;1;1;0;0;0;0;0;0;0;0;0;0;0;1;0;1;0;1;0;0;0;;;0;1;0;1;1;1;0;1;1;0;;40;1;41;40;40;0;1;1;1;1;1;0;0;0;1;2;1;12;1;5;1;20;;;;;;;;;;;;;;1;1;0;0;0;0;;;1;1;1;1;0;1;1;2;1;;1;2;1;5;1;1;1;10;1;1;0;0;0;0;0;0;0;0;1;2;1;1;1;2;1;1;0;0;0;0;0;;;;;;;1;0;0;0;0;1;1;0;0;0;0;0;0;;;;0;;;;;;;0;;;;;;;1;1;1;0;0;1;0;0;0;0;0;0;1;1;0;0;1;1;1;0;1;0;0;0;0;0;0;1;1;1;0;0;0;1;1;0;263;0;0;0;0;0;0;68;263;263;0;0;0;2;2;0;178;85;77;143;5;36;2;0;0;0;0;1;64;198;118;145;0;0;0;0;0;0;0;68;53;0;0;0;0;0;0;21;53;53;0;0;0;26;26;0;13;0;0;0;0;0;0;3;13;13;0;0;0;2;2;0
2022;Sul;4;Santa Catarina;SC;42;Brusque;4202909;Vale do Itajaí;4;Blumenau;12;420290905;CENTRO DE EDUCACAO PROFISSIONAL SENAC DE BRUSQUE;42139430;4;1;1;0;RODOVIA ANTONIO HEIL;191;;CENTRO II;88353100;47;33512626;1;16;07FEB2022:00:00:00;14DEC2022:00:00:00;;;;;0;;;;;;;;;;;;;0;0;0;0;0;1;1;3,60374E+12;3,60374E+12;1;2;;;1;2;;0;0;0;;;0;;0;0;0;;1;1;0;0;0;0;1;;0;;0;0;1;0;0;0;0;1;0;0;0;0;;;;1;0;0;0;1;0;0;;;1;0;1;1;1;;1;1;1;0;0;0;0;1;1;0;0;0;0;0;0;0;0;0;0;0;0;0;1;1;1;0;1;0;0;0;;;0;1;1;1;1;1;0;1;1;0;;18;0;18;18;18;0;1;1;1;1;0;0;0;0;1;1;1;2;1;4;1;21;;;;;;;;;;;;;;1;70;1;15;0;0;;;1;1;1;1;0;1;1;3;1;;1;8;1;5;1;1;0;0;0;0;0;0;0;0;0;0;0;0;1;4;1;1;0;0;0;0;0;0;0;0;0;;;;;;;1;0;1;1;0;0;0;1;0;0;0;0;0;;;;0;;;;;;;0;;;;;;;1;0;0;0;0;0;0;0;1;1;0;0;1;1;0;0;0;0;1;0;1;0;0;0;0;0;0;0;1;1;0;0;0;0;0;0;121;0;0;0;0;0;0;0;121;121;0;0;0;0;0;0;111;10;19;77;5;16;4;0;0;0;0;0;0;121;0;121;0;0;0;0;0;0;0;0;18;0;0;0;0;0;0;0;18;18;0;0;0;0;0;0;7;0;0;0;0;0;0;0;7;7;0;0;0;0;0;0
2022;Sul;4;Santa Catarina;SC;42;Caçador;4203006;Oeste Catarinense;1;Joaçaba;4;420300605;FACULDADE SENAC DE CACADOR;42276276;4;1;1;0;AVENIDA SETE DE SETEMBRO;169;;CENTRO;89500133;49;35630000;1;10;14FEB2022:00:00:00;16DEC2022:00:00:00;;;;;0;;;;;;;;;;;;;0;0;0;0;0;1;0;3,60374E+12;3,60374E+12;1;2;;5131;1;1;;0;0;0;;;0;;0;0;0;;1;1;0;0;0;0;1;;0;;0;0;1;0;0;0;0;1;0;0;0;0;;;;1;0;1;0;1;1;1;;;1;0;1;0;0;;1;1;1;0;0;0;0;1;0;0;1;0;0;1;0;1;0;0;0;0;0;0;1;1;1;0;1;0;0;0;;;0;1;1;1;1;1;1;1;1;0;;17;0;17;3;17;1;1;1;1;1;1;0;0;0;1;17;1;5;0;0;1;20;;;;;;;;;;;;;;1;91;1;20;0;0;;;1;1;1;1;1;1;1;3;1;;1;4;1;2;1;1;0;0;1;3;0;0;0;0;0;0;0;0;1;4;1;1;0;0;0;0;1;1;0;0;0;;;;;;;1;0;1;1;0;0;1;0;0;0;0;0;0;;;;0;;;;;;;0;;;;;;;1;1;1;0;0;1;0;0;0;1;0;0;1;1;0;0;0;0;1;0;1;0;0;0;0;0;0;0;1;1;0;0;0;0;0;0;216;0;0;0;0;0;0;0;216;216;0;0;0;0;0;0;165;51;85;94;4;33;0;0;0;0;0;0;4;212;0;216;0;0;0;0;0;0;0;0;23;0;0;0;0;0;0;0;23;23;0;0;0;0;0;0;10;0;0;0;0;0;0;0;10;10;0;0;0;0;0;0
2022;Sul;4;Santa Catarina;SC;42;Campo Alegre;4203303;Norte Catarinense;2;São Bento do Sul;7;420330305;SENAC DE CAMPO ALEGRE;42149444;4;;1;;RUA NEREU RAMOS;124;;CENTRO;89294000;47;36340602;2;24;;;;;;;;;;;;;;;;;;;;;;;;;;;;;;;;;;;;;;;;;;;;;;;;;;;;;;;;;;;;;;;;;;;;;;;;;;;;;;;;;;;;;;;;;;;;;;;;;;;;;;;;;;;;;;;;;;;;;;;;;;;;;;;;;;;;;;;;;;;;;;;;;;;;;;;;;;;;;;;;;;;;;;;;;;;;;;;;;;;;;;;;;;;;;;;;;;;;;;;;;;;;;;;;;;;;;;;;;;;;;;;;;;;;;;;;;;;;;;;;;;;;;;;;;;;;;;;;;;;;;;;;;;;;;;;;;;;;;;;;;;;;;;;;;;;;;;;;;;;;;;;;;;;;;;;;;;;;;;;;;;;;;;;;;;;;;;;;;;;;;;;;;;;;;;;;;;;;;
2022;Sul;4;Santa Catarina;SC;42;Canoinhas;4203808;Norte Catarinense;2;Canoinhas;6;420380805;SENAC CANOINHAS;42148928;4;1;1;0;RUA ROLANDO LOURENCO MALLUCELL;16;SENAC;CENTRO;89460062;47;36224853;1;25;07FEB2022:00:00:00;09DEC2022:00:00:00;;;;;0;;;;;;;;;;;;;0;0;0;0;0;1;0;3,60374E+12;3,60374E+12;1;1;;;1;2;;0;0;0;;;0;;0;0;0;;1;1;0;0;0;0;1;;0;;0;0;1;0;0;0;0;1;0;0;0;0;;;;0;0;0;1;1;0;1;;;1;0;1;0;0;;1;1;0;0;0;0;0;0;1;0;0;0;0;0;0;0;0;0;0;0;0;0;0;0;1;0;1;0;0;0;;;0;1;1;0;0;0;0;0;0;0;;5;0;5;5;0;0;1;1;1;1;1;0;0;0;1;88888;1;1;0;0;1;88888;;;;;;;;;;;;;;0;0;1;88888;1;1;;;1;1;1;1;0;1;1;3;1;;1;3;1;1;0;0;0;0;1;1;0;0;0;0;0;0;0;0;1;1;1;1;0;0;0;0;0;0;0;0;0;;;;;;;1;0;0;1;0;1;0;1;0;0;0;0;0;;;;0;;;;;;;0;;;;;;;1;0;0;0;0;0;0;0;1;1;0;0;1;1;0;0;0;0;1;0;1;0;0;0;0;0;0;0;1;1;0;0;0;1;1;0;61;0;0;0;0;0;0;0;61;61;0;0;0;2;2;0;36;25;33;27;0;1;0;0;0;0;0;0;8;53;0;61;0;0;0;0;0;0;0;0;11;0;0;0;0;0;0;0;11;11;0;0;0;10;10;0;4;0;0;0;0;0;0;0;4;4;0;0;0;2;2;0
2022;Sul;4;Santa Catarina;SC;42;Chapecó;4204202;Oeste Catarinense;1;Chapecó;2;420420205;FACULDADE DE TECNOLOGIA SENAC CHAPECO;42139031;4;1;1;0;RUA CASTRO ALVES - E;298;;SAO CRISTOVAO;89803110;49;33615012;1;4;07FEB2022:00:00:00;13DEC2022:00:00:00;;;;;0;;;;;;;;;;;;;0;0;0;0;0;1;0;3,60374E+12;3,60374E+12;1;5;;;1;1;;0;0;0;;;0;;0;0;0;;1;1;0;0;0;0;1;;0;;0;0;1;0;0;0;0;1;0;0;0;0;;;;0;0;1;0;1;0;1;;;1;0;1;0;0;;1;1;1;0;0;0;0;1;0;0;1;0;0;0;0;0;0;0;0;0;0;0;1;0;1;0;1;0;0;0;;;0;1;1;0;1;1;0;1;0;0;;20;0;20;20;20;0;1;1;1;1;1;0;0;0;0;0;0;0;0;0;1;20;;;;;;;;;;;;;;1;48;1;100;0;0;;;1;1;1;1;0;1;1;3;1;;1;4;1;2;1;2;1;2;1;1;0;0;0;0;0;0;0;0;1;1;1;1;1;1;1;1;1;2;0;0;0;;;;;;;1;0;0;0;0;0;0;0;0;0;0;0;0;;;;0;;;;;;;0;;;;;;;1;0;0;0;0;0;0;1;0;1;0;0;1;1;0;0;0;0;1;0;1;0;0;0;0;0;0;0;1;1;0;0;0;0;0;0;107;0;0;0;0;0;0;0;107;107;0;0;0;0;0;0;94;13;46;47;2;11;0;1;0;0;0;0;2;105;0;107;0;0;0;0;0;0;0;0;28;0;0;0;0;0;0;0;28;28;0;0;0;0;0;0;8;0;0;0;0;0;0;0;8;8;0;0;0;0;0;0
2022;Sul;4;Santa Catarina;SC;42;Concórdia;4204301;Oeste Catarinense;1;Concórdia;5;420430105;FACULDADE SENAC CONCORDIA;42139007;4;1;1;0;RUA JOAO ZANARDI;330;;NOSSA SENHORA DA SALETE;89700396;49;34422993;1;6;07FEB2022:00:00:00;16DEC2022:00:00:00;;;;;0;;;;;;;;;;;;;0;0;0;0;0;0;1;3,60374E+12;3,60374E+12;1;2;;17777;1;2;;0;0;0;;;0;;0;0;0;;1;1;0;0;0;0;1;;0;;0;0;1;0;0;0;0;1;0;0;0;0;;;;1;0;1;0;1;0;1;;;1;0;1;1;0;;1;1;0;0;0;0;0;1;0;0;1;0;0;0;0;0;0;0;0;0;0;0;1;1;1;0;0;0;0;0;;;0;1;0;0;1;1;0;1;1;0;;10;0;10;10;10;0;1;1;1;1;1;0;0;0;1;10;1;2;1;4;1;10;;;;;;;;;;;;;;1;110;1;30;0;0;;;1;1;1;1;1;1;1;3;1;;1;6;1;2;1;2;0;0;1;1;0;0;0;0;0;0;0;0;1;2;1;1;0;0;1;1;1;1;0;0;0;;;;;;;1;0;1;1;0;1;0;0;0;0;1;0;0;;;;0;;;;;;;0;;;;;;;1;1;1;0;0;0;0;0;1;1;0;0;1;1;0;0;0;0;1;0;1;0;0;0;0;0;0;0;1;1;0;0;0;0;0;0;155;0;0;0;0;0;0;0;155;155;0;0;0;0;0;0;133;22;44;90;5;15;1;0;0;0;0;0;5;150;0;155;0;0;0;0;0;0;0;0;6;0;0;0;0;0;0;0;6;6;0;0;0;0;0;0;6;0;0;0;0;0;0;0;6;6;0;0;0;0;0;0
2022;Sul;4;Santa Catarina;SC;42;Criciúma;4204608;Sul Catarinense;6;Criciúma;19;420460805;FACULDADE SENAC CRICIUMA;42151031;4;1;1;0;RUA HENRIQUE LAGE;560;;CENTRO;88801010;48;34379801;1;20;07FEB2022:00:00:00;16DEC2022:00:00:00;;;;;0;;;;;;;;;;;;;0;0;0;0;0;1;0;3,60374E+12;3,60374E+12;1;1;;17277;1;1;;0;0;0;;;0;;0;0;0;;1;1;0;0;0;0;1;;0;;0;0;1;0;0;0;0;1;0;0;0;0;;;;1;0;0;0;1;1;1;;;1;0;1;0;1;;1;1;1;0;0;0;0;1;0;1;1;0;0;1;1;0;0;0;0;0;0;0;1;0;1;0;1;0;0;0;;;0;1;1;1;1;1;0;1;1;0;;39;0;39;39;39;0;1;0;1;1;0;0;0;0;1;39;1;2;1;1;1;39;;;;;;;;;;;;;;1;12;1;26;1;10;;;1;1;1;1;1;1;1;3;1;;1;88888;1;6;1;1;0;0;1;4;0;0;0;0;0;0;0;0;1;2;1;1;1;1;0;0;1;1;0;0;0;;;;;;;1;0;1;0;0;0;0;0;0;0;0;0;0;;;;0;;;;;;;0;;;;;;;1;0;0;0;0;1;0;0;0;1;0;0;1;1;0;0;1;1;1;0;1;0;0;0;0;0;0;1;1;1;0;0;0;1;1;0;88;0;0;0;0;0;0;46;88;88;0;0;0;2;2;0;50;38;18;56;8;6;0;0;0;0;0;0;44;44;62;26;0;0;0;0;0;0;0;46;28;0;0;0;0;0;0;14;28;28;0;0;0;14;14;0;5;0;0;0;0;0;0;2;5;5;0;0;0;1;1;0
2022;Sul;4;Santa Catarina;SC;42;Curitibanos;4204806;Serrana;3;Curitibanos;9;420480605;SENAC SERVICO NACIONAL DE APRENDIZAGEM COMERCIAL;42116651;4;;1;;AVENIDA SALOMAO CARNEIRO DE ALMEIDA - EDIFICIO GABOARDI MASTER CENTER;388;6º ANDAR;CENTRO;89520000;49;32415937;2;11;;;;;;;;;;;;;;;;;;;;;;;;;;;;;;;;;;;;;;;;;;;;;;;;;;;;;;;;;;;;;;;;;;;;;;;;;;;;;;;;;;;;;;;;;;;;;;;;;;;;;;;;;;;;;;;;;;;;;;;;;;;;;;;;;;;;;;;;;;;;;;;;;;;;;;;;;;;;;;;;;;;;;;;;;;;;;;;;;;;;;;;;;;;;;;;;;;;;;;;;;;;;;;;;;;;;;;;;;;;;;;;;;;;;;;;;;;;;;;;;;;;;;;;;;;;;;;;;;;;;;;;;;;;;;;;;;;;;;;;;;;;;;;;;;;;;;;;;;;;;;;;;;;;;;;;;;;;;;;;;;;;;;;;;;;;;;;;;;;;;;;;;;;;;;;;;;;;;;
2022;Sul;4;Santa Catarina;SC;42;Florianópolis;4205407;Grande Florianópolis;5;Florianópolis;16;420540705;SENAC DE FLORIANOPOLIS;42270278;4;1;1;0;RUA SILVA JARDIM;360;;CENTRO;88020200;48;32293253;1;10000;07FEB2022:00:00:00;16DEC2022:00:00:00;;;;;0;;;;;;;;;;;;;0;0;0;0;0;1;0;3,60374E+12;3,60374E+12;1;2;;;1;1;;0;0;0;;;0;;0;0;0;;1;1;0;0;0;0;1;;0;;0;0;1;0;0;0;0;1;0;0;0;0;;;;1;0;0;0;1;1;1;;;1;0;1;1;0;;1;1;1;0;0;0;0;1;0;1;0;0;0;0;0;0;0;0;0;0;0;0;1;1;1;0;1;0;0;0;;;0;1;1;1;1;1;0;1;1;0;;22;0;22;22;22;0;1;0;0;1;0;0;0;0;1;21;1;2;1;7;1;20;;;;;;;;;;;;;;1;88888;1;27;0;0;;;1;1;1;1;0;1;0;3;1;;1;88888;1;8;1;88888;0;0;0;0;0;0;0;0;0;0;0;0;1;88888;1;1;1;3;1;2;1;88888;0;0;0;;;;;;;1;0;0;1;0;1;1;0;0;0;0;0;0;;;;0;;;;;;;0;;;;;;;1;0;0;0;0;1;0;0;0;0;0;0;1;1;0;0;0;1;1;0;1;0;0;0;0;0;0;0;1;1;0;0;0;1;1;0;57;0;0;0;0;0;0;0;57;57;0;0;0;2;2;0;43;14;18;35;1;2;1;0;0;0;0;0;2;55;34;23;0;0;0;0;0;0;0;0;5;0;0;0;0;0;0;0;5;5;0;0;0;1;1;0;5;0;0;0;0;0;0;0;5;5;0;0;0;1;1;0
2022;Sul;4;Santa Catarina;SC;42;Florianópolis;4205407;Grande Florianópolis;5;Florianópolis;16;420540705;SENAC SAUDE E BELEZA;42330270;4;1;1;0;RUA SALDANHA MARINHO;189;;CENTRO;88010450;48;33309600;1;10000;07FEB2022:00:00:00;16DEC2022:00:00:00;;;;;0;;;;;;;;;;;;;0;0;0;0;0;1;0;3,60374E+12;3,60374E+12;1;2;;;1;2;;0;0;0;;;0;;0;0;0;;1;1;0;0;0;0;1;;0;;0;0;1;0;0;0;0;1;0;0;0;0;;;;0;0;0;1;0;0;0;;;1;0;1;0;1;;1;1;0;0;0;0;1;0;0;0;0;0;0;0;0;0;0;0;0;0;0;0;1;1;1;0;1;0;0;0;;;0;1;1;1;1;1;0;1;1;0;;16;0;16;16;16;0;1;1;1;1;1;0;0;0;1;3;0;0;0;0;1;16;;;;;;;;;;;;;;1;4;1;38;0;0;;;1;1;1;1;1;1;1;2;1;;1;88888;1;4;1;3;0;0;0;0;0;0;0;0;0;0;0;0;1;5;1;1;1;3;1;2;1;88888;0;0;0;;;;;;;1;0;1;1;0;1;0;0;0;0;0;0;0;;;;0;;;;;;;0;;;;;;;1;0;0;0;0;1;0;0;0;0;0;0;1;1;0;0;0;1;1;0;1;0;0;0;0;0;0;0;1;1;0;0;0;1;1;0;51;0;0;0;0;0;0;0;51;51;0;0;0;1;1;0;43;8;18;30;0;3;0;0;0;0;0;0;1;50;36;15;0;0;0;0;0;0;0;0;4;0;0;0;0;0;0;0;4;4;0;0;0;1;1;0;4;0;0;0;0;0;0;0;4;4;0;0;0;1;1;0
2022;Sul;4;Santa Catarina;SC;42;Itajaí;4208203;Vale do Itajaí;4;Itajaí;13;420820305;SERVICO NACIONAL DE APRENDIZAGEM COMERCIAL - SENAC DE ITAJAI;42119430;4;1;1;0;RUA BRUSQUE;257;;CENTRO;88302000;47;33480410;1;17;21JAN2022:00:00:00;20DEC2022:00:00:00;;;;;0;;;;;;;;;;;;;0;0;0;0;0;1;0;3,60374E+12;3,60374E+12;1;2;;;1;2;;0;0;0;;;0;;0;0;0;;1;1;0;0;0;0;1;;0;;0;0;1;0;0;0;0;1;0;0;0;0;;;;0;0;0;1;1;0;0;;;1;0;1;1;0;;1;1;1;0;0;0;0;1;0;0;1;0;0;0;0;0;0;0;0;0;0;0;1;0;1;0;1;0;0;0;;;0;0;1;0;1;0;0;0;0;0;;9;0;9;9;9;0;1;0;1;1;1;0;0;0;0;0;1;2;0;0;1;9;;;;;;;;;;;;;;1;20;1;35;0;0;;;1;1;1;1;0;1;1;3;1;;1;3;1;2;1;1;0;0;1;4;0;0;0;0;0;0;0;0;1;1;1;1;0;0;0;0;0;0;0;0;0;;;;;;;1;0;1;1;0;1;0;1;1;0;0;0;0;;;;0;;;;;;;0;;;;;;;1;0;1;0;0;1;0;0;0;0;0;0;1;1;0;0;0;1;1;0;1;0;0;0;0;0;0;0;1;1;0;0;0;0;0;0;184;0;0;0;0;0;0;0;184;184;0;0;0;0;0;0;146;38;53;86;7;38;0;0;0;0;0;0;6;178;49;135;0;0;0;0;0;0;0;0;21;0;0;0;0;0;0;0;21;21;0;0;0;0;0;0;9;0;0;0;0;0;0;0;9;9;0;0;0;0;0;0
2022;Sul;4;Santa Catarina;SC;42;Joaçaba;4209003;Oeste Catarinense;1;Joaçaba;4;420900305;SERVICO NACIONAL DE APRENDIZAGEM COMERCIAL - SENAC - JOACABA;42138876;4;1;1;0;RUA TIRADENTES;170;;CENTRO;89600000;49;39065600;1;7;07FEB2022:00:00:00;16DEC2022:00:00:00;;;;;0;;;;;;;;;;;;;0;0;0;0;0;1;0;3,60374E+12;3,60374E+12;1;2;;;1;2;;0;0;0;;;0;;0;0;0;;1;1;0;0;0;0;1;;0;;0;0;1;0;0;0;0;1;0;0;0;0;;;;0;0;0;1;1;0;0;;;1;0;1;1;0;;1;1;1;0;0;0;0;1;1;0;0;0;0;0;0;0;0;0;0;0;0;0;1;0;1;0;1;0;0;0;;;0;1;1;0;1;1;0;1;1;0;;15;0;15;15;15;0;1;1;1;1;1;0;0;0;0;0;1;2;0;0;1;19;;;;;;;;;;;;;;1;29;1;40;0;0;;;1;1;1;1;0;1;1;3;1;;1;4;1;4;1;1;0;0;0;0;0;0;0;0;0;0;0;0;1;4;1;1;0;0;1;1;1;3;0;0;0;;;;;;;1;0;0;1;0;0;0;1;0;0;0;0;0;;;;0;;;;;;;0;;;;;;;1;1;0;0;0;1;0;0;0;1;0;0;1;1;0;0;0;0;1;0;1;0;0;0;0;0;0;0;1;1;0;0;0;0;0;0;176;0;0;0;0;0;0;0;176;176;0;0;0;0;0;0;145;31;61;83;4;27;1;0;0;0;0;0;3;173;0;176;0;0;0;0;0;0;0;0;18;0;0;0;0;0;0;0;18;18;0;0;0;0;0;0;17;0;0;0;0;0;0;0;17;17;0;0;0;0;0;0
2022;Sul;4;Santa Catarina;SC;42;Joinville;4209102;Norte Catarinense;2;Joinville;8;420910205;SENAC DE JOINVILLE;42280265;4;1;1;0;RUA VISCONDE DE TAUNAY;730;;ATIRADORES;89203062;47;34316666;1;22;07FEB2022:00:00:00;16DEC2022:00:00:00;;;;;0;;;;;;;;;;;;;0;0;0;0;0;1;0;3,60374E+12;3,60374E+12;1;2;;;1;1;;0;0;0;;;0;;0;0;0;;1;1;0;0;0;0;1;;0;;0;0;1;0;0;0;0;1;0;0;0;0;;;;1;0;0;0;1;0;1;;;1;0;1;1;1;;1;1;1;1;0;0;1;1;1;0;1;0;0;0;0;0;0;0;0;0;0;0;1;0;1;0;1;0;0;0;;;0;1;1;1;0;0;0;1;1;0;;37;0;37;37;37;0;1;1;1;1;1;0;0;0;1;22;0;0;0;0;1;22;;;;;;;;;;;;;;1;150;1;43;1;22;;;1;1;1;1;0;1;1;3;1;;1;7;1;7;1;2;0;0;0;0;0;0;0;0;1;1;0;0;1;5;1;1;0;0;0;0;1;1;0;0;0;;;;;;;1;0;1;1;0;1;0;1;1;0;0;0;0;;;;0;;;;;;;0;;;;;;;1;0;1;0;0;0;0;0;1;1;0;0;1;1;0;0;1;1;1;0;1;0;0;0;0;0;0;1;1;1;0;0;0;1;1;0;498;0;0;0;0;0;0;167;331;331;0;0;0;4;4;0;306;192;158;291;13;35;0;1;0;0;0;2;262;234;331;167;0;0;0;0;0;0;0;167;68;0;0;0;0;0;0;22;51;51;0;0;0;18;18;0;22;0;0;0;0;0;0;7;15;15;0;0;0;3;3;0
2022;Sul;4;Santa Catarina;SC;42;Lages;4209300;Serrana;3;Campos de Lages;10;420930005;SENAC DE LAGES;42332281;4;1;1;0;AVENIDA DOM PEDRO II;1450;;UNIVERSITARIO;88509001;49;32233855;1;26;07FEB2022:00:00:00;16DEC2022:00:00:00;;;;;0;;;;;;;;;;;;;0;0;0;0;0;1;0;3,60374E+12;3,60374E+12;1;2;;;1;1;;0;0;0;;;0;;0;0;0;;1;1;0;0;0;0;1;;0;;0;0;1;0;0;0;0;1;0;0;0;0;;;;1;0;0;0;1;0;1;;;1;0;1;0;0;;1;1;1;1;0;0;0;1;0;1;1;0;0;0;0;0;1;0;0;0;0;0;1;1;1;0;1;0;0;0;;;0;1;1;1;0;1;0;1;1;0;;12;3;15;12;12;0;1;1;1;1;0;0;0;0;0;0;1;1;0;0;1;15;;;;;;;;;;;;;;1;44;1;10;0;0;;;1;1;1;1;1;1;1;3;1;;1;5;1;2;1;1;0;0;1;3;0;0;0;0;0;0;0;0;1;1;1;1;0;0;0;0;0;0;0;0;0;;;;;;;1;0;0;0;0;0;0;0;0;0;0;0;0;;;;0;;;;;;;0;;;;;;;1;1;1;0;0;1;0;0;0;1;0;0;1;1;0;0;0;0;1;0;1;0;0;0;0;0;0;0;1;1;0;0;0;1;1;0;168;0;0;0;0;0;0;0;168;168;0;0;0;2;2;0;110;58;40;107;4;17;0;0;0;0;0;1;29;138;0;168;0;0;0;0;0;0;0;0;14;0;0;0;0;0;0;0;14;14;0;0;0;5;5;0;10;0;0;0;0;0;0;0;10;10;0;0;0;2;2;0
2022;Sul;4;Santa Catarina;SC;42;Mafra;4210100;Norte Catarinense;2;Canoinhas;6;421010005;SENAC DE MAFRA;42149487;4;1;1;0;RUA FELIPE SCHMIDT;809;;CENTRO I BAIXADA;89300178;47;32080130;1;36;04JAN2022:00:00:00;22DEC2022:00:00:00;;;;;0;;;;;;;;;;;;;1;0;0;0;0;1;1;3,60374E+12;3,60374E+12;1;2;;;1;2;;0;0;0;;;0;;0;0;0;;1;1;0;0;0;0;1;;0;;0;0;1;0;0;0;0;1;0;0;0;0;;;;1;0;0;0;0;0;0;;;1;0;1;1;0;;1;1;1;0;0;0;0;1;1;0;0;0;0;0;0;0;0;0;0;0;0;0;1;0;1;0;1;0;0;0;;;0;0;0;1;0;0;0;0;0;0;;6;0;6;6;0;0;1;1;1;1;0;0;0;0;0;0;1;1;0;0;1;8;;;;;;;;;;;;;;1;2;1;34;0;0;;;1;1;1;1;0;1;1;2;1;;1;4;1;1;1;1;0;0;0;0;0;0;0;0;0;0;0;0;1;1;0;0;0;0;0;0;0;0;0;0;0;;;;;;;1;0;1;1;0;1;0;1;0;0;0;0;0;;;;0;;;;;;;0;;;;;;;1;0;0;0;0;0;0;0;1;0;0;0;1;1;0;0;0;0;1;0;1;0;0;0;0;0;0;0;1;1;0;0;0;0;0;0;86;0;0;0;0;0;0;0;86;86;0;0;0;0;0;0;74;12;11;70;0;5;0;0;0;0;0;0;4;82;0;86;0;0;0;0;0;0;0;0;10;0;0;0;0;0;0;0;10;10;0;0;0;0;0;0;4;0;0;0;0;0;0;0;4;4;0;0;0;0;0;0
2022;Sul;4;Santa Catarina;SC;42;Palhoça;4211900;Grande Florianópolis;5;Florianópolis;16;421190005;CENTRO DE ED PROFISSIONAL SENAC PALHOCA;42149223;4;1;1;0;RUA JOAO PEREIRA DOS SANTOS;303;;PONTE DO IMARUIM;88130475;48;33419128;1;10000;14FEB2022:00:00:00;16DEC2022:00:00:00;;;;;0;;;;;;;;;;;;;0;0;0;0;0;1;0;3,60374E+12;3,60374E+12;1;5;;;1;2;;0;0;0;;;0;;0;0;0;;1;1;0;0;0;0;1;;0;;0;0;1;0;0;0;0;1;0;0;0;0;;;;1;0;0;0;1;0;1;;;1;0;1;0;0;;1;1;1;0;0;0;0;1;0;0;1;0;0;0;0;0;1;0;0;0;0;0;1;0;1;0;1;0;0;0;;;0;1;1;1;1;1;0;1;1;0;;21;0;21;21;21;0;1;1;1;1;1;0;0;0;1;20;1;3;1;3;1;20;;;;;;;;;;;;;;1;94;1;27;1;10;;;1;1;1;1;0;1;1;3;1;;0;0;1;3;1;1;0;0;1;2;0;0;0;0;1;1;0;0;1;2;1;1;0;0;1;1;1;1;0;0;0;;;;;;;1;0;1;1;0;1;0;0;1;0;0;0;0;;;;0;;;;;;;0;;;;;;;1;0;1;0;0;0;0;0;1;1;0;0;1;1;0;0;1;1;1;0;1;0;0;0;0;0;0;1;1;1;0;0;0;1;1;0;118;0;0;0;0;0;0;43;118;118;0;0;0;4;4;0;81;37;46;60;3;8;0;1;0;0;0;3;37;78;64;54;0;0;0;0;0;0;0;43;23;0;0;0;0;0;0;15;23;23;0;0;0;23;23;0;4;0;0;0;0;0;0;1;4;4;0;0;0;2;2;0
2022;Sul;4;Santa Catarina;SC;42;Porto União;4213609;Norte Catarinense;2;Canoinhas;6;421360905;SERVICO NACIONAL DE APRENDIZAGEM COMERCIAL - SENAC PORTO UNIAO;42119448;4;1;1;0;AVENIDA GETULIO VARGAS;890;;CENTRO;89400000;42;35231516;1;25;07FEB2022:00:00:00;16DEC2022:00:00:00;;;;;0;;;;;;;;;;;;;0;0;0;0;0;1;0;3,60374E+12;3,60374E+12;1;2;;5131;1;2;;0;0;0;;;0;;0;0;0;;1;1;0;0;0;0;1;;0;;0;0;1;0;0;0;0;1;0;0;0;0;;;;1;0;0;0;0;0;1;;;1;0;1;0;0;;1;1;1;0;0;0;0;1;1;0;0;0;0;0;0;0;0;0;0;0;0;0;1;0;1;0;1;0;0;0;;;0;1;1;1;1;0;0;1;1;0;;13;0;13;13;13;0;1;1;1;1;0;0;0;0;0;0;1;3;0;0;1;88888;;;;;;;;;;;;;;1;76;1;35;1;2;;;1;1;1;1;1;1;1;3;1;;1;5;1;3;1;1;0;0;0;0;0;0;0;0;0;0;0;0;1;2;1;1;0;0;0;0;0;0;0;0;0;;;;;;;1;0;1;1;0;1;1;1;0;0;0;0;0;;;;0;;;;;;;0;;;;;;;1;0;0;0;0;0;0;0;1;1;0;0;1;1;0;0;0;0;1;0;1;0;0;0;0;0;0;0;1;1;0;0;0;1;1;0;132;0;0;0;0;0;0;0;132;132;0;0;0;1;1;0;99;33;21;92;0;19;0;0;0;0;0;0;5;127;0;132;0;0;0;0;0;0;0;0;18;0;0;0;0;0;0;0;18;18;0;0;0;5;5;0;8;0;0;0;0;0;0;0;8;8;0;0;0;1;1;0
2022;Sul;4;Santa Catarina;SC;42;Quilombo;4214201;Oeste Catarinense;1;Chapecó;2;421420105;FACULDADE DE TECNOLOGIA SENAC CHAPECO;42149517;4;;1;;ALBERTO BODANESE PRIMO;1227;;CENTRO;89850000;49;33615022;2;2;;;;;;;;;;;;;;;;;;;;;;;;;;;;;;;;;;;;;;;;;;;;;;;;;;;;;;;;;;;;;;;;;;;;;;;;;;;;;;;;;;;;;;;;;;;;;;;;;;;;;;;;;;;;;;;;;;;;;;;;;;;;;;;;;;;;;;;;;;;;;;;;;;;;;;;;;;;;;;;;;;;;;;;;;;;;;;;;;;;;;;;;;;;;;;;;;;;;;;;;;;;;;;;;;;;;;;;;;;;;;;;;;;;;;;;;;;;;;;;;;;;;;;;;;;;;;;;;;;;;;;;;;;;;;;;;;;;;;;;;;;;;;;;;;;;;;;;;;;;;;;;;;;;;;;;;;;;;;;;;;;;;;;;;;;;;;;;;;;;;;;;;;;;;;;;;;;;;;
2022;Sul;4;Santa Catarina;SC;42;Rio do Sul;4214805;Vale do Itajaí;4;Rio do Sul;11;421480505;SENAC;42126649;4;1;1;0;RUA VISCONDE DE CAIRU;60;;SANTANA;89160256;47;35212266;1;12;25JAN2022:00:00:00;16DEC2022:00:00:00;;;;;0;;;;;;;;;;;;;0;0;0;0;1;1;0;3,60374E+12;3,60374E+12;1;2;;3948;1;1;;0;0;0;;;0;;0;0;0;;1;1;0;0;0;0;1;;0;;0;0;1;0;0;0;0;1;0;0;0;0;;;;1;0;0;0;0;0;0;;;1;0;1;0;1;;1;1;1;0;0;0;1;1;0;0;0;0;0;0;0;0;0;0;0;0;0;0;1;0;1;0;1;1;0;0;;;0;1;0;0;0;1;0;0;0;0;;16;1;17;15;15;0;1;1;1;1;1;0;1;1;1;16;1;3;0;0;1;20;;;;;;;;;;;;;;1;62;1;62;0;0;;;1;1;1;1;1;1;1;2;1;;1;9;1;3;1;1;1;88888;1;1;0;0;0;0;0;0;0;0;1;1;1;1;0;0;0;0;0;0;0;0;0;;;;;;;1;0;0;0;0;1;0;0;0;0;0;0;0;;;;0;;;;;;;0;;;;;;;1;1;1;0;0;0;0;0;1;1;0;0;1;1;0;0;0;0;1;0;1;0;0;0;0;0;0;0;1;1;0;0;0;0;0;0;147;0;0;0;0;0;0;0;147;147;0;0;0;0;0;0;118;29;47;86;0;14;0;0;0;0;0;0;0;147;0;147;0;0;0;0;0;0;0;0;7;0;0;0;0;0;0;0;7;7;0;0;0;0;0;0;8;0;0;0;0;0;0;0;8;8;0;0;0;0;0;0
2022;Sul;4;Santa Catarina;SC;42;Rio Negrinho;4215000;Norte Catarinense;2;São Bento do Sul;7;421500005;SENAC DE RIO NEGRINHO;42149479;4;;1;;RUA PREFEITO HUGO FISCHER;539;;BELA VISTA;89295000;47;36340602;2;24;;;;;;;;;;;;;;;;;;;;;;;;;;;;;;;;;;;;;;;;;;;;;;;;;;;;;;;;;;;;;;;;;;;;;;;;;;;;;;;;;;;;;;;;;;;;;;;;;;;;;;;;;;;;;;;;;;;;;;;;;;;;;;;;;;;;;;;;;;;;;;;;;;;;;;;;;;;;;;;;;;;;;;;;;;;;;;;;;;;;;;;;;;;;;;;;;;;;;;;;;;;;;;;;;;;;;;;;;;;;;;;;;;;;;;;;;;;;;;;;;;;;;;;;;;;;;;;;;;;;;;;;;;;;;;;;;;;;;;;;;;;;;;;;;;;;;;;;;;;;;;;;;;;;;;;;;;;;;;;;;;;;;;;;;;;;;;;;;;;;;;;;;;;;;;;;;;;;;
2022;Sul;4;Santa Catarina;SC;42;São Bento do Sul;4215802;Norte Catarinense;2;São Bento do Sul;7;421580205;SENAC DE SAO BENTO DO SUL;42330459;4;1;1;0;RUA AUGUSTO KLIMMEK;277;EDIFICIO SAO JOSE;CENTRO;89280349;47;36340602;1;24;17JAN2022:00:00:00;16DEC2022:00:00:00;;;;;0;;;;;;;;;;;;;1;0;0;0;0;1;1;3,60374E+12;3,60374E+12;1;2;;;1;2;;0;0;0;;;0;;0;0;0;;1;1;0;0;0;0;1;;0;;0;0;1;0;0;0;0;1;0;0;0;0;;;;1;0;0;0;1;0;0;;;1;0;1;1;0;;1;1;1;0;0;0;0;1;0;0;0;0;0;0;0;0;0;0;0;0;0;0;1;0;1;0;1;0;0;0;;;0;1;1;0;1;1;0;0;0;0;;7;0;7;2;7;0;1;1;1;1;1;0;0;0;0;0;1;1;0;0;1;88888;;;;;;;;;;;;;;1;30;1;52;0;0;;;1;1;1;1;1;1;1;3;1;;0;0;1;1;0;0;0;0;0;0;0;0;0;0;0;0;0;0;1;1;1;1;0;0;0;0;1;1;0;0;0;;;;;;;1;0;0;1;0;0;0;0;0;0;0;0;0;;;;0;;;;;;;0;;;;;;;1;0;0;0;0;0;0;1;0;0;0;0;1;1;0;0;0;0;1;0;1;0;0;0;0;0;0;0;1;1;0;0;0;1;1;0;133;0;0;0;0;0;0;0;133;133;0;0;0;2;2;0;94;39;48;77;2;6;0;0;0;0;0;0;21;112;0;133;0;0;0;0;0;0;0;0;14;0;0;0;0;0;0;0;14;14;0;0;0;6;6;0;5;0;0;0;0;0;0;0;5;5;0;0;0;2;2;0
2022;Sul;4;Santa Catarina;SC;42;São Miguel do Oeste;4217204;Oeste Catarinense;1;São Miguel do Oeste;1;421720405;SENAC DE SAO MIGUEL DO OESTE;42296269;4;1;1;0;RUA SETE DE SETEMBRO;1415;;CENTRO;89900000;49;36210055;1;1;07FEB2022:00:00:00;16DEC2022:00:00:00;;;;;0;;;;;;;;;;;;;0;0;0;0;0;1;0;3,60374E+12;3,60374E+12;1;1;;5133;1;1;;0;0;0;;;0;;0;1;0;;1;1;0;0;0;0;1;;0;;0;0;0;1;0;1;0;1;0;0;0;0;;;;1;0;0;0;1;0;0;;;1;0;1;1;0;;1;1;1;0;0;0;0;1;0;0;1;0;0;0;0;0;0;0;0;0;0;0;1;1;1;0;1;0;0;0;;;0;1;0;0;1;1;0;1;0;0;;9;0;9;9;9;0;1;1;1;1;1;0;0;0;1;1;0;0;0;0;1;88888;;;;;;;;;;;;;;1;60;1;30;0;0;;;1;1;1;1;1;1;1;3;1;;1;8;1;1;1;1;0;0;0;0;0;0;0;0;0;0;0;0;1;1;1;1;0;0;0;0;0;0;0;0;0;;;;;;;1;0;0;1;0;0;0;0;0;0;0;0;0;;;;0;;;;;;;0;;;;;;;1;0;0;0;0;0;0;0;1;1;0;0;1;1;0;0;0;0;1;0;1;0;0;0;0;0;0;0;1;1;0;0;0;0;0;0;98;0;0;0;0;0;0;0;98;98;0;0;0;0;0;0;83;15;20;66;0;12;0;0;0;0;0;0;0;98;0;98;0;0;0;0;0;0;0;0;18;0;0;0;0;0;0;0;18;18;0;0;0;0;0;0;5;0;0;0;0;0;0;0;5;5;0;0;0;0;0;0
2022;Sul;4;Santa Catarina;SC;42;Tubarão;4218707;Sul Catarinense;6;Tubarão;18;421870705;FACULDADE DE TECNOLOGIA SENAC TUBARAO;42299268;4;1;1;0;RUA AMARILDO JOSE DA ROSA;1600;;REVOREDO;88704650;48;36325414;1;19;07FEB2022:00:00:00;16DEC2022:00:00:00;;;;;0;;;;;;;;;;;;;0;0;0;0;0;1;0;3,60374E+12;3,60374E+12;1;2;;;1;2;;0;0;0;;;0;;0;0;0;;1;1;0;0;0;0;1;;0;;0;0;1;0;0;0;0;1;0;0;0;0;;;;9;9;9;9;1;0;1;;;1;0;1;0;0;;1;1;1;1;0;0;0;1;0;0;0;0;0;0;0;0;0;0;0;0;0;0;1;1;1;0;1;0;0;0;;;0;0;1;1;1;0;0;1;0;0;;18;0;18;18;18;0;1;0;1;1;0;0;1;1;1;18;1;4;0;0;1;24;;;;;;;;;;;;;;1;124;1;85;0;0;;;1;1;1;1;0;1;1;2;1;;0;0;1;3;1;1;1;1;1;1;0;0;0;0;0;0;0;0;1;4;1;1;0;0;0;0;0;0;0;0;0;;;;;;;1;0;0;0;0;0;0;0;0;0;0;0;0;;;;0;;;;;;;0;;;;;;;1;1;1;0;0;0;0;1;0;1;0;0;1;1;0;0;1;1;1;0;1;0;0;0;0;0;0;1;1;1;0;0;0;1;1;0;150;0;0;0;0;0;0;79;150;150;0;0;0;2;2;0;121;29;45;93;8;4;0;0;0;0;0;0;4;146;18;132;0;0;0;0;0;0;0;0;37;0;0;0;0;0;0;26;37;37;0;0;0;14;14;0;8;0;0;0;0;0;0;4;8;8;0;0;0;2;2;0
2022;Sul;4;Santa Catarina;SC;42;Xanxerê;4219507;Oeste Catarinense;1;Xanxerê;3;421950705;SERVICO NACIONAL DE APRENDIZAGEM COMERCIAL SENAC;42270294;4;1;1;0;R. IRINEU BORNHAUSEM;110;EDIFICIO VITORIA;CENTRO;89820000;49;34333300;1;5;20JAN2022:00:00:00;16DEC2022:00:00:00;;;;;0;;;;;;;;;;;;;0;0;0;0;0;1;0;3,60374E+12;3,60374E+12;1;2;;3947;1;2;;0;0;0;;;0;;0;0;0;;1;0;1;0;0;0;1;;0;;0;0;1;0;0;0;0;1;0;0;0;0;;;;1;0;0;0;1;0;0;;;1;0;1;1;0;;1;1;1;0;0;0;0;0;0;0;0;0;0;0;0;0;0;0;0;0;0;0;1;0;1;0;1;0;0;0;;;0;1;1;0;0;0;0;0;0;0;;8;0;8;8;8;0;1;1;1;1;1;0;0;0;1;3;1;1;0;0;1;8;;;;;;;;;;;;;;1;4;1;100;0;0;;;1;1;1;1;0;1;1;3;1;;1;5;1;2;0;0;1;1;0;0;0;0;0;0;0;0;0;0;1;3;1;1;0;0;0;0;0;0;0;0;0;;;;;;;1;0;1;0;0;1;0;1;0;0;0;0;0;;;;0;;;;;;;0;;;;;;;1;0;0;0;0;1;0;0;0;1;0;0;1;1;0;0;0;0;1;0;1;0;0;0;0;0;0;0;1;1;0;0;0;0;0;0;88;0;0;0;0;0;0;0;88;88;0;0;0;0;0;0;78;10;35;38;0;14;1;0;0;0;0;0;10;78;0;88;0;0;0;0;0;0;0;0;6;0;0;0;0;0;0;0;6;6;0;0;0;0;0;0;5;0;0;0;0;0;0;0;5;5;0;0;0;0;0;0
2022;Sul;4;Rio Grande do Sul;RS;43;Bagé;4301602;Sudoeste Rio-grandense;6;Campanha Meridional;31;430160205;SENAC BAGE;43209386;4;1;1;0;MARECHAL FLORIANO;1456;CASA;CENTRO;96400010;53;32427233;1;13;14FEB2022:00:00:00;16DEC2022:00:00:00;;;;;0;;;;;;;;;;;;;0;0;0;0;0;1;0;3,42271E+12;3,42271E+12;1;1;;;1;1;;0;0;0;;;0;;0;0;0;;1;1;0;0;0;0;1;;0;;0;0;1;0;0;0;0;1;0;0;0;0;;;;1;0;0;0;1;0;1;;;1;0;1;0;0;;1;1;1;0;0;0;0;1;0;0;1;0;0;0;0;0;0;0;0;0;0;0;1;0;1;0;1;0;0;0;;;0;1;0;1;1;1;0;0;0;0;;12;0;12;12;12;0;1;1;0;1;1;0;1;1;1;2;1;1;1;1;1;16;;;;;;;;;;;;;;1;30;1;3;0;0;;;1;1;1;1;0;1;1;3;1;;1;10;1;2;0;0;0;0;0;0;0;0;0;0;0;0;0;0;1;1;1;1;0;0;0;0;0;0;0;0;0;;;;;;;1;0;0;1;0;1;1;0;0;0;1;0;0;;;;0;;;;;;;0;;;;;;;1;0;0;0;0;0;0;0;1;1;0;0;1;1;0;0;0;1;1;0;1;0;0;0;0;0;0;0;1;1;0;0;0;1;1;0;365;0;0;0;0;0;0;0;365;365;0;0;0;2;2;0;278;87;109;199;29;28;0;0;0;0;0;0;12;353;60;305;0;0;0;0;0;0;0;0;14;0;0;0;0;0;0;0;14;14;0;0;0;2;2;0;16;0;0;0;0;0;0;0;16;16;0;0;0;2;2;0
2022;Sul;4;Rio Grande do Sul;RS;43;Bento Gonçalves;4302105;Nordeste Rio-grandense;2;Caxias do Sul;16;430210505;ESC EDUC PROFISSIONAL SENAC - BENTO GONCALVES;43209467;4;1;1;0;RUA SALDANHA MARINHO;820;PREDIO COMERCIAL;CENTRO;95700082;54;34524200;1;16;10JAN2022:00:00:00;16DEC2022:00:00:00;;;;;0;;;;;;;;;;;;;0;0;0;0;0;1;0;3,42271E+12;3,42271E+12;1;1;;;0;;;0;0;0;;;0;;0;1;;;1;1;0;0;0;0;1;;0;;0;0;1;0;0;0;0;1;0;0;0;0;;;;1;1;1;0;1;0;1;;;1;0;1;0;1;;1;1;1;1;0;0;0;1;0;0;0;0;0;0;0;0;0;0;0;0;0;0;1;0;1;0;1;0;0;0;;;0;0;0;0;1;0;0;0;0;0;;0;13;13;13;13;0;1;1;1;1;1;0;0;0;1;1;1;13;1;3;1;3;;;;;;;;;;;;;;1;88888;0;0;0;0;;;1;1;1;1;0;1;0;2;1;;1;88888;1;2;0;0;0;0;0;0;0;0;0;0;0;0;0;0;1;1;1;1;0;0;0;0;0;0;0;0;0;;;;;;;1;0;0;1;0;0;0;0;0;0;0;0;0;;;;0;;;;;;;0;;;;;;;1;1;1;0;0;0;0;0;1;1;0;0;1;1;0;0;0;0;1;0;1;0;0;0;0;0;0;0;1;1;0;0;0;1;1;0;13;0;0;0;0;0;0;0;13;13;0;0;0;1;1;0;9;4;8;5;0;0;0;0;0;0;0;0;1;12;0;13;0;0;0;0;0;0;0;0;2;0;0;0;0;0;0;0;2;2;0;0;0;2;2;0;1;0;0;0;0;0;0;0;1;1;0;0;0;1;1;0
2022;Sul;4;Rio Grande do Sul;RS;43;Cachoeira do Sul;4303004;Centro Oriental Rio-grandense;4;Cachoeira do Sul;22;430300405;ESC EDUC PROF SENAC CACHOEIRA DO SUL;43009255;4;1;1;0;AVENIDA JULIO DE CASTILHOS;835;COMERCIAL;CENTRO;96501000;51;37223187;1;24;27JAN2022:00:00:00;30DEC2022:00:00:00;;;;;0;;;;;;;;;;;;;0;0;0;0;0;1;0;3,42271E+12;3,42271E+12;1;1;;;1;2;;0;0;0;;;0;;0;0;0;;1;1;0;0;0;0;1;;0;;0;0;1;0;0;0;0;1;0;0;0;0;;;;1;0;0;0;1;0;0;;;1;0;1;0;0;;1;1;1;0;0;0;0;1;0;0;0;0;0;0;0;0;0;0;0;0;0;0;1;0;1;0;1;0;0;0;;;0;1;1;0;1;0;0;0;0;0;;12;0;12;12;12;0;1;1;1;1;1;0;0;0;0;0;1;12;0;0;1;12;;;;;;;;;;;;;;1;52;1;6;0;0;;;1;1;1;1;1;1;1;3;1;;1;4;1;1;1;1;1;1;0;0;0;0;0;0;0;0;0;0;0;0;1;1;0;0;0;0;0;0;0;0;0;;;;;;;0;0;0;1;0;0;0;0;0;0;0;0;0;;;;0;;;;;;;0;;;;;;;1;1;0;0;0;0;0;0;1;1;0;0;1;1;0;0;0;0;1;0;1;0;0;0;0;0;0;0;1;1;0;0;0;1;1;0;47;0;0;0;0;0;0;0;47;47;0;0;0;1;1;0;22;25;2;41;3;1;0;0;0;0;0;0;4;43;0;47;0;0;0;0;0;0;0;0;3;0;0;0;0;0;0;0;3;3;0;0;0;1;1;0;3;0;0;0;0;0;0;0;3;3;0;0;0;1;1;0
2022;Sul;4;Rio Grande do Sul;RS;43;Camaquã;4303509;Metropolitana de Porto Alegre;5;Camaquã;28;430350905;ESC EDUC PROF SENAC CAMAQUA;43008461;4;1;1;0;RUA MARCIRIO DIAS LONGARAY;LOJA 01;PREDIO;OLARIA;96785168;51;36710363;1;12;01JAN2022:00:00:00;31DEC2022:00:00:00;;;;;0;;;;;;;;;;;;;0;0;0;0;0;1;0;3,42271E+12;3,42271E+12;1;2;;;1;2;;0;0;0;;;0;;0;0;1;;1;1;0;0;0;0;1;;0;;0;0;1;0;0;0;0;1;0;0;0;0;;;;1;0;1;0;1;0;0;;;1;0;1;1;1;;1;1;1;0;0;0;0;1;0;0;0;0;0;0;0;0;0;0;0;0;0;0;1;0;1;0;1;0;0;0;;;0;1;0;0;1;1;0;0;1;0;;15;0;15;15;15;0;1;1;1;1;0;0;1;1;0;0;1;9;0;0;1;10;;;;;;;;;;;;;;1;34;0;0;0;0;;;1;1;1;1;0;1;1;3;1;;1;5;1;2;1;1;0;0;0;0;0;0;0;0;0;0;0;0;1;6;1;1;0;0;0;0;1;2;0;0;0;;;;;;;1;0;0;1;0;1;0;0;0;0;0;0;0;;;;0;;;;;;;0;;;;;;;1;0;0;0;0;0;0;0;1;1;0;0;1;1;0;0;0;1;1;0;1;0;0;0;0;0;0;0;1;1;0;0;0;1;1;0;93;0;0;0;0;0;0;0;93;93;0;0;0;2;2;0;53;40;18;61;8;6;0;0;0;0;0;0;13;80;48;45;0;0;0;0;0;0;0;0;5;0;0;0;0;0;0;0;5;5;0;0;0;2;2;0;11;0;0;0;0;0;0;0;11;11;0;0;0;2;2;0
2022;Sul;4;Rio Grande do Sul;RS;43;Canoas;4304606;Metropolitana de Porto Alegre;5;Porto Alegre;26;430460605;SENAC CANOAS;43300111;4;1;1;0;MATHIAS VELHO;255;PREDIO;CENTRO;92310300;51;34767222;1;27;03MAY2022:00:00:00;23DEC2022:00:00:00;;;;;0;;;;;;;;;;;;;0;0;0;0;0;1;0;3,42271E+12;3,42271E+12;1;3;;;1;1;;0;0;0;;;0;;1;0;0;;1;1;0;0;0;0;1;;0;;0;0;1;0;0;0;0;1;0;0;0;0;;;;0;0;0;1;1;1;1;;;1;0;1;0;0;;1;1;0;0;0;0;0;1;0;0;0;0;0;0;0;0;0;0;0;0;0;0;1;0;1;0;1;0;0;0;;;0;1;1;1;1;1;0;0;1;0;;16;0;16;16;0;0;1;0;0;1;0;0;0;0;1;2;1;1;0;0;1;3;;;;;;;;;;;;;;1;36;0;0;0;0;;;1;1;1;0;0;1;0;2;1;;1;88888;1;4;0;0;0;0;0;0;0;0;0;0;0;0;0;0;1;1;1;1;0;0;0;0;1;2;1;1;0;;;;;;;1;0;0;0;0;0;0;0;0;0;0;0;0;;;;0;;;;;;;0;;;;;;;1;0;0;0;0;0;0;0;1;1;0;0;1;1;0;0;0;1;1;0;1;0;0;0;0;0;0;0;1;1;0;0;0;0;0;0;49;0;0;0;0;0;0;0;49;49;0;0;0;0;0;0;20;29;21;23;1;3;1;0;0;0;0;0;6;43;15;34;0;0;0;0;0;0;0;0;5;0;0;0;0;0;0;0;5;5;0;0;0;0;0;0;5;0;0;0;0;0;0;0;5;5;0;0;0;0;0;0
2022;Sul;4;Rio Grande do Sul;RS;43;Carazinho;4304705;Noroeste Rio-grandense;1;Carazinho;9;430470505;EEP SENAC CARAZINHO;43059180;4;1;1;0;AV FLORES DA CUNHA;2821;PREDIO;CENTRO;99500000;54;33315557;1;39;07MAR2022:00:00:00;27DEC2022:00:00:00;;;;;0;;;;;;;;;;;;;0;0;0;0;0;1;0;3,42271E+12;3,42271E+12;1;1;;;1;2;;0;0;0;;;0;;0;0;0;;1;1;0;0;0;0;1;;0;;0;0;1;0;0;0;0;1;0;0;0;0;;;;0;0;0;1;1;0;0;;;1;0;1;0;0;;1;1;1;0;0;0;0;1;0;1;0;0;0;0;0;0;0;0;0;0;0;0;1;0;1;0;1;0;0;0;;;0;1;1;0;0;0;0;0;0;0;;12;0;12;12;12;0;1;1;1;1;0;0;0;0;0;0;1;8;0;0;1;12;;;;;;;;;;;;;;1;88888;0;0;0;0;;;1;1;1;1;0;1;1;2;1;;1;88888;1;2;0;0;0;0;0;0;0;0;0;0;0;0;0;0;0;0;1;1;0;0;0;0;0;0;0;0;0;;;;;;;1;0;0;0;0;0;0;0;0;0;0;0;0;;;;0;;;;;;;0;;;;;;;1;0;0;0;0;0;0;0;1;1;0;0;1;1;0;0;0;0;1;0;1;0;0;0;0;0;0;0;1;1;0;0;0;0;0;0;30;0;0;0;0;0;0;0;30;30;0;0;0;0;0;0;9;21;12;17;1;0;0;0;0;0;0;0;5;25;0;30;0;0;0;0;0;0;0;0;4;0;0;0;0;0;0;0;4;4;0;0;0;0;0;0;3;0;0;0;0;0;0;0;3;3;0;0;0;0;0;0
2022;Sul;4;Rio Grande do Sul;RS;43;Caxias do Sul;4305108;Nordeste Rio-grandense;2;Caxias do Sul;16;430510805;SENAC CAXIAS DO SUL;43009263;4;1;1;0;AV. JULIO DE CASTILHOS;3638;PREDIO;CINQUENTENARIO;95010002;54;32251666;1;4;14FEB2022:00:00:00;16DEC2022:00:00:00;;;;;0;;;;;;;;;;;;;0;0;0;0;0;1;0;3,42271E+12;3,42271E+12;1;1;;;1;1;;0;0;0;;;0;;1;0;0;;1;1;0;0;0;0;1;;0;;0;0;1;0;0;0;0;1;0;0;0;0;;;;1;0;0;0;1;1;0;;;1;0;1;0;1;;1;1;1;1;0;0;0;1;0;0;1;0;0;1;1;0;0;0;0;0;0;0;1;0;1;0;0;0;0;0;;;0;0;1;0;1;1;0;0;0;0;;17;6;23;15;17;0;1;0;0;1;0;0;0;0;0;0;1;20;0;0;1;25;;;;;;;;;;;;;;1;117;1;140;0;0;;;1;1;1;1;0;1;1;3;1;;1;4;1;4;0;0;0;0;1;1;0;0;0;0;0;0;0;0;1;2;1;1;1;2;0;0;1;1;0;0;0;;;;;;;0;0;1;1;0;1;0;1;1;0;0;0;0;;;;0;;;;;;;0;;;;;;;1;0;0;0;0;0;0;0;1;0;0;0;1;1;0;0;1;1;1;0;1;0;0;0;0;0;0;1;1;1;0;0;0;1;1;0;144;0;0;0;0;0;0;96;144;144;0;0;0;7;7;0;40;104;24;108;2;9;1;0;0;0;0;0;98;46;96;48;0;0;0;0;0;0;0;0;15;0;0;0;0;0;0;12;15;15;0;0;0;13;13;0;8;0;0;0;0;0;0;3;8;8;0;0;0;3;3;0
2022;Sul;4;Rio Grande do Sul;RS;43;Erechim;4307005;Noroeste Rio-grandense;1;Erechim;4;430700505;SENAC - SERV NAC APREND COMERCIAL - ERECHIM;43209360;4;1;1;0;PRACA DA BANDEIRA;26;;CENTRO;99700010;54;35222999;1;15;14FEB2022:00:00:00;22DEC2022:00:00:00;;;;;0;;;;;;;;;;;;;0;0;0;0;0;1;0;3,42271E+12;3,42271E+12;1;2;;;1;2;;0;0;0;;;0;;0;0;0;;1;1;0;0;0;0;1;;0;;0;0;1;0;0;0;0;1;0;0;0;0;;;;1;0;0;0;0;0;0;;;1;0;1;1;0;;1;1;1;0;0;0;0;1;0;0;0;0;0;0;0;0;0;0;0;0;0;0;1;0;1;0;1;0;0;0;;;0;0;1;0;0;1;0;0;0;0;;21;0;21;21;0;0;1;1;1;0;0;0;0;0;1;4;1;15;0;0;1;13;;;;;;;;;;;;;;1;88888;1;1;1;1;;;1;1;1;0;0;1;0;0;1;;1;88888;1;2;0;0;0;0;0;0;0;0;0;0;0;0;0;0;1;88888;1;1;1;1;0;0;0;0;0;0;0;;;;;;;0;0;0;1;0;0;0;0;0;0;0;0;0;;;;0;;;;;;;1;0;0;0;0;0;1;1;1;0;0;0;0;0;0;1;1;0;0;1;1;0;0;1;0;1;0;1;0;0;0;0;0;0;1;1;1;0;0;0;0;0;0;31;0;0;0;0;0;0;31;31;31;0;0;0;0;0;0;8;23;5;21;0;5;0;0;0;0;0;0;2;29;0;31;0;0;0;0;0;0;0;0;11;0;0;0;0;0;0;11;11;11;0;0;0;0;0;0;7;0;0;0;0;0;0;7;7;7;0;0;0;0;0;0
2022;Sul;4;Rio Grande do Sul;RS;43;Farroupilha;4307906;Nordeste Rio-grandense;2;Caxias do Sul;16;430790605;EEP SENAC FARROUPILHA;43012027;4;1;1;0;RUA DA REPUBLICA;617;;CENTRO;95170484;54;32683500;1;4;09AUG2021:00:00:00;10NOV2022:00:00:00;;;;;0;;;;;;;;;;;;;0;0;0;0;0;1;0;3,42271E+12;3,42271E+12;1;1;;;1;2;;0;0;0;;;0;;0;0;0;;1;1;0;0;0;0;1;;0;;0;0;1;0;0;0;0;1;0;0;0;0;;;;0;0;0;1;0;0;0;;;1;0;1;0;0;;1;1;1;0;0;0;0;1;0;0;0;0;0;0;0;0;0;0;0;0;0;0;1;0;1;0;1;0;0;0;;;0;1;1;1;1;1;0;0;0;0;;9;0;9;9;0;0;1;0;1;1;0;0;0;0;0;0;1;5;0;0;1;4;;;;;;;;;;;;;;1;88888;0;0;0;0;;;1;1;1;1;0;1;1;2;1;;1;3;1;1;0;0;0;0;0;0;0;0;0;0;0;0;0;0;1;1;1;1;0;0;0;0;1;1;0;0;0;;;;;;;0;0;0;0;0;1;0;1;0;0;0;0;0;;;;0;;;;;;;0;;;;;;;1;0;0;0;0;0;0;0;1;1;0;0;1;1;0;0;0;0;1;0;1;0;0;0;0;0;0;0;1;1;0;0;0;0;0;0;3;0;0;0;0;0;0;0;3;3;0;0;0;0;0;0;3;0;2;1;0;0;0;0;0;0;0;0;0;3;0;3;0;0;0;0;0;0;0;0;1;0;0;0;0;0;0;0;1;1;0;0;0;0;0;0;1;0;0;0;0;0;0;0;1;1;0;0;0;0;0;0
2022;Sul;4;Rio Grande do Sul;RS;43;Gramado;4309100;Metropolitana de Porto Alegre;5;Gramado-Canela;24;430910005;ESC EDUC PROF SENAC GRAMADO;43008313;4;;1;;RUA SAO PEDRO;663;;CENTRO;95670000;54;32864445;1;4;;;;;;;;;;;;;;;;;;;;;;;;;;;;;;;;;;;;;;;;;;;;;;;;;;;;;;;;;;;;;;;;;;;;;;;;;;;;;;;;;;;;;;;;;;;;;;;;;;;;;;;;;;;;;;;;;;;;;;;;;;;;;;;;;;;;;;;;;;;;;;;;;;;;;;;;;;;;;;;;;;;;;;;;;;;;;;;;;;;;;;;;;;;;;;;;;;;;;;;;;;;;;;;;;;;;;;;;;;;;;;;;;;;;;;;;;;;;;;;;;;;;;;;;;;;;;;;;;;;;;;;;;;;;;;;;;;;;;;;;;;;;;;;;;;;;;;;;;;;;;;;;;;;;;;;;;;;;;;;;;;;;;;;;;;;;;;;;;;;;;;;;;;;;;;;;;;;;;
2022;Sul;4;Rio Grande do Sul;RS;43;Gravataí;4309209;Metropolitana de Porto Alegre;5;Porto Alegre;26;430920905;SENAC GRAVATAI;43209378;4;1;1;0;AV. DORIVAL CANDIDO LUZ DE OLIVEIRA;480;PREDIO;CENTRO;94030000;51;38223200;1;28;01FEB2022:00:00:00;16DEC2022:00:00:00;;;;;0;;;;;;;;;;;;;0;0;0;0;0;1;0;3,42271E+12;3,42271E+12;1;3;;;1;1;;0;0;0;;;0;;0;0;0;;1;1;0;0;0;0;1;;0;;0;0;1;0;0;0;0;1;0;0;0;0;;;;1;0;0;0;1;0;0;;;1;0;1;1;0;;1;1;1;0;0;0;0;1;0;1;1;0;0;0;0;0;0;0;0;0;0;0;1;0;1;0;0;0;0;0;;;0;1;1;0;1;1;0;0;0;0;;28;0;28;28;28;0;1;1;1;1;1;0;0;0;1;3;1;29;0;0;1;7;;;;;;;;;;;;;;1;179;1;17;0;0;;;1;1;1;1;0;1;1;3;1;;1;11;1;4;0;0;0;0;0;0;0;0;0;0;0;0;0;0;1;17;1;1;0;0;0;0;1;1;1;1;0;;;;;;;1;0;0;1;0;0;0;0;0;0;0;0;0;;;;0;;;;;;;0;;;;;;;1;0;1;0;0;0;0;0;1;0;0;0;1;1;0;0;0;1;1;0;1;0;0;0;0;0;0;0;1;1;0;0;0;0;0;0;245;0;0;0;0;0;0;0;245;245;0;0;0;0;0;0;183;62;93;130;8;13;0;1;0;0;0;0;18;227;105;140;0;0;0;0;0;0;0;0;11;0;0;0;0;0;0;0;11;11;0;0;0;0;0;0;14;0;0;0;0;0;0;0;14;14;0;0;0;0;0;0
2022;Sul;4;Rio Grande do Sul;RS;43;Ijuí;4310207;Noroeste Rio-grandense;1;Ijuí;8;431020705;SERVICO NACIONAL DE APRENDIZAGEM COMERCIAL - SENAC IJUI;43207243;4;1;1;0;RUA 24 DE FEVEREIRO;315;SALA;CENTRO;98700000;55;33327022;1;36;01FEB2022:00:00:00;30DEC2022:00:00:00;;;;;0;;;;;;;;;;;;;0;0;0;0;0;1;0;3,42271E+12;3,42271E+12;1;1;;;1;2;;0;0;0;;;0;;0;0;0;;1;1;0;0;0;0;1;;0;;0;0;1;0;0;0;0;1;0;0;0;0;;;;1;0;0;0;1;0;0;;;1;0;1;1;0;;0;0;1;0;0;0;0;1;0;0;0;0;0;0;0;0;0;0;0;0;0;0;1;0;0;0;1;0;0;0;;;0;1;0;0;1;1;0;0;1;0;;11;0;11;11;9;0;1;1;1;1;0;0;0;0;0;0;1;7;1;1;1;6;;;;;;;;;;;;;;1;40;1;3;1;10;;;1;1;1;1;0;1;1;3;1;;1;88888;1;2;0;0;0;0;0;0;0;0;0;0;0;0;0;0;1;4;1;1;0;0;1;1;0;0;0;0;0;;;;;;;1;0;0;1;0;1;1;1;0;0;1;0;0;;;;0;;;;;;;0;;;;;;;1;1;1;0;0;0;0;0;1;1;0;0;1;1;0;0;0;0;1;0;1;0;0;0;0;0;0;0;1;1;0;0;0;1;1;0;39;0;0;0;0;0;0;0;39;39;0;0;0;3;3;0;27;12;6;28;0;5;0;0;0;0;0;0;7;32;0;39;0;0;0;0;0;0;0;0;9;0;0;0;0;0;0;0;9;9;0;0;0;9;9;0;3;0;0;0;0;0;0;0;3;3;0;0;0;2;2;0
2022;Sul;4;Rio Grande do Sul;RS;43;Lajeado;4311403;Centro Oriental Rio-grandense;4;Lajeado-Estrela;21;431140305;ESC EDUC PROF SENAC - LAJEADO;43209394;4;1;1;0;AVENIDA AVENIDA SENADOR ALBERTO PASQUALINI;421;;AMERICANO;95900560;51;37484644;1;3;07MAR2022:00:00:00;16DEC2022:00:00:00;;;;;0;;;;;;;;;;;;;1;0;0;0;0;1;0;3,42271E+12;3,42271E+12;1;2;;;1;2;;0;0;0;;;0;;0;0;0;;1;1;0;0;0;0;1;;0;;0;0;1;0;0;0;0;1;0;0;0;0;;;;0;0;1;0;0;0;0;;;1;0;1;0;0;;1;1;0;1;0;0;0;1;0;0;0;0;0;0;0;0;0;0;0;0;0;0;1;0;1;0;1;0;0;0;;;0;1;1;0;1;1;0;1;1;0;;14;0;14;14;14;0;1;1;1;1;0;0;1;1;1;2;1;7;0;0;1;13;;;;;;;;;;;;;;1;88888;1;10;0;0;;;1;1;1;1;0;1;1;2;1;;1;88888;1;2;0;0;0;0;0;0;0;0;0;0;0;0;0;0;0;0;1;1;0;0;0;0;0;0;0;0;0;;;;;;;1;0;1;0;0;0;0;0;0;0;0;0;0;;;;0;;;;;;;0;;;;;;;1;0;0;0;0;1;0;0;0;1;0;0;1;1;0;0;0;0;1;0;1;0;0;0;0;0;0;0;1;1;0;0;0;1;1;0;13;0;0;0;0;0;0;0;13;13;0;0;0;1;1;0;9;4;1;9;1;2;0;0;0;0;0;0;0;13;0;13;0;0;0;0;0;0;0;0;2;0;0;0;0;0;0;0;2;2;0;0;0;1;1;0;2;0;0;0;0;0;0;0;2;2;0;0;0;1;1;0
2022;Sul;4;Rio Grande do Sul;RS;43;Montenegro;4312401;Metropolitana de Porto Alegre;5;Montenegro;23;431240105;EEP SENAC MONTENEGRO;43077218;4;1;1;0;RUA CAPITAO PORFIRIO;2225;SENAC MONTENEGRO;CENTRO;92510305;51;36493141;1;2;02JAN2022:00:00:00;30DEC2022:00:00:00;;;;;0;;;;;;;;;;;;;0;0;0;0;0;1;1;3,42271E+12;3,42271E+12;1;1;;;1;2;;0;0;0;;;0;;0;1;0;;1;1;0;0;0;0;1;;0;;0;0;1;0;0;0;0;1;0;0;0;0;;;;1;0;0;0;0;0;1;;;1;0;1;0;0;;1;1;0;0;0;0;0;1;0;0;0;0;0;0;0;0;0;0;0;0;0;0;1;0;1;0;1;0;0;0;;;0;0;1;0;1;1;0;0;0;0;;12;5;17;17;0;0;1;0;1;1;0;0;0;0;1;1;1;17;0;0;1;5;;;;;;;;;;;;;;1;88888;0;0;0;0;;;1;1;1;1;1;1;1;3;1;;1;88888;1;3;0;0;0;0;0;0;0;0;0;0;0;0;0;0;1;1;1;1;0;0;1;1;1;1;0;0;0;;;;;;;1;0;0;1;0;1;1;0;1;0;0;0;0;;;;0;;;;;;;0;;;;;;;1;1;0;0;0;0;0;0;1;1;0;0;1;1;0;0;0;0;1;0;1;0;0;0;0;0;0;0;1;1;0;0;0;0;0;0;38;0;0;0;0;0;0;0;38;38;0;0;0;0;0;0;11;27;12;23;3;0;0;0;0;0;0;0;7;31;0;38;0;0;0;0;0;0;0;0;3;0;0;0;0;0;0;0;3;3;0;0;0;0;0;0;6;0;0;0;0;0;0;0;6;6;0;0;0;0;0;0
2022;Sul;4;Rio Grande do Sul;RS;43;Novo Hamburgo;4313409;Metropolitana de Porto Alegre;5;Porto Alegre;26;431340905;SENAC NOVO HAMBURGO;43237606;4;1;1;0;BENTO GONCALVES;1537;;CENTRO;93410154;51;35537350;1;2;03JAN2022:00:00:00;16DEC2022:00:00:00;;;;;0;;;;;;;;;;;;;0;0;0;0;0;1;0;3,42271E+12;3,42271E+12;1;3;;;1;2;;0;0;0;;;0;;0;0;0;;1;1;0;0;0;0;1;;0;;0;0;1;0;0;0;0;1;0;0;0;0;;;;1;0;0;0;0;0;0;;;1;0;1;0;0;;0;0;0;0;0;0;0;1;0;0;0;0;0;0;0;0;0;0;0;0;0;0;1;0;1;0;1;0;0;0;;;0;1;1;1;0;1;1;0;1;0;;8;0;8;8;0;0;1;1;1;1;1;0;0;0;1;4;1;4;0;0;1;8;;;;;;;;;;;;;;1;88888;1;88888;0;0;;;1;1;1;1;0;1;1;3;1;;1;88888;1;4;0;0;0;0;0;0;0;0;0;0;0;0;0;0;1;1;1;1;0;0;0;0;1;1;0;0;0;;;;;;;1;0;0;1;0;0;0;0;0;0;0;0;0;;;;0;;;;;;;0;;;;;;;1;0;1;0;0;0;0;0;1;1;0;0;1;1;0;0;0;1;1;0;1;0;0;0;0;0;0;0;1;1;0;0;0;1;1;0;10;0;0;0;0;0;0;0;10;10;0;0;0;1;1;0;8;2;3;6;1;0;0;0;0;0;0;0;1;9;8;2;0;0;0;0;0;0;0;0;2;0;0;0;0;0;0;0;2;2;0;0;0;1;1;0;2;0;0;0;0;0;0;0;2;2;0;0;0;1;1;0
2022;Sul;4;Rio Grande do Sul;RS;43;Passo Fundo;4314100;Noroeste Rio-grandense;1;Passo Fundo;10;431410005;ESCOLA DE EDUCACAO PROFISSIONAL SENAC PASSO FUNDO;43207391;4;1;1;0;AVENIDA SETE DE SETEMBRO;1045;;VILA RODRIGUES;99010122;54;33134599;1;7;10JAN2022:00:00:00;20DEC2022:00:00:00;;;;;0;;;;;;;;;;;;;0;0;0;0;1;1;0;3,42271E+12;3,42271E+12;1;2;;;1;1;;0;0;0;;;0;;0;0;0;;1;1;0;0;0;0;1;;0;;0;0;1;0;0;0;0;1;0;0;0;0;;;;1;1;0;0;1;0;1;;;1;0;1;0;0;;1;1;1;0;0;0;0;1;0;0;1;0;0;0;0;0;0;0;0;0;0;0;1;0;1;0;1;0;0;0;;;0;1;0;0;0;1;0;0;0;0;;18;0;18;18;18;0;1;0;0;1;0;0;0;0;1;1;1;9;0;0;1;10;;;;;;;;;;;;;;1;55;1;1;0;0;;;1;1;1;1;0;1;1;3;1;;1;8;1;2;1;1;1;1;1;1;0;0;0;0;0;0;0;0;1;2;1;1;1;1;0;0;1;1;0;0;0;;;;;;;1;0;0;0;0;0;0;1;0;0;0;0;0;;;;0;;;;;;;0;;;;;;;1;0;0;0;0;0;0;0;1;1;0;0;1;1;0;0;0;0;1;0;1;0;0;0;0;0;0;0;1;1;0;0;0;1;1;0;108;0;0;0;0;0;0;0;108;108;0;0;0;1;1;0;84;24;57;40;2;7;0;2;0;0;0;0;0;108;0;108;0;0;0;0;0;0;0;0;16;0;0;0;0;0;0;0;16;16;0;0;0;3;3;0;7;0;0;0;0;0;0;0;7;7;0;0;0;1;1;0
2022;Sul;4;Rio Grande do Sul;RS;43;Pelotas;4314407;Sudeste Rio-grandense;7;Pelotas;33;431440705;ESC EDUC PROF SENAC PELOTAS - CENTRO HISTORICO;43008941;4;;1;;RUA GONCALVES CHAVES;602;;CENTRO;96015560;53;32256918;2;5;;;;;;;;;;;;;;;;;;;;;;;;;;;;;;;;;;;;;;;;;;;;;;;;;;;;;;;;;;;;;;;;;;;;;;;;;;;;;;;;;;;;;;;;;;;;;;;;;;;;;;;;;;;;;;;;;;;;;;;;;;;;;;;;;;;;;;;;;;;;;;;;;;;;;;;;;;;;;;;;;;;;;;;;;;;;;;;;;;;;;;;;;;;;;;;;;;;;;;;;;;;;;;;;;;;;;;;;;;;;;;;;;;;;;;;;;;;;;;;;;;;;;;;;;;;;;;;;;;;;;;;;;;;;;;;;;;;;;;;;;;;;;;;;;;;;;;;;;;;;;;;;;;;;;;;;;;;;;;;;;;;;;;;;;;;;;;;;;;;;;;;;;;;;;;;;;;;;;
2022;Sul;4;Rio Grande do Sul;RS;43;Pelotas;4314407;Sudeste Rio-grandense;7;Pelotas;33;431440705;ESCOLA DE EDUCACAO PROFISSIONAL SENAC PELOTAS;43208266;4;1;1;0;RUA DOM PEDRO II;901;;CENTRO;96010300;53;32258889;1;5;03JAN2022:00:00:00;30DEC2022:00:00:00;;;;;0;;;;;;;;;;;;;0;0;0;0;0;1;0;3,42271E+12;3,42271E+12;1;2;;;1;1;;0;0;0;;;0;;0;0;0;;1;1;0;0;0;0;1;;0;;0;0;1;0;0;0;0;1;0;0;0;0;;;;1;0;1;0;1;0;1;;;1;0;1;0;0;;1;1;1;1;0;0;0;1;1;0;0;0;0;0;0;0;0;0;0;0;0;0;1;0;1;0;1;0;0;0;;;0;1;1;0;1;0;0;0;1;0;;24;0;24;24;23;0;1;1;1;1;1;0;0;0;1;2;1;24;0;0;1;3;;;;;;;;;;;;;;1;32;1;2;0;0;;;1;1;1;1;1;1;1;3;1;;1;12;1;5;0;0;1;88888;0;0;0;0;0;0;0;0;1;3;1;20;1;1;0;0;0;0;1;1;0;0;0;;;;;;;1;0;0;1;0;0;0;1;0;0;0;0;0;;;;0;;;;;;;0;;;;;;;1;1;0;0;0;0;0;0;1;1;0;0;1;1;0;0;0;1;1;0;1;0;0;0;0;0;0;0;1;1;0;0;0;1;1;0;223;0;0;0;0;0;0;0;223;223;0;0;0;2;2;0;178;45;62;130;19;12;0;0;0;0;0;0;5;218;35;188;0;0;0;0;0;0;0;0;21;0;0;0;0;0;0;0;21;21;0;0;0;11;11;0;12;0;0;0;0;0;0;0;12;12;0;0;0;1;1;0
2022;Sul;4;Rio Grande do Sul;RS;43;Porto Alegre;4314902;Metropolitana de Porto Alegre;5;Porto Alegre;26;431490205;SENAC TECH;43009212;4;1;1;0;VENANCIO AIRES;93;;CIDADE BAIXA;90040191;51;32887750;1;1;03FEB2022:00:00:00;22DEC2022:00:00:00;;;;;0;;;;;;;;;;;;;0;0;0;0;0;1;0;3,42271E+12;3,42271E+12;1;2;;;1;1;;0;0;0;;;0;;0;0;0;;1;1;0;0;0;0;1;;0;;0;0;1;0;0;0;0;1;0;0;0;0;;;;1;0;0;0;0;0;1;;;1;0;1;1;0;;1;1;1;0;0;0;0;1;0;0;1;0;0;0;0;0;0;0;0;0;0;0;1;0;1;1;1;1;0;0;;;0;1;1;1;1;1;0;1;0;0;;29;0;29;29;29;1;1;1;1;1;1;0;1;1;1;8;1;3;0;0;1;21;;;;;;;;;;;;;;1;88888;1;40;1;12;;;1;1;1;1;0;1;1;3;1;;1;10;1;3;1;1;0;0;1;1;0;0;0;0;0;0;0;0;1;1;1;1;0;0;1;1;0;0;0;0;0;;;;;;;1;0;1;1;0;1;0;0;0;0;0;0;0;;;;0;;;;;;;0;;;;;;;1;1;1;0;0;0;0;0;1;1;0;0;1;1;0;0;0;1;1;0;1;0;0;0;0;0;0;0;1;1;0;0;0;1;1;0;148;0;0;0;0;0;0;0;148;148;0;0;0;3;3;0;27;121;58;79;4;7;0;0;0;0;0;0;2;146;70;78;0;0;0;0;0;0;0;0;7;0;0;0;0;0;0;0;7;7;0;0;0;2;2;0;12;0;0;0;0;0;0;0;12;12;0;0;0;2;2;0
2022;Sul;4;Rio Grande do Sul;RS;43;Porto Alegre;4314902;Metropolitana de Porto Alegre;5;Porto Alegre;26;431490205;EEP SENAC COMUNIDADE;43011985;4;;1;;RUA CORONEL GENUINO;39;;CENTRO HISTORICO;90010350;51;32255222;2;1;;;;;;;;;;;;;;;;;;;;;;;;;;;;;;;;;;;;;;;;;;;;;;;;;;;;;;;;;;;;;;;;;;;;;;;;;;;;;;;;;;;;;;;;;;;;;;;;;;;;;;;;;;;;;;;;;;;;;;;;;;;;;;;;;;;;;;;;;;;;;;;;;;;;;;;;;;;;;;;;;;;;;;;;;;;;;;;;;;;;;;;;;;;;;;;;;;;;;;;;;;;;;;;;;;;;;;;;;;;;;;;;;;;;;;;;;;;;;;;;;;;;;;;;;;;;;;;;;;;;;;;;;;;;;;;;;;;;;;;;;;;;;;;;;;;;;;;;;;;;;;;;;;;;;;;;;;;;;;;;;;;;;;;;;;;;;;;;;;;;;;;;;;;;;;;;;;;;;
2022;Sul;4;Rio Grande do Sul;RS;43;Porto Alegre;4314902;Metropolitana de Porto Alegre;5;Porto Alegre;26;431490205;SENAC RIO GRANDE DO SUL;43049702;4;1;1;0;AV. ALBERTO BINS;665;ANDAR 6 AO 8;CENTRO HISTORICO;90030142;51;32142997;1;1;01SEP2021:00:00:00;30MAY2022:00:00:00;;;;;0;;;;;;;;;;;;;0;0;0;0;0;1;0;3,42271E+12;3,42271E+12;1;1;;;1;2;;0;0;0;;;0;;0;0;0;;1;1;0;0;0;0;1;;0;;0;0;1;0;0;0;0;1;0;0;0;0;;;;1;0;0;0;0;0;0;;;1;0;1;0;1;;1;1;1;0;0;0;0;0;0;0;0;0;0;0;0;0;0;0;0;0;0;0;1;0;1;0;1;0;0;0;;;0;1;1;0;1;0;0;0;0;0;;2;0;2;0;0;0;1;1;0;1;1;0;0;0;1;2;1;88888;0;0;1;2;;;;;;;;;;;;;;1;198;1;2;1;1;;;1;0;1;1;0;0;0;1;1;;1;111;0;0;0;0;0;0;0;0;0;0;0;0;0;0;0;0;1;247;1;17;0;0;0;0;1;3;0;0;0;;;;;;;0;0;0;0;0;0;0;0;0;0;0;0;1;;;;0;;;;;;;0;;;;;;;1;0;0;0;0;0;0;0;1;1;0;0;1;0;0;1;0;0;0;1;1;0;0;0;0;0;0;0;1;1;0;0;0;1;1;0;24164;0;0;0;0;0;0;0;24164;24164;0;0;0;276;276;0;14706;9458;3568;9800;2771;7503;456;66;0;0;0;1;896;23267;0;0;24164;0;0;0;0;0;0;0;205;0;0;0;0;0;0;0;205;205;0;0;0;125;125;0;424;0;0;0;0;0;0;0;424;424;0;0;0;146;146;0
2022;Sul;4;Rio Grande do Sul;RS;43;Porto Alegre;4314902;Metropolitana de Porto Alegre;5;Porto Alegre;26;431490205;EEP ESCOLA DE ENSINO MEDIO SENAC DISTRITO CRIATIVO;43089089;4;1;1;0;AVENIDA CRISTOVAO COLOMBO;545;PREDIO 1 / 3º ANDAR;FLORESTA;90560003;51;32864008;1;1;14FEB2022:00:00:00;16DEC2022:00:00:00;;;;;0;;;;;;;;;;;;;0;0;0;0;0;1;0;3,42271E+12;3,42271E+12;1;1;;;1;2;;0;0;0;;;0;;0;0;0;;1;1;0;0;0;0;1;;0;;0;0;1;0;0;0;0;1;0;0;0;0;;;;1;0;0;0;1;0;0;;;1;0;1;0;0;;1;1;0;0;0;0;1;1;0;0;0;0;0;0;0;0;0;0;0;0;0;0;1;0;0;0;1;0;0;0;;;0;1;1;1;1;1;0;0;0;0;;6;0;6;6;6;0;1;1;1;1;1;0;0;0;1;1;1;6;0;0;1;2;;;;;;;;;;;;;;0;0;1;80;1;8;;;1;1;1;1;0;1;1;2;1;;1;6;1;2;1;1;1;3;1;2;0;0;0;0;0;0;0;0;1;2;1;1;0;0;1;1;0;0;0;0;0;;;;;;;0;0;0;0;0;0;0;0;0;0;0;0;1;;;;0;;;;;;;0;;;;;;;1;1;1;0;0;0;0;0;1;0;0;0;1;1;0;0;1;1;0;0;1;0;0;0;0;0;0;1;1;1;0;0;0;0;0;0;142;0;0;0;0;0;0;142;142;142;0;0;0;0;0;0;31;111;31;101;5;5;0;0;0;0;0;3;120;19;142;0;0;0;0;0;0;0;0;0;12;0;0;0;0;0;0;12;12;12;0;0;0;0;0;0;5;0;0;0;0;0;0;5;5;5;0;0;0;0;0;0
2022;Sul;4;Rio Grande do Sul;RS;43;Porto Alegre;4314902;Metropolitana de Porto Alegre;5;Porto Alegre;26;431490205;ESC EDU PROFISSIONAL SENAC CIDADE BAIXA;43176666;4;;1;;RUA CORONEL GENUINO;130;;CENTRO HISTORICO;90010350;51;30229464;2;1;;;;;;;;;;;;;;;;;;;;;;;;;;;;;;;;;;;;;;;;;;;;;;;;;;;;;;;;;;;;;;;;;;;;;;;;;;;;;;;;;;;;;;;;;;;;;;;;;;;;;;;;;;;;;;;;;;;;;;;;;;;;;;;;;;;;;;;;;;;;;;;;;;;;;;;;;;;;;;;;;;;;;;;;;;;;;;;;;;;;;;;;;;;;;;;;;;;;;;;;;;;;;;;;;;;;;;;;;;;;;;;;;;;;;;;;;;;;;;;;;;;;;;;;;;;;;;;;;;;;;;;;;;;;;;;;;;;;;;;;;;;;;;;;;;;;;;;;;;;;;;;;;;;;;;;;;;;;;;;;;;;;;;;;;;;;;;;;;;;;;;;;;;;;;;;;;;;;;
2022;Sul;4;Rio Grande do Sul;RS;43;Porto Alegre;4314902;Metropolitana de Porto Alegre;5;Porto Alegre;26;431490205;SENAC SAUDE;43313051;4;1;1;0;ASSIS BRASIL;1481;;PASSO DA AREIA;91010005;51;33410444;1;1;17JAN2022:00:00:00;16DEC2022:00:00:00;;;;;0;;;;;;;;;;;;;0;0;0;0;0;1;0;3,42271E+12;3,42271E+12;1;2;;;1;1;;0;0;0;;;0;;0;1;0;;1;1;0;0;0;0;1;;0;;0;0;1;0;0;0;0;1;0;0;0;0;;;;1;0;0;0;1;1;1;;;1;0;1;1;0;;1;1;0;0;0;0;0;1;1;0;1;0;0;0;0;0;1;0;0;0;0;0;1;0;1;0;1;0;0;0;;;0;1;1;1;0;1;0;0;0;0;;32;0;32;27;27;1;1;1;1;1;1;0;1;3;1;3;1;5;0;0;1;24;;;;;;;;;;;;;;1;52;1;38;0;0;;;1;1;1;1;0;1;0;3;1;;1;15;1;3;1;1;1;10;0;0;0;0;0;0;0;0;0;0;1;1;1;1;0;0;0;0;0;0;0;0;0;;;;;;;0;0;0;1;0;0;0;0;0;0;0;0;0;;;;0;;;;;;;0;;;;;;;1;1;1;0;0;0;0;0;1;1;0;0;1;1;0;0;0;1;1;0;1;0;0;0;0;0;0;0;1;1;0;0;0;0;0;0;298;0;0;0;0;0;0;0;298;298;0;0;0;0;0;0;235;63;114;155;14;14;1;0;0;0;0;0;0;298;177;121;0;0;0;0;0;0;0;0;29;0;0;0;0;0;0;0;29;29;0;0;0;0;0;0;16;0;0;0;0;0;0;0;16;16;0;0;0;0;0;0
2022;Sul;4;Rio Grande do Sul;RS;43;Rio Grande;4315602;Sudeste Rio-grandense;7;Litoral Lagunar;35;431560205;SENAC RIO GRANDE;43176615;4;1;1;0;AVENIDA PRESIDENTE VARGAS;299;;SAO PAULO;96202336;53;32312355;1;18;19JAN2022:00:00:00;17DEC2022:00:00:00;;;;;0;;;;;;;;;;;;;0;0;0;0;0;1;0;3,42271E+12;3,42271E+12;1;2;;;1;2;;0;0;0;;;0;;0;0;0;;1;1;0;0;0;0;1;;0;;1;0;1;0;0;0;0;1;0;0;0;0;;;;1;0;0;0;1;0;0;;;1;0;1;0;0;;1;1;0;0;0;0;0;1;1;0;1;0;0;0;0;0;0;0;0;0;0;0;1;0;1;0;1;0;0;0;;;0;1;1;1;1;1;0;1;1;0;;15;0;15;15;15;0;1;1;1;1;1;0;0;0;1;4;1;88888;0;0;1;10;;;;;;;;;;;;;;1;22;1;40;0;0;;;1;1;1;1;0;1;1;3;1;;1;9;1;3;0;0;0;0;0;0;0;0;0;0;0;0;0;0;1;2;1;1;0;0;0;0;1;3;0;0;0;;;;;;;1;0;0;1;0;0;0;0;0;0;0;0;0;;;;0;;;;;;;0;;;;;;;1;9;9;0;0;0;0;0;1;9;0;0;1;1;0;0;0;1;1;0;1;0;0;0;0;0;0;0;1;1;0;0;0;1;1;0;512;0;0;0;0;0;0;0;512;512;0;0;0;1;1;0;447;65;318;141;26;27;0;0;0;0;0;0;9;503;234;278;0;0;0;0;0;0;0;0;11;0;0;0;0;0;0;0;11;11;0;0;0;1;1;0;20;0;0;0;0;0;0;0;20;20;0;0;0;1;1;0
2022;Sul;4;Rio Grande do Sul;RS;43;Santa Cruz do Sul;4316808;Centro Oriental Rio-grandense;4;Santa Cruz do Sul;20;431680805;ESCOLA DE ENSINO MEDIO E TECNICO SENAC SANTA CRUZ;43012043;4;1;1;0;RUA VENANCIO AIRES;300;PREDIO;CENTRO;96810970;51;37159335;1;6;14FEB2022:00:00:00;16DEC2022:00:00:00;;;;;0;;;;;;;;;;;;;0;0;0;0;0;1;0;3,42271E+12;3,42271E+12;1;2;;;1;2;;0;0;0;;;0;;0;0;0;;1;1;0;0;0;0;1;;0;;0;0;1;0;0;0;0;1;0;0;0;0;;;;1;0;0;0;1;0;1;;;1;0;1;0;0;;1;1;1;0;0;0;0;1;0;0;0;0;0;0;0;0;0;0;0;0;0;0;1;0;1;0;1;0;0;0;;;0;1;1;0;0;1;0;0;0;0;;11;0;11;11;11;0;1;0;1;1;1;0;0;0;0;0;1;10;0;0;1;5;;;;;;;;;;;;;;1;50;1;53;0;0;;;1;1;1;1;0;1;1;3;1;;1;6;1;2;0;0;0;0;0;0;0;0;0;0;0;0;0;0;1;1;1;1;1;1;0;0;1;1;0;0;0;;;;;;;1;0;1;1;0;1;0;0;0;0;0;0;0;;;;0;;;;;;;0;;;;;;;1;0;1;0;0;0;0;0;1;1;0;0;1;1;0;0;1;1;1;0;1;0;0;0;0;0;0;1;1;1;0;0;0;1;1;0;122;0;0;0;0;0;0;52;122;122;0;0;0;6;6;0;39;83;31;87;1;3;0;0;0;0;0;1;59;62;52;70;0;0;0;0;0;0;0;0;15;0;0;0;0;0;0;10;15;15;0;0;0;12;12;0;7;0;0;0;0;0;0;2;7;7;0;0;0;4;4;0
2022;Sul;4;Rio Grande do Sul;RS;43;Santa Maria;4316907;Centro Ocidental Rio-grandense;3;Santa Maria;18;431690705;SENAC SANTA MARIA;43295096;4;1;1;0;PROFESSOR BRAGA;60;;CENTRO;97015530;55;32252121;1;8;24JAN2022:00:00:00;16DEC2022:00:00:00;;;;;0;;;;;;;;;;;;;0;0;0;0;0;1;0;3,42271E+12;3,42271E+12;1;1;;;1;1;;0;0;0;;;0;;0;0;0;;1;1;0;0;0;0;1;;0;;0;0;1;0;0;0;0;1;0;0;0;0;;;;1;0;0;0;1;0;1;;;1;0;1;0;0;;1;1;1;0;0;0;0;1;0;0;1;0;0;0;0;0;0;0;0;0;0;0;1;0;1;0;1;0;0;0;;;0;0;1;0;0;1;0;0;0;0;;18;0;18;18;0;0;1;0;1;1;0;0;0;0;1;6;1;7;0;0;1;18;;;;;;;;;;;;;;1;73;0;0;0;0;;;1;0;0;1;0;0;0;2;1;;1;88888;1;5;0;0;1;2;0;0;0;0;0;0;0;0;0;0;1;88888;1;1;0;0;1;1;1;1;0;0;0;;;;;;;0;0;0;0;0;0;0;0;0;0;0;0;1;;;;0;;;;;;;0;;;;;;;1;0;0;0;0;0;0;0;1;1;0;0;1;1;0;0;0;0;1;0;1;0;0;0;0;0;0;0;1;1;0;0;0;1;1;0;62;0;0;0;0;0;0;0;62;62;0;0;0;2;2;0;35;27;21;36;0;5;0;0;0;0;0;0;2;60;0;62;0;0;0;0;0;0;0;0;6;0;0;0;0;0;0;0;6;6;0;0;0;2;2;0;6;0;0;0;0;0;0;0;6;6;0;0;0;2;2;0
2022;Sul;4;Rio Grande do Sul;RS;43;Sant'Ana do Livramento;4317103;Sudoeste Rio-grandense;6;Campanha Central;30;431710305;EEP SENAC SANTANA DO LIVRAMENTO;43012086;4;1;1;0;RUA DUQUE DE CAXIAS;2049;PREDIO;DIVISA;97573481;55;32444253;1;19;01JAN2022:00:00:00;31DEC2022:00:00:00;;;;;0;;;;;;;;;;;;;0;0;0;0;0;1;0;3,42271E+12;3,42271E+12;1;1;;;1;2;;0;0;0;;;0;;0;0;0;;1;1;0;0;0;0;1;;0;;0;0;1;0;0;0;0;1;0;0;0;0;;;;0;0;0;1;0;1;0;;;1;0;1;0;0;;1;1;1;0;0;0;0;1;0;0;1;0;0;0;0;0;0;0;0;0;0;0;1;0;1;0;1;0;0;0;;;0;1;1;1;0;1;0;0;0;0;;21;0;21;21;21;0;1;1;1;1;1;0;0;0;1;2;1;12;0;0;1;9;;;;;;;;;;;;;;1;40;0;0;0;0;;;1;1;1;1;1;1;1;3;0;;1;9;1;2;1;1;0;0;1;3;0;0;0;0;0;0;0;0;0;0;1;1;0;0;0;0;1;1;0;0;0;;;;;;;0;0;0;1;0;0;0;0;0;0;0;0;0;;;;0;;;;;;;0;;;;;;;1;1;0;0;0;0;0;0;1;1;0;0;1;1;0;0;0;0;1;0;1;0;0;0;0;0;0;0;1;1;0;0;0;1;1;0;118;0;0;0;0;0;0;0;118;118;0;0;0;2;2;0;98;20;47;58;5;8;0;0;0;0;0;0;2;116;0;118;0;0;0;0;0;0;0;0;5;0;0;0;0;0;0;0;5;5;0;0;0;4;4;0;6;0;0;0;0;0;0;0;6;6;0;0;0;1;1;0
2022;Sul;4;Rio Grande do Sul;RS;43;Santa Rosa;4317202;Noroeste Rio-grandense;1;Santa Rosa;1;431720205;ESC EDUC PROF SENAC SANTA ROSA;43007902;4;1;1;0;RUA SANTA ROSA;1827;;CENTRO;98780060;55;35122522;1;17;07FEB2022:00:00:00;28DEC2022:00:00:00;;;;;0;;;;;;;;;;;;;0;0;0;0;0;1;0;3,42271E+12;3,42271E+12;1;1;;;1;2;;0;0;0;;;0;;0;0;0;;1;1;0;0;0;0;1;;0;;0;0;1;0;0;0;0;1;0;0;0;0;;;;1;0;0;0;1;0;0;;;1;0;1;0;0;;1;1;1;0;0;0;0;1;0;0;0;0;0;0;0;0;0;0;0;0;0;0;1;0;1;0;1;0;0;0;;;0;0;1;0;0;1;0;0;0;0;;10;0;10;10;10;0;1;1;1;1;1;0;1;1;1;1;1;9;0;0;1;3;;;;;;;;;;;;;;1;88888;1;2;0;0;;;1;1;1;1;0;1;0;1;1;;1;88888;1;1;0;0;0;0;0;0;0;0;0;0;0;0;0;0;1;88888;1;1;0;0;0;0;1;1;0;0;0;;;;;;;1;0;0;1;0;0;0;0;0;0;0;0;0;;;;0;;;;;;;0;;;;;;;1;0;0;0;0;0;0;0;1;1;0;0;1;1;0;0;0;0;1;0;1;0;0;0;0;0;0;0;1;1;0;0;0;1;1;0;27;0;0;0;0;0;0;0;27;27;0;0;0;2;2;0;15;12;2;22;0;3;0;0;0;0;0;0;7;20;0;27;0;0;0;0;0;0;0;0;2;0;0;0;0;0;0;0;2;2;0;0;0;2;2;0;2;0;0;0;0;0;0;0;2;2;0;0;0;2;2;0
2022;Sul;4;Rio Grande do Sul;RS;43;Santo Ângelo;4317509;Noroeste Rio-grandense;1;Santo Ângelo;7;431750905;EEP SENAC SANTO ANGELO;43012051;4;1;1;0;RUA JOAO MELLER;179;PREDIO;CENTRO;98804562;55;33133111;1;14;18JAN2022:00:00:00;21DEC2022:00:00:00;;;;;0;;;;;;;;;;;;;0;0;0;0;0;1;0;3,42271E+12;3,42271E+12;1;1;;;1;1;;0;0;0;;;0;;0;0;0;;1;1;0;0;0;0;1;;0;;0;0;1;0;0;0;0;1;0;0;0;0;;;;1;0;0;0;1;0;0;;;1;0;1;0;0;;1;1;1;0;0;0;1;1;0;0;0;0;0;0;0;0;0;0;0;0;1;0;1;0;1;0;1;0;0;0;;;0;1;1;0;1;1;0;0;0;0;;12;0;12;12;5;0;1;1;1;1;0;0;1;1;1;2;1;7;0;0;1;2;;;;;;;;;;;;;;1;16;1;3;0;0;;;1;1;1;1;0;1;1;3;1;;1;9;1;4;0;0;0;0;0;0;0;0;0;0;0;0;0;0;1;15;1;1;0;0;0;0;1;1;0;0;0;;;;;;;0;0;1;1;0;0;0;0;0;0;0;0;0;;;;0;;;;;;;0;;;;;;;1;0;0;0;0;0;0;0;1;1;0;0;1;1;0;0;0;1;1;0;1;0;0;0;0;0;0;0;1;1;0;0;0;0;0;0;191;0;0;0;0;0;0;0;191;191;0;0;0;0;0;0;153;38;60;120;2;9;0;0;0;0;0;0;6;185;23;168;0;0;0;0;0;0;0;0;30;0;0;0;0;0;0;0;30;30;0;0;0;0;0;0;10;0;0;0;0;0;0;0;10;10;0;0;0;0;0;0
2022;Sul;4;Rio Grande do Sul;RS;43;São Borja;4318002;Sudoeste Rio-grandense;6;Campanha Ocidental;29;431800205;EEP SENAC SAO BORJA;43012124;4;1;1;0;RUA GENERAL CANABARRO;310;PREDIO;CENTRO;97670000;55;34312574;1;35;09JAN2022:00:00:00;19DEC2022:00:00:00;;;;;0;;;;;;;;;;;;;0;0;0;0;0;1;0;3,42271E+12;3,42271E+12;1;2;;;1;1;;0;0;0;;;0;;0;0;0;;1;1;0;0;0;0;1;;0;;0;0;1;0;0;0;0;1;0;0;0;0;;;;1;0;1;0;1;0;0;;;1;0;1;0;0;;1;1;1;0;0;0;0;1;0;0;1;0;0;0;0;0;0;0;0;0;0;0;1;1;1;0;1;0;0;0;;;0;1;1;1;1;1;0;1;1;0;;16;0;16;16;16;0;1;1;1;1;0;0;0;0;1;16;1;16;0;0;1;16;;;;;;;;;;;;;;1;40;1;40;1;40;;;1;1;1;0;0;1;1;2;1;;1;3;1;2;1;1;1;1;1;1;0;0;0;0;0;0;0;0;1;1;1;1;0;0;1;1;1;1;0;0;0;;;;;;;1;0;0;1;0;0;0;0;0;0;0;0;0;;;;0;;;;;;;0;;;;;;;1;1;1;0;0;0;0;0;1;1;0;0;1;1;0;0;1;0;1;0;1;0;0;0;0;0;0;1;1;1;0;0;0;1;1;0;108;0;0;0;0;0;0;108;108;108;0;0;0;2;2;0;80;28;48;50;3;7;0;0;0;0;0;0;3;105;0;108;0;0;0;0;0;0;0;0;13;0;0;0;0;0;0;13;13;13;0;0;0;3;3;0;7;0;0;0;0;0;0;7;7;7;0;0;0;2;2;0
2022;Sul;4;Rio Grande do Sul;RS;43;São Leopoldo;4318705;Metropolitana de Porto Alegre;5;Porto Alegre;26;431870505;EEP SENAC SAO LEOPOLDO;43011993;4;1;1;0;RUA LINDOLFO COLLOR;835;;CENTRO;93010080;51;35903060;1;2;25JAN2022:00:00:00;23DEC2022:00:00:00;;;;;0;;;;;;;;;;;;;0;0;0;0;0;1;0;3,42271E+12;3,42271E+12;1;2;;;1;2;;0;0;0;;;0;;1;1;0;;1;1;0;0;0;0;1;;0;;0;0;1;0;0;0;0;1;0;0;0;0;;;;1;0;0;0;1;0;0;;;1;0;1;1;1;;1;1;1;1;0;0;0;1;0;0;1;0;0;1;1;1;0;0;0;0;0;0;1;1;1;0;1;0;0;0;;;0;1;1;0;0;1;0;0;1;0;;17;0;17;17;17;0;1;1;1;1;1;0;0;0;1;3;1;17;0;0;1;14;;;;;;;;;;;;;;1;82;1;126;1;5;;;1;1;1;1;1;1;1;3;1;;1;15;1;4;0;0;0;0;0;0;0;0;0;0;0;0;0;0;1;28;1;1;0;0;0;0;1;1;0;0;0;;;;;;;1;0;1;1;0;1;1;1;1;0;1;0;0;;;;0;;;;;;;0;;;;;;;1;1;0;0;0;0;0;0;1;1;0;0;1;1;0;0;1;1;1;0;1;0;0;0;0;0;0;1;1;1;0;0;0;0;0;0;389;0;0;0;0;0;0;194;195;195;0;0;0;0;0;0;211;178;128;242;7;10;2;0;0;0;0;3;206;180;261;128;0;0;0;0;0;0;0;0;16;0;0;0;0;0;0;12;4;4;0;0;0;0;0;0;16;0;0;0;0;0;0;5;11;11;0;0;0;0;0;0
2022;Sul;4;Rio Grande do Sul;RS;43;São Luiz Gonzaga;4318903;Noroeste Rio-grandense;1;Santo Ângelo;7;431890305;EEP SENAC SAO LUIZ GONZAGA;43012108;4;1;1;0;RUA TREZE DE MAIO;1297;PREDIO;CENTRO;97800000;55;33527398;1;32;18JAN2022:00:00:00;28DEC2022:00:00:00;;;;;0;;;;;;;;;;;;;0;0;0;0;0;1;0;3,42271E+12;3,42271E+12;1;3;;;1;2;;0;0;0;;;0;;0;0;0;;1;1;0;0;0;0;1;;0;;0;0;1;0;0;0;0;1;0;0;0;0;;;;1;1;1;0;1;0;0;;;1;0;1;0;0;;0;0;1;1;0;0;0;1;0;0;0;0;0;0;0;0;0;0;0;0;1;0;1;0;1;0;1;0;0;0;;;0;1;0;1;0;1;0;0;0;0;;6;0;6;6;6;0;1;0;1;1;0;0;0;0;0;0;1;7;0;0;0;0;;;;;;;;;;;;;;1;12;0;0;0;0;;;1;1;1;0;0;1;0;3;1;;1;2;1;1;0;0;0;0;0;0;0;0;0;0;0;0;0;0;1;88888;1;1;0;0;0;0;0;0;0;0;0;;;;;;;0;0;0;0;0;1;0;0;0;0;0;0;0;;;;0;;;;;;;0;;;;;;;1;0;0;0;0;0;0;0;1;1;0;0;1;1;0;0;0;0;1;0;1;0;0;0;0;0;0;0;1;1;0;0;0;1;1;0;17;0;0;0;0;0;0;0;17;17;0;0;0;2;2;0;1;16;6;11;0;0;0;0;0;0;0;0;2;15;0;17;0;0;0;0;0;0;0;0;1;0;0;0;0;0;0;0;1;1;0;0;0;1;1;0;1;0;0;0;0;0;0;0;1;1;0;0;0;1;1;0
2022;Sul;4;Rio Grande do Sul;RS;43;Taquara;4321204;Metropolitana de Porto Alegre;5;Gramado-Canela;24;432120405;ESC EDUC PROF SENAC TAQUARA;43008003;4;1;1;0;RUA GENERAL FROTA;2661;PREDIO;CENTRO;95600972;51;35415370;1;2;26JUL2021:00:00:00;31DEC2022:00:00:00;;;;;0;;;;;;;;;;;;;0;0;0;0;0;0;1;3,42271E+12;3,42271E+12;1;1;;;1;2;;0;0;0;;;0;;0;0;0;;1;1;0;0;0;0;1;;0;;0;0;1;0;0;0;0;1;0;0;0;0;;;;1;1;1;0;0;1;0;;;1;0;1;0;0;;1;1;1;1;0;0;0;1;0;0;0;0;0;0;0;0;0;0;0;0;0;0;1;0;0;0;1;0;0;0;;;0;0;1;0;0;1;0;0;0;0;;15;0;15;15;15;0;1;1;1;0;1;0;0;0;1;1;1;12;0;0;1;8;;;;;;;;;;;;;;1;88888;0;0;0;0;;;1;1;0;0;0;1;1;3;1;;1;88888;1;2;0;0;1;88888;0;0;0;0;0;0;0;0;0;0;1;1;1;1;0;0;1;1;1;1;0;0;0;;;;;;;1;0;0;0;0;1;0;1;0;0;0;0;0;;;;0;;;;;;;0;;;;;;;1;1;1;0;0;0;0;0;1;1;0;0;1;1;0;0;0;0;1;0;1;0;0;0;0;0;0;0;1;1;0;0;0;1;1;0;28;0;0;0;0;0;0;0;28;28;0;0;0;1;1;0;22;6;14;12;1;1;0;0;0;0;0;0;4;24;0;28;0;0;0;0;0;0;0;0;3;0;0;0;0;0;0;0;3;3;0;0;0;3;3;0;1;0;0;0;0;0;0;0;1;1;0;0;0;1;1;0
2022;Sul;4;Rio Grande do Sul;RS;43;Torres;4321501;Metropolitana de Porto Alegre;5;Osório;27;432150105;ESC EDUC PROF SENAC TORRES;43008194;4;;1;;RUA JULIO DE CASTILHOS;423;LOJA 08;CENTRO;95560000;51;36264908;2;11;;;;;;;;;;;;;;;;;;;;;;;;;;;;;;;;;;;;;;;;;;;;;;;;;;;;;;;;;;;;;;;;;;;;;;;;;;;;;;;;;;;;;;;;;;;;;;;;;;;;;;;;;;;;;;;;;;;;;;;;;;;;;;;;;;;;;;;;;;;;;;;;;;;;;;;;;;;;;;;;;;;;;;;;;;;;;;;;;;;;;;;;;;;;;;;;;;;;;;;;;;;;;;;;;;;;;;;;;;;;;;;;;;;;;;;;;;;;;;;;;;;;;;;;;;;;;;;;;;;;;;;;;;;;;;;;;;;;;;;;;;;;;;;;;;;;;;;;;;;;;;;;;;;;;;;;;;;;;;;;;;;;;;;;;;;;;;;;;;;;;;;;;;;;;;;;;;;;;
2022;Sul;4;Rio Grande do Sul;RS;43;Tramandaí;4321600;Metropolitana de Porto Alegre;5;Osório;27;432160005;ESC EDUC PROF SENAC - TRAMANDAI;43008968;4;1;1;0;AVENIDA RUBEM BERTA;1700;;CENTRO;95590000;51;36615674;1;11;03JAN2022:00:00:00;30DEC2022:00:00:00;;;;;0;;;;;;;;;;;;;0;0;0;0;0;1;0;3,42271E+12;3,42271E+12;1;1;;;1;2;;0;0;0;;;0;;0;0;0;;1;1;0;0;0;0;1;;0;;0;0;1;0;0;0;0;1;0;0;0;0;;;;1;0;0;0;1;0;0;;;1;0;1;0;0;;1;1;1;1;0;0;0;1;0;0;0;0;0;0;0;0;0;0;0;0;0;0;1;0;1;0;1;0;0;0;;;0;0;1;1;0;0;1;0;1;0;;19;0;19;19;19;0;1;1;1;1;1;0;0;0;0;0;1;18;0;0;1;2;;;;;;;;;;;;;;1;20;0;0;0;0;;;1;1;1;1;0;1;1;3;1;;1;3;1;3;1;1;1;2;1;2;0;0;0;0;0;0;0;0;1;1;1;1;1;1;0;0;0;0;0;0;0;;;;;;;1;0;0;0;0;0;0;0;0;0;0;0;0;;;;0;;;;;;;0;;;;;;;1;1;0;0;0;0;0;0;1;1;0;0;1;1;0;0;0;0;1;0;1;0;0;0;0;0;0;0;1;1;0;0;0;1;1;0;103;0;0;0;0;0;0;0;103;103;0;0;0;2;2;0;62;41;43;53;4;1;1;1;0;0;0;0;7;96;0;103;0;0;0;0;0;0;0;0;5;0;0;0;0;0;0;0;5;5;0;0;0;1;1;0;5;0;0;0;0;0;0;0;5;5;0;0;0;1;1;0
2022;Sul;4;Rio Grande do Sul;RS;43;Três Passos;4321907;Noroeste Rio-grandense;1;Três Passos;2;432190705;EEP SENAC TRES PASSOS;43012094;4;;1;;RUA DOM JOAO BECKER;310;TERREO;CENTRO;98600000;55;35229202;2;21;;;;;;;;;;;;;;;;;;;;;;;;;;;;;;;;;;;;;;;;;;;;;;;;;;;;;;;;;;;;;;;;;;;;;;;;;;;;;;;;;;;;;;;;;;;;;;;;;;;;;;;;;;;;;;;;;;;;;;;;;;;;;;;;;;;;;;;;;;;;;;;;;;;;;;;;;;;;;;;;;;;;;;;;;;;;;;;;;;;;;;;;;;;;;;;;;;;;;;;;;;;;;;;;;;;;;;;;;;;;;;;;;;;;;;;;;;;;;;;;;;;;;;;;;;;;;;;;;;;;;;;;;;;;;;;;;;;;;;;;;;;;;;;;;;;;;;;;;;;;;;;;;;;;;;;;;;;;;;;;;;;;;;;;;;;;;;;;;;;;;;;;;;;;;;;;;;;;;
2022;Sul;4;Rio Grande do Sul;RS;43;Uruguaiana;4322400;Sudoeste Rio-grandense;6;Campanha Ocidental;29;432240005;ESCOLA DE EDUCACAO PROFISSIONAL SENAC URUGUAIANA;43205828;4;1;1;0;TRAVESSA DOUTOR CESAR CUNHA;2998;PREDIO;CENTRO;97501682;55;34123838;1;10;17JAN2022:00:00:00;23DEC2022:00:00:00;;;;;0;;;;;;;;;;;;;0;0;0;0;0;1;0;3,42271E+12;3,42271E+12;1;3;;;1;1;;0;0;0;;;0;;0;1;0;;1;1;0;0;0;0;1;;0;;0;0;1;0;0;0;0;1;0;0;0;0;;;;1;1;0;0;1;0;1;;;1;0;1;1;0;;1;1;1;1;0;0;0;1;0;1;1;0;0;0;0;0;0;0;0;0;0;0;1;0;1;0;1;0;0;0;;;0;1;0;0;1;1;1;0;1;0;;16;0;16;16;6;0;1;1;1;1;0;0;1;2;1;2;1;3;0;0;1;16;;;;;;;;;;;;;;1;36;0;0;0;0;;;1;1;1;1;0;1;1;3;1;;1;6;1;3;1;1;1;2;1;1;0;0;0;0;0;0;0;0;1;1;1;1;1;1;1;1;0;0;0;0;0;;;;;;;1;0;1;1;0;1;0;1;0;1;1;0;0;;;;0;;;;;;;0;;;;;;;1;1;0;0;0;0;0;0;1;1;0;0;1;1;0;0;0;1;1;0;1;0;0;0;0;0;0;0;1;1;0;0;0;1;1;0;255;0;0;0;0;0;0;0;255;255;0;0;0;1;1;0;210;45;126;103;4;21;0;1;0;0;0;0;7;248;84;171;0;0;0;0;0;0;0;0;7;0;0;0;0;0;0;0;7;7;0;0;0;2;2;0;13;0;0;0;0;0;0;0;13;13;0;0;0;1;1;0
2022;Sul;4;Rio Grande do Sul;RS;43;Viamão;4323002;Metropolitana de Porto Alegre;5;Porto Alegre;26;432300205;EEP SENAC VIAMAO;43030041;4;1;1;0;RUA REVERENDO AMERICO VESPUCIO CABRAL;154;PREDIO;CENTRO;94410300;51;34340391;1;28;10FEB2022:00:00:00;15DEC2022:00:00:00;;;;;0;;;;;;;;;;;;;0;0;0;0;0;1;0;3,42271E+12;3,42271E+12;1;3;;;1;2;;0;0;0;;;0;;1;0;0;;1;1;0;0;0;0;1;;0;;0;0;1;0;0;0;0;1;0;0;0;0;;;;1;0;1;0;1;0;0;;;1;0;1;0;0;;1;1;0;1;0;0;0;1;0;1;1;0;0;0;0;0;1;0;0;0;0;0;1;0;1;0;1;0;0;0;;;0;1;1;0;1;1;1;0;1;0;;14;1;15;14;12;0;1;1;1;1;1;0;1;1;1;12;1;7;0;0;1;7;;;;;;;;;;;;;;1;88888;1;2;0;0;;;1;1;1;1;1;1;1;3;1;;1;3;1;2;0;0;0;0;0;0;0;0;0;0;0;0;0;0;1;2;1;1;0;0;0;0;0;0;0;0;0;;;;;;;1;0;0;1;0;1;0;0;0;0;0;0;0;;;;0;;;;;;;0;;;;;;;1;1;1;0;0;0;0;0;1;1;0;0;1;1;0;0;0;0;1;0;1;0;0;0;0;0;0;0;1;1;0;0;0;0;0;0;5;0;0;0;0;0;0;0;5;5;0;0;0;0;0;0;2;3;2;2;1;0;0;0;0;0;0;0;0;5;0;5;0;0;0;0;0;0;0;0;1;0;0;0;0;0;0;0;1;1;0;0;0;0;0;0;1;0;0;0;0;0;0;0;1;1;0;0;0;0;0;0
2022;Centro-Oeste;5;Mato Grosso do Sul;MS;50;Campo Grande;5002704;Centro Norte de Mato Grosso do Sul;2;Campo Grande;4;500270405;CENTRO DE EDUCACAO PROFISSIONAL - SENAC CAMPO GRANDE;50028537;4;1;1;0;RUA FRANCISCO CANDIDO XAVIER;75;;AMAMBAI;79002052;67;33126249;1;;10JAN2022:00:00:00;16DEC2022:00:00:00;;;;;0;;;;;;;;;;;;;0;0;0;0;0;1;0;3,64484E+12;3,64484E+12;0;;;;1;1;;0;0;0;;;0;;0;0;0;;1;1;0;0;0;0;1;;0;;0;0;1;0;0;0;0;1;0;0;0;0;;;;1;0;0;0;1;1;0;;;1;0;1;1;1;;1;1;1;0;0;0;0;1;1;0;1;0;0;0;0;0;1;0;0;0;0;1;1;0;1;0;0;0;0;0;;;0;1;1;1;0;0;0;1;1;0;;33;0;33;33;0;0;1;1;1;1;1;0;0;0;1;33;1;11;1;31;1;31;;;;;;;;;;;;;;1;88888;1;13;1;30;;;1;1;1;1;0;1;0;3;1;;1;4;1;8;1;1;0;0;1;2;0;0;0;0;1;1;0;0;1;2;0;0;0;0;1;1;1;1;0;0;0;;;;;;;1;0;1;1;1;1;0;1;0;0;0;0;0;;;;0;;;;;;;0;;;;;;;1;1;1;0;0;0;0;0;1;0;0;0;1;1;0;0;0;1;1;0;1;0;0;0;0;0;0;0;1;1;0;0;0;1;1;0;132;0;0;0;0;0;0;0;132;132;0;0;0;1;1;0;90;42;43;49;3;36;1;0;0;0;0;0;6;126;81;51;0;0;0;0;0;0;0;0;9;0;0;0;0;0;0;0;9;9;0;0;0;1;1;0;10;0;0;0;0;0;0;0;10;10;0;0;0;1;1;0
2022;Centro-Oeste;5;Mato Grosso do Sul;MS;50;Campo Grande;5002704;Centro Norte de Mato Grosso do Sul;2;Campo Grande;4;500270405;CENTRO DE EDUCACAO PROFISSIONAL - SENAC EDUARDO ELIAS ZAHRAN;50032933;4;;1;;AVENIDA EDUARDO ELIAS ZAHRAN;529;;VILA SANTA DOROTHEIA;79004000;67;33098400;3;;;;;;;;;;;;;;;;;;;;;;;;;;;;;;;;;;;;;;;;;;;;;;;;;;;;;;;;;;;;;;;;;;;;;;;;;;;;;;;;;;;;;;;;;;;;;;;;;;;;;;;;;;;;;;;;;;;;;;;;;;;;;;;;;;;;;;;;;;;;;;;;;;;;;;;;;;;;;;;;;;;;;;;;;;;;;;;;;;;;;;;;;;;;;;;;;;;;;;;;;;;;;;;;;;;;;;;;;;;;;;;;;;;;;;;;;;;;;;;;;;;;;;;;;;;;;;;;;;;;;;;;;;;;;;;;;;;;;;;;;;;;;;;;;;;;;;;;;;;;;;;;;;;;;;;;;;;;;;;;;;;;;;;;;;;;;;;;;;;;;;;;;;;;;;;;;;;;;;
2022;Centro-Oeste;5;Mato Grosso do Sul;MS;50;Campo Grande;5002704;Centro Norte de Mato Grosso do Sul;2;Campo Grande;4;500270405;CENTRO DE EDUCACAO PROFISSIONAL-SENAC TURISMO E GASTRONOMIA;50034383;4;1;1;0;RUA ANTONIO MARIA COELHO;3368;;JARDIM DOS ESTADOS;79002221;67;33126260;1;;10JAN2022:00:00:00;16DEC2022:00:00:00;;;;;0;;;;;;;;;;;;;0;0;0;0;0;1;0;3,64484E+12;1E+14;1;1;;;1;1;;0;0;0;;;0;;0;0;0;;1;1;0;0;0;0;1;;0;;0;0;1;0;0;0;0;1;0;0;0;0;;;;1;1;1;0;1;1;1;;;1;0;1;1;1;;1;1;1;1;0;0;0;1;0;1;1;0;0;0;0;0;1;0;0;0;0;0;1;1;1;1;0;1;0;0;;;0;1;1;1;1;1;0;1;1;0;;10;0;10;0;0;0;1;0;0;1;0;0;0;0;0;0;1;10;1;3;0;0;;;;;;;;;;;;;;1;88888;0;0;0;0;;;1;1;1;1;0;1;0;3;1;;1;3;1;88888;1;1;0;0;0;0;0;0;1;1;1;1;1;88888;1;3;0;0;0;0;0;0;1;1;0;0;0;;;;;;;1;0;0;1;0;0;0;1;0;0;0;0;0;;;;0;;;;;;;0;;;;;;;1;1;1;0;0;0;0;0;1;1;0;0;1;1;0;0;0;1;1;0;1;0;0;0;0;0;0;0;1;1;0;0;0;0;0;0;12;0;0;0;0;0;0;0;12;12;0;0;0;0;0;0;6;6;6;3;0;3;0;0;0;0;0;0;0;12;8;4;0;0;0;0;0;0;0;0;3;0;0;0;0;0;0;0;3;3;0;0;0;0;0;0;3;0;0;0;0;0;0;0;3;3;0;0;0;0;0;0
2022;Centro-Oeste;5;Mato Grosso do Sul;MS;50;Corumbá;5003207;Pantanais Sul Mato-grossense;1;Baixo Pantanal;1;500320705;CENTRO DE EDUCACAO PROFISSIONAL - SENAC CORUMBA;50055801;4;1;1;0;RUA CUIABA;1042;;CENTRO;79300060;67;32342002;1;;10JAN2022:00:00:00;16DEC2022:00:00:00;;;;;0;;;;;;;;;;;;;0;0;0;0;0;1;0;3,64484E+12;3,64484E+12;1;1;;;1;2;;0;0;0;;;0;;0;0;0;;1;1;0;0;0;0;1;;0;;0;0;1;0;0;0;0;1;0;0;0;0;;;;1;0;0;0;1;1;0;;;1;0;1;0;0;;1;1;1;1;0;0;1;1;0;0;1;0;0;0;0;0;0;0;0;0;0;0;1;0;1;0;1;0;0;0;;;0;0;0;0;1;0;1;0;1;0;;8;0;8;8;8;0;1;1;1;1;0;0;0;0;1;8;1;1;1;2;1;8;;;;;;;;;;;;;;1;60;0;0;0;0;;;1;1;1;1;0;1;1;3;1;;1;4;0;0;0;0;1;88888;1;1;0;0;0;0;0;0;0;0;1;1;0;0;0;0;0;0;0;0;0;0;0;;;;;;;1;0;1;1;0;1;0;0;0;0;0;1;0;;;;0;;;;;;;0;;;;;;;1;1;0;0;0;0;0;0;1;1;0;0;1;1;0;0;0;1;1;0;1;0;0;0;0;0;0;0;1;1;0;0;0;0;0;0;103;0;0;0;0;0;0;0;103;103;0;0;0;0;0;0;85;18;38;15;2;48;0;0;0;0;0;0;1;102;54;49;0;0;0;0;0;0;0;0;8;0;0;0;0;0;0;0;8;8;0;0;0;0;0;0;8;0;0;0;0;0;0;0;8;8;0;0;0;0;0;0
2022;Centro-Oeste;5;Mato Grosso do Sul;MS;50;Dourados;5003702;Sudoeste de Mato Grosso do Sul;4;Dourados;10;500370205;CENTRO DE EDUCACAO PROFISSIONAL - SENAC DOURADOS;50028561;4;1;1;0;RUA DR MARIO MACHADO LEMOS;240;;JARDIM LONDRINA;79814150;67;34112400;1;;10JAN2022:00:00:00;16DEC2022:00:00:00;;;;;0;;;;;;;;;;;;;0;0;0;0;0;1;0;3,64484E+12;3,64484E+12;0;;;;1;1;;0;0;0;;;0;;0;0;0;;1;1;0;0;0;0;1;;0;;0;0;1;0;0;0;0;1;0;0;0;0;;;;1;0;0;0;1;0;1;;;1;0;1;1;1;;1;1;1;0;0;0;0;1;0;0;0;0;0;0;0;0;0;0;0;0;0;0;1;0;1;0;0;0;0;0;;;0;1;0;0;1;1;0;0;0;0;;12;0;12;11;11;1;1;1;1;1;1;0;0;0;1;11;1;5;0;0;1;12;;;;;;;;;;;;;;1;88888;0;0;0;0;;;1;1;1;1;0;1;1;3;1;;1;4;1;3;0;0;0;0;1;1;0;0;0;0;0;0;0;0;1;1;0;0;0;0;0;0;1;1;0;0;0;;;;;;;1;0;0;1;0;0;0;0;0;0;0;0;0;;;;0;;;;;;;0;;;;;;;1;0;0;0;0;0;0;0;1;0;0;0;1;1;0;0;0;0;1;0;1;0;0;0;0;0;0;0;1;1;0;0;0;0;0;0;39;0;0;0;0;0;0;0;39;39;0;0;0;0;0;0;39;0;12;18;0;9;0;0;0;0;0;0;0;39;0;39;0;0;0;0;0;0;0;0;3;0;0;0;0;0;0;0;3;3;0;0;0;0;0;0;3;0;0;0;0;0;0;0;3;3;0;0;0;0;0;0
2022;Centro-Oeste;5;Mato Grosso do Sul;MS;50;Naviraí;5005707;Sudoeste de Mato Grosso do Sul;4;Iguatemi;11;500570705;CENTRO DE EDUCACAO PROFISSIONAL - SENAC NAVIRAI;50032500;4;;1;;RUA WEIMAR GONCALVES TORRES;862;;CENTRO;79950000;67;34090400;2;;;;;;;;;;;;;;;;;;;;;;;;;;;;;;;;;;;;;;;;;;;;;;;;;;;;;;;;;;;;;;;;;;;;;;;;;;;;;;;;;;;;;;;;;;;;;;;;;;;;;;;;;;;;;;;;;;;;;;;;;;;;;;;;;;;;;;;;;;;;;;;;;;;;;;;;;;;;;;;;;;;;;;;;;;;;;;;;;;;;;;;;;;;;;;;;;;;;;;;;;;;;;;;;;;;;;;;;;;;;;;;;;;;;;;;;;;;;;;;;;;;;;;;;;;;;;;;;;;;;;;;;;;;;;;;;;;;;;;;;;;;;;;;;;;;;;;;;;;;;;;;;;;;;;;;;;;;;;;;;;;;;;;;;;;;;;;;;;;;;;;;;;;;;;;;;;;;;;;
2022;Centro-Oeste;5;Mato Grosso do Sul;MS;50;Ponta Porã;5006606;Sudoeste de Mato Grosso do Sul;4;Dourados;10;500660605;SENAC PONTA PORA;50034316;4;;1;;RUA 7 DE SETEMBRO;828;;CENTRO;79904652;67;34314342;2;;;;;;;;;;;;;;;;;;;;;;;;;;;;;;;;;;;;;;;;;;;;;;;;;;;;;;;;;;;;;;;;;;;;;;;;;;;;;;;;;;;;;;;;;;;;;;;;;;;;;;;;;;;;;;;;;;;;;;;;;;;;;;;;;;;;;;;;;;;;;;;;;;;;;;;;;;;;;;;;;;;;;;;;;;;;;;;;;;;;;;;;;;;;;;;;;;;;;;;;;;;;;;;;;;;;;;;;;;;;;;;;;;;;;;;;;;;;;;;;;;;;;;;;;;;;;;;;;;;;;;;;;;;;;;;;;;;;;;;;;;;;;;;;;;;;;;;;;;;;;;;;;;;;;;;;;;;;;;;;;;;;;;;;;;;;;;;;;;;;;;;;;;;;;;;;;;;;;;
2022;Centro-Oeste;5;Mato Grosso do Sul;MS;50;Três Lagoas;5008305;Leste de Mato Grosso do Sul;3;Três Lagoas;7;500830505;CENTRO DE EDUCACAO PROFISSIONAL - SENAC TRES LAGOAS;50030280;4;1;1;0;AVENIDA ANTONIO DOS SANTOS TRAJANO;216;;CENTRO;79601002;67;35095110;1;;10JAN2022:00:00:00;16DEC2022:00:00:00;;;;;0;;;;;;;;;;;;;0;0;0;0;0;1;0;3,64484E+12;3,64484E+12;1;1;;;1;1;;0;0;0;;;0;;0;0;0;;1;1;0;0;0;0;1;;0;;0;0;1;0;0;0;0;1;0;0;0;0;;;;1;0;1;0;1;0;0;;;1;0;1;0;0;;1;1;1;0;0;0;0;1;0;0;0;0;0;0;0;0;0;0;0;0;0;0;1;0;1;0;0;0;0;0;;;0;1;1;0;1;1;0;0;1;0;;8;0;8;8;1;0;1;1;1;1;1;0;0;0;1;8;1;2;0;0;1;8;;;;;;;;;;;;;;1;47;0;0;0;0;;;1;1;1;1;1;1;1;3;1;;1;3;1;3;0;0;1;88888;1;1;0;0;0;0;0;0;0;0;1;1;0;0;0;0;0;0;1;1;0;0;0;;;;;;;1;0;0;0;0;0;1;0;0;0;0;1;0;;;;0;;;;;;;0;;;;;;;1;1;1;0;0;0;0;0;1;1;0;0;1;1;0;0;0;1;1;0;1;0;0;0;0;0;0;0;1;1;0;0;0;0;0;0;102;0;0;0;0;0;0;0;102;102;0;0;0;0;0;0;66;36;38;19;6;39;0;0;0;0;0;0;2;100;34;68;0;0;0;0;0;0;0;0;8;0;0;0;0;0;0;0;8;8;0;0;0;0;0;0;8;0;0;0;0;0;0;0;8;8;0;0;0;0;0;0
2022;Centro-Oeste;5;Goiás;GO;52;Aparecida de Goiânia;5201405;Centro Goiano;3;Goiânia;10;520140505;SENAC - CENTRO DE EDUCACAO PROFISSIONAL EM APARECIDA DE GOIANIA;52233367;4;1;1;0;AVENIDA DONA MARIA CARDOSO;;Q.29 LT.06/09 19/22;JARDIM LUZ;74915520;62;35244500;1;4;03JAN2022:00:00:00;22DEC2022:00:00:00;;;;;0;;;;;;;;;;;;;0;0;0;0;1;1;1;3,60848E+12;3,60848E+12;1;2;;;1;1;;0;0;0;;;0;;0;0;0;;1;1;0;0;0;0;1;;0;;0;0;1;0;0;0;0;1;0;0;0;0;;;;1;0;0;0;1;1;1;;;1;0;1;1;0;;0;1;1;1;0;0;0;1;0;0;0;0;0;0;0;0;0;0;0;0;0;0;1;1;1;0;1;0;0;0;;;0;1;1;0;1;1;0;0;0;0;;25;0;25;25;25;0;1;1;1;1;0;0;1;1;1;1;1;2;0;0;1;20;;;;;;;;;;;;;;1;88888;1;1;1;1;;;1;1;1;1;0;1;1;3;1;;1;88888;1;5;0;0;1;2;1;2;0;0;0;0;0;0;0;0;1;1;1;1;1;2;0;0;0;0;0;0;0;;;;;;;1;0;0;1;0;1;1;0;1;0;0;0;0;;;;0;;;;;;;0;;;;;;;1;0;0;0;0;1;0;0;0;1;0;0;1;1;0;0;0;0;1;0;1;0;0;0;0;0;0;0;1;1;0;0;0;0;0;0;23;0;0;0;0;0;0;0;23;23;0;0;0;0;0;0;21;2;18;2;1;2;0;0;0;0;0;0;0;23;0;23;0;0;0;0;0;0;0;0;1;0;0;0;0;0;0;0;1;1;0;0;0;0;0;0;1;0;0;0;0;0;0;0;1;1;0;0;0;0;0;0
2022;Centro-Oeste;5;Goiás;GO;52;Caldas Novas;5204508;Sul Goiano;5;Meia Ponte;15;520450805;SENAC - CENTRO DE EDUCACAO PROFISSIONAL VALERIA JAIME PEIXOTO PERILLO;52234363;4;1;1;0;AVENIDA TIRADENTES;S/N;LT. SR-08 D;ESTANCIA ITANHANGA;75680350;64;34531241;1;22;03JAN2022:00:00:00;16DEC2022:00:00:00;;;;;0;;;;;;;;;;;;;0;0;0;0;0;1;0;3,60848E+12;3,60848E+12;1;1;;;1;1;;0;0;0;;;0;;0;0;0;;1;1;0;0;0;0;1;;0;;0;0;1;0;0;0;0;1;0;0;0;0;;;;0;0;0;1;0;0;1;;;1;0;1;1;0;;0;1;1;1;0;0;0;1;1;0;0;0;0;0;0;0;0;0;0;0;0;0;1;1;1;0;1;0;0;0;;;0;1;1;0;1;1;0;0;1;0;;15;0;15;15;15;0;1;1;1;1;1;0;1;2;1;5;1;3;0;0;1;88888;;;;;;;;;;;;;;1;75;1;11;1;4;;;1;1;1;1;0;1;0;3;1;;1;6;1;4;0;0;0;0;0;0;0;0;0;0;0;0;0;0;1;3;1;1;1;3;0;0;0;0;0;0;0;;;;;;;0;0;0;0;0;0;0;1;0;0;0;0;0;;;;0;;;;;;;0;;;;;;;1;0;0;0;0;0;0;0;1;0;0;0;1;1;0;0;0;1;1;0;1;0;0;0;0;0;0;0;1;1;0;0;0;0;0;0;230;0;0;0;0;0;0;0;230;230;0;0;0;0;0;0;171;59;86;64;5;72;3;0;0;0;0;0;8;222;66;164;0;0;0;0;0;0;0;0;14;0;0;0;0;0;0;0;14;14;0;0;0;0;0;0;10;0;0;0;0;0;0;0;10;10;0;0;0;0;0;0
2022;Centro-Oeste;5;Goiás;GO;52;Catalão;5205109;Sul Goiano;5;Catalão;17;520510905;SENAC - CENTRO DE EDUCACAO PROFISSIONAL CATALAO;52235351;4;1;1;0;RUA WAGNER ESTELITA CAMPOS;157;;SETOR CENTRAL;75701290;64;34413657;1;6;03JAN2022:00:00:00;16DEC2022:00:00:00;;;;;0;;;;;;;;;;;;;0;0;0;0;1;1;1;3,60848E+12;3,60848E+12;1;2;;;1;1;;0;0;0;;;0;;0;0;0;;1;1;0;0;0;0;1;;0;;0;0;1;0;0;0;0;1;0;0;0;0;;;;0;0;0;1;1;0;1;;;1;0;1;1;0;;1;1;1;1;0;0;1;1;0;0;1;0;0;0;0;0;0;0;0;0;0;0;1;1;1;0;1;0;0;0;;;0;1;1;0;1;1;0;0;1;0;;27;0;27;27;0;1;1;1;1;1;1;0;0;0;1;3;1;2;0;0;1;29;;;;;;;;;;;;;;1;75;0;0;0;0;;;1;1;1;1;0;1;1;3;1;;1;4;1;3;0;0;0;0;0;0;0;0;0;0;0;0;0;0;1;2;1;1;1;1;0;0;0;0;0;0;0;;;;;;;1;0;1;1;0;0;0;1;0;0;0;0;0;;;;0;;;;;;;0;;;;;;;1;1;0;0;0;0;0;0;1;0;0;0;1;1;0;0;0;1;1;0;1;0;0;0;0;0;0;0;1;1;0;0;0;1;1;0;186;0;0;0;0;0;0;0;186;186;0;0;0;1;1;0;170;16;106;40;4;31;5;0;0;0;0;0;0;186;63;123;0;0;0;0;0;0;0;0;7;0;0;0;0;0;0;0;7;7;0;0;0;2;2;0;9;0;0;0;0;0;0;0;9;9;0;0;0;1;1;0
2022;Centro-Oeste;5;Goiás;GO;52;Goiânia;5208707;Centro Goiano;3;Goiânia;10;520870705;SENAC - CENTRO EDUCACAO PROFISSIONAL CORA CORALINA;52091350;4;;1;;AVENIDA INDEPENDENCIA;1002;;SETOR LESTE VILA NOVA;74645010;62;33096300;2;2;;;;;;;;;;;;;;;;;;;;;;;;;;;;;;;;;;;;;;;;;;;;;;;;;;;;;;;;;;;;;;;;;;;;;;;;;;;;;;;;;;;;;;;;;;;;;;;;;;;;;;;;;;;;;;;;;;;;;;;;;;;;;;;;;;;;;;;;;;;;;;;;;;;;;;;;;;;;;;;;;;;;;;;;;;;;;;;;;;;;;;;;;;;;;;;;;;;;;;;;;;;;;;;;;;;;;;;;;;;;;;;;;;;;;;;;;;;;;;;;;;;;;;;;;;;;;;;;;;;;;;;;;;;;;;;;;;;;;;;;;;;;;;;;;;;;;;;;;;;;;;;;;;;;;;;;;;;;;;;;;;;;;;;;;;;;;;;;;;;;;;;;;;;;;;;;;;;;;
2022;Centro-Oeste;5;Goiás;GO;52;Goiânia;5208707;Centro Goiano;3;Goiânia;10;520870705;SENAC - CENTRO DE EDUCACAO PROFISSIONAL ELIAS BUFAICAL;52091368;4;1;1;0;RUA 31 A;43;;SETOR AEROPORTO;74075470;62;32195160;1;2;03JAN2022:00:00:00;16DEC2022:00:00:00;;;;;0;;;;;;;;;;;;;0;0;0;0;0;1;0;3,60848E+12;3,60848E+12;1;1;;;1;1;;0;0;0;;;0;;0;0;0;;1;1;0;0;0;0;1;;0;;0;0;1;0;0;0;0;1;0;0;0;0;;;;1;0;0;0;0;0;0;;;1;0;1;0;0;;1;1;1;0;0;0;0;1;0;0;1;0;0;0;0;0;0;0;0;0;0;0;1;1;1;0;1;0;0;0;;;0;1;1;0;0;0;0;0;0;0;;36;0;36;36;0;1;1;1;1;1;1;0;1;4;1;15;1;4;0;0;1;18;;;;;;;;;;;;;;1;148;0;0;0;0;;;1;1;1;1;0;1;1;2;1;;1;4;1;6;0;0;1;2;1;4;0;0;0;0;0;0;0;0;1;4;1;1;1;1;1;2;1;1;0;0;0;;;;;;;1;0;1;1;0;0;0;0;0;0;0;1;0;;;;0;;;;;;;0;;;;;;;1;9;9;0;0;0;0;0;1;9;0;0;1;1;0;0;0;1;1;0;1;0;0;0;0;0;0;0;1;1;0;0;0;1;1;0;167;0;0;0;0;0;0;0;167;167;0;0;0;3;3;0;148;19;86;22;5;50;3;1;0;0;0;0;7;160;112;55;0;0;0;0;0;0;0;0;4;0;0;0;0;0;0;0;4;4;0;0;0;2;2;0;10;0;0;0;0;0;0;0;10;10;0;0;0;2;2;0
2022;Centro-Oeste;5;Goiás;GO;52;Ipameri;5210109;Sul Goiano;5;Catalão;17;521010905;SENAC - CENTRO DE EDUCACAO PROFISSIONAL EM IPAMERI;52234355;4;1;1;0;RUA GENERAL MASCARENHAS DE MORAIS ESQUINA COM RUA MIGUEL DAVID COSAC;6;PRACA DA LIBERDADE;CENTRO;75780000;64;34912327;1;26;03JAN2022:00:00:00;17DEC2022:00:00:00;;;;;0;;;;;;;;;;;;;0;0;0;0;0;1;0;3,60848E+12;3,60848E+12;1;1;;;1;1;;0;0;0;;;0;;0;0;0;;1;1;0;0;0;0;1;;0;;0;0;1;0;0;0;0;1;0;0;0;0;;;;0;0;0;1;1;1;0;;;1;0;1;1;0;;0;0;1;0;0;0;0;1;0;0;0;0;0;0;0;0;0;0;0;0;0;0;1;0;1;0;1;0;0;0;;;0;0;0;0;1;0;0;0;0;0;;4;0;4;4;0;0;1;0;0;1;0;0;0;0;0;0;0;0;0;0;1;4;;;;;;;;;;;;;;1;10;0;0;0;0;;;1;0;1;1;0;0;0;3;1;;1;1;1;1;0;0;0;0;0;0;0;0;0;0;0;0;0;0;1;1;0;0;1;1;0;0;0;0;0;0;0;;;;;;;0;0;0;0;0;0;0;1;0;0;0;0;0;;;;0;;;;;;;0;;;;;;;1;0;1;0;0;0;0;0;1;0;0;0;1;1;0;0;0;0;1;0;1;0;0;0;0;0;0;0;1;1;0;0;0;0;0;0;49;0;0;0;0;0;0;0;49;49;0;0;0;0;0;0;44;5;9;20;0;20;0;0;0;0;0;0;0;49;0;49;0;0;0;0;0;0;0;0;4;0;0;0;0;0;0;0;4;4;0;0;0;0;0;0;3;0;0;0;0;0;0;0;3;3;0;0;0;0;0;0
2022;Centro-Oeste;5;Goiás;GO;52;Iporá;5210208;Centro Goiano;3;Iporá;8;521020805;SENAC - CENTRO DE EDUCACAO PROFISSIONAL EM IPORA;52233359;4;1;1;0;AVENIDA 24 DE OUTUBRO;195;;SETOR CENTRAL;76200000;64;36032155;1;13;03JAN2022:00:00:00;16DEC2022:00:00:00;;;;;0;;;;;;;;;;;;;0;0;0;0;0;1;0;3,60848E+12;3,60848E+12;1;2;;;1;1;;0;0;0;;;0;;0;0;0;;1;1;0;0;0;0;1;;0;;0;0;1;0;0;0;0;1;0;0;0;0;;;;0;0;0;1;0;0;0;;;1;0;1;1;0;;0;0;0;0;0;0;0;1;0;0;0;0;0;0;0;0;0;0;0;0;0;0;1;0;1;0;1;0;0;0;;;0;1;0;0;0;1;0;0;0;0;;5;0;5;5;5;1;1;0;1;1;0;0;0;0;1;1;0;0;0;0;1;5;;;;;;;;;;;;;;1;15;0;0;0;0;;;1;0;1;1;0;0;0;2;1;;1;1;1;1;0;0;0;0;0;0;0;0;0;0;0;0;0;0;0;0;1;1;0;0;0;0;0;0;0;0;0;;;;;;;1;0;0;0;0;0;0;0;0;0;0;0;0;;;;0;;;;;;;0;;;;;;;1;0;0;0;0;1;0;0;0;1;0;0;1;1;0;0;0;0;1;0;1;0;0;0;0;0;0;0;1;1;0;0;0;0;0;0;15;0;0;0;0;0;0;0;15;15;0;0;0;0;0;0;14;1;4;2;2;6;1;0;0;0;0;0;0;15;0;15;0;0;0;0;0;0;0;0;3;0;0;0;0;0;0;0;3;3;0;0;0;0;0;0;1;0;0;0;0;0;0;0;1;1;0;0;0;0;0;0
2022;Centro-Oeste;5;Goiás;GO;52;Jataí;5211909;Sul Goiano;5;Sudoeste de Goiás;13;521190905;SERVICO NACIONAL DE APRENDIZAGEM COMERCIAL - SENAC;52111407;4;1;1;0;RUA ITARUMA;1394;;SETOR OESTE;75804076;64;36313040;1;17;10JAN2022:00:00:00;20DEC2022:00:00:00;;;;;0;;;;;;;;;;;;;0;0;0;0;0;1;0;3,60848E+12;3,60848E+12;1;1;;;1;1;;0;0;0;;;0;;0;0;0;;1;1;0;0;0;0;1;;0;;0;0;1;0;0;0;0;1;0;0;0;0;;;;0;0;0;1;0;1;1;;;1;0;1;1;0;;0;1;1;1;0;0;0;1;1;0;0;0;0;0;0;0;0;0;0;0;0;0;1;1;1;0;1;0;0;0;;;0;1;1;0;1;0;0;0;0;0;;15;0;15;15;15;1;1;0;1;1;0;0;0;0;1;1;1;2;0;0;1;15;;;;;;;;;;;;;;1;30;0;0;0;0;;;1;1;1;1;0;1;1;3;1;;1;3;1;3;0;0;0;0;0;0;0;0;0;0;0;0;0;0;1;2;1;1;1;2;0;0;1;1;0;0;0;;;;;;;1;0;0;0;0;0;0;1;0;0;0;0;0;;;;0;;;;;;;0;;;;;;;1;1;0;0;0;0;0;0;1;0;0;0;1;1;0;0;0;0;1;0;1;0;0;0;0;0;0;0;1;1;0;0;0;0;0;0;115;0;0;0;0;0;0;0;115;115;0;0;0;0;0;0;106;9;57;20;3;33;2;0;0;0;0;0;0;115;0;115;0;0;0;0;0;0;0;0;5;0;0;0;0;0;0;0;5;5;0;0;0;0;0;0;5;0;0;0;0;0;0;0;5;5;0;0;0;0;0;0
2022;Centro-Oeste;5;Goiás;GO;52;Mineiros;5213103;Sul Goiano;5;Sudoeste de Goiás;13;521310305;CENTRO DE EDUCACAO PROFISSIONAL DONA NICINHA - SENAC;52090175;4;1;1;0;RUA ONZE;;;CENTRO;75830095;64;36615434;1;21;10JAN2022:00:00:00;16DEC2022:00:00:00;;;;;0;;;;;;;;;;;;;0;0;0;0;0;1;0;3,60848E+12;3,60848E+12;1;1;;;1;1;;0;0;0;;;0;;0;0;0;;1;1;0;0;0;0;1;;0;;0;0;1;0;0;0;0;1;0;0;0;0;;;;1;0;0;0;0;0;0;;;1;0;1;1;0;;0;1;1;0;0;0;0;1;0;0;0;0;0;0;0;0;0;0;0;0;0;0;1;1;1;0;1;0;0;0;;;0;1;1;1;0;1;0;0;0;0;;13;0;13;13;13;0;1;1;1;1;1;0;1;1;1;1;1;1;0;0;1;12;;;;;;;;;;;;;;1;30;0;0;0;0;;;1;0;1;1;0;0;0;3;1;;1;4;1;3;0;0;0;0;0;0;0;0;0;0;0;0;0;0;1;1;1;1;1;2;0;0;0;0;0;0;0;;;;;;;0;0;0;1;0;0;0;1;0;0;0;0;0;;;;0;;;;;;;0;;;;;;;1;1;0;0;0;0;0;0;1;1;0;0;1;1;0;0;0;1;1;0;1;0;0;0;0;0;0;0;1;1;0;0;0;0;0;0;239;0;0;0;0;0;0;0;239;239;0;0;0;0;0;0;223;16;117;22;13;85;2;0;0;0;0;0;6;233;16;223;0;0;0;0;0;0;0;0;13;0;0;0;0;0;0;0;13;13;0;0;0;0;0;0;10;0;0;0;0;0;0;0;10;10;0;0;0;0;0;0
2022;Centro-Oeste;5;Goiás;GO;52;Porangatu;5218003;Norte Goiano;2;Porangatu;4;521800305;SENAC CENTRO DE EDUCACAO PROFISSIONAL DE PORANGATU;52090183;4;1;1;0;AVENIDA BRASILIA ESQUINA COM A RUA F-5;30;;SETOR LESTE;76550000;62;33621823;1;27;13JAN2022:00:00:00;16DEC2022:00:00:00;;;;;0;;;;;;;;;;;;;0;0;0;0;0;1;0;3,60848E+12;3,60848E+12;1;1;;;1;1;;0;0;0;;;0;;0;0;0;;1;1;0;0;0;0;1;;0;;0;0;0;1;0;1;0;1;0;0;0;0;;;;0;0;0;1;1;1;1;;;1;0;1;1;0;;1;1;1;1;0;0;0;1;0;1;1;0;0;0;0;0;0;0;0;0;0;0;1;1;1;0;1;0;0;0;;;0;1;1;0;1;1;0;0;0;0;;21;0;21;21;21;0;1;1;1;1;1;0;1;1;0;0;1;1;0;0;1;14;;;;;;;;;;;;;;1;88888;1;1;0;0;;;1;1;1;1;0;1;1;3;1;;1;1;1;2;0;0;0;0;0;0;0;0;0;0;0;0;0;0;0;0;1;1;0;0;0;0;0;0;0;0;0;;;;;;;0;0;1;1;0;0;0;0;0;0;0;0;0;;;;0;;;;;;;0;;;;;;;1;0;1;0;0;1;0;0;0;1;0;0;1;1;0;0;0;0;1;0;1;0;0;0;0;0;0;0;1;1;0;0;0;0;0;0;22;0;0;0;0;0;0;0;22;22;0;0;0;0;0;0;19;3;5;3;1;12;1;0;0;0;0;0;0;22;0;22;0;0;0;0;0;0;0;0;2;0;0;0;0;0;0;0;2;2;0;0;0;0;0;0;1;0;0;0;0;0;0;0;1;1;0;0;0;0;0;0
2022;Centro-Oeste;5;Goiás;GO;52;Quirinópolis;5218508;Sul Goiano;5;Quirinópolis;18;521850805;SENAC CENTRO DE EDUCACAO PROFIS ONICIO RESENDE;52090167;4;1;1;0;VIA LEOCADIO DE SOUZA REIS;76;;ONICIO RESENDE;75860000;64;36512533;1;29;10JAN2022:00:00:00;20DEC2022:00:00:00;;;;;0;;;;;;;;;;;;;0;0;0;0;0;1;0;3,60848E+12;3,60848E+12;1;5;;;1;1;;0;0;0;;;0;;0;0;0;;1;1;0;0;0;0;1;;0;;0;0;1;0;0;0;0;1;0;0;0;0;;;;1;0;0;0;1;0;0;;;1;0;1;1;0;;1;1;1;0;0;0;0;1;0;0;0;0;0;0;0;0;0;0;0;0;0;0;1;1;1;0;1;0;0;0;;;0;1;1;1;1;0;0;1;1;0;;12;0;12;12;12;0;1;1;1;1;1;0;1;1;1;1;1;2;0;0;1;12;;;;;;;;;;;;;;1;30;0;0;0;0;;;1;1;1;1;0;1;1;3;1;;1;2;1;3;0;0;0;0;0;0;0;0;0;0;0;0;0;0;1;2;1;1;1;2;0;0;0;0;0;0;0;;;;;;;0;0;0;0;0;0;0;0;0;0;0;0;1;;;;0;;;;;;;0;;;;;;;1;0;0;0;0;0;0;0;1;0;0;0;1;1;0;0;0;1;1;0;1;0;0;0;0;0;0;0;1;1;0;0;0;0;0;0;88;0;0;0;0;0;0;0;88;76;0;0;0;0;0;0;80;8;46;20;2;18;2;0;0;0;0;0;18;70;12;76;0;0;0;0;0;0;0;0;8;0;0;0;0;0;0;0;8;7;0;0;0;0;0;0;4;0;0;0;0;0;0;0;4;3;0;0;0;0;0;0
2022;Centro-Oeste;5;Distrito Federal;DF;53;Brasília;5300108;Distrito Federal;1;Brasília;1;530010805;C DE EDUC PROFISSIONAL SENAC - PLANO PILOTO;53001249;4;1;1;0;QUADRA SEPS 703/903;;;ASA SUL;70390039;61;37719830;1;99;03JAN2022:00:00:00;16DEC2022:00:00:00;;;;;0;;;;;;;;;;;;;0;0;0;0;0;1;0;3,29697E+12;3,29697E+12;1;2;;;1;1;;0;0;0;;;0;;0;0;0;;1;1;0;0;0;0;1;;0;;0;0;1;0;0;0;0;1;0;0;0;0;;;;1;0;0;0;1;1;1;;;1;0;1;0;0;;1;1;1;0;0;0;0;1;0;1;0;0;0;0;0;0;0;0;0;0;0;0;1;0;1;0;1;0;0;0;;;0;1;1;1;1;1;0;1;1;0;;30;0;30;30;30;1;1;1;1;1;1;0;1;4;1;5;1;3;1;2;1;30;;;;;;;;;;;;;;1;37;0;0;0;0;;;1;1;1;1;0;1;0;1;1;;1;7;1;13;1;1;1;3;1;1;0;0;0;0;1;1;0;0;1;3;1;1;1;4;1;2;0;0;0;0;0;;;;;;;1;0;1;1;0;0;0;0;0;0;0;0;0;;;;0;;;;;;;0;;;;;;;1;1;0;0;0;0;0;0;1;1;0;0;1;1;0;0;0;1;1;0;1;0;0;0;0;0;0;0;1;1;0;0;0;1;1;0;807;0;0;0;0;0;0;0;807;783;0;0;0;4;4;0;669;138;456;71;32;241;6;1;0;0;0;0;22;785;516;291;0;0;0;0;0;0;0;0;38;0;0;0;0;0;0;0;38;36;0;0;0;4;4;0;47;0;0;0;0;0;0;0;47;44;0;0;0;4;4;0
2022;Centro-Oeste;5;Distrito Federal;DF;53;Brasília;5300108;Distrito Federal;1;Brasília;1;530010805;CEP SENAC - TAGUATINGA;53011686;4;1;1;0;SETOR G NORTE, AREA ESPECIAL Nº 39;39;;TAGUATINGA NORTE TAGUATINGA;72130005;61;33555500;1;99;03JAN2022:00:00:00;18DEC2022:00:00:00;;;;;0;;;;;;;;;;;;;0;0;0;0;0;1;0;3,29697E+12;3,29697E+12;1;2;;;1;1;;0;0;0;;;0;;0;0;0;;1;1;0;0;0;0;1;;0;;0;0;1;0;0;0;0;1;0;0;0;0;;;;1;0;0;0;0;1;1;;;1;0;1;0;0;;1;1;1;1;0;0;0;1;0;0;0;0;0;0;0;0;0;0;0;0;0;0;1;1;1;0;1;0;0;0;;;0;0;1;1;0;1;0;0;1;0;;16;0;16;16;0;0;1;0;1;1;1;0;0;0;0;0;0;0;1;7;0;0;;;;;;;;;;;;;;1;24;0;0;0;0;;;1;1;1;1;0;1;0;1;1;;1;9;1;9;0;0;0;0;0;0;0;0;0;0;0;0;0;0;1;3;1;1;0;0;0;0;1;1;0;0;0;;;;;;;1;0;0;0;0;1;0;0;0;0;0;0;0;;;;0;;;;;;;0;;;;;;;1;0;0;0;0;0;0;1;0;1;0;0;1;1;0;0;0;1;1;0;1;0;0;0;0;0;0;0;1;1;0;0;0;1;1;0;787;0;0;0;0;0;0;0;787;594;0;0;0;4;4;0;556;231;232;132;29;386;4;4;0;0;0;0;213;574;521;266;0;0;0;0;0;0;0;0;33;0;0;0;0;0;0;0;33;27;0;0;0;4;4;0;59;0;0;0;0;0;0;0;59;41;0;0;0;4;4;0
2022;Centro-Oeste;5;Distrito Federal;DF;53;Brasília;5300108;Distrito Federal;1;Brasília;1;530010805;SERVICO NACIONAL DE APRENDIZAGEM COMERCIAL - SENAC GAMA;53016602;4;1;1;0;QUADRA QD 5 CJ F LT 7;7;;SETOR SUL GAMA;72410306;61;34847704;1;99;03JAN2022:00:00:00;16DEC2022:00:00:00;;;;;0;;;;;;;;;;;;;0;0;0;0;0;1;0;3,29697E+12;3,29697E+12;1;2;;;1;2;;0;0;0;;;0;;0;0;0;;1;1;0;0;0;0;1;;0;;0;0;1;0;0;0;0;1;0;0;0;0;;;;1;0;0;0;1;0;1;;;1;0;1;0;0;;1;1;0;0;0;0;0;1;0;0;0;0;0;0;0;0;0;0;0;0;0;0;1;0;1;0;1;0;0;0;;;0;1;1;0;0;0;0;0;0;0;;14;0;14;14;0;0;1;0;1;1;1;0;0;0;1;11;0;0;1;2;1;11;;;;;;;;;;;;;;1;63;0;0;0;0;;;1;1;1;1;1;1;1;3;1;;1;7;1;6;1;2;0;0;1;1;0;0;0;0;0;0;0;0;1;1;1;1;0;0;0;0;0;0;0;0;0;;;;;;;1;0;0;0;0;0;0;0;0;0;0;0;0;;;;0;;;;;;;1;0;1;0;0;0;0;1;0;0;0;0;0;0;0;1;0;0;0;1;1;0;0;0;1;1;0;1;0;0;0;0;0;0;0;1;1;0;0;0;1;1;0;362;0;0;0;0;0;0;0;362;308;0;0;0;9;9;0;263;99;178;51;17;112;4;0;0;0;0;1;81;280;252;110;0;0;0;0;0;0;0;0;17;0;0;0;0;0;0;0;17;13;0;0;0;7;7;0;26;0;0;0;0;0;0;0;26;16;0;0;0;7;7;0
2022;Centro-Oeste;5;Distrito Federal;DF;53;Brasília;5300108;Distrito Federal;1;Brasília;1;530010805;C DE EDUC PROFISSIONAL SENAC TECNOLOGIA DO TURISMO E HOSPITALIDADE;53018222;4;1;1;0;QUADRA SEPS 703/903;;;ASA SUL;70390039;61;37719868;1;99;03JAN2022:00:00:00;16DEC2022:00:00:00;;;;;0;;;;;;;;;;;;;0;0;0;0;0;1;0;3,29697E+12;3,29697E+12;1;2;;;1;1;;0;0;0;;;0;;0;0;1;;1;1;0;0;0;0;1;;0;;0;0;1;0;0;0;0;1;0;0;0;0;;;;1;0;0;0;1;0;0;;;1;0;1;0;0;;1;1;1;0;0;0;0;1;1;0;0;0;0;0;0;0;0;0;0;0;0;0;0;0;1;0;1;0;0;0;;;0;1;0;0;1;0;0;0;0;0;;10;0;10;10;5;0;1;0;0;1;0;0;0;0;1;3;0;0;0;0;1;2;;;;;;;;;;;;;;1;25;0;0;0;0;;;1;0;1;1;0;0;0;9;1;;1;10;1;6;0;0;0;0;1;1;0;0;0;0;0;0;0;0;0;0;1;1;0;0;0;0;0;0;0;0;0;;;;;;;1;0;0;1;0;0;0;0;0;0;0;0;0;;;;0;;;;;;;0;;;;;;;1;0;0;0;0;1;0;0;0;0;0;0;1;1;0;0;0;1;1;0;1;0;0;0;0;0;0;0;1;1;0;0;0;1;1;0;134;0;0;0;0;0;0;0;134;15;0;0;0;4;4;0;57;77;48;20;4;61;0;1;0;0;0;9;100;25;119;15;0;0;0;0;0;0;0;0;5;0;0;0;0;0;0;0;5;1;0;0;0;3;3;0;11;0;0;0;0;0;0;0;11;1;0;0;0;3;3;0
2022;Centro-Oeste;5;Distrito Federal;DF;53;Brasília;5300108;Distrito Federal;1;Brasília;1;530010805;SENAC ACOES MOVEIS;53018338;4;1;1;0;SIA TRECHO 3 SL 625 - 695;;SIA TRECHO 3 SL 625;GUARA;71200030;61;33618927;1;99;03JAN2022:00:00:00;16DEC2022:00:00:00;;;;;0;;;;;;;;;;;;;1;0;0;0;0;0;0;3,29697E+12;3,29697E+12;1;2;;;0;;;0;0;0;;;0;;0;1;;;1;1;0;0;0;0;1;;0;;0;0;1;0;0;0;0;1;0;0;0;0;;;;1;0;0;0;1;0;0;;;1;0;1;0;0;;0;0;1;0;0;0;0;0;0;0;0;0;0;0;0;0;0;1;0;0;0;0;1;0;0;0;1;0;0;0;;;0;0;0;0;0;1;0;0;0;0;;0;30;30;0;0;0;1;0;1;0;0;0;0;0;0;0;0;0;0;0;0;0;;;;;;;;;;;;;;1;15;0;0;0;0;;;1;0;1;0;0;0;0;2;1;;1;1;1;3;0;0;0;0;0;0;0;0;0;0;0;0;0;0;1;1;1;1;0;0;0;0;0;0;0;0;0;;;;;;;0;0;0;0;0;0;0;0;0;0;0;0;1;;;;0;;;;;;;1;0;0;0;0;0;1;1;0;0;0;0;0;0;0;1;0;0;0;1;1;0;0;0;1;0;0;1;0;0;0;0;0;0;0;1;0;0;0;0;0;0;0;21;0;0;0;0;0;0;0;21;0;0;0;0;0;0;0;9;12;5;2;0;14;0;0;0;0;0;0;15;6;21;0;0;0;0;0;0;0;0;0;7;0;0;0;0;0;0;0;7;0;0;0;0;0;0;0;9;0;0;0;0;0;0;0;9;0;0;0;0;0;0;0
2022;Centro-Oeste;5;Distrito Federal;DF;53;Brasília;5300108;Distrito Federal;1;Brasília;1;530010805;C DE EDUC PROFISSIONAL SENAC - SOBRADINHO;53029003;4;1;1;0;QUADRA QUADRA 4 CONJUNTO E;5;;SOBRADINHO;73025045;61;33871883;1;99;03JAN2022:00:00:00;16DEC2022:00:00:00;;;;;0;;;;;;;;;;;;;0;0;0;0;0;1;0;3,29697E+12;3,29697E+12;1;2;;;1;2;;1;0;1;;;0;;1;0;0;;1;1;0;0;0;0;1;;0;;0;0;1;0;0;0;0;1;0;0;0;0;;;;1;0;0;0;0;1;1;;;1;0;1;0;0;;1;1;0;0;0;0;0;1;0;0;0;0;0;0;0;0;0;0;0;0;0;0;1;0;1;0;1;0;0;0;;;0;1;0;0;1;1;0;0;0;0;;10;1;11;10;10;0;1;0;1;1;1;0;0;0;1;8;0;0;1;2;1;8;;;;;;;;;;;;;;1;50;0;0;0;0;;;1;1;1;1;0;1;0;1;1;;1;7;1;6;1;1;0;0;0;0;0;0;0;0;0;0;0;0;1;1;1;1;0;0;0;0;1;1;0;0;0;;;;;;;0;0;0;1;0;0;0;0;0;0;0;0;0;;;;0;;;;;;;0;;;;;;;1;0;0;0;0;0;0;0;1;9;0;0;1;1;0;0;0;1;1;0;1;0;0;0;0;0;0;0;1;1;0;0;0;1;1;0;325;0;0;0;0;0;0;0;325;315;0;0;0;5;5;0;221;104;190;29;7;97;1;1;0;0;0;0;94;231;219;106;0;0;0;0;0;0;0;0;14;0;0;0;0;0;0;0;14;12;0;0;0;4;4;0;23;0;0;0;0;0;0;0;23;19;0;0;0;4;4;0
2022;Centro-Oeste;5;Distrito Federal;DF;53;Brasília;5300108;Distrito Federal;1;Brasília;1;530010805;C DE EDUC PROFISSIONAL SENAC - JESSE FREIRE;53045009;4;1;1;0;GRANDE USUARIO SCS QUADRA 6 BLOCO A LOTE 172;;;ASA SUL;70306908;61;32265211;1;99;03JAN2022:00:00:00;16DEC2022:00:00:00;;;;;0;;;;;;;;;;;;;1;0;0;0;1;1;0;3,29697E+12;1E+14;1;2;;;1;2;;0;0;0;;;0;;0;1;0;;1;1;0;0;0;0;1;;0;;0;0;1;0;0;0;0;1;0;0;0;0;;;;1;0;0;0;1;0;1;;;1;0;1;1;0;;1;1;0;0;0;0;0;1;0;0;0;0;0;0;0;0;0;0;0;0;0;0;1;0;1;0;1;0;0;0;;;0;0;1;0;1;1;0;0;0;0;;27;0;27;27;27;0;1;0;1;1;0;0;0;0;1;23;0;0;0;0;1;23;;;;;;;;;;;;;;1;284;1;2;1;28;;;1;1;1;1;0;1;0;1;1;;1;4;1;9;1;2;0;0;0;0;0;0;0;0;0;0;0;0;1;3;0;0;0;0;0;0;0;0;0;0;0;;;;;;;0;0;0;1;0;0;0;0;0;0;0;0;0;;;;0;;;;;;;0;;;;;;;1;0;0;0;0;0;0;0;1;1;0;0;1;1;0;0;0;1;1;0;1;0;0;0;0;0;0;0;1;1;0;0;0;1;1;0;556;0;0;0;0;0;0;0;556;442;0;0;0;9;9;0;309;247;264;87;30;173;2;0;0;0;0;8;82;466;443;113;0;0;0;0;0;0;0;0;23;0;0;0;0;0;0;0;23;17;0;0;0;6;6;0;37;0;0;0;0;0;0;0;37;27;0;0;0;6;6;0
