NU_ANO_CENSO;NO_REGIAO;CO_REGIAO;NO_UF;SG_UF;CO_UF;NO_MUNICIPIO;CO_MUNICIPIO;NO_REGIAO_GEOG_INTERM;CO_REGIAO_GEOG_INTERM;NO_REGIAO_GEOG_IMED;CO_REGIAO_GEOG_IMED;NO_MESORREGIAO;CO_MESORREGIAO;NO_MICRORREGIAO;CO_MICRORREGIAO;CO_DISTRITO;NO_ENTIDADE;CO_ENTIDADE;TP_DEPENDENCIA;TP_CATEGORIA_ESCOLA_PRIVADA;TP_LOCALIZACAO;TP_LOCALIZACAO_DIFERENCIADA;DS_ENDERECO;NU_ENDERECO;DS_COMPLEMENTO;NO_BAIRRO;CO_CEP;NU_DDD;NU_TELEFONE;TP_SITUACAO_FUNCIONAMENTO;CO_ORGAO_REGIONAL;DT_ANO_LETIVO_INICIO;DT_ANO_LETIVO_TERMINO;IN_VINCULO_SECRETARIA_EDUCACAO;IN_VINCULO_SEGURANCA_PUBLICA;IN_VINCULO_SECRETARIA_SAUDE;IN_VINCULO_OUTRO_ORGAO;IN_PODER_PUBLICO_PARCERIA;TP_PODER_PUBLICO_PARCERIA;IN_FORMA_CONT_TERMO_COLABORA;IN_FORMA_CONT_TERMO_FOMENTO;IN_FORMA_CONT_ACORDO_COOP;IN_FORMA_CONT_PRESTACAO_SERV;IN_FORMA_CONT_COOP_TEC_FIN;IN_FORMA_CONT_CONSORCIO_PUB;IN_FORMA_CONT_MU_TERMO_COLAB;IN_FORMA_CONT_MU_TERMO_FOMENTO;IN_FORMA_CONT_MU_ACORDO_COOP;IN_FORMA_CONT_MU_PREST_SERV;IN_FORMA_CONT_MU_COOP_TEC_FIN;IN_FORMA_CONT_MU_CONSORCIO_PUB;IN_FORMA_CONT_ES_TERMO_COLAB;IN_FORMA_CONT_ES_TERMO_FOMENTO;IN_FORMA_CONT_ES_ACORDO_COOP;IN_FORMA_CONT_ES_PREST_SERV;IN_FORMA_CONT_ES_COOP_TEC_FIN;IN_FORMA_CONT_ES_CONSORCIO_PUB;IN_MANT_ESCOLA_PRIVADA_EMP;IN_MANT_ESCOLA_PRIVADA_ONG;IN_MANT_ESCOLA_PRIVADA_OSCIP;IN_MANT_ESCOLA_PRIV_ONG_OSCIP;IN_MANT_ESCOLA_PRIVADA_SIND;IN_MANT_ESCOLA_PRIVADA_SIST_S;IN_MANT_ESCOLA_PRIVADA_S_FINS;NU_CNPJ_ESCOLA_PRIVADA;NU_CNPJ_MANTENEDORA;TP_REGULAMENTACAO;TP_RESPONSAVEL_REGULAMENTACAO;CO_ESCOLA_SEDE_VINCULADA;CO_IES_OFERTANTE;IN_LOCAL_FUNC_PREDIO_ESCOLAR;TP_OCUPACAO_PREDIO_ESCOLAR;IN_LOCAL_FUNC_SOCIOEDUCATIVO;IN_LOCAL_FUNC_UNID_PRISIONAL;IN_LOCAL_FUNC_PRISIONAL_SOCIO;IN_LOCAL_FUNC_GALPAO;TP_OCUPACAO_GALPAO;IN_LOCAL_FUNC_SALAS_OUTRA_ESC;IN_LOCAL_FUNC_OUTROS;IN_PREDIO_COMPARTILHADO;IN_AGUA_POTAVEL;IN_AGUA_REDE_PUBLICA;IN_AGUA_POCO_ARTESIANO;IN_AGUA_CACIMBA;IN_AGUA_FONTE_RIO;IN_AGUA_INEXISTENTE;IN_ENERGIA_REDE_PUBLICA;IN_ENERGIA_GERADOR_FOSSIL;IN_ENERGIA_RENOVAVEL;IN_ENERGIA_INEXISTENTE;IN_ESGOTO_REDE_PUBLICA;IN_ESGOTO_FOSSA_SEPTICA;IN_ESGOTO_FOSSA_COMUM;IN_ESGOTO_FOSSA;IN_ESGOTO_INEXISTENTE;IN_LIXO_SERVICO_COLETA;IN_LIXO_QUEIMA;IN_LIXO_ENTERRA;IN_LIXO_DESTINO_FINAL_PUBLICO;IN_LIXO_DESCARTA_OUTRA_AREA;IN_TRATAMENTO_LIXO_SEPARACAO;IN_TRATAMENTO_LIXO_REUTILIZA;IN_TRATAMENTO_LIXO_RECICLAGEM;IN_TRATAMENTO_LIXO_INEXISTENTE;IN_ALMOXARIFADO;IN_AREA_VERDE;IN_AUDITORIO;IN_BANHEIRO;IN_BANHEIRO_EI;IN_BANHEIRO_PNE;IN_BANHEIRO_FUNCIONARIOS;IN_BANHEIRO_CHUVEIRO;IN_BIBLIOTECA;IN_BIBLIOTECA_SALA_LEITURA;IN_COZINHA;IN_DESPENSA;IN_DORMITORIO_ALUNO;IN_DORMITORIO_PROFESSOR;IN_LABORATORIO_CIENCIAS;IN_LABORATORIO_INFORMATICA;IN_LABORATORIO_EDUC_PROF;IN_PATIO_COBERTO;IN_PATIO_DESCOBERTO;IN_PARQUE_INFANTIL;IN_PISCINA;IN_QUADRA_ESPORTES;IN_QUADRA_ESPORTES_COBERTA;IN_QUADRA_ESPORTES_DESCOBERTA;IN_REFEITORIO;IN_SALA_ATELIE_ARTES;IN_SALA_MUSICA_CORAL;IN_SALA_ESTUDIO_DANCA;IN_SALA_MULTIUSO;IN_SALA_ESTUDIO_GRAVACAO;IN_SALA_OFICINAS_EDUC_PROF;IN_SALA_DIRETORIA;IN_SALA_LEITURA;IN_SALA_PROFESSOR;IN_SALA_REPOUSO_ALUNO;IN_SECRETARIA;IN_SALA_ATENDIMENTO_ESPECIAL;IN_TERREIRAO;IN_VIVEIRO;IN_DEPENDENCIAS_OUTRAS;IN_ACESSIBILIDADE_CORRIMAO;IN_ACESSIBILIDADE_ELEVADOR;IN_ACESSIBILIDADE_PISOS_TATEIS;IN_ACESSIBILIDADE_VAO_LIVRE;IN_ACESSIBILIDADE_RAMPAS;IN_ACESSIBILIDADE_SINAL_SONORO;IN_ACESSIBILIDADE_SINAL_TATIL;IN_ACESSIBILIDADE_SINAL_VISUAL;IN_ACESSIBILIDADE_INEXISTENTE;QT_SALAS_UTILIZADAS_DENTRO;QT_SALAS_UTILIZADAS_FORA;QT_SALAS_UTILIZADAS;QT_SALAS_UTILIZA_CLIMATIZADAS;QT_SALAS_UTILIZADAS_ACESSIVEIS;IN_EQUIP_PARABOLICA;IN_COMPUTADOR;IN_EQUIP_COPIADORA;IN_EQUIP_IMPRESSORA;IN_EQUIP_IMPRESSORA_MULT;IN_EQUIP_SCANNER;IN_EQUIP_NENHUM;IN_EQUIP_DVD;QT_EQUIP_DVD;IN_EQUIP_SOM;QT_EQUIP_SOM;IN_EQUIP_TV;QT_EQUIP_TV;IN_EQUIP_LOUSA_DIGITAL;QT_EQUIP_LOUSA_DIGITAL;IN_EQUIP_MULTIMIDIA;QT_EQUIP_MULTIMIDIA;IN_DESKTOP_ALUNO;QT_DESKTOP_ALUNO;IN_COMP_PORTATIL_ALUNO;QT_COMP_PORTATIL_ALUNO;IN_TABLET_ALUNO;QT_TABLET_ALUNO;IN_INTERNET;IN_INTERNET_ALUNOS;IN_INTERNET_ADMINISTRATIVO;IN_INTERNET_APRENDIZAGEM;IN_INTERNET_COMUNIDADE;IN_ACESSO_INTERNET_COMPUTADOR;IN_ACES_INTERNET_DISP_PESSOAIS;TP_REDE_LOCAL;IN_BANDA_LARGA;IN_PROF_ADMINISTRATIVOS;QT_PROF_ADMINISTRATIVOS;IN_PROF_SERVICOS_GERAIS;QT_PROF_SERVICOS_GERAIS;IN_PROF_BIBLIOTECARIO;QT_PROF_BIBLIOTECARIO;IN_PROF_SAUDE;QT_PROF_SAUDE;IN_PROF_COORDENADOR;QT_PROF_COORDENADOR;IN_PROF_FONAUDIOLOGO;QT_PROF_FONAUDIOLOGO;IN_PROF_NUTRICIONISTA;QT_PROF_NUTRICIONISTA;IN_PROF_PSICOLOGO;QT_PROF_PSICOLOGO;IN_PROF_ALIMENTACAO;QT_PROF_ALIMENTACAO;IN_PROF_PEDAGOGIA;QT_PROF_PEDAGOGIA;IN_PROF_SECRETARIO;QT_PROF_SECRETARIO;IN_PROF_SEGURANCA;QT_PROF_SEGURANCA;IN_PROF_MONITORES;QT_PROF_MONITORES;IN_PROF_GESTAO;QT_PROF_GESTAO;IN_PROF_ASSIST_SOCIAL;QT_PROF_ASSIST_SOCIAL;IN_PROF_TRAD_LIBRAS;QT_PROF_TRAD_LIBRAS;IN_ALIMENTACAO;IN_MATERIAL_PED_MULTIMIDIA;IN_MATERIAL_PED_INFANTIL;IN_MATERIAL_PED_CIENTIFICO;IN_MATERIAL_PED_DIFUSAO;IN_MATERIAL_PED_MUSICAL;IN_MATERIAL_PED_JOGOS;IN_MATERIAL_PED_ARTISTICAS;IN_MATERIAL_PED_PROFISSIONAL;IN_MATERIAL_PED_DESPORTIVA;IN_MATERIAL_PED_INDIGENA;IN_MATERIAL_PED_ETNICO;IN_MATERIAL_PED_CAMPO;IN_MATERIAL_PED_BIL_SURDOS;IN_MATERIAL_PED_NENHUM;IN_EDUCACAO_INDIGENA;TP_INDIGENA_LINGUA;CO_LINGUA_INDIGENA_1;CO_LINGUA_INDIGENA_2;CO_LINGUA_INDIGENA_3;IN_EXAME_SELECAO;IN_RESERVA_PPI;IN_RESERVA_RENDA;IN_RESERVA_PUBLICA;IN_RESERVA_PCD;IN_RESERVA_OUTROS;IN_RESERVA_NENHUMA;IN_REDES_SOCIAIS;IN_ESPACO_ATIVIDADE;IN_ESPACO_EQUIPAMENTO;IN_ORGAO_ASS_PAIS;IN_ORGAO_ASS_PAIS_MESTRES;IN_ORGAO_CONSELHO_ESCOLAR;IN_ORGAO_GREMIO_ESTUDANTIL;IN_ORGAO_OUTROS;IN_ORGAO_NENHUM;TP_PROPOSTA_PEDAGOGICA;TP_AEE;TP_ATIVIDADE_COMPLEMENTAR;IN_MEDIACAO_PRESENCIAL;IN_MEDIACAO_SEMIPRESENCIAL;IN_MEDIACAO_EAD;IN_REGULAR;IN_DIURNO;IN_NOTURNO;IN_EAD;IN_ESCOLARIZACAO;IN_INF;IN_INF_CRE;IN_INF_PRE;IN_FUND;IN_FUND_AI;IN_FUND_AF;IN_MED;IN_PROF;IN_PROF_TEC;IN_EJA;IN_EJA_FUND;IN_EJA_MED;IN_ESP;IN_ESP_CC;IN_ESP_CE;QT_MAT_BAS;QT_MAT_INF;QT_MAT_INF_CRE;QT_MAT_INF_PRE;QT_MAT_FUND;QT_MAT_FUND_AI;QT_MAT_FUND_AI_1;QT_MAT_FUND_AI_2;QT_MAT_FUND_AI_3;QT_MAT_FUND_AI_4;QT_MAT_FUND_AI_5;QT_MAT_FUND_AF;QT_MAT_FUND_AF_6;QT_MAT_FUND_AF_7;QT_MAT_FUND_AF_8;QT_MAT_FUND_AF_9;QT_MAT_MED;QT_MAT_MED_PROP;QT_MAT_MED_PROP_1;QT_MAT_MED_PROP_2;QT_MAT_MED_PROP_3;QT_MAT_MED_PROP_4;QT_MAT_MED_PROP_NS;QT_MAT_MED_CT;QT_MAT_MED_CT_1;QT_MAT_MED_CT_2;QT_MAT_MED_CT_3;QT_MAT_MED_CT_4;QT_MAT_MED_CT_NS;QT_MAT_MED_NM;QT_MAT_MED_NM_1;QT_MAT_MED_NM_2;QT_MAT_MED_NM_3;QT_MAT_MED_NM_4;QT_MAT_PROF;QT_MAT_PROF_TEC;QT_MAT_PROF_TEC_CONC;QT_MAT_PROF_TEC_SUBS;QT_MAT_PROF_FIC_CONC;QT_MAT_EJA;QT_MAT_EJA_FUND;QT_MAT_EJA_FUND_AI;QT_MAT_EJA_FUND_AF;QT_MAT_EJA_FUND_FIC;QT_MAT_EJA_MED;QT_MAT_EJA_MED_NPROF;QT_MAT_EJA_MED_FIC;QT_MAT_EJA_MED_TEC;QT_MAT_ESP;QT_MAT_ESP_CC;QT_MAT_ESP_CE;QT_MAT_BAS_FEM;QT_MAT_BAS_MASC;QT_MAT_BAS_ND;QT_MAT_BAS_BRANCA;QT_MAT_BAS_PRETA;QT_MAT_BAS_PARDA;QT_MAT_BAS_AMARELA;QT_MAT_BAS_INDIGENA;QT_MAT_BAS_0_3;QT_MAT_BAS_4_5;QT_MAT_BAS_6_10;QT_MAT_BAS_11_14;QT_MAT_BAS_15_17;QT_MAT_BAS_18_MAIS;QT_MAT_BAS_D;QT_MAT_BAS_N;QT_MAT_BAS_EAD;QT_MAT_INF_INT;QT_MAT_INF_CRE_INT;QT_MAT_INF_PRE_INT;QT_MAT_FUND_INT;QT_MAT_FUND_AI_INT;QT_MAT_FUND_AF_INT;QT_MAT_MED_INT;QT_MAT_ZR_URB;QT_MAT_ZR_RUR;QT_MAT_ZR_NA;QT_TRANSP_PUBLICO;QT_TRANSP_RESP_EST;QT_TRANSP_RESP_MUN;QT_DOC_BAS;QT_DOC_INF;QT_DOC_INF_CRE;QT_DOC_INF_PRE;QT_DOC_FUND;QT_DOC_FUND_AI;QT_DOC_FUND_AF;QT_DOC_MED;QT_DOC_PROF;QT_DOC_PROF_TEC;QT_DOC_EJA;QT_DOC_EJA_FUND;QT_DOC_EJA_MED;QT_DOC_ESP;QT_DOC_ESP_CC;QT_DOC_ESP_CE;QT_TUR_BAS;QT_TUR_INF;QT_TUR_INF_CRE;QT_TUR_INF_PRE;QT_TUR_FUND;QT_TUR_FUND_AI;QT_TUR_FUND_AF;QT_TUR_MED;QT_TUR_PROF;QT_TUR_PROF_TEC;QT_TUR_EJA;QT_TUR_EJA_FUND;QT_TUR_EJA_MED;QT_TUR_ESP;QT_TUR_ESP_CC;QT_TUR_ESP_CE;QT_TUR_BAS_D;QT_TUR_BAS_N;QT_TUR_BAS_EAD;QT_TUR_INF_INT;QT_TUR_INF_CRE_INT;QT_TUR_INF_PRE_INT;QT_TUR_FUND_INT;QT_TUR_FUND_AI_INT;QT_TUR_FUND_AF_INT;QT_TUR_MED_INT
2023;Norte;1;Rondônia;RO;11;Porto Velho;1100205;Porto Velho;1101;Porto Velho;110001;Madeira-Guaporé;1101;Porto Velho;11001;110020505;CENTRO DE EDUCACAO PROFISSIONAL SENAC ESPLANADA;11047941;4;1;1;0;RUA TABAJARA;539;AO LADO DO TJ;PANAIR;76801348;69;21816900;1;9;09JAN23:00:00:00;15DEC23:00:00:00;;;;;0;;;;;;;;;;;;;;;;;;;;0;0;0;0;0;1;0;3,58187E+12;3,58187E+12;1;2;;;1;1;0;0;0;0;;0;0;0;1;1;0;0;0;0;1;1;0;0;0;1;0;1;0;1;0;0;0;0;1;0;1;0;0;1;1;1;0;1;1;1;1;1;1;1;0;0;1;1;0;1;0;0;0;0;0;0;0;0;0;0;1;0;0;1;1;1;0;1;1;0;0;0;1;0;1;1;1;0;1;1;0;21;0;21;21;21;0;1;0;1;1;0;0;0;0;0;0;1;21;0;0;1;2;1;131;0;0;0;0;1;1;1;1;0;1;0;3;1;1;3;1;14;0;0;0;0;0;0;0;0;0;0;0;0;0;0;1;4;1;1;0;0;0;0;1;1;0;0;0;0;0;1;0;1;1;0;0;0;1;0;0;1;0;0;0;0;;;;;0;;;;;;;1;0;0;0;0;0;0;0;1;0;0;0;1;0;0;0;1;1;0;1;0;0;0;0;0;0;0;1;1;0;0;0;1;1;0;244;0;0;0;0;0;0;0;0;0;0;0;0;0;0;0;0;0;0;0;0;0;0;0;0;0;0;0;0;0;0;0;0;0;244;244;56;188;0;0;0;0;0;0;0;0;0;0;5;5;0;146;98;24;34;17;166;0;3;0;0;0;0;42;202;58;186;0;0;0;0;0;0;0;0;234;10;0;0;0;0;22;0;0;0;0;0;0;0;22;22;0;0;0;9;9;0;12;0;0;0;0;0;0;0;12;12;0;0;0;4;4;0;3;9;0;0;0;0;0;0;0;0
2023;Norte;1;Rondônia;RO;11;Pimenta Bueno;1100189;Ji-Paraná;1102;Cacoal;110005;Leste Rondoniense;1102;Vilhena;11007;110018905;CENTRO DE EDUCACAO PROFISSIONAL SENAC PIMENTA BUENO;11049731;4;1;1;0;RUA RAPOSO TAVARES;698;PROXIMO ATACAREJO;CTG;76970000;69;34516235;1;10;09JAN23:00:00:00;15DEC23:00:00:00;;;;;0;;;;;;;;;;;;;;;;;;;;0;0;0;0;0;1;0;3,58187E+12;3,58187E+12;1;2;;;1;1;0;0;0;0;;0;0;0;1;1;0;0;0;0;1;0;0;0;1;0;0;0;0;1;0;0;0;0;0;0;0;1;0;0;0;1;0;0;1;0;1;1;0;1;0;0;0;1;0;0;0;0;0;0;0;0;0;0;0;0;0;0;0;1;0;0;0;1;0;0;0;0;0;0;0;0;1;0;0;0;0;6;0;6;6;0;0;1;0;1;1;0;0;0;0;1;1;1;8;0;0;1;1;1;30;0;0;0;0;1;1;1;0;0;1;0;1;1;1;2;1;2;0;0;0;0;0;0;0;0;0;0;0;0;0;0;0;0;0;0;0;0;0;0;1;1;0;0;0;0;0;1;0;0;1;0;0;0;1;0;0;0;0;0;0;0;;;;;0;;;;;;;1;0;1;0;0;1;0;0;0;0;0;0;1;0;0;0;0;1;0;1;0;0;0;0;0;0;0;1;1;0;0;0;0;0;0;34;0;0;0;0;0;0;0;0;0;0;0;0;0;0;0;0;0;0;0;0;0;0;0;0;0;0;0;0;0;0;0;0;0;34;34;1;33;0;0;0;0;0;0;0;0;0;0;0;0;0;23;11;3;6;2;23;0;0;0;0;0;0;0;34;0;34;0;0;0;0;0;0;0;0;34;0;0;0;0;0;2;0;0;0;0;0;0;0;2;2;0;0;0;0;0;0;1;0;0;0;0;0;0;0;1;1;0;0;0;0;0;0;0;1;0;0;0;0;0;0;0;0
2023;Norte;1;Rondônia;RO;11;Ariquemes;1100023;Porto Velho;1101;Ariquemes;110002;Leste Rondoniense;1102;Ariquemes;11003;110002305;SENAC ARIQUEMES;11049758;4;1;1;0;RUA DOS INOCENTES;131;;SETOR GRANDES AREAS;76876674;69;35361290;1;1;09JAN23:00:00:00;15DEC23:00:00:00;;;;;0;;;;;;;;;;;;;;;;;;;;0;0;0;0;0;1;0;3,58187E+12;3,58187E+12;1;2;;;1;2;0;0;0;0;;0;0;0;1;1;0;0;0;0;1;0;0;0;0;1;0;1;0;1;0;0;0;0;0;0;0;1;1;0;0;1;0;1;1;1;0;0;0;0;0;0;0;1;1;1;0;0;0;0;0;0;0;0;0;0;0;0;0;1;0;0;0;1;0;0;0;0;0;0;1;1;0;0;0;0;0;5;0;5;5;0;0;1;0;0;1;0;0;0;0;0;0;1;5;0;0;0;0;1;88888;1;88888;1;11;1;1;1;1;1;1;1;3;1;1;2;1;1;0;0;0;0;1;1;0;0;0;0;0;0;0;0;0;0;0;0;0;0;0;0;0;0;0;0;0;0;0;1;0;1;1;0;1;0;1;0;0;0;0;0;0;0;;;;;0;;;;;;;1;1;1;0;0;1;0;0;0;1;0;0;1;0;0;0;0;1;0;1;0;0;0;0;0;0;0;1;1;0;0;0;0;0;0;9;0;0;0;0;0;0;0;0;0;0;0;0;0;0;0;0;0;0;0;0;0;0;0;0;0;0;0;0;0;0;0;0;0;9;9;1;8;0;0;0;0;0;0;0;0;0;0;0;0;0;6;3;0;1;2;6;0;0;0;0;0;0;1;8;0;9;0;0;0;0;0;0;0;0;9;0;0;0;0;0;2;0;0;0;0;0;0;0;2;2;0;0;0;0;0;0;1;0;0;0;0;0;0;0;1;1;0;0;0;0;0;0;0;1;0;0;0;0;0;0;0;0
2023;Norte;1;Rondônia;RO;11;Jaru;1100114;Porto Velho;1101;Jaru;110003;Leste Rondoniense;1102;Ji-Paraná;11004;110011405;SERVICO NACIONAL DE APRENDIZAGEM COMERCIAL - SENAC JARU;11050047;4;1;1;0;RUA FLORIANOPOLIS;3045;ENFRENTE CAIXA ECO;SETOR 2;76890000;69;35213730;1;6;09JAN23:00:00:00;15DEC23:00:00:00;;;;;0;;;;;;;;;;;;;;;;;;;;0;0;0;0;0;1;0;3,58187E+12;3,58187E+12;1;2;;;1;1;0;0;0;0;;0;0;0;1;1;0;0;0;0;1;0;0;0;0;1;0;1;0;1;0;0;0;0;0;0;0;1;0;0;0;1;0;1;0;0;0;0;0;0;0;0;0;1;0;1;0;0;0;0;0;0;0;0;0;0;0;0;0;0;0;1;0;1;0;0;0;0;1;1;1;1;1;0;0;0;0;9;0;9;9;0;0;1;0;0;1;0;0;0;0;0;0;1;9;0;0;0;0;1;35;0;0;1;7;1;1;1;0;0;1;1;3;1;1;3;1;3;0;0;0;0;1;1;0;0;0;0;0;0;0;0;0;0;0;0;0;0;0;0;0;0;0;0;0;0;0;1;0;0;0;0;0;0;1;0;0;0;0;0;0;0;;;;;0;;;;;;;1;0;1;0;0;1;0;0;0;1;0;0;1;0;0;0;0;1;0;1;0;0;0;0;0;0;0;1;1;0;0;0;1;1;0;65;0;0;0;0;0;0;0;0;0;0;0;0;0;0;0;0;0;0;0;0;0;0;0;0;0;0;0;0;0;0;0;0;0;65;65;11;54;0;0;0;0;0;0;0;0;0;0;2;2;0;29;36;0;23;6;36;0;0;0;0;0;0;11;54;0;65;0;0;0;0;0;0;0;0;61;4;0;0;0;0;11;0;0;0;0;0;0;0;11;11;0;0;0;5;5;0;3;0;0;0;0;0;0;0;3;3;0;0;0;2;2;0;0;3;0;0;0;0;0;0;0;0
2023;Norte;1;Rondônia;RO;11;Cacoal;1100049;Ji-Paraná;1102;Cacoal;110005;Leste Rondoniense;1102;Cacoal;11006;110004905;SENAC-CACOAL-RO;11106832;4;1;1;0;AVENIDA DOIS DE JUNHO;2563;;CENTRO;76963787;69;34414927;1;2;09JAN23:00:00:00;15DEC23:00:00:00;;;;;0;;;;;;;;;;;;;;;;;;;;0;0;0;0;0;1;0;3,58187E+12;3,58187E+12;1;2;;;1;1;0;0;0;0;;0;0;0;1;1;0;0;0;0;1;0;0;0;0;1;0;1;0;1;0;0;0;0;0;0;0;1;1;0;0;1;0;1;0;0;1;1;1;0;0;0;0;1;0;0;0;0;0;0;0;0;0;0;0;0;0;0;0;1;1;1;0;1;0;0;0;0;1;1;0;1;1;0;0;0;0;11;0;11;11;0;1;1;0;1;1;0;0;0;0;1;2;1;11;0;0;1;1;1;55;0;0;1;5;1;1;1;1;0;1;1;3;1;1;3;1;3;0;0;0;0;0;0;0;0;0;0;0;0;0;0;0;0;0;0;0;0;0;0;1;1;0;0;0;0;0;1;0;1;1;0;1;0;1;0;0;0;0;0;0;0;;;;;0;;;;;;;1;0;1;0;0;0;0;0;1;0;0;0;1;0;0;0;1;1;0;1;0;0;0;0;0;0;0;1;1;0;0;0;1;1;0;85;0;0;0;0;0;0;0;0;0;0;0;0;0;0;0;0;0;0;0;0;0;0;0;0;0;0;0;0;0;0;0;0;0;85;85;8;77;0;0;0;0;0;0;0;0;0;0;2;2;0;73;12;3;23;3;56;0;0;0;0;0;0;6;79;7;78;0;0;0;0;0;0;0;0;79;6;0;0;0;0;6;0;0;0;0;0;0;0;6;6;0;0;0;2;2;0;4;0;0;0;0;0;0;0;4;4;0;0;0;2;2;0;1;3;0;0;0;0;0;0;0;0
2023;Norte;1;Rondônia;RO;11;Ji-Paraná;1100122;Ji-Paraná;1102;Ji-Paraná;110004;Leste Rondoniense;1102;Ji-Paraná;11004;110012205;SERVICO NACIONAL DE APRENDIZAGEM COMERCIAL - SENAC JI-PARANA;11110813;4;1;1;0;AVENIDA DOIS DE ABRIL;2004;;DOIS DE ABRIL;76900808;69;34210659;1;7;09JAN23:00:00:00;15DEC23:00:00:00;;;;;0;;;;;;;;;;;;;;;;;;;;0;0;0;0;0;1;0;3,58187E+12;3,58187E+12;1;2;;;1;1;0;0;0;0;;0;0;0;1;1;0;0;0;0;1;0;0;0;0;1;0;1;0;1;0;0;0;0;0;0;0;1;1;0;1;1;0;1;0;1;1;1;0;0;0;0;0;1;1;1;1;0;0;0;0;0;0;0;0;0;0;0;0;1;0;0;0;0;0;0;0;0;1;0;0;1;1;0;0;0;0;8;0;8;8;6;0;1;0;1;1;0;0;1;1;1;1;1;8;0;0;1;2;1;30;0;0;1;11;1;1;1;1;0;1;1;3;1;1;88888;1;3;0;0;0;0;0;0;0;0;0;0;0;0;0;0;0;0;0;0;0;0;0;0;1;1;0;0;0;0;0;1;0;1;1;0;1;0;1;0;0;0;0;0;0;0;;;;;0;;;;;;;1;0;1;0;0;1;0;0;0;0;0;0;1;0;0;0;0;1;0;1;0;0;0;0;0;0;0;1;1;0;0;0;1;1;0;26;0;0;0;0;0;0;0;0;0;0;0;0;0;0;0;0;0;0;0;0;0;0;0;0;0;0;0;0;0;0;0;0;0;26;26;5;21;0;0;0;0;0;0;0;0;0;0;1;1;0;15;11;1;5;2;18;0;0;0;0;0;0;2;24;0;26;0;0;0;0;0;0;0;0;26;0;0;0;0;0;11;0;0;0;0;0;0;0;11;11;0;0;0;6;6;0;2;0;0;0;0;0;0;0;2;2;0;0;0;1;1;0;0;2;0;0;0;0;0;0;0;0
2023;Norte;1;Rondônia;RO;11;Vilhena;1100304;Ji-Paraná;1102;Vilhena;110006;Leste Rondoniense;1102;Vilhena;11007;110030405;SENAC VILHENA;11110821;4;1;1;0;AVENIDA AVENIDA SABINO BEZERRA DE QUEIROZ;3661;;JARDIM AMERICA;76980794;69;33221060;1;13;09JAN23:00:00:00;15DEC23:00:00:00;;;;;0;;;;;;;;;;;;;;;;;;;;0;0;0;0;0;1;0;3,58187E+12;3,58187E+12;1;2;;;1;1;0;0;0;0;;0;0;0;1;1;0;1;0;0;1;0;0;0;0;1;0;1;0;1;0;0;0;0;1;0;0;0;1;1;0;1;0;1;0;1;1;1;1;1;0;0;0;1;0;1;1;0;0;0;0;0;0;0;0;0;0;0;0;1;0;1;0;1;0;0;0;0;1;0;0;1;1;0;0;1;0;10;0;10;10;10;1;1;1;1;1;0;0;1;1;1;2;1;10;0;0;1;1;1;54;0;0;0;0;1;1;1;1;0;1;1;3;1;1;2;1;3;0;0;0;0;0;0;0;0;0;0;0;0;0;0;0;0;0;0;0;0;0;0;1;1;0;0;0;0;0;1;0;1;1;0;0;0;0;0;0;0;0;0;0;0;;;;;0;;;;;;;1;0;1;0;0;0;0;0;1;0;0;0;1;0;0;0;0;1;0;1;0;0;0;0;0;0;0;1;1;0;0;0;1;1;0;88;0;0;0;0;0;0;0;0;0;0;0;0;0;0;0;0;0;0;0;0;0;0;0;0;0;0;0;0;0;0;0;0;0;88;88;18;70;0;0;0;0;0;0;0;0;0;0;2;2;0;65;23;7;20;4;57;0;0;0;0;0;0;15;73;0;88;0;0;0;0;0;0;0;0;82;6;0;0;0;0;5;0;0;0;0;0;0;0;5;5;0;0;0;3;3;0;4;0;0;0;0;0;0;0;4;4;0;0;0;2;2;0;0;4;0;0;0;0;0;0;0;0
2023;Norte;1;Amazonas;AM;13;Manaus;1302603;Manaus;1301;Manaus;130001;Centro Amazonense;1303;Manaus;13007;130260305;CENTRO DE FORMACAO PROFISSIONAL FERNANDO ALFREDO PEQUENO FRANCO - SENAC;13101510;4;1;1;0;RUA SALDANHA MARINHO;410;;CENTRO;69010040;92;32157181;1;1;30JAN23:00:00:00;18DEC23:00:00:00;;;;;0;;;;;;;;;;;;;;;;;;;;0;0;0;0;0;1;0;3,96545E+12;3,96545E+12;1;2;;;1;1;0;0;0;0;;0;1;0;1;1;1;0;0;0;1;0;0;0;1;0;0;0;0;1;0;0;0;0;1;0;0;0;1;1;1;1;0;1;1;1;1;1;1;1;0;0;1;1;0;1;1;0;0;0;0;0;0;1;0;0;0;0;0;1;1;1;0;1;0;0;0;0;1;1;1;0;1;0;0;1;0;16;1;17;16;16;0;1;1;1;1;0;0;1;1;1;2;1;2;0;0;1;12;1;20;1;2;1;1;1;1;1;1;1;1;1;3;1;1;4;1;5;0;0;1;3;1;2;0;0;0;0;0;0;0;0;1;2;1;1;1;4;1;1;1;1;1;1;1;1;0;1;0;1;1;0;0;1;1;0;0;0;0;0;0;0;;;;;0;;;;;;;1;1;1;0;0;0;0;1;0;1;0;0;1;0;0;0;1;1;0;1;0;0;0;0;0;0;0;1;0;1;0;1;0;0;0;178;0;0;0;0;0;0;0;0;0;0;0;0;0;0;0;0;0;0;0;0;0;0;0;0;0;0;0;0;0;0;0;0;0;178;0;0;0;0;178;0;0;0;0;178;0;178;0;0;0;0;113;65;14;11;4;148;1;0;0;0;0;0;5;173;64;114;0;0;0;0;0;0;0;0;172;6;0;178;0;178;5;0;0;0;0;0;0;0;5;0;5;0;5;0;0;0;6;0;0;0;0;0;0;0;6;0;6;0;6;0;0;0;3;3;0;0;0;0;0;0;0;0
2023;Norte;1;Roraima;RR;14;Boa Vista;1400100;Boa Vista;1401;Boa Vista;140001;Norte de Roraima;1401;Boa Vista;14001;140010005;SERVICO NACIONAL DE APRENDIZAGEM COMERCIAL - SENAC;14325063;4;1;1;0;AVENIDA MAJOR WILLIAMS;2084;;SAO FRANCISCO;69301110;95;21211902;1;;06FEB23:00:00:00;22DEC23:00:00:00;;;;;0;;;;;;;;;;;;;;;;;;;;0;0;0;0;1;1;0;3,64798E+12;3,64798E+12;1;1;;;1;1;0;0;0;0;;0;0;0;1;1;1;0;0;0;1;1;1;0;1;0;0;0;0;1;0;0;0;0;0;0;0;1;1;1;1;1;0;1;1;1;1;1;1;0;0;0;1;1;0;0;0;0;0;0;0;0;0;0;0;0;0;0;0;1;1;1;0;1;0;0;0;0;1;1;0;1;1;0;1;1;0;40;0;40;40;40;1;1;0;1;1;1;0;0;0;1;3;1;20;1;10;1;20;1;100;0;0;0;0;1;1;1;1;0;1;0;1;1;1;1;1;6;1;1;0;0;0;0;0;0;0;0;0;0;0;0;1;6;1;1;0;0;1;1;1;5;0;0;0;0;0;1;0;0;1;0;1;0;1;0;0;0;0;0;0;0;;;;;0;;;;;;;1;1;1;0;0;0;0;0;1;1;0;0;1;0;0;0;1;1;0;1;0;0;0;0;0;0;0;1;1;0;0;0;0;0;0;239;0;0;0;0;0;0;0;0;0;0;0;0;0;0;0;0;0;0;0;0;0;0;0;0;0;0;0;0;0;0;0;0;0;239;239;35;204;0;0;0;0;0;0;0;0;0;0;0;0;0;183;56;42;16;4;170;0;7;0;0;0;0;23;216;44;195;0;0;0;0;0;0;0;0;222;17;0;0;0;0;8;0;0;0;0;0;0;0;8;8;0;0;0;0;0;0;8;0;0;0;0;0;0;0;8;8;0;0;0;0;0;0;2;6;0;0;0;0;0;0;0;0
2023;Norte;1;Pará;PA;15;Belém;1501402;Belém;1501;Belém;150001;Metropolitana de Belém;1503;Belém;15007;150140205;CENTRO DE EDUCACAO PROFISSIONAL PROFESSOR RAYMUNDO ALBERTO PAPALEO PAES - SENAC;15174964;4;1;1;0;RUA ARISTIDES LOBO;1058;;REDUTO;66053020;91;40096301;1;23;02JAN23:00:00:00;21DEC23:00:00:00;;;;;0;;;;;;;;;;;;;;;;;;;;0;0;0;0;0;1;0;3,64696E+12;3,64696E+12;1;1;;;1;1;0;0;0;0;;0;0;0;1;1;0;0;0;0;1;0;0;0;1;0;0;0;0;1;0;0;0;0;1;0;0;0;1;0;1;1;0;1;1;1;1;1;1;1;0;0;0;1;1;1;0;0;0;0;0;0;0;0;0;0;0;0;0;1;0;1;0;1;0;0;0;0;0;1;0;0;1;0;0;0;0;22;0;22;22;22;0;1;0;1;1;1;0;0;0;1;2;1;8;1;4;1;19;1;88888;1;44;1;13;1;1;1;1;0;1;1;3;1;1;8;1;9;1;1;1;88888;1;1;0;0;0;0;0;0;0;0;1;3;1;1;0;0;1;1;1;1;0;0;0;0;0;0;0;0;1;0;0;0;1;0;0;0;0;0;0;0;;;;;0;;;;;;;1;0;0;0;0;0;0;0;1;1;0;0;1;0;0;0;1;1;0;1;0;0;0;0;0;0;0;1;1;0;0;0;1;1;0;117;0;0;0;0;0;0;0;0;0;0;0;0;0;0;0;0;0;0;0;0;0;0;0;0;0;0;0;0;0;0;0;0;0;117;117;4;113;0;0;0;0;0;0;0;0;0;0;2;2;0;24;93;28;9;5;73;2;0;0;0;0;0;2;115;58;59;0;0;0;0;0;0;0;0;116;1;0;0;0;0;8;0;0;0;0;0;0;0;8;8;0;0;0;3;3;0;6;0;0;0;0;0;0;0;6;6;0;0;0;2;2;0;3;3;0;0;0;0;0;0;0;0
2023;Norte;1;Pará;PA;15;Barcarena;1501303;Belém;1501;Belém;150001;Metropolitana de Belém;1503;Belém;15007;150130305;NUCLEO DE EDUCACAO PROFISSIONAL DE BARCARENA - SENAC;15178455;4;1;1;0;AV CONEGO BATISTA CAMPOS;91;QD 337 LT 16 E 17;VILA DOS CABANOS;68447000;91;37544059;1;23;18JAN23:00:00:00;29DEC23:00:00:00;;;;;0;;;;;;;;;;;;;;;;;;;;0;0;0;0;0;1;0;3,64696E+12;3,64696E+12;1;1;;;1;2;0;0;0;0;;1;0;0;1;1;0;0;0;0;1;0;0;0;1;0;0;0;0;1;0;0;0;0;0;0;0;1;1;0;0;1;0;1;1;0;0;0;1;1;0;0;0;1;1;0;0;0;0;0;0;0;0;0;0;0;1;0;0;1;0;1;0;1;0;0;0;0;0;0;0;1;0;0;0;0;0;6;4;10;10;10;0;1;1;1;1;1;0;0;0;1;1;1;1;0;0;1;9;1;30;0;0;0;0;1;1;1;1;0;1;1;3;1;1;3;1;2;0;0;0;0;0;0;0;0;0;0;0;0;0;0;1;2;0;0;0;0;0;0;1;1;0;0;0;0;0;1;0;0;1;0;0;0;1;0;0;0;0;0;0;0;;;;;0;;;;;;;1;0;0;0;0;0;0;0;1;1;0;0;1;0;0;0;0;1;0;1;0;0;0;0;0;0;0;1;1;0;0;0;1;1;0;88;0;0;0;0;0;0;0;0;0;0;0;0;0;0;0;0;0;0;0;0;0;0;0;0;0;0;0;0;0;0;0;0;0;88;88;0;88;0;0;0;0;0;0;0;0;0;0;1;1;0;58;30;3;8;5;71;1;0;0;0;0;0;0;88;0;88;0;0;0;0;0;0;0;0;83;5;0;0;0;0;7;0;0;0;0;0;0;0;7;7;0;0;0;2;2;0;4;0;0;0;0;0;0;0;4;4;0;0;0;1;1;0;0;4;0;0;0;0;0;0;0;0
2023;Norte;1;Amapá;AP;16;Macapá;1600303;Macapá;1601;Macapá;160001;Sul do Amapá;1602;Macapá;16003;160030305;SERVICO NACIONAL DE APRENDIZAGEM COMERCIAL - SENAC DRAP;16003586;4;1;1;0;AVENIDA HENRIQUE GALUCIO;1999;;CENTRAL;68900115;96;32144101;1;;01JAN23:00:00:00;31DEC23:00:00:00;;;;;0;;;;;;;;;;;;;;;;;;;;1;0;0;0;1;1;1;3,59298E+12;3,59298E+12;1;2;;;1;1;0;0;0;0;;0;1;0;1;1;1;1;0;0;1;1;0;0;1;0;1;1;0;1;1;0;0;1;1;0;1;0;1;1;1;1;0;1;1;1;1;1;1;1;0;0;0;1;0;0;0;0;0;1;1;0;0;1;0;0;0;0;0;1;1;1;0;1;0;1;0;0;0;0;1;1;1;0;0;1;0;33;0;33;33;10;0;1;1;1;1;1;0;1;2;1;2;1;21;1;21;1;21;1;100;1;10;0;0;1;1;1;1;0;1;0;3;1;1;16;1;88888;1;1;0;0;0;0;0;0;1;1;0;0;0;0;1;9;0;0;1;4;0;0;1;3;0;0;1;2;0;1;0;0;1;0;1;1;1;1;0;0;1;0;0;0;;;;;1;0;0;0;0;0;1;1;1;1;0;0;0;0;0;1;1;0;0;1;0;0;0;1;1;0;1;0;0;0;0;0;0;0;1;1;0;0;0;0;0;0;156;0;0;0;0;0;0;0;0;0;0;0;0;0;0;0;0;0;0;0;0;0;0;0;0;0;0;0;0;0;0;0;0;0;156;156;0;156;0;0;0;0;0;0;0;0;0;0;0;0;0;128;28;56;13;10;76;1;0;0;0;0;0;0;156;89;67;0;0;0;0;0;0;0;0;149;7;0;155;0;155;6;0;0;0;0;0;0;0;6;6;0;0;0;0;0;0;5;0;0;0;0;0;0;0;5;5;0;0;0;0;0;0;3;2;0;0;0;0;0;0;0;0
2023;Nordeste;2;Maranhão;MA;21;Caxias;2103000;Caxias;2103;Caxias;210013;Leste Maranhense;2104;Caxias;21017;210300005;SERVICO NACIONAL DE APRENDIZAGEM COMERCIAL- SENAC;21279179;4;;1;;AVENIDA LUIS SALES;151;;PONTE;65609330;99;34216900;2;9;;;;;;;;;;;;;;;;;;;;;;;;;;;;;;;;;;;;;;;;;;;;;;;;;;;;;;;;;;;;;;;;;;;;;;;;;;;;;;;;;;;;;;;;;;;;;;;;;;;;;;;;;;;;;;;;;;;;;;;;;;;;;;;;;;;;;;;;;;;;;;;;;;;;;;;;;;;;;;;;;;;;;;;;;;;;;;;;;;;;;;;;;;;;;;;;;;;;;;;;;;;;;;;;;;;;;;;;;;;;;;;;;;;;;;;;;;;;;;;;;;;;;;;;;;;;;;;;;;;;;;;;;;;;;;;;;;;;;;;;;;;;;;;;;;;;;;;;;;;;;;;;;;;;;;;;;;;;;;;;;;;;;;;;;;;;;;;;;;;;;;;;;;;;;;;;;;;;;;;;;;;;;;;;;;;;;;;;
2023;Nordeste;2;Maranhão;MA;21;Imperatriz;2105302;Imperatriz;2105;Imperatriz;210019;Oeste Maranhense;2102;Imperatriz;21009;210530205;SERVICO NACIONAL DE APRENDIZAGEM COMERCIAL - SENAC;21279187;4;;1;;RUA RUI BARBOSA;203;;CENTRO;65901490;99;35244483;2;6;;;;;;;;;;;;;;;;;;;;;;;;;;;;;;;;;;;;;;;;;;;;;;;;;;;;;;;;;;;;;;;;;;;;;;;;;;;;;;;;;;;;;;;;;;;;;;;;;;;;;;;;;;;;;;;;;;;;;;;;;;;;;;;;;;;;;;;;;;;;;;;;;;;;;;;;;;;;;;;;;;;;;;;;;;;;;;;;;;;;;;;;;;;;;;;;;;;;;;;;;;;;;;;;;;;;;;;;;;;;;;;;;;;;;;;;;;;;;;;;;;;;;;;;;;;;;;;;;;;;;;;;;;;;;;;;;;;;;;;;;;;;;;;;;;;;;;;;;;;;;;;;;;;;;;;;;;;;;;;;;;;;;;;;;;;;;;;;;;;;;;;;;;;;;;;;;;;;;;;;;;;;;;;;;;;;;;;;
2023;Nordeste;2;Maranhão;MA;21;Pinheiro;2108603;São Luís;2101;Pinheiro;210002;Norte Maranhense;2101;Baixada Maranhense;21005;210860305;SERVICO NACIONAL DE APRENDIZAGEM COMERCIAL SENAC;21288640;4;1;1;0;RUA EDVALDO MORAES TRAVESSA JOAO MARIANO;;;ANTIGO AEROPORTO;65200000;98;33814271;1;8;01JAN23:00:00:00;31DEC23:00:00:00;;;;;0;;;;;;;;;;;;;;;;;;;;0;0;0;0;0;1;0;3,76004E+12;3,76004E+12;1;2;;;1;1;0;0;0;0;;0;1;0;1;0;1;0;0;0;1;0;0;0;0;1;0;1;0;1;0;0;0;0;9;9;9;9;1;0;1;1;0;1;1;1;1;1;1;1;0;0;0;1;1;1;1;0;0;0;0;0;0;0;0;0;0;0;1;1;1;1;0;1;0;0;0;0;1;1;1;0;1;0;0;0;0;13;0;13;0;0;0;1;1;1;1;1;0;0;0;0;0;0;0;0;0;1;11;1;20;0;0;0;0;1;1;1;1;0;1;0;1;1;1;88888;1;3;0;0;0;0;0;0;0;0;0;0;0;0;0;0;1;1;0;0;1;2;0;0;0;0;0;0;0;0;0;1;0;0;1;0;0;0;1;0;0;0;0;0;0;0;;;;;0;;;;;;;1;1;1;0;0;0;0;0;1;1;0;0;1;0;0;0;1;1;0;1;0;0;0;0;0;0;0;1;0;0;0;0;0;0;0;27;0;0;0;0;0;0;0;0;0;0;0;0;0;0;0;0;0;0;0;0;0;0;0;0;0;0;0;0;0;0;0;0;0;27;0;0;0;27;0;0;0;0;0;0;0;0;0;0;0;0;17;10;6;0;2;19;0;0;0;0;0;0;17;10;17;10;0;0;0;0;0;0;0;0;24;3;0;0;0;0;9;0;0;0;0;0;0;0;9;0;0;0;0;0;0;0;11;0;0;0;0;0;0;0;11;0;0;0;0;0;0;0;7;4;0;0;0;0;0;0;0;0
2023;Nordeste;2;Ceará;CE;23;Crato;2304202;Juazeiro do Norte;2304;Juazeiro do Norte;230011;Sul Cearense;2307;Cariri;23032;230420205;CENTRO DE EDUCACAO PROFISSIONAL DE CRATO - SENAC;23271906;4;1;1;0;PRACA DA SE;596;;CENTRO;63100440;88;35868750;1;18;02JAN23:00:00:00;20DEC23:00:00:00;;;;;0;;;;;;;;;;;;;;;;;;;;0;0;0;0;0;1;0;3,64834E+12;3,64834E+12;0;;;;1;1;0;0;0;0;;0;0;0;1;1;0;1;0;0;1;0;0;0;1;0;0;0;0;1;0;0;0;0;1;0;0;0;1;0;1;1;0;1;0;1;1;1;1;1;0;0;1;1;0;0;1;0;0;0;0;0;0;0;0;0;0;0;0;1;0;1;0;1;0;0;0;0;1;1;0;0;0;0;0;0;0;8;0;8;8;0;0;1;1;1;1;0;0;1;7;1;4;1;8;0;0;1;5;1;42;0;0;1;6;1;1;1;1;0;1;0;2;1;1;3;1;6;1;1;1;5;0;0;0;0;0;0;0;0;0;0;0;0;0;0;0;0;0;0;0;0;0;0;0;0;0;0;0;0;0;0;0;1;0;0;0;0;0;0;0;0;;;;;0;;;;;;;1;9;9;0;0;0;0;1;0;9;0;0;1;0;0;0;1;1;0;1;0;0;0;0;0;0;0;1;1;0;0;0;1;1;0;225;0;0;0;0;0;0;0;0;0;0;0;0;0;0;0;0;0;0;0;0;0;0;0;0;0;0;0;0;0;0;0;0;0;225;225;8;217;0;0;0;0;0;0;0;0;0;0;3;3;0;177;48;92;30;2;100;1;0;0;0;0;0;2;223;133;92;0;0;0;0;0;0;0;0;184;41;0;0;0;0;8;0;0;0;0;0;0;0;8;8;0;0;0;2;2;0;12;0;0;0;0;0;0;0;12;12;0;0;0;2;2;0;8;4;0;0;0;0;0;0;0;0
2023;Nordeste;2;Ceará;CE;23;Sobral;2312908;Sobral;2306;Sobral;230015;Noroeste Cearense;2301;Sobral;23005;231290805;CENTRO DE EDUCACAO PROFISSIONAL DE SOBRAL - SENAC;23271922;4;1;1;0;RUA DOUTOR JOAO DO MONTE;980;;CENTRO;62010220;88;36778700;1;6;02JAN23:00:00:00;01DEC23:00:00:00;;;;;0;;;;;;;;;;;;;;;;;;;;0;0;0;0;0;1;0;3,64834E+12;3,64834E+12;1;2;;;1;2;0;0;0;0;;0;0;0;1;1;0;0;0;0;1;0;0;0;1;0;0;0;0;1;0;0;0;0;1;0;0;0;1;0;1;1;0;1;0;1;1;1;1;0;0;0;0;1;1;0;0;0;0;1;1;0;1;0;0;0;1;0;1;1;1;1;0;1;0;0;0;0;1;0;0;1;1;0;1;1;0;12;0;12;12;3;1;1;1;1;1;1;0;1;3;1;12;0;0;0;0;1;12;1;88888;1;20;1;5;1;1;1;1;1;1;1;2;1;1;88888;1;3;1;1;1;88888;0;0;0;0;0;0;0;0;0;0;1;3;1;1;1;88888;0;0;1;2;1;1;0;0;0;1;0;1;1;0;0;0;1;0;0;1;0;0;0;0;;;;;1;1;1;0;1;0;0;1;1;1;0;0;1;0;0;0;1;0;0;1;0;0;0;0;1;0;1;0;0;0;0;0;0;0;1;1;0;0;0;0;0;0;16;0;0;0;0;0;0;0;0;0;0;0;0;0;0;0;0;0;0;0;0;0;0;0;0;0;0;0;0;0;0;0;0;0;16;16;16;0;0;0;0;0;0;0;0;0;0;0;0;0;0;8;8;2;4;0;10;0;0;0;0;0;0;0;16;0;16;0;0;0;0;0;0;0;0;14;2;0;8;0;8;1;0;0;0;0;0;0;0;1;1;0;0;0;0;0;0;1;0;0;0;0;0;0;0;1;1;0;0;0;0;0;0;0;1;0;0;0;0;0;0;0;0
2023;Nordeste;2;Rio Grande do Norte;RN;24;Natal;2408102;Natal;2401;Natal;240001;Leste Potiguar;2404;Natal;24018;240810205;SERVICO NACIONAL DE APRENDIZAGEM COMERCIAL - SENAC ZONA SUL;24072311;4;;1;;AVENIDA AYRTON SENNA;1362;;NEOPOLIS;59088100;84;40051087;2;1;;;;;;;;;;;;;;;;;;;;;;;;;;;;;;;;;;;;;;;;;;;;;;;;;;;;;;;;;;;;;;;;;;;;;;;;;;;;;;;;;;;;;;;;;;;;;;;;;;;;;;;;;;;;;;;;;;;;;;;;;;;;;;;;;;;;;;;;;;;;;;;;;;;;;;;;;;;;;;;;;;;;;;;;;;;;;;;;;;;;;;;;;;;;;;;;;;;;;;;;;;;;;;;;;;;;;;;;;;;;;;;;;;;;;;;;;;;;;;;;;;;;;;;;;;;;;;;;;;;;;;;;;;;;;;;;;;;;;;;;;;;;;;;;;;;;;;;;;;;;;;;;;;;;;;;;;;;;;;;;;;;;;;;;;;;;;;;;;;;;;;;;;;;;;;;;;;;;;;;;;;;;;;;;;;;;;;;;
2023;Nordeste;2;Rio Grande do Norte;RN;24;Natal;2408102;Natal;2401;Natal;240001;Leste Potiguar;2404;Natal;24018;240810205;SERVICO NACIONAL DE APRENDIZAGEM COMERCIAL - SENAC CENTRO;24078255;4;1;1;0;AVENIDA MARECHAL FLORIANO PEIXOTO;295;;PETROPOLIS;59025030;84;40051013;1;1;02JAN23:00:00:00;22DEC23:00:00:00;;;;;0;;;;;;;;;;;;;;;;;;;;0;0;0;0;1;1;0;3,64029E+12;3,64029E+12;0;;;;1;2;0;0;0;0;;0;0;0;1;1;0;0;0;0;1;0;0;0;1;0;0;0;0;1;0;0;0;0;0;0;0;1;1;1;1;1;0;1;1;1;1;1;1;1;0;0;0;1;1;0;0;0;0;0;0;0;1;0;0;0;0;0;0;1;0;1;0;1;0;0;0;0;1;1;1;1;0;1;1;1;0;23;0;23;23;23;0;1;0;1;1;1;0;0;0;0;0;1;3;1;2;1;23;1;7;1;57;1;31;1;1;1;1;1;1;1;3;1;1;5;1;11;1;2;0;0;0;0;0;0;0;0;0;0;0;0;1;2;0;0;1;2;0;0;1;1;0;0;0;0;0;1;0;0;0;0;0;0;1;0;0;0;0;0;0;0;;;;;0;;;;;;;1;0;0;0;0;0;0;0;1;0;0;0;1;0;0;0;1;1;0;1;0;0;0;0;0;0;0;1;1;0;0;0;0;0;0;99;0;0;0;0;0;0;0;0;0;0;0;0;0;0;0;0;0;0;0;0;0;0;0;0;0;0;0;0;0;0;0;0;0;99;99;0;99;0;0;0;0;0;0;0;0;0;0;0;0;0;65;34;32;35;3;29;0;0;0;0;0;0;3;96;87;12;0;0;0;0;0;0;0;0;96;3;0;95;0;95;4;0;0;0;0;0;0;0;4;4;0;0;0;0;0;0;5;0;0;0;0;0;0;0;5;5;0;0;0;0;0;0;4;1;0;0;0;0;0;0;0;0
2023;Nordeste;2;Rio Grande do Norte;RN;24;Currais Novos;2403103;Caicó;2402;Currais Novos;240008;Central Potiguar;2402;Seridó Oriental;24012;240310305;SENAC-SERVICO NACIONAL DE APRENDIZAGEM;24078638;4;;1;;RUA CAPITAO MOR GALVAO;;;;59380000;84;34053330;2;9;;;;;;;;;;;;;;;;;;;;;;;;;;;;;;;;;;;;;;;;;;;;;;;;;;;;;;;;;;;;;;;;;;;;;;;;;;;;;;;;;;;;;;;;;;;;;;;;;;;;;;;;;;;;;;;;;;;;;;;;;;;;;;;;;;;;;;;;;;;;;;;;;;;;;;;;;;;;;;;;;;;;;;;;;;;;;;;;;;;;;;;;;;;;;;;;;;;;;;;;;;;;;;;;;;;;;;;;;;;;;;;;;;;;;;;;;;;;;;;;;;;;;;;;;;;;;;;;;;;;;;;;;;;;;;;;;;;;;;;;;;;;;;;;;;;;;;;;;;;;;;;;;;;;;;;;;;;;;;;;;;;;;;;;;;;;;;;;;;;;;;;;;;;;;;;;;;;;;;;;;;;;;;;;;;;;;;;;
2023;Nordeste;2;Rio Grande do Norte;RN;24;Caicó;2402006;Caicó;2402;Caicó;240007;Central Potiguar;2402;Seridó Ocidental;24011;240200605;SERVICO NACIONAL DE APRENDIZAGEM COMERCIAL - SENAC CAICO;24080268;4;;1;;RUA ZECO DINIZ;1289;;PENEDO;59300000;84;34213933;2;10;;;;;;;;;;;;;;;;;;;;;;;;;;;;;;;;;;;;;;;;;;;;;;;;;;;;;;;;;;;;;;;;;;;;;;;;;;;;;;;;;;;;;;;;;;;;;;;;;;;;;;;;;;;;;;;;;;;;;;;;;;;;;;;;;;;;;;;;;;;;;;;;;;;;;;;;;;;;;;;;;;;;;;;;;;;;;;;;;;;;;;;;;;;;;;;;;;;;;;;;;;;;;;;;;;;;;;;;;;;;;;;;;;;;;;;;;;;;;;;;;;;;;;;;;;;;;;;;;;;;;;;;;;;;;;;;;;;;;;;;;;;;;;;;;;;;;;;;;;;;;;;;;;;;;;;;;;;;;;;;;;;;;;;;;;;;;;;;;;;;;;;;;;;;;;;;;;;;;;;;;;;;;;;;;;;;;;;;
2023;Nordeste;2;Rio Grande do Norte;RN;24;Natal;2408102;Natal;2401;Natal;240001;Leste Potiguar;2404;Natal;24018;240810205;SERVICO NACIONAL DE APRENDIZAGEM COMERCIAL - SENAC ALECRIM;24087335;4;1;1;0;AVENIDA ALMIRANTE ALEXANDRINO DE ALENCAR;556;PROX.CLUBE ATLANTICO;ALECRIM;59030350;84;40051070;1;1;02JAN23:00:00:00;22DEC23:00:00:00;;;;;0;;;;;;;;;;;;;;;;;;;;0;0;0;0;0;1;0;1E+14;1E+14;1;3;;;1;1;0;0;0;0;;0;0;0;1;1;0;0;0;0;1;0;0;0;1;0;0;0;0;1;0;0;0;0;0;0;0;1;1;0;1;1;1;1;0;0;1;1;1;0;0;0;0;0;1;0;0;0;0;0;0;0;1;0;0;0;0;1;0;1;1;1;0;1;0;0;0;0;1;1;1;1;1;1;0;1;0;30;0;30;0;0;0;1;0;1;1;1;0;0;0;1;23;1;23;0;0;1;3;1;88888;1;88888;0;0;1;1;1;1;1;1;1;3;1;1;88888;1;88888;1;1;0;0;0;0;0;0;0;0;0;0;0;0;1;3;0;0;1;2;0;0;1;1;0;0;0;0;0;1;0;1;1;0;1;0;1;0;0;0;0;0;0;0;;;;;0;;;;;;;1;0;0;0;0;0;0;1;0;0;0;0;1;0;0;1;1;0;0;1;0;0;0;0;0;0;1;1;1;0;0;0;0;0;0;15;0;0;0;0;0;0;0;0;0;0;0;0;0;0;0;15;0;0;0;0;0;0;15;0;0;0;0;15;0;0;0;0;0;15;15;0;0;0;0;0;0;0;0;0;0;0;0;0;0;0;2;13;8;4;0;3;0;0;0;0;0;0;0;15;15;0;0;0;0;0;0;0;0;0;14;1;0;15;0;15;2;0;0;0;0;0;0;2;2;2;0;0;0;0;0;0;1;0;0;0;0;0;0;1;1;1;0;0;0;0;0;0;1;0;0;0;0;0;0;0;0;0
2023;Nordeste;2;Rio Grande do Norte;RN;24;Açu;2400208;Mossoró;2403;Açu;240011;Oeste Potiguar;2401;Vale do Açu;24004;240020805;SERVICO NACIONAL DE APRENDIZAGEM COMERCIAL - SENAC ASSU;24091006;4;;1;;RUA 24 DE JUNHO;1092;;CENTRO;59650000;84;33311585;2;11;;;;;;;;;;;;;;;;;;;;;;;;;;;;;;;;;;;;;;;;;;;;;;;;;;;;;;;;;;;;;;;;;;;;;;;;;;;;;;;;;;;;;;;;;;;;;;;;;;;;;;;;;;;;;;;;;;;;;;;;;;;;;;;;;;;;;;;;;;;;;;;;;;;;;;;;;;;;;;;;;;;;;;;;;;;;;;;;;;;;;;;;;;;;;;;;;;;;;;;;;;;;;;;;;;;;;;;;;;;;;;;;;;;;;;;;;;;;;;;;;;;;;;;;;;;;;;;;;;;;;;;;;;;;;;;;;;;;;;;;;;;;;;;;;;;;;;;;;;;;;;;;;;;;;;;;;;;;;;;;;;;;;;;;;;;;;;;;;;;;;;;;;;;;;;;;;;;;;;;;;;;;;;;;;;;;;;;;
2023;Nordeste;2;Rio Grande do Norte;RN;24;Mossoró;2408003;Mossoró;2403;Mossoró;240009;Oeste Potiguar;2401;Mossoró;24001;240800305;SERVICO NACIONAL DE APRENDIZAGEM COMERCIAL - SENAC MOSSORO;24093408;4;;1;;RUA DOUTOR JOAO MARCELINO;867;;SANTO ANTONIO;59611200;84;34225008;2;12;;;;;;;;;;;;;;;;;;;;;;;;;;;;;;;;;;;;;;;;;;;;;;;;;;;;;;;;;;;;;;;;;;;;;;;;;;;;;;;;;;;;;;;;;;;;;;;;;;;;;;;;;;;;;;;;;;;;;;;;;;;;;;;;;;;;;;;;;;;;;;;;;;;;;;;;;;;;;;;;;;;;;;;;;;;;;;;;;;;;;;;;;;;;;;;;;;;;;;;;;;;;;;;;;;;;;;;;;;;;;;;;;;;;;;;;;;;;;;;;;;;;;;;;;;;;;;;;;;;;;;;;;;;;;;;;;;;;;;;;;;;;;;;;;;;;;;;;;;;;;;;;;;;;;;;;;;;;;;;;;;;;;;;;;;;;;;;;;;;;;;;;;;;;;;;;;;;;;;;;;;;;;;;;;;;;;;;;
2023;Nordeste;2;Rio Grande do Norte;RN;24;Natal;2408102;Natal;2401;Natal;240001;Leste Potiguar;2404;Natal;24018;240810205;SERVICO NACIONAL DE APRENDIZAGEM COMERCIAL - SENAC ZONA NORTE;24094200;4;1;1;0;TRAVESSA MACAE;2875;ESCOLA;POTENGI;59110185;84;40051094;1;1;02JAN23:00:00:00;22DEC23:00:00:00;;;;;0;;;;;;;;;;;;;;;;;;;;0;0;0;0;0;1;0;3,64029E+12;3,64029E+12;0;;;;1;1;0;0;0;0;;0;0;0;1;1;0;0;0;0;1;0;0;0;1;0;0;0;0;1;0;0;0;0;0;0;0;1;1;1;0;1;1;1;1;1;0;0;1;0;0;0;0;1;0;0;0;0;0;0;0;0;1;0;0;0;0;0;0;1;0;1;0;1;0;0;0;0;1;0;1;1;1;0;0;0;0;8;0;8;8;0;0;1;0;0;1;1;0;0;0;1;2;0;0;1;1;1;8;1;28;1;20;0;0;1;1;1;1;0;0;1;3;1;1;2;1;3;0;0;0;0;0;0;0;0;0;0;0;0;0;0;1;1;0;0;0;0;0;0;1;1;0;0;0;0;0;0;0;0;1;0;0;0;1;0;0;0;0;0;0;0;;;;;0;;;;;;;1;0;0;0;0;0;0;0;1;0;0;0;1;0;0;0;1;0;0;1;0;0;0;0;0;0;0;1;1;0;0;0;0;0;0;24;0;0;0;0;0;0;0;0;0;0;0;0;0;0;0;0;0;0;0;0;0;0;0;0;0;0;0;0;0;0;0;0;0;24;24;0;24;0;0;0;0;0;0;0;0;0;0;0;0;0;19;5;6;6;2;9;1;0;0;0;0;0;0;24;24;0;0;0;0;0;0;0;0;0;24;0;0;0;0;0;2;0;0;0;0;0;0;0;2;2;0;0;0;0;0;0;1;0;0;0;0;0;0;0;1;1;0;0;0;0;0;0;1;0;0;0;0;0;0;0;0;0
2023;Nordeste;2;Rio Grande do Norte;RN;24;Natal;2408102;Natal;2401;Natal;240001;Leste Potiguar;2404;Natal;24018;240810205;SERVICO NACIONAL DE APRENDIZAGEM COMERCIAL - SENAC BARREIRA ROXA;24094404;4;1;1;0;VIA COSTEIRA SENADOR DINARTE MEDEIROS MARIZ;4020;;MAE LUIZA;59090002;84;40051000;1;1;03JAN23:00:00:00;22DEC23:00:00:00;;;;;0;;;;;;;;;;;;;;;;;;;;0;0;0;0;0;1;0;3,64029E+12;3,64029E+12;1;2;;;1;1;0;0;0;0;;0;0;0;1;1;0;0;0;0;1;0;0;0;1;0;0;0;0;1;0;0;0;0;1;0;0;0;1;1;0;1;0;1;1;1;1;1;1;1;0;0;0;0;1;0;0;0;0;0;0;0;1;0;0;0;0;0;0;1;1;1;0;1;0;0;0;0;1;1;1;1;1;1;1;1;0;12;0;12;12;12;0;1;0;1;1;1;0;0;0;0;0;0;0;0;0;1;12;1;12;0;0;0;0;1;1;1;0;0;1;1;3;1;1;1;1;4;1;1;0;0;0;0;0;0;0;0;0;0;0;0;1;1;0;0;0;0;0;0;1;1;0;0;0;0;0;1;0;0;1;0;0;0;1;0;0;0;0;0;0;0;;;;;0;;;;;;;1;1;9;0;0;0;0;0;1;0;0;0;1;0;0;0;0;1;0;1;0;0;0;0;0;0;0;1;1;0;0;0;0;0;0;22;0;0;0;0;0;0;0;0;0;0;0;0;0;0;0;0;0;0;0;0;0;0;0;0;0;0;0;0;0;0;0;0;0;22;22;0;22;0;0;0;0;0;0;0;0;0;0;0;0;0;11;11;4;6;3;8;1;0;0;0;0;0;0;22;0;22;0;0;0;0;0;0;0;0;17;5;0;0;0;0;3;0;0;0;0;0;0;0;3;3;0;0;0;0;0;0;1;0;0;0;0;0;0;0;1;1;0;0;0;0;0;0;0;1;0;0;0;0;0;0;0;0
2023;Nordeste;2;Rio Grande do Norte;RN;24;Macaíba;2407104;Natal;2401;Natal;240001;Leste Potiguar;2404;Macaíba;24017;240710405;SENAC - UNIDADE MACAIBA;24094609;4;;1;;RUA PROFESSOR PAULO MESQUITA;;;CENTRO;59280070;84;40051095;2;1;;;;;;;;;;;;;;;;;;;;;;;;;;;;;;;;;;;;;;;;;;;;;;;;;;;;;;;;;;;;;;;;;;;;;;;;;;;;;;;;;;;;;;;;;;;;;;;;;;;;;;;;;;;;;;;;;;;;;;;;;;;;;;;;;;;;;;;;;;;;;;;;;;;;;;;;;;;;;;;;;;;;;;;;;;;;;;;;;;;;;;;;;;;;;;;;;;;;;;;;;;;;;;;;;;;;;;;;;;;;;;;;;;;;;;;;;;;;;;;;;;;;;;;;;;;;;;;;;;;;;;;;;;;;;;;;;;;;;;;;;;;;;;;;;;;;;;;;;;;;;;;;;;;;;;;;;;;;;;;;;;;;;;;;;;;;;;;;;;;;;;;;;;;;;;;;;;;;;;;;;;;;;;;;;;;;;;;;
2023;Nordeste;2;Pernambuco;PE;26;Garanhuns;2606002;Caruaru;2602;Garanhuns;260010;Agreste Pernambucano;2603;Garanhuns;26011;260600205;SENAC CENTRO DE FOR PROFS JOSE HENRIQUE DE BARROS;26167700;4;1;1;0;RUA MARIA RAMOS;22;;HELIOPOLIS;55295700;87;37642700;1;10;02JAN23:00:00:00;31DEC23:00:00:00;;;;;0;;;;;;;;;;;;;;;;;;;;0;0;0;0;0;1;0;3,48532E+12;3,48532E+12;1;2;;;1;1;0;0;0;0;;0;0;0;1;1;0;0;0;0;1;0;0;0;1;0;0;0;0;1;0;0;0;0;1;0;0;0;1;1;0;1;0;1;0;1;1;1;1;0;0;0;0;1;0;0;1;0;0;0;0;0;0;0;0;0;0;0;0;1;0;1;0;1;0;0;0;0;1;0;0;0;0;0;0;0;0;8;0;8;8;0;1;1;1;1;1;1;0;1;1;1;2;1;6;0;0;1;8;1;15;0;0;0;0;1;1;1;1;1;1;1;3;1;1;2;1;5;1;1;0;0;0;0;0;0;0;0;0;0;0;0;1;2;0;0;0;0;0;0;0;0;0;0;0;0;0;1;0;0;0;0;0;0;0;0;0;0;0;0;0;0;;;;;0;;;;;;;1;1;1;0;0;0;0;0;1;9;0;0;1;0;0;0;1;1;0;1;0;0;0;0;0;0;0;1;1;0;0;0;0;0;0;38;0;0;0;0;0;0;0;0;0;0;0;0;0;0;0;0;0;0;0;0;0;0;0;0;0;0;0;0;0;0;0;0;0;38;38;0;38;0;0;0;0;0;0;0;0;0;0;0;0;0;30;8;0;15;1;22;0;0;0;0;0;0;0;38;20;18;0;0;0;0;0;0;0;0;34;4;0;0;0;0;2;0;0;0;0;0;0;0;2;2;0;0;0;0;0;0;2;0;0;0;0;0;0;0;2;2;0;0;0;0;0;0;1;1;0;0;0;0;0;0;0;0
2023;Nordeste;2;Pernambuco;PE;26;Vitória de Santo Antão;2616407;Recife;2601;Vitória de Santo Antão;260005;Mata Pernambucana;2604;Vitória de Santo Antão;26014;261640705;SERVICO NACIONAL DE APRENDIZAGEM COMERCIAL - SENAC;26169436;4;1;1;0;RUA AUREA PIMENTEL;210;;MATRIZ;55612540;81;35267600;1;6;02JAN23:00:00:00;20DEC23:00:00:00;;;;;0;;;;;;;;;;;;;;;;;;;;0;0;0;0;0;1;0;3,48532E+12;3,48532E+12;1;2;;;1;1;0;0;0;0;;0;0;0;1;1;0;0;0;0;1;0;0;0;1;0;0;0;0;1;0;0;0;0;0;0;0;1;1;1;1;1;0;1;0;0;1;1;1;0;0;0;1;1;1;0;0;0;0;0;0;0;0;0;0;0;0;0;0;1;0;1;0;1;0;0;0;0;1;0;0;1;1;0;0;1;0;5;0;5;5;5;1;1;1;1;1;1;0;1;4;1;5;1;5;0;0;1;88888;1;14;1;5;1;1;1;1;1;1;0;1;1;3;1;1;4;1;3;1;1;1;1;0;0;0;0;0;0;0;0;0;0;1;3;1;1;0;0;0;0;1;1;0;0;0;0;0;1;0;1;1;0;1;1;1;0;0;0;0;0;0;0;;;;;0;;;;;;;1;0;0;0;0;0;0;0;1;0;0;0;1;0;0;0;1;1;0;1;0;0;0;0;0;0;0;1;1;0;0;0;1;1;0;45;0;0;0;0;0;0;0;0;0;0;0;0;0;0;0;0;0;0;0;0;0;0;0;0;0;0;0;0;0;0;0;0;0;45;45;0;45;0;0;0;0;0;0;0;0;0;0;1;1;0;41;4;23;8;1;12;0;1;0;0;0;0;0;45;26;19;0;0;0;0;0;0;0;0;44;1;0;0;0;0;5;0;0;0;0;0;0;0;5;5;0;0;0;1;1;0;2;0;0;0;0;0;0;0;2;2;0;0;0;1;1;0;1;1;0;0;0;0;0;0;0;0
2023;Nordeste;2;Pernambuco;PE;26;Caruaru;2604106;Caruaru;2602;Caruaru;260009;Agreste Pernambucano;2603;Vale do Ipojuca;26008;260410605;SERVICO NACIONAL DE APRENDIZAGEM COMERCIAL SENAC;26169606;4;1;1;0;AVENIDA MARIA JOSE LYRA;140;;INDIANOPOLIS;55026075;81;37278251;1;9;06FEB23:00:00:00;22DEC23:00:00:00;;;;;0;;;;;;;;;;;;;;;;;;;;0;0;0;0;0;1;0;3,48532E+12;3,48532E+12;1;1;;;1;1;0;0;0;0;;0;0;0;1;1;0;0;0;0;1;0;0;0;1;0;0;0;0;1;0;0;0;0;1;0;1;0;1;1;1;1;0;1;1;1;1;1;1;0;0;0;1;1;0;0;1;0;0;0;0;0;0;0;0;0;0;0;0;1;1;1;0;1;0;0;0;0;0;0;0;1;1;0;0;0;0;25;0;25;25;25;0;1;1;1;1;0;0;0;0;0;0;1;4;0;0;1;20;1;16;0;0;0;0;1;0;1;1;0;0;0;2;1;1;11;1;11;1;1;0;0;0;0;0;0;0;0;0;0;0;0;1;5;0;0;0;0;0;0;0;0;0;0;1;1;0;1;0;0;0;0;0;0;0;0;0;0;0;0;0;0;;;;;0;;;;;;;1;1;1;0;0;1;0;1;0;1;0;0;1;0;0;1;1;1;0;1;0;0;0;0;0;0;1;1;1;0;0;0;1;1;0;142;0;0;0;0;0;0;0;0;0;0;0;0;0;0;0;131;0;0;0;0;0;0;131;92;0;0;0;39;0;0;0;0;0;142;131;0;0;11;0;0;0;0;0;0;0;0;0;1;1;0;65;77;37;46;1;57;0;1;0;0;0;9;113;20;137;5;0;0;0;0;0;0;0;31;136;6;0;0;0;0;21;0;0;0;0;0;0;15;21;15;0;0;0;13;13;0;11;0;0;0;0;0;0;4;11;4;0;0;0;1;1;0;7;4;0;0;0;0;0;0;0;1
2023;Nordeste;2;Pernambuco;PE;26;Petrolina;2611101;Petrolina;2604;Petrolina;260015;São Francisco Pernambucano;2602;Petrolina;26005;261110105;SENAC-SERVICO NACIONAL DE APREDIZAGEM COMERCIAL;26176840;4;1;1;0;RUA PROJETADA;650;;COLONIA IMPERIAL;56328815;87;39837614;1;16;09JAN23:00:00:00;22DEC23:00:00:00;;;;;0;;;;;;;;;;;;;;;;;;;;0;0;0;0;0;1;0;3,48532E+12;3,48532E+12;1;1;;;1;1;0;0;0;0;;0;0;0;1;1;0;0;0;0;1;0;1;0;1;0;0;0;0;1;0;0;0;0;1;0;0;0;1;0;1;1;0;1;1;1;1;1;1;0;0;0;1;1;1;0;0;0;0;0;0;0;0;0;0;0;0;0;1;1;0;1;0;1;0;0;0;0;1;0;1;1;1;1;0;1;0;21;0;21;21;0;0;1;0;1;1;1;0;1;2;1;3;1;2;0;0;1;13;1;15;1;30;0;0;1;1;1;1;0;1;1;3;1;1;9;1;8;1;1;0;0;1;88888;0;0;0;0;0;0;0;0;0;0;0;0;0;0;0;0;1;1;0;0;0;0;0;1;0;1;1;0;1;0;1;0;0;0;0;0;0;0;;;;;0;;;;;;;1;0;0;0;0;0;0;0;1;1;0;0;1;0;0;1;1;1;0;1;0;0;0;0;0;0;1;1;1;0;0;0;1;1;0;185;0;0;0;0;0;0;0;0;0;0;0;0;0;0;0;57;0;0;0;0;0;0;57;33;24;0;0;0;0;0;0;0;0;185;185;8;120;0;0;0;0;0;0;0;0;0;0;1;1;0;125;60;0;41;17;125;2;0;0;0;0;1;55;129;127;58;0;0;0;0;0;0;0;0;165;20;0;0;0;0;16;0;0;0;0;0;0;12;16;16;0;0;0;12;12;0;8;0;0;0;0;0;0;2;8;8;0;0;0;1;1;0;5;3;0;0;0;0;0;0;0;0
2023;Nordeste;2;Pernambuco;PE;26;Paulista;2610707;Recife;2601;Recife;260001;Metropolitana de Recife;2605;Recife;26017;261070705;SENAC CENTRO DE FORMACAO PROFISSIONAL DO PAULISTA;26176890;4;1;1;0;AVENIDA PREFEITO SEVERINO CUNHA PRIMO;30;;JARDIM PAULISTA;53407265;81;33728250;1;3;01JAN23:00:00:00;31DEC23:00:00:00;;;;;0;;;;;;;;;;;;;;;;;;;;0;0;0;0;0;1;0;3,48532E+12;3,48532E+12;1;2;;;1;1;0;0;0;0;;0;0;0;1;1;0;1;0;0;1;0;0;0;1;0;0;0;0;1;0;0;0;0;1;0;0;0;0;0;1;1;0;1;0;1;1;1;1;0;0;0;0;1;0;0;1;0;0;0;0;0;0;0;0;0;0;0;0;1;1;1;0;1;0;0;0;0;1;1;0;0;1;0;0;0;0;17;0;17;17;17;0;1;0;0;1;0;0;1;6;1;2;1;13;0;0;1;6;1;44;1;20;0;0;1;1;1;1;0;1;1;3;1;1;5;1;6;1;1;0;0;1;4;0;0;0;0;0;0;0;0;0;0;0;0;0;0;1;2;1;1;0;0;0;0;0;1;0;0;1;0;0;0;0;0;0;0;0;0;0;0;;;;;0;;;;;;;1;0;0;0;0;0;0;0;1;0;0;0;1;0;0;1;1;1;0;1;0;0;0;0;0;0;1;1;1;0;0;0;1;1;0;259;0;0;0;0;0;0;0;0;0;0;0;0;0;0;0;100;0;0;0;0;0;0;100;30;45;25;0;0;0;0;0;0;0;259;259;128;31;0;0;0;0;0;0;0;0;0;0;3;3;0;169;90;120;47;12;79;1;0;0;0;0;6;91;162;192;67;0;0;0;0;0;0;0;70;243;16;0;0;0;0;18;0;0;0;0;0;0;12;18;18;0;0;0;14;14;0;12;0;0;0;0;0;0;3;12;12;0;0;0;2;2;0;8;4;0;0;0;0;0;0;0;2
2023;Nordeste;2;Pernambuco;PE;26;Serra Talhada;2613909;Serra Talhada;2603;Serra Talhada;260013;Sertão Pernambucano;2601;Pajeú;26003;261390905;POSTO AVANCADO SENAC SERRA TALHADA;26183498;4;1;1;0;PRACA BARAO DO PAJEU;911;;NOSSA SENHORA DA PENHA;56903420;87;39292350;1;12;02JAN23:00:00:00;22DEC23:00:00:00;;;;;0;;;;;;;;;;;;;;;;;;;;0;0;0;0;0;1;0;3,48532E+12;3,48532E+12;1;2;;;1;3;0;0;0;0;;0;0;0;1;1;0;0;0;0;1;0;0;0;1;0;0;0;0;1;0;0;0;0;0;0;0;1;0;0;0;1;0;0;1;1;1;1;0;0;0;0;0;0;1;0;0;0;0;0;0;0;0;0;0;0;1;0;0;1;0;1;0;1;0;0;0;0;0;0;0;0;0;0;0;1;0;4;0;4;4;0;0;1;1;1;1;1;0;1;1;1;2;1;4;0;0;1;4;1;2;0;0;0;0;1;1;1;1;0;1;1;3;1;1;2;1;1;0;0;0;0;1;2;0;0;0;0;0;0;0;0;1;2;1;1;0;0;0;0;0;0;0;0;0;0;0;0;0;0;1;0;0;0;0;0;0;0;0;0;0;0;;;;;0;;;;;;;1;9;9;0;0;0;0;0;1;1;0;0;1;0;0;0;1;1;0;1;0;0;0;0;0;0;0;1;1;1;1;0;0;0;0;58;0;0;0;0;0;0;0;0;0;0;0;0;0;0;0;0;0;0;0;0;0;0;0;0;0;0;0;0;0;0;0;0;0;58;40;0;40;0;18;18;0;0;18;0;0;0;0;0;0;0;43;15;21;9;1;27;0;0;0;0;0;0;0;58;38;20;0;0;0;0;0;0;0;0;45;13;0;0;0;0;3;0;0;0;0;0;0;0;3;2;1;1;0;0;0;0;3;0;0;0;0;0;0;0;3;2;1;1;0;0;0;0;2;1;0;0;0;0;0;0;0;0
2023;Nordeste;2;Alagoas;AL;27;Maceió;2704302;Maceió;2701;Maceió;270001;Leste Alagoano;2703;Maceió;27011;270430205;SERVICO NACIONAL DE APRENDIZAGEM COMERCIAL SENAC AL;27050424;4;1;1;0;RUA PEDRO PAULINO;77;;POCO;57025340;82;21227808;1;1;09JAN23:00:00:00;16DEC23:00:00:00;;;;;0;;;;;;;;;;;;;;;;;;;;0;0;0;0;0;1;0;3,69242E+12;3,69242E+12;1;2;;;1;1;0;0;0;0;;0;0;0;1;1;0;0;0;0;1;0;0;0;1;0;0;0;0;1;0;0;0;0;0;0;0;1;1;1;1;1;0;1;0;1;1;1;0;0;0;0;1;1;0;0;0;0;0;0;0;0;0;0;0;0;0;0;0;1;0;1;0;1;1;0;0;0;0;1;1;0;0;0;1;1;0;48;0;48;0;0;1;1;1;1;1;0;0;1;10;1;20;1;20;0;0;1;20;1;40;0;0;0;0;1;1;1;0;0;1;0;2;1;0;0;1;16;0;0;0;0;0;0;0;0;0;0;0;0;0;0;0;0;0;0;0;0;0;0;0;0;0;0;0;0;0;1;0;1;1;0;0;0;0;0;0;0;0;0;0;0;;;;;0;;;;;;;1;9;9;0;0;0;0;1;0;9;0;0;1;0;0;0;1;1;0;1;0;0;0;0;0;0;0;1;1;0;0;0;1;1;0;1295;0;0;0;0;0;0;0;0;0;0;0;0;0;0;0;0;0;0;0;0;0;0;0;0;0;0;0;0;0;0;0;0;0;1295;1295;183;1112;0;0;0;0;0;0;0;0;0;0;7;7;0;867;428;574;136;38;542;4;1;0;0;0;0;24;1271;711;584;0;0;0;0;0;0;0;0;1266;29;0;2;0;2;49;0;0;0;0;0;0;0;49;49;0;0;0;9;9;0;67;0;0;0;0;0;0;0;67;67;0;0;0;6;6;0;39;28;0;0;0;0;0;0;0;0
2023;Nordeste;2;Alagoas;AL;27;Arapiraca;2700300;Arapiraca;2702;Arapiraca;270007;Agreste Alagoano;2702;Arapiraca;27006;270030005;SERVICO NACIONAL DE APRENDIZAGEM COMERCIAL - SENAC;27053490;4;1;1;0;RUA MARINETE FRANCISCA NUNES;0;;CAVACO;57306370;82;21227858;1;5;09JAN23:00:00:00;16DEC23:00:00:00;;;;;0;;;;;;;;;;;;;;;;;;;;0;0;0;0;0;1;0;3,69242E+12;3,69242E+12;1;2;;;1;1;0;0;0;0;;0;0;0;1;1;0;0;0;0;1;0;0;0;0;0;1;1;0;1;0;0;0;0;0;0;0;1;1;1;1;1;0;1;1;1;0;1;1;0;0;0;0;1;1;0;0;0;0;0;0;0;1;0;0;0;0;0;0;1;1;1;1;1;0;0;0;0;0;1;1;1;1;0;1;0;0;35;0;35;0;0;0;1;1;1;1;1;0;0;0;1;1;1;5;0;0;1;10;1;100;0;0;0;0;1;1;1;1;0;1;1;3;1;0;0;1;4;0;0;0;0;0;0;0;0;0;0;0;0;0;0;0;0;0;0;0;0;0;0;0;0;0;0;0;0;0;1;0;1;0;0;0;0;0;0;0;0;0;0;0;0;;;;;0;;;;;;;1;1;0;0;0;0;0;1;0;0;0;0;1;0;0;0;1;1;0;1;0;0;0;0;0;0;0;1;1;0;0;0;1;1;0;119;0;0;0;0;0;0;0;0;0;0;0;0;0;0;0;0;0;0;0;0;0;0;0;0;0;0;0;0;0;0;0;0;0;119;119;17;102;0;0;0;0;0;0;0;0;0;0;1;1;0;49;70;31;17;3;68;0;0;0;0;0;0;5;114;45;74;0;0;0;0;0;0;0;0;106;13;0;1;0;1;7;0;0;0;0;0;0;0;7;7;0;0;0;3;3;0;8;0;0;0;0;0;0;0;8;8;0;0;0;1;1;0;4;4;0;0;0;0;0;0;0;0
2023;Nordeste;2;Bahia;BA;29;Salvador;2927408;Salvador;2901;Salvador;290001;Metropolitana de Salvador;2905;Salvador;29021;292740805;SENAC - SERVICO NACIONAL DE APRENDIZAGEM COMERCIAL;29467276;4;1;1;0;AVENIDA JOSE JOAQUIM SEABRA;403;CASA;BAIXA DOS SAPATEIROS;40025000;71;31032351;1;26;02JAN23:00:00:00;30DEC23:00:00:00;;;;;0;;;;;;;;;;;;;;;;;;;;0;0;0;0;0;1;0;3,68219E+12;3,68219E+12;1;1;;;1;1;0;0;0;0;;0;0;0;1;1;0;0;0;0;1;0;0;0;1;0;0;0;0;1;0;0;0;0;1;0;1;0;1;0;1;1;0;1;0;1;1;1;1;1;0;0;0;1;0;0;0;0;0;0;0;0;0;0;0;0;0;0;0;1;0;1;0;1;0;0;0;0;1;1;0;1;0;0;0;0;0;24;0;24;24;0;0;1;1;1;1;1;0;0;0;1;12;1;2;0;0;1;19;1;28;1;20;1;6;1;1;1;1;0;1;1;3;1;1;88888;1;88888;1;2;0;0;0;0;0;0;0;0;0;0;0;0;1;6;1;1;0;0;0;0;1;2;0;0;0;0;0;1;0;0;0;0;0;0;1;0;0;0;0;0;0;0;;;;;0;;;;;;;1;1;0;0;0;0;0;0;1;1;0;0;1;0;0;1;1;1;0;1;0;0;0;0;0;0;1;1;1;0;0;0;1;1;0;124;0;0;0;0;0;0;0;0;0;0;0;0;0;0;0;124;0;0;0;0;0;0;124;0;0;0;0;124;0;0;0;0;0;124;124;0;0;0;0;0;0;0;0;0;0;0;0;1;1;0;100;24;34;8;32;48;2;0;0;0;0;0;0;124;95;29;0;0;0;0;0;0;0;0;123;1;0;0;0;0;26;0;0;0;0;0;0;26;26;26;0;0;0;5;5;0;7;0;0;0;0;0;0;7;7;7;0;0;0;1;1;0;6;1;0;0;0;0;0;0;0;0
2023;Nordeste;2;Bahia;BA;29;Salvador;2927408;Salvador;2901;Salvador;290001;Metropolitana de Salvador;2905;Salvador;29021;292740805;SENAC-SERVICO NACIONAL DE APRENDIZAGEM COMERCIAL;29467594;4;1;1;0;AVENIDA TANCREDO NEVES;1109;EDF CASA DO COMERCIO;CAMINHO DAS ARVORES;41820021;71;32739889;1;26;10APR23:00:00:00;23FEB24:00:00:00;;;;;0;;;;;;;;;;;;;;;;;;;;1;0;0;0;0;1;1;3,68219E+12;3,68219E+12;1;3;;;1;1;0;0;0;0;;0;1;0;1;1;0;0;0;0;1;0;0;0;1;0;0;0;0;1;0;0;0;0;1;0;1;0;1;1;0;1;0;1;0;1;1;1;1;0;0;0;0;0;1;1;0;0;0;0;0;0;1;0;0;0;0;0;1;1;1;1;0;1;0;0;0;0;1;1;0;1;1;0;0;1;0;2;0;2;2;2;0;1;1;1;1;1;0;0;0;1;1;0;0;1;2;1;2;1;4;0;0;1;3;1;1;1;1;0;1;1;3;1;1;88888;1;3;1;2;0;0;1;1;0;0;1;1;0;0;0;0;1;2;1;1;0;0;0;0;1;1;0;0;0;0;0;1;0;0;1;0;1;1;1;0;0;0;0;0;0;0;;;;;0;;;;;;;1;0;0;0;0;0;0;0;1;1;0;0;1;0;0;1;0;1;0;1;0;0;0;0;0;0;1;1;1;0;0;0;0;0;0;16;0;0;0;0;0;0;0;0;0;0;0;0;0;0;0;16;0;0;0;0;0;0;16;0;0;0;0;16;0;0;0;0;0;16;16;0;0;0;0;0;0;0;0;0;0;0;0;0;0;0;9;7;4;2;6;4;0;0;0;0;0;0;0;16;0;16;0;0;0;0;0;0;0;0;16;0;0;16;0;16;6;0;0;0;0;0;0;6;6;6;0;0;0;0;0;0;1;0;0;0;0;0;0;1;1;1;0;0;0;0;0;0;0;1;0;0;0;0;0;0;0;0
2023;Nordeste;2;Bahia;BA;29;Porto Seguro;2925303;Ilhéus ¿ Itabuna;2903;Eunápolis - Porto Seguro;290009;Sul Baiano;2907;Porto Seguro;29032;292530305;SERVICO NACIONAL DE APRENDIZAGEM COMERCIAL - SENAC PORTO SEGURO;29469813;4;1;1;0;RUA DOS CACAUEIROS;SN;;TAPERAPUAN;45810000;73;31627301;1;27;01JAN23:00:00:00;31DEC23:00:00:00;;;;;0;;;;;;;;;;;;;;;;;;;;0;0;0;0;0;1;0;3,68219E+12;3,68219E+12;1;1;;;1;1;0;0;0;0;;0;0;0;1;1;0;0;0;0;1;0;0;0;1;0;0;0;0;1;0;0;0;0;0;0;0;1;0;1;1;1;0;1;1;0;1;1;0;0;0;0;0;1;1;0;1;0;0;0;0;0;0;0;0;0;0;0;1;1;0;1;0;1;1;0;0;0;1;1;0;1;1;0;0;0;0;18;0;18;18;18;0;1;1;1;1;1;0;1;5;1;10;1;5;1;2;1;15;1;19;1;20;1;6;1;1;1;1;1;1;1;2;1;1;7;1;8;1;1;0;0;0;0;0;0;0;0;0;0;0;0;1;5;1;1;1;88888;1;1;1;1;0;0;0;0;0;0;0;0;1;0;0;0;1;0;0;0;0;0;0;0;;;;;0;;;;;;;1;1;0;0;0;1;0;0;0;0;0;0;1;0;0;0;1;1;0;1;0;0;0;0;0;0;0;1;1;0;0;0;0;0;0;85;0;0;0;0;0;0;0;0;0;0;0;0;0;0;0;0;0;0;0;0;0;0;0;0;0;0;0;0;0;0;0;0;0;85;85;85;0;0;0;0;0;0;0;0;0;0;0;0;0;0;58;27;30;9;9;34;1;2;0;0;0;0;0;85;25;60;0;0;0;0;0;0;0;0;80;5;0;0;0;0;3;0;0;0;0;0;0;0;3;3;0;0;0;0;0;0;3;0;0;0;0;0;0;0;3;3;0;0;0;0;0;0;1;2;0;0;0;0;0;0;0;0
2023;Sudeste;3;Minas Gerais;MG;31;Divinópolis;3122306;Divinópolis;3113;Divinópolis;310065;Oeste de Minas;3109;Divinópolis;31043;312230605;EM UNIDADE DE APOIO DO SENAC;31224855;3;;1;;RUA MINAS GERAIS;1474;;CENTRO;35500007;;;2;6;;;;;;;;;;;;;;;;;;;;;;;;;;;;;;;;;;;;;;;;;;;;;;;;;;;;;;;;;;;;;;;;;;;;;;;;;;;;;;;;;;;;;;;;;;;;;;;;;;;;;;;;;;;;;;;;;;;;;;;;;;;;;;;;;;;;;;;;;;;;;;;;;;;;;;;;;;;;;;;;;;;;;;;;;;;;;;;;;;;;;;;;;;;;;;;;;;;;;;;;;;;;;;;;;;;;;;;;;;;;;;;;;;;;;;;;;;;;;;;;;;;;;;;;;;;;;;;;;;;;;;;;;;;;;;;;;;;;;;;;;;;;;;;;;;;;;;;;;;;;;;;;;;;;;;;;;;;;;;;;;;;;;;;;;;;;;;;;;;;;;;;;;;;;;;;;;;;;;;;;;;;;;;;;;;;;;;;;
2023;Sudeste;3;Minas Gerais;MG;31;Belo Horizonte;3106200;Belo Horizonte;3101;Belo Horizonte;310001;Metropolitana de Belo Horizonte;3107;Belo Horizonte;31030;310620005;SENAC C FORM PROFIS DE B HORIZONTE;31274674;4;;1;;RUA TUPINAMBAS;1038;;CENTRO;30120910;;;2;2;;;;;;;;;;;;;;;;;;;;;;;;;;;;;;;;;;;;;;;;;;;;;;;;;;;;;;;;;;;;;;;;;;;;;;;;;;;;;;;;;;;;;;;;;;;;;;;;;;;;;;;;;;;;;;;;;;;;;;;;;;;;;;;;;;;;;;;;;;;;;;;;;;;;;;;;;;;;;;;;;;;;;;;;;;;;;;;;;;;;;;;;;;;;;;;;;;;;;;;;;;;;;;;;;;;;;;;;;;;;;;;;;;;;;;;;;;;;;;;;;;;;;;;;;;;;;;;;;;;;;;;;;;;;;;;;;;;;;;;;;;;;;;;;;;;;;;;;;;;;;;;;;;;;;;;;;;;;;;;;;;;;;;;;;;;;;;;;;;;;;;;;;;;;;;;;;;;;;;;;;;;;;;;;;;;;;;;;
2023;Sudeste;3;Minas Gerais;MG;31;Sete Lagoas;3167202;Belo Horizonte;3101;Sete Lagoas;310002;Metropolitana de Belo Horizonte;3107;Sete Lagoas;31027;316720205;SENAC UNIDADE DE ENSINO TECNICO DO CEP DE SETE LAGOAS;31312975;4;1;1;0;RUA JOSE DUARTE DE PAIVA;775;;VILA SANTA HELENA;35700854;31;37796205;1;23;02JAN23:00:00:00;15DEC23:00:00:00;;;;;1;2;0;0;0;1;0;0;;;;;;;0;0;0;1;0;0;1;0;0;0;0;1;0;3,44724E+12;3,44724E+12;1;5;;;1;1;0;0;0;0;;0;0;0;1;1;0;0;0;0;1;0;0;0;0;0;0;0;1;1;0;0;0;0;1;0;0;0;1;1;0;1;0;1;0;0;1;1;1;0;0;0;0;1;1;0;0;0;0;0;0;0;0;0;0;0;0;0;0;1;0;1;0;1;0;0;0;0;1;1;1;1;1;0;0;0;0;12;0;12;11;12;0;1;1;1;1;0;0;0;0;0;0;0;0;0;0;0;0;1;82;1;1;0;0;1;1;1;1;0;1;0;1;1;0;0;0;0;0;0;0;0;0;0;0;0;0;0;0;0;0;0;0;0;0;0;0;0;0;0;0;0;0;0;0;0;0;0;0;0;0;0;0;0;1;0;0;0;0;0;0;0;;;;;0;;;;;;;1;9;9;0;0;0;0;0;1;9;0;0;1;0;0;0;1;1;0;1;0;0;0;0;0;0;0;1;1;0;0;0;1;1;0;573;0;0;0;0;0;0;0;0;0;0;0;0;0;0;0;0;0;0;0;0;0;0;0;0;0;0;0;0;0;0;0;0;0;573;408;69;339;165;0;0;0;0;0;0;0;0;0;4;4;0;343;230;51;103;80;320;15;4;0;0;0;5;218;350;367;206;0;0;0;0;0;0;0;0;572;1;0;0;0;0;27;0;0;0;0;0;0;0;27;25;0;0;0;5;5;0;36;0;0;0;0;0;0;0;36;28;0;0;0;4;4;0;21;15;0;0;0;0;0;0;0;0
2023;Sudeste;3;Minas Gerais;MG;31;Araxá;3104007;Uberaba;3110;Araxá;310056;Triângulo Mineiro/Alto Paranaíba;3105;Araxá;31023;310400705;CENTRO DE EDUCACAO PROFISSIONAL SENAC ARAXA;31317888;4;1;1;0;RUA ANTONIO DE CASTRO ALVES;;;;38184236;;;1;25;02JAN23:00:00:00;15DEC23:00:00:00;;;;;1;2;0;0;0;1;0;0;;;;;;;0;0;0;1;0;0;1;0;0;0;0;1;0;3,44724E+12;3,44724E+12;1;5;;;1;1;0;0;0;0;;0;0;0;1;1;0;0;0;0;1;0;0;0;0;0;0;0;1;1;0;0;0;0;1;0;0;0;1;1;0;1;0;1;1;0;1;1;1;0;0;0;0;1;1;0;0;0;0;0;0;0;0;0;0;0;0;0;0;1;0;0;0;1;0;0;0;0;1;0;1;1;1;0;0;0;0;13;0;13;13;13;0;1;1;1;1;0;0;0;0;0;0;0;0;0;0;0;0;1;53;1;1;0;0;1;1;1;1;0;1;0;1;1;0;0;0;0;0;0;0;0;0;0;0;0;0;0;0;0;0;0;0;0;0;0;0;0;0;0;0;0;0;0;0;0;0;0;0;0;0;0;0;0;1;0;0;0;0;0;0;0;;;;;0;;;;;;;1;9;9;0;0;0;0;0;1;9;0;0;1;0;0;0;1;1;0;1;0;0;0;0;0;0;0;1;1;0;0;0;1;1;0;415;0;0;0;0;0;0;0;0;0;0;0;0;0;0;0;0;0;0;0;0;0;0;0;0;0;0;0;0;0;0;0;0;0;415;355;296;59;60;0;0;0;0;0;0;0;0;0;10;10;0;281;134;271;64;20;57;3;0;0;0;0;0;104;311;261;154;0;0;0;0;0;0;0;0;415;0;0;0;0;0;24;0;0;0;0;0;0;0;24;23;0;0;0;18;18;0;37;0;0;0;0;0;0;0;37;32;0;0;0;8;8;0;22;15;0;0;0;0;0;0;0;0
2023;Sudeste;3;Minas Gerais;MG;31;Contagem;3118601;Belo Horizonte;3101;Belo Horizonte;310001;Metropolitana de Belo Horizonte;3107;Belo Horizonte;31030;311860105;SENAC - UNIDADE DE ENSINO TECNICO DO CEP DE CONTAGEM;31319431;4;;1;;RUA LINO DE MORO;25;2º, 3º, 4º ANDAR;INCONFIDENTES;32260090;31;30489800;2;1;;;;;;;;;;;;;;;;;;;;;;;;;;;;;;;;;;;;;;;;;;;;;;;;;;;;;;;;;;;;;;;;;;;;;;;;;;;;;;;;;;;;;;;;;;;;;;;;;;;;;;;;;;;;;;;;;;;;;;;;;;;;;;;;;;;;;;;;;;;;;;;;;;;;;;;;;;;;;;;;;;;;;;;;;;;;;;;;;;;;;;;;;;;;;;;;;;;;;;;;;;;;;;;;;;;;;;;;;;;;;;;;;;;;;;;;;;;;;;;;;;;;;;;;;;;;;;;;;;;;;;;;;;;;;;;;;;;;;;;;;;;;;;;;;;;;;;;;;;;;;;;;;;;;;;;;;;;;;;;;;;;;;;;;;;;;;;;;;;;;;;;;;;;;;;;;;;;;;;;;;;;;;;;;;;;;;;;;
2023;Sudeste;3;Minas Gerais;MG;31;Três Marias;3169356;Belo Horizonte;3101;Curvelo;310004;Central Mineira;3106;Três Marias;31024;316935605;SENAC - UNIDADE DE ENSINO TECNICO DO CEP TRES MARIAS;31348392;4;;1;;RUA VARZEA DA PALMA;77;;CENTRO;39205000;38;37542854;2;38;;;;;;;;;;;;;;;;;;;;;;;;;;;;;;;;;;;;;;;;;;;;;;;;;;;;;;;;;;;;;;;;;;;;;;;;;;;;;;;;;;;;;;;;;;;;;;;;;;;;;;;;;;;;;;;;;;;;;;;;;;;;;;;;;;;;;;;;;;;;;;;;;;;;;;;;;;;;;;;;;;;;;;;;;;;;;;;;;;;;;;;;;;;;;;;;;;;;;;;;;;;;;;;;;;;;;;;;;;;;;;;;;;;;;;;;;;;;;;;;;;;;;;;;;;;;;;;;;;;;;;;;;;;;;;;;;;;;;;;;;;;;;;;;;;;;;;;;;;;;;;;;;;;;;;;;;;;;;;;;;;;;;;;;;;;;;;;;;;;;;;;;;;;;;;;;;;;;;;;;;;;;;;;;;;;;;;;;
2023;Sudeste;3;Minas Gerais;MG;31;Pirapora;3151206;Montes Claros;3102;Pirapora;310010;Norte de Minas;3102;Pirapora;31006;315120605;SENAC - UNIDADE DE ENSINO TECNICO DO CEP DE PIRAPORA;31358452;4;;1;;AVENIDA TIRADENTES;;;CENTRO;39270090;38;37413172;2;46;;;;;;;;;;;;;;;;;;;;;;;;;;;;;;;;;;;;;;;;;;;;;;;;;;;;;;;;;;;;;;;;;;;;;;;;;;;;;;;;;;;;;;;;;;;;;;;;;;;;;;;;;;;;;;;;;;;;;;;;;;;;;;;;;;;;;;;;;;;;;;;;;;;;;;;;;;;;;;;;;;;;;;;;;;;;;;;;;;;;;;;;;;;;;;;;;;;;;;;;;;;;;;;;;;;;;;;;;;;;;;;;;;;;;;;;;;;;;;;;;;;;;;;;;;;;;;;;;;;;;;;;;;;;;;;;;;;;;;;;;;;;;;;;;;;;;;;;;;;;;;;;;;;;;;;;;;;;;;;;;;;;;;;;;;;;;;;;;;;;;;;;;;;;;;;;;;;;;;;;;;;;;;;;;;;;;;;;
2023;Sudeste;3;Minas Gerais;MG;31;Belo Horizonte;3106200;Belo Horizonte;3101;Belo Horizonte;310001;Metropolitana de Belo Horizonte;3107;Belo Horizonte;31030;310620025;SENAC - UNIDADE DE ENSINO TECNICO DO CEP DO BARREIRO;31358460;4;;1;;AVENIDA SINFRONIO BROCHADO;635;;BARREIRO;30640000;;;2;1;;;;;;;;;;;;;;;;;;;;;;;;;;;;;;;;;;;;;;;;;;;;;;;;;;;;;;;;;;;;;;;;;;;;;;;;;;;;;;;;;;;;;;;;;;;;;;;;;;;;;;;;;;;;;;;;;;;;;;;;;;;;;;;;;;;;;;;;;;;;;;;;;;;;;;;;;;;;;;;;;;;;;;;;;;;;;;;;;;;;;;;;;;;;;;;;;;;;;;;;;;;;;;;;;;;;;;;;;;;;;;;;;;;;;;;;;;;;;;;;;;;;;;;;;;;;;;;;;;;;;;;;;;;;;;;;;;;;;;;;;;;;;;;;;;;;;;;;;;;;;;;;;;;;;;;;;;;;;;;;;;;;;;;;;;;;;;;;;;;;;;;;;;;;;;;;;;;;;;;;;;;;;;;;;;;;;;;;
2023;Sudeste;3;Minas Gerais;MG;31;Contagem;3118601;Belo Horizonte;3101;Belo Horizonte;310001;Metropolitana de Belo Horizonte;3107;Belo Horizonte;31030;311860105;FACULDADE SENAC MINAS;31359998;4;1;1;0;RUA DAS PAINEIRAS;;;;32310400;;;1;1;02JAN23:00:00:00;15DEC23:00:00:00;;;;;1;2;0;0;0;1;0;0;;;;;;;0;0;0;1;0;0;1;0;0;0;0;1;0;3,44724E+12;3,44724E+12;1;5;;2703;1;1;0;0;0;0;;0;0;0;1;1;0;0;0;0;1;0;0;0;0;0;0;0;1;1;0;0;0;0;1;0;0;0;1;1;1;1;0;1;1;0;1;1;0;0;0;0;0;1;1;0;0;0;0;0;0;0;0;0;0;0;0;0;0;1;0;1;0;1;0;0;0;0;1;1;0;1;1;0;0;0;0;22;0;22;22;22;0;1;1;1;1;0;0;0;0;0;0;0;0;0;0;0;0;1;123;1;1;0;0;1;1;1;1;0;1;0;1;1;0;0;0;0;0;0;0;0;0;0;0;0;0;0;0;0;0;0;0;0;0;0;0;0;0;0;0;0;0;0;0;0;0;0;0;0;0;0;0;0;1;0;0;0;0;0;0;0;;;;;0;;;;;;;1;9;9;0;0;0;0;0;1;9;0;0;1;0;0;0;1;1;0;1;0;0;0;0;0;0;0;1;1;0;0;0;1;1;0;1455;0;0;0;0;0;0;0;0;0;0;0;0;0;0;0;0;0;0;0;0;0;0;0;0;0;0;0;0;0;0;0;0;0;1455;687;666;21;768;0;0;0;0;0;0;0;0;0;21;21;0;809;646;349;265;204;610;24;3;0;0;0;30;755;670;1132;323;0;0;0;0;0;0;0;0;1454;1;0;0;0;0;50;0;0;0;0;0;0;0;50;44;0;0;0;30;30;0;64;0;0;0;0;0;0;0;64;35;0;0;0;16;16;0;47;17;0;0;0;0;0;0;0;0
2023;Sudeste;3;Minas Gerais;MG;31;Janaúba;3135100;Montes Claros;3102;Janaúba;310007;Norte de Minas;3102;Janaúba;31004;313510005;SENAC - UNIDADE DE ENSINO TECNICO DO CEP DE JANAUBA;31363944;4;;1;;AVENIDA DO COMERCIO;;;CENTRO;39442016;;;2;44;;;;;;;;;;;;;;;;;;;;;;;;;;;;;;;;;;;;;;;;;;;;;;;;;;;;;;;;;;;;;;;;;;;;;;;;;;;;;;;;;;;;;;;;;;;;;;;;;;;;;;;;;;;;;;;;;;;;;;;;;;;;;;;;;;;;;;;;;;;;;;;;;;;;;;;;;;;;;;;;;;;;;;;;;;;;;;;;;;;;;;;;;;;;;;;;;;;;;;;;;;;;;;;;;;;;;;;;;;;;;;;;;;;;;;;;;;;;;;;;;;;;;;;;;;;;;;;;;;;;;;;;;;;;;;;;;;;;;;;;;;;;;;;;;;;;;;;;;;;;;;;;;;;;;;;;;;;;;;;;;;;;;;;;;;;;;;;;;;;;;;;;;;;;;;;;;;;;;;;;;;;;;;;;;;;;;;;;
2023;Sudeste;3;Minas Gerais;MG;31;Tiradentes;3168804;Barbacena;3107;São João del Rei;310039;Campo das Vertentes;3111;São João Del Rei;31058;316880405;CENTRO GASTRONOMICO SENAC - TIRADENTES;31363952;4;;1;;FRANCISCO DE PAULA;164;;CASCALHO;36325000;32;33552900;2;21;;;;;;;;;;;;;;;;;;;;;;;;;;;;;;;;;;;;;;;;;;;;;;;;;;;;;;;;;;;;;;;;;;;;;;;;;;;;;;;;;;;;;;;;;;;;;;;;;;;;;;;;;;;;;;;;;;;;;;;;;;;;;;;;;;;;;;;;;;;;;;;;;;;;;;;;;;;;;;;;;;;;;;;;;;;;;;;;;;;;;;;;;;;;;;;;;;;;;;;;;;;;;;;;;;;;;;;;;;;;;;;;;;;;;;;;;;;;;;;;;;;;;;;;;;;;;;;;;;;;;;;;;;;;;;;;;;;;;;;;;;;;;;;;;;;;;;;;;;;;;;;;;;;;;;;;;;;;;;;;;;;;;;;;;;;;;;;;;;;;;;;;;;;;;;;;;;;;;;;;;;;;;;;;;;;;;;;;
2023;Sudeste;3;Minas Gerais;MG;31;Belo Horizonte;3106200;Belo Horizonte;3101;Belo Horizonte;310001;Metropolitana de Belo Horizonte;3107;Belo Horizonte;31030;310620005;CEP SENAC GUAJAJARAS;31363960;4;1;1;0;RUA DOS GUAJAJARAS;;;;30180910;;;1;2;02JAN23:00:00:00;15DEC23:00:00:00;;;;;0;;;;;;;;;;;;;;;;;;;;1;0;0;0;0;1;0;3,44724E+12;3,44724E+12;1;5;;;1;1;0;0;0;0;;0;0;0;1;1;0;0;0;0;1;0;0;0;0;0;0;0;1;1;0;0;0;0;1;0;0;0;1;0;0;1;0;1;1;0;1;1;0;0;0;0;0;1;1;0;0;0;0;0;0;0;0;0;0;0;0;0;0;1;0;0;0;1;0;0;0;0;1;0;0;1;1;0;0;0;0;12;0;12;12;12;0;1;1;1;1;0;0;0;0;0;0;0;0;0;0;0;0;1;27;1;1;0;0;1;1;1;1;0;1;0;1;1;0;0;0;0;0;0;0;0;0;0;0;0;0;0;0;0;0;0;0;0;0;0;0;0;0;0;0;0;0;0;0;0;0;0;0;0;0;0;0;0;1;0;0;0;0;0;0;0;;;;;0;;;;;;;1;9;9;0;0;0;0;0;1;9;0;0;1;0;0;0;1;1;0;1;0;0;0;0;0;0;0;1;0;0;0;0;0;0;0;349;0;0;0;0;0;0;0;0;0;0;0;0;0;0;0;0;0;0;0;0;0;0;0;0;0;0;0;0;0;0;0;0;0;349;0;0;0;349;0;0;0;0;0;0;0;0;0;0;0;0;180;169;37;61;63;182;5;1;0;0;0;12;310;27;343;6;0;0;0;0;0;0;0;0;349;0;0;0;0;0;10;0;0;0;0;0;0;0;10;0;0;0;0;0;0;0;20;0;0;0;0;0;0;0;20;0;0;0;0;0;0;0;17;3;0;0;0;0;0;0;0;0
2023;Sudeste;3;Minas Gerais;MG;31;Belo Horizonte;3106200;Belo Horizonte;3101;Belo Horizonte;310001;Metropolitana de Belo Horizonte;3107;Belo Horizonte;31030;310620005;SENAC - SERVICO NACIONAL DE APRENDIZAGEM COMERCIAL;31363987;4;;1;;AVENIDA LIEGE;213;;JARDIM DOS COMERCIARIOS VENDA NOVA;31640007;31;33435700;2;2;;;;;;;;;;;;;;;;;;;;;;;;;;;;;;;;;;;;;;;;;;;;;;;;;;;;;;;;;;;;;;;;;;;;;;;;;;;;;;;;;;;;;;;;;;;;;;;;;;;;;;;;;;;;;;;;;;;;;;;;;;;;;;;;;;;;;;;;;;;;;;;;;;;;;;;;;;;;;;;;;;;;;;;;;;;;;;;;;;;;;;;;;;;;;;;;;;;;;;;;;;;;;;;;;;;;;;;;;;;;;;;;;;;;;;;;;;;;;;;;;;;;;;;;;;;;;;;;;;;;;;;;;;;;;;;;;;;;;;;;;;;;;;;;;;;;;;;;;;;;;;;;;;;;;;;;;;;;;;;;;;;;;;;;;;;;;;;;;;;;;;;;;;;;;;;;;;;;;;;;;;;;;;;;;;;;;;;;
2023;Sudeste;3;Minas Gerais;MG;31;São Lourenço;3163706;Pouso Alegre;3109;São Lourenço;310053;Sul/Sudoeste de Minas;3110;São Lourenço;31054;316370605;CENTRO DE EDUCACAO PROFISSIONAL SENAC - SAO LOURENCO;31364061;4;;1;;RUA PRESIDENTE ARTHUR BERNARDES;85;;NOSSA SENHORA DE FATIMA;37470000;;;2;42;;;;;;;;;;;;;;;;;;;;;;;;;;;;;;;;;;;;;;;;;;;;;;;;;;;;;;;;;;;;;;;;;;;;;;;;;;;;;;;;;;;;;;;;;;;;;;;;;;;;;;;;;;;;;;;;;;;;;;;;;;;;;;;;;;;;;;;;;;;;;;;;;;;;;;;;;;;;;;;;;;;;;;;;;;;;;;;;;;;;;;;;;;;;;;;;;;;;;;;;;;;;;;;;;;;;;;;;;;;;;;;;;;;;;;;;;;;;;;;;;;;;;;;;;;;;;;;;;;;;;;;;;;;;;;;;;;;;;;;;;;;;;;;;;;;;;;;;;;;;;;;;;;;;;;;;;;;;;;;;;;;;;;;;;;;;;;;;;;;;;;;;;;;;;;;;;;;;;;;;;;;;;;;;;;;;;;;;
2023;Sudeste;3;Minas Gerais;MG;31;Belo Horizonte;3106200;Belo Horizonte;3101;Belo Horizonte;310001;Metropolitana de Belo Horizonte;3107;Belo Horizonte;31030;310620005;CENTRO DE EDUCACAO PROFISSIONAL SENAC - PLUGMINAS;31364282;4;;1;;RUA SANTO AGOSTINHO;1441;;HORTO;31035480;31;33435600;2;2;;;;;;;;;;;;;;;;;;;;;;;;;;;;;;;;;;;;;;;;;;;;;;;;;;;;;;;;;;;;;;;;;;;;;;;;;;;;;;;;;;;;;;;;;;;;;;;;;;;;;;;;;;;;;;;;;;;;;;;;;;;;;;;;;;;;;;;;;;;;;;;;;;;;;;;;;;;;;;;;;;;;;;;;;;;;;;;;;;;;;;;;;;;;;;;;;;;;;;;;;;;;;;;;;;;;;;;;;;;;;;;;;;;;;;;;;;;;;;;;;;;;;;;;;;;;;;;;;;;;;;;;;;;;;;;;;;;;;;;;;;;;;;;;;;;;;;;;;;;;;;;;;;;;;;;;;;;;;;;;;;;;;;;;;;;;;;;;;;;;;;;;;;;;;;;;;;;;;;;;;;;;;;;;;;;;;;;;
2023;Sudeste;3;Espírito Santo;ES;32;Vitória;3205309;Vitória;3201;Vitória;320001;Central Espírito-santense;3203;Vitória;32009;320530905;SERVICO NACIONAL DE APRENDIZAGEM COMERCIAL - SENAC;32067682;4;1;1;0;AVENIDA MARECHAL MASCARENHAS DE MORAES;2077;;BENTO FERREIRA;29050935;27;33258311;1;1;02JAN23:00:00:00;29DEC23:00:00:00;;;;;0;;;;;;;;;;;;;;;;;;;;0;0;0;0;0;1;1;3,7433E+12;3,7433E+12;1;1;;;1;1;0;0;0;0;;0;1;0;1;1;0;0;0;0;1;0;0;0;1;0;0;0;0;1;0;0;0;0;0;0;1;0;1;1;1;1;0;1;1;1;1;1;1;0;1;0;1;1;1;1;1;0;0;0;0;0;1;0;0;0;0;0;0;1;1;1;0;1;1;0;0;0;1;1;0;1;1;0;0;1;0;133;2;135;130;10;0;1;1;1;1;1;0;1;3;1;10;1;10;1;4;1;80;1;400;1;500;1;120;1;1;1;1;0;1;1;2;1;1;32;1;22;1;1;1;2;1;2;0;0;0;0;1;1;0;0;1;27;1;1;1;20;0;0;1;2;1;1;0;0;0;1;0;1;1;0;1;1;1;0;0;0;0;0;0;0;;;;;0;;;;;;;1;0;0;0;0;0;0;0;1;1;0;0;1;0;0;0;1;1;0;1;0;0;0;0;0;0;0;1;1;0;0;0;1;1;0;1146;0;0;0;0;0;0;0;0;0;0;0;0;0;0;0;0;0;0;0;0;0;0;0;0;0;0;0;0;0;0;0;0;0;1146;1146;1146;0;0;0;0;0;0;0;0;0;0;0;36;36;0;777;369;40;280;128;681;15;2;0;0;0;0;33;1113;402;744;0;0;0;0;0;0;0;0;1115;31;0;0;0;0;164;0;0;0;0;0;0;0;164;164;0;0;0;69;69;0;50;0;0;0;0;0;0;0;50;50;0;0;0;22;22;0;19;31;0;0;0;0;0;0;0;0
2023;Sudeste;3;Rio de Janeiro;RJ;33;Rio de Janeiro;3304557;Rio de Janeiro;3301;Rio de Janeiro;330001;Metropolitana do Rio de Janeiro;3306;Rio de Janeiro;33018;330455705;SENAC IRAJA;33161275;4;1;1;0;RUA EMILIANO FELIPE;;173;IRAJA;21230145;;;1;11006;01JAN23:00:00:00;31DEC23:00:00:00;;;;;0;;;;;;;;;;;;;;;;;;;;0;0;0;0;0;1;0;3,67235E+12;1E+14;1;1;;;1;2;0;0;0;0;;0;0;0;1;1;0;0;0;0;1;0;0;0;1;0;0;0;0;1;0;0;0;0;0;0;0;1;1;1;1;1;0;1;1;1;1;1;1;1;0;0;0;1;0;1;0;0;0;0;0;0;1;0;0;0;0;0;0;1;1;1;0;1;0;0;0;0;1;1;0;1;1;0;0;1;0;26;0;26;26;26;0;1;1;1;1;1;0;0;0;1;25;0;0;0;0;1;26;1;52;0;0;0;0;1;1;1;1;1;1;1;3;1;1;18;1;8;1;1;1;8;0;0;0;0;0;0;0;0;0;0;1;7;1;1;1;5;1;1;1;2;0;0;0;0;0;1;0;0;0;0;0;0;0;0;0;0;0;0;0;0;;;;;0;;;;;;;1;0;0;0;0;0;0;0;1;1;0;0;1;0;0;0;1;1;0;1;0;0;0;0;0;0;0;1;1;0;0;0;0;0;0;462;0;0;0;0;0;0;0;0;0;0;0;0;0;0;0;0;0;0;0;0;0;0;0;0;0;0;0;0;0;0;0;0;0;462;462;78;384;0;0;0;0;0;0;0;0;0;0;0;0;0;324;138;461;0;0;1;0;0;0;0;0;0;19;443;248;214;0;0;0;0;0;0;0;0;462;0;0;0;0;0;22;0;0;0;0;0;0;0;22;22;0;0;0;0;0;0;18;0;0;0;0;0;0;0;18;18;0;0;0;0;0;0;11;7;0;0;0;0;0;0;0;0
2023;Sudeste;3;Rio de Janeiro;RJ;33;Rio de Janeiro;3304557;Rio de Janeiro;3301;Rio de Janeiro;330001;Metropolitana do Rio de Janeiro;3306;Rio de Janeiro;33018;330455705;SENAC BOTAFOGO;33161283;4;1;1;0;RUA BAMBINA;;107;BOTAFOGO;22251050;;;1;11009;01JAN23:00:00:00;31DEC23:00:00:00;;;;;0;;;;;;;;;;;;;;;;;;;;0;0;0;0;0;1;0;3,67235E+12;1E+14;1;1;;;1;1;0;0;0;0;;0;0;0;1;1;0;0;0;0;1;0;0;0;1;0;0;0;0;1;0;0;0;0;0;0;0;1;0;0;1;1;0;1;1;1;1;1;0;0;0;0;0;1;0;0;0;0;0;0;0;0;0;0;0;0;0;0;0;1;0;1;0;1;0;0;0;0;1;1;0;1;1;0;0;0;0;23;0;23;23;23;0;1;1;1;1;1;0;1;6;1;5;1;4;1;2;1;23;1;113;1;87;1;8;1;1;1;1;0;1;1;3;1;1;10;0;0;1;1;0;0;0;0;0;0;0;0;0;0;0;0;1;1;1;1;0;0;0;0;1;1;0;0;0;0;0;1;0;0;1;0;0;0;0;0;0;0;0;0;0;0;;;;;0;;;;;;;1;0;0;0;0;0;0;0;1;1;0;0;1;0;0;0;1;1;0;1;0;0;0;0;0;0;0;1;1;0;0;0;1;1;0;361;0;0;0;0;0;0;0;0;0;0;0;0;0;0;0;0;0;0;0;0;0;0;0;0;0;0;0;0;0;0;0;0;0;361;361;32;329;0;0;0;0;0;0;0;0;0;0;4;4;0;217;144;361;0;0;0;0;0;0;0;0;0;3;358;199;162;0;0;0;0;0;0;0;0;361;0;0;0;0;0;37;0;0;0;0;0;0;0;37;37;0;0;0;8;8;0;19;0;0;0;0;0;0;0;19;19;0;0;0;4;4;0;11;8;0;0;0;0;0;0;0;0
2023;Sudeste;3;Rio de Janeiro;RJ;33;Rio de Janeiro;3304557;Rio de Janeiro;3301;Rio de Janeiro;330001;Metropolitana do Rio de Janeiro;3306;Rio de Janeiro;33018;330455705;SENAC MADUREIRA;33172609;4;1;1;0;RUA EWBANCK DA CAMARA;;91;MADUREIRA;21310150;;;1;11006;01JAN23:00:00:00;31DEC23:00:00:00;;;;;0;;;;;;;;;;;;;;;;;;;;0;0;0;0;0;1;0;3,67235E+12;1E+14;1;1;;;1;1;0;0;0;0;;0;0;0;1;1;0;0;0;0;1;0;0;0;1;0;0;0;0;1;0;0;0;0;0;0;0;1;1;0;1;1;0;1;0;0;1;1;0;0;0;0;0;1;1;0;0;0;0;0;0;0;0;0;0;0;0;0;1;0;1;1;0;1;0;0;0;0;1;1;1;1;1;0;1;1;0;24;0;24;24;0;0;1;1;1;1;1;0;1;1;1;1;1;1;0;0;1;1;1;1;1;1;1;1;1;1;1;1;0;1;1;3;1;1;1;1;1;1;1;0;0;0;0;0;0;0;0;0;0;0;0;1;1;1;1;0;0;0;0;1;1;0;0;0;0;0;1;0;0;0;0;0;0;0;0;0;0;0;0;0;0;;;;;0;;;;;;;1;0;0;0;0;0;0;0;1;1;0;0;1;0;0;0;1;1;0;1;0;0;0;0;0;0;0;1;1;0;0;0;1;1;0;713;0;0;0;0;0;0;0;0;0;0;0;0;0;0;0;0;0;0;0;0;0;0;0;0;0;0;0;0;0;0;0;0;0;713;713;76;637;0;0;0;0;0;0;0;0;0;0;6;6;0;480;233;707;4;1;0;1;0;0;0;0;0;16;697;404;309;0;0;0;0;0;0;0;0;713;0;0;0;0;0;43;0;0;0;0;0;0;0;43;43;0;0;0;13;13;0;27;0;0;0;0;0;0;0;27;27;0;0;0;6;6;0;16;11;0;0;0;0;0;0;0;0
2023;Sudeste;3;Rio de Janeiro;RJ;33;Rio de Janeiro;3304557;Rio de Janeiro;3301;Rio de Janeiro;330001;Metropolitana do Rio de Janeiro;3306;Rio de Janeiro;33018;330455705;SENAC MARECHAL FLORIANO;33172803;4;1;1;0;AV. MARECHAL FLORIANO;;6;CENTRO;20080007;;;1;11009;01JAN23:00:00:00;31DEC23:00:00:00;;;;;0;;;;;;;;;;;;;;;;;;;;0;0;0;0;0;1;0;3,67235E+12;1E+14;1;1;;;1;1;0;0;0;0;;0;0;0;1;1;0;0;0;0;1;0;0;0;1;0;0;0;0;1;0;0;0;0;0;0;0;1;1;0;0;1;0;0;1;1;1;1;0;0;0;0;0;1;0;0;0;0;0;0;0;0;1;0;0;0;0;0;0;1;0;1;0;1;0;0;0;0;1;1;0;1;0;0;0;0;0;23;5;28;23;5;0;1;0;0;1;0;0;0;0;0;0;1;2;0;0;1;19;1;43;1;20;0;0;1;1;1;1;1;1;1;3;1;1;11;1;4;1;1;0;0;0;0;0;0;0;0;0;0;0;0;1;1;1;1;1;5;0;0;1;2;0;0;0;0;0;0;0;0;1;0;0;0;0;0;0;0;0;0;0;0;;;;;0;;;;;;;1;0;0;0;0;0;0;0;1;1;0;0;1;0;0;0;1;1;0;1;0;0;0;0;0;0;0;1;1;0;0;0;0;0;0;263;0;0;0;0;0;0;0;0;0;0;0;0;0;0;0;0;0;0;0;0;0;0;0;0;0;0;0;0;0;0;0;0;0;263;263;18;245;0;0;0;0;0;0;0;0;0;0;0;0;0;156;107;263;0;0;0;0;0;0;0;0;0;0;263;108;155;0;0;0;0;0;0;0;0;263;0;0;0;0;0;18;0;0;0;0;0;0;0;18;18;0;0;0;0;0;0;12;0;0;0;0;0;0;0;12;12;0;0;0;0;0;0;5;7;0;0;0;0;0;0;0;0
2023;Sudeste;3;Rio de Janeiro;RJ;33;Duque de Caxias;3301702;Rio de Janeiro;3301;Rio de Janeiro;330001;Metropolitana do Rio de Janeiro;3306;Rio de Janeiro;33018;330170205;SENAC DUQUE DE CAXIAS;33173001;4;;1;;AV. BRIGADEIRO LIMA E SILVA;;764;25 DE AGOSTO;25085131;;;2;11008;;;;;;;;;;;;;;;;;;;;;;;;;;;;;;;;;;;;;;;;;;;;;;;;;;;;;;;;;;;;;;;;;;;;;;;;;;;;;;;;;;;;;;;;;;;;;;;;;;;;;;;;;;;;;;;;;;;;;;;;;;;;;;;;;;;;;;;;;;;;;;;;;;;;;;;;;;;;;;;;;;;;;;;;;;;;;;;;;;;;;;;;;;;;;;;;;;;;;;;;;;;;;;;;;;;;;;;;;;;;;;;;;;;;;;;;;;;;;;;;;;;;;;;;;;;;;;;;;;;;;;;;;;;;;;;;;;;;;;;;;;;;;;;;;;;;;;;;;;;;;;;;;;;;;;;;;;;;;;;;;;;;;;;;;;;;;;;;;;;;;;;;;;;;;;;;;;;;;;;;;;;;;;;;;;;;;;;;
2023;Sudeste;3;Rio de Janeiro;RJ;33;Nova Iguaçu;3303500;Rio de Janeiro;3301;Rio de Janeiro;330001;Metropolitana do Rio de Janeiro;3306;Rio de Janeiro;33018;330350005;SENAC NOVA IGUACU 1;33173400;4;;1;;RUA LUIS DE LIMA;;268;CENTRO;26221080;;;2;11004;;;;;;;;;;;;;;;;;;;;;;;;;;;;;;;;;;;;;;;;;;;;;;;;;;;;;;;;;;;;;;;;;;;;;;;;;;;;;;;;;;;;;;;;;;;;;;;;;;;;;;;;;;;;;;;;;;;;;;;;;;;;;;;;;;;;;;;;;;;;;;;;;;;;;;;;;;;;;;;;;;;;;;;;;;;;;;;;;;;;;;;;;;;;;;;;;;;;;;;;;;;;;;;;;;;;;;;;;;;;;;;;;;;;;;;;;;;;;;;;;;;;;;;;;;;;;;;;;;;;;;;;;;;;;;;;;;;;;;;;;;;;;;;;;;;;;;;;;;;;;;;;;;;;;;;;;;;;;;;;;;;;;;;;;;;;;;;;;;;;;;;;;;;;;;;;;;;;;;;;;;;;;;;;;;;;;;;;
2023;Sudeste;3;Rio de Janeiro;RJ;33;Rio de Janeiro;3304557;Rio de Janeiro;3301;Rio de Janeiro;330001;Metropolitana do Rio de Janeiro;3306;Rio de Janeiro;33018;330455705;SENAC COPACABANA;33173800;4;1;1;0;RUA POMPEU LOUREIRO;;45 4 ANDAR;COPACABANA;22061000;;;1;11009;01JAN23:00:00:00;31DEC23:00:00:00;;;;;0;;;;;;;;;;;;;;;;;;;;0;0;0;0;0;1;0;3,67235E+12;1E+14;1;1;;;1;1;0;0;0;0;;0;0;0;1;1;0;0;0;0;1;0;0;0;1;0;0;0;0;1;0;0;0;0;0;0;0;1;1;0;1;1;0;1;1;1;1;1;1;1;0;0;0;1;1;0;0;0;0;0;0;0;0;0;0;0;1;1;1;1;1;1;0;1;1;0;0;0;1;1;1;0;1;0;1;1;0;40;0;40;40;40;0;1;0;0;1;0;0;0;0;1;11;1;6;1;7;1;42;1;198;0;0;0;0;1;1;1;1;0;1;1;3;1;1;18;1;1;1;1;1;8;0;0;0;0;0;0;0;0;0;0;1;7;1;1;1;5;0;0;1;1;0;0;0;0;0;1;0;0;1;0;0;0;0;0;0;0;0;0;0;0;;;;;0;;;;;;;1;0;0;0;0;0;0;0;1;1;0;0;1;0;0;0;1;1;0;1;0;0;0;0;0;0;0;1;1;0;0;0;1;1;0;254;0;0;0;0;0;0;0;0;0;0;0;0;0;0;0;0;0;0;0;0;0;0;0;0;0;0;0;0;0;0;0;0;0;254;254;20;234;0;0;0;0;0;0;0;0;0;0;1;1;0;190;64;252;2;0;0;0;0;0;0;0;0;4;250;133;121;0;0;0;0;0;0;0;0;253;1;0;0;0;0;20;0;0;0;0;0;0;0;20;20;0;0;0;2;2;0;16;0;0;0;0;0;0;0;16;16;0;0;0;1;1;0;10;6;0;0;0;0;0;0;0;0
2023;Sudeste;3;Rio de Janeiro;RJ;33;Nova Iguaçu;3303500;Rio de Janeiro;3301;Rio de Janeiro;330001;Metropolitana do Rio de Janeiro;3306;Rio de Janeiro;33018;330350005;SENAC NOVA IGUACU;33174075;4;1;1;0;RUA CEL. CARLOS MATOS;;86;CENTRO;26210200;;;1;11004;01JAN23:00:00:00;31DEC23:00:00:00;;;;;0;;;;;;;;;;;;;;;;;;;;0;0;0;0;0;1;0;3,67235E+12;1E+14;1;1;;;1;1;0;0;0;0;;0;0;0;1;1;0;0;0;0;1;0;0;0;1;0;0;0;0;1;0;0;0;0;0;0;0;1;1;0;1;1;0;1;0;0;1;1;0;0;0;0;0;1;1;0;0;0;0;0;0;0;0;0;0;0;0;0;1;0;1;1;0;1;0;0;0;0;1;1;1;1;1;0;1;1;0;31;0;31;31;0;0;1;1;1;1;1;0;1;1;1;1;1;1;0;0;1;1;1;1;1;1;1;1;1;1;1;1;0;1;1;3;1;1;1;1;1;1;1;0;0;0;0;0;0;0;0;0;0;0;0;1;1;1;1;0;0;0;0;1;1;0;0;0;0;0;1;0;0;0;0;0;0;0;0;0;0;0;0;0;0;;;;;0;;;;;;;1;0;0;0;0;0;0;0;1;1;0;0;1;0;0;0;1;1;0;1;0;0;0;0;0;0;0;1;1;0;0;0;1;1;0;709;0;0;0;0;0;0;0;0;0;0;0;0;0;0;0;0;0;0;0;0;0;0;0;0;0;0;0;0;0;0;0;0;0;709;709;134;575;0;0;0;0;0;0;0;0;0;0;4;4;0;417;292;699;1;3;6;0;0;0;0;0;0;48;661;397;312;0;0;0;0;0;0;0;0;709;0;0;0;0;0;48;0;0;0;0;0;0;0;48;48;0;0;0;7;7;0;34;0;0;0;0;0;0;0;34;34;0;0;0;4;4;0;20;14;0;0;0;0;0;0;0;0
2023;Sudeste;3;Rio de Janeiro;RJ;33;Rio de Janeiro;3304557;Rio de Janeiro;3301;Rio de Janeiro;330001;Metropolitana do Rio de Janeiro;3306;Rio de Janeiro;33018;330455705;SENAC BARRA DA TIJUCA;33174202;4;1;1;0;AV. DAS AMERICAS;;3959 COBERTURA;BARRA DA TIJUCA;22631003;;;1;11009;01JAN23:00:00:00;31DEC23:00:00:00;;;;;0;;;;;;;;;;;;;;;;;;;;0;0;0;0;0;1;0;3,67235E+12;1E+14;1;1;;;1;1;0;0;0;0;;0;0;0;1;1;0;0;0;0;1;0;0;0;1;0;0;0;0;1;0;0;0;0;0;0;0;1;1;0;1;1;0;1;0;0;1;1;0;0;0;0;0;1;1;0;0;0;0;0;0;0;0;0;0;0;0;0;1;0;1;1;0;1;0;0;0;0;1;1;1;1;1;0;1;1;0;16;0;16;16;0;0;1;1;1;1;1;0;1;1;1;1;1;1;0;0;1;1;1;1;1;1;1;1;1;1;1;1;0;1;1;3;1;1;1;1;1;1;1;0;0;0;0;0;0;0;0;0;0;0;0;1;1;1;1;0;0;0;0;1;1;0;0;0;0;0;1;0;0;0;0;0;0;0;0;0;0;0;0;0;0;;;;;0;;;;;;;1;0;0;0;0;0;0;0;1;1;0;0;1;0;0;0;1;1;0;1;0;0;0;0;0;0;0;1;1;0;0;0;1;1;0;242;0;0;0;0;0;0;0;0;0;0;0;0;0;0;0;0;0;0;0;0;0;0;0;0;0;0;0;0;0;0;0;0;0;242;242;32;210;0;0;0;0;0;0;0;0;0;0;3;3;0;142;100;237;2;1;2;0;0;0;0;0;0;8;234;129;113;0;0;0;0;0;0;0;0;242;0;0;0;0;0;15;0;0;0;0;0;0;0;15;15;0;0;0;4;4;0;12;0;0;0;0;0;0;0;12;12;0;0;0;3;3;0;7;5;0;0;0;0;0;0;0;0
2023;Sudeste;3;Rio de Janeiro;RJ;33;Petrópolis;3303906;Petrópolis;3303;Petrópolis;330007;Metropolitana do Rio de Janeiro;3306;Serrana;33015;330390605;SENAC PETROPOLIS;33174601;4;1;1;0;RUA ALFREDO PACHA;;26;CENTRO;25685210;;;1;11013;01JAN23:00:00:00;31DEC23:00:00:00;;;;;0;;;;;;;;;;;;;;;;;;;;0;0;0;0;0;1;0;3,67235E+12;1E+14;1;1;;;1;1;0;0;0;0;;0;0;0;1;1;0;0;0;0;1;0;0;0;1;0;0;0;0;1;0;0;0;0;0;0;0;1;1;1;0;1;0;1;0;0;1;1;1;1;0;0;0;1;1;0;0;0;0;0;0;0;1;0;0;0;0;0;1;0;1;1;0;1;1;1;0;0;1;0;1;1;1;0;0;0;0;5;6;11;10;6;0;1;1;1;1;1;0;0;0;1;2;1;1;0;0;1;6;1;94;0;0;0;0;1;1;1;1;1;1;1;3;1;1;11;0;0;1;1;0;0;0;0;0;0;0;0;0;0;0;0;1;2;1;1;1;4;0;0;1;1;0;0;0;0;0;0;0;1;1;0;0;0;0;0;0;0;0;0;0;0;;;;;0;;;;;;;1;0;0;0;0;0;0;0;1;1;0;0;1;0;0;0;1;1;0;1;0;0;0;0;0;0;0;1;1;0;0;0;1;1;0;150;0;0;0;0;0;0;0;0;0;0;0;0;0;0;0;0;0;0;0;0;0;0;0;0;0;0;0;0;0;0;0;0;0;150;150;21;129;0;0;0;0;0;0;0;0;0;0;1;1;0;121;29;146;3;0;1;0;0;0;0;0;0;2;148;50;100;0;0;0;0;0;0;0;0;150;0;0;0;0;0;16;0;0;0;0;0;0;0;16;16;0;0;0;1;1;0;10;0;0;0;0;0;0;0;10;10;0;0;0;1;1;0;4;6;0;0;0;0;0;0;0;0
2023;Sudeste;3;Rio de Janeiro;RJ;33;Niterói;3303302;Rio de Janeiro;3301;Rio de Janeiro;330001;Metropolitana do Rio de Janeiro;3306;Rio de Janeiro;33018;330330205;SENAC NITEROI;33174806;4;1;1;0;RUA ALMIRANTE TEFFE;;680;CENTRO;24030085;;;1;11001;01JAN23:00:00:00;31DEC23:00:00:00;;;;;0;;;;;;;;;;;;;;;;;;;;0;0;0;0;0;1;0;3,67235E+12;1E+14;1;1;;;1;1;0;0;0;0;;0;0;0;1;1;0;0;0;0;1;0;0;0;1;0;0;0;0;1;0;0;0;0;0;0;0;1;1;0;1;1;0;1;0;1;0;1;1;1;0;0;0;1;0;0;0;0;0;0;0;0;1;0;0;0;0;0;1;1;1;1;0;1;0;0;0;0;1;1;0;1;1;0;0;0;0;30;0;30;30;30;0;1;0;0;1;1;0;0;0;1;6;0;0;0;0;1;26;1;81;1;1;1;1;1;1;1;1;0;1;1;3;1;1;30;1;8;1;1;0;0;0;0;0;0;0;0;0;0;0;0;1;1;1;1;1;5;0;0;1;1;0;0;0;0;0;1;0;0;0;0;0;0;0;0;0;0;0;0;0;0;;;;;0;;;;;;;1;0;0;0;0;0;0;0;1;1;0;0;1;0;0;0;1;1;0;1;0;0;0;0;0;0;0;1;1;0;0;0;1;1;0;621;0;0;0;0;0;0;0;0;0;0;0;0;0;0;0;0;0;0;0;0;0;0;0;0;0;0;0;0;0;0;0;0;0;621;621;77;544;0;0;0;0;0;0;0;0;0;0;7;7;0;424;197;620;0;1;0;0;0;0;0;0;0;9;612;301;320;0;0;0;0;0;0;0;0;621;0;0;0;0;0;39;0;0;0;0;0;0;0;39;39;0;0;0;11;11;0;29;0;0;0;0;0;0;0;29;29;0;0;0;5;5;0;16;13;0;0;0;0;0;0;0;0
2023;Sudeste;3;Rio de Janeiro;RJ;33;Barra do Piraí;3300308;Volta Redonda - Barra Mansa;3302;Volta Redonda - Barra Mansa;330004;Sul Fluminense;3305;Barra do Piraí;33012;330030805;SENAC BARRA DO PIRAI;33175004;4;1;1;0;RUA JOSE ALVES PIMENTA;;514;MATADOURO;27115010;;;1;11002;01JAN23:00:00:00;31DEC23:00:00:00;;;;;0;;;;;;;;;;;;;;;;;;;;0;0;0;0;0;1;0;3,67235E+12;1E+14;1;1;;;1;3;0;0;0;0;;0;0;0;1;1;0;0;0;0;1;0;0;0;1;0;0;0;0;1;0;0;0;0;0;0;0;1;1;0;0;1;0;1;0;0;0;1;1;0;0;0;0;0;0;0;0;0;0;0;0;0;0;0;0;0;0;0;0;0;1;0;0;1;0;0;0;0;1;0;0;1;1;0;0;0;0;4;0;4;4;4;0;1;0;0;1;0;0;0;0;0;0;0;0;0;0;1;4;1;3;1;5;1;1;1;0;1;0;0;0;0;0;1;1;2;1;1;1;1;0;0;1;1;0;0;0;0;0;0;0;0;1;1;1;1;0;0;0;0;1;1;0;0;0;0;0;0;0;0;0;0;0;1;0;0;0;0;0;0;0;0;;;;;0;;;;;;;1;0;0;0;0;0;0;0;1;1;0;0;1;0;0;0;1;1;0;1;0;0;0;0;0;0;0;1;1;0;0;0;1;1;0;67;0;0;0;0;0;0;0;0;0;0;0;0;0;0;0;0;0;0;0;0;0;0;0;0;0;0;0;0;0;0;0;0;0;67;67;18;49;0;0;0;0;0;0;0;0;0;0;1;1;0;53;14;67;0;0;0;0;0;0;0;0;0;0;67;20;47;0;0;0;0;0;0;0;0;67;0;0;0;0;0;4;0;0;0;0;0;0;0;4;4;0;0;0;1;1;0;3;0;0;0;0;0;0;0;3;3;0;0;0;1;1;0;1;2;0;0;0;0;0;0;0;0
2023;Sudeste;3;Rio de Janeiro;RJ;33;Barra Mansa;3300407;Volta Redonda - Barra Mansa;3302;Volta Redonda - Barra Mansa;330004;Sul Fluminense;3305;Vale do Paraíba Fluminense;33011;330040705;SENAC BARRA MANSA;33175209;4;1;1;0;RUA LUIZ PONCE;;103;CENTRO;27310400;;;1;11003;01JAN23:00:00:00;31DEC23:00:00:00;;;;;0;;;;;;;;;;;;;;;;;;;;0;0;0;0;0;1;0;3,67235E+12;1E+14;1;1;;;1;1;0;0;0;0;;0;0;0;1;1;0;0;0;0;1;0;0;0;1;0;0;0;0;1;0;0;0;0;0;0;0;1;1;0;1;1;0;1;0;0;1;1;0;0;0;0;0;1;1;0;0;0;0;0;0;0;0;0;0;0;0;0;1;0;1;1;0;1;0;0;0;0;1;1;1;1;1;0;1;1;0;3;0;3;3;3;0;1;0;0;1;0;0;0;0;0;0;1;1;0;0;1;3;1;2;0;0;0;0;1;1;1;1;1;1;1;3;1;1;1;1;1;1;1;1;1;0;0;0;0;0;0;0;0;0;0;1;1;1;1;0;0;0;0;0;0;0;0;0;0;0;1;0;0;0;0;0;0;0;0;0;0;0;0;0;0;;;;;0;;;;;;;1;0;0;0;0;0;0;0;1;1;0;0;1;0;0;0;0;1;0;1;0;0;0;0;0;0;0;1;1;0;0;0;1;1;0;43;0;0;0;0;0;0;0;0;0;0;0;0;0;0;0;0;0;0;0;0;0;0;0;0;0;0;0;0;0;0;0;0;0;43;43;9;34;0;0;0;0;0;0;0;0;0;0;1;1;0;32;11;43;0;0;0;0;0;0;0;0;0;5;38;0;43;0;0;0;0;0;0;0;0;43;0;0;0;0;0;4;0;0;0;0;0;0;0;4;4;0;0;0;3;3;0;2;0;0;0;0;0;0;0;2;2;0;0;0;1;1;0;0;2;0;0;0;0;0;0;0;0
2023;Sudeste;3;Rio de Janeiro;RJ;33;Volta Redonda;3306305;Volta Redonda - Barra Mansa;3302;Volta Redonda - Barra Mansa;330004;Sul Fluminense;3305;Vale do Paraíba Fluminense;33011;330630505;SENAC VOLTA REDONDA;33175403;4;1;1;0;RUA DEPUTADO GERALDO DI BIASE;;251;ATERRADO;27213080;;;1;11003;01JAN23:00:00:00;31DEC23:00:00:00;;;;;0;;;;;;;;;;;;;;;;;;;;0;0;0;0;0;1;0;3,67235E+12;1E+14;1;1;;;1;3;0;0;0;0;;0;0;0;1;1;0;0;0;0;1;0;0;0;1;0;0;0;0;1;0;0;0;0;0;0;0;1;1;0;0;1;0;1;0;0;0;1;0;0;0;0;0;0;0;0;0;0;0;0;0;0;0;0;0;0;0;0;0;0;1;0;0;1;0;0;0;0;1;0;0;1;1;0;0;0;0;4;0;4;4;4;0;1;0;0;1;0;0;0;0;0;0;1;1;0;0;1;3;1;2;0;0;0;0;1;1;1;1;1;1;1;2;1;1;1;1;1;1;1;1;1;0;0;0;0;0;0;0;0;0;0;1;1;1;1;0;0;0;0;0;0;0;0;0;0;0;0;0;0;0;0;0;1;0;0;0;0;0;0;0;0;;;;;0;;;;;;;1;0;0;0;0;0;0;0;1;1;0;0;1;0;0;0;1;1;0;1;0;0;0;0;0;0;0;1;1;0;0;0;0;0;0;25;0;0;0;0;0;0;0;0;0;0;0;0;0;0;0;0;0;0;0;0;0;0;0;0;0;0;0;0;0;0;0;0;0;25;25;0;25;0;0;0;0;0;0;0;0;0;0;0;0;0;22;3;24;1;0;0;0;0;0;0;0;0;0;25;13;12;0;0;0;0;0;0;0;0;25;0;0;0;0;0;2;0;0;0;0;0;0;0;2;2;0;0;0;0;0;0;2;0;0;0;0;0;0;0;2;2;0;0;0;0;0;0;1;1;0;0;0;0;0;0;0;0
2023;Sudeste;3;Rio de Janeiro;RJ;33;Angra dos Reis;3300100;Rio de Janeiro;3301;Angra dos Reis;330002;Sul Fluminense;3305;Baía da Ilha Grande;33013;330010005;SENAC ANGRA DOS REIS;33175608;4;;1;;RUA DR. CARLOS AMARAL BRASIL;;50;JARDIM BALNEARIO;23906040;;;2;11003;;;;;;;;;;;;;;;;;;;;;;;;;;;;;;;;;;;;;;;;;;;;;;;;;;;;;;;;;;;;;;;;;;;;;;;;;;;;;;;;;;;;;;;;;;;;;;;;;;;;;;;;;;;;;;;;;;;;;;;;;;;;;;;;;;;;;;;;;;;;;;;;;;;;;;;;;;;;;;;;;;;;;;;;;;;;;;;;;;;;;;;;;;;;;;;;;;;;;;;;;;;;;;;;;;;;;;;;;;;;;;;;;;;;;;;;;;;;;;;;;;;;;;;;;;;;;;;;;;;;;;;;;;;;;;;;;;;;;;;;;;;;;;;;;;;;;;;;;;;;;;;;;;;;;;;;;;;;;;;;;;;;;;;;;;;;;;;;;;;;;;;;;;;;;;;;;;;;;;;;;;;;;;;;;;;;;;;;
2023;Sudeste;3;Rio de Janeiro;RJ;33;Cabo Frio;3300704;Macaé - Rio das Ostras - Cabo Frio;3305;Cabo Frio;330013;Baixadas;3304;Lagos;33010;330070405;SENAC CABO FRIO;33176000;4;1;1;0;AVENIDA TEIXEIRA E SOUZA;;31;CENTRO;28907410;;;1;11001;01JAN23:00:00:00;31DEC23:00:00:00;;;;;0;;;;;;;;;;;;;;;;;;;;0;0;0;0;0;1;0;3,67235E+12;1E+14;1;1;;;1;2;0;0;0;0;;0;0;0;1;1;0;0;0;0;1;0;0;0;1;0;0;0;0;1;0;0;0;0;0;0;0;1;0;0;0;1;0;1;1;0;0;0;0;0;0;0;0;1;1;0;0;0;0;0;0;0;0;0;0;0;0;0;0;0;0;1;0;1;0;0;0;0;1;1;0;1;0;0;0;1;0;8;0;8;8;7;0;1;1;1;1;1;0;0;0;1;1;1;3;0;0;1;7;1;20;1;20;1;1;1;1;1;1;1;1;1;3;1;1;2;1;2;0;0;0;0;0;0;0;0;0;0;0;0;0;0;1;4;1;1;1;2;0;0;1;1;0;0;0;0;0;1;0;0;0;0;0;0;0;0;0;0;0;0;0;0;;;;;0;;;;;;;1;0;0;0;0;0;0;0;1;1;0;0;1;0;0;0;1;1;0;1;0;0;0;0;0;0;0;1;1;0;0;0;1;1;0;145;0;0;0;0;0;0;0;0;0;0;0;0;0;0;0;0;0;0;0;0;0;0;0;0;0;0;0;0;0;0;0;0;0;145;145;8;137;0;0;0;0;0;0;0;0;0;0;1;1;0;111;34;145;0;0;0;0;0;0;0;0;0;4;141;60;85;0;0;0;0;0;0;0;0;145;0;0;0;0;0;9;0;0;0;0;0;0;0;9;9;0;0;0;1;1;0;6;0;0;0;0;0;0;0;6;6;0;0;0;1;1;0;3;3;0;0;0;0;0;0;0;0
2023;Sudeste;3;Rio de Janeiro;RJ;33;Resende;3304201;Volta Redonda - Barra Mansa;3302;Resende;330005;Sul Fluminense;3305;Vale do Paraíba Fluminense;33011;330420105;SENAC RESENDE;33176205;4;1;1;0;RUA SARKIS JOSE SARKIS;;80;JARDIM JALISCO;27510100;;;1;11003;01JAN23:00:00:00;31DEC23:00:00:00;;;;;0;;;;;;;;;;;;;;;;;;;;0;0;0;0;0;1;0;3,67235E+12;1E+14;1;1;;;1;3;0;0;0;0;;0;0;0;1;1;0;0;0;0;1;0;0;0;1;0;0;0;0;1;0;0;0;0;0;0;0;1;1;1;1;1;0;1;1;0;1;1;1;1;0;0;0;1;1;0;0;0;0;0;0;0;1;0;0;0;0;0;1;1;1;1;0;1;0;0;0;0;1;1;0;1;1;0;0;0;0;19;0;19;19;3;0;1;0;0;1;0;0;0;0;1;2;1;3;1;1;1;19;1;2;0;0;0;0;1;1;1;1;1;1;1;2;1;1;3;1;5;1;1;1;1;0;0;0;0;0;0;0;0;0;0;1;2;1;1;1;4;1;1;1;1;0;0;0;0;0;0;0;0;0;0;0;1;0;0;0;0;0;0;0;0;;;;;0;;;;;;;1;0;0;0;0;0;0;0;1;1;0;0;1;0;0;0;1;1;0;1;0;0;0;0;0;0;0;1;1;0;0;0;1;1;0;429;0;0;0;0;0;0;0;0;0;0;0;0;0;0;0;0;0;0;0;0;0;0;0;0;0;0;0;0;0;0;0;0;0;429;429;123;306;0;0;0;0;0;0;0;0;0;0;3;3;0;369;60;424;1;0;4;0;0;0;0;0;0;17;412;225;204;0;0;0;0;0;0;0;0;429;0;0;0;0;0;21;0;0;0;0;0;0;0;21;21;0;0;0;6;6;0;18;0;0;0;0;0;0;0;18;18;0;0;0;3;3;0;10;8;0;0;0;0;0;0;0;0
2023;Sudeste;3;Rio de Janeiro;RJ;33;Rio de Janeiro;3304557;Rio de Janeiro;3301;Rio de Janeiro;330001;Metropolitana do Rio de Janeiro;3306;Rio de Janeiro;33018;330455705;SENAC CAMPO GRANDE;33176809;4;1;1;0;RUA BARCELOS DOMINGOS;;58;CAMPO GRANDE;23080020;;;1;11007;01JAN23:00:00:00;31DEC23:00:00:00;;;;;0;;;;;;;;;;;;;;;;;;;;0;0;0;0;0;1;0;3,67235E+12;1E+14;1;1;;;1;1;0;0;0;0;;0;0;0;1;1;0;0;0;0;1;0;0;0;1;0;0;0;0;1;0;0;0;0;0;0;0;1;1;0;1;1;0;1;0;0;1;1;0;0;0;0;0;1;1;0;0;0;0;0;0;0;0;0;0;0;0;0;1;0;1;1;0;1;0;0;0;0;1;1;1;1;1;0;1;1;0;31;0;31;31;0;0;1;1;1;1;1;0;1;1;1;1;1;1;0;0;1;1;1;1;1;1;1;1;1;1;1;1;0;1;1;3;1;1;1;1;1;1;1;0;0;0;0;0;0;0;0;0;0;0;0;1;1;1;1;0;0;0;0;1;1;0;0;0;0;0;1;0;0;0;0;0;0;0;0;0;0;0;0;0;0;;;;;0;;;;;;;1;0;0;0;0;0;0;0;1;1;0;0;1;0;0;0;1;1;0;1;0;0;0;0;0;0;0;1;1;0;0;0;1;1;0;733;0;0;0;0;0;0;0;0;0;0;0;0;0;0;0;0;0;0;0;0;0;0;0;0;0;0;0;0;0;0;0;0;0;733;733;117;616;0;0;0;0;0;0;0;0;0;0;2;2;0;526;207;723;4;2;4;0;0;0;0;0;0;49;684;410;323;0;0;0;0;0;0;0;0;733;0;0;0;0;0;47;0;0;0;0;0;0;0;47;47;0;0;0;5;5;0;28;0;0;0;0;0;0;0;28;28;0;0;0;2;2;0;15;13;0;0;0;0;0;0;0;0
2023;Sudeste;3;Rio de Janeiro;RJ;33;Rio de Janeiro;3304557;Rio de Janeiro;3301;Rio de Janeiro;330001;Metropolitana do Rio de Janeiro;3306;Rio de Janeiro;33018;330455705;SENAC BONSUCESSO;33177201;4;1;1;0;RUA DONA ISABEL;;700;BONSUCESSO;21032060;;;1;11006;01JAN23:00:00:00;31DEC23:00:00:00;;;;;0;;;;;;;;;;;;;;;;;;;;0;0;0;0;0;1;0;3,67235E+12;1E+14;1;1;;;1;1;0;0;0;0;;0;0;0;1;1;0;0;0;0;1;0;0;0;1;0;0;0;0;1;0;0;0;0;0;0;0;1;1;0;1;1;0;1;0;0;1;1;0;0;0;0;0;1;1;0;0;0;0;0;0;0;0;0;0;0;0;0;1;0;1;1;0;1;0;0;0;0;1;1;1;1;1;0;1;1;0;23;0;23;23;23;0;1;1;1;1;1;0;0;0;1;1;1;2;0;0;1;23;1;81;1;26;1;1;1;1;1;1;0;1;1;3;1;1;14;1;1;1;1;0;0;0;0;0;0;0;0;0;0;0;0;1;7;1;1;0;0;1;1;1;1;0;0;0;0;0;1;0;0;1;0;0;0;0;0;0;0;0;0;0;0;;;;;0;;;;;;;1;0;0;0;0;0;0;0;1;1;0;0;1;0;0;0;1;1;0;1;0;0;0;0;0;0;0;1;1;0;0;0;1;1;0;546;0;0;0;0;0;0;0;0;0;0;0;0;0;0;0;0;0;0;0;0;0;0;0;0;0;0;0;0;0;0;0;0;0;546;546;78;468;0;0;0;0;0;0;0;0;0;0;5;5;0;415;131;542;2;1;1;0;0;0;0;0;0;13;533;335;211;0;0;0;0;0;0;0;0;546;0;0;0;0;0;30;0;0;0;0;0;0;0;30;30;0;0;0;11;11;0;24;0;0;0;0;0;0;0;24;24;0;0;0;5;5;0;16;8;0;0;0;0;0;0;0;0
2023;Sudeste;3;Rio de Janeiro;RJ;33;Campos dos Goytacazes;3301009;Campos dos Goytacazes;3304;Campos dos Goytacazes;330010;Norte Fluminense;3302;Campos dos Goytacazes;33003;330100905;SENAC CAMPOS;33177406;4;1;1;0;RUA CORA DE ALVARENGA;;151;PARQUE LEOPOLDINA;28051271;;;1;11012;01JAN23:00:00:00;31DEC23:00:00:00;;;;;0;;;;;;;;;;;;;;;;;;;;0;0;0;0;0;1;0;3,67235E+12;1E+14;1;1;;;1;1;0;0;0;0;;0;0;0;1;1;0;0;0;0;1;0;0;0;1;0;0;0;0;1;0;0;0;0;0;0;0;1;1;0;1;1;0;1;0;0;1;1;0;0;0;0;0;1;1;0;0;0;0;0;0;0;0;0;0;0;0;0;1;0;1;1;0;1;0;0;0;0;1;1;1;1;1;0;1;1;0;18;0;18;18;0;0;1;1;1;1;1;0;1;1;1;1;1;1;0;0;1;1;1;1;1;1;1;1;1;1;1;1;0;1;1;3;1;1;1;1;1;1;1;0;0;0;0;0;0;0;0;0;0;0;0;1;1;1;1;0;0;0;0;1;1;0;0;0;0;0;1;0;0;0;0;0;0;0;0;0;0;0;0;0;0;;;;;0;;;;;;;1;0;0;0;0;0;0;0;1;1;0;0;1;0;0;0;1;1;0;1;0;0;0;0;0;0;0;1;1;0;0;0;1;1;0;533;0;0;0;0;0;0;0;0;0;0;0;0;0;0;0;0;0;0;0;0;0;0;0;0;0;0;0;0;0;0;0;0;0;533;533;100;433;0;0;0;0;0;0;0;0;0;0;6;6;0;418;115;520;5;2;6;0;0;0;0;0;0;22;511;259;274;0;0;0;0;0;0;0;0;533;0;0;0;0;0;37;0;0;0;0;0;0;0;37;37;0;0;0;12;12;0;22;0;0;0;0;0;0;0;22;22;0;0;0;6;6;0;12;10;0;0;0;0;0;0;0;0
2023;Sudeste;3;Rio de Janeiro;RJ;33;Itaperuna;3302205;Campos dos Goytacazes;3304;Itaperuna;330011;Noroeste Fluminense;3301;Itaperuna;33001;330220505;SENAC ITAPERUNA;33178607;4;1;1;0;AVENIDA PRESIDENTE DUTRA;;527;CIDADE NOVA;28300000;;;1;11011;01JAN23:00:00:00;31DEC23:00:00:00;;;;;0;;;;;;;;;;;;;;;;;;;;0;0;0;0;0;1;0;3,67235E+12;1E+14;1;1;;;1;2;0;0;0;0;;0;0;0;1;1;0;0;0;0;1;0;0;0;1;0;0;0;0;1;0;0;0;0;0;0;0;1;1;0;0;1;0;1;1;0;1;1;0;1;0;0;0;1;0;0;0;0;0;0;0;0;0;0;0;0;0;0;0;1;0;1;0;1;0;0;0;0;0;0;0;1;1;0;0;1;0;5;0;5;5;5;0;1;0;0;1;0;0;0;0;1;2;1;1;0;0;1;88888;1;2;1;14;0;0;1;1;1;1;0;1;1;3;1;1;7;1;2;1;1;1;1;0;0;0;0;0;0;0;0;0;0;1;1;1;1;0;0;1;2;1;1;0;0;0;0;0;1;0;0;0;0;0;0;0;0;0;0;0;0;0;0;;;;;0;;;;;;;1;0;0;0;0;0;0;0;1;1;0;0;1;0;0;0;1;1;0;1;0;0;0;0;0;0;0;1;1;0;0;0;0;0;0;119;0;0;0;0;0;0;0;0;0;0;0;0;0;0;0;0;0;0;0;0;0;0;0;0;0;0;0;0;0;0;0;0;0;119;119;25;94;0;0;0;0;0;0;0;0;0;0;0;0;0;79;40;117;1;0;1;0;0;0;0;0;0;5;114;33;86;0;0;0;0;0;0;0;0;119;0;0;0;0;0;11;0;0;0;0;0;0;0;11;11;0;0;0;0;0;0;7;0;0;0;0;0;0;0;7;7;0;0;0;0;0;0;3;4;0;0;0;0;0;0;0;0
2023;Sudeste;3;Rio de Janeiro;RJ;33;Rio das Ostras;3304524;Macaé - Rio das Ostras - Cabo Frio;3305;Macaé - Rio das Ostras;330014;Baixadas;3304;Bacia de São João;33009;330452405;SENAC RIO DAS OSTRAS;33178801;4;1;1;0;RUA RIO DE JANEIRO;;S/N;EXTENSAO DO BOSQUE;28893334;;;1;11012;01JAN23:00:00:00;31DEC23:00:00:00;;;;;0;;;;;;;;;;;;;;;;;;;;0;0;0;0;0;1;0;3,67235E+12;1E+14;1;1;;;1;3;0;0;0;0;;0;0;0;1;1;0;0;0;0;1;0;0;0;1;0;0;0;0;1;0;0;0;0;0;0;0;1;0;1;0;1;0;1;0;0;0;0;0;1;0;0;0;0;0;0;0;0;0;0;0;0;0;0;0;0;0;0;0;0;0;1;0;1;0;0;0;0;0;0;0;1;1;0;0;1;0;6;0;6;6;6;0;1;0;0;1;0;0;0;0;1;4;1;2;0;0;1;4;1;1;1;11;0;0;1;1;1;1;0;1;1;2;1;1;3;1;4;0;0;1;88888;0;0;0;0;0;0;0;0;0;0;1;1;1;1;0;0;0;0;1;1;0;0;0;0;0;1;0;0;1;0;0;0;0;0;0;0;0;0;0;0;;;;;0;;;;;;;1;0;0;0;0;0;0;0;1;1;0;0;1;0;0;0;1;1;0;1;0;0;0;0;0;0;0;1;1;0;0;0;0;0;0;76;0;0;0;0;0;0;0;0;0;0;0;0;0;0;0;0;0;0;0;0;0;0;0;0;0;0;0;0;0;0;0;0;0;76;76;5;71;0;0;0;0;0;0;0;0;0;0;0;0;0;59;17;76;0;0;0;0;0;0;0;0;0;1;75;53;23;0;0;0;0;0;0;0;0;76;0;0;0;0;0;4;0;0;0;0;0;0;0;4;4;0;0;0;0;0;0;3;0;0;0;0;0;0;0;3;3;0;0;0;0;0;0;2;1;0;0;0;0;0;0;0;0
2023;Sudeste;3;Rio de Janeiro;RJ;33;Santo Antônio de Pádua;3304706;Campos dos Goytacazes;3304;Santo Antônio de Pádua;330012;Noroeste Fluminense;3301;Santo Antônio de Pádua;33002;330470605;SENAC SANTO ANTONIO PADUA;33179000;4;1;1;0;RUA ANACLETO ALVIM PADILHA;;243;CENTRO;28470000;;;1;11011;01JAN23:00:00:00;31DEC23:00:00:00;;;;;0;;;;;;;;;;;;;;;;;;;;0;0;0;0;0;1;0;3,67235E+12;1E+14;1;1;;;1;3;0;0;0;0;;0;0;0;1;1;0;0;0;0;1;0;0;0;1;0;0;0;0;1;0;0;0;0;0;0;0;1;1;1;0;1;0;1;0;0;0;0;1;0;0;0;0;0;0;0;0;0;0;0;0;0;0;0;0;0;0;0;0;0;0;0;0;1;0;0;0;0;1;0;1;1;1;0;0;0;0;3;0;3;3;0;0;1;0;0;1;0;0;0;0;1;2;0;0;0;0;1;3;0;0;1;4;0;0;1;0;1;0;0;0;0;3;0;1;3;1;2;0;0;0;0;0;0;0;0;0;0;0;0;0;0;1;1;1;1;0;0;0;0;0;0;0;0;0;0;0;0;0;0;0;0;0;0;0;0;0;0;0;0;1;0;;;;;0;;;;;;;1;0;0;0;0;0;0;0;1;1;0;0;1;0;0;0;1;1;0;1;0;0;0;0;0;0;0;1;1;0;0;0;1;1;0;195;0;0;0;0;0;0;0;0;0;0;0;0;0;0;0;0;0;0;0;0;0;0;0;0;0;0;0;0;0;0;0;0;0;195;195;49;146;0;0;0;0;0;0;0;0;0;0;4;4;0;156;39;194;1;0;0;0;0;0;0;0;0;1;194;130;65;0;0;0;0;0;0;0;0;195;0;0;0;0;0;7;0;0;0;0;0;0;0;7;7;0;0;0;6;6;0;6;0;0;0;0;0;0;0;6;6;0;0;0;3;3;0;4;2;0;0;0;0;0;0;0;0
2023;Sudeste;3;Rio de Janeiro;RJ;33;Nova Friburgo;3303401;Petrópolis;3303;Nova Friburgo;330008;Centro Fluminense;3303;Nova Friburgo;33007;330340105;SENAC NOVA FRIBURGO;33179204;4;1;1;0;AVENIDA ALBERTO BRAUNE;;135 LOJA 07 GALER;CENTRO;28613001;;;1;11014;01JAN23:00:00:00;31DEC23:00:00:00;;;;;0;;;;;;;;;;;;;;;;;;;;0;0;0;0;0;1;0;3,67235E+12;1E+14;1;1;;;1;2;0;0;0;0;;0;0;0;1;1;0;0;0;0;1;0;0;0;1;0;0;0;0;1;0;0;0;0;0;0;0;1;1;0;0;1;0;1;0;0;0;1;1;0;0;0;0;1;0;0;0;0;0;0;0;0;0;0;0;0;0;0;0;1;1;1;0;1;0;0;0;0;1;0;0;1;0;0;0;1;0;8;0;8;8;3;0;1;1;1;1;1;0;0;0;1;2;1;3;0;0;1;9;1;21;1;20;0;0;1;1;1;1;0;1;1;3;1;1;5;1;2;1;1;0;0;1;3;0;0;0;0;0;0;0;0;1;1;1;1;1;1;0;0;1;1;0;0;0;0;0;1;0;0;0;0;0;0;0;0;0;0;0;0;0;0;;;;;0;;;;;;;1;0;0;0;0;0;0;0;1;1;0;0;1;0;0;0;1;1;0;1;0;0;0;0;0;0;0;1;1;0;0;0;0;0;0;141;0;0;0;0;0;0;0;0;0;0;0;0;0;0;0;0;0;0;0;0;0;0;0;0;0;0;0;0;0;0;0;0;0;141;141;29;112;0;0;0;0;0;0;0;0;0;0;0;0;0;122;19;139;1;1;0;0;0;0;0;0;0;1;140;69;72;0;0;0;0;0;0;0;0;141;0;0;0;0;0;10;0;0;0;0;0;0;0;10;10;0;0;0;0;0;0;7;0;0;0;0;0;0;0;7;7;0;0;0;0;0;0;4;3;0;0;0;0;0;0;0;0
2023;Sudeste;3;Rio de Janeiro;RJ;33;Teresópolis;3305802;Petrópolis;3303;Petrópolis;330007;Metropolitana do Rio de Janeiro;3306;Serrana;33015;330580205;SENAC TERESOPOLIS;33179417;4;1;1;0;RUA ALICE QUINTELA MAURICI REGADAS;;66 SOBRELOJA;VARZEA;25953430;;;1;11013;01JAN23:00:00:00;31DEC23:00:00:00;;;;;0;;;;;;;;;;;;;;;;;;;;0;0;0;0;0;1;0;3,67235E+12;1E+14;1;1;;;1;2;0;0;0;0;;0;0;0;1;1;0;0;0;0;1;0;0;0;1;0;0;0;0;1;0;0;0;0;0;0;0;1;0;0;0;1;0;1;0;0;1;1;0;0;0;0;0;1;1;0;0;0;0;0;0;0;0;0;0;0;0;0;1;0;0;1;0;1;0;0;0;0;0;1;0;0;0;0;0;0;0;11;0;11;11;11;0;1;0;0;1;0;0;0;0;0;0;0;0;0;0;1;10;1;20;0;0;0;0;1;1;1;1;0;1;0;1;1;1;4;1;3;1;1;0;0;0;0;0;0;0;0;0;0;0;0;1;1;1;1;0;0;0;0;0;0;0;0;0;0;0;1;0;0;0;0;0;0;0;0;0;0;0;0;0;0;;;;;0;;;;;;;1;0;0;0;0;0;0;0;1;1;0;0;1;0;0;0;1;1;0;1;0;0;0;0;0;0;0;1;1;0;0;0;1;1;0;368;0;0;0;0;0;0;0;0;0;0;0;0;0;0;0;0;0;0;0;0;0;0;0;0;0;0;0;0;0;0;0;0;0;368;368;127;241;0;0;0;0;0;0;0;0;0;0;4;4;0;284;84;366;1;1;0;0;0;0;0;0;0;43;325;159;209;0;0;0;0;0;0;0;0;368;0;0;0;0;0;25;0;0;0;0;0;0;0;25;25;0;0;0;6;6;0;18;0;0;0;0;0;0;0;18;18;0;0;0;4;4;0;8;10;0;0;0;0;0;0;0;0
2023;Sudeste;3;Rio de Janeiro;RJ;33;Três Rios;3306008;Petrópolis;3303;Três Rios - Paraíba do Sul;330009;Centro Fluminense;3303;Três Rios;33005;330600805;SENAC TRES RIOS;33179603;4;1;1;0;AVENIDA XV DE NOVEMBRO;;600;CENTRO;25804000;;;1;11013;01JAN23:00:00:00;31DEC23:00:00:00;;;;;0;;;;;;;;;;;;;;;;;;;;0;0;0;0;0;1;0;3,67235E+12;1E+14;1;1;;;1;3;0;0;0;0;;0;0;0;1;1;0;0;0;0;1;0;0;0;1;0;0;0;0;1;0;0;0;0;0;0;0;1;1;1;1;1;0;1;1;0;0;0;0;0;0;0;0;0;0;0;0;0;0;0;0;0;0;0;0;0;1;0;0;0;0;1;0;1;0;0;0;0;1;0;0;1;1;0;0;1;0;5;0;5;5;5;0;1;0;0;1;0;0;0;0;1;1;1;4;0;0;1;4;0;0;1;13;0;0;1;1;1;1;0;1;1;2;1;1;1;1;2;1;1;0;0;0;0;0;0;0;0;0;0;0;0;1;1;1;1;0;0;1;1;1;3;0;0;0;0;0;1;0;0;1;0;0;0;0;0;0;0;0;0;0;0;;;;;0;;;;;;;1;0;0;0;0;0;0;0;1;1;0;0;1;0;0;0;1;1;0;1;0;0;0;0;0;0;0;1;1;0;0;0;0;0;0;86;0;0;0;0;0;0;0;0;0;0;0;0;0;0;0;0;0;0;0;0;0;0;0;0;0;0;0;0;0;0;0;0;0;86;86;15;71;0;0;0;0;0;0;0;0;0;0;0;0;0;76;10;86;0;0;0;0;0;0;0;0;0;0;86;29;57;0;0;0;0;0;0;0;0;86;0;0;0;0;0;6;0;0;0;0;0;0;0;6;6;0;0;0;0;0;0;3;0;0;0;0;0;0;0;3;3;0;0;0;0;0;0;1;2;0;0;0;0;0;0;0;0
2023;Sudeste;3;Rio de Janeiro;RJ;33;Macaé;3302403;Macaé - Rio das Ostras - Cabo Frio;3305;Macaé - Rio das Ostras;330014;Norte Fluminense;3302;Macaé;33004;330240305;SENAC MACAE;33185140;4;1;1;0;AVENIDA ELIAS AGOSTINHO;;500;IMBETIBA;27913350;;;1;11012;01JAN23:00:00:00;31DEC23:00:00:00;;;;;0;;;;;;;;;;;;;;;;;;;;0;0;0;0;0;1;0;3,67235E+12;1E+14;1;1;;;1;1;0;0;0;0;;0;0;0;1;1;0;0;0;0;1;0;0;0;1;0;0;0;0;1;0;0;0;0;0;0;0;1;1;0;1;1;0;1;0;0;1;1;0;0;0;0;0;1;1;0;0;0;0;0;0;0;0;0;0;0;0;0;1;0;1;1;0;1;0;0;0;0;1;1;1;1;1;0;1;1;0;3;0;3;3;0;0;1;1;1;1;1;0;1;1;1;1;1;1;0;0;1;1;1;1;1;1;1;1;1;1;1;1;0;1;1;3;1;1;1;1;1;1;1;0;0;0;0;0;0;0;0;0;0;0;0;1;1;1;1;0;0;0;0;1;1;0;0;0;0;0;1;0;0;0;0;0;0;0;0;0;0;0;0;0;0;;;;;0;;;;;;;1;0;0;0;0;0;0;0;1;1;0;0;1;0;0;0;1;1;0;1;0;0;0;0;0;0;0;1;1;0;0;0;0;0;0;91;0;0;0;0;0;0;0;0;0;0;0;0;0;0;0;0;0;0;0;0;0;0;0;0;0;0;0;0;0;0;0;0;0;91;91;15;76;0;0;0;0;0;0;0;0;0;0;0;0;0;70;21;85;4;1;1;0;0;0;0;0;0;5;86;37;54;0;0;0;0;0;0;0;0;91;0;0;0;0;0;8;0;0;0;0;0;0;0;8;8;0;0;0;0;0;0;4;0;0;0;0;0;0;0;4;4;0;0;0;0;0;0;2;2;0;0;0;0;0;0;0;0
2023;Sudeste;3;Rio de Janeiro;RJ;33;São João de Meriti;3305109;Rio de Janeiro;3301;Rio de Janeiro;330001;Metropolitana do Rio de Janeiro;3306;Rio de Janeiro;33018;330510905;SENAC SAO JOAO DE MERITI;33454213;4;1;1;0;RUA PASTOR JOAQUIM ROSA S/N LT 20 QD 19;;RUA PASTOR JOAQUIM R;VILAR DOS TELES;25555681;;;1;11010;01JAN23:00:00:00;31DEC23:00:00:00;;;;;0;;;;;;;;;;;;;;;;;;;;0;0;0;0;0;1;0;3,67235E+12;1E+14;1;1;;;1;3;0;0;0;0;;0;0;0;1;1;0;0;0;0;1;0;0;0;1;0;0;0;0;1;0;0;0;0;0;0;0;1;1;0;0;1;0;0;1;0;0;1;0;0;0;0;0;0;0;0;0;0;0;0;0;0;0;0;0;0;0;0;0;0;1;0;0;0;0;0;0;0;0;0;0;0;1;0;0;0;0;3;2;5;5;0;0;1;0;0;1;0;0;0;0;1;1;0;0;0;0;1;3;1;8;0;0;0;0;1;1;1;1;0;1;1;3;1;1;3;1;2;0;0;0;0;0;0;0;0;0;0;0;0;0;0;1;1;1;1;0;0;1;3;0;0;0;0;0;0;0;0;0;0;1;0;0;0;0;0;0;0;0;0;0;0;;;;;0;;;;;;;1;0;0;0;0;0;0;0;1;1;0;0;1;0;0;0;0;1;0;1;0;0;0;0;0;0;0;1;1;0;0;0;0;0;0;52;0;0;0;0;0;0;0;0;0;0;0;0;0;0;0;0;0;0;0;0;0;0;0;0;0;0;0;0;0;0;0;0;0;52;52;8;44;0;0;0;0;0;0;0;0;0;0;0;0;0;32;20;52;0;0;0;0;0;0;0;0;0;5;47;0;52;0;0;0;0;0;0;0;0;52;0;0;0;0;0;4;0;0;0;0;0;0;0;4;4;0;0;0;0;0;0;2;0;0;0;0;0;0;0;2;2;0;0;0;0;0;0;0;2;0;0;0;0;0;0;0;0
2023;Sudeste;3;São Paulo;SP;35;Pindamonhangaba;3538006;São José dos Campos;3511;Taubaté - Pindamonhangaba;350050;Vale do Paraíba Paulista;3513;São José dos Campos;35050;353800605;SENAC PINDAMONHANGABA;35004681;4;1;1;0;SUICA;1257;;SANTANA;12403610;12;35218500;1;15000;03FEB23:00:00:00;15DEC23:00:00:00;;;;;0;;;;;;;;;;;;;;;;;;;;0;0;0;0;0;1;0;3,70981E+12;3,70981E+12;1;2;;;1;1;0;0;0;0;;1;1;0;1;1;0;0;0;0;1;0;0;0;1;0;0;0;0;1;0;0;0;0;1;0;0;0;1;1;1;1;0;1;1;0;1;1;1;0;0;0;0;1;1;1;0;0;0;0;0;0;0;0;0;0;0;0;1;1;0;1;0;1;0;0;0;0;0;1;1;0;1;1;1;1;0;23;4;27;23;23;0;1;0;1;1;1;0;0;0;0;0;1;8;1;22;1;30;1;205;1;168;1;8;1;1;1;1;1;1;1;3;1;1;24;1;15;1;5;1;28;1;4;0;0;0;0;0;0;0;0;1;2;1;1;1;6;1;2;1;1;0;0;1;1;0;1;0;1;1;0;1;1;1;1;0;0;0;0;0;0;;;;;0;;;;;;;1;1;1;0;0;1;0;0;0;1;0;0;1;0;0;0;1;1;0;1;0;0;0;0;0;0;0;1;1;0;0;0;1;1;0;934;0;0;0;0;0;0;0;0;0;0;0;0;0;0;0;0;0;0;0;0;0;0;0;0;0;0;0;0;0;0;0;0;0;934;934;105;829;0;0;0;0;0;0;0;0;0;0;12;12;0;606;328;223;547;12;148;3;1;0;0;0;6;300;628;578;356;0;0;0;0;0;0;0;0;882;52;0;0;0;0;19;0;0;0;0;0;0;0;19;19;0;0;0;8;8;0;52;0;0;0;0;0;0;0;52;52;0;0;0;11;11;0;30;22;0;0;0;0;0;0;0;0
2023;Sudeste;3;São Paulo;SP;35;São Paulo;3550308;São Paulo;3501;São Paulo;350001;Metropolitana de São Paulo;3515;São Paulo;35061;355030874;SENAC SAO MIGUEL PAULISTA;35004682;4;1;1;0;MARECHAL TITO;1500;;SAO MIGUEL PAULISTA;8010090;11;25048458;1;15000;03FEB23:00:00:00;15DEC23:00:00:00;;;;;0;;;;;;;;;;;;;;;;;;;;0;0;0;0;0;1;0;1E+14;1E+14;1;2;;;1;1;0;0;0;0;;0;0;0;1;1;0;0;0;0;1;0;0;0;1;0;0;0;0;1;0;0;0;0;1;1;1;0;0;0;0;0;0;0;0;0;1;1;0;0;0;0;0;0;0;0;0;0;0;0;0;0;0;0;0;0;0;0;0;0;0;0;0;0;0;0;0;0;0;1;1;0;1;0;0;0;0;47;0;47;47;47;1;1;1;1;1;0;0;0;0;0;0;1;16;0;0;0;0;1;645;0;0;0;0;1;1;1;1;1;1;0;3;1;1;49;1;33;1;8;0;0;1;7;0;0;0;0;0;0;1;3;1;1;1;1;1;18;1;4;1;1;0;0;0;0;0;1;0;1;1;1;1;1;1;1;0;0;0;0;0;0;;;;;0;;;;;;;1;0;1;0;0;1;0;1;0;1;0;0;1;0;0;0;1;1;0;1;0;0;0;0;0;0;0;1;1;0;0;0;1;1;0;1935;0;0;0;0;0;0;0;0;0;0;0;0;0;0;0;0;0;0;0;0;0;0;0;0;0;0;0;0;0;0;0;0;0;1935;1935;176;1759;0;0;0;0;0;0;0;0;0;0;20;20;0;1142;793;857;646;39;386;5;2;0;0;0;11;549;1375;1294;641;0;0;0;0;0;0;0;0;1919;16;0;0;0;0;53;0;0;0;0;0;0;0;53;53;0;0;0;15;15;0;78;0;0;0;0;0;0;0;78;78;0;0;0;16;16;0;51;27;0;0;0;0;0;0;0;0
2023;Sudeste;3;São Paulo;SP;35;Salto;3545209;Sorocaba;3502;Sorocaba;350003;Macro Metropolitana Paulista;3512;Sorocaba;35046;354520905;SENAC SALTO;35005871;4;1;1;0;MUNICIPAL;1245;SLT170;BURU;13328330;;;1;15000;03FEB23:00:00:00;15DEC23:00:00:00;;;;;0;;;;;;;;;;;;;;;;;;;;0;0;0;0;0;1;0;1E+14;1E+14;1;2;;;1;3;0;0;0;0;;0;0;0;1;1;0;0;0;0;1;0;0;0;1;0;0;0;0;1;0;0;0;0;1;0;0;0;0;0;0;0;0;0;0;0;1;1;0;0;0;0;0;1;0;0;0;0;0;0;0;0;0;0;0;0;1;0;0;0;0;0;0;0;0;0;0;0;0;0;1;0;1;0;0;0;0;13;0;13;0;0;0;1;0;1;1;1;0;0;0;1;17;1;7;0;0;0;0;1;88888;1;36;0;0;1;1;1;1;1;1;1;3;1;1;88888;1;7;1;2;0;0;1;2;0;0;0;0;0;0;0;0;1;1;1;1;1;88888;1;88888;1;1;0;0;0;0;0;1;0;0;1;0;1;0;0;0;0;0;0;0;0;0;;;;;0;;;;;;;1;0;0;0;0;1;0;0;0;0;0;0;1;0;0;0;1;1;0;1;0;0;0;0;0;0;0;1;1;0;0;0;0;0;0;75;0;0;0;0;0;0;0;0;0;0;0;0;0;0;0;0;0;0;0;0;0;0;0;0;0;0;0;0;0;0;0;0;0;75;75;1;74;0;0;0;0;0;0;0;0;0;0;0;0;0;44;31;30;32;3;8;2;0;0;0;0;0;1;74;46;29;0;0;0;0;0;0;0;0;70;5;0;0;0;0;4;0;0;0;0;0;0;0;4;4;0;0;0;0;0;0;4;0;0;0;0;0;0;0;4;4;0;0;0;0;0;0;3;1;0;0;0;0;0;0;0;0
2023;Sudeste;3;São Paulo;SP;35;São Paulo;3550308;São Paulo;3501;São Paulo;350001;Metropolitana de São Paulo;3515;São Paulo;35061;355030880;SENAC TATUAPE SERRA DE BRAGANCA;35006847;4;1;1;0;SERRA DE BRAGANCA;990;;VILA GOMES CARDIM;3318000;11;32362383;1;15000;03FEB23:00:00:00;15DEC23:00:00:00;;;;;0;;;;;;;;;;;;;;;;;;;;0;0;0;0;0;1;0;1E+14;1E+14;1;2;;;1;1;0;0;0;0;;0;0;0;1;1;0;0;0;0;1;0;0;0;1;0;0;0;0;1;0;0;0;0;1;0;1;0;0;0;0;0;0;0;0;0;0;0;0;0;0;0;0;0;0;0;0;0;0;0;0;0;0;0;0;0;0;0;0;0;0;0;0;0;0;0;0;1;1;0;0;0;0;0;0;0;0;4;0;4;0;0;1;1;1;1;1;1;0;0;0;1;1;1;4;1;4;1;4;1;20;0;0;0;0;1;1;1;1;0;9;9;1;1;1;88888;1;3;1;2;0;0;0;0;0;0;0;0;0;0;0;0;1;1;1;1;1;88888;1;88888;1;1;0;0;0;0;0;1;0;0;1;0;1;0;1;0;0;0;0;0;0;0;;;;;0;;;;;;;1;0;0;0;0;0;0;0;1;0;0;0;1;0;0;0;1;1;0;1;0;0;0;0;0;0;0;1;1;0;0;0;0;0;0;55;0;0;0;0;0;0;0;0;0;0;0;0;0;0;0;0;0;0;0;0;0;0;0;0;0;0;0;0;0;0;0;0;0;55;55;0;55;0;0;0;0;0;0;0;0;0;0;0;0;0;41;14;48;4;0;3;0;0;0;0;0;0;0;55;17;38;0;0;0;0;0;0;0;0;54;1;0;0;0;0;4;0;0;0;0;0;0;0;4;4;0;0;0;0;0;0;6;0;0;0;0;0;0;0;6;6;0;0;0;0;0;0;2;4;0;0;0;0;0;0;0;0
2023;Sudeste;3;São Paulo;SP;35;Ourinhos;3534708;Marília;3504;Ourinhos;350015;Assis;3510;Ourinhos;35040;353470805;SENAC OURINHOS;35007931;4;1;1;0;RUA DUQUE DE CAXIAS;679;;VILA RECREIO;19911621;14;33024600;1;15000;17JAN23:00:00:00;07DEC23:00:00:00;;;;;0;;;;;;;;;;;;;;;;;;;;0;0;0;0;0;1;0;3,70981E+12;3,70981E+12;1;2;;;1;1;0;0;0;0;;0;0;0;1;1;0;0;0;0;1;0;0;0;1;0;0;0;0;1;0;0;0;0;1;0;0;0;1;0;1;1;0;1;1;1;1;1;1;0;0;0;0;1;0;0;1;0;0;0;0;0;1;0;0;0;0;0;0;0;0;1;0;1;0;0;0;0;1;1;1;0;1;0;1;1;0;20;0;20;0;0;0;1;0;1;1;1;0;0;0;0;0;1;18;0;0;0;0;1;122;1;88;0;0;1;1;1;1;1;0;1;3;1;1;5;1;14;1;4;1;88888;1;5;0;0;0;0;0;0;1;2;1;4;1;1;0;0;0;0;0;0;0;0;0;0;0;1;0;0;1;0;1;0;1;0;0;0;0;0;0;0;;;;;0;;;;;;;1;1;1;0;0;1;0;0;0;1;0;0;1;0;0;0;1;1;0;1;0;0;0;0;0;0;0;1;1;0;0;0;1;1;0;288;0;0;0;0;0;0;0;0;0;0;0;0;0;0;0;0;0;0;0;0;0;0;0;0;0;0;0;0;0;0;0;0;0;288;288;19;269;0;0;0;0;0;0;0;0;0;0;2;2;0;208;80;125;116;7;40;0;0;0;0;0;0;24;264;181;107;0;0;0;0;0;0;0;0;280;8;0;0;0;0;16;0;0;0;0;0;0;0;16;16;0;0;0;2;2;0;28;0;0;0;0;0;0;0;28;28;0;0;0;2;2;0;17;11;0;0;0;0;0;0;0;0
2023;Sudeste;3;São Paulo;SP;35;Guarulhos;3518800;São Paulo;3501;São Paulo;350001;Metropolitana de São Paulo;3515;Guarulhos;35059;351880005;SENAC GUARULHOS FACCINI;35008640;4;1;1;0;RUA LUIZ FACCINI;132;;CENTRO;7110000;;;1;15000;03FEB23:00:00:00;15DEC23:00:00:00;;;;;0;;;;;;;;;;;;;;;;;;;;0;0;0;0;0;1;0;1E+14;1E+14;1;2;;;1;1;0;0;0;0;;0;0;0;1;1;0;0;0;0;1;0;0;0;1;0;0;0;0;1;0;0;0;0;1;0;1;0;0;0;0;0;0;0;0;0;0;0;0;0;0;0;0;1;0;0;0;0;0;0;0;0;0;0;0;0;0;0;0;0;0;0;0;0;0;0;0;0;1;1;1;0;1;0;0;0;0;10;0;10;0;0;0;1;0;1;0;1;0;0;0;0;0;1;3;0;0;1;88888;0;0;0;0;0;0;1;1;1;1;0;9;9;1;1;1;25;1;13;1;3;0;0;1;3;0;0;0;0;0;0;0;0;1;1;1;1;0;0;0;0;1;1;0;0;0;0;0;1;0;1;1;0;1;1;1;0;0;1;0;0;0;0;;;;;0;;;;;;;1;0;0;0;0;0;0;0;1;0;0;0;1;0;0;0;1;1;0;1;0;0;0;0;0;0;0;1;1;0;0;0;1;1;0;505;0;0;0;0;0;0;0;0;0;0;0;0;0;0;0;0;0;0;0;0;0;0;0;0;0;0;0;0;0;0;0;0;0;505;505;13;492;0;0;0;0;0;0;0;0;0;0;3;3;0;289;216;229;154;13;106;3;0;0;0;0;0;17;488;190;315;0;0;0;0;0;0;0;0;500;5;0;0;0;0;19;0;0;0;0;0;0;0;19;19;0;0;0;3;3;0;27;0;0;0;0;0;0;0;27;27;0;0;0;3;3;0;13;14;0;0;0;0;0;0;0;0
2023;Sudeste;3;São Paulo;SP;35;Americana;3501608;Campinas;3510;Campinas;350038;Campinas;3507;Campinas;35032;350160805;SENAC AMERICANA;35079947;4;1;1;0;DOUTOR ANGELINO SANCHES;800;;VILA SAO PEDRO;13466490;19;36211367;1;15000;03FEB23:00:00:00;15DEC23:00:00:00;;;;;0;;;;;;;;;;;;;;;;;;;;0;0;0;0;0;1;0;1E+14;1E+14;1;2;;;1;1;0;0;0;0;;0;0;0;1;1;0;0;0;0;1;0;0;0;1;0;0;0;0;1;0;0;0;0;1;0;1;0;0;0;0;1;0;1;0;0;0;0;0;0;0;0;0;0;0;0;0;0;0;0;0;0;0;0;0;0;0;0;0;0;0;0;0;1;0;0;0;0;0;0;0;0;0;0;0;0;1;18;0;18;0;0;0;1;0;1;1;1;0;0;0;1;4;1;3;1;20;0;0;1;150;1;60;1;2;1;1;1;1;1;9;9;3;1;1;28;1;9;1;1;0;0;1;4;0;0;0;0;0;0;0;0;1;1;1;1;0;0;1;46;1;1;0;0;0;0;0;1;0;1;1;0;1;1;1;0;0;1;0;0;0;0;;;;;0;;;;;;;1;1;0;0;0;1;0;0;0;0;0;0;1;0;0;0;1;1;0;1;0;0;0;0;0;0;0;1;1;0;0;0;1;1;0;590;0;0;0;0;0;0;0;0;0;0;0;0;0;0;0;0;0;0;0;0;0;0;0;0;0;0;0;0;0;0;0;0;0;590;590;86;504;0;0;0;0;0;0;0;0;0;0;7;7;0;392;198;166;332;9;80;3;0;0;0;0;0;85;505;279;311;0;0;0;0;0;0;0;0;581;9;0;0;0;0;30;0;0;0;0;0;0;0;30;30;0;0;0;6;6;0;40;0;0;0;0;0;0;0;40;40;0;0;0;7;7;0;23;17;0;0;0;0;0;0;0;0
2023;Sudeste;3;São Paulo;SP;35;São Paulo;3550308;São Paulo;3501;São Paulo;350001;Metropolitana de São Paulo;3515;São Paulo;35061;355030870;SENAC SANTANA;35148573;4;1;1;0;VOLUNTARIOS DA PATRIA;3167;RUA;SANTANA;2401200;11;21468250;1;15000;03FEB23:00:00:00;15DEC23:00:00:00;;;;;0;;;;;;;;;;;;;;;;;;;;0;0;0;0;0;1;0;3,70981E+12;3,70981E+12;1;2;;;1;1;0;0;0;0;;0;0;0;1;1;0;0;0;0;1;0;0;0;1;0;0;0;0;1;0;0;0;0;1;0;1;0;1;0;0;1;0;1;0;1;1;1;0;1;0;0;0;1;0;0;0;0;0;0;0;0;0;0;0;0;0;0;0;0;0;1;0;1;0;0;0;0;1;1;1;0;0;0;0;0;0;24;0;24;24;24;0;1;1;1;1;1;0;0;0;1;2;0;0;1;15;1;20;1;65;1;55;1;2;1;1;1;1;1;1;1;2;1;1;45;1;7;1;5;0;0;0;0;0;0;0;0;0;0;0;0;1;1;1;1;1;6;1;5;1;2;0;0;0;0;0;1;0;0;1;0;1;1;0;0;0;1;0;0;0;0;;;;;0;;;;;;;1;1;1;0;0;0;0;0;1;1;0;0;1;0;0;0;1;1;0;1;0;0;0;0;0;0;0;1;1;0;0;0;1;1;0;528;0;0;0;0;0;0;0;0;0;0;0;0;0;0;0;0;0;0;0;0;0;0;0;0;0;0;0;0;0;0;0;0;0;528;528;35;493;0;0;0;0;0;0;0;0;0;0;5;5;0;331;197;186;192;25;121;3;1;0;0;0;0;32;496;304;224;0;0;0;0;0;0;0;0;527;1;0;0;0;0;17;0;0;0;0;0;0;0;17;17;0;0;0;3;3;0;25;0;0;0;0;0;0;0;25;25;0;0;0;3;3;0;15;10;0;0;0;0;0;0;0;0
2023;Sudeste;3;São Paulo;SP;35;São Paulo;3550308;São Paulo;3501;São Paulo;350001;Metropolitana de São Paulo;3515;São Paulo;35061;355030893;SENAC VILA PRUDENTE;35148581;4;1;1;0;RUA DO ORFANATO;316;RUA;VILA PRUDENTE;3131010;11;34740720;1;15000;03FEB23:00:00:00;15DEC23:00:00:00;;;;;0;;;;;;;;;;;;;;;;;;;;0;0;0;0;0;1;0;1E+14;1E+14;1;2;;;1;1;0;0;0;0;;0;0;0;1;1;0;0;0;0;1;0;0;0;1;0;0;0;0;1;0;0;0;0;1;0;1;0;1;0;1;1;0;0;0;0;1;1;0;0;0;0;0;1;0;0;0;0;0;0;0;0;0;0;0;0;0;0;0;1;0;1;0;1;0;0;0;0;0;0;0;0;0;0;0;0;1;15;0;15;0;0;0;1;1;1;1;1;0;1;1;1;1;1;5;1;88888;0;0;1;93;1;30;0;0;1;1;1;1;1;1;1;2;1;1;24;1;9;1;3;0;0;0;0;0;0;0;0;0;0;0;0;0;0;1;1;1;4;1;88888;1;1;0;0;0;0;0;0;0;0;0;0;1;1;0;0;0;0;0;0;0;0;;;;;0;;;;;;;0;1;0;0;0;0;0;0;1;0;0;0;1;0;0;0;1;1;0;1;0;0;0;0;0;0;0;1;1;0;0;0;1;1;0;546;0;0;0;0;0;0;0;0;0;0;0;0;0;0;0;0;0;0;0;0;0;0;0;0;0;0;0;0;0;0;0;0;0;546;546;12;534;0;0;0;0;0;0;0;0;0;0;5;5;0;411;135;277;163;11;91;2;2;0;0;0;0;9;537;364;182;0;0;0;0;0;0;0;0;543;3;0;0;0;0;23;0;0;0;0;0;0;0;23;23;0;0;0;4;4;0;29;0;0;0;0;0;0;0;29;29;0;0;0;4;4;0;18;11;0;0;0;0;0;0;0;0
2023;Sudeste;3;São Paulo;SP;35;São Paulo;3550308;São Paulo;3501;São Paulo;350001;Metropolitana de São Paulo;3515;São Paulo;35061;355030880;SENAC TATUAPE CEL LUIS AMERICANO;35148593;4;1;1;0;RUA CORONEL LUIS AMERICANO;130;RUA;VILA AZEVEDO;3308020;11;21912900;1;15000;03FEB23:00:00:00;15DEC23:00:00:00;;;;;0;;;;;;;;;;;;;;;;;;;;1;0;0;0;0;0;0;1E+14;1E+14;1;2;;;1;1;0;0;0;0;;0;0;0;1;1;0;0;0;0;1;0;0;0;1;0;0;0;0;1;0;0;0;0;1;0;0;0;1;0;1;1;0;0;0;1;1;1;1;0;0;0;0;1;0;0;0;0;0;0;0;0;0;0;0;0;0;0;0;1;0;1;0;1;0;0;0;0;0;0;0;0;0;0;0;0;1;13;0;13;0;0;1;1;1;1;1;0;0;1;2;1;1;1;4;0;0;1;1;1;88888;0;0;0;0;1;0;1;1;0;0;0;1;1;1;88888;1;88888;1;88888;0;0;0;0;0;0;0;0;0;0;0;0;1;1;1;1;1;88888;1;88888;1;1;0;0;0;0;0;1;0;1;1;0;1;1;1;0;0;0;0;0;0;0;;;;;0;;;;;;;1;0;0;0;0;0;0;0;1;0;0;0;1;0;0;0;1;1;0;1;0;0;0;0;0;0;0;1;1;0;0;0;0;0;0;47;0;0;0;0;0;0;0;0;0;0;0;0;0;0;0;0;0;0;0;0;0;0;0;0;0;0;0;0;0;0;0;0;0;47;47;0;47;0;0;0;0;0;0;0;0;0;0;0;0;0;26;21;38;6;1;2;0;0;0;0;0;0;0;47;27;20;0;0;0;0;0;0;0;0;47;0;0;0;0;0;9;0;0;0;0;0;0;0;9;9;0;0;0;0;0;0;11;0;0;0;0;0;0;0;11;11;0;0;0;0;0;0;8;3;0;0;0;0;0;0;0;0
2023;Sudeste;3;São Paulo;SP;35;São Paulo;3550308;São Paulo;3501;São Paulo;350001;Metropolitana de São Paulo;3515;São Paulo;35061;355030869;SENAC FRANCISCO MATARAZZO;35148623;4;1;1;0;FRANCISCO MATARAZZO;249;AVENIDA;AGUA BRANCA;5001000;11;21892100;1;15000;03FEB23:00:00:00;15DEC23:00:00:00;;;;;0;;;;;;;;;;;;;;;;;;;;0;0;0;0;0;1;0;1E+14;1E+14;1;2;;;1;1;0;0;0;0;;0;1;0;1;1;0;0;0;0;1;0;0;0;1;0;0;0;0;1;0;0;0;0;1;0;1;0;1;0;0;1;0;1;0;0;0;0;0;0;0;0;0;1;0;0;0;0;0;0;0;0;0;0;0;0;1;0;0;0;0;1;0;0;0;0;0;0;0;0;0;0;0;0;0;0;1;48;0;48;0;0;0;1;0;1;1;1;0;1;1;0;0;1;13;1;40;0;0;1;59;1;251;1;13;1;1;1;1;1;1;1;3;1;1;36;1;15;1;5;0;0;1;4;0;0;0;0;0;0;0;0;1;1;1;1;1;8;1;88888;1;1;0;0;0;0;0;1;0;1;1;0;1;1;0;1;0;1;1;0;0;0;;;;;0;;;;;;;1;1;1;0;0;1;0;0;0;0;0;0;1;0;0;0;1;1;0;1;0;0;0;0;0;0;0;1;1;0;0;0;1;1;0;675;0;0;0;0;0;0;0;0;0;0;0;0;0;0;0;0;0;0;0;0;0;0;0;0;0;0;0;0;0;0;0;0;0;675;675;47;628;0;0;0;0;0;0;0;0;0;0;5;5;0;384;291;222;331;17;99;5;1;0;0;0;4;214;457;493;182;0;0;0;0;0;0;0;0;667;8;0;0;0;0;16;0;0;0;0;0;0;0;16;16;0;0;0;3;3;0;29;0;0;0;0;0;0;0;29;29;0;0;0;3;3;0;20;9;0;0;0;0;0;0;0;0
2023;Sudeste;3;São Paulo;SP;35;São Paulo;3550308;São Paulo;3501;São Paulo;350001;Metropolitana de São Paulo;3515;São Paulo;35061;355030809;SENAC TIRADENTES;35148659;4;1;1;0;TIRADENTES;822;AVENIDA;LUZ;1102000;11;33662000;1;15000;03FEB23:00:00:00;15DEC23:00:00:00;;;;;0;;;;;;;;;;;;;;;;;;;;0;0;0;0;0;1;0;1E+14;1E+14;1;2;;;1;1;0;0;0;0;;0;0;0;1;1;0;0;0;0;1;0;0;0;1;0;0;0;0;1;0;0;0;0;0;0;1;0;0;0;1;1;0;1;0;1;1;1;0;1;0;0;0;1;0;0;0;0;0;0;0;0;0;0;0;0;0;0;0;1;0;1;0;1;0;0;0;0;1;1;1;1;1;0;1;0;0;39;0;39;39;39;0;1;1;1;1;1;0;0;0;0;0;1;5;1;22;1;39;1;114;1;162;0;0;1;1;1;1;0;1;1;2;1;1;45;1;22;1;5;0;0;1;8;0;0;0;0;0;0;0;0;1;1;1;1;0;0;1;2;1;1;0;0;0;0;0;1;0;1;1;0;1;1;1;0;0;0;0;0;0;0;;;;;0;;;;;;;1;1;1;0;0;1;0;0;0;0;0;0;1;0;0;0;1;1;0;1;0;0;0;0;0;0;0;1;1;0;0;0;1;1;0;1122;0;0;0;0;0;0;0;0;0;0;0;0;0;0;0;0;0;0;0;0;0;0;0;0;0;0;0;0;0;0;0;0;0;1122;1122;12;1110;0;0;0;0;0;0;0;0;0;0;4;4;0;783;339;629;292;31;163;3;4;0;0;0;0;9;1113;822;300;0;0;0;0;0;0;0;0;1117;5;0;0;0;0;33;0;0;0;0;0;0;0;33;33;0;0;0;4;4;0;43;0;0;0;0;0;0;0;43;43;0;0;0;4;4;0;30;13;0;0;0;0;0;0;0;0
2023;Sudeste;3;São Paulo;SP;35;São Paulo;3550308;São Paulo;3501;São Paulo;350001;Metropolitana de São Paulo;3515;São Paulo;35061;355030838;SENAC JABAQUARA;35148702;4;1;1;0;CAFE;298;AVENIDA;VILA GUARANI Z SUL;4311000;11;21469150;1;15000;03FEB23:00:00:00;15DEC23:00:00:00;;;;;0;;;;;;;;;;;;;;;;;;;;0;0;0;0;0;1;0;1E+14;1E+14;1;2;;;1;1;0;0;0;0;;0;0;0;1;1;0;0;0;0;1;0;0;0;1;0;0;0;0;1;0;0;0;0;1;0;0;0;1;0;1;1;0;1;0;1;1;1;0;1;0;0;0;1;0;0;0;0;0;0;0;0;0;0;0;0;0;0;0;1;0;1;0;1;0;0;0;0;0;0;0;0;0;0;0;0;1;10;0;10;0;0;1;1;1;1;1;0;0;1;2;1;1;1;8;1;2;0;0;1;117;1;20;1;20;1;1;1;1;1;1;1;2;1;1;18;1;8;1;5;0;0;1;4;0;0;0;0;0;0;0;0;1;7;1;1;0;0;1;11;1;1;0;0;0;0;0;1;0;1;1;0;1;1;1;1;0;0;0;0;0;0;;;;;0;;;;;;;1;1;1;0;0;1;0;0;0;0;0;0;1;0;0;0;1;1;0;1;0;0;0;0;0;0;0;1;1;0;0;0;1;1;0;800;0;0;0;0;0;0;0;0;0;0;0;0;0;0;0;0;0;0;0;0;0;0;0;0;0;0;0;0;0;0;0;0;0;800;800;35;765;0;0;0;0;0;0;0;0;0;0;7;7;0;465;335;324;324;22;125;5;0;0;0;0;9;314;477;547;253;0;0;0;0;0;0;0;0;793;7;0;0;0;0;13;0;0;0;0;0;0;0;13;13;0;0;0;4;4;0;28;0;0;0;0;0;0;0;28;28;0;0;0;6;6;0;19;9;0;0;0;0;0;0;0;0
2023;Sudeste;3;São Paulo;SP;35;São Paulo;3550308;São Paulo;3501;São Paulo;350001;Metropolitana de São Paulo;3515;São Paulo;35061;355030871;SENAC LARGO TREZE;35148714;4;1;1;0;ANTONIO BENTO DOUTOR;393;RUA;SANTO AMARO;4750000;11;37373900;1;15000;03FEB23:00:00:00;15DEC23:00:00:00;;;;;0;;;;;;;;;;;;;;;;;;;;1;0;0;0;0;0;0;1E+14;1E+14;1;2;;;1;1;0;0;0;0;;0;0;0;1;1;0;0;0;0;1;0;0;0;1;0;0;0;0;1;0;0;0;0;1;0;1;0;1;0;1;1;0;1;1;1;1;1;0;1;0;0;0;1;0;0;0;0;0;0;0;0;0;0;0;0;0;0;0;1;0;1;0;1;0;0;0;0;0;0;0;0;0;0;0;0;1;21;0;21;0;0;1;1;1;1;1;1;0;0;0;1;3;1;3;1;88888;0;0;1;184;1;43;1;10;1;1;1;1;1;1;1;3;1;1;36;1;11;1;3;0;0;0;0;0;0;0;0;0;0;0;0;1;1;1;1;1;6;1;57;1;5;0;0;0;0;0;1;0;0;1;0;1;1;0;0;0;0;0;0;0;0;;;;;0;;;;;;;1;0;0;0;0;1;0;0;0;1;0;0;1;0;0;0;1;1;0;1;0;0;0;0;0;0;0;1;1;0;0;0;1;1;0;887;0;0;0;0;0;0;0;0;0;0;0;0;0;0;0;0;0;0;0;0;0;0;0;0;0;0;0;0;0;0;0;0;0;887;887;23;864;0;0;0;0;0;0;0;0;0;0;3;3;0;555;332;453;243;23;160;8;0;0;0;0;0;21;866;584;303;0;0;0;0;0;0;0;0;875;12;0;0;0;0;22;0;0;0;0;0;0;0;22;22;0;0;0;3;3;0;34;0;0;0;0;0;0;0;34;34;0;0;0;3;3;0;23;11;0;0;0;0;0;0;0;0
2023;Sudeste;3;São Paulo;SP;35;Guarulhos;3518800;São Paulo;3501;São Paulo;350001;Metropolitana de São Paulo;3515;Guarulhos;35059;351880005;SENAC GUARULHOS CELESTINO;35148726;4;1;1;0;RUA PADRE CELESTINO;108;RUA;CENTRO;7013100;;;1;15000;03FEB23:00:00:00;15DEC23:00:00:00;;;;;0;;;;;;;;;;;;;;;;;;;;1;0;0;0;0;0;0;1E+14;1E+14;1;2;;;1;1;0;0;0;0;;0;0;0;1;1;0;0;0;0;1;0;0;0;1;0;0;0;0;1;0;0;0;0;1;1;1;0;1;0;0;1;0;0;0;1;1;1;0;0;0;0;0;1;0;0;1;0;0;0;0;0;0;0;0;0;0;0;0;1;0;1;0;1;0;0;0;0;0;0;0;0;0;0;0;0;1;10;13;23;0;0;0;1;1;1;1;0;0;0;0;1;3;1;6;0;0;0;0;1;130;1;93;1;5;1;1;1;1;0;9;9;1;1;1;88888;1;15;1;2;0;0;1;1;0;0;0;0;0;0;0;0;1;1;1;1;0;0;0;0;1;1;0;0;0;0;0;1;0;1;1;0;1;1;0;0;0;1;0;0;0;0;;;;;0;;;;;;;1;0;0;0;0;0;0;0;1;0;0;0;1;0;0;0;1;1;0;1;0;0;0;0;0;0;0;1;1;0;0;0;0;0;0;195;0;0;0;0;0;0;0;0;0;0;0;0;0;0;0;0;0;0;0;0;0;0;0;0;0;0;0;0;0;0;0;0;0;195;195;27;168;0;0;0;0;0;0;0;0;0;0;0;0;0;139;56;62;70;10;53;0;0;0;0;0;0;22;173;105;90;0;0;0;0;0;0;0;0;194;1;0;0;0;0;7;0;0;0;0;0;0;0;7;7;0;0;0;0;0;0;10;0;0;0;0;0;0;0;10;10;0;0;0;0;0;0;6;4;0;0;0;0;0;0;0;0
2023;Sudeste;3;São Paulo;SP;35;Santo André;3547809;São Paulo;3501;São Paulo;350001;Metropolitana de São Paulo;3515;São Paulo;35061;354780905;SENAC SANTO ANDRE;35148738;4;1;1;0;RAMIRO COLLEONI;110;AVENIDA;VILA DORA;9040160;11;28428300;1;15000;03FEB23:00:00:00;15DEC23:00:00:00;;;;;0;;;;;;;;;;;;;;;;;;;;0;0;0;0;0;1;0;3,70981E+12;3,70981E+12;1;2;;;1;1;0;0;0;0;;0;0;0;1;1;0;0;0;0;1;0;0;0;1;0;0;0;0;1;0;0;0;0;1;0;1;0;1;0;1;1;0;1;0;1;1;1;0;1;0;0;0;1;0;1;0;0;0;0;0;0;0;0;0;0;0;0;0;1;0;1;0;1;0;0;0;0;1;1;0;1;1;0;0;0;0;34;0;34;0;0;1;1;1;1;1;1;0;0;0;1;24;1;3;0;0;1;32;1;189;1;55;1;9;1;1;1;1;1;1;1;3;1;1;41;1;9;1;4;1;22;1;7;0;0;0;0;0;0;0;0;1;2;1;1;1;6;1;3;0;0;0;0;1;1;0;1;0;0;1;1;1;1;1;0;0;0;1;0;0;0;;;;;0;;;;;;;1;0;0;0;0;1;0;0;0;0;0;0;1;0;0;0;1;1;0;1;0;0;0;0;0;0;0;1;1;0;0;0;1;1;0;982;0;0;0;0;0;0;0;0;0;0;0;0;0;0;0;0;0;0;0;0;0;0;0;0;0;0;0;0;0;0;0;0;0;982;982;62;920;0;0;0;0;0;0;0;0;0;0;13;13;0;626;356;443;335;20;180;3;1;0;0;0;0;65;917;492;490;0;0;0;0;0;0;0;0;970;12;0;0;0;0;23;0;0;0;0;0;0;0;23;23;0;0;0;9;9;0;43;0;0;0;0;0;0;0;43;43;0;0;0;9;9;0;23;20;0;0;0;0;0;0;0;0
2023;Sudeste;3;São Paulo;SP;35;Osasco;3534401;São Paulo;3501;São Paulo;350001;Metropolitana de São Paulo;3515;Osasco;35057;353440105;SENAC OSASCO;35148748;4;1;1;0;RUA DANTE BATTISTON;248;RUA;CENTRO;6013030;11;21649877;1;15000;03FEB23:00:00:00;15DEC23:00:00:00;;;;;0;;;;;;;;;;;;;;;;;;;;0;0;0;0;0;1;0;1E+14;1E+14;1;2;;;1;1;0;0;0;0;;1;0;0;1;1;0;0;0;0;1;0;0;0;1;0;0;0;0;1;0;0;0;0;1;0;1;0;1;0;1;1;0;0;0;0;1;1;1;0;0;0;0;1;0;0;0;0;0;0;0;0;0;0;0;0;0;0;0;1;0;1;0;1;0;0;0;0;0;0;0;0;0;0;0;0;1;13;0;13;0;0;0;1;1;1;1;1;0;0;0;1;3;1;5;1;2;0;0;1;106;1;30;1;5;1;1;1;1;0;9;9;3;1;1;5;1;10;1;4;1;14;1;6;0;0;0;0;0;0;1;12;1;1;1;1;1;2;1;88888;0;0;0;0;0;0;0;1;0;0;1;0;1;1;0;0;0;0;1;0;0;0;;;;;0;;;;;;;1;1;0;0;0;1;0;0;0;1;0;0;1;0;0;0;1;1;0;1;0;0;0;0;0;0;0;1;1;0;0;0;1;1;0;525;0;0;0;0;0;0;0;0;0;0;0;0;0;0;0;0;0;0;0;0;0;0;0;0;0;0;0;0;0;0;0;0;0;525;525;34;491;0;0;0;0;0;0;0;0;0;0;5;5;0;347;178;294;130;15;82;4;0;0;0;0;0;34;491;300;225;0;0;0;0;0;0;0;0;524;1;0;0;0;0;17;0;0;0;0;0;0;0;17;17;0;0;0;4;4;0;21;0;0;0;0;0;0;0;21;21;0;0;0;4;4;0;12;9;0;0;0;0;0;0;0;0
2023;Sudeste;3;São Paulo;SP;35;Santos;3548500;São Paulo;3501;Santos;350002;Metropolitana de São Paulo;3515;Santos;35063;354850005;SENAC SANTOS;35148751;4;1;1;0;AVENIDA CONSELHEIRO NEBIAS;309;AVENIDA;VILA MATHIAS;11015003;13;21057799;1;15000;03FEB23:00:00:00;15DEC23:00:00:00;;;;;0;;;;;;;;;;;;;;;;;;;;0;0;0;0;0;1;0;1E+14;1E+14;1;2;;;1;1;0;0;0;0;;0;0;0;1;1;0;0;0;0;1;0;0;0;1;0;0;0;0;1;0;0;0;0;1;1;1;0;0;0;1;1;0;1;0;1;1;1;1;0;0;0;0;0;0;0;0;0;0;0;0;0;0;0;0;0;0;0;0;1;0;0;0;1;0;0;0;0;0;0;0;0;0;0;0;0;1;33;0;33;0;0;0;1;1;1;1;1;0;1;3;1;2;1;9;1;29;0;0;1;129;1;105;1;14;1;1;1;1;1;9;9;2;1;1;20;1;10;1;5;0;0;0;0;0;0;0;0;0;0;0;0;1;1;1;1;1;2;1;9;0;0;0;0;0;0;0;1;0;0;1;0;1;1;0;1;0;1;0;0;0;0;;;;;0;;;;;;;1;1;0;0;0;1;0;0;0;1;0;0;1;0;0;0;1;1;0;1;0;0;0;0;0;0;0;1;1;0;0;0;1;1;0;1341;0;0;0;0;0;0;0;0;0;0;0;0;0;0;0;0;0;0;0;0;0;0;0;0;0;0;0;0;0;0;0;0;0;1341;1341;145;1196;0;0;0;0;0;0;0;0;0;0;20;20;0;871;470;483;552;42;254;5;5;0;0;0;6;320;1015;921;420;0;0;0;0;0;0;0;0;1324;17;0;0;0;0;28;0;0;0;0;0;0;0;28;28;0;0;0;14;14;0;68;0;0;0;0;0;0;0;68;68;0;0;0;14;14;0;46;22;0;0;0;0;0;0;0;0
2023;Sudeste;3;São Paulo;SP;35;Guaratinguetá;3518404;São José dos Campos;3511;Guaratinguetá;350052;Vale do Paraíba Paulista;3513;Guaratinguetá;35051;351840405;SENAC GUARATINGUETA;35148763;4;1;1;0;RUA DOUTOR JOAO BAPTISTA RANGEL CAMARGO;50;AVENIDA;CENTRO;12500100;12;21316300;1;15000;03FEB23:00:00:00;15DEC23:00:00:00;;;;;0;;;;;;;;;;;;;;;;;;;;0;0;0;0;0;1;0;3,70981E+12;3,70981E+12;1;2;;;1;1;0;0;0;0;;0;0;0;1;1;1;0;0;0;1;0;0;0;1;0;0;0;0;1;0;0;0;0;1;0;0;0;1;0;1;1;0;1;1;1;1;1;0;0;0;0;0;1;1;0;0;0;0;1;0;1;0;0;0;0;0;1;0;1;0;1;0;1;0;0;0;0;1;0;1;1;1;0;1;1;0;28;0;28;28;0;1;1;1;1;0;0;0;0;0;1;3;1;3;0;0;0;0;1;269;1;79;1;1;1;1;1;1;0;1;0;2;1;1;34;1;16;1;3;1;31;1;5;0;0;0;0;0;0;0;0;1;1;1;1;0;0;1;53;1;1;0;0;1;1;0;1;0;0;1;1;1;1;1;0;0;1;1;1;0;0;;;;;0;;;;;;;0;0;0;0;0;1;0;0;0;0;0;0;1;0;0;0;1;1;0;1;0;0;0;0;0;0;0;1;1;0;0;0;1;1;0;880;0;0;0;0;0;0;0;0;0;0;0;0;0;0;0;0;0;0;0;0;0;0;0;0;0;0;0;0;0;0;0;0;0;880;880;77;803;0;0;0;0;0;0;0;0;0;0;10;10;0;615;265;286;424;17;150;3;0;0;0;0;0;67;813;568;312;0;0;0;0;0;0;0;0;828;52;0;0;0;0;15;0;0;0;0;0;0;0;15;15;0;0;0;10;10;0;46;0;0;0;0;0;0;0;46;46;0;0;0;10;10;0;30;16;0;0;0;0;0;0;0;0
2023;Sudeste;3;São Paulo;SP;35;Taubaté;3554102;São José dos Campos;3511;Taubaté - Pindamonhangaba;350050;Vale do Paraíba Paulista;3513;São José dos Campos;35050;355410205;SENAC TAUBATE;35148775;4;1;1;0;RUA PROFESSOR NELSON FREIRE CAMPELLO;202;RUA;JARDIM EULALIA;12010700;12;21256099;1;15000;03FEB23:00:00:00;15DEC23:00:00:00;;;;;0;;;;;;;;;;;;;;;;;;;;0;0;0;0;0;1;0;1E+14;1E+14;1;2;;;1;1;0;0;0;0;;1;1;0;1;1;1;0;0;0;1;0;0;0;1;0;0;0;0;1;0;0;1;0;1;0;0;0;0;0;1;1;0;1;0;1;1;1;1;1;0;0;0;1;0;0;1;0;0;1;0;1;0;0;0;0;0;0;0;1;0;1;0;1;0;0;0;0;0;0;0;0;0;0;0;0;1;17;0;17;0;0;1;1;0;1;1;1;0;1;1;1;1;1;3;1;22;0;0;1;198;1;75;1;4;1;1;1;1;1;1;1;2;1;1;3;1;10;1;3;1;88888;1;3;0;0;0;0;0;0;1;6;1;1;1;1;1;4;1;1;0;0;0;0;0;0;0;1;0;0;1;0;1;0;1;0;0;0;0;0;0;0;;;;;0;;;;;;;1;0;0;0;0;1;0;0;0;1;0;0;1;0;0;0;1;1;0;1;0;0;0;0;0;0;0;1;1;0;0;0;1;1;0;608;0;0;0;0;0;0;0;0;0;0;0;0;0;0;0;0;0;0;0;0;0;0;0;0;0;0;0;0;0;0;0;0;0;608;608;36;572;0;0;0;0;0;0;0;0;0;0;3;3;0;397;211;265;278;6;57;1;1;0;0;0;0;41;567;291;317;0;0;0;0;0;0;0;0;585;23;0;0;0;0;29;0;0;0;0;0;0;0;29;29;0;0;0;3;3;0;31;0;0;0;0;0;0;0;31;31;0;0;0;3;3;0;16;15;0;0;0;0;0;0;0;0
2023;Sudeste;3;São Paulo;SP;35;Botucatu;3507506;Bauru;3503;Botucatu;350011;Bauru;3504;Botucatu;35023;350750605;SENAC BOTUCATU;35148787;4;1;1;0;RUA DOUTOR RAFAEL SAMPAIO;85;RUA;CENTRO;18600230;14;31121150;1;15000;03FEB23:00:00:00;15DEC23:00:00:00;;;;;0;;;;;;;;;;;;;;;;;;;;0;0;0;0;0;1;0;1E+14;1E+14;1;2;;;1;1;0;0;0;0;;0;0;0;1;1;0;0;0;0;1;0;0;0;1;0;0;0;0;1;0;0;0;0;0;0;0;1;1;0;1;1;0;1;1;0;1;1;0;0;0;0;0;0;0;1;1;0;0;1;0;1;0;0;0;0;0;0;0;0;0;1;0;1;0;0;0;0;0;0;0;0;0;0;0;0;1;11;0;11;11;11;1;1;0;1;1;1;0;1;1;1;1;1;1;1;11;1;11;1;128;1;42;1;1;1;1;1;1;1;1;1;3;1;1;32;1;5;1;3;1;7;1;2;0;0;0;0;0;0;0;0;1;1;1;1;1;4;0;0;1;1;0;0;0;0;0;0;0;0;1;0;1;1;1;0;0;0;0;0;0;0;;;;;0;;;;;;;1;1;1;0;0;1;0;1;0;0;0;0;1;0;0;0;1;1;0;1;0;0;0;0;0;0;0;1;1;0;0;0;1;1;0;343;0;0;0;0;0;0;0;0;0;0;0;0;0;0;0;0;0;0;0;0;0;0;0;0;0;0;0;0;0;0;0;0;0;343;343;19;324;0;0;0;0;0;0;0;0;0;0;2;2;0;256;87;99;181;12;50;1;0;0;0;0;0;7;336;175;168;0;0;0;0;0;0;0;0;331;12;0;0;0;0;18;0;0;0;0;0;0;0;18;18;0;0;0;2;2;0;21;0;0;0;0;0;0;0;21;21;0;0;0;2;2;0;11;10;0;0;0;0;0;0;0;0
2023;Sudeste;3;São Paulo;SP;35;Sorocaba;3552205;Sorocaba;3502;Sorocaba;350003;Macro Metropolitana Paulista;3512;Sorocaba;35046;355220505;SENAC SOROCABA;35148799;4;1;1;0;RUA CORONEL NOGUEIRA PADILHA;2392;RUA;VILA HORTENCIA;18020003;15;34122500;1;15000;03FEB23:00:00:00;15DEC23:00:00:00;;;;;0;;;;;;;;;;;;;;;;;;;;0;0;0;0;0;1;0;1E+14;1E+14;1;2;;;1;1;0;0;0;0;;0;0;0;1;1;1;0;0;0;1;0;0;0;1;0;0;0;0;1;0;0;0;0;0;0;1;0;1;0;1;1;0;1;0;0;1;1;1;0;0;0;0;0;0;0;0;0;0;0;0;0;1;0;0;0;0;0;0;0;1;1;0;1;0;0;0;0;0;0;0;0;0;0;0;0;1;25;0;25;0;0;0;1;0;1;1;1;0;0;0;0;0;1;15;1;23;0;0;1;428;1;168;1;5;1;1;1;1;1;1;0;0;1;1;29;1;30;1;4;0;0;1;6;0;0;0;0;0;0;0;0;1;1;1;1;0;0;0;0;1;1;0;0;0;0;0;0;0;0;0;0;0;0;0;0;0;0;0;0;1;0;;;;;1;0;1;1;0;0;0;1;1;0;1;0;1;1;0;0;0;0;0;1;0;0;0;1;1;0;1;0;0;0;0;0;0;0;1;1;0;0;0;1;1;0;1286;0;0;0;0;0;0;0;0;0;0;0;0;0;0;0;0;0;0;0;0;0;0;0;0;0;0;0;0;0;0;0;0;0;1286;1286;52;1234;0;0;0;0;0;0;0;0;0;0;11;11;0;824;462;443;686;18;124;13;2;0;0;0;4;252;1030;792;494;0;0;0;0;0;0;0;0;1242;44;0;0;0;0;30;0;0;0;0;0;0;0;30;30;0;0;0;8;8;0;62;0;0;0;0;0;0;0;62;62;0;0;0;10;10;0;38;24;0;0;0;0;0;0;0;0
2023;Sudeste;3;São Paulo;SP;35;Campinas;3509502;Campinas;3510;Campinas;350038;Campinas;3507;Campinas;35032;350950205;SENAC CAMPINAS;35148805;4;1;1;0;SACRAMENTO;490;RUA;CENTRO;13010210;19;21170611;1;15000;03FEB23:00:00:00;15DEC23:00:00:00;;;;;0;;;;;;;;;;;;;;;;;;;;0;0;0;0;0;1;0;1E+14;1E+14;1;2;;;1;1;0;0;0;0;;0;0;0;1;1;0;0;0;0;1;0;0;0;1;0;0;0;0;1;0;0;0;0;1;0;0;0;1;0;1;1;0;1;0;1;1;1;0;0;0;0;0;0;0;0;0;0;0;0;0;0;0;0;0;0;0;0;0;1;0;1;0;1;0;0;0;0;1;1;1;1;1;0;1;1;0;61;0;61;0;0;0;1;0;1;1;0;0;1;3;0;0;1;5;0;0;0;0;1;300;0;0;0;0;1;1;1;1;0;9;9;0;1;1;52;1;17;1;7;0;0;1;9;0;0;0;0;0;0;0;0;1;1;1;1;0;0;1;7;1;2;0;0;0;0;0;1;0;0;1;0;1;1;0;1;0;0;1;0;0;0;;;;;0;;;;;;;1;1;0;0;0;0;0;0;1;0;0;0;1;0;0;0;1;1;0;1;0;0;0;0;0;0;0;1;1;0;0;0;1;1;0;2016;0;0;0;0;0;0;0;0;0;0;0;0;0;0;0;0;0;0;0;0;0;0;0;0;0;0;0;0;0;0;0;0;0;2016;2016;254;1762;0;0;0;0;0;0;0;0;0;0;13;13;0;1232;784;808;862;61;276;6;3;0;0;0;8;400;1608;1311;705;0;0;0;0;0;0;0;0;1984;32;0;0;0;0;76;0;0;0;0;0;0;0;76;76;0;0;0;13;13;0;121;0;0;0;0;0;0;0;121;121;0;0;0;11;11;0;82;39;0;0;0;0;0;0;0;0
2023;Sudeste;3;São Paulo;SP;35;Itapira;3522604;Campinas;3510;Mogi Guaçu;350043;Campinas;3507;Mogi Mirim;35031;352260405;SENAC ITAPIRA;35148817;4;1;1;0;PRACA BERNARDINO DE CAMPOS;150;PRACA;CENTRO;13970005;19;38138216;1;15000;03FEB23:00:00:00;15DEC23:00:00:00;;;;;0;;;;;;;;;;;;;;;;;;;;0;0;0;0;0;1;0;1E+14;1E+14;1;2;;;1;3;0;0;0;0;;0;0;0;1;1;0;0;0;0;1;0;0;0;1;0;0;0;0;1;0;0;0;0;1;0;1;0;1;0;0;1;0;1;0;1;1;1;0;0;0;0;0;1;0;0;1;0;0;0;0;0;1;0;0;0;0;0;0;1;0;1;0;1;0;0;0;0;1;1;1;0;1;0;1;1;0;11;0;11;0;0;0;1;0;1;1;1;0;0;0;1;3;1;2;1;12;0;0;1;175;0;0;0;0;1;1;1;1;1;1;1;3;1;1;11;1;4;1;4;0;0;1;3;0;0;0;0;0;0;0;0;1;1;1;1;1;4;0;0;0;0;0;0;0;0;0;0;0;0;1;0;1;1;0;0;0;0;0;0;0;0;;;;;0;;;;;;;1;0;0;0;0;0;0;0;1;0;0;0;1;0;0;0;1;1;0;1;0;0;0;0;0;0;0;1;1;0;0;0;1;1;0;160;0;0;0;0;0;0;0;0;0;0;0;0;0;0;0;0;0;0;0;0;0;0;0;0;0;0;0;0;0;0;0;0;0;160;160;10;150;0;0;0;0;0;0;0;0;0;0;2;2;0;101;59;40;94;5;20;1;0;0;0;0;0;8;152;47;113;0;0;0;0;0;0;0;0;150;10;0;0;0;0;11;0;0;0;0;0;0;0;11;11;0;0;0;2;2;0;12;0;0;0;0;0;0;0;12;12;0;0;0;2;2;0;5;7;0;0;0;0;0;0;0;0
2023;Sudeste;3;São Paulo;SP;35;Águas de São Pedro;3500600;Campinas;3510;Piracicaba;350040;Piracicaba;3506;Piracicaba;35028;350060005;SENAC HOTEL ESCOLA GRANDE HOTEL SAO PEDRO;35148829;4;1;1;0;PARQUE DOUTOR OCTAVIO DE MOURA ANDRADE SN;SN;;CENTRO;13528900;19;34827000;1;15000;03FEB23:00:00:00;15DEC23:00:00:00;;;;;0;;;;;;;;;;;;;;;;;;;;0;0;0;0;0;1;0;3,70981E+12;3,70981E+12;1;2;;;1;1;0;0;0;0;;0;0;0;1;1;1;0;0;0;1;1;0;0;1;0;0;0;0;1;0;0;0;0;0;0;1;0;1;0;1;1;0;1;0;0;1;1;1;1;0;0;1;1;0;0;0;0;0;0;0;0;1;0;0;0;0;0;0;1;0;1;0;1;0;0;0;0;0;0;0;0;0;0;0;0;1;13;0;13;0;0;1;1;1;1;1;0;0;1;1;1;1;1;88888;0;0;1;17;1;88888;0;0;0;0;1;1;1;1;1;1;0;1;1;1;88888;1;88888;1;2;1;88888;1;88888;0;0;1;1;0;0;1;88888;1;2;1;1;1;88888;1;88888;1;1;0;0;0;0;0;1;0;0;0;0;1;1;1;1;1;1;1;0;0;0;;;;;0;;;;;;;0;0;0;0;0;0;0;0;1;0;0;0;1;0;0;0;0;1;0;1;0;0;0;0;0;0;0;1;1;0;0;0;0;0;0;23;0;0;0;0;0;0;0;0;0;0;0;0;0;0;0;0;0;0;0;0;0;0;0;0;0;0;0;0;0;0;0;0;0;23;23;2;21;0;0;0;0;0;0;0;0;0;0;0;0;0;16;7;7;14;1;1;0;0;0;0;0;0;2;21;0;23;0;0;0;0;0;0;0;0;19;4;0;0;0;0;1;0;0;0;0;0;0;0;1;1;0;0;0;0;0;0;1;0;0;0;0;0;0;0;1;1;0;0;0;0;0;0;0;1;0;0;0;0;0;0;0;0
2023;Sudeste;3;São Paulo;SP;35;Araraquara;3503208;Araraquara;3509;Araraquara;350036;Araraquara;3505;Araraquara;35024;350320805;SENAC ARARAQUARA;35148830;4;1;1;0;RUA JOAO GURGEL;1935;RUA;CARMO;14801405;16;31143000;1;15000;03FEB23:00:00:00;15DEC23:00:00:00;;;;;0;;;;;;;;;;;;;;;;;;;;0;0;0;0;0;1;0;1E+14;1E+14;1;2;;;1;1;0;0;0;0;;0;0;0;1;1;0;0;0;0;1;0;0;0;1;0;0;0;0;1;0;0;0;0;1;0;1;0;0;0;1;1;0;1;0;0;1;1;1;1;0;0;0;1;1;1;0;0;0;0;0;0;0;0;0;0;0;1;0;1;0;1;0;1;0;0;0;0;0;1;1;1;1;0;1;1;0;26;0;26;26;26;0;1;0;1;1;1;0;0;0;0;0;1;13;1;13;1;88888;1;16;1;144;1;1;1;1;1;1;1;1;1;3;0;1;39;1;13;1;1;1;88888;0;0;0;0;0;0;0;0;0;0;1;1;1;1;0;0;1;88888;1;1;0;0;0;0;0;1;0;1;1;0;1;1;1;0;0;1;0;0;0;0;;;;;0;;;;;;;0;1;0;0;0;0;0;0;1;1;0;0;1;0;0;0;1;1;0;1;0;0;0;0;0;0;0;1;1;0;0;0;1;1;0;911;0;0;0;0;0;0;0;0;0;0;0;0;0;0;0;0;0;0;0;0;0;0;0;0;0;0;0;0;0;0;0;0;0;911;911;157;754;0;0;0;0;0;0;0;0;0;0;7;7;0;591;320;316;408;17;163;2;5;0;0;0;0;58;853;393;518;0;0;0;0;0;0;0;0;888;23;0;0;0;0;27;0;0;0;0;0;0;0;27;27;0;0;0;6;6;0;58;0;0;0;0;0;0;0;58;58;0;0;0;7;7;0;30;28;0;0;0;0;0;0;0;0
2023;Sudeste;3;São Paulo;SP;35;Barretos;3505500;Ribeirão Preto;3508;Barretos;350032;Ribeirão Preto;3502;Barretos;35009;350550005;SENAC BARRETOS;35148842;4;1;1;0;AVENIDA 21;;;CENTRO;14780310;17;33123050;1;15000;03FEB23:00:00:00;15DEC23:00:00:00;;;;;0;;;;;;;;;;;;;;;;;;;;0;0;0;0;0;1;0;1E+14;1E+14;1;2;;;1;1;0;0;0;0;;1;0;0;1;1;0;0;0;0;1;0;0;0;1;0;0;0;0;1;0;0;0;0;0;0;0;1;0;0;0;1;0;1;0;0;0;0;0;0;0;0;0;0;0;0;0;0;0;0;0;0;0;0;0;0;0;0;0;0;0;0;0;1;0;0;0;0;1;1;1;1;1;1;1;1;0;17;0;17;0;0;1;1;0;1;1;1;0;1;2;0;0;1;2;1;4;0;0;1;83;1;25;1;1;1;1;1;1;1;9;9;3;1;1;4;1;7;1;2;0;0;0;0;0;0;0;0;0;0;0;0;1;1;1;1;0;0;1;88888;0;0;0;0;0;0;0;1;0;0;1;0;1;1;1;0;0;0;0;0;0;0;;;;;0;;;;;;;1;0;0;0;0;1;0;0;0;0;0;0;1;0;0;0;1;1;0;1;0;0;0;0;0;0;0;1;1;0;0;0;1;1;0;468;0;0;0;0;0;0;0;0;0;0;0;0;0;0;0;0;0;0;0;0;0;0;0;0;0;0;0;0;0;0;0;0;0;468;468;10;458;0;0;0;0;0;0;0;0;0;0;6;6;0;341;127;145;197;22;97;5;2;0;0;0;0;14;454;267;201;0;0;0;0;0;0;0;0;456;12;0;0;0;0;24;0;0;0;0;0;0;0;24;24;0;0;0;5;5;0;29;0;0;0;0;0;0;0;29;29;0;0;0;5;5;0;18;11;0;0;0;0;0;0;0;0
2023;Sudeste;3;São Paulo;SP;35;Franca;3516200;Ribeirão Preto;3508;Franca;350033;Ribeirão Preto;3502;Franca;35012;351620005;SENAC FRANCA;35148854;4;1;1;0;RUA ALFREDO LOPES PINTO;1345;RUA;VILA TEIXEIRA;14401186;16;34024100;1;15000;03FEB23:00:00:00;15DEC23:00:00:00;;;;;0;;;;;;;;;;;;;;;;;;;;0;0;0;0;0;1;0;1E+14;1E+14;1;2;;;1;1;0;0;0;0;;0;0;0;1;1;0;0;0;0;1;0;0;0;1;0;0;0;0;1;0;0;0;0;1;0;0;0;1;0;1;1;0;1;0;1;1;1;1;0;0;0;0;1;0;1;1;0;0;0;0;0;0;0;0;0;0;0;0;1;1;1;0;1;0;0;0;0;0;1;1;1;0;0;0;1;0;22;0;22;0;0;0;1;0;1;1;1;0;0;0;1;1;1;1;1;21;0;0;1;195;1;78;1;3;1;1;1;1;1;1;0;3;1;1;31;1;10;1;4;0;0;0;0;0;0;0;0;0;0;0;0;0;0;1;1;0;0;0;0;0;0;0;0;0;0;0;1;0;0;1;1;1;1;1;1;0;0;0;0;0;0;;;;;0;;;;;;;1;1;1;0;0;1;0;0;0;0;0;0;1;0;0;0;1;1;0;1;0;0;0;0;0;0;0;1;1;0;0;0;1;1;0;531;0;0;0;0;0;0;0;0;0;0;0;0;0;0;0;0;0;0;0;0;0;0;0;0;0;0;0;0;0;0;0;0;0;531;531;23;508;0;0;0;0;0;0;0;0;0;0;2;2;0;355;176;115;293;30;87;5;1;0;0;0;0;11;520;249;282;0;0;0;0;0;0;0;0;522;9;0;0;0;0;56;0;0;0;0;0;0;0;56;56;0;0;0;18;18;0;32;0;0;0;0;0;0;0;32;32;0;0;0;2;2;0;16;16;0;0;0;0;0;0;0;0
2023;Sudeste;3;São Paulo;SP;35;Ribeirão Preto;3543402;Ribeirão Preto;3508;Ribeirão Preto;350031;Ribeirão Preto;3502;Ribeirão Preto;35014;354340205;SENAC RIBEIRAO PRETO;35148866;4;;1;;RUA CAPITAO SALOMAO;2133;RUA;JARDIM MOSTEIRO;14085430;16;21111200;2;15000;;;;;;;;;;;;;;;;;;;;;;;;;;;;;;;;;;;;;;;;;;;;;;;;;;;;;;;;;;;;;;;;;;;;;;;;;;;;;;;;;;;;;;;;;;;;;;;;;;;;;;;;;;;;;;;;;;;;;;;;;;;;;;;;;;;;;;;;;;;;;;;;;;;;;;;;;;;;;;;;;;;;;;;;;;;;;;;;;;;;;;;;;;;;;;;;;;;;;;;;;;;;;;;;;;;;;;;;;;;;;;;;;;;;;;;;;;;;;;;;;;;;;;;;;;;;;;;;;;;;;;;;;;;;;;;;;;;;;;;;;;;;;;;;;;;;;;;;;;;;;;;;;;;;;;;;;;;;;;;;;;;;;;;;;;;;;;;;;;;;;;;;;;;;;;;;;;;;;;;;;;;;;;;;;;;;;;;;
2023;Sudeste;3;São Paulo;SP;35;São Carlos;3548906;Araraquara;3509;São Carlos;350037;Araraquara;3505;São Carlos;35025;354890605;SENAC SAO CARLOS;35148878;4;1;1;0;RUA EPISCOPAL;700;RUA;CENTRO;13560570;16;21071055;1;15000;03FEB23:00:00:00;15DEC23:00:00:00;;;;;0;;;;;;;;;;;;;;;;;;;;0;0;0;0;0;1;0;1E+14;1E+14;1;2;;;1;1;0;0;0;0;;0;0;0;1;1;0;0;0;0;1;0;0;0;1;0;0;0;0;1;0;0;0;0;1;0;1;0;1;1;1;1;0;1;0;1;1;1;1;1;0;0;0;1;0;0;0;0;0;0;0;0;0;0;0;0;0;0;0;1;0;1;0;1;0;0;0;0;1;1;1;0;1;0;1;1;0;44;0;44;0;0;1;1;1;1;1;1;0;0;0;1;6;1;6;1;28;0;0;1;214;1;140;1;7;1;1;1;1;1;1;0;1;0;1;40;1;13;1;4;0;0;0;0;0;0;0;0;0;0;0;0;1;1;1;1;0;0;1;5;1;1;0;0;0;0;0;1;0;1;1;0;1;1;1;0;0;1;0;0;0;0;;;;;0;;;;;;;1;1;1;0;0;0;0;0;1;1;0;0;1;0;0;0;1;1;0;1;0;0;0;0;0;0;0;1;1;0;0;0;1;1;0;924;0;0;0;0;0;0;0;0;0;0;0;0;0;0;0;0;0;0;0;0;0;0;0;0;0;0;0;0;0;0;0;0;0;924;924;40;884;0;0;0;0;0;0;0;0;0;0;16;16;0;586;338;242;493;28;155;4;2;0;0;0;2;209;713;524;400;0;0;0;0;0;0;0;0;892;32;0;0;0;0;68;0;0;0;0;0;0;0;68;68;0;0;0;25;25;0;51;0;0;0;0;0;0;0;51;51;0;0;0;13;13;0;28;23;0;0;0;0;0;0;0;0
2023;Sudeste;3;São Paulo;SP;35;Bauru;3506003;Bauru;3503;Bauru;350009;Bauru;3504;Bauru;35020;350600305;SENAC BAURU;35148885;4;1;1;0;ENGENHEIRO SAINT MARTIN;1017;;CENTRO;17010150;14;32270702;1;15000;03FEB23:00:00:00;15DEC23:00:00:00;;;;;0;;;;;;;;;;;;;;;;;;;;1;0;0;0;0;0;0;1E+14;1E+14;1;2;;;1;1;0;0;0;0;;0;0;0;1;1;0;0;0;0;1;0;0;0;1;0;0;0;0;1;0;0;0;0;0;0;0;1;1;0;1;1;0;1;1;1;1;1;1;1;0;0;0;0;0;0;0;0;0;0;0;0;0;0;0;0;0;0;0;1;0;1;0;1;0;0;0;0;0;1;1;0;0;0;0;0;0;27;1;28;0;0;0;1;0;1;1;0;0;0;0;1;1;1;10;1;7;0;0;1;280;1;213;1;3;1;1;1;1;0;1;1;3;1;1;30;1;18;1;4;0;0;1;4;0;0;0;0;0;0;0;0;0;0;1;1;1;8;0;0;1;1;0;0;0;0;0;0;0;0;0;0;1;0;0;0;0;0;0;0;0;0;;;;;0;;;;;;;1;0;0;0;0;0;0;0;1;0;0;0;1;0;0;0;1;1;0;1;0;0;0;0;0;0;0;1;1;0;0;0;1;1;0;817;0;0;0;0;0;0;0;0;0;0;0;0;0;0;0;0;0;0;0;0;0;0;0;0;0;0;0;0;0;0;0;0;0;817;817;149;668;0;0;0;0;0;0;0;0;0;0;6;6;0;504;313;256;443;15;100;2;1;0;0;0;7;266;544;393;424;0;0;0;0;0;0;0;0;796;21;0;0;0;0;28;0;0;0;0;0;0;0;28;28;0;0;0;7;7;0;35;0;0;0;0;0;0;0;35;35;0;0;0;6;6;0;16;19;0;0;0;0;0;0;0;0
2023;Sudeste;3;São Paulo;SP;35;Catanduva;3511102;São José do Rio Preto;3507;Catanduva;350026;São José do Rio Preto;3501;Catanduva;35005;351110205;SENAC CATANDUVA;35148891;4;1;1;0;SANTOS;300;RUA;VILA RODRIGUES;15801350;17;33114650;1;15000;03FEB23:00:00:00;15DEC23:00:00:00;;;;;0;;;;;;;;;;;;;;;;;;;;0;0;0;0;0;1;0;3,70981E+12;3,70981E+12;1;2;;;1;1;0;0;0;0;;0;0;0;1;1;1;0;0;0;1;0;0;0;1;0;0;0;0;1;0;0;0;0;1;0;0;0;1;1;1;1;0;1;1;1;1;1;1;0;0;0;0;1;0;0;0;0;0;1;0;1;0;0;0;0;0;0;0;1;0;1;0;1;0;0;0;0;1;0;1;1;1;1;1;1;0;13;0;13;13;0;1;1;0;1;1;1;0;1;1;1;2;1;4;1;12;0;0;1;142;1;47;1;7;1;1;1;1;1;1;1;3;1;1;24;1;7;1;1;0;0;0;0;0;0;0;0;0;0;0;0;1;1;1;1;0;0;1;2;1;1;0;0;1;2;0;1;0;1;1;0;1;1;1;0;0;0;0;0;0;0;;;;;0;;;;;;;1;1;1;0;0;1;0;1;0;0;0;0;1;0;0;0;1;1;0;1;0;0;0;0;0;0;0;1;1;0;0;0;1;1;0;445;0;0;0;0;0;0;0;0;0;0;0;0;0;0;0;0;0;0;0;0;0;0;0;0;0;0;0;0;0;0;0;0;0;445;445;36;409;0;0;0;0;0;0;0;0;0;0;6;6;0;302;143;91;255;16;79;2;2;0;0;0;0;33;412;260;185;0;0;0;0;0;0;0;0;433;12;0;0;0;0;32;0;0;0;0;0;0;0;32;32;0;0;0;10;10;0;30;0;0;0;0;0;0;0;30;30;0;0;0;5;5;0;18;12;0;0;0;0;0;0;0;0
2023;Sudeste;3;São Paulo;SP;35;São José do Rio Preto;3549805;São José do Rio Preto;3507;São José do Rio Preto;350025;São José do Rio Preto;3501;São José do Rio Preto;35004;354980505;SENAC SAO JOSE DO RIO PRETO;35148908;4;1;1;0;RUA JORGE TIBIRICA;3518;RUA;SANTA CRUZ;15014040;17;21391699;1;15000;03FEB23:00:00:00;15DEC23:00:00:00;;;;;0;;;;;;;;;;;;;;;;;;;;0;0;0;0;0;1;0;1E+14;1E+14;1;2;;;1;1;0;0;0;0;;0;0;0;1;1;0;0;0;0;1;0;0;0;1;0;0;0;0;1;0;0;0;0;0;0;0;1;1;0;1;1;0;1;0;1;1;1;0;1;0;0;0;1;0;1;0;0;0;0;0;0;0;0;0;0;0;0;0;1;1;1;0;1;0;0;0;0;0;0;0;0;0;0;0;0;1;31;0;31;30;31;0;1;1;1;1;1;0;1;1;0;0;1;18;1;14;1;41;1;413;1;300;1;16;1;1;1;0;1;1;1;3;1;1;42;1;10;1;4;1;3;1;1;0;0;0;0;0;0;1;2;1;8;1;1;1;6;1;88888;1;1;0;0;1;2;0;1;0;1;1;0;1;1;1;0;0;0;0;0;0;0;;;;;0;;;;;;;1;1;1;0;0;0;0;0;1;1;0;0;1;0;0;0;1;1;0;1;0;0;0;0;0;0;0;1;1;0;0;0;1;1;0;1047;0;0;0;0;0;0;0;0;0;0;0;0;0;0;0;0;0;0;0;0;0;0;0;0;0;0;0;0;0;0;0;0;0;1047;1047;148;899;0;0;0;0;0;0;0;0;0;0;8;8;0;608;439;519;407;10;105;4;2;0;0;0;5;265;777;622;425;0;0;0;0;0;0;0;0;1002;45;0;0;0;0;46;0;0;0;0;0;0;0;46;46;0;0;0;5;5;0;60;0;0;0;0;0;0;0;60;60;0;0;0;5;5;0;35;25;0;0;0;0;0;0;0;0
2023;Sudeste;3;São Paulo;SP;35;Araçatuba;3502804;Araçatuba;3506;Araçatuba;350022;Araçatuba;3503;Araçatuba;35017;350280405;SENAC ARACATUBA;35148912;4;1;1;0;AVENIDA JOAO ARRUDA BRASIL;500;AVENIDA;SAO JOAQUIM;16050400;18;31171000;1;15000;03FEB23:00:00:00;15DEC23:00:00:00;;;;;0;;;;;;;;;;;;;;;;;;;;0;0;0;0;0;1;0;3,70981E+12;3,70981E+12;1;2;;;1;1;0;0;0;0;;0;0;0;1;1;0;0;0;0;1;0;0;0;1;0;0;0;0;1;0;0;0;0;1;0;0;0;0;0;1;1;0;1;0;0;1;1;1;1;0;0;0;1;0;1;1;0;0;1;0;1;0;0;0;0;0;0;0;1;0;1;0;1;0;0;0;0;0;0;0;0;0;0;0;0;1;20;0;20;20;0;0;1;0;0;1;0;0;0;0;1;1;1;2;1;19;1;20;1;143;1;24;1;1;1;1;1;1;0;1;1;3;1;1;36;1;8;1;1;1;88888;0;0;0;0;0;0;0;0;0;0;1;1;1;1;0;0;1;88888;1;1;0;0;0;0;0;1;1;0;1;1;1;1;0;1;0;1;1;0;0;0;;;;;0;;;;;;;1;1;0;0;0;0;0;0;1;1;0;0;1;0;0;0;1;1;0;1;0;0;0;0;0;0;0;1;1;0;0;0;1;1;0;601;0;0;0;0;0;0;0;0;0;0;0;0;0;0;0;0;0;0;0;0;0;0;0;0;0;0;0;0;0;0;0;0;0;601;601;75;526;0;0;0;0;0;0;0;0;0;0;7;7;0;388;213;183;280;14;115;9;0;0;0;0;0;75;526;317;284;0;0;0;0;0;0;0;0;569;32;0;0;0;0;18;0;0;0;0;0;0;0;18;18;0;0;0;5;5;0;31;0;0;0;0;0;0;0;31;31;0;0;0;5;5;0;16;15;0;0;0;0;0;0;0;0
2023;Sudeste;3;São Paulo;SP;35;Presidente Prudente;3541406;Presidente Prudente;3505;Presidente Prudente;350018;Presidente Prudente;3508;Presidente Prudente;35036;354140605;SENAC PRESIDENTE PRUDENTE;35148921;4;1;1;0;MANOEL GOULART;2881;AVENIDA;VILA SANTA HELENA;19060000;18;33444400;1;15000;03FEB23:00:00:00;15DEC23:00:00:00;;;;;0;;;;;;;;;;;;;;;;;;;;0;0;0;0;0;1;0;3,70981E+12;3,70981E+12;1;2;;;1;1;0;0;0;0;;0;0;0;1;1;1;0;0;0;1;0;0;0;1;0;0;0;0;1;0;0;0;0;1;0;1;0;1;0;1;1;0;1;1;0;1;1;0;1;0;0;0;1;1;1;1;0;0;0;0;0;0;0;0;0;0;0;0;1;0;1;0;1;0;0;0;0;0;0;0;0;0;0;0;0;1;17;0;17;17;0;1;1;0;1;1;1;0;1;2;1;2;1;7;1;6;1;17;1;90;1;45;0;0;1;1;1;1;0;1;0;3;1;1;13;1;13;1;4;0;0;0;0;0;0;0;0;0;0;0;0;1;1;1;1;1;2;1;1;1;1;0;0;0;0;0;0;0;0;1;0;1;1;1;0;0;0;0;0;0;0;;;;;0;;;;;;;1;1;0;0;0;1;0;0;0;1;0;0;1;0;0;0;1;1;0;1;0;0;0;0;0;0;0;1;1;0;0;0;1;1;0;264;0;0;0;0;0;0;0;0;0;0;0;0;0;0;0;0;0;0;0;0;0;0;0;0;0;0;0;0;0;0;0;0;0;264;264;16;248;0;0;0;0;0;0;0;0;0;0;5;5;0;163;101;69;122;1;69;3;0;0;0;0;0;14;250;136;128;0;0;0;0;0;0;0;0;255;9;0;0;0;0;18;0;0;0;0;0;0;0;18;18;0;0;0;3;3;0;19;0;0;0;0;0;0;0;19;19;0;0;0;4;4;0;10;9;0;0;0;0;0;0;0;0
2023;Sudeste;3;São Paulo;SP;35;Marília;3529005;Marília;3504;Marília;350013;Marília;3509;Marília;35038;352900505;SENAC MARILIA;35148933;4;1;1;0;RUA PARAIBA;125;RUA;CENTRO;17509060;14;33117700;1;15000;03FEB23:00:00:00;15DEC23:00:00:00;;;;;0;;;;;;;;;;;;;;;;;;;;0;0;0;0;0;1;0;3,70981E+12;3,70981E+12;1;2;;;1;1;0;0;0;0;;0;0;0;1;1;0;0;0;0;1;0;0;0;1;0;0;0;0;1;0;0;0;0;1;0;1;0;0;0;1;1;0;1;0;1;1;1;0;1;0;0;0;0;0;1;0;0;0;1;1;0;0;0;0;0;0;0;0;1;0;1;0;0;0;0;0;0;1;1;1;0;0;0;0;0;0;22;0;22;0;0;1;1;1;1;1;1;0;0;0;0;0;1;6;1;16;0;0;1;149;1;79;1;18;1;1;1;1;0;1;0;3;1;1;27;1;9;1;3;0;0;0;0;0;0;0;0;0;0;0;0;1;1;1;1;1;6;1;88888;0;0;0;0;0;0;0;1;0;1;1;0;1;1;1;0;0;0;0;0;0;0;;;;;0;;;;;;;1;1;0;0;0;1;0;0;0;0;0;0;1;0;0;0;1;1;0;1;0;0;0;0;0;0;0;1;1;0;0;0;1;1;0;552;0;0;0;0;0;0;0;0;0;0;0;0;0;0;0;0;0;0;0;0;0;0;0;0;0;0;0;0;0;0;0;0;0;552;552;26;526;0;0;0;0;0;0;0;0;0;0;4;4;0;420;132;110;232;19;180;9;2;0;0;0;0;21;531;324;228;0;0;0;0;0;0;0;0;533;19;0;0;0;0;23;0;0;0;0;0;0;0;23;23;0;0;0;2;2;0;31;0;0;0;0;0;0;0;31;31;0;0;0;3;3;0;17;14;0;0;0;0;0;0;0;0
2023;Sudeste;3;São Paulo;SP;35;São José dos Campos;3549904;São José dos Campos;3511;São José dos Campos;350049;Vale do Paraíba Paulista;3513;São José dos Campos;35050;354990405;SENAC SAO JOSE DOS CAMPOS;35148945;4;1;1;0;SAIGIRO NAKAMURA;400;RUA;VILA INDUSTRIAL;12220280;12;21349000;1;15000;03FEB23:00:00:00;15DEC23:00:00:00;;;;;0;;;;;;;;;;;;;;;;;;;;0;0;0;0;0;1;0;1E+14;1E+14;1;2;;;1;1;0;0;0;0;;0;0;0;1;1;1;0;0;0;1;0;0;0;1;0;0;0;0;1;0;0;0;0;1;0;1;0;1;0;1;1;0;1;0;1;1;1;0;0;0;0;0;1;0;0;0;0;0;0;0;0;0;0;0;0;0;0;0;1;0;1;0;1;0;0;0;0;0;0;0;0;0;0;0;0;1;27;0;27;0;0;0;1;0;1;1;0;0;1;15;1;4;1;10;1;19;0;0;1;200;1;25;1;10;1;1;1;1;1;1;1;2;1;1;32;1;7;1;4;1;8;1;5;0;0;0;0;0;0;0;0;1;1;1;1;1;4;1;10;0;0;0;0;0;0;0;0;0;0;0;0;0;0;0;0;0;0;0;0;1;0;;;;;0;;;;;;;0;0;0;0;0;1;0;0;0;0;0;0;1;0;0;0;1;1;0;1;0;0;0;0;0;0;0;1;1;0;0;0;1;1;0;1163;0;0;0;0;0;0;0;0;0;0;0;0;0;0;0;0;0;0;0;0;0;0;0;0;0;0;0;0;0;0;0;0;0;1163;1163;72;1091;0;0;0;0;0;0;0;0;0;0;15;15;0;729;434;303;669;25;161;4;1;0;0;0;1;263;899;777;386;0;0;0;0;0;0;0;0;1098;65;0;0;0;0;27;0;0;0;0;0;0;0;27;27;0;0;0;9;9;0;51;0;0;0;0;0;0;0;51;51;0;0;0;12;12;0;33;18;0;0;0;0;0;0;0;0
2023;Sudeste;3;São Paulo;SP;35;Jundiaí;3525904;Campinas;3510;Jundiaí;350039;Macro Metropolitana Paulista;3512;Jundiaí;35047;352590405;SENAC JUNDIAI;35148957;4;1;1;0;RUA VICENTE MAGAGLIO;50;RUA;JARDIM PAULISTA;13208283;11;33952300;1;15000;03FEB23:00:00:00;15DEC23:00:00:00;;;;;0;;;;;;;;;;;;;;;;;;;;0;0;0;0;0;1;0;3,70981E+12;3,70981E+12;1;2;;;1;1;0;0;0;0;;0;0;0;1;1;0;0;0;0;1;0;0;0;1;0;0;0;0;1;0;0;0;0;1;0;0;0;1;0;1;1;0;1;0;1;1;1;0;1;0;0;0;1;0;0;0;0;0;0;0;0;1;0;0;0;0;0;0;1;0;1;0;1;0;0;0;0;1;1;1;0;1;1;1;1;0;24;0;24;24;24;1;1;1;1;1;1;0;0;0;1;24;1;2;0;0;1;88888;1;165;1;125;1;3;1;1;1;1;1;1;1;3;1;1;39;1;11;1;3;1;27;1;5;0;0;0;0;0;0;0;0;1;2;1;1;1;4;0;0;1;1;0;0;1;1;0;1;0;1;1;1;1;1;1;1;0;1;0;1;0;0;;;;;0;;;;;;;1;1;1;0;0;1;0;0;0;0;0;0;1;0;0;0;1;1;0;1;0;0;0;0;0;0;0;1;1;0;0;0;1;1;0;923;0;0;0;0;0;0;0;0;0;0;0;0;0;0;0;0;0;0;0;0;0;0;0;0;0;0;0;0;0;0;0;0;0;923;923;57;866;0;0;0;0;0;0;0;0;0;0;10;10;0;523;400;310;451;13;143;6;0;0;0;0;3;255;665;561;362;0;0;0;0;0;0;0;0;895;28;0;0;0;0;16;0;0;0;0;0;0;0;16;16;0;0;0;8;8;0;46;0;0;0;0;0;0;0;46;46;0;0;0;9;9;0;28;18;0;0;0;0;0;0;0;0
2023;Sudeste;3;São Paulo;SP;35;Piracicaba;3538709;Campinas;3510;Piracicaba;350040;Piracicaba;3506;Piracicaba;35028;353870905;SENAC PIRACICABA;35148970;4;1;1;0;SANTA CRUZ;1148;RUA;ALTO;13419030;19;21050199;1;15000;03FEB23:00:00:00;15DEC23:00:00:00;;;;;0;;;;;;;;;;;;;;;;;;;;0;0;0;0;0;1;0;1E+14;1E+14;1;2;;;1;1;0;0;0;0;;0;0;0;1;1;0;0;0;0;1;0;0;0;1;0;0;0;0;1;0;0;0;0;1;1;0;0;1;0;1;1;0;1;0;0;1;1;0;1;0;0;0;1;0;0;0;0;0;0;0;0;0;0;0;0;0;0;0;1;0;1;0;1;0;0;0;0;1;1;1;0;1;0;1;1;0;29;0;29;0;0;1;1;1;1;1;0;0;1;2;0;0;1;5;0;0;0;0;1;302;0;0;0;0;1;1;1;1;1;1;1;3;1;1;42;1;6;1;4;1;25;1;5;0;0;0;0;0;0;0;0;1;1;1;1;1;4;1;62;1;1;0;0;0;0;0;1;0;0;1;0;1;1;0;0;0;1;0;0;0;0;;;;;0;;;;;;;1;1;1;0;0;1;0;0;0;1;0;0;1;0;0;0;1;1;0;1;0;0;0;0;0;0;0;1;1;0;0;0;1;1;0;1124;0;0;0;0;0;0;0;0;0;0;0;0;0;0;0;0;0;0;0;0;0;0;0;0;0;0;0;0;0;0;0;0;0;1124;1124;65;1059;0;0;0;0;0;0;0;0;0;0;8;8;0;737;387;317;622;29;152;2;2;0;0;0;5;247;872;655;469;0;0;0;0;0;0;0;0;1081;43;0;0;0;0;23;0;0;0;0;0;0;0;23;23;0;0;0;5;5;0;47;0;0;0;0;0;0;0;47;47;0;0;0;7;7;0;28;19;0;0;0;0;0;0;0;0
2023;Sudeste;3;São Paulo;SP;35;São Paulo;3550308;São Paulo;3501;São Paulo;350001;Metropolitana de São Paulo;3515;São Paulo;35061;355030848;SENAC LAPA SCIPIAO;35148994;4;1;1;0;RUA SCIPIAO;67;RUA;V ROMANA;5047060;11;34752200;1;15000;03FEB23:00:00:00;15DEC23:00:00:00;;;;;0;;;;;;;;;;;;;;;;;;;;0;0;0;0;0;1;0;1E+14;1E+14;1;2;;;1;1;0;0;0;0;;0;0;0;1;1;0;0;0;0;1;0;0;0;1;0;0;0;0;1;0;0;0;0;0;0;0;1;1;0;1;1;0;1;0;1;1;1;0;0;0;0;1;1;0;0;1;0;0;0;0;0;0;1;0;0;0;0;1;1;0;1;0;1;0;0;0;0;1;1;1;1;1;1;1;1;0;19;0;19;19;19;0;1;1;1;1;1;0;1;4;1;4;1;5;1;9;1;88888;1;415;1;134;1;30;1;1;1;1;0;1;1;3;1;1;44;1;14;1;5;0;0;1;8;0;0;0;0;0;0;0;0;1;2;1;1;1;6;1;88888;0;0;0;0;1;4;0;1;0;0;1;0;1;1;1;1;0;1;0;1;0;0;;;;;0;;;;;;;1;1;0;0;0;1;0;0;0;1;0;0;1;0;0;0;1;1;0;1;0;0;0;0;0;0;0;1;1;0;0;0;1;1;0;1149;0;0;0;0;0;0;0;0;0;0;0;0;0;0;0;0;0;0;0;0;0;0;0;0;0;0;0;0;0;0;0;0;0;1149;1149;43;1106;0;0;0;0;0;0;0;0;0;0;12;12;0;616;533;451;519;31;138;9;1;0;0;0;9;290;850;781;368;0;0;0;0;0;0;0;0;1140;9;0;0;0;0;33;0;0;0;0;0;0;0;33;33;0;0;0;8;8;0;56;0;0;0;0;0;0;0;56;56;0;0;0;8;8;0;37;19;0;0;0;0;0;0;0;0
2023;Sudeste;3;São Paulo;SP;35;Campos do Jordão;3509700;São José dos Campos;3511;Taubaté - Pindamonhangaba;350050;Vale do Paraíba Paulista;3513;Campos do Jordão;35049;350970005;SENAC HOTEL ESCOLA GRANDE HOTEL CAMPOS DO JORDAO;35149019;4;1;1;0;AV FREI ORESTES GIRARDI;3549;AVENIDA;CAPIVARI;12460000;12;36683001;1;15000;03FEB23:00:00:00;15DEC23:00:00:00;;;;;0;;;;;;;;;;;;;;;;;;;;0;0;0;0;0;1;0;3,70981E+12;3,70981E+12;1;2;;;1;1;0;0;0;0;;0;0;0;1;1;0;0;0;0;1;0;0;0;1;0;0;0;0;1;0;0;0;0;1;0;1;0;1;1;0;1;0;1;0;1;1;1;1;1;1;0;1;1;0;0;0;0;0;0;0;0;0;0;0;0;0;0;0;1;0;1;0;1;0;0;0;0;1;0;0;0;1;0;1;1;0;11;0;11;11;9;0;1;1;1;1;1;0;0;0;1;9;1;6;1;2;0;0;1;25;1;41;1;29;1;1;1;1;1;1;1;3;1;1;88888;1;7;1;3;0;0;1;5;0;0;1;1;0;0;1;88888;1;1;1;1;1;4;1;1;1;1;0;0;0;0;0;1;0;0;1;0;1;1;1;1;0;1;0;1;0;0;;;;;0;;;;;;;1;0;0;0;0;0;0;0;1;0;0;0;1;0;0;0;1;1;0;1;0;0;0;0;0;0;0;1;1;0;0;0;1;1;0;116;0;0;0;0;0;0;0;0;0;0;0;0;0;0;0;0;0;0;0;0;0;0;0;0;0;0;0;0;0;0;0;0;0;116;116;4;112;0;0;0;0;0;0;0;0;0;0;2;2;0;78;38;37;69;0;10;0;0;0;0;0;0;5;111;12;104;0;0;0;0;0;0;0;0;110;6;0;0;0;0;4;0;0;0;0;0;0;0;4;4;0;0;0;1;1;0;6;0;0;0;0;0;0;0;6;6;0;0;0;1;1;0;1;5;0;0;0;0;0;0;0;0
2023;Sudeste;3;São Paulo;SP;35;Itapetininga;3522307;Sorocaba;3502;Itapetininga;350006;Itapetininga;3511;Itapetininga;35042;352230705;SENAC ITAPETININGA;35149020;4;1;1;0;RUA DOM JOAQUIM;495;RUA;CENTRO;18200090;15;35111200;1;15000;03FEB23:00:00:00;15DEC23:00:00:00;;;;;0;;;;;;;;;;;;;;;;;;;;0;0;0;0;0;1;0;1E+14;1E+14;1;2;;;1;1;0;0;0;0;;0;0;0;1;1;0;0;0;0;1;0;0;0;1;0;0;0;0;1;0;0;0;0;1;0;1;0;0;0;0;1;0;1;0;0;0;0;1;1;0;0;0;0;0;0;0;0;0;0;0;0;0;0;0;0;0;0;0;1;0;1;0;1;0;0;0;0;0;0;0;0;0;0;0;0;1;15;5;20;0;0;0;1;0;1;1;1;0;0;0;1;2;0;0;1;3;1;12;1;106;0;0;0;0;1;1;1;1;1;1;0;0;1;1;14;1;5;1;2;0;0;1;2;0;0;0;0;0;0;0;0;1;1;1;1;1;4;1;27;1;1;0;0;0;0;0;1;0;0;1;0;1;1;1;0;0;0;0;0;0;0;;;;;0;;;;;;;1;0;0;0;0;1;0;0;0;1;0;0;1;0;0;0;1;1;0;1;0;0;0;0;0;0;0;1;1;0;0;0;1;1;0;545;0;0;0;0;0;0;0;0;0;0;0;0;0;0;0;0;0;0;0;0;0;0;0;0;0;0;0;0;0;0;0;0;0;545;545;50;495;0;0;0;0;0;0;0;0;0;0;6;6;0;392;153;139;343;6;55;2;0;0;0;0;0;48;497;306;239;0;0;0;0;0;0;0;0;482;63;0;0;0;0;36;0;0;0;0;0;0;0;36;36;0;0;0;6;6;0;32;0;0;0;0;0;0;0;32;32;0;0;0;6;6;0;19;13;0;0;0;0;0;0;0;0
2023;Sudeste;3;São Paulo;SP;35;Limeira;3526902;Campinas;3510;Limeira;350042;Piracicaba;3506;Limeira;35027;352690205;SENAC LIMEIRA;35149032;4;1;1;0;RUA QUADROS SOBRINHO;1;RUA;CENTRO;13480223;19;21149199;1;15000;03FEB23:00:00:00;15DEC23:00:00:00;;;;;0;;;;;;;;;;;;;;;;;;;;0;0;0;0;0;1;0;3,70981E+12;3,70981E+12;1;2;;;1;1;0;0;0;0;;0;1;0;1;1;0;0;0;0;1;0;0;0;1;0;0;0;0;1;0;0;0;0;1;0;1;0;0;0;1;1;0;1;1;1;1;1;0;1;0;0;0;0;0;0;0;0;0;0;0;0;0;0;0;0;0;0;0;1;0;1;0;1;0;0;0;0;1;1;1;1;1;0;1;1;0;26;0;26;26;26;1;1;1;1;1;1;0;0;0;1;2;1;3;1;24;1;27;1;102;1;44;0;0;1;1;1;1;1;1;1;3;1;1;26;1;10;1;1;1;24;0;0;0;0;0;0;0;0;0;0;1;1;1;1;0;0;1;75;1;1;0;0;1;1;0;1;0;0;1;1;1;1;1;0;0;1;0;0;0;0;;;;;0;;;;;;;1;1;1;0;0;1;0;1;0;1;0;0;1;0;0;0;1;1;0;1;0;0;0;0;0;0;0;1;1;0;0;0;1;1;0;1016;0;0;0;0;0;0;0;0;0;0;0;0;0;0;0;0;0;0;0;0;0;0;0;0;0;0;0;0;0;0;0;0;0;1016;1016;72;944;0;0;0;0;0;0;0;0;0;0;15;15;0;717;299;285;513;36;177;4;1;0;0;0;0;74;942;471;545;0;0;0;0;0;0;0;0;985;31;0;0;0;0;33;0;0;0;0;0;0;0;33;33;0;0;0;15;15;0;48;0;0;0;0;0;0;0;48;48;0;0;0;14;14;0;25;23;0;0;0;0;0;0;0;0
2023;Sudeste;3;São Paulo;SP;35;Mogi Guaçu;3530706;Campinas;3510;Mogi Guaçu;350043;Campinas;3507;Mogi Mirim;35031;353070605;SENAC MOGI GUACU;35149044;4;1;1;0;RUA ADELINO DAMIAO;55;RUA;CENTRO;13840402;19;33117700;1;15000;03FEB23:00:00:00;15DEC23:00:00:00;;;;;0;;;;;;;;;;;;;;;;;;;;0;0;0;0;0;1;0;3,70981E+12;3,70981E+12;1;2;;;1;3;0;0;0;0;;0;0;0;1;1;0;0;0;0;1;0;0;0;1;0;0;0;0;1;0;0;0;0;1;0;1;0;0;0;0;1;0;0;0;0;0;0;0;1;0;0;0;1;0;0;0;0;0;0;0;0;0;0;0;0;0;0;0;1;0;0;0;1;0;0;0;0;0;1;1;1;1;0;0;1;0;16;0;16;16;16;0;1;0;1;1;0;0;0;0;0;0;1;6;0;0;0;0;1;153;1;19;0;0;1;1;1;1;1;1;1;3;1;1;30;1;7;1;3;0;0;0;0;0;0;0;0;0;0;0;0;1;1;1;1;0;0;1;88888;1;1;0;0;0;0;0;1;0;0;1;0;1;1;1;1;0;0;0;0;0;0;;;;;0;;;;;;;0;0;0;0;0;1;0;0;0;0;0;0;1;0;0;0;1;1;0;1;0;0;0;0;0;0;0;1;1;0;0;0;1;1;0;674;0;0;0;0;0;0;0;0;0;0;0;0;0;0;0;0;0;0;0;0;0;0;0;0;0;0;0;0;0;0;0;0;0;674;674;52;622;0;0;0;0;0;0;0;0;0;0;6;6;0;475;199;195;382;12;80;4;1;0;0;0;0;46;628;386;288;0;0;0;0;0;0;0;0;652;22;0;0;0;0;31;0;0;0;0;0;0;0;31;31;0;0;0;5;5;0;44;0;0;0;0;0;0;0;44;44;0;0;0;6;6;0;27;17;0;0;0;0;0;0;0;0
2023;Sudeste;3;São Paulo;SP;35;Bebedouro;3506102;Ribeirão Preto;3508;Barretos;350032;Ribeirão Preto;3502;Jaboticabal;35013;350610205;SENAC BEBEDOURO;35149056;4;1;1;0;PRACA ABILIO MANOEL;14;;CENTRO;14700349;17;33446500;1;15000;03FEB23:00:00:00;15DEC23:00:00:00;;;;;0;;;;;;;;;;;;;;;;;;;;0;0;0;0;0;1;0;1E+14;1E+14;1;2;;;1;1;0;0;0;0;;0;0;0;1;1;0;0;0;0;1;0;0;0;1;0;0;0;0;1;0;0;0;0;1;0;1;0;1;1;1;1;0;1;0;1;1;1;1;1;0;0;0;1;0;1;1;0;0;0;0;0;1;1;0;0;0;0;0;1;1;1;0;1;0;0;0;0;1;1;1;1;1;0;1;1;0;22;0;22;22;22;0;1;1;1;1;1;0;0;0;1;88888;0;0;0;0;1;25;1;95;1;46;0;0;1;1;1;1;1;1;1;3;1;1;23;1;11;1;4;1;13;0;0;0;0;0;0;0;0;0;0;1;4;1;1;1;8;1;88888;1;2;0;0;1;2;0;1;0;1;1;1;1;0;1;0;0;1;0;1;0;0;;;;;0;;;;;;;1;1;0;0;0;1;0;0;0;0;0;0;1;0;0;0;1;1;0;1;0;0;0;0;0;0;0;1;1;0;0;0;1;1;0;484;0;0;0;0;0;0;0;0;0;0;0;0;0;0;0;0;0;0;0;0;0;0;0;0;0;0;0;0;0;0;0;0;0;484;484;45;439;0;0;0;0;0;0;0;0;0;0;7;7;0;349;135;119;249;13;99;4;0;0;0;0;0;15;469;188;296;0;0;0;0;0;0;0;0;470;14;0;0;0;0;26;0;0;0;0;0;0;0;26;26;0;0;0;5;5;0;34;0;0;0;0;0;0;0;34;34;0;0;0;7;7;0;16;18;0;0;0;0;0;0;0;0
2023;Sudeste;3;São Paulo;SP;35;Jaú;3525300;Bauru;3503;Jaú;350010;Bauru;3504;Jaú;35021;352530005;SENAC JAU;35149068;4;1;1;0;RUA SAO SEBASTIAO;145;RUA;VILA ASSIS;17210060;14;21046400;1;15000;03FEB23:00:00:00;15DEC23:00:00:00;;;;;0;;;;;;;;;;;;;;;;;;;;0;0;0;0;0;1;0;3,70981E+12;1E+14;1;2;;;1;1;0;0;0;0;;0;0;0;1;1;0;0;0;0;1;0;0;0;1;0;0;0;0;1;0;0;0;0;1;1;1;0;1;0;1;1;0;1;1;0;1;1;1;0;0;0;0;1;1;1;0;0;0;0;0;0;0;0;0;0;0;0;0;1;0;1;0;1;0;0;0;0;1;0;1;1;1;1;1;1;0;14;0;14;14;14;0;1;1;1;1;1;0;1;1;1;1;1;1;1;3;1;88888;1;70;1;25;1;4;1;1;1;1;1;1;1;3;1;1;18;1;5;1;3;1;11;0;0;0;0;0;0;0;0;0;0;1;1;1;1;1;4;1;10;1;1;0;0;1;1;0;1;0;1;1;0;1;0;1;0;0;0;1;1;0;0;;;;;0;;;;;;;1;0;1;0;0;1;0;0;0;1;0;0;1;0;0;0;1;1;0;1;0;0;0;0;0;0;0;1;1;0;0;0;1;1;0;511;0;0;0;0;0;0;0;0;0;0;0;0;0;0;0;0;0;0;0;0;0;0;0;0;0;0;0;0;0;0;0;0;0;511;511;24;487;0;0;0;0;0;0;0;0;0;0;10;10;0;365;146;142;280;13;72;3;1;0;0;0;0;15;496;211;300;0;0;0;0;0;0;0;0;501;10;0;0;0;0;24;0;0;0;0;0;0;0;24;24;0;0;0;12;12;0;33;0;0;0;0;0;0;0;33;33;0;0;0;8;8;0;16;17;0;0;0;0;0;0;0;0
2023;Sudeste;3;São Paulo;SP;35;Votuporanga;3557105;São José do Rio Preto;3507;Votuporanga;350027;São José do Rio Preto;3501;Votuporanga;35003;355710505;SENAC VOTUPORANGA;35149073;4;1;1;0;GUAPORE;3221;RUA;SANTA LUZIA;15500086;17;34266700;1;15000;03FEB23:00:00:00;15DEC23:00:00:00;;;;;0;;;;;;;;;;;;;;;;;;;;0;0;0;0;0;1;0;1E+14;1E+14;1;2;;;1;3;0;0;0;0;;0;0;0;1;1;0;0;0;0;1;0;0;0;1;0;0;0;0;1;0;0;0;0;0;0;0;1;1;0;0;1;0;1;0;0;0;0;1;0;0;0;0;1;0;1;1;0;0;0;0;0;0;0;0;0;0;0;0;1;0;1;0;1;0;0;0;0;0;0;0;0;0;0;0;0;1;7;0;7;0;0;1;1;1;1;1;0;0;1;1;1;5;1;3;1;9;0;0;1;10;1;7;1;1;1;1;1;1;1;1;0;0;1;1;22;0;0;0;0;0;0;0;0;0;0;0;0;0;0;0;0;1;1;1;1;0;0;0;0;1;1;0;0;0;0;0;0;0;0;1;0;0;0;0;0;0;0;0;0;0;0;;;;;0;;;;;;;1;1;0;0;0;0;0;0;1;1;0;0;1;0;0;0;1;1;0;1;0;0;0;0;0;0;0;1;1;0;0;0;1;1;0;294;0;0;0;0;0;0;0;0;0;0;0;0;0;0;0;0;0;0;0;0;0;0;0;0;0;0;0;0;0;0;0;0;0;294;294;3;291;0;0;0;0;0;0;0;0;0;0;2;2;0;216;78;82;155;9;46;1;1;0;0;0;0;6;288;132;162;0;0;0;0;0;0;0;0;278;16;0;0;0;0;8;0;0;0;0;0;0;0;8;8;0;0;0;3;3;0;17;0;0;0;0;0;0;0;17;17;0;0;0;2;2;0;8;9;0;0;0;0;0;0;0;0
2023;Sudeste;3;São Paulo;SP;35;São Paulo;3550308;São Paulo;3501;São Paulo;350001;Metropolitana de São Paulo;3515;São Paulo;35061;355030848;SENAC LAPA FAUSTOLO;35149081;4;1;1;0;RUA FAUSTOLO;1347;RUA;LAPA;5041001;11;21859800;1;15000;03FEB23:00:00:00;15DEC23:00:00:00;;;;;0;;;;;;;;;;;;;;;;;;;;0;0;0;0;0;1;0;1E+14;1E+14;1;2;;;1;1;0;0;0;0;;0;0;0;1;1;0;0;0;0;1;0;0;0;1;0;0;0;0;1;0;0;0;0;1;0;0;0;1;0;1;1;0;1;0;1;1;1;1;0;0;0;0;1;0;0;1;0;0;0;0;0;1;0;0;0;0;0;0;1;1;1;0;1;0;0;0;0;1;1;1;0;0;0;1;1;0;14;0;14;14;14;1;1;1;1;1;1;0;1;4;1;1;1;5;1;14;1;14;1;39;1;57;1;8;1;1;1;1;1;1;0;3;1;1;14;1;6;1;4;0;0;1;4;0;0;0;0;0;0;0;0;1;1;1;1;1;3;1;2;1;1;0;0;0;0;0;1;0;0;1;0;1;0;1;0;0;1;1;0;0;0;;;;;0;;;;;;;1;1;1;0;0;1;0;0;0;0;0;0;1;0;0;0;1;1;0;1;0;0;0;0;0;0;0;1;1;0;0;0;1;1;0;429;0;0;0;0;0;0;0;0;0;0;0;0;0;0;0;0;0;0;0;0;0;0;0;0;0;0;0;0;0;0;0;0;0;429;429;9;420;0;0;0;0;0;0;0;0;0;0;2;2;0;333;96;161;166;25;74;2;1;0;0;0;0;12;417;306;123;0;0;0;0;0;0;0;0;423;6;0;0;0;0;11;0;0;0;0;0;0;0;11;11;0;0;0;2;2;0;19;0;0;0;0;0;0;0;19;19;0;0;0;2;2;0;14;5;0;0;0;0;0;0;0;0
2023;Sudeste;3;São Paulo;SP;35;São Paulo;3550308;São Paulo;3501;São Paulo;350001;Metropolitana de São Paulo;3515;São Paulo;35061;355030837;SENAC ITAQUERA;35149100;4;1;1;0;AVENIDA ITAQUERA;8266;AVENIDA;ITAQUERA;8295000;11;21859200;1;15000;03FEB23:00:00:00;15DEC23:00:00:00;;;;;0;;;;;;;;;;;;;;;;;;;;0;0;0;0;0;1;0;1E+14;1E+14;1;2;;;1;1;0;0;0;0;;0;0;0;1;1;0;0;0;0;1;0;0;0;1;0;0;0;0;1;0;0;0;0;1;0;0;0;1;0;1;1;0;1;0;1;1;1;0;0;0;0;0;1;0;0;0;0;0;0;0;0;0;0;0;0;0;0;0;0;0;1;0;1;0;0;0;0;1;1;1;0;0;0;1;1;0;15;0;15;15;0;0;1;1;1;1;1;0;0;0;0;0;1;7;1;10;0;0;1;235;1;140;1;15;1;1;1;1;1;1;0;3;1;1;88888;0;0;0;0;0;0;0;0;0;0;0;0;0;0;0;0;0;0;0;0;0;0;0;0;0;0;0;0;0;0;0;1;0;0;1;0;1;1;1;0;0;0;0;0;0;0;;;;;0;;;;;;;0;0;0;0;0;1;0;0;0;1;0;0;1;0;0;0;1;1;0;1;0;0;0;0;0;0;0;1;1;0;0;0;1;1;0;496;0;0;0;0;0;0;0;0;0;0;0;0;0;0;0;0;0;0;0;0;0;0;0;0;0;0;0;0;0;0;0;0;0;496;496;33;463;0;0;0;0;0;0;0;0;0;0;2;2;0;296;200;259;140;17;79;1;0;0;0;0;0;34;462;321;175;0;0;0;0;0;0;0;0;490;6;0;0;0;0;22;0;0;0;0;0;0;0;22;22;0;0;0;2;2;0;25;0;0;0;0;0;0;0;25;25;0;0;0;2;2;0;16;9;0;0;0;0;0;0;0;0
2023;Sudeste;3;São Paulo;SP;35;Rio Claro;3543907;Campinas;3510;Rio Claro;350046;Piracicaba;3506;Rio Claro;35026;354390705;SENAC RIO CLARO;35149111;4;1;1;0;AVENIDA DOIS;720;AVENIDA;CENTRO;13500411;19;21123400;1;15000;03FEB23:00:00:00;15DEC23:00:00:00;;;;;0;;;;;;;;;;;;;;;;;;;;0;0;0;0;0;1;0;3,70981E+12;3,70981E+12;1;2;;;1;3;0;0;0;0;;0;1;0;1;1;0;0;0;0;1;0;0;0;1;0;0;0;0;1;0;0;1;0;1;0;1;0;1;0;1;1;0;1;0;0;1;1;0;0;0;0;0;1;0;0;1;0;0;0;0;0;0;0;0;0;0;0;0;1;0;1;0;1;0;0;0;0;1;1;1;1;1;0;1;1;0;12;1;13;13;13;1;1;0;0;1;0;0;0;0;1;3;1;1;1;6;1;88888;1;52;1;15;0;0;1;1;1;1;1;1;1;3;1;1;16;1;5;1;3;1;88888;0;0;0;0;0;0;0;0;0;0;1;3;1;1;1;4;1;2;1;2;0;0;0;0;0;1;0;0;1;1;1;1;0;0;0;1;0;0;0;0;;;;;0;;;;;;;1;1;1;0;0;1;0;1;0;0;0;0;1;0;0;0;1;1;0;1;0;0;0;0;0;0;0;1;1;0;0;0;1;1;0;395;0;0;0;0;0;0;0;0;0;0;0;0;0;0;0;0;0;0;0;0;0;0;0;0;0;0;0;0;0;0;0;0;0;395;395;17;378;0;0;0;0;0;0;0;0;0;0;1;1;0;273;122;130;181;15;68;0;1;0;0;0;0;13;382;253;142;0;0;0;0;0;0;0;0;379;16;0;0;0;0;17;0;0;0;0;0;0;0;17;17;0;0;0;1;1;0;27;0;0;0;0;0;0;0;27;27;0;0;0;1;1;0;17;10;0;0;0;0;0;0;0;0
2023;Sudeste;3;São Paulo;SP;35;São João da Boa Vista;3549102;Campinas;3510;São João da Boa Vista;350044;Campinas;3507;São João da Boa Vista;35030;354910205;SENAC SAO JOAO DA BOA VISTA;35149123;4;1;1;0;RUA SAO JOAO;204;RUA;CENTRO;13870222;19;33661100;1;15000;03FEB23:00:00:00;15DEC23:00:00:00;;;;;0;;;;;;;;;;;;;;;;;;;;0;0;0;0;0;1;0;1E+14;1E+14;1;2;;;1;3;0;0;0;0;;0;0;0;1;1;0;0;0;0;1;0;0;0;1;0;0;0;0;1;0;0;0;0;1;0;1;0;0;0;1;1;0;1;0;0;1;1;1;1;0;0;0;1;0;0;0;0;0;0;0;0;0;0;0;0;0;0;0;1;0;1;0;1;0;0;0;0;0;0;0;0;0;0;0;0;1;6;0;6;6;0;1;1;0;1;1;1;0;0;0;0;0;1;4;1;5;1;6;1;29;1;45;1;2;1;1;1;1;1;1;1;3;1;1;18;1;5;1;3;1;88888;0;0;0;0;0;0;0;0;0;0;1;1;1;1;0;0;1;88888;1;1;0;0;0;0;0;1;0;1;1;1;1;1;1;1;0;1;0;0;0;0;;;;;0;;;;;;;1;0;1;0;0;1;0;0;0;0;0;0;1;0;0;0;1;1;0;1;0;0;0;0;0;0;0;1;1;0;0;0;0;0;0;185;0;0;0;0;0;0;0;0;0;0;0;0;0;0;0;0;0;0;0;0;0;0;0;0;0;0;0;0;0;0;0;0;0;185;185;10;175;0;0;0;0;0;0;0;0;0;0;0;0;0;147;38;53;106;4;22;0;0;0;0;0;0;13;172;74;111;0;0;0;0;0;0;0;0;173;12;0;0;0;0;12;0;0;0;0;0;0;0;12;12;0;0;0;0;0;0;13;0;0;0;0;0;0;0;13;13;0;0;0;0;0;0;5;8;0;0;0;0;0;0;0;0
2023;Sudeste;3;São Paulo;SP;35;São Paulo;3550308;São Paulo;3501;São Paulo;350001;Metropolitana de São Paulo;3515;São Paulo;35061;355030859;SENAC PENHA;35149135;4;1;1;0;RUA FRANCISCO COIMBRA PENHA;403;RUA;PENHA;3639000;11;21350300;1;15000;03FEB23:00:00:00;15DEC23:00:00:00;;;;;0;;;;;;;;;;;;;;;;;;;;0;0;0;0;0;1;0;1E+14;1E+14;1;2;;;1;1;0;0;0;0;;0;0;0;1;1;0;0;0;0;1;0;0;0;1;0;0;0;0;1;0;0;0;0;1;0;1;0;0;1;1;1;0;1;0;1;1;1;1;1;0;0;0;1;1;1;1;0;0;0;0;0;0;0;0;0;0;0;0;1;0;1;0;1;0;0;0;0;1;1;1;1;0;0;0;0;0;17;0;17;17;17;0;1;0;1;1;1;0;0;0;1;1;1;2;1;14;1;16;1;122;1;20;0;0;1;1;1;1;1;1;1;3;1;1;27;1;10;1;1;0;0;0;0;0;0;0;0;0;0;1;2;1;3;1;1;1;6;1;41;1;1;0;0;0;0;0;1;0;0;1;0;1;1;0;0;0;0;0;0;0;0;;;;;0;;;;;;;1;0;0;0;0;1;0;0;0;1;0;0;1;0;0;0;1;1;0;1;0;0;0;0;0;0;0;1;1;0;0;0;1;1;0;569;0;0;0;0;0;0;0;0;0;0;0;0;0;0;0;0;0;0;0;0;0;0;0;0;0;0;0;0;0;0;0;0;0;569;569;35;534;0;0;0;0;0;0;0;0;0;0;3;3;0;364;205;311;147;19;90;2;0;0;0;0;0;34;535;318;251;0;0;0;0;0;0;0;0;567;2;0;0;0;0;21;0;0;0;0;0;0;0;21;21;0;0;0;3;3;0;26;0;0;0;0;0;0;0;26;26;0;0;0;3;3;0;15;11;0;0;0;0;0;0;0;0
2023;Sudeste;3;São Paulo;SP;35;Jaboticabal;3524303;Ribeirão Preto;3508;Ribeirão Preto;350031;Ribeirão Preto;3502;Jaboticabal;35013;352430305;SENAC JABOTICABAL;35149159;4;1;1;0;RUA 24 DE MAIO;831;RUA;CENTRO;14870350;16;32092800;1;15000;02JAN23:00:00:00;22DEC23:00:00:00;;;;;0;;;;;;;;;;;;;;;;;;;;1;0;0;0;0;0;0;3,70981E+12;3,70981E+12;1;2;;;1;3;0;0;0;0;;0;0;0;1;1;0;0;0;0;1;0;0;0;1;0;0;0;0;1;0;0;0;0;0;0;0;1;0;1;1;1;0;1;1;1;1;1;1;1;0;0;0;1;0;0;0;0;0;0;0;0;0;0;0;0;0;0;0;1;0;1;0;1;0;0;0;0;1;1;1;1;1;0;1;1;0;13;0;13;13;13;1;1;1;1;1;1;0;0;0;1;1;1;3;1;10;1;15;1;64;1;64;1;4;1;1;1;1;0;1;0;3;1;1;17;1;4;1;3;0;0;0;0;0;0;0;0;0;0;0;0;1;1;1;1;1;4;1;27;1;2;0;0;0;0;0;0;0;0;1;0;1;1;1;0;0;0;0;0;0;0;;;;;0;;;;;;;1;0;0;0;0;0;0;0;1;0;0;0;1;0;0;0;1;1;0;1;0;0;0;0;0;0;0;1;1;0;0;0;1;1;0;404;0;0;0;0;0;0;0;0;0;0;0;0;0;0;0;0;0;0;0;0;0;0;0;0;0;0;0;0;0;0;0;0;0;404;404;33;371;0;0;0;0;0;0;0;0;0;0;2;2;0;262;142;122;187;10;83;2;0;0;0;0;0;29;375;170;234;0;0;0;0;0;0;0;0;394;10;0;0;0;0;15;0;0;0;0;0;0;0;15;15;0;0;0;2;2;0;22;0;0;0;0;0;0;0;22;22;0;0;0;2;2;0;10;12;0;0;0;0;0;0;0;0
2023;Sudeste;3;São Paulo;SP;35;São Paulo;3550308;São Paulo;3501;São Paulo;350001;Metropolitana de São Paulo;3515;São Paulo;35061;355030816;SENAC NACOES UNIDAS;35269025;4;1;1;0;EUSEBIO STEVAUX ENGENHEIRO;823;AVENIDA;JURUBATUBA;4696000;11;56827300;1;15000;03FEB23:00:00:00;15DEC23:00:00:00;;;;;0;;;;;;;;;;;;;;;;;;;;0;0;0;0;0;1;0;1E+14;1E+14;1;2;;;1;1;0;0;0;0;;0;0;0;1;1;0;0;0;0;1;0;0;0;1;0;0;0;0;1;0;0;0;0;0;0;0;1;0;0;1;1;0;1;0;0;1;1;0;0;0;0;0;0;0;0;1;0;0;1;1;1;0;0;0;0;0;0;0;1;0;1;0;1;0;0;0;0;0;0;0;0;0;0;0;0;1;90;0;90;0;0;0;1;0;1;1;0;0;0;0;1;8;0;0;0;0;0;0;1;19;0;0;1;14;1;1;1;1;1;1;1;3;1;1;11;1;3;1;1;1;3;1;2;0;0;0;0;0;0;0;0;1;1;1;1;1;3;1;2;0;0;0;0;0;0;0;1;0;1;1;0;0;1;0;1;0;0;0;0;0;0;;;;;0;;;;;;;1;1;1;0;0;0;0;0;1;0;0;0;1;0;0;0;1;0;0;1;0;0;0;0;0;0;0;1;1;0;0;0;1;1;0;2144;0;0;0;0;0;0;0;0;0;0;0;0;0;0;0;0;0;0;0;0;0;0;0;0;0;0;0;0;0;0;0;0;0;2144;2144;16;2128;0;0;0;0;0;0;0;0;0;0;39;39;0;935;1209;647;1222;35;226;13;1;0;0;0;44;1961;139;2144;0;0;0;0;0;0;0;0;0;2126;18;0;0;0;0;57;0;0;0;0;0;0;0;57;57;0;0;0;32;32;0;56;0;0;0;0;0;0;0;56;56;0;0;0;30;30;0;56;0;0;0;0;0;0;0;0;0
2023;Sudeste;3;São Paulo;SP;35;São Paulo;3550308;São Paulo;3501;São Paulo;350001;Metropolitana de São Paulo;3515;São Paulo;35061;355030848;SENAC LAPA TITO;35287258;4;1;1;0;TITO;54;RUA;VILA ROMANA;5051000;11;28885500;1;15000;03FEB23:00:00:00;15DEC23:00:00:00;;;;;0;;;;;;;;;;;;;;;;;;;;0;0;0;0;0;1;0;1E+14;1E+14;1;2;;;1;1;0;0;0;0;;0;0;0;1;1;0;0;0;0;1;0;0;0;1;0;0;0;0;1;0;0;0;0;1;0;1;0;1;0;0;1;0;1;0;1;1;1;0;0;0;0;0;1;0;0;1;0;0;0;0;0;1;0;0;0;0;0;0;1;0;1;0;1;0;0;0;0;1;1;1;1;0;0;1;1;0;43;0;43;43;43;1;1;1;1;1;0;0;0;0;0;0;1;6;1;41;1;88888;1;798;1;251;1;13;1;1;1;1;0;1;1;3;1;1;43;1;17;1;6;0;0;1;8;0;0;0;0;0;0;0;0;1;2;1;1;1;6;0;0;1;1;0;0;0;0;0;0;0;0;0;0;1;1;1;0;0;0;0;0;0;0;;;;;0;;;;;;;0;0;1;0;0;1;0;0;0;0;0;0;1;0;0;0;1;1;0;1;0;0;0;0;0;0;0;1;1;0;0;0;1;1;0;977;0;0;0;0;0;0;0;0;0;0;0;0;0;0;0;0;0;0;0;0;0;0;0;0;0;0;0;0;0;0;0;0;0;977;977;71;906;0;0;0;0;0;0;0;0;0;0;10;10;0;414;563;411;351;31;183;1;0;0;0;0;0;67;910;461;516;0;0;0;0;0;0;0;0;966;11;0;0;0;0;15;0;0;0;0;0;0;0;15;15;0;0;0;6;6;0;50;0;0;0;0;0;0;0;50;50;0;0;0;8;8;0;25;25;0;0;0;0;0;0;0;0
2023;Sudeste;3;São Paulo;SP;35;Itu;3523909;Sorocaba;3502;Sorocaba;350003;Macro Metropolitana Paulista;3512;Sorocaba;35046;352390905;SENAC ITU;35287261;4;1;1;0;RUA MAESTRO JOSE VICTORIO;137;RUA;CENTRO;13300075;11;40229800;1;15000;03FEB23:00:00:00;15DEC23:00:00:00;;;;;0;;;;;;;;;;;;;;;;;;;;0;0;0;0;0;1;0;1E+14;1E+14;1;2;;;1;3;0;0;0;0;;0;1;0;1;1;0;0;0;0;1;0;0;0;1;0;0;0;0;1;0;0;0;0;1;0;0;0;0;0;0;1;0;1;0;0;0;0;0;0;0;0;0;1;0;0;0;0;0;0;0;0;0;0;0;0;0;0;0;0;0;0;0;1;0;0;0;0;0;0;0;0;0;0;0;0;1;6;0;6;0;0;0;1;0;0;1;0;0;0;0;1;6;0;0;1;2;0;0;1;42;0;0;0;0;1;1;1;1;0;1;1;3;1;1;7;1;3;1;1;0;0;0;0;0;0;0;0;0;0;0;0;0;0;0;0;1;1;1;8;1;1;0;0;0;0;0;1;0;0;1;0;1;0;0;0;0;0;0;0;0;0;;;;;0;;;;;;;1;0;0;0;0;1;0;0;0;0;0;0;1;0;0;0;1;1;0;1;0;0;0;0;0;0;0;1;1;0;0;0;1;1;0;132;0;0;0;0;0;0;0;0;0;0;0;0;0;0;0;0;0;0;0;0;0;0;0;0;0;0;0;0;0;0;0;0;0;132;132;2;130;0;0;0;0;0;0;0;0;0;0;1;1;0;92;40;52;48;6;25;1;0;0;0;0;0;2;130;64;68;0;0;0;0;0;0;0;0;128;4;0;0;0;0;4;0;0;0;0;0;0;0;4;4;0;0;0;1;1;0;6;0;0;0;0;0;0;0;6;6;0;0;0;1;1;0;3;3;0;0;0;0;0;0;0;0
2023;Sudeste;3;São Paulo;SP;35;São Paulo;3550308;São Paulo;3501;São Paulo;350001;Metropolitana de São Paulo;3515;São Paulo;35061;355030849;SENAC ACLIMACAO;35449477;4;1;1;0;PIRES DA MOTA;838;RUA;ACLIMACAO;1529000;11;37951299;1;15000;03FEB23:00:00:00;15DEC23:00:00:00;;;;;0;;;;;;;;;;;;;;;;;;;;0;0;0;0;0;1;0;1E+14;1E+14;1;2;;;1;1;0;0;0;0;;0;0;0;1;1;0;0;0;0;1;0;0;0;1;0;0;0;0;1;0;0;0;0;1;0;0;0;0;0;1;1;0;1;0;1;1;1;1;1;0;0;0;1;0;0;1;0;0;0;0;0;1;0;0;0;0;0;0;1;1;1;0;1;0;0;0;0;0;0;0;0;0;0;0;0;1;27;0;27;0;0;1;1;1;1;1;1;0;1;1;1;8;1;6;1;25;0;0;1;143;1;247;1;5;1;1;1;1;1;1;1;3;1;1;60;1;23;1;1;0;0;0;0;0;0;0;0;0;0;1;7;1;1;1;1;1;6;1;7;1;2;0;0;0;0;0;1;0;1;1;0;1;1;0;1;0;1;0;0;0;0;;;;;0;;;;;;;1;1;1;0;0;1;0;0;0;0;0;0;1;0;0;0;1;1;0;1;0;0;0;0;0;0;0;1;1;0;0;0;1;1;0;827;0;0;0;0;0;0;0;0;0;0;0;0;0;0;0;0;0;0;0;0;0;0;0;0;0;0;0;0;0;0;0;0;0;827;827;16;811;0;0;0;0;0;0;0;0;0;0;9;9;0;524;303;381;328;16;97;5;0;0;0;0;9;290;528;575;252;0;0;0;0;0;0;0;0;825;2;0;0;0;0;23;0;0;0;0;0;0;0;23;23;0;0;0;5;5;0;39;0;0;0;0;0;0;0;39;39;0;0;0;7;7;0;27;12;0;0;0;0;0;0;0;0
2023;Sudeste;3;São Paulo;SP;35;São Paulo;3550308;São Paulo;3501;São Paulo;350001;Metropolitana de São Paulo;3515;São Paulo;35061;355030823;SENAC JARDIM PRIMAVERA;35463536;4;1;1;0;RUA MANOEL ALVES SOARES;1100;AVENIDA;INTERLAGOS;4821270;11;56629300;1;15000;03FEB23:00:00:00;15DEC23:00:00:00;;;;;0;;;;;;;;;;;;;;;;;;;;0;0;0;0;0;1;0;1E+14;1E+14;1;2;;;1;3;0;0;0;0;;0;0;0;1;1;0;0;0;0;1;0;0;0;1;0;0;0;0;1;0;0;0;0;1;0;1;0;1;0;0;1;0;0;0;1;1;1;0;0;0;0;0;1;0;0;0;0;0;0;0;0;0;0;0;0;0;0;0;0;0;1;0;0;0;0;0;0;0;0;0;0;0;0;0;0;1;5;0;5;0;0;1;1;0;1;1;0;0;0;0;0;0;1;2;1;6;0;0;1;35;1;20;1;1;1;1;1;1;1;1;1;3;1;1;8;1;3;1;2;0;0;0;0;0;0;0;0;0;0;0;0;1;1;1;1;1;5;1;12;1;5;0;0;0;0;0;1;0;0;1;0;1;0;0;0;0;0;1;0;0;0;;;;;0;;;;;;;1;0;0;0;0;1;0;0;0;1;0;0;1;0;0;0;0;1;0;1;0;0;0;0;0;0;0;1;1;0;0;0;0;0;0;160;0;0;0;0;0;0;0;0;0;0;0;0;0;0;0;0;0;0;0;0;0;0;0;0;0;0;0;0;0;0;0;0;0;160;160;5;155;0;0;0;0;0;0;0;0;0;0;0;0;0;112;48;70;47;6;37;0;0;0;0;0;0;4;156;0;160;0;0;0;0;0;0;0;0;160;0;0;0;0;0;4;0;0;0;0;0;0;0;4;4;0;0;0;0;0;0;4;0;0;0;0;0;0;0;4;4;0;0;0;0;0;0;0;4;0;0;0;0;0;0;0;0
2023;Sudeste;3;São Paulo;SP;35;Bertioga;3506359;São Paulo;3501;Santos;350002;Metropolitana de São Paulo;3515;Santos;35063;350635905;SENAC BERTIOGA;35463656;4;1;1;0;RUA PASTOR DJALMA DA SILVA COIMBRA;;;RIO DA PRAIA;11256085;13;33199260;1;15000;03FEB23:00:00:00;15DEC23:00:00:00;;;;;0;;;;;;;;;;;;;;;;;;;;0;0;0;0;0;1;0;1E+14;1E+14;1;2;;;1;3;0;0;0;0;;0;0;0;1;1;0;0;0;0;1;0;0;0;1;0;0;0;0;1;0;0;0;0;1;1;1;0;1;0;0;1;0;1;0;0;1;1;0;0;0;0;0;1;0;0;0;0;0;0;0;0;0;0;0;0;0;0;0;0;0;1;0;1;0;0;0;0;0;0;0;0;0;0;0;0;1;6;0;6;0;0;0;1;0;1;1;1;0;1;1;1;1;1;1;1;6;0;0;1;31;1;23;0;0;1;1;1;1;1;1;1;2;1;1;6;1;2;1;2;0;0;0;0;0;0;0;0;0;0;0;0;1;1;1;1;0;0;1;1;0;0;0;0;0;0;0;1;0;0;1;0;1;1;0;1;0;1;0;0;0;0;;;;;0;;;;;;;1;1;1;0;0;1;0;0;0;1;0;0;1;0;0;0;1;1;0;1;0;0;0;0;0;0;0;1;1;0;0;0;1;1;0;195;0;0;0;0;0;0;0;0;0;0;0;0;0;0;0;0;0;0;0;0;0;0;0;0;0;0;0;0;0;0;0;0;0;195;195;40;155;0;0;0;0;0;0;0;0;0;0;2;2;0;111;84;65;70;8;52;0;0;0;0;0;0;39;156;107;88;0;0;0;0;0;0;0;0;190;5;0;0;0;0;4;0;0;0;0;0;0;0;4;4;0;0;0;1;1;0;12;0;0;0;0;0;0;0;12;12;0;0;0;1;1;0;6;6;0;0;0;0;0;0;0;0
2023;Sudeste;3;São Paulo;SP;35;Taboão da Serra;3552809;São Paulo;3501;São Paulo;350001;Metropolitana de São Paulo;3515;Itapecerica da Serra;35060;355280905;SENAC TABOAO DA SERRA;35563390;4;1;1;0;SALVADOR BRANCO DE ANDRADE;182;RUA;JARDIM SAO MIGUEL;6760100;11;42452000;1;15000;03FEB23:00:00:00;15DEC23:00:00:00;;;;;0;;;;;;;;;;;;;;;;;;;;0;0;0;0;0;1;0;3,70981E+12;3,70981E+12;1;2;;;1;1;0;0;0;0;;0;0;0;1;1;0;0;0;0;1;1;1;0;1;0;0;0;0;1;0;0;0;0;0;0;1;0;1;0;1;1;0;1;0;0;1;1;0;0;0;0;0;0;0;1;0;0;0;0;0;0;0;0;0;0;0;0;0;1;0;1;0;0;0;0;0;0;0;1;1;0;1;0;0;0;0;23;0;23;0;0;1;1;1;1;1;1;0;1;1;1;28;1;4;1;28;0;0;1;260;1;26;1;4;1;1;1;1;0;1;1;2;1;1;7;1;9;1;4;0;0;0;0;0;0;0;0;0;0;0;0;1;1;1;1;0;0;1;57;0;0;0;0;0;0;0;1;0;0;1;0;1;0;0;0;0;0;0;0;0;0;;;;;0;;;;;;;1;0;0;0;0;0;0;0;1;1;0;0;1;0;0;0;1;1;0;1;0;0;0;0;0;0;0;1;1;0;0;0;1;1;0;919;0;0;0;0;0;0;0;0;0;0;0;0;0;0;0;0;0;0;0;0;0;0;0;0;0;0;0;0;0;0;0;0;0;919;919;83;836;0;0;0;0;0;0;0;0;0;0;7;7;0;584;335;397;279;21;215;6;1;0;0;0;0;77;842;534;385;0;0;0;0;0;0;0;0;905;14;0;0;0;0;22;0;0;0;0;0;0;0;22;22;0;0;0;6;6;0;43;0;0;0;0;0;0;0;43;43;0;0;0;6;6;0;26;17;0;0;0;0;0;0;0;0
2023;Sudeste;3;São Paulo;SP;35;São Bernardo do Campo;3548708;São Paulo;3501;São Paulo;350001;Metropolitana de São Paulo;3515;São Paulo;35061;354870805;SENAC SAO BERNARDO DO CAMPO;35569070;4;1;1;0;AVENIDA SENADOR VERGUEIRO;400;AVENIDA;CENTRO;9750000;;;1;15000;03FEB23:00:00:00;15DEC23:00:00:00;;;;;0;;;;;;;;;;;;;;;;;;;;1;0;0;0;0;0;0;1E+14;1E+14;1;2;;;1;1;0;0;0;0;;0;0;0;1;1;0;0;0;0;1;0;0;0;1;0;0;0;0;1;0;0;0;0;0;0;0;1;1;0;1;1;0;1;0;1;1;1;0;1;0;0;0;1;0;0;0;0;0;0;0;0;0;0;0;0;0;0;0;1;0;1;0;1;0;0;0;0;0;0;0;0;0;0;0;0;1;33;0;33;0;0;1;1;0;0;1;1;0;0;0;0;0;1;3;1;39;0;0;1;317;1;100;1;14;1;1;1;1;1;1;0;3;1;1;37;1;23;1;5;0;0;1;7;0;0;0;0;0;0;0;0;0;0;1;1;1;6;1;6;0;0;0;0;0;0;0;1;0;0;1;0;1;1;1;0;0;1;0;0;0;0;;;;;0;;;;;;;1;1;1;0;0;0;0;0;1;0;0;0;1;0;0;0;1;1;0;1;0;0;0;0;0;0;0;1;1;0;0;0;1;1;0;1647;0;0;0;0;0;0;0;0;0;0;0;0;0;0;0;0;0;0;0;0;0;0;0;0;0;0;0;0;0;0;0;0;0;1647;1647;99;1548;0;0;0;0;0;0;0;0;0;0;15;15;0;970;677;547;757;32;296;11;4;0;0;0;11;458;1178;1081;566;0;0;0;0;0;0;0;0;1632;15;0;0;0;0;42;0;0;0;0;0;0;0;42;42;0;0;0;13;13;0;55;0;0;0;0;0;0;0;55;55;0;0;0;14;14;0;34;21;0;0;0;0;0;0;0;0
2023;Sudeste;3;São Paulo;SP;35;Registro;3542602;Sorocaba;3502;Registro;350005;Litoral Sul Paulista;3514;Registro;35055;354260205;SENAC REGISTRO;35585701;4;1;1;0;RUA TEITI KOKI;SN;RUA;VILA FLORIDA;11900000;13;38281316;1;15000;03FEB23:00:00:00;15DEC23:00:00:00;;;;;0;;;;;;;;;;;;;;;;;;;;0;0;0;0;0;1;0;1E+14;1E+14;1;2;;;1;1;0;0;0;0;;0;0;0;1;1;0;0;0;0;1;0;0;0;1;0;0;0;0;1;0;0;0;0;1;0;0;0;1;0;1;1;0;1;0;1;1;1;0;0;0;0;0;0;0;0;0;0;0;0;0;0;0;0;0;0;0;0;0;1;0;1;0;1;0;0;0;0;0;0;0;0;0;0;0;0;1;20;0;20;0;0;0;1;1;1;1;0;0;1;3;0;0;1;6;0;0;0;0;1;200;0;0;0;0;1;1;1;1;1;1;1;2;1;1;27;1;8;1;4;0;0;1;3;0;0;0;0;0;0;0;0;1;1;1;1;0;0;1;32;1;1;0;0;0;0;0;1;1;0;1;0;1;0;0;0;1;1;1;0;0;0;;;;;0;;;;;;;1;1;0;0;0;0;0;0;1;0;0;0;1;0;0;0;1;1;0;1;0;0;0;0;0;0;0;1;1;0;0;0;1;1;0;934;0;0;0;0;0;0;0;0;0;0;0;0;0;0;0;0;0;0;0;0;0;0;0;0;0;0;0;0;0;0;0;0;0;934;934;136;798;0;0;0;0;0;0;0;0;0;0;8;8;0;642;292;317;427;13;171;6;0;0;0;0;0;128;806;559;375;0;0;0;0;0;0;0;0;784;150;0;0;0;0;32;0;0;0;0;0;0;0;32;32;0;0;0;9;9;0;48;0;0;0;0;0;0;0;48;48;0;0;0;8;8;0;31;17;0;0;0;0;0;0;0;0
2023;Sul;4;Paraná;PR;41;Londrina;4113700;Londrina;4105;Londrina;410021;Norte Central Paranaense;4103;Londrina;41011;411370005;UEPT 2 - UNIDADE DE EDUCACAO PRO E TECNOLOGICA DE LONDRINA CENTRO- SENAC;41152050;4;1;1;0;RUA RAPOSO TAVARES;894;;CENTRO;86010580;43;35725500;1;18;10JAN23:00:00:00;16DEC23:00:00:00;;;;;0;;;;;;;;;;;;;;;;;;;;0;0;0;0;0;1;0;3,54109E+12;3,54109E+12;1;1;;;1;1;0;0;0;0;;0;1;0;1;1;0;0;0;0;1;0;0;0;1;0;0;0;0;1;0;0;0;0;1;0;0;0;1;0;1;1;0;1;1;0;1;1;1;0;0;0;0;1;0;1;0;0;0;0;0;0;0;0;0;0;0;0;0;1;1;1;0;1;0;0;0;0;1;1;1;1;1;0;0;1;0;18;0;18;0;0;1;1;1;1;1;1;0;1;1;1;1;1;1;0;0;1;18;1;119;1;17;1;30;1;1;1;1;0;1;1;3;1;1;1;0;0;0;0;1;9;0;0;0;0;0;0;0;0;0;0;0;0;1;1;0;0;0;0;1;1;0;0;0;0;0;1;0;1;1;0;0;0;0;0;0;0;0;0;0;0;;;;;1;0;1;0;0;0;0;1;0;0;0;0;0;0;0;1;0;0;0;1;0;0;1;1;1;0;1;0;0;0;0;0;0;1;1;1;0;0;0;1;1;0;402;0;0;0;0;0;0;0;0;0;0;0;0;0;0;0;55;0;0;0;0;0;0;55;25;30;0;0;0;0;0;0;0;0;402;205;131;19;197;0;0;0;0;0;0;0;0;0;13;13;0;175;227;172;152;19;53;6;0;0;0;0;5;253;144;285;117;0;0;0;0;0;0;0;0;402;0;0;0;0;0;58;0;0;0;0;0;0;33;58;50;0;0;0;29;29;0;30;0;0;0;0;0;0;2;30;13;0;0;0;9;9;0;20;10;0;0;0;0;0;0;0;0
2023;Sul;4;Paraná;PR;41;Maringá;4115200;Maringá;4104;Maringá;410014;Norte Central Paranaense;4103;Maringá;41009;411520005;UEPT 3 - UNIDADE DE EDUCACAO PRO E TECNOLOGICA DE MARINGA- SENAC;41152069;4;1;1;0;AV COLOMBO;6225;ZONA 07;CENTRO;87020000;44;32185100;1;19;10JAN23:00:00:00;16DEC23:00:00:00;;;;;0;;;;;;;;;;;;;;;;;;;;0;0;0;0;0;1;0;3,54109E+12;3,54109E+12;1;1;;;1;1;0;0;0;0;;0;1;0;1;1;0;0;0;0;1;0;0;0;1;0;0;0;0;1;0;0;0;0;1;0;0;0;1;0;1;1;0;1;1;0;1;1;1;0;0;0;0;1;0;1;0;0;0;0;0;0;0;0;0;0;0;0;0;1;1;1;0;1;0;0;0;0;1;1;1;1;1;0;0;1;0;21;0;21;0;0;1;1;1;1;1;1;0;1;1;1;1;1;1;1;1;1;22;1;138;1;22;1;28;1;1;1;1;0;1;1;3;1;1;1;0;0;1;1;1;16;0;0;0;0;0;0;0;0;1;1;0;0;1;1;0;0;0;0;1;1;0;0;0;0;0;1;0;1;1;0;0;0;0;0;0;0;0;0;0;0;;;;;1;0;1;0;0;0;0;1;0;0;0;0;0;0;0;1;0;0;0;1;0;0;0;1;1;0;1;0;0;0;0;0;0;0;1;1;0;0;0;1;1;0;413;0;0;0;0;0;0;0;0;0;0;0;0;0;0;0;0;0;0;0;0;0;0;0;0;0;0;0;0;0;0;0;0;0;413;148;0;148;265;0;0;0;0;0;0;0;0;0;3;3;0;219;194;97;205;16;90;4;1;0;0;0;7;251;155;300;113;0;0;0;0;0;0;0;0;413;0;0;0;0;0;54;0;0;0;0;0;0;0;54;40;0;0;0;13;13;0;31;0;0;0;0;0;0;0;31;12;0;0;0;3;3;0;20;11;0;0;0;0;0;0;0;0
2023;Sul;4;Paraná;PR;41;Cascavel;4104808;Cascavel;4103;Cascavel;410006;Oeste Paranaense;4106;Cascavel;41023;410480805;UEPT 4 - UNIDADE DE EDUCACAO PRO E TECNOLOGICA DE CASCAVEL- SENAC;41152077;4;1;1;0;RUA RECIFE;2283;;CENTRO;85810031;45;33921200;1;6;10JAN23:00:00:00;16DEC23:00:00:00;;;;;0;;;;;;;;;;;;;;;;;;;;0;0;0;0;0;1;0;3,54109E+12;3,54109E+12;1;1;;;1;1;0;0;0;0;;0;1;0;1;1;0;0;0;0;1;0;0;0;1;0;0;0;0;1;0;0;0;0;1;0;0;0;1;0;1;1;0;1;1;0;1;1;1;0;0;0;0;1;0;1;0;0;0;0;0;0;0;0;0;0;0;0;0;1;1;1;0;1;0;0;0;0;1;1;1;1;1;0;0;1;0;13;0;13;0;0;1;1;1;1;1;1;0;1;1;1;1;1;1;1;2;1;14;1;71;0;0;0;0;1;1;1;1;0;1;1;3;1;1;1;0;0;1;1;1;11;0;0;0;0;0;0;0;0;0;0;0;0;1;1;0;0;0;0;1;1;0;0;0;0;0;1;0;1;1;0;0;0;0;0;0;0;0;0;0;0;;;;;1;0;1;0;0;0;0;1;0;0;0;0;0;0;0;1;0;0;0;1;0;0;0;1;1;0;1;0;0;0;0;0;0;0;1;1;0;0;0;1;1;0;316;0;0;0;0;0;0;0;0;0;0;0;0;0;0;0;0;0;0;0;0;0;0;0;0;0;0;0;0;0;0;0;0;0;316;169;5;164;147;0;0;0;0;0;0;0;0;0;1;1;0;210;106;225;61;4;23;3;0;0;0;0;11;130;175;210;106;0;0;0;0;0;0;0;0;316;0;0;0;0;0;55;0;0;0;0;0;0;0;55;49;0;0;0;15;15;0;20;0;0;0;0;0;0;0;20;9;0;0;0;1;1;0;14;6;0;0;0;0;0;0;0;0
2023;Sul;4;Paraná;PR;41;Apucarana;4101408;Londrina;4105;Apucarana;410023;Norte Central Paranaense;4103;Apucarana;41010;410140805;UEPT 5 - UNIDADE DE EDUCACAO PRO E TECNOLOGICA DE APUCARANA- SENAC;41152085;4;1;1;0;GASTAO VIDIGAL;185;;JABOTI;86800050;43;34202800;1;1;10JAN23:00:00:00;16DEC23:00:00:00;;;;;0;;;;;;;;;;;;;;;;;;;;0;0;0;0;0;1;0;3,54109E+12;3,54109E+12;1;1;;;1;1;0;0;0;0;;0;1;0;1;1;0;0;0;0;1;0;0;0;1;0;0;0;0;1;0;0;0;0;1;0;0;0;1;0;1;1;0;1;1;0;1;1;1;0;0;0;0;1;0;1;0;0;0;0;0;0;0;0;0;0;0;0;0;1;1;1;0;1;0;0;0;0;1;1;1;1;1;0;0;1;0;18;0;18;0;0;1;1;1;1;1;1;0;1;1;1;1;1;1;1;1;1;13;1;53;0;0;0;0;1;1;1;1;0;1;1;3;1;1;1;0;0;0;0;1;88888;0;0;0;0;0;0;0;0;0;0;0;0;1;1;0;0;0;0;1;1;0;0;0;0;0;1;0;1;1;0;0;0;0;0;0;0;0;0;0;0;;;;;1;0;1;0;0;0;0;1;0;0;0;0;0;0;0;1;0;0;0;1;0;0;0;1;1;0;1;0;0;0;0;0;0;0;1;1;0;0;0;1;1;0;175;0;0;0;0;0;0;0;0;0;0;0;0;0;0;0;0;0;0;0;0;0;0;0;0;0;0;0;0;0;0;0;0;0;175;85;0;85;90;0;0;0;0;0;0;0;0;0;4;4;0;106;69;91;59;6;19;0;0;0;0;0;4;80;91;91;84;0;0;0;0;0;0;0;0;175;0;0;0;0;0;43;0;0;0;0;0;0;0;43;36;0;0;0;9;9;0;18;0;0;0;0;0;0;0;18;7;0;0;0;3;3;0;9;9;0;0;0;0;0;0;0;0
2023;Sul;4;Paraná;PR;41;Foz do Iguaçu;4108304;Cascavel;4103;Foz do Iguaçu;410007;Oeste Paranaense;4106;Foz do Iguaçu;41024;410830405;UEPT 6 - UNIDADE DE EDUCACAO PRO E TECNOLOGICA DE FOZ DO IGUACU- SENAC;41152093;4;1;1;0;RUA JOAO ROUVER;160;;CENTRO;85851300;45;35216200;1;11;10JAN23:00:00:00;16DEC23:00:00:00;;;;;0;;;;;;;;;;;;;;;;;;;;0;0;0;0;0;1;0;3,54109E+12;3,54109E+12;1;1;;;1;1;0;0;0;0;;0;1;0;1;1;0;0;0;0;1;0;0;0;1;0;0;0;0;1;0;0;0;0;1;0;0;0;1;0;1;1;0;1;1;0;1;1;1;0;0;0;0;1;0;1;0;0;0;0;0;0;0;0;0;0;0;0;0;1;1;1;0;1;0;0;0;0;1;1;1;1;1;0;0;1;0;16;0;16;0;0;1;1;1;1;1;1;0;1;1;1;1;1;1;0;0;1;14;1;43;0;0;1;30;1;1;1;1;0;1;1;3;1;1;1;1;1;0;0;1;9;0;0;0;0;0;0;0;0;1;1;0;0;1;1;0;0;0;0;1;1;0;0;0;0;0;1;0;1;1;0;0;0;0;0;0;0;0;0;0;0;;;;;1;0;1;0;0;0;0;1;0;0;0;0;0;0;0;1;0;0;0;1;0;0;1;1;1;0;1;0;0;0;0;0;0;1;1;1;0;0;0;1;1;0;285;0;0;0;0;0;0;0;0;0;0;0;0;0;0;0;49;0;0;0;0;0;0;49;24;25;0;0;0;0;0;0;0;0;285;205;0;156;80;0;0;0;0;0;0;0;0;0;5;5;0;190;95;72;107;7;98;1;0;0;0;0;12;111;162;153;132;0;0;0;0;0;0;0;0;285;0;0;0;0;0;70;0;0;0;0;0;0;20;70;67;0;0;0;42;42;0;24;0;0;0;0;0;0;2;24;13;0;0;0;4;4;0;15;9;0;0;0;0;0;0;0;0
2023;Sul;4;Paraná;PR;41;Guarapuava;4109401;Guarapuava;4102;Guarapuava;410004;Centro-Sul Paranaense;4108;Guarapuava;41029;410940105;UEPT 7 - UNIDADE DE EDUCACAO PRO E TECNOLOGICA DE GUARAPUAVA- SENAC;41152107;4;1;1;0;RUA PADRE CHAGAS;3899;C P 787;CENTRO;85010020;42;36267500;1;14;10JAN23:00:00:00;16DEC23:00:00:00;;;;;0;;;;;;;;;;;;;;;;;;;;0;0;0;0;0;1;0;3,54109E+12;3,54109E+12;1;1;;;1;1;0;0;0;0;;0;1;0;1;1;0;0;0;0;1;0;0;0;1;0;0;0;0;1;0;0;0;0;1;0;0;0;1;0;1;1;0;1;1;0;1;1;1;0;0;0;0;1;0;1;0;0;0;0;0;0;0;0;0;0;0;0;0;1;1;1;0;1;0;0;0;0;1;1;1;1;1;0;0;1;0;9;0;9;0;0;1;1;1;1;1;1;0;1;1;1;1;1;1;1;3;1;10;1;38;0;0;0;0;1;1;1;1;0;1;1;3;1;1;1;0;0;0;0;1;8;0;0;0;0;0;0;0;0;0;0;0;0;1;1;0;0;0;0;1;1;0;0;0;0;0;1;0;1;1;0;0;0;0;0;0;0;0;0;0;0;;;;;1;0;1;0;0;0;0;1;0;0;0;0;0;0;0;1;0;0;0;1;0;0;0;1;1;0;1;0;0;0;0;0;0;0;1;1;0;0;0;1;1;0;235;0;0;0;0;0;0;0;0;0;0;0;0;0;0;0;0;0;0;0;0;0;0;0;0;0;0;0;0;0;0;0;0;0;235;100;0;100;135;0;0;0;0;0;0;0;0;0;5;5;0;123;112;55;114;6;59;1;0;0;0;0;2;120;113;154;81;0;0;0;0;0;0;0;0;235;0;0;0;0;0;40;0;0;0;0;0;0;0;40;35;0;0;0;10;10;0;19;0;0;0;0;0;0;0;19;7;0;0;0;4;4;0;12;7;0;0;0;0;0;0;0;0
2023;Sul;4;Paraná;PR;41;Ponta Grossa;4119905;Ponta Grossa;4106;Ponta Grossa;410027;Centro Oriental Paranaense;4105;Ponta Grossa;41021;411990505;UEPT 8 - UNIDADE DE EDUCACAO PRO E TECNOLOGICA DE PONTA GROSSA- SENAC;41152115;4;1;1;0;AV JOAO MANOEL DOS SANTOS RIBAS;313;;CENTRO;84051410;42;32286600;1;25;10JAN23:00:00:00;16DEC23:00:00:00;;;;;0;;;;;;;;;;;;;;;;;;;;0;0;0;0;0;1;0;3,54109E+12;3,54109E+12;1;1;;;1;1;0;0;0;0;;0;1;0;1;1;0;0;0;0;1;0;0;0;1;0;0;0;0;1;0;0;0;0;1;0;0;0;1;0;1;1;0;1;1;0;1;1;1;0;0;0;0;1;0;1;0;0;0;0;0;0;0;0;0;0;0;0;0;1;1;1;0;1;0;0;0;0;1;1;1;1;1;0;0;1;0;10;0;10;0;0;1;1;1;1;1;1;0;1;1;1;1;1;1;1;1;1;13;1;80;0;0;0;0;1;1;1;1;0;1;1;3;1;1;1;0;0;1;1;1;88888;0;0;0;0;0;0;0;0;0;0;0;0;1;1;0;0;0;0;1;1;0;0;0;0;0;1;0;1;1;0;0;0;0;0;0;0;0;0;0;0;;;;;1;0;1;0;0;0;0;1;0;0;0;0;0;0;0;1;0;0;0;1;0;0;0;1;1;0;1;0;0;0;0;0;0;0;1;1;0;0;0;1;1;0;280;0;0;0;0;0;0;0;0;0;0;0;0;0;0;0;0;0;0;0;0;0;0;0;0;0;0;0;0;0;0;0;0;0;280;160;0;160;120;0;0;0;0;0;0;0;0;0;4;4;0;183;97;24;201;6;48;1;0;0;0;0;1;99;180;196;84;0;0;0;0;0;0;0;0;280;0;0;0;0;0;47;0;0;0;0;0;0;0;47;33;0;0;0;17;17;0;31;0;0;0;0;0;0;0;31;10;0;0;0;4;4;0;24;7;0;0;0;0;0;0;0;0
2023;Sul;4;Paraná;PR;41;Pato Branco;4118501;Cascavel;4103;Pato Branco;410010;Sudoeste Paranaense;4107;Pato Branco;41027;411850105;UEPT 9 - UNIDADE DE EDUCACAO PRO E TECNOLOGICA DE PATO BRANCO- SENAC;41152123;4;1;1;0;AV TUPI;385;;BORTOT;85504000;46;32723700;1;23;10JAN23:00:00:00;16DEC23:00:00:00;;;;;0;;;;;;;;;;;;;;;;;;;;0;0;0;0;0;1;0;3,54109E+12;3,54109E+12;1;1;;;1;1;0;0;0;0;;0;1;0;1;1;0;0;0;0;1;0;0;0;1;0;0;0;0;1;0;0;0;0;1;0;0;0;1;0;1;1;0;1;1;0;1;1;1;0;0;0;0;1;0;1;0;0;0;0;0;0;0;0;0;0;0;0;0;1;1;1;0;1;0;0;0;0;1;1;1;1;1;0;0;1;0;16;0;16;0;0;1;1;1;1;1;1;0;1;1;1;1;1;1;1;1;1;14;1;63;0;0;0;0;1;1;1;1;0;1;1;3;1;1;1;0;0;1;1;1;88888;0;0;0;0;0;0;0;0;0;0;0;0;1;1;0;0;0;0;1;1;0;0;0;0;0;1;0;1;1;0;0;0;0;0;0;0;0;0;0;0;;;;;1;0;1;0;0;0;0;1;0;0;0;0;0;0;0;1;0;0;0;1;0;0;0;1;1;0;1;0;0;0;0;0;0;0;1;1;0;0;0;1;1;0;149;0;0;0;0;0;0;0;0;0;0;0;0;0;0;0;0;0;0;0;0;0;0;0;0;0;0;0;0;0;0;0;0;0;149;102;0;102;47;0;0;0;0;0;0;0;0;0;3;3;0;116;33;33;76;4;35;1;0;0;0;0;2;45;102;57;92;0;0;0;0;0;0;0;0;149;0;0;0;0;0;44;0;0;0;0;0;0;0;44;39;0;0;0;23;23;0;14;0;0;0;0;0;0;0;14;7;0;0;0;3;3;0;7;7;0;0;0;0;0;0;0;0
2023;Sul;4;Paraná;PR;41;Umuarama;4128104;Maringá;4104;Umuarama;410016;Noroeste Paranaense;4101;Umuarama;41002;412810405;UEPT 10 - UNIDADE DE EDUCACAO PRO E TECNOLOGICA DE UMUARAMA- SENAC;41152131;4;1;1;0;AV DUQUE DE CAXIAS;5238;;ARMAZEM;87504040;44;36215700;1;28;10JAN23:00:00:00;16DEC23:00:00:00;;;;;0;;;;;;;;;;;;;;;;;;;;0;0;0;0;0;1;0;3,54109E+12;3,54109E+12;1;1;;;1;1;0;0;0;0;;0;1;0;1;1;0;0;0;0;1;0;0;0;1;0;0;0;0;1;0;0;0;0;1;0;0;0;1;0;1;1;0;1;1;0;1;1;1;0;0;0;0;1;0;1;0;0;0;0;0;0;0;0;0;0;0;0;0;1;1;1;0;1;0;0;0;0;1;1;1;1;1;0;0;1;0;15;0;15;0;0;1;1;1;1;1;1;0;1;1;1;1;1;1;1;2;1;18;1;55;0;0;1;28;1;1;1;1;0;1;1;3;1;1;1;0;0;0;0;1;10;0;0;0;0;0;0;0;0;0;0;0;0;1;1;0;0;0;0;1;1;0;0;0;0;0;1;0;1;1;0;0;0;0;0;0;0;0;0;0;0;;;;;1;0;1;0;0;0;0;1;0;0;0;0;0;0;0;1;0;0;0;1;0;0;1;1;1;0;1;0;0;0;0;0;0;1;1;1;0;0;0;1;1;0;253;0;0;0;0;0;0;0;0;0;0;0;0;0;0;0;44;21;21;0;0;0;0;23;0;23;0;0;0;0;0;0;0;0;232;109;0;86;123;0;0;0;0;0;0;0;0;0;10;10;0;145;108;37;99;3;112;2;0;0;0;0;11;138;104;161;92;0;0;0;0;0;0;0;0;253;0;0;0;0;0;51;0;0;0;0;0;0;23;51;46;0;0;0;46;46;0;22;0;0;0;0;0;0;2;21;10;0;0;0;9;9;0;12;10;0;0;0;0;0;0;0;0
2023;Sul;4;Paraná;PR;41;Campo Mourão;4104303;Maringá;4104;Campo Mourão;410015;Centro Ocidental Paranaense;4102;Campo Mourão;41005;410430305;UEPT 11 - UNIDADE DE EDUCACAO PRO E TECNOLOGICA DE CAMPO MOURAO- SENAC;41152140;4;1;1;0;RUA SAO JOSAFAT;1651;;CENTRO;87302170;44;35185600;1;5;10JAN23:00:00:00;16DEC23:00:00:00;;;;;0;;;;;;;;;;;;;;;;;;;;0;0;0;0;0;1;0;3,54109E+12;3,54109E+12;1;1;;;1;1;0;0;0;0;;0;1;0;1;1;0;0;0;0;1;0;0;0;1;0;0;0;0;1;0;0;0;0;1;0;0;0;1;0;1;1;0;1;1;0;1;1;1;0;0;0;0;1;0;1;0;0;0;0;0;0;0;0;0;0;0;0;0;1;1;1;0;1;0;0;0;0;1;1;1;1;1;0;0;1;0;19;0;19;0;0;1;1;1;1;1;1;0;1;1;1;1;1;1;1;2;1;15;1;80;0;0;0;0;1;1;1;1;0;1;1;3;1;1;1;0;0;1;1;1;15;0;0;0;0;0;0;0;0;0;0;0;0;1;1;0;0;0;0;1;1;0;0;0;0;0;1;0;1;1;0;0;0;0;0;0;0;0;0;0;0;;;;;1;0;1;0;0;0;0;1;0;0;0;0;0;0;0;1;0;0;0;1;0;0;0;1;1;0;1;0;0;0;0;0;0;0;1;1;0;0;0;1;1;0;385;0;0;0;0;0;0;0;0;0;0;0;0;0;0;0;0;0;0;0;0;0;0;0;0;0;0;0;0;0;0;0;0;0;385;136;0;136;249;0;0;0;0;0;0;0;0;0;2;2;0;262;123;174;120;7;83;0;1;0;0;0;3;219;163;249;136;0;0;0;0;0;0;0;0;385;0;0;0;0;0;45;0;0;0;0;0;0;0;45;39;0;0;0;8;8;0;27;0;0;0;0;0;0;0;27;9;0;0;0;2;2;0;17;10;0;0;0;0;0;0;0;0
2023;Sul;4;Paraná;PR;41;Paranaguá;4118204;Curitiba;4101;Paranaguá;410002;Metropolitana de Curitiba;4110;Paranaguá;41038;411820405;UEPT 12 - UNIDADE DE EDUCACAO PRO E TECNOLOGICA DE PARANAGUA- SENAC;41152158;4;1;1;0;AL CORONEL ELYSIO PEREIRA;1191;;BAIRRO ESTRADINHA;83206000;41;34275900;1;21;10JAN23:00:00:00;16DEC23:00:00:00;;;;;0;;;;;;;;;;;;;;;;;;;;0;0;0;0;0;1;0;3,54109E+12;3,54109E+12;1;1;;;1;1;0;0;0;0;;0;1;0;1;1;0;0;0;0;1;0;0;0;1;0;0;0;0;1;0;0;0;0;1;0;0;0;1;0;1;1;0;1;1;0;1;1;1;0;0;0;0;1;0;1;0;0;0;0;0;0;0;0;0;0;0;0;0;1;1;1;0;1;0;0;0;0;1;1;1;1;1;0;0;1;0;12;0;12;0;0;1;1;1;1;1;1;0;1;1;1;1;1;1;1;1;1;14;1;41;1;19;0;0;1;1;1;1;0;1;1;3;1;1;1;0;0;0;0;1;6;0;0;0;0;0;0;0;0;0;0;0;0;1;1;0;0;0;0;1;1;0;0;0;0;0;1;0;1;1;0;0;0;0;0;0;0;0;0;0;0;;;;;1;0;1;0;0;0;0;1;0;0;0;0;0;0;0;1;0;0;0;1;0;0;0;1;1;0;1;0;0;0;0;0;0;0;1;1;0;0;0;1;1;1;315;0;0;0;0;0;0;0;0;0;0;0;0;0;0;0;0;0;0;0;0;0;0;0;0;0;0;0;0;0;0;0;0;0;315;223;0;223;92;0;0;0;0;0;0;0;0;0;5;4;1;233;82;60;164;15;75;1;0;0;0;0;3;73;239;172;143;0;0;0;0;0;0;0;0;315;0;0;0;0;0;46;0;0;0;0;0;0;0;46;40;0;0;0;28;27;3;26;0;0;0;0;0;0;0;26;14;0;0;0;5;4;1;18;8;0;0;0;0;0;0;0;0
2023;Sul;4;Paraná;PR;41;Paranavaí;4118402;Maringá;4104;Paranavaí;410017;Noroeste Paranaense;4101;Paranavaí;41001;411840205;UEPT 13 - UNIDADE DE EDUCACAO PRO E TECNOLOGICA DE PARANAVAI- SENAC;41152166;4;1;1;0;AV RIO GRANDE DO NORTE;1240;;CENTRO;87701020;44;34748400;1;22;10JAN23:00:00:00;16DEC23:00:00:00;;;;;0;;;;;;;;;;;;;;;;;;;;0;0;0;0;0;1;0;3,54109E+12;3,54109E+12;1;1;;;1;1;0;0;0;0;;0;1;0;1;1;0;0;0;0;1;0;0;0;1;0;0;0;0;1;0;0;0;0;1;0;0;0;1;0;1;1;0;1;1;0;1;1;1;0;0;0;0;1;0;1;0;0;0;0;0;0;0;0;0;0;0;0;0;1;1;1;0;1;0;0;0;0;1;1;1;1;1;0;0;1;0;9;0;9;0;0;1;1;1;1;1;1;0;1;1;1;1;1;1;1;1;1;10;1;27;0;0;0;0;1;1;1;1;0;1;1;3;1;1;1;0;0;0;0;1;10;0;0;0;0;0;0;0;0;0;0;0;0;1;1;0;0;0;0;1;1;0;0;0;0;0;1;0;1;1;0;0;0;0;0;0;0;0;0;0;0;;;;;1;0;1;0;0;0;0;1;0;0;0;0;0;0;0;1;0;0;0;1;0;0;0;1;1;0;1;0;0;0;0;0;0;0;1;1;0;0;0;1;1;0;304;0;0;0;0;0;0;0;0;0;0;0;0;0;0;0;0;0;0;0;0;0;0;0;0;0;0;0;0;0;0;0;0;0;304;200;0;200;104;0;0;0;0;0;0;0;0;0;10;10;0;220;84;63;127;14;100;0;0;0;0;0;2;92;210;169;135;0;0;0;0;0;0;0;0;304;0;0;0;0;0;60;0;0;0;0;0;0;0;60;50;0;0;0;39;39;0;21;0;0;0;0;0;0;0;21;12;0;0;0;6;6;0;13;8;0;0;0;0;0;0;0;0
2023;Sul;4;Paraná;PR;41;Castro;4104907;Ponta Grossa;4106;Ponta Grossa;410027;Centro Oriental Paranaense;4105;Ponta Grossa;41021;410490705;UEPT 14 - UNIDADE DE EDUCACAO PRO E TECNOLOGICA DE CASTRO- SENAC;41152174;4;1;1;0;RUA ALFREDO LUIZ DE MATTOS;273;;CENTRO;84165030;42;32338650;1;25;10JAN23:00:00:00;16DEC23:00:00:00;;;;;0;;;;;;;;;;;;;;;;;;;;0;0;0;0;0;1;0;3,54109E+12;3,54109E+12;1;1;;;1;1;0;0;0;0;;0;1;0;1;1;0;0;0;0;1;0;0;0;1;0;0;0;0;1;0;0;0;0;1;0;0;0;1;0;1;1;0;1;1;0;1;1;1;0;0;0;0;1;0;1;0;0;0;0;0;0;0;0;0;0;0;0;0;1;1;1;0;1;0;0;0;0;1;1;1;1;1;0;0;1;0;7;0;7;0;0;1;1;1;1;1;1;0;1;1;1;1;1;1;1;1;1;9;1;36;0;0;0;0;1;1;1;1;0;1;1;3;1;1;1;0;0;0;0;1;4;0;0;0;0;0;0;0;0;0;0;0;0;1;1;0;0;0;0;1;1;0;0;0;0;0;1;0;1;1;0;0;0;0;0;0;0;0;0;0;0;;;;;1;0;1;0;0;0;0;1;0;0;0;0;0;0;0;1;0;0;0;1;0;0;0;1;1;0;1;0;0;0;0;0;0;0;1;1;0;0;0;1;1;0;243;0;0;0;0;0;0;0;0;0;0;0;0;0;0;0;0;0;0;0;0;0;0;0;0;0;0;0;0;0;0;0;0;0;243;140;0;140;103;0;0;0;0;0;0;0;0;0;10;10;0;165;78;101;118;7;17;0;0;0;0;0;0;97;146;115;128;0;0;0;0;0;0;0;0;243;0;0;0;0;0;48;0;0;0;0;0;0;0;48;42;0;0;0;17;17;0;16;0;0;0;0;0;0;0;16;7;0;0;0;6;6;0;9;7;0;0;0;0;0;0;0;0
2023;Sul;4;Paraná;PR;41;Toledo;4127700;Cascavel;4103;Toledo;410008;Oeste Paranaense;4106;Toledo;41022;412770005;UEPT 15 - UNIDADE DE EDUCACAO PRO E TECNOLOGICA DE TOLEDO- SENAC;41152182;4;1;1;0;RUA GUAIRA;3332;;JARDIM LA SALLE;85903220;45;33788100;1;27;10JAN23:00:00:00;16DEC23:00:00:00;;;;;0;;;;;;;;;;;;;;;;;;;;0;0;0;0;0;1;0;3,54109E+12;3,54109E+12;1;1;;;1;1;0;0;0;0;;0;1;0;1;1;0;0;0;0;1;0;0;0;1;0;0;0;0;1;0;0;0;0;1;0;0;0;1;0;1;1;0;1;1;0;1;1;1;0;0;0;0;1;0;1;0;0;0;0;0;0;0;0;0;0;0;0;0;1;1;1;0;1;0;0;0;0;1;1;1;1;1;0;0;1;0;15;0;15;0;0;1;1;1;1;1;1;0;1;1;1;1;1;1;1;2;1;17;1;44;0;0;1;12;1;1;1;1;0;1;1;3;1;1;1;0;0;0;0;1;88888;0;0;0;0;0;0;0;0;0;0;0;0;1;1;0;0;0;0;1;1;0;0;0;0;0;1;0;1;1;0;0;0;0;0;0;0;0;0;0;0;;;;;1;0;1;0;0;0;0;1;0;0;0;0;0;0;0;1;0;0;0;1;0;0;0;1;1;0;1;0;0;0;0;0;0;0;1;1;0;0;0;1;1;0;201;0;0;0;0;0;0;0;0;0;0;0;0;0;0;0;0;0;0;0;0;0;0;0;0;0;0;0;0;0;0;0;0;0;201;133;3;130;68;0;0;0;0;0;0;0;0;0;2;2;0;142;59;39;91;8;63;0;0;0;0;0;1;60;140;97;104;0;0;0;0;0;0;0;0;201;0;0;0;0;0;62;0;0;0;0;0;0;0;62;51;0;0;0;13;13;0;22;0;0;0;0;0;0;0;22;11;0;0;0;2;2;0;14;8;0;0;0;0;0;0;0;0
2023;Sul;4;Paraná;PR;41;Francisco Beltrão;4108403;Cascavel;4103;Francisco Beltrão;410009;Sudoeste Paranaense;4107;Francisco Beltrão;41026;410840305;UEPT 16 - UNIDADE DE EDUCACAO PRO E TECNOLOGICA DE FRANCISCO BELTRAO- SENAC;41152190;4;1;1;0;AV JULIO ASSIS CAVALHEIRO;2191;;CENTRO;85601274;46;39056800;1;12;10JAN23:00:00:00;16DEC23:00:00:00;;;;;0;;;;;;;;;;;;;;;;;;;;0;0;0;0;0;1;0;3,54109E+12;3,54109E+12;1;1;;;1;1;0;0;0;0;;0;1;0;1;1;0;0;0;0;1;0;0;0;1;0;0;0;0;1;0;0;0;0;1;0;0;0;1;0;1;1;0;1;1;0;1;1;1;0;0;0;0;1;0;1;0;0;0;0;0;0;0;0;0;0;0;0;0;1;1;1;0;1;0;0;0;0;1;1;1;1;1;0;0;1;0;16;0;16;0;0;1;1;1;1;1;1;0;0;0;0;0;0;0;0;0;1;16;1;24;1;2;1;3;1;1;1;1;1;1;1;3;1;1;2;0;0;0;0;1;88888;0;0;0;0;0;0;0;0;0;0;1;2;1;1;0;0;0;0;1;1;0;0;0;0;0;1;0;1;1;0;0;0;0;0;0;0;0;0;0;0;;;;;1;0;1;0;0;0;0;1;0;0;0;0;0;0;0;1;0;0;0;1;0;0;0;1;1;0;1;0;0;0;0;0;0;0;1;1;0;0;0;1;1;0;237;0;0;0;0;0;0;0;0;0;0;0;0;0;0;0;0;0;0;0;0;0;0;0;0;0;0;0;0;0;0;0;0;0;237;166;4;162;71;0;0;0;0;0;0;0;0;0;2;2;0;191;46;32;180;0;24;1;0;0;0;0;3;63;171;82;155;0;0;0;0;0;0;0;0;237;0;0;0;0;0;41;0;0;0;0;0;0;0;41;38;0;0;0;28;28;0;17;0;0;0;0;0;0;0;17;11;0;0;0;2;2;0;7;10;0;0;0;0;0;0;0;0
2023;Sul;4;Paraná;PR;41;Irati;4110706;Ponta Grossa;4106;Irati;410029;Sudeste Paranaense;4109;Irati;41032;411070605;UEPT17 - UNIDADE DE EDUCACAO PRO E TECNOLOGICA DE IRATI- SENAC;41152204;4;1;1;0;AV VICENTE MACHADO;24;;CENTRO;84500039;42;34216400;1;15;10JAN23:00:00:00;16DEC23:00:00:00;;;;;0;;;;;;;;;;;;;;;;;;;;0;0;0;0;0;1;0;3,54109E+12;3,54109E+12;1;1;;;1;1;0;0;0;0;;0;1;0;1;1;0;0;0;0;1;0;0;0;1;0;0;0;0;1;0;0;0;0;1;0;0;0;1;0;1;1;0;1;1;0;1;1;1;0;0;0;0;1;0;1;0;0;0;0;0;0;0;0;0;0;0;0;0;1;1;1;0;1;0;0;0;0;1;1;1;1;1;0;0;1;0;9;0;9;0;0;1;1;1;1;1;1;0;1;1;1;1;1;1;1;2;1;12;1;21;0;0;0;0;1;1;1;1;0;1;1;3;1;1;1;0;0;0;0;1;6;0;0;0;0;0;0;0;0;0;0;0;0;1;1;0;0;0;0;1;1;0;0;0;0;0;1;0;1;1;0;0;0;0;0;0;0;0;0;0;0;;;;;1;0;1;0;0;0;0;1;0;0;0;0;0;0;0;1;0;0;0;1;0;0;0;1;1;0;1;0;0;0;0;0;0;0;1;1;0;0;0;1;1;1;155;0;0;0;0;0;0;0;0;0;0;0;0;0;0;0;0;0;0;0;0;0;0;0;0;0;0;0;0;0;0;0;0;0;155;82;0;82;73;0;0;0;0;0;0;0;0;0;6;5;1;96;59;77;73;0;5;0;0;0;0;0;0;67;88;44;111;0;0;0;0;0;0;0;0;155;0;0;0;0;0;53;0;0;0;0;0;0;0;53;39;0;0;0;26;19;7;15;0;0;0;0;0;0;0;15;6;0;0;0;6;5;1;7;8;0;0;0;0;0;0;0;0
2023;Sul;4;Paraná;PR;41;União da Vitória;4128203;Curitiba;4101;União da Vitória;410003;Sudeste Paranaense;4109;União da Vitória;41033;412820305;UEPT 18 - UNIDADE DE EDUCACAO PRO E TECNOLOGICA DE UNIAO DA VITORIA- SENAC;41152212;4;1;1;0;RUA VALENTIN VARACOSKI;161;;CENTRO;84600110;42;35241500;1;29;10JAN23:00:00:00;16DEC23:00:00:00;;;;;0;;;;;;;;;;;;;;;;;;;;0;0;0;0;0;1;0;3,54109E+12;3,54109E+12;1;1;;;1;1;0;0;0;0;;0;1;0;1;1;0;0;0;0;1;0;0;0;1;0;0;0;0;1;0;0;0;0;1;0;0;0;1;0;1;1;0;1;1;0;1;1;1;0;0;0;0;1;0;1;0;0;0;0;0;0;0;0;0;0;0;0;0;1;1;1;0;1;0;0;0;0;1;1;1;1;1;0;0;1;0;9;0;9;0;0;1;1;1;1;1;1;0;1;1;1;1;1;1;1;1;1;9;1;41;1;24;1;30;1;1;1;1;0;1;1;3;1;1;1;0;0;1;1;1;88888;0;0;0;0;0;0;0;0;0;0;0;0;1;1;0;0;0;0;1;1;0;0;0;0;0;1;0;1;1;0;0;0;0;0;0;0;0;0;0;0;;;;;1;0;1;0;0;0;0;1;0;0;0;0;0;0;0;1;0;0;0;1;0;0;1;1;1;0;1;0;0;0;0;0;0;1;1;1;0;0;0;1;1;0;236;0;0;0;0;0;0;0;0;0;0;0;0;0;0;0;49;49;26;23;0;0;0;0;0;0;0;0;0;0;0;0;0;0;187;127;0;127;60;0;0;0;0;0;0;0;0;0;11;11;0;153;83;32;158;5;38;3;0;0;0;0;9;94;133;130;106;0;0;0;0;0;0;0;0;236;0;0;0;0;0;44;0;0;0;0;0;0;19;29;26;0;0;0;37;37;0;19;0;0;0;0;0;0;2;17;8;0;0;0;9;9;0;12;7;0;0;0;0;0;0;0;0
2023;Sul;4;Paraná;PR;41;Jacarezinho;4111803;Londrina;4105;Santo Antônio da Platina;410022;Norte Pioneiro Paranaense;4104;Jacarezinho;41016;411180305;UEPT 19 - UNIDADE DE EDUCACAO PRO E TECNOLOGICA DE JACAREZINHO- SENAC;41152220;4;1;1;0;RUA DOIS DE ABRIL;742;;CENTRO;86400000;43;35113000;1;17;10JAN23:00:00:00;16DEC23:00:00:00;;;;;0;;;;;;;;;;;;;;;;;;;;0;0;0;0;0;1;0;3,54109E+12;3,54109E+12;1;1;;;1;1;0;0;0;0;;0;1;0;1;1;0;0;0;0;1;0;0;0;1;0;0;0;0;1;0;0;0;0;1;0;0;0;1;0;1;1;0;1;1;0;1;1;1;0;0;0;0;1;0;1;0;0;0;0;0;0;0;0;0;0;0;0;0;1;1;1;0;1;0;0;0;0;1;1;1;1;1;0;0;1;0;10;0;10;0;0;1;1;1;1;1;1;0;1;1;1;1;1;1;0;0;1;12;1;47;0;0;1;37;1;1;1;1;0;1;1;3;1;1;1;0;0;0;0;1;6;0;0;0;0;0;0;0;0;0;0;0;0;1;1;0;0;0;0;1;1;0;0;0;0;0;1;0;1;1;0;0;0;0;0;0;0;0;0;0;0;;;;;1;0;1;0;0;0;0;1;0;0;0;0;0;0;0;1;0;0;0;1;0;0;1;1;1;0;1;0;0;0;0;0;0;1;1;1;0;0;0;1;1;0;161;0;0;0;0;0;0;0;0;0;0;0;0;0;0;0;81;27;27;0;0;0;0;54;0;30;24;0;0;0;0;0;0;0;134;130;0;76;4;0;0;0;0;0;0;0;0;0;5;5;0;101;60;21;110;9;21;0;0;0;0;0;11;76;74;100;61;0;0;0;0;0;0;0;0;161;0;0;0;0;0;44;0;0;0;0;0;0;23;44;44;0;0;0;21;21;0;11;0;0;0;0;0;0;3;10;8;0;0;0;4;4;0;6;5;0;0;0;0;0;0;0;0
2023;Sul;4;Paraná;PR;41;Curitiba;4106902;Curitiba;4101;Curitiba;410001;Metropolitana de Curitiba;4110;Curitiba;41037;410690205;UEP 20 - UNIDADE DE EDUCACAO PROFISSIONAL DO PORTAO- SENAC;41152239;4;;1;;RUA CALIXTO RAZOLINI;215;;PORTAO;81070060;41;32293439;2;9;;;;;;;;;;;;;;;;;;;;;;;;;;;;;;;;;;;;;;;;;;;;;;;;;;;;;;;;;;;;;;;;;;;;;;;;;;;;;;;;;;;;;;;;;;;;;;;;;;;;;;;;;;;;;;;;;;;;;;;;;;;;;;;;;;;;;;;;;;;;;;;;;;;;;;;;;;;;;;;;;;;;;;;;;;;;;;;;;;;;;;;;;;;;;;;;;;;;;;;;;;;;;;;;;;;;;;;;;;;;;;;;;;;;;;;;;;;;;;;;;;;;;;;;;;;;;;;;;;;;;;;;;;;;;;;;;;;;;;;;;;;;;;;;;;;;;;;;;;;;;;;;;;;;;;;;;;;;;;;;;;;;;;;;;;;;;;;;;;;;;;;;;;;;;;;;;;;;;;;;;;;;;;;;;;;;;;;;
2023;Sul;4;Paraná;PR;41;Santo Antônio da Platina;4124103;Londrina;4105;Santo Antônio da Platina;410022;Norte Pioneiro Paranaense;4104;Jacarezinho;41016;412410305;UEPT 21 - UNIDADE DE EDUCACAO PRO E TECNOLOGICA DE SANTO ANTONIO DA PLATINA- SENAC;41152247;4;1;1;0;RUA RUI BARBOSA;799;;CENTRO;86430000;43;35583550;1;17;10JAN23:00:00:00;16DEC23:00:00:00;;;;;0;;;;;;;;;;;;;;;;;;;;0;0;0;0;0;1;0;3,54109E+12;3,54109E+12;1;1;;;1;1;0;0;0;0;;0;1;0;1;1;0;0;0;0;1;0;0;0;1;0;0;0;0;1;0;0;0;0;1;0;0;0;1;0;1;1;0;1;1;0;1;1;1;0;0;0;0;1;0;1;0;0;0;0;0;0;0;0;0;0;0;0;0;1;1;1;0;1;0;0;0;0;1;1;1;1;1;0;0;1;0;5;0;5;0;0;1;1;1;1;1;1;0;1;1;1;1;1;1;1;1;1;5;1;26;0;0;0;0;1;1;1;1;0;1;1;3;1;0;0;0;0;0;0;1;2;0;0;0;0;0;0;0;0;0;0;0;0;0;0;0;0;0;0;1;1;0;0;0;0;0;1;0;1;1;0;0;0;0;0;0;0;0;0;0;0;;;;;1;0;1;0;0;0;0;1;0;0;0;0;0;0;0;1;0;0;0;1;0;0;0;1;1;0;1;0;0;0;0;0;0;0;1;0;0;0;0;0;0;0;22;0;0;0;0;0;0;0;0;0;0;0;0;0;0;0;0;0;0;0;0;0;0;0;0;0;0;0;0;0;0;0;0;0;22;0;0;0;22;0;0;0;0;0;0;0;0;0;0;0;0;8;14;9;10;0;3;0;0;0;0;0;0;15;7;15;7;0;0;0;0;0;0;0;0;22;0;0;0;0;0;10;0;0;0;0;0;0;0;10;0;0;0;0;0;0;0;4;0;0;0;0;0;0;0;4;0;0;0;0;0;0;0;3;1;0;0;0;0;0;0;0;0
2023;Sul;4;Paraná;PR;41;Ivaiporã;4111506;Londrina;4105;Ivaiporã;410025;Norte Central Paranaense;4103;Ivaiporã;41013;411150605;UEPT 22 - UNIDADE DE EDUCACAO PRO E TECNOLOGICA DE IVAIPORA- SENAC;41152255;4;1;1;0;AV APARICIO CARDOSO BITENCOURT;950;;JARDIM IMPERIAL;86870000;43;34728200;1;16;10JAN23:00:00:00;16DEC23:00:00:00;;;;;0;;;;;;;;;;;;;;;;;;;;0;0;0;0;0;1;0;3,54109E+12;3,54109E+12;1;1;;;1;1;0;0;0;0;;0;1;0;1;1;0;0;0;0;1;0;0;0;1;0;0;0;0;1;0;0;0;0;1;0;0;0;1;0;1;1;0;1;1;0;1;1;1;0;0;0;0;1;0;1;0;0;0;0;0;0;0;0;0;0;0;0;0;1;1;1;0;1;0;0;0;0;1;1;1;1;1;0;0;1;0;11;0;11;0;0;1;1;1;1;1;1;0;1;1;1;1;1;1;0;0;1;14;1;42;0;0;1;33;1;1;1;1;0;1;1;3;1;1;1;0;0;0;0;1;88888;0;0;0;0;0;0;0;0;0;0;0;0;1;1;0;0;0;0;1;1;0;0;0;0;0;1;0;1;1;0;0;0;0;0;0;0;0;0;0;0;;;;;1;0;1;0;0;0;0;1;0;0;0;0;0;0;0;1;0;0;0;1;0;0;1;1;1;0;1;0;0;0;0;0;0;1;1;1;0;0;0;1;1;1;142;0;0;0;0;0;0;0;0;0;0;0;0;0;0;0;50;0;0;0;0;0;0;50;18;17;15;0;0;0;0;0;0;0;142;91;0;41;51;0;0;0;0;0;0;0;0;0;3;2;1;82;60;7;92;10;33;0;0;0;0;0;4;91;47;107;35;0;0;0;0;0;0;0;0;136;6;0;0;0;0;49;0;0;0;0;0;0;28;49;43;0;0;0;17;14;3;15;0;0;0;0;0;0;3;15;8;0;0;0;3;2;1;11;4;0;0;0;0;0;0;0;0
2023;Sul;4;Paraná;PR;41;Prudentópolis;4120606;Guarapuava;4102;Guarapuava;410004;Sudeste Paranaense;4109;Prudentópolis;41031;412060605;UEPT 28 - UNIDADE DE EDUCACAO PRO E TECNOLOGICA DE PRUDENTOPOLIS- SENAC;41152263;4;1;1;0;RUA PREFEITO ANTONIO WITCHEMICHEN;777;;CENTRO;84400000;42;34468450;1;15;10JAN23:00:00:00;16DEC23:00:00:00;;;;;0;;;;;;;;;;;;;;;;;;;;0;0;0;0;0;1;0;3,54109E+12;3,54109E+12;1;1;;;1;2;0;0;0;0;;0;1;0;1;1;0;0;0;0;1;0;0;0;1;0;0;0;0;1;0;0;0;0;1;0;0;0;1;0;1;1;0;1;1;0;1;1;1;0;0;0;0;1;1;1;0;0;0;0;0;0;0;0;0;0;0;0;0;1;1;1;0;1;0;0;0;0;1;1;1;1;1;0;0;1;0;11;0;11;4;0;1;1;1;1;1;1;0;1;1;1;1;0;0;1;1;1;9;1;27;1;4;1;2;1;1;1;1;0;1;1;3;1;1;3;1;2;1;1;1;88888;0;0;0;0;0;0;0;0;0;0;1;1;1;1;0;0;0;0;1;1;0;0;0;0;0;1;0;1;1;0;0;0;0;0;0;0;0;0;0;0;;;;;1;0;1;0;0;0;0;1;0;0;0;0;0;0;0;1;0;0;0;1;0;0;0;1;1;0;1;0;0;0;0;0;0;0;1;1;0;0;0;0;0;0;29;0;0;0;0;0;0;0;0;0;0;0;0;0;0;0;0;0;0;0;0;0;0;0;0;0;0;0;0;0;0;0;0;0;29;21;0;21;8;0;0;0;0;0;0;0;0;0;0;0;0;22;7;15;9;0;4;1;0;0;0;0;0;7;22;8;21;0;0;0;0;0;0;0;0;27;2;0;0;0;0;16;0;0;0;0;0;0;0;16;13;0;0;0;0;0;0;4;0;0;0;0;0;0;0;4;2;0;0;0;0;0;0;2;2;0;0;0;0;0;0;0;0
2023;Sul;4;Paraná;PR;41;São Mateus do Sul;4125605;Curitiba;4101;União da Vitória;410003;Sudeste Paranaense;4109;São Mateus do Sul;41034;412560505;UEPT 29 - UNIDADE DE EDUCACAO PRO E TECNOLOGICA DE SAO MATEUS DO SUL- SENAC;41152271;4;1;1;0;RUA LEDY AFONSO RODERJAN;1191;;CENTRO;83900000;42;35201700;1;29;10JAN23:00:00:00;16DEC23:00:00:00;;;;;0;;;;;;;;;;;;;;;;;;;;0;0;0;0;0;1;0;3,54109E+12;3,54109E+12;1;1;;;1;1;0;0;0;0;;0;1;0;1;1;0;0;0;0;1;0;0;0;1;0;0;0;0;1;0;0;0;0;1;0;0;0;1;0;1;1;0;1;1;0;1;1;1;0;0;0;0;1;0;1;0;0;0;0;0;0;0;0;0;0;0;0;0;1;1;1;0;1;0;0;0;0;1;1;1;1;1;0;0;1;0;7;0;7;0;0;1;1;1;1;1;1;0;1;1;1;1;1;1;1;1;1;6;1;33;0;0;0;0;1;1;1;1;0;1;1;3;1;1;1;0;0;0;0;1;88888;0;0;0;0;0;0;0;0;0;0;0;0;1;1;0;0;0;0;1;1;0;0;0;0;0;1;0;1;1;0;0;0;0;0;0;0;0;0;0;0;;;;;1;0;1;0;0;0;0;1;0;0;0;0;0;0;0;1;0;0;0;1;0;0;0;1;1;0;1;0;0;0;0;0;0;0;1;1;0;0;0;1;1;0;76;0;0;0;0;0;0;0;0;0;0;0;0;0;0;0;0;0;0;0;0;0;0;0;0;0;0;0;0;0;0;0;0;0;76;67;0;67;9;0;0;0;0;0;0;0;0;0;1;1;0;63;13;13;59;1;3;0;0;0;0;0;0;7;69;22;54;0;0;0;0;0;0;0;0;75;1;0;0;0;0;30;0;0;0;0;0;0;0;30;27;0;0;0;15;15;0;7;0;0;0;0;0;0;0;7;4;0;0;0;1;1;0;3;4;0;0;0;0;0;0;0;0
2023;Sul;4;Paraná;PR;41;Cornélio Procópio;4106407;Londrina;4105;Cornélio Procópio ¿ Bandeirantes;410024;Norte Pioneiro Paranaense;4104;Cornélio Procópio;41015;410640705;UEPT 30 - UNIDADE DE EDUCACAO PRO E TECNOLOGICA DE CORNELIO PROCOPIO- SENAC;41152280;4;1;1;0;AV MINAS GERAIS;751;;CENTRO;86300000;43;35206500;1;8;10JAN23:00:00:00;16DEC23:00:00:00;;;;;0;;;;;;;;;;;;;;;;;;;;0;0;0;0;0;1;0;3,54109E+12;3,54109E+12;1;1;;;1;1;0;0;0;0;;0;1;0;1;1;0;0;0;0;1;0;0;0;1;0;0;0;0;1;0;0;0;0;1;0;0;0;1;0;1;1;0;1;1;0;1;1;1;0;0;0;0;1;0;1;0;0;0;0;0;0;0;0;0;0;0;0;0;1;1;1;0;1;0;0;0;0;1;1;1;1;1;0;0;1;0;9;0;9;0;0;1;1;1;1;1;1;0;1;1;1;1;1;1;1;1;1;88888;1;33;0;0;1;25;1;1;1;1;0;1;1;3;1;1;1;0;0;0;0;1;88888;0;0;0;0;0;0;0;0;0;0;0;0;1;1;0;0;0;0;1;1;0;0;0;0;0;1;0;1;1;0;0;0;0;0;0;0;0;0;0;0;;;;;1;0;1;0;0;0;0;1;0;0;0;0;0;0;0;1;0;0;0;1;0;0;0;1;1;0;1;0;0;0;0;0;0;0;1;1;0;0;0;1;1;0;93;0;0;0;0;0;0;0;0;0;0;0;0;0;0;0;0;0;0;0;0;0;0;0;0;0;0;0;0;0;0;0;0;0;93;56;9;47;37;0;0;0;0;0;0;0;0;0;1;1;0;57;36;56;28;5;4;0;0;0;0;0;0;33;60;45;48;0;0;0;0;0;0;0;0;93;0;0;0;0;0;30;0;0;0;0;0;0;0;30;22;0;0;0;3;3;0;11;0;0;0;0;0;0;0;11;5;0;0;0;1;1;0;6;5;0;0;0;0;0;0;0;0
2023;Sul;4;Paraná;PR;41;Palmas;4117602;Cascavel;4103;Pato Branco;410010;Centro-Sul Paranaense;4108;Palmas;41030;411760205;UEPT 31 - UNIDADE DE EDUCACAO PRO E TECNOLOGICA DE PALMAS- SENAC;41152298;4;1;1;0;RUA DR BERNARDO RIBEIRO VIANNA;903;;CENTRO;85555000;46;32638600;1;23;10JAN23:00:00:00;16DEC23:00:00:00;;;;;0;;;;;;;;;;;;;;;;;;;;0;0;0;0;0;1;0;3,54109E+12;3,54109E+12;1;1;;;1;1;0;0;0;0;;0;1;0;1;1;0;0;0;0;1;0;0;0;1;0;0;0;0;1;0;0;0;0;1;0;0;0;1;0;1;1;0;1;1;0;1;1;1;0;0;0;0;1;0;1;0;0;0;0;0;0;0;0;0;0;0;0;0;1;1;1;0;1;0;0;0;0;1;1;1;1;1;0;0;1;0;4;0;4;0;0;1;1;1;1;1;1;0;1;1;1;1;1;1;1;1;1;4;1;27;0;0;0;0;1;1;1;1;0;1;1;3;1;0;0;0;0;0;0;1;2;0;0;0;0;0;0;0;0;0;0;0;0;0;0;0;0;0;0;1;1;0;0;0;0;0;1;0;1;1;0;0;0;0;0;0;0;0;0;0;0;;;;;1;0;1;0;0;0;0;1;0;0;0;0;0;0;0;1;0;0;0;1;0;0;0;1;1;0;1;0;0;0;0;0;0;0;1;0;0;0;0;0;0;0;36;0;0;0;0;0;0;0;0;0;0;0;0;0;0;0;0;0;0;0;0;0;0;0;0;0;0;0;0;0;0;0;0;0;36;0;0;0;36;0;0;0;0;0;0;0;0;0;0;0;0;18;18;33;2;0;1;0;0;0;0;0;3;29;4;35;1;0;0;0;0;0;0;0;0;36;0;0;0;0;0;4;0;0;0;0;0;0;0;4;0;0;0;0;0;0;0;4;0;0;0;0;0;0;0;4;0;0;0;0;0;0;0;3;1;0;0;0;0;0;0;0;0
2023;Sul;4;Paraná;PR;41;Matinhos;4115705;Curitiba;4101;Paranaguá;410002;Metropolitana de Curitiba;4110;Paranaguá;41038;411570505;UEPT 34 - UNIDADE DE EDUCACAO PRO E TECNOLOGICA DE MATINHOS CAIOBA- SENAC;41152310;4;1;1;0;RUA DOUTOR JOSE PINTO REBELO JUNIOR;91;;BALNEARIO CAIOBA;83260000;41;34528050;1;21;10JAN23:00:00:00;16DEC23:00:00:00;;;;;0;;;;;;;;;;;;;;;;;;;;0;0;0;0;0;1;0;3,54109E+12;3,54109E+12;1;1;;;1;1;0;0;0;0;;0;1;0;1;1;0;0;0;0;1;0;0;0;1;0;0;0;0;1;0;0;0;0;1;0;0;0;1;0;1;1;0;1;1;0;1;1;1;0;0;0;0;1;0;1;0;0;0;0;0;0;0;0;0;0;0;0;0;1;1;1;0;1;0;0;0;0;1;1;1;1;1;0;0;1;0;9;0;9;0;0;1;1;1;1;1;1;0;1;1;1;1;1;1;0;0;1;6;1;51;0;0;1;35;1;1;1;1;0;1;1;3;1;1;1;0;0;0;0;1;9;0;0;0;0;0;0;0;0;1;1;0;0;1;1;0;0;0;0;1;1;0;0;0;0;0;1;0;1;1;0;0;0;0;0;0;0;0;0;0;0;;;;;1;0;1;0;0;0;0;1;0;0;0;0;0;0;0;1;0;0;0;1;0;0;1;1;1;0;1;0;0;0;0;0;0;1;1;1;0;0;0;1;1;0;254;0;0;0;0;0;0;0;0;0;0;0;0;0;0;0;57;30;30;0;0;0;0;27;0;27;0;0;0;0;0;0;0;0;224;150;0;123;74;0;0;0;0;0;0;0;0;0;8;8;0;143;111;120;88;9;33;3;1;0;0;0;15;123;116;175;79;0;0;0;0;0;0;0;0;254;0;0;0;0;0;53;0;0;0;0;0;0;21;53;50;0;0;0;41;41;0;16;0;0;0;0;0;0;2;15;9;0;0;0;5;5;0;11;5;0;0;0;0;0;0;0;0
2023;Sul;4;Paraná;PR;41;Barracão;4102604;Cascavel;4103;Francisco Beltrão;410009;Sudoeste Paranaense;4107;Francisco Beltrão;41026;410260405;UEP 41 - UNIDADE DE EDUCACAO PROFISSIONAL E TECNOLOGICA DE BARRACAO- SENAC;41152336;4;;1;;AV. BRASILIA;60;1 ANDAR;CENTRO;85700000;49;36440317;2;12;;;;;;;;;;;;;;;;;;;;;;;;;;;;;;;;;;;;;;;;;;;;;;;;;;;;;;;;;;;;;;;;;;;;;;;;;;;;;;;;;;;;;;;;;;;;;;;;;;;;;;;;;;;;;;;;;;;;;;;;;;;;;;;;;;;;;;;;;;;;;;;;;;;;;;;;;;;;;;;;;;;;;;;;;;;;;;;;;;;;;;;;;;;;;;;;;;;;;;;;;;;;;;;;;;;;;;;;;;;;;;;;;;;;;;;;;;;;;;;;;;;;;;;;;;;;;;;;;;;;;;;;;;;;;;;;;;;;;;;;;;;;;;;;;;;;;;;;;;;;;;;;;;;;;;;;;;;;;;;;;;;;;;;;;;;;;;;;;;;;;;;;;;;;;;;;;;;;;;;;;;;;;;;;;;;;;;;;
2023;Sul;4;Paraná;PR;41;Marechal Cândido Rondon;4114609;Cascavel;4103;Marechal Cândido Rondon;410013;Oeste Paranaense;4106;Toledo;41022;411460905;UEPT 37 - UNIDADE DE EDUCACAO PRO E TECNOLOGICA DE MARECHAL CANDIDO RONDON- SENAC;41153618;4;1;1;0;RUA SANTA CATARINA;5736;;VILA GAUCHA;85960000;45;32844200;1;27;10JAN23:00:00:00;16DEC23:00:00:00;;;;;0;;;;;;;;;;;;;;;;;;;;0;0;0;0;0;1;0;3,54109E+12;3,54109E+12;1;1;;;1;1;0;0;0;0;;0;1;0;1;1;0;0;0;0;1;0;0;0;1;0;0;0;0;1;0;0;0;0;1;0;0;0;1;0;1;1;0;1;1;0;1;1;1;0;0;0;0;1;0;1;0;0;0;0;0;0;0;0;0;0;0;0;0;1;1;1;0;1;0;0;0;0;1;1;1;1;1;0;0;1;0;7;0;7;7;7;1;1;1;1;1;1;0;1;1;1;1;1;1;1;1;1;88888;1;34;1;2;1;2;1;1;1;1;0;1;1;3;1;1;1;0;0;1;1;1;88888;0;0;0;0;0;0;0;0;0;0;1;2;1;1;0;0;0;0;1;1;0;0;0;0;0;1;0;1;1;0;0;0;0;0;0;0;0;0;0;0;;;;;1;0;1;0;0;0;0;1;0;0;0;0;0;0;0;1;0;0;0;1;0;0;0;1;1;0;1;0;0;0;0;0;0;0;1;1;0;0;0;0;0;0;101;0;0;0;0;0;0;0;0;0;0;0;0;0;0;0;0;0;0;0;0;0;0;0;0;0;0;0;0;0;0;0;0;0;101;61;13;48;40;0;0;0;0;0;0;0;0;0;0;0;0;69;32;20;58;3;19;1;0;0;0;0;1;40;60;66;35;0;0;0;0;0;0;0;0;101;0;0;0;0;0;35;0;0;0;0;0;0;0;35;29;0;0;0;0;0;0;12;0;0;0;0;0;0;0;12;6;0;0;0;0;0;0;9;3;0;0;0;0;0;0;0;0
2023;Sul;4;Paraná;PR;41;Curitiba;4106902;Curitiba;4101;Curitiba;410001;Metropolitana de Curitiba;4110;Curitiba;41037;410690205;UEPT 46 - UNIDADE DE EDUCACAO PRO E TECNOLOGICA DE CURITIBA PORTAO- SENAC;41156218;4;1;1;0;RUA CALIXTO RAZOLINI;215;;PORTAO;81070060;41;33145850;1;9;10JAN23:00:00:00;16DEC23:00:00:00;;;;;0;;;;;;;;;;;;;;;;;;;;0;0;0;0;0;1;0;3,54109E+12;3,54109E+12;1;1;;;1;1;0;0;0;0;;0;1;0;1;1;0;0;0;0;1;0;0;0;1;0;0;0;0;1;0;0;0;0;1;0;0;0;1;0;1;1;0;1;1;0;1;1;1;0;0;0;0;1;0;1;0;0;0;0;0;0;0;0;0;0;0;0;0;1;1;1;0;1;0;0;0;0;1;1;1;1;1;0;0;1;0;16;0;16;0;0;1;1;1;1;1;1;0;1;1;1;1;1;1;1;1;1;21;1;203;1;25;1;30;1;1;1;1;0;1;1;3;1;1;1;0;0;1;1;1;15;0;0;0;0;0;0;0;0;0;0;0;0;1;1;0;0;0;0;1;1;0;0;0;0;0;1;0;1;1;0;0;0;0;0;0;0;0;0;0;0;;;;;1;0;1;0;0;0;0;1;0;0;0;0;0;0;0;1;0;0;0;1;0;1;0;1;1;1;1;0;0;0;0;0;0;0;1;1;0;0;0;1;1;0;1574;0;0;0;0;0;0;0;0;0;0;0;0;0;0;0;0;0;0;0;0;0;0;0;0;0;0;0;0;0;0;0;0;0;1574;178;0;178;1396;0;0;0;0;0;0;0;0;0;40;40;0;707;867;831;339;52;315;37;0;0;0;0;59;1148;367;125;79;1370;0;0;0;0;0;0;0;1532;42;0;0;0;0;36;0;0;0;0;0;0;0;36;26;0;0;0;22;22;0;99;0;0;0;0;0;0;0;99;14;0;0;0;29;29;0;11;6;82;0;0;0;0;0;0;0
2023;Sul;4;Paraná;PR;41;Medianeira;4115804;Cascavel;4103;Foz do Iguaçu;410007;Oeste Paranaense;4106;Foz do Iguaçu;41024;411580405;UEPT 36 - UNIDADE DE EDUCACAO PRO E TECNOLOGICA DE MEDIANEIRA- SENAC;41156463;4;1;1;0;RUA RIACHUELO;1761;;CENTRO;85884000;45;32403650;1;11;10JAN23:00:00:00;16DEC23:00:00:00;;;;;0;;;;;;;;;;;;;;;;;;;;0;0;0;0;0;1;0;3,54109E+12;3,54109E+12;1;1;;;1;1;0;0;0;0;;0;1;0;1;1;0;0;0;0;1;0;0;0;1;0;0;0;0;1;0;0;0;0;1;0;0;0;1;0;1;1;0;1;1;0;1;1;1;0;0;0;0;1;0;1;0;0;0;0;0;0;0;0;0;0;0;0;0;1;1;1;0;1;0;0;0;0;1;1;1;1;1;0;0;1;0;9;0;9;0;0;1;1;1;1;1;1;0;1;1;1;1;1;1;0;0;1;9;1;40;0;0;0;0;1;1;1;1;0;1;1;3;1;1;1;0;0;0;0;1;88888;0;0;0;0;0;0;0;0;0;0;0;0;1;1;0;0;0;0;1;1;0;0;0;0;0;1;0;1;1;0;0;0;0;0;0;0;0;0;0;0;;;;;1;0;1;0;0;0;0;1;0;0;0;0;0;0;0;1;0;0;0;1;0;0;0;1;1;0;1;0;0;0;0;0;0;0;1;1;0;0;0;1;1;0;130;0;0;0;0;0;0;0;0;0;0;0;0;0;0;0;0;0;0;0;0;0;0;0;0;0;0;0;0;0;0;0;0;0;130;100;0;100;30;0;0;0;0;0;0;0;0;0;1;1;0;108;22;63;49;1;17;0;0;0;0;0;0;26;104;40;90;0;0;0;0;0;0;0;0;130;0;0;0;0;0;36;0;0;0;0;0;0;0;36;30;0;0;0;11;11;0;12;0;0;0;0;0;0;0;12;7;0;0;0;1;1;0;6;6;0;0;0;0;0;0;0;0
2023;Sul;4;Paraná;PR;41;São José dos Pinhais;4125506;Curitiba;4101;Curitiba;410001;Metropolitana de Curitiba;4110;Curitiba;41037;412550605;UEPT 39 - UNIDADE DE EDUCACAO PRO E TECNOLOGICA DE SAO JOSE DOS PINHAIS- SENAC;41158482;4;1;1;0;AV ROCHA POMBO;3028;LOTE E-969;CRUZEIRO;83010620;41;35865350;1;3;10JAN23:00:00:00;16DEC23:00:00:00;;;;;0;;;;;;;;;;;;;;;;;;;;0;0;0;0;0;1;0;3,54109E+12;3,54109E+12;1;1;;;1;1;0;0;0;0;;0;1;0;1;1;0;0;0;0;1;0;0;0;1;0;0;0;0;1;0;0;0;0;1;0;0;0;1;0;1;1;0;1;1;0;1;1;1;0;0;0;0;1;0;1;0;0;0;0;0;0;0;0;0;0;0;0;0;1;1;1;0;1;0;0;0;0;1;1;1;1;1;0;0;1;0;12;0;12;0;0;1;1;1;1;1;1;0;1;1;1;1;1;1;0;0;1;14;1;69;1;15;1;35;1;1;1;1;0;1;1;3;1;1;1;0;0;1;1;1;11;0;0;0;0;0;0;0;0;0;0;0;0;1;1;0;0;0;0;1;1;0;0;0;0;0;1;0;1;1;0;0;0;0;0;0;0;0;0;0;0;;;;;1;0;1;0;0;0;0;1;0;0;0;0;0;0;0;1;0;0;0;1;0;0;1;1;1;0;1;0;0;0;0;0;0;1;1;1;0;0;0;1;1;0;278;0;0;0;0;0;0;0;0;0;0;0;0;0;0;0;61;0;0;0;0;0;0;61;33;28;0;0;0;0;0;0;0;0;278;175;0;114;103;0;0;0;0;0;0;0;0;0;3;3;0;168;110;177;77;5;19;0;0;0;0;0;15;133;130;195;83;0;0;0;0;0;0;0;0;278;0;0;0;0;0;61;0;0;0;0;0;0;18;61;55;0;0;0;8;8;0;24;0;0;0;0;0;0;2;24;12;0;0;0;2;2;0;17;7;0;0;0;0;0;0;0;0
2023;Sul;4;Paraná;PR;41;Londrina;4113700;Londrina;4105;Londrina;410021;Norte Central Paranaense;4103;Londrina;41011;411370005;UEPT 42 - UNIDADE DE EDUCACAO PRO E TECNOLOGICA DE LONDRINA NORTE- SENAC;41158490;4;1;1;0;RUA CEGONHA;100;;CONJUNTO HABITACIONAL VIOLIN;86084635;43;35727950;1;18;10JAN23:00:00:00;16DEC23:00:00:00;;;;;0;;;;;;;;;;;;;;;;;;;;0;0;0;0;0;1;0;3,54109E+12;3,54109E+12;1;1;;;1;1;0;0;0;0;;0;1;0;1;1;0;0;0;0;1;0;0;0;1;0;0;0;0;1;0;0;0;0;1;0;0;0;1;0;1;1;0;1;1;0;1;1;1;0;0;0;0;1;0;1;0;0;0;0;0;0;0;0;0;0;0;0;0;1;1;1;0;1;0;0;0;0;1;1;1;1;1;0;0;1;0;12;0;12;0;0;1;1;1;1;1;1;0;1;1;1;1;1;1;0;0;1;12;1;54;1;22;1;63;1;1;1;1;0;1;1;3;1;1;1;0;0;1;1;1;12;0;0;0;0;0;0;0;0;0;0;0;0;1;1;0;0;0;0;1;1;0;0;0;0;0;1;0;1;1;0;0;0;0;0;0;0;0;0;0;0;;;;;1;0;1;0;0;0;0;1;0;0;0;0;0;0;0;1;0;0;0;1;0;0;1;1;1;0;1;0;0;0;0;0;0;1;1;1;0;0;0;1;1;0;329;0;0;0;0;0;0;0;0;0;0;0;0;0;0;0;61;0;0;0;0;0;0;61;18;22;21;0;0;0;0;0;0;0;329;247;123;63;82;0;0;0;0;0;0;0;0;0;6;6;0;226;103;170;106;16;36;1;0;0;0;0;4;118;207;185;144;0;0;0;0;0;0;0;0;328;1;0;0;0;0;78;0;0;0;0;0;0;34;78;72;0;0;0;32;32;0;25;0;0;0;0;0;0;3;25;17;0;0;0;5;5;0;15;10;0;0;0;0;0;0;0;0
2023;Sul;4;Paraná;PR;41;Rio Negro;4122305;Curitiba;4101;Curitiba;410001;Metropolitana de Curitiba;4110;Rio Negro;41039;412230505;UEPT 38 - UNIDADE DE EDUCACAO PRO E TECNOLOGICA DE RIO NEGRO- SENAC;41160843;4;1;1;0;RUA MARCAL JOSE PEREIRA;100;;ESTACAO NOVA;83880000;47;36413050;1;3;10JAN23:00:00:00;16DEC23:00:00:00;;;;;0;;;;;;;;;;;;;;;;;;;;0;0;0;0;0;1;0;3,54109E+12;3,54109E+12;1;1;;;1;1;0;0;0;0;;0;1;0;1;1;0;0;0;0;1;0;0;0;1;0;0;0;0;1;0;0;0;0;1;0;0;0;1;0;1;1;0;1;1;0;1;1;1;0;0;0;0;1;0;1;0;0;0;0;0;0;0;0;0;0;0;0;0;1;1;1;0;1;0;0;0;0;1;1;1;1;1;0;0;1;0;8;0;8;0;0;1;1;1;1;1;1;0;1;1;1;1;1;1;0;0;1;9;1;39;0;0;0;0;1;1;1;1;0;1;1;3;1;1;1;0;0;0;0;1;4;0;0;0;0;0;0;0;0;0;0;0;0;1;1;0;0;0;0;1;1;0;0;0;0;0;1;0;1;1;0;0;0;0;0;0;0;0;0;0;0;;;;;1;0;1;0;0;0;0;1;0;0;0;0;0;0;0;1;0;0;0;1;0;0;0;1;1;0;1;0;0;0;0;0;0;0;1;1;0;0;0;1;1;0;130;0;0;0;0;0;0;0;0;0;0;0;0;0;0;0;0;0;0;0;0;0;0;0;0;0;0;0;0;0;0;0;0;0;130;75;0;75;55;0;0;0;0;0;0;0;0;0;2;2;0;89;41;42;69;1;17;0;1;0;0;0;0;39;91;48;82;0;0;0;0;0;0;0;0;128;2;0;0;0;0;35;0;0;0;0;0;0;0;35;29;0;0;0;1;1;0;12;0;0;0;0;0;0;0;12;6;0;0;0;1;1;0;5;7;0;0;0;0;0;0;0;0
2023;Sul;4;Paraná;PR;41;Ponta Grossa;4119905;Ponta Grossa;4106;Ponta Grossa;410027;Centro Oriental Paranaense;4105;Ponta Grossa;41021;411990505;UEPT 50 - UNIDADE DE EDUCACAO PRO E TECNOLOGICA DE PONTA GROSSA ESTACAO SAUDADE- SENAC;41163397;4;1;1;0;RUA FERNANDES PINHEIRO;77;;CENTRO;84010135;42;32286620;1;25;10JAN23:00:00:00;16DEC23:00:00:00;;;;;0;;;;;;;;;;;;;;;;;;;;0;0;0;0;0;1;0;3,54109E+12;3,54109E+12;1;1;;;1;1;0;0;0;0;;0;1;0;1;1;0;0;0;0;1;0;0;0;1;0;0;0;0;1;0;0;0;0;1;0;0;0;1;0;1;1;0;1;1;0;1;1;1;0;0;0;0;1;0;1;0;0;0;0;0;0;0;0;0;0;0;0;0;1;1;1;0;1;0;0;0;0;1;1;1;1;1;0;0;1;0;3;0;3;0;0;1;1;1;1;1;1;0;1;1;1;1;1;1;0;0;1;2;1;3;0;0;0;0;1;1;1;1;0;1;1;3;1;0;0;0;0;0;0;1;1;0;0;0;0;0;0;0;0;0;0;0;0;0;0;0;0;0;0;1;1;0;0;0;0;0;1;0;1;1;0;0;0;0;0;0;0;0;0;0;0;;;;;1;0;1;0;0;0;0;1;0;0;0;0;0;0;0;1;0;0;0;1;0;0;0;1;0;0;1;0;0;0;0;0;0;0;1;0;0;0;0;0;0;0;1;0;0;0;0;0;0;0;0;0;0;0;0;0;0;0;0;0;0;0;0;0;0;0;0;0;0;0;0;0;0;0;0;0;1;0;0;0;1;0;0;0;0;0;0;0;0;0;0;0;0;1;0;0;0;0;1;0;0;0;0;0;0;0;1;1;0;0;0;0;0;0;0;0;0;1;0;0;0;0;0;3;0;0;0;0;0;0;0;3;0;0;0;0;0;0;0;1;0;0;0;0;0;0;0;1;0;0;0;0;0;0;0;1;0;0;0;0;0;0;0;0;0
2023;Sul;4;Paraná;PR;41;Nova Londrina;4117107;Maringá;4104;Paranavaí;410017;Noroeste Paranaense;4101;Paranavaí;41001;411710705;UEPT 47 - UNIDADE DE EDUCACAO PRO E TECNOLOGICA DE NOVA LONDRINA- SENAC;41163958;4;1;1;0;AV FIORAVANTE JOSE MONTANHER;576;;CENTRO;87970000;44;34328750;1;20;10JAN23:00:00:00;16DEC23:00:00:00;;;;;0;;;;;;;;;;;;;;;;;;;;0;0;0;0;0;1;0;3,54109E+12;3,54109E+12;1;1;;;1;1;0;0;0;0;;0;1;0;1;1;0;0;0;0;1;0;0;0;1;0;0;0;0;1;0;0;0;0;1;0;0;0;1;0;1;1;0;1;1;0;1;1;1;0;0;0;0;1;0;1;0;0;0;0;0;0;0;0;0;0;0;0;0;1;1;1;0;1;0;0;0;0;1;1;1;1;1;0;0;1;0;7;0;7;0;0;1;1;1;1;1;1;0;1;1;1;1;1;1;0;0;1;88888;1;36;0;0;1;30;1;1;1;1;0;1;1;3;1;1;1;0;0;0;0;1;1;0;0;0;0;0;0;0;0;0;0;0;0;1;1;0;0;0;0;1;1;0;0;0;0;0;1;0;1;1;0;0;0;0;0;0;0;0;0;0;0;;;;;1;0;1;0;0;0;0;1;0;0;0;0;0;0;0;1;0;0;0;1;0;0;0;1;1;0;1;0;0;0;0;0;0;0;1;1;0;0;0;1;1;0;82;0;0;0;0;0;0;0;0;0;0;0;0;0;0;0;0;0;0;0;0;0;0;0;0;0;0;0;0;0;0;0;0;0;82;76;0;76;6;0;0;0;0;0;0;0;0;0;1;1;0;51;31;64;12;0;6;0;0;0;0;0;0;29;53;29;53;0;0;0;0;0;0;0;0;82;0;0;0;0;0;9;0;0;0;0;0;0;0;9;7;0;0;0;3;3;0;6;0;0;0;0;0;0;0;6;4;0;0;0;1;1;0;2;4;0;0;0;0;0;0;0;0
2023;Sul;4;Paraná;PR;41;Bela Vista do Paraíso;4102802;Londrina;4105;Londrina;410021;Norte Central Paranaense;4103;Porecatu;41007;410280205;UEPT 52 - UNIDADE DE EDUCACAO PRO E TECNOLOGICA DE BELA VISTA DO PARAISO- SENAC;41163966;4;1;1;0;PRACA BRASILIO DE ARAUJO FILHO;41;;CENTRO;86130000;43;32428749;1;18;10JAN23:00:00:00;16DEC23:00:00:00;;;;;0;;;;;;;;;;;;;;;;;;;;0;0;0;0;0;1;0;3,54109E+12;3,54109E+12;1;1;;;1;1;0;0;0;0;;0;1;0;1;1;0;0;0;0;1;0;0;0;1;0;0;0;0;1;0;0;0;0;1;0;0;0;1;0;1;1;0;1;1;0;1;1;1;0;0;0;0;1;0;1;0;0;0;0;0;0;0;0;0;0;0;0;0;1;1;1;0;1;0;0;0;0;1;1;1;1;1;0;0;1;0;2;0;2;0;0;1;1;1;1;1;1;0;1;1;1;1;1;1;0;0;1;2;1;17;0;0;0;0;1;1;1;1;0;1;1;3;1;0;0;0;0;0;0;1;1;0;0;0;0;0;0;0;0;0;0;0;0;0;0;0;0;0;0;1;1;0;0;0;0;0;1;0;1;1;0;0;0;0;0;0;0;0;0;0;0;;;;;1;0;1;0;0;0;0;1;0;0;0;0;0;0;0;1;0;0;0;1;0;0;0;1;0;0;1;0;0;0;0;0;0;0;1;1;0;0;0;1;1;0;14;0;0;0;0;0;0;0;0;0;0;0;0;0;0;0;0;0;0;0;0;0;0;0;0;0;0;0;0;0;0;0;0;0;14;14;14;0;0;0;0;0;0;0;0;0;0;0;1;1;0;11;3;1;6;0;7;0;0;0;0;0;0;6;8;14;0;0;0;0;0;0;0;0;0;13;1;0;0;0;0;8;0;0;0;0;0;0;0;8;8;0;0;0;8;8;0;1;0;0;0;0;0;0;0;1;1;0;0;0;1;1;0;1;0;0;0;0;0;0;0;0;0
2023;Sul;4;Paraná;PR;41;Arapongas;4101507;Londrina;4105;Londrina;410021;Norte Central Paranaense;4103;Apucarana;41010;410150705;UEPT 48 - UNIDADE DE EDUCACAO PRO E TECNOLOGICA DE ARAPONGAS- SENAC;41164911;4;1;1;0;RUA TICO TICO REI;51;;JARDIM CARAVELLE;86702666;43;32235650;1;1;10JAN23:00:00:00;16DEC23:00:00:00;;;;;0;;;;;;;;;;;;;;;;;;;;0;0;0;0;0;1;0;3,54109E+12;3,54109E+12;1;1;;;1;1;0;0;0;0;;0;1;0;1;1;0;0;0;0;1;0;0;0;1;0;0;0;0;1;0;0;0;0;1;0;0;0;1;0;1;1;0;1;1;0;1;1;1;0;0;0;0;1;0;1;0;0;0;0;0;0;0;0;0;0;0;0;0;1;1;1;0;1;0;0;0;0;1;1;1;1;1;0;0;1;0;8;0;8;0;0;1;1;1;1;1;1;0;1;1;1;1;1;1;0;0;1;10;1;45;0;0;1;25;1;1;1;1;0;1;1;3;1;1;1;0;0;0;0;1;88888;0;0;0;0;0;0;0;0;0;0;0;0;1;1;0;0;0;0;1;1;0;0;0;0;0;1;0;1;1;0;0;0;0;0;0;0;0;0;0;0;;;;;1;0;1;0;0;0;0;1;0;0;0;0;0;0;0;1;0;0;0;1;0;0;1;1;1;0;1;0;0;0;0;0;0;1;1;0;0;0;0;1;1;0;59;0;0;0;0;0;0;0;0;0;0;0;0;0;0;0;31;31;31;0;0;0;0;0;0;0;0;0;0;0;0;0;0;0;28;0;0;0;28;0;0;0;0;0;0;0;0;0;3;3;0;35;24;16;32;1;10;0;0;0;0;0;20;36;3;56;3;0;0;0;0;0;0;0;0;59;0;0;0;0;0;18;0;0;0;0;0;0;13;7;0;0;0;0;18;18;0;5;0;0;0;0;0;0;2;3;0;0;0;0;3;3;0;4;1;0;0;0;0;0;0;0;0
2023;Sul;4;Paraná;PR;41;Curitiba;4106902;Curitiba;4101;Curitiba;410001;Metropolitana de Curitiba;4110;Curitiba;41037;410690205;UEPT 1 - UNIDADE DE EDUCACAO PRO E TECNOLOGICA DE CURITIBA CENTRO- SENAC;41376897;4;1;1;0;RUA ANDRE DE BARROS;750;;CENTRO;80010080;41;32194700;1;9;10JAN23:00:00:00;16DEC23:00:00:00;;;;;0;;;;;;;;;;;;;;;;;;;;0;0;0;0;0;1;0;3,54109E+12;3,54109E+12;1;1;;;1;1;0;0;0;0;;0;1;0;1;1;0;0;0;0;1;0;0;0;1;0;0;0;0;1;0;0;0;0;1;0;0;0;1;0;1;1;0;1;1;0;1;1;1;0;0;0;0;1;0;1;0;0;0;0;0;0;0;0;0;0;0;0;0;1;1;1;0;1;0;0;0;0;1;1;1;1;1;0;0;1;0;74;0;74;0;0;1;1;1;1;1;1;0;1;1;1;1;1;1;1;2;1;78;1;406;0;0;1;44;1;1;1;1;0;1;1;3;1;1;1;1;2;1;1;1;25;0;0;0;0;0;0;0;0;1;5;0;0;1;1;0;0;0;0;1;1;0;0;0;0;0;1;0;1;1;0;0;0;0;0;0;0;0;0;0;0;;;;;1;0;1;0;0;0;0;1;0;0;0;0;0;0;0;1;0;0;0;1;0;0;1;1;1;0;1;0;0;0;0;0;0;1;1;1;0;0;0;1;1;0;1635;0;0;0;0;0;0;0;0;0;0;0;0;0;0;0;24;0;0;0;0;0;0;24;24;0;0;0;0;0;0;0;0;0;1635;447;0;423;1188;0;0;0;0;0;0;0;0;0;31;31;0;1002;633;645;720;44;207;15;4;0;0;0;159;984;492;1489;146;0;0;0;0;0;0;0;0;1635;0;0;0;0;0;121;0;0;0;0;0;0;19;121;87;0;0;0;58;58;0;109;0;0;0;0;0;0;1;109;31;0;0;0;23;23;0;97;12;0;0;0;0;0;0;0;0
2023;Sul;4;Santa Catarina;SC;42;Curitibanos;4204806;Lages;4203;Curitibanos;420006;Serrana;4203;Curitibanos;42009;420480605;SENAC SERVICO NACIONAL DE APRENDIZAGEM COMERCIAL;42116651;4;;1;;AVENIDA SALOMAO CARNEIRO DE ALMEIDA - EDIFICIO GABOARDI MASTER CENTER;388;6º ANDAR;CENTRO;89520000;49;32415937;2;11;;;;;;;;;;;;;;;;;;;;;;;;;;;;;;;;;;;;;;;;;;;;;;;;;;;;;;;;;;;;;;;;;;;;;;;;;;;;;;;;;;;;;;;;;;;;;;;;;;;;;;;;;;;;;;;;;;;;;;;;;;;;;;;;;;;;;;;;;;;;;;;;;;;;;;;;;;;;;;;;;;;;;;;;;;;;;;;;;;;;;;;;;;;;;;;;;;;;;;;;;;;;;;;;;;;;;;;;;;;;;;;;;;;;;;;;;;;;;;;;;;;;;;;;;;;;;;;;;;;;;;;;;;;;;;;;;;;;;;;;;;;;;;;;;;;;;;;;;;;;;;;;;;;;;;;;;;;;;;;;;;;;;;;;;;;;;;;;;;;;;;;;;;;;;;;;;;;;;;;;;;;;;;;;;;;;;;;;
2023;Sul;4;Santa Catarina;SC;42;Itajaí;4208203;Blumenau;4207;Itajaí;420020;Vale do Itajaí;4204;Itajaí;42013;420820305;SERVICO NACIONAL DE APRENDIZAGEM COMERCIAL - SENAC DE ITAJAI;42119430;4;1;1;0;RUA BRUSQUE;257;;CENTRO;88302000;47;33480410;1;17;23JAN23:00:00:00;22DEC23:00:00:00;;;;;0;;;;;;;;;;;;;;;;;;;;0;0;0;0;0;1;0;3,60374E+12;3,60374E+12;1;2;;;1;2;0;0;0;0;;0;0;0;1;1;0;0;0;0;1;0;0;0;1;0;0;0;0;1;0;0;0;0;0;0;0;1;1;0;0;1;0;1;1;0;1;1;1;1;0;0;0;1;1;0;1;0;0;0;0;0;0;0;0;0;0;0;0;1;0;1;0;1;0;0;0;0;0;1;0;1;0;0;0;0;0;9;0;9;9;9;0;1;1;1;1;1;0;0;0;0;0;1;2;0;0;1;9;1;20;1;35;0;0;1;1;1;1;0;1;1;3;1;1;3;1;2;1;1;0;0;1;1;0;0;0;0;0;0;0;0;1;1;1;1;1;2;0;0;0;0;0;0;0;0;0;1;0;1;1;0;1;0;1;1;0;0;0;0;0;0;;;;;0;;;;;;;1;0;0;0;0;1;0;0;0;1;0;0;1;0;0;0;1;1;0;1;0;0;0;0;0;0;0;1;1;0;0;0;0;0;0;243;0;0;0;0;0;0;0;0;0;0;0;0;0;0;0;0;0;0;0;0;0;0;0;0;0;0;0;0;0;0;0;0;0;243;243;221;22;0;0;0;0;0;0;0;0;0;0;0;0;0;188;55;72;115;8;47;1;0;0;0;0;0;6;237;41;202;0;0;0;0;0;0;0;0;228;15;0;1;0;1;39;0;0;0;0;0;0;0;39;39;0;0;0;0;0;0;13;0;0;0;0;0;0;0;13;13;0;0;0;0;0;0;4;9;0;0;0;0;0;0;0;0
2023;Sul;4;Santa Catarina;SC;42;Porto União;4213609;Joinville;4206;Mafra;420017;Norte Catarinense;4202;Canoinhas;42006;421360905;SERVICO NACIONAL DE APRENDIZAGEM COMERCIAL - SENAC PORTO UNIAO;42119448;4;1;1;0;AVENIDA GETULIO VARGAS;890;;CENTRO;89400000;42;35231516;1;25;06FEB23:00:00:00;15DEC23:00:00:00;;;;;0;;;;;;;;;;;;;;;;;;;;0;0;0;0;0;1;0;3,60374E+12;3,60374E+12;1;2;;5131;1;2;0;0;0;0;;0;0;0;1;1;0;0;0;0;1;0;0;0;1;0;0;0;0;1;0;0;0;0;1;0;0;0;0;0;1;1;0;1;0;0;1;1;1;0;0;0;0;1;1;0;0;0;0;0;0;0;0;0;0;0;0;0;0;1;0;1;0;1;0;0;0;0;1;1;1;1;0;0;1;1;0;13;0;13;13;13;0;1;1;1;1;1;0;0;0;0;0;1;3;0;0;1;88888;1;76;1;35;0;0;1;1;1;1;1;1;1;3;1;1;5;1;3;1;1;0;0;0;0;0;0;0;0;0;0;0;0;1;2;1;1;0;0;0;0;1;1;0;0;0;0;0;1;0;1;1;0;1;1;1;0;0;0;0;0;0;0;;;;;0;;;;;;;1;0;0;0;0;0;0;0;1;1;0;0;1;0;0;0;0;1;0;1;0;0;0;0;0;0;0;1;1;0;0;0;1;1;0;203;0;0;0;0;0;0;0;0;0;0;0;0;0;0;0;0;0;0;0;0;0;0;0;0;0;0;0;0;0;0;0;0;0;203;203;6;197;0;0;0;0;0;0;0;0;0;0;2;2;0;164;39;27;155;1;20;0;0;0;0;0;0;14;189;0;203;0;0;0;0;0;0;0;0;177;26;0;0;0;0;26;0;0;0;0;0;0;0;26;26;0;0;0;7;7;0;10;0;0;0;0;0;0;0;10;10;0;0;0;2;2;0;0;10;0;0;0;0;0;0;0;0
2023;Sul;4;Santa Catarina;SC;42;Rio do Sul;4214805;Blumenau;4207;Rio do Sul;420022;Vale do Itajaí;4204;Rio do Sul;42011;421480505;SENAC;42126649;4;1;1;0;RUA VISCONDE DE CAIRU;60;;SANTANA;89160256;47;35212266;1;12;25JAN23:00:00:00;15DEC23:00:00:00;;;;;0;;;;;;;;;;;;;;;;;;;;0;0;0;0;1;1;0;3,60374E+12;3,60374E+12;1;2;;3948;1;1;0;0;0;0;;0;0;0;1;1;0;0;0;0;1;0;0;0;1;0;0;0;0;1;0;0;0;0;1;0;0;0;0;0;0;1;0;1;0;1;1;1;1;0;0;0;1;1;0;0;0;0;0;0;0;0;0;0;0;0;0;0;0;1;0;1;0;1;1;0;0;0;1;0;0;0;1;0;0;0;0;16;1;17;15;15;0;1;1;1;1;1;0;1;1;1;1;1;4;0;0;1;1;1;1;1;1;0;0;1;1;1;1;1;1;1;2;1;0;0;1;3;1;1;0;0;1;3;0;0;0;0;0;0;0;0;1;1;1;1;0;0;1;1;0;0;0;0;0;0;0;1;0;0;0;0;1;0;0;0;0;0;0;0;0;0;;;;;0;;;;;;;1;1;0;0;0;0;0;0;1;1;0;0;1;0;0;0;0;1;0;1;0;0;0;0;0;0;0;1;1;0;0;0;1;1;0;148;0;0;0;0;0;0;0;0;0;0;0;0;0;0;0;0;0;0;0;0;0;0;0;0;0;0;0;0;0;0;0;0;0;148;148;0;148;0;0;0;0;0;0;0;0;0;0;1;1;0;123;25;38;92;3;15;0;0;0;0;0;0;0;148;0;148;0;0;0;0;0;0;0;0;131;17;0;0;0;0;13;0;0;0;0;0;0;0;13;13;0;0;0;8;8;0;6;0;0;0;0;0;0;0;6;6;0;0;0;1;1;0;0;6;0;0;0;0;0;0;0;0
2023;Sul;4;Santa Catarina;SC;42;Joaçaba;4209003;Chapecó;4204;Joaçaba - Herval d'Oeste;420008;Oeste Catarinense;4201;Joaçaba;42004;420900305;SERVICO NACIONAL DE APRENDIZAGEM COMERCIAL - SENAC - JOACABA;42138876;4;1;1;0;RUA TIRADENTES;170;;CENTRO;89600000;49;39065600;1;7;06FEB23:00:00:00;15DEC23:00:00:00;;;;;0;;;;;;;;;;;;;;;;;;;;0;0;0;0;0;1;0;3,60374E+12;3,60374E+12;1;2;;;1;2;0;0;0;0;;0;0;0;1;1;0;0;0;0;1;0;0;0;1;0;0;0;0;1;0;0;0;0;0;0;0;1;1;0;0;1;0;1;1;0;1;1;1;0;0;0;0;1;1;0;0;0;0;0;0;0;0;0;0;0;0;0;0;1;0;1;0;1;0;0;0;0;1;1;0;1;1;0;1;1;0;15;0;15;15;15;0;1;1;1;1;1;0;0;0;0;0;1;2;0;0;1;19;1;29;1;40;0;0;1;1;1;1;0;1;1;3;1;1;5;1;3;1;1;1;88888;0;0;0;0;0;0;0;0;0;0;0;0;1;1;1;1;1;1;0;0;0;0;0;0;0;1;0;0;1;0;0;0;1;0;0;0;0;0;0;0;;;;;0;;;;;;;1;0;0;0;0;1;0;0;0;1;0;0;1;0;0;0;0;1;0;1;0;0;0;0;0;0;0;1;1;0;0;0;1;1;0;136;0;0;0;0;0;0;0;0;0;0;0;0;0;0;0;0;0;0;0;0;0;0;0;0;0;0;0;0;0;0;0;0;0;136;136;35;101;0;0;0;0;0;0;0;0;0;0;1;1;0;108;28;53;58;3;21;1;0;0;0;0;0;5;131;0;136;0;0;0;0;0;0;0;0;125;11;0;0;0;0;20;0;0;0;0;0;0;0;20;20;0;0;0;3;3;0;10;0;0;0;0;0;0;0;10;10;0;0;0;1;1;0;0;10;0;0;0;0;0;0;0;0
2023;Sul;4;Santa Catarina;SC;42;Concórdia;4204301;Chapecó;4204;Concórdia;420010;Oeste Catarinense;4201;Concórdia;42005;420430105;FACULDADE SENAC CONCORDIA;42139007;4;1;1;0;RUA JOAO ZANARDI;330;;NOSSA SENHORA DA SALETE;89700396;49;34422993;1;6;06FEB23:00:00:00;15DEC23:00:00:00;;;;;0;;;;;;;;;;;;;;;;;;;;0;0;0;0;0;0;1;3,60374E+12;3,60374E+12;1;2;;17777;1;2;0;0;0;0;;0;0;0;1;1;0;0;0;0;1;0;0;0;1;1;0;1;0;1;0;0;0;0;1;0;1;0;1;0;1;1;0;1;1;0;1;1;0;0;0;0;0;1;0;0;1;0;0;0;0;0;0;0;0;0;0;0;0;1;1;1;0;0;0;0;0;0;1;0;0;1;1;0;1;1;0;10;0;10;10;10;0;1;1;1;1;1;0;0;0;1;10;1;2;1;4;1;10;1;110;1;30;0;0;1;1;1;1;1;1;1;3;1;1;4;1;3;1;2;0;0;0;0;0;0;0;0;0;0;0;0;1;5;1;1;0;0;1;2;1;4;0;0;0;0;0;1;0;1;1;0;1;0;0;0;0;1;0;0;0;0;;;;;0;;;;;;;1;1;1;0;0;0;0;0;1;1;0;0;1;0;0;0;0;1;0;1;0;0;0;0;0;0;0;1;1;0;0;0;0;0;0;178;0;0;0;0;0;0;0;0;0;0;0;0;0;0;0;0;0;0;0;0;0;0;0;0;0;0;0;0;0;0;0;0;0;178;178;45;133;0;0;0;0;0;0;0;0;0;0;0;0;0;140;38;36;122;2;17;1;0;0;0;0;0;41;137;0;178;0;0;0;0;0;0;0;0;146;32;0;0;0;0;8;0;0;0;0;0;0;0;8;8;0;0;0;0;0;0;8;0;0;0;0;0;0;0;8;8;0;0;0;0;0;0;0;8;0;0;0;0;0;0;0;0
2023;Sul;4;Santa Catarina;SC;42;Chapecó;4204202;Chapecó;4204;Chapecó;420007;Oeste Catarinense;4201;Chapecó;42002;420420205;FACULDADE DE TECNOLOGIA SENAC CHAPECO;42139031;4;1;1;0;RUA CASTRO ALVES - E;298;;SAO CRISTOVAO;89803110;49;33615012;1;4;18JAN23:00:00:00;22DEC23:00:00:00;;;;;0;;;;;;;;;;;;;;;;;;;;0;0;0;0;0;1;0;3,60374E+12;3,60374E+12;1;5;;;1;1;0;0;0;0;;0;0;0;1;1;0;0;0;0;1;0;0;0;1;0;0;0;0;1;0;0;0;0;0;0;1;0;1;0;1;1;0;1;0;0;1;1;1;0;0;0;0;1;0;0;1;0;0;0;0;0;0;0;0;0;0;0;0;1;0;1;0;1;0;0;0;0;1;1;0;1;1;0;1;0;0;18;0;18;18;18;0;1;1;1;1;1;0;0;0;1;18;0;0;0;0;1;88888;1;46;1;100;0;0;1;1;1;1;0;1;1;3;1;1;6;1;5;1;3;0;0;0;0;0;0;0;0;0;0;0;0;1;4;1;1;1;2;1;1;0;0;0;0;0;0;0;1;0;0;0;0;0;0;0;0;0;0;0;0;0;0;;;;;0;;;;;;;1;1;0;0;0;0;0;1;0;1;0;0;1;0;0;0;0;1;0;1;0;0;0;0;0;0;0;1;1;0;0;0;1;1;0;165;0;0;0;0;0;0;0;0;0;0;0;0;0;0;0;0;0;0;0;0;0;0;0;0;0;0;0;0;0;0;0;0;0;165;165;63;102;0;0;0;0;0;0;0;0;0;0;2;2;0;125;40;1;131;7;25;0;1;0;0;0;0;4;161;0;165;0;0;0;0;0;0;0;0;150;15;0;0;0;0;39;0;0;0;0;0;0;0;39;39;0;0;0;9;9;0;13;0;0;0;0;0;0;0;13;13;0;0;0;1;1;0;0;13;0;0;0;0;0;0;0;0
2023;Sul;4;Santa Catarina;SC;42;Brusque;4202909;Blumenau;4207;Brusque;420021;Vale do Itajaí;4204;Blumenau;42012;420290905;CENTRO DE EDUCACAO PROFISSIONAL SENAC DE BRUSQUE;42139430;4;1;1;0;RODOVIA ANTONIO HEIL;191;;CENTRO II;88353100;47;33512626;1;16;06FEB23:00:00:00;15DEC23:00:00:00;;;;;0;;;;;;;;;;;;;;;;;;;;0;0;0;0;0;1;1;3,60374E+12;3,60374E+12;1;2;;;1;2;0;0;0;0;;0;0;0;1;1;0;0;0;0;1;0;0;0;1;0;0;0;0;1;0;0;0;0;1;0;0;0;1;0;0;1;0;1;1;1;1;1;1;0;0;0;0;1;1;0;0;0;0;0;0;0;0;0;0;0;0;0;0;1;1;1;0;1;0;0;0;0;1;1;1;1;1;0;1;1;0;18;0;18;18;18;0;1;1;1;1;1;0;0;0;1;1;1;2;1;4;1;21;1;70;1;20;0;0;1;1;1;1;0;1;1;3;1;1;5;1;3;1;1;0;0;0;0;0;0;0;0;0;0;0;0;1;4;1;1;0;0;0;0;0;0;0;0;0;0;0;1;0;1;1;0;0;0;1;0;0;0;0;0;0;0;;;;;0;;;;;;;1;0;0;0;0;0;0;0;1;1;0;0;1;0;0;0;1;1;0;1;0;0;0;0;0;0;0;1;1;0;0;0;1;1;0;162;0;0;0;0;0;0;0;0;0;0;0;0;0;0;0;0;0;0;0;0;0;0;0;0;0;0;0;0;0;0;0;0;0;162;162;22;140;0;0;0;0;0;0;0;0;0;0;3;3;0;119;43;20;82;13;46;1;0;0;0;0;0;17;145;27;135;0;0;0;0;0;0;0;0;160;2;0;0;0;0;25;0;0;0;0;0;0;0;25;25;0;0;0;7;7;0;8;0;0;0;0;0;0;0;8;8;0;0;0;2;2;0;2;6;0;0;0;0;0;0;0;0
2023;Sul;4;Santa Catarina;SC;42;Canoinhas;4203808;Joinville;4206;Mafra;420017;Norte Catarinense;4202;Canoinhas;42006;420380805;SENAC CANOINHAS;42148928;4;1;1;0;RUA ROLANDO LOURENCO MALLUCELL;16;SENAC;CENTRO;89460062;47;36224853;1;25;06FEB23:00:00:00;15DEC23:00:00:00;;;;;0;;;;;;;;;;;;;;;;;;;;0;0;0;0;0;1;0;3,60374E+12;3,60374E+12;1;1;;;1;2;0;0;0;0;;0;0;0;1;1;0;0;0;0;1;0;0;0;1;0;0;0;0;1;0;0;0;0;0;0;0;1;1;0;1;1;0;1;0;0;1;1;0;0;0;0;0;0;1;0;0;0;0;0;0;0;0;0;0;0;0;0;0;0;0;1;0;1;0;0;0;0;1;1;0;0;0;0;0;0;0;5;0;5;5;0;0;1;1;1;1;1;0;0;0;1;88888;1;1;0;0;1;88888;0;0;1;75;1;1;1;1;1;1;0;1;1;3;1;1;4;1;1;0;0;0;0;1;1;0;0;0;0;0;0;0;0;1;1;1;1;1;1;0;0;0;0;0;0;0;0;0;1;0;0;1;0;1;0;1;0;0;0;0;0;0;0;;;;;0;;;;;;;1;0;0;0;0;0;0;0;1;1;0;0;1;0;0;0;0;1;0;1;0;0;0;0;0;0;0;1;1;0;0;0;1;1;0;73;0;0;0;0;0;0;0;0;0;0;0;0;0;0;0;0;0;0;0;0;0;0;0;0;0;0;0;0;0;0;0;0;0;73;73;16;57;0;0;0;0;0;0;0;0;0;0;3;3;0;38;35;32;37;0;4;0;0;0;0;0;0;14;59;0;73;0;0;0;0;0;0;0;0;61;12;0;0;0;0;12;0;0;0;0;0;0;0;12;12;0;0;0;11;11;0;5;0;0;0;0;0;0;0;5;5;0;0;0;3;3;0;0;5;0;0;0;0;0;0;0;0
2023;Sul;4;Santa Catarina;SC;42;Palhoça;4211900;Florianópolis;4201;Florianópolis;420001;Grande Florianópolis;4205;Florianópolis;42016;421190005;CENTRO DE ED PROFISSIONAL SENAC PALHOCA;42149223;4;1;1;0;RUA JOAO PEREIRA DOS SANTOS;303;;PONTE DO IMARUIM;88130475;48;33419128;1;10000;06FEB23:00:00:00;15DEC23:00:00:00;;;;;0;;;;;;;;;;;;;;;;;;;;0;0;0;0;0;1;0;3,60374E+12;3,60374E+12;1;5;;;1;2;0;0;0;0;;0;0;0;1;1;0;0;0;0;1;0;0;0;1;0;0;0;0;1;0;0;0;0;1;0;0;0;1;0;1;1;0;1;0;0;1;1;1;0;0;0;0;1;0;0;1;0;0;0;0;0;1;0;0;0;0;0;0;1;0;1;0;1;0;0;0;0;1;1;1;1;1;0;1;1;0;21;0;21;21;21;0;1;1;1;1;1;0;0;0;1;20;1;3;1;3;1;20;1;94;1;27;1;10;1;1;1;1;0;1;1;3;1;0;0;1;4;1;1;0;0;0;0;0;0;0;0;1;1;0;0;1;1;1;1;0;0;1;1;1;1;0;0;0;0;0;1;0;1;1;0;1;0;0;1;0;0;0;0;0;0;;;;;0;;;;;;;1;0;1;0;0;0;0;0;1;1;0;0;1;0;0;1;1;1;0;1;0;0;0;0;0;0;1;1;1;0;0;0;1;1;0;71;0;0;0;0;0;0;0;0;0;0;0;0;0;0;0;41;0;0;0;0;0;0;41;41;0;0;0;0;0;0;0;0;0;71;71;0;30;0;0;0;0;0;0;0;0;0;0;6;6;0;35;36;24;39;2;6;0;0;0;0;0;3;37;31;41;30;0;0;0;0;0;0;0;41;64;7;0;0;0;0;20;0;0;0;0;0;0;17;20;20;0;0;0;17;17;0;2;0;0;0;0;0;0;1;2;2;0;0;0;1;1;0;1;1;0;0;0;0;0;0;0;1
2023;Sul;4;Santa Catarina;SC;42;Campo Alegre;4203303;Joinville;4206;São Bento do Sul - Rio Negrinho;420018;Norte Catarinense;4202;São Bento do Sul;42007;420330305;SENAC DE CAMPO ALEGRE;42149444;4;;1;;RUA NEREU RAMOS;124;;CENTRO;89294000;47;36340602;2;24;;;;;;;;;;;;;;;;;;;;;;;;;;;;;;;;;;;;;;;;;;;;;;;;;;;;;;;;;;;;;;;;;;;;;;;;;;;;;;;;;;;;;;;;;;;;;;;;;;;;;;;;;;;;;;;;;;;;;;;;;;;;;;;;;;;;;;;;;;;;;;;;;;;;;;;;;;;;;;;;;;;;;;;;;;;;;;;;;;;;;;;;;;;;;;;;;;;;;;;;;;;;;;;;;;;;;;;;;;;;;;;;;;;;;;;;;;;;;;;;;;;;;;;;;;;;;;;;;;;;;;;;;;;;;;;;;;;;;;;;;;;;;;;;;;;;;;;;;;;;;;;;;;;;;;;;;;;;;;;;;;;;;;;;;;;;;;;;;;;;;;;;;;;;;;;;;;;;;;;;;;;;;;;;;;;;;;;;
2023;Sul;4;Santa Catarina;SC;42;Rio Negrinho;4215000;Joinville;4206;São Bento do Sul - Rio Negrinho;420018;Norte Catarinense;4202;São Bento do Sul;42007;421500005;SENAC DE RIO NEGRINHO;42149479;4;;1;;RUA PREFEITO HUGO FISCHER;539;;BELA VISTA;89295000;47;36340602;2;24;;;;;;;;;;;;;;;;;;;;;;;;;;;;;;;;;;;;;;;;;;;;;;;;;;;;;;;;;;;;;;;;;;;;;;;;;;;;;;;;;;;;;;;;;;;;;;;;;;;;;;;;;;;;;;;;;;;;;;;;;;;;;;;;;;;;;;;;;;;;;;;;;;;;;;;;;;;;;;;;;;;;;;;;;;;;;;;;;;;;;;;;;;;;;;;;;;;;;;;;;;;;;;;;;;;;;;;;;;;;;;;;;;;;;;;;;;;;;;;;;;;;;;;;;;;;;;;;;;;;;;;;;;;;;;;;;;;;;;;;;;;;;;;;;;;;;;;;;;;;;;;;;;;;;;;;;;;;;;;;;;;;;;;;;;;;;;;;;;;;;;;;;;;;;;;;;;;;;;;;;;;;;;;;;;;;;;;;
2023;Sul;4;Santa Catarina;SC;42;Mafra;4210100;Joinville;4206;Mafra;420017;Norte Catarinense;4202;Canoinhas;42006;421010005;SENAC DE MAFRA;42149487;4;1;1;0;RUA FELIPE SCHMIDT;809;;CENTRO I BAIXADA;89300178;47;32080130;1;36;18JAN23:00:00:00;22DEC23:00:00:00;;;;;0;;;;;;;;;;;;;;;;;;;;1;0;0;0;0;1;1;3,60374E+12;3,60374E+12;1;2;;;1;2;0;0;0;0;;0;0;0;1;1;0;0;0;0;1;0;0;0;1;0;0;0;0;1;0;0;0;0;1;0;0;0;0;0;0;1;0;1;1;0;1;1;1;0;0;0;0;1;1;0;0;0;0;0;0;0;0;0;0;0;0;0;0;1;0;1;0;1;0;0;0;0;0;0;1;0;0;0;0;0;0;6;0;6;6;0;0;1;1;1;1;0;0;0;0;0;0;1;1;0;0;1;8;1;2;1;34;0;0;1;1;1;1;0;1;1;2;1;1;1;1;1;1;1;1;1;0;0;0;0;0;0;0;0;0;0;1;1;1;1;0;0;0;0;1;1;0;0;0;0;0;1;0;1;1;0;1;0;1;0;0;0;0;0;0;0;;;;;0;;;;;;;1;0;0;0;0;0;0;0;1;0;0;0;1;0;0;0;0;1;0;1;0;0;0;0;0;0;0;1;1;0;0;0;0;0;0;45;0;0;0;0;0;0;0;0;0;0;0;0;0;0;0;0;0;0;0;0;0;0;0;0;0;0;0;0;0;0;0;0;0;45;45;0;45;0;0;0;0;0;0;0;0;0;0;0;0;0;41;4;1;41;0;3;0;0;0;0;0;0;0;45;0;45;0;0;0;0;0;0;0;0;37;8;0;0;0;0;5;0;0;0;0;0;0;0;5;5;0;0;0;0;0;0;2;0;0;0;0;0;0;0;2;2;0;0;0;0;0;0;0;2;0;0;0;0;0;0;0;0
2023;Sul;4;Santa Catarina;SC;42;Quilombo;4214201;Chapecó;4204;Chapecó;420007;Oeste Catarinense;4201;Chapecó;42002;421420105;FACULDADE DE TECNOLOGIA SENAC CHAPECO;42149517;4;;1;;ALBERTO BODANESE PRIMO;1227;;CENTRO;89850000;49;33615022;2;2;;;;;;;;;;;;;;;;;;;;;;;;;;;;;;;;;;;;;;;;;;;;;;;;;;;;;;;;;;;;;;;;;;;;;;;;;;;;;;;;;;;;;;;;;;;;;;;;;;;;;;;;;;;;;;;;;;;;;;;;;;;;;;;;;;;;;;;;;;;;;;;;;;;;;;;;;;;;;;;;;;;;;;;;;;;;;;;;;;;;;;;;;;;;;;;;;;;;;;;;;;;;;;;;;;;;;;;;;;;;;;;;;;;;;;;;;;;;;;;;;;;;;;;;;;;;;;;;;;;;;;;;;;;;;;;;;;;;;;;;;;;;;;;;;;;;;;;;;;;;;;;;;;;;;;;;;;;;;;;;;;;;;;;;;;;;;;;;;;;;;;;;;;;;;;;;;;;;;;;;;;;;;;;;;;;;;;;;
2023;Sul;4;Santa Catarina;SC;42;Criciúma;4204608;Criciúma;4202;Criciúma;420002;Sul Catarinense;4206;Criciúma;42019;420460805;FACULDADE SENAC CRICIUMA;42151031;4;1;1;0;RUA HENRIQUE LAGE;560;;CENTRO;88801010;48;34379801;1;20;06FEB23:00:00:00;08DEC23:00:00:00;;;;;0;;;;;;;;;;;;;;;;;;;;0;0;0;0;0;1;0;3,60374E+12;3,60374E+12;1;1;;17277;1;1;0;0;0;0;;0;0;0;1;1;0;0;0;0;1;0;0;0;1;0;0;0;0;1;0;0;0;0;1;0;0;0;1;1;1;1;0;1;0;1;1;1;1;0;0;0;1;1;0;1;1;0;0;1;1;0;1;0;0;0;0;0;0;1;0;1;0;1;0;0;0;0;1;1;1;1;1;0;1;1;0;39;0;39;39;39;0;1;0;1;1;0;0;0;0;1;39;1;2;0;0;1;39;1;8;1;10;1;8;1;1;1;1;1;1;1;3;1;1;13;1;6;1;1;0;0;1;2;0;0;0;0;1;1;0;0;1;2;1;1;1;1;0;0;1;1;0;0;0;0;0;1;0;1;0;0;0;0;0;0;0;0;0;0;0;0;;;;;0;;;;;;;1;1;0;0;0;1;0;0;0;1;0;0;1;0;0;1;1;1;0;1;0;0;0;0;0;0;1;1;1;0;0;0;1;1;0;146;0;0;0;0;0;0;0;0;0;0;0;0;0;0;0;69;0;0;0;0;0;0;69;35;13;21;0;0;0;0;0;0;0;146;146;2;75;0;0;0;0;0;0;0;0;0;0;1;1;0;89;57;42;83;8;13;0;0;0;0;0;0;59;87;69;77;0;0;0;0;0;0;0;69;144;2;0;0;0;0;37;0;0;0;0;0;0;24;37;37;0;0;0;20;20;0;7;0;0;0;0;0;0;3;7;7;0;0;0;1;1;0;3;4;0;0;0;0;0;0;0;3
2023;Sul;4;Santa Catarina;SC;42;Araranguá;4201406;Criciúma;4202;Araranguá;420004;Sul Catarinense;4206;Araranguá;42020;420140605;CENTRO DE EDUCACAO PROFISSIONAL SENAC ARARANGUA;42156114;4;1;1;0;AVENIDA SETE DE SETEMBRO;1350;;CENTRO;88900015;48;35221192;1;21;06FEB23:00:00:00;15DEC23:00:00:00;;;;;0;;;;;;;;;;;;;;;;;;;;0;0;0;0;0;1;0;3,60374E+12;3,60374E+12;1;2;;;1;2;0;0;0;0;;0;0;0;1;1;0;0;0;0;1;0;0;0;1;0;0;0;0;1;0;0;0;0;1;0;0;0;1;0;0;1;0;1;0;0;1;1;1;0;0;0;0;1;0;0;0;0;0;0;0;0;0;0;0;0;0;0;0;1;1;1;0;1;0;0;0;0;1;1;1;1;0;0;1;1;0;10;0;10;10;10;0;1;0;0;1;0;0;0;0;1;3;0;0;0;0;1;10;1;8;0;0;0;0;1;1;1;1;0;1;1;3;1;1;3;1;1;0;0;0;0;1;1;0;0;0;0;0;0;0;0;1;1;1;1;0;0;0;0;1;1;0;0;1;1;0;1;0;1;0;0;0;0;0;0;0;0;0;0;0;0;;;;;0;;;;;;;1;1;0;0;0;1;0;0;0;1;0;0;1;0;0;0;0;1;0;1;0;0;0;0;0;0;0;1;1;0;0;0;0;0;0;26;0;0;0;0;0;0;0;0;0;0;0;0;0;0;0;0;0;0;0;0;0;0;0;0;0;0;0;0;0;0;0;0;0;26;26;10;16;0;0;0;0;0;0;0;0;0;0;0;0;0;15;11;3;22;0;1;0;0;0;0;0;0;10;16;0;26;0;0;0;0;0;0;0;0;23;3;0;0;0;0;12;0;0;0;0;0;0;0;12;12;0;0;0;0;0;0;2;0;0;0;0;0;0;0;2;2;0;0;0;0;0;0;0;2;0;0;0;0;0;0;0;0
2023;Sul;4;Santa Catarina;SC;42;Florianópolis;4205407;Florianópolis;4201;Florianópolis;420001;Grande Florianópolis;4205;Florianópolis;42016;420540705;SENAC DE FLORIANOPOLIS;42270278;4;1;1;0;RUA SILVA JARDIM;360;;CENTRO;88020200;48;32293253;1;10000;14JAN23:00:00:00;15DEC23:00:00:00;;;;;0;;;;;;;;;;;;;;;;;;;;0;0;0;0;0;1;0;3,60374E+12;3,60374E+12;1;2;;;1;1;0;0;0;0;;0;0;0;1;1;0;0;0;0;1;0;0;0;1;0;0;0;0;1;0;0;0;0;1;0;0;0;1;0;1;1;0;1;1;0;1;1;1;0;0;0;0;1;0;1;0;0;0;0;0;0;0;0;0;0;0;0;0;1;1;1;0;1;0;0;0;0;1;1;1;1;1;0;1;1;0;25;0;25;25;25;0;1;0;0;1;1;0;0;0;1;22;1;2;1;7;1;22;1;183;1;21;0;0;1;1;1;1;1;1;0;3;1;1;23;1;7;1;4;1;88888;0;0;0;0;0;0;0;0;0;0;1;12;1;1;1;3;1;2;1;1;0;0;0;0;0;1;0;0;1;0;1;1;0;0;0;0;0;0;0;0;;;;;0;;;;;;;1;0;1;0;0;1;0;0;0;0;0;0;1;0;0;0;1;1;0;1;0;0;0;0;0;0;0;1;1;0;0;0;1;1;0;216;0;0;0;0;0;0;0;0;0;0;0;0;0;0;0;0;0;0;0;0;0;0;0;0;0;0;0;0;0;0;0;0;0;216;216;38;178;0;0;0;0;0;0;0;0;0;0;4;4;0;161;55;70;90;16;37;2;1;0;0;0;0;3;213;36;180;0;0;0;0;0;0;0;0;214;2;0;0;0;0;34;0;0;0;0;0;0;0;34;34;0;0;0;21;21;0;9;0;0;0;0;0;0;0;9;9;0;0;0;4;4;0;3;6;0;0;0;0;0;0;0;0
2023;Sul;4;Santa Catarina;SC;42;Xanxerê;4219507;Chapecó;4204;Xanxerê;420011;Oeste Catarinense;4201;Xanxerê;42003;421950705;SERVICO NACIONAL DE APRENDIZAGEM COMERCIAL SENAC;42270294;4;1;1;0;R. IRINEU BORNHAUSEM;110;EDIFICIO VITORIA;CENTRO;89820000;49;34333300;1;5;20JAN23:00:00:00;16DEC23:00:00:00;;;;;0;;;;;;;;;;;;;;;;;;;;0;0;0;0;0;1;0;3,60374E+12;3,60374E+12;1;2;;3947;1;2;0;0;0;0;;0;0;0;1;0;1;0;0;0;1;0;0;0;1;0;0;0;0;1;0;0;0;0;1;0;0;0;1;0;0;1;0;1;1;0;1;1;1;0;0;0;0;0;0;0;0;0;0;0;0;0;0;0;0;0;0;0;0;1;0;1;0;1;0;0;0;0;1;1;0;0;0;0;0;0;0;8;0;8;8;8;0;1;1;1;1;1;0;0;0;1;3;1;1;0;0;1;8;0;0;1;85;0;0;1;1;1;1;0;1;1;3;1;1;5;1;2;0;0;1;1;0;0;0;0;0;0;0;0;0;0;1;4;1;1;1;1;0;0;0;0;0;0;0;0;0;1;0;1;0;0;1;0;1;0;0;0;0;0;0;0;;;;;0;;;;;;;1;0;0;0;0;1;0;0;0;1;0;0;1;0;0;0;0;1;0;1;0;0;0;0;0;0;0;1;1;0;0;0;0;0;0;94;0;0;0;0;0;0;0;0;0;0;0;0;0;0;0;0;0;0;0;0;0;0;0;0;0;0;0;0;0;0;0;0;0;94;94;9;85;0;0;0;0;0;0;0;0;0;0;0;0;0;84;10;33;44;0;16;1;0;0;0;0;0;8;86;0;94;0;0;0;0;0;0;0;0;79;15;0;0;0;0;5;0;0;0;0;0;0;0;5;5;0;0;0;0;0;0;5;0;0;0;0;0;0;0;5;5;0;0;0;0;0;0;0;5;0;0;0;0;0;0;0;0
2023;Sul;4;Santa Catarina;SC;42;Blumenau;4202404;Blumenau;4207;Blumenau;420019;Vale do Itajaí;4204;Blumenau;42012;420240405;FACULDADE DE TECNOLOGIA SENAC BLUMENAU;42272327;4;1;1;0;AVENIDA BRASIL;610;;PONTA AGUDA;89050000;47;30359999;1;15;06FEB23:00:00:00;14DEC23:00:00:00;;;;;0;;;;;;;;;;;;;;;;;;;;0;0;0;0;1;1;0;3,60374E+12;3,60374E+12;1;2;;3948;1;1;0;0;0;0;;1;0;0;1;1;0;0;0;0;1;0;0;0;1;0;0;0;0;1;0;0;0;0;1;1;0;0;1;0;1;1;0;1;0;1;1;1;1;1;0;0;1;1;0;1;1;0;0;0;0;0;0;0;0;0;0;0;0;1;0;1;0;1;0;0;0;0;1;0;1;1;1;0;1;1;0;40;1;41;40;40;0;1;1;1;1;1;0;0;0;1;2;1;12;1;5;1;20;1;170;1;25;0;0;1;1;1;1;1;1;1;3;1;1;2;1;7;1;2;1;88888;1;2;0;0;0;0;0;0;0;0;1;2;1;1;1;2;1;1;1;1;0;0;0;0;0;1;0;1;1;0;1;1;0;1;0;0;0;0;0;0;;;;;0;;;;;;;1;1;1;0;0;1;0;0;0;1;0;0;1;0;0;1;1;1;0;1;0;0;0;0;0;0;1;1;1;0;0;0;1;1;0;206;0;0;0;0;0;0;0;0;0;0;0;0;0;0;0;68;0;0;0;0;0;0;68;29;25;14;0;0;0;0;0;0;0;206;206;0;138;0;0;0;0;0;0;0;0;0;0;3;3;0;148;58;54;113;3;35;1;0;0;0;0;1;63;142;128;78;0;0;0;0;0;0;0;68;200;6;0;0;0;0;36;0;0;0;0;0;0;17;36;36;0;0;0;16;16;0;8;0;0;0;0;0;0;3;8;8;0;0;0;2;2;0;5;3;0;0;0;0;0;0;0;3
2023;Sul;4;Santa Catarina;SC;42;Caçador;4203006;Caçador;4205;Caçador;420014;Oeste Catarinense;4201;Joaçaba;42004;420300605;FACULDADE SENAC DE CACADOR;42276276;4;1;1;0;AVENIDA SETE DE SETEMBRO;169;;CENTRO;89500133;49;35630000;1;10;06FEB23:00:00:00;15DEC23:00:00:00;;;;;0;;;;;;;;;;;;;;;;;;;;0;0;0;0;0;1;0;3,60374E+12;3,60374E+12;1;2;;5131;1;1;0;0;0;0;;0;0;0;1;1;0;0;0;0;1;0;0;0;1;0;0;0;0;1;0;0;0;0;1;0;1;0;1;1;1;1;0;1;0;0;1;1;1;0;0;0;0;1;0;0;1;0;0;1;0;1;0;0;0;0;0;0;0;1;1;1;0;1;0;0;0;0;1;1;1;1;1;1;1;1;0;17;0;17;3;17;1;1;1;1;1;1;0;0;0;1;17;1;5;0;0;1;20;1;91;1;20;0;0;1;1;1;1;1;1;1;3;1;1;5;1;2;1;1;1;88888;0;0;0;0;0;0;0;0;0;0;1;5;1;1;0;0;0;0;1;1;0;0;1;1;0;1;0;1;1;0;0;1;1;0;0;0;0;0;0;0;;;;;0;;;;;;;1;1;0;0;0;1;0;0;0;1;0;0;1;0;0;0;0;1;0;1;0;0;0;0;0;0;0;1;1;0;0;0;0;0;0;149;0;0;0;0;0;0;0;0;0;0;0;0;0;0;0;0;0;0;0;0;0;0;0;0;0;0;0;0;0;0;0;0;0;149;149;149;0;0;0;0;0;0;0;0;0;0;0;0;0;0;115;34;56;68;1;24;0;0;0;0;0;0;1;148;0;149;0;0;0;0;0;0;0;0;138;11;0;0;0;0;27;0;0;0;0;0;0;0;27;27;0;0;0;0;0;0;8;0;0;0;0;0;0;0;8;8;0;0;0;0;0;0;0;8;0;0;0;0;0;0;0;0
2023;Sul;4;Santa Catarina;SC;42;Joinville;4209102;Joinville;4206;Joinville;420016;Norte Catarinense;4202;Joinville;42008;420910205;SENAC DE JOINVILLE;42280265;4;1;1;0;RUA VISCONDE DE TAUNAY;730;;ATIRADORES;89203062;47;34316666;1;22;06FEB23:00:00:00;15DEC23:00:00:00;;;;;0;;;;;;;;;;;;;;;;;;;;0;0;0;0;0;1;0;3,60374E+12;3,60374E+12;1;2;;;1;1;0;0;0;0;;0;0;0;1;1;0;0;0;0;1;0;0;0;1;0;0;0;0;1;0;0;0;0;1;0;0;0;1;0;1;1;0;1;1;1;1;1;1;1;0;0;1;1;1;0;1;0;0;0;0;0;0;0;0;0;0;0;0;1;0;1;0;1;0;0;0;0;1;1;1;0;0;0;1;1;0;37;0;37;37;37;0;1;1;1;1;1;0;0;0;1;22;0;0;0;0;1;22;1;150;1;43;1;22;1;1;1;1;0;1;1;3;1;1;7;1;8;1;2;0;0;0;0;0;0;0;0;0;0;0;0;1;5;1;1;1;2;1;1;0;0;0;0;0;0;0;1;0;1;1;0;1;0;1;1;0;0;0;0;0;0;;;;;0;;;;;;;1;0;1;0;0;0;0;0;1;1;0;0;1;0;0;1;1;1;0;1;0;0;0;0;0;0;1;1;1;0;0;0;1;1;0;528;0;0;0;0;0;0;0;0;0;0;0;0;0;0;0;208;122;0;70;52;0;0;86;86;0;0;0;0;0;0;0;0;0;406;406;137;183;0;0;0;0;0;0;0;0;0;0;7;7;0;327;201;159;307;10;50;1;1;0;0;0;7;298;223;354;174;0;0;0;0;0;0;0;208;514;14;0;0;0;0;40;0;0;0;0;0;0;27;37;37;0;0;0;24;24;0;24;0;0;0;0;0;0;9;18;18;0;0;0;5;5;0;16;8;0;0;0;0;0;0;0;9
2023;Sul;4;Santa Catarina;SC;42;São Miguel do Oeste;4217204;Chapecó;4204;São Miguel do Oeste;420009;Oeste Catarinense;4201;São Miguel do Oeste;42001;421720405;SENAC DE SAO MIGUEL DO OESTE;42296269;4;1;1;0;RUA SETE DE SETEMBRO;1415;;CENTRO;89900000;49;36210055;1;1;06FEB23:00:00:00;15DEC23:00:00:00;;;;;0;;;;;;;;;;;;;;;;;;;;0;0;0;0;0;1;0;3,60374E+12;3,60374E+12;1;1;;5133;1;1;0;0;0;0;;0;1;0;1;1;0;0;0;0;1;0;0;0;0;1;0;1;0;1;0;0;0;0;1;0;0;0;1;0;0;1;0;1;1;0;1;1;1;0;0;0;0;1;0;0;1;0;0;0;0;0;0;0;0;0;0;0;0;1;1;1;0;1;0;0;0;0;1;0;0;1;1;0;1;0;0;9;0;9;9;9;0;1;1;1;1;1;0;0;0;1;10;0;0;0;0;1;88888;1;61;1;17;0;0;1;1;1;1;1;1;1;3;1;1;7;1;2;1;1;0;0;0;0;0;0;0;0;0;0;0;0;1;3;1;1;0;0;0;0;1;3;0;0;0;0;0;1;0;0;1;0;0;0;0;0;0;0;0;0;0;0;;;;;0;;;;;;;1;1;0;0;0;0;0;0;1;1;0;0;1;0;0;0;0;1;0;1;0;0;0;0;0;0;0;1;1;0;0;0;0;0;0;156;0;0;0;0;0;0;0;0;0;0;0;0;0;0;0;0;0;0;0;0;0;0;0;0;0;0;0;0;0;0;0;0;0;156;156;3;153;0;0;0;0;0;0;0;0;0;0;0;0;0;132;24;40;93;1;21;1;0;0;0;0;0;6;150;0;156;0;0;0;0;0;0;0;0;123;33;0;0;0;0;25;0;0;0;0;0;0;0;25;25;0;0;0;0;0;0;8;0;0;0;0;0;0;0;8;8;0;0;0;0;0;0;0;8;0;0;0;0;0;0;0;0
2023;Sul;4;Santa Catarina;SC;42;Tubarão;4218707;Criciúma;4202;Tubarão;420003;Sul Catarinense;4206;Tubarão;42018;421870705;FACULDADE DE TECNOLOGIA SENAC TUBARAO;42299268;4;1;1;0;RUA AMARILDO JOSE DA ROSA;1600;;REVOREDO;88704650;48;36325414;1;19;13FEB23:00:00:00;15DEC23:00:00:00;;;;;0;;;;;;;;;;;;;;;;;;;;0;0;0;0;0;1;0;3,60374E+12;3,60374E+12;1;2;;;1;2;0;0;0;0;;0;0;0;1;1;0;0;0;0;1;0;0;0;1;0;0;0;0;1;0;0;0;0;9;9;9;9;1;0;1;1;0;1;0;0;1;1;1;1;0;0;0;1;0;0;0;0;0;0;0;0;0;0;0;0;0;0;0;1;1;1;0;1;0;0;0;0;0;1;1;1;0;0;1;0;0;18;0;18;18;18;0;1;0;1;1;0;0;1;1;1;18;1;4;0;0;1;24;1;88888;1;88888;0;0;1;1;1;1;0;1;1;2;1;0;0;1;2;1;1;0;0;0;0;0;0;0;0;0;0;0;0;1;1;1;1;0;0;0;0;0;0;0;0;0;0;0;1;0;0;0;0;0;0;1;0;0;0;0;0;0;0;;;;;0;;;;;;;1;1;1;0;0;0;0;1;0;1;0;0;1;0;0;0;0;1;0;1;0;0;0;0;0;0;0;1;1;0;0;0;0;0;0;2;0;0;0;0;0;0;0;0;0;0;0;0;0;0;0;0;0;0;0;0;0;0;0;0;0;0;0;0;0;0;0;0;0;2;2;2;0;0;0;0;0;0;0;0;0;0;0;0;0;0;2;0;0;2;0;0;0;0;0;0;0;0;0;2;0;2;0;0;0;0;0;0;0;0;2;0;0;0;0;0;2;0;0;0;0;0;0;0;2;2;0;0;0;0;0;0;2;0;0;0;0;0;0;0;2;2;0;0;0;0;0;0;0;2;0;0;0;0;0;0;0;0
2023;Sul;4;Santa Catarina;SC;42;Florianópolis;4205407;Florianópolis;4201;Florianópolis;420001;Grande Florianópolis;4205;Florianópolis;42016;420540705;SENAC SAUDE E BELEZA;42330270;4;1;1;0;RUA SALDANHA MARINHO;189;;CENTRO;88010450;48;33309600;1;10000;14JAN23:00:00:00;20DEC23:00:00:00;;;;;0;;;;;;;;;;;;;;;;;;;;0;0;0;0;0;1;0;3,60374E+12;3,60374E+12;1;2;;;1;2;0;0;0;0;;0;0;0;1;1;0;0;0;0;1;0;0;0;1;0;0;0;0;1;0;0;0;0;0;0;0;1;1;0;0;1;0;1;0;1;1;1;1;0;0;0;1;0;0;0;0;0;0;0;0;0;0;0;0;0;0;0;0;1;1;1;0;1;0;0;0;0;1;1;1;1;1;0;1;1;0;16;0;16;16;16;0;1;1;1;1;1;0;0;0;1;3;0;0;0;0;1;16;1;4;1;38;0;0;1;1;1;1;1;1;1;3;1;1;7;1;3;1;2;1;1;0;0;0;0;0;0;0;0;0;0;1;5;1;1;1;3;1;2;1;1;0;0;0;0;0;1;0;1;1;0;1;1;0;0;0;0;0;0;0;0;;;;;0;;;;;;;1;0;0;0;0;1;0;0;0;0;0;0;1;0;0;0;1;1;0;1;0;0;0;0;0;0;0;1;1;0;0;0;1;1;0;59;0;0;0;0;0;0;0;0;0;0;0;0;0;0;0;0;0;0;0;0;0;0;0;0;0;0;0;0;0;0;0;0;0;59;59;37;22;0;0;0;0;0;0;0;0;0;0;1;1;0;55;4;18;34;3;4;0;0;0;0;0;0;1;58;49;10;0;0;0;0;0;0;0;0;59;0;0;0;0;0;13;0;0;0;0;0;0;0;13;13;0;0;0;5;5;0;4;0;0;0;0;0;0;0;4;4;0;0;0;1;1;0;3;1;0;0;0;0;0;0;0;0
2023;Sul;4;Santa Catarina;SC;42;São Bento do Sul;4215802;Joinville;4206;São Bento do Sul - Rio Negrinho;420018;Norte Catarinense;4202;São Bento do Sul;42007;421580205;SENAC DE SAO BENTO DO SUL;42330459;4;1;1;0;RUA AUGUSTO KLIMMEK;277;EDIFICIO SAO JOSE;CENTRO;89280349;47;36340602;1;24;23JAN23:00:00:00;20DEC23:00:00:00;;;;;0;;;;;;;;;;;;;;;;;;;;1;0;0;0;0;1;1;3,60374E+12;3,60374E+12;1;2;;;1;2;0;0;0;0;;0;0;0;1;1;0;0;0;0;1;0;0;0;1;0;0;0;0;1;0;0;0;0;1;0;0;0;1;0;0;1;0;1;1;0;1;1;1;0;0;0;0;1;0;0;0;0;0;0;0;0;0;0;0;0;0;0;0;1;0;1;0;1;0;0;0;0;1;1;0;1;1;0;0;0;0;7;0;7;2;7;0;1;1;1;1;1;0;0;0;0;0;1;1;0;0;1;88888;1;30;1;52;0;0;1;1;1;1;1;1;1;3;1;0;0;1;1;0;0;1;1;0;0;0;0;0;0;0;0;0;0;1;1;1;1;1;1;0;0;1;1;0;0;0;0;0;1;0;0;1;0;0;0;0;0;0;0;0;0;0;0;;;;;0;;;;;;;1;0;0;0;0;0;0;1;0;0;0;0;1;0;0;0;1;1;0;1;0;0;0;0;0;0;0;1;1;0;0;0;1;1;0;127;0;0;0;0;0;0;0;0;0;0;0;0;0;0;0;0;0;0;0;0;0;0;0;0;0;0;0;0;0;0;0;0;0;127;127;112;15;0;0;0;0;0;0;0;0;0;0;3;3;0;90;37;13;101;1;12;0;0;0;0;0;0;14;113;38;89;0;0;0;0;0;0;0;0;116;11;0;0;0;0;13;0;0;0;0;0;0;0;13;13;0;0;0;10;10;0;6;0;0;0;0;0;0;0;6;6;0;0;0;3;3;0;1;5;0;0;0;0;0;0;0;0
2023;Sul;4;Santa Catarina;SC;42;Lages;4209300;Lages;4203;Lages;420005;Serrana;4203;Campos de Lages;42010;420930005;SENAC DE LAGES;42332281;4;1;1;0;AVENIDA DOM PEDRO II;1450;;UNIVERSITARIO;88509001;49;32233855;1;26;06FEB23:00:00:00;15DEC23:00:00:00;;;;;0;;;;;;;;;;;;;;;;;;;;0;0;0;0;0;1;0;3,60374E+12;3,60374E+12;1;2;;;1;1;0;0;0;0;;0;0;0;1;1;0;0;0;0;1;0;0;0;1;0;0;0;0;1;0;0;0;0;1;0;0;0;1;0;1;1;0;1;1;0;1;1;1;1;0;0;0;1;1;1;1;0;0;0;0;0;1;0;0;0;0;0;0;1;1;1;0;1;0;0;0;0;1;1;1;0;1;0;1;1;0;12;2;14;12;12;0;1;1;1;1;0;0;0;0;0;0;1;1;0;0;1;15;1;44;1;10;0;0;1;1;1;1;1;1;1;3;1;1;5;1;2;1;1;1;1;1;1;0;0;0;0;0;0;0;0;1;1;1;1;0;0;0;0;1;1;0;0;0;0;0;1;0;0;0;0;0;0;0;0;0;0;0;0;0;0;;;;;0;;;;;;;1;0;0;0;0;1;0;0;0;1;0;0;1;0;0;0;0;1;0;1;0;0;0;0;0;0;0;1;1;0;0;0;1;1;0;110;0;0;0;0;0;0;0;0;0;0;0;0;0;0;0;0;0;0;0;0;0;0;0;0;0;0;0;0;0;0;0;0;0;110;110;67;43;0;0;0;0;0;0;0;0;0;0;1;1;0;71;39;21;70;4;15;0;0;0;0;0;0;8;102;0;110;0;0;0;0;0;0;0;0;105;5;0;0;0;0;6;0;0;0;0;0;0;0;6;6;0;0;0;2;2;0;5;0;0;0;0;0;0;0;5;5;0;0;0;1;1;0;0;5;0;0;0;0;0;0;0;0
2023;Sul;4;Rio Grande do Sul;RS;43;Santa Rosa;4317202;Ijuí;4305;Santa Rosa;430019;Noroeste Rio-grandense;4301;Santa Rosa;43001;431720205;ESC EDUC PROF SENAC SANTA ROSA;43007902;4;1;1;0;RUA SANTA ROSA;1827;PREDIO;CENTRO;98780060;55;35122522;1;17;24JAN23:00:00:00;28DEC23:00:00:00;;;;;0;;;;;;;;;;;;;;;;;;;;0;0;0;0;0;1;0;3,42271E+12;3,42271E+12;1;1;;;1;2;0;0;0;0;;0;0;0;1;1;0;0;0;0;1;0;0;0;1;0;0;0;0;1;0;0;0;0;1;0;0;0;1;0;0;1;0;1;0;0;1;1;1;0;0;0;0;1;0;0;0;0;0;0;0;0;0;0;0;0;0;0;0;1;0;1;0;1;0;0;0;0;0;1;0;0;1;0;0;0;0;10;0;10;10;10;0;1;1;1;1;1;0;1;1;1;1;1;9;0;0;1;3;1;88888;1;2;0;0;1;1;1;1;0;1;0;1;1;1;88888;1;1;0;0;0;0;0;0;0;0;0;0;0;0;0;0;1;88888;1;1;0;0;0;0;0;0;0;0;0;0;0;1;0;0;1;0;0;0;0;0;0;0;0;0;0;0;;;;;0;;;;;;;1;0;0;0;0;0;0;0;1;1;0;0;1;0;0;1;0;1;0;1;0;0;0;0;0;0;1;1;1;0;0;0;1;1;0;19;0;0;0;0;0;0;0;0;0;0;0;0;0;0;0;19;0;0;0;0;0;0;19;0;0;0;0;19;0;0;0;0;0;19;19;0;0;0;0;0;0;0;0;0;0;0;0;1;1;0;9;10;2;14;0;3;0;0;0;0;0;0;1;18;0;19;0;0;0;0;0;0;0;0;18;1;0;2;0;2;2;0;0;0;0;0;0;2;2;2;0;0;0;1;1;0;2;0;0;0;0;0;0;2;2;2;0;0;0;1;1;0;0;2;0;0;0;0;0;0;0;0
2023;Sul;4;Rio Grande do Sul;RS;43;Taquara;4321204;Porto Alegre;4301;Taquara - Parobé - Igrejinha;430004;Metropolitana de Porto Alegre;4305;Gramado-Canela;43024;432120405;ESC EDUC PROF SENAC TAQUARA;43008003;4;;1;;RUA GENERAL FROTA;2661;PREDIO;CENTRO;95600972;51;35415370;2;2;;;;;;;;;;;;;;;;;;;;;;;;;;;;;;;;;;;;;;;;;;;;;;;;;;;;;;;;;;;;;;;;;;;;;;;;;;;;;;;;;;;;;;;;;;;;;;;;;;;;;;;;;;;;;;;;;;;;;;;;;;;;;;;;;;;;;;;;;;;;;;;;;;;;;;;;;;;;;;;;;;;;;;;;;;;;;;;;;;;;;;;;;;;;;;;;;;;;;;;;;;;;;;;;;;;;;;;;;;;;;;;;;;;;;;;;;;;;;;;;;;;;;;;;;;;;;;;;;;;;;;;;;;;;;;;;;;;;;;;;;;;;;;;;;;;;;;;;;;;;;;;;;;;;;;;;;;;;;;;;;;;;;;;;;;;;;;;;;;;;;;;;;;;;;;;;;;;;;;;;;;;;;;;;;;;;;;;;
2023;Sul;4;Rio Grande do Sul;RS;43;Torres;4321501;Porto Alegre;4301;Torres;430008;Metropolitana de Porto Alegre;4305;Osório;43027;432150105;ESC EDUC PROF SENAC TORRES;43008194;4;;1;;RUA JULIO DE CASTILHOS;423;LOJA 08;CENTRO;95560000;51;36264908;2;11;;;;;;;;;;;;;;;;;;;;;;;;;;;;;;;;;;;;;;;;;;;;;;;;;;;;;;;;;;;;;;;;;;;;;;;;;;;;;;;;;;;;;;;;;;;;;;;;;;;;;;;;;;;;;;;;;;;;;;;;;;;;;;;;;;;;;;;;;;;;;;;;;;;;;;;;;;;;;;;;;;;;;;;;;;;;;;;;;;;;;;;;;;;;;;;;;;;;;;;;;;;;;;;;;;;;;;;;;;;;;;;;;;;;;;;;;;;;;;;;;;;;;;;;;;;;;;;;;;;;;;;;;;;;;;;;;;;;;;;;;;;;;;;;;;;;;;;;;;;;;;;;;;;;;;;;;;;;;;;;;;;;;;;;;;;;;;;;;;;;;;;;;;;;;;;;;;;;;;;;;;;;;;;;;;;;;;;;
2023;Sul;4;Rio Grande do Sul;RS;43;Gramado;4309100;Caxias do Sul;4307;Caxias do Sul;430036;Metropolitana de Porto Alegre;4305;Gramado-Canela;43024;430910005;ESC EDUC PROF SENAC GRAMADO;43008313;4;;1;;RUA SAO PEDRO;663;;CENTRO;95670000;54;32864445;2;4;;;;;;;;;;;;;;;;;;;;;;;;;;;;;;;;;;;;;;;;;;;;;;;;;;;;;;;;;;;;;;;;;;;;;;;;;;;;;;;;;;;;;;;;;;;;;;;;;;;;;;;;;;;;;;;;;;;;;;;;;;;;;;;;;;;;;;;;;;;;;;;;;;;;;;;;;;;;;;;;;;;;;;;;;;;;;;;;;;;;;;;;;;;;;;;;;;;;;;;;;;;;;;;;;;;;;;;;;;;;;;;;;;;;;;;;;;;;;;;;;;;;;;;;;;;;;;;;;;;;;;;;;;;;;;;;;;;;;;;;;;;;;;;;;;;;;;;;;;;;;;;;;;;;;;;;;;;;;;;;;;;;;;;;;;;;;;;;;;;;;;;;;;;;;;;;;;;;;;;;;;;;;;;;;;;;;;;;
2023;Sul;4;Rio Grande do Sul;RS;43;Camaquã;4303509;Porto Alegre;4301;Camaquã;430005;Metropolitana de Porto Alegre;4305;Camaquã;43028;430350905;ESC EDUC PROF SENAC CAMAQUA;43008461;4;1;1;0;RUA MARCIRIO DIAS LONGARAY;LOJA 01;PREDIO;OLARIA;96785168;51;36710363;1;12;02JAN23:00:00:00;29DEC23:00:00:00;;;;;0;;;;;;;;;;;;;;;;;;;;0;0;0;0;0;1;0;3,42271E+12;3,42271E+12;1;2;;;1;2;0;0;0;0;;0;0;1;1;1;0;0;0;0;1;0;0;0;1;0;0;0;0;1;0;0;0;0;1;0;1;0;1;0;0;1;0;1;1;1;1;1;1;0;0;0;0;1;0;0;0;0;0;0;0;0;0;0;0;0;0;0;0;1;0;1;0;1;0;0;0;0;1;0;0;1;1;0;0;1;0;15;0;15;15;15;0;1;1;1;1;0;0;1;1;0;0;1;9;0;0;1;10;1;66;0;0;0;0;1;1;1;1;0;1;1;3;1;1;88888;1;2;1;1;0;0;0;0;0;0;0;0;0;0;0;0;1;1;1;1;0;0;0;0;0;0;0;0;0;0;0;1;0;0;1;0;1;0;0;0;0;0;0;0;0;0;;;;;0;;;;;;;1;0;0;0;0;0;0;0;1;1;0;0;1;0;0;0;0;1;0;1;0;0;0;0;0;0;0;1;1;0;0;0;0;0;0;54;0;0;0;0;0;0;0;0;0;0;0;0;0;0;0;0;0;0;0;0;0;0;0;0;0;0;0;0;0;0;0;0;0;54;54;24;30;0;0;0;0;0;0;0;0;0;0;0;0;0;19;35;8;42;2;2;0;0;0;0;0;0;10;44;0;54;0;0;0;0;0;0;0;0;48;6;0;0;0;0;4;0;0;0;0;0;0;0;4;4;0;0;0;0;0;0;4;0;0;0;0;0;0;0;4;4;0;0;0;0;0;0;0;4;0;0;0;0;0;0;0;0
2023;Sul;4;Rio Grande do Sul;RS;43;Tramandaí;4321600;Porto Alegre;4301;Tramandaí - Osório;430003;Metropolitana de Porto Alegre;4305;Osório;43027;432160005;ESC EDUC PROF SENAC - TRAMANDAI;43008968;4;1;1;0;AVENIDA RUBEM BERTA;1700;;CENTRO;95590000;51;36615674;1;11;02JAN23:00:00:00;29DEC23:00:00:00;;;;;0;;;;;;;;;;;;;;;;;;;;0;0;0;0;0;1;0;3,42271E+12;3,42271E+12;1;1;;;1;2;0;0;0;0;;0;0;0;1;1;0;0;0;0;1;0;0;0;1;0;0;0;0;1;0;0;0;0;1;0;0;0;1;0;0;1;0;1;0;0;1;1;1;1;0;0;0;1;0;0;0;0;0;0;0;0;0;0;0;0;0;0;0;1;0;1;0;1;0;0;0;0;0;1;1;0;0;1;0;1;0;19;0;19;19;19;0;1;1;1;1;1;0;0;0;0;0;1;18;0;0;1;2;1;20;0;0;0;0;1;1;1;1;0;1;1;3;1;1;1;1;4;0;0;0;0;0;0;0;0;0;0;0;0;0;0;1;1;1;1;1;1;0;0;0;0;0;0;0;0;0;1;0;0;1;0;0;0;0;0;0;0;0;0;0;0;;;;;0;;;;;;;1;1;0;0;0;0;0;0;1;1;0;0;1;0;0;0;1;1;0;1;0;0;0;0;0;0;0;1;1;0;0;0;1;1;0;168;0;0;0;0;0;0;0;0;0;0;0;0;0;0;0;0;0;0;0;0;0;0;0;0;0;0;0;0;0;0;0;0;0;168;168;168;0;0;0;0;0;0;0;0;0;0;0;2;2;0;116;52;64;88;3;11;1;1;0;0;0;0;13;155;17;151;0;0;0;0;0;0;0;0;160;8;0;0;0;0;4;0;0;0;0;0;0;0;4;4;0;0;0;1;1;0;3;0;0;0;0;0;0;0;3;3;0;0;0;1;1;0;1;2;0;0;0;0;0;0;0;0
2023;Sul;4;Rio Grande do Sul;RS;43;Porto Alegre;4314902;Porto Alegre;4301;Porto Alegre;430001;Metropolitana de Porto Alegre;4305;Porto Alegre;43026;431490205;SENAC TECH;43009212;4;1;1;0;VENANCIO AIRES;93;;CIDADE BAIXA;90040191;51;32887750;1;1;06FEB23:00:00:00;21DEC23:00:00:00;;;;;0;;;;;;;;;;;;;;;;;;;;0;0;0;0;0;1;0;3,42271E+12;3,42271E+12;1;2;;;1;1;0;0;0;0;;0;0;0;1;1;0;0;0;0;1;0;0;0;1;0;0;0;0;1;0;0;0;0;1;0;0;0;0;0;1;1;0;1;1;0;1;1;1;0;0;0;0;1;0;0;1;0;0;0;0;0;0;0;0;0;0;0;0;1;0;1;1;1;1;0;0;0;1;1;1;1;1;0;1;0;0;22;0;22;22;22;1;1;1;1;1;1;0;0;0;0;0;1;3;0;0;1;22;1;390;1;35;1;12;1;1;1;1;0;1;1;3;1;1;6;1;5;1;1;0;0;0;0;0;0;0;0;0;0;0;0;1;9;1;1;0;0;1;3;1;1;0;0;0;0;0;1;0;1;1;0;1;0;0;0;0;0;0;0;0;0;;;;;0;;;;;;;1;1;1;0;0;0;0;0;1;0;0;0;1;0;0;0;1;1;0;1;0;0;0;0;0;0;0;1;1;0;0;0;1;1;0;341;0;0;0;0;0;0;0;0;0;0;0;0;0;0;0;0;0;0;0;0;0;0;0;0;0;0;0;0;0;0;0;0;0;341;341;341;0;0;0;0;0;0;0;0;0;0;0;14;14;0;56;285;116;186;15;24;0;0;0;0;0;0;32;309;179;162;0;0;0;0;0;0;0;0;338;3;0;326;8;318;6;0;0;0;0;0;0;0;6;6;0;0;0;6;6;0;26;0;0;0;0;0;0;0;26;26;0;0;0;10;10;0;13;13;0;0;0;0;0;0;0;0
2023;Sul;4;Rio Grande do Sul;RS;43;Cachoeira do Sul;4303004;Santa Maria;4303;Cachoeira do Sul;430013;Centro Oriental Rio-grandense;4304;Cachoeira do Sul;43022;430300405;ESC EDUC PROF SENAC CACHOEIRA DO SUL;43009255;4;1;1;0;AVENIDA JULIO DE CASTILHOS;835;COMERCIAL;CENTRO;96501000;51;37223187;1;24;06FEB23:00:00:00;15DEC23:00:00:00;;;;;0;;;;;;;;;;;;;;;;;;;;0;0;0;0;0;1;0;3,42271E+12;3,42271E+12;1;1;;;1;2;0;0;0;0;;0;0;0;1;1;0;0;0;0;1;0;0;0;1;0;0;0;0;1;0;0;0;0;1;0;0;0;1;0;1;1;0;1;0;0;1;1;1;0;0;0;0;1;0;0;0;0;0;0;0;0;0;0;0;0;0;0;0;1;0;1;0;1;0;0;0;0;1;1;0;1;0;0;0;0;0;13;0;13;13;13;0;1;1;1;1;1;0;0;0;1;1;1;5;0;0;1;9;1;88888;1;20;0;0;1;1;1;1;1;1;1;3;1;1;88888;1;2;0;0;0;0;0;0;0;0;0;0;0;0;0;0;1;3;1;1;0;0;1;1;0;0;0;0;0;0;0;0;0;0;1;0;0;0;0;0;0;0;0;0;0;0;;;;;0;;;;;;;1;0;0;0;0;0;0;0;1;1;0;0;1;0;0;0;0;1;0;1;0;0;0;0;0;0;0;1;1;0;0;0;0;0;0;23;0;0;0;0;0;0;0;0;0;0;0;0;0;0;0;0;0;0;0;0;0;0;0;0;0;0;0;0;0;0;0;0;0;23;23;0;23;0;0;0;0;0;0;0;0;0;0;0;0;0;7;16;1;21;1;0;0;0;0;0;0;0;3;20;0;23;0;0;0;0;0;0;0;0;22;1;0;0;0;0;4;0;0;0;0;0;0;0;4;4;0;0;0;0;0;0;2;0;0;0;0;0;0;0;2;2;0;0;0;0;0;0;0;2;0;0;0;0;0;0;0;0
2023;Sul;4;Rio Grande do Sul;RS;43;Caxias do Sul;4305108;Caxias do Sul;4307;Caxias do Sul;430036;Nordeste Rio-grandense;4302;Caxias do Sul;43016;430510805;SENAC CAXIAS DO SUL;43009263;4;1;1;0;AV. JULIO DE CASTILHOS;3638;PREDIO;CINQUENTENARIO;95010002;54;32251666;1;4;13FEB23:00:00:00;15DEC23:00:00:00;;;;;0;;;;;;;;;;;;;;;;;;;;0;0;0;0;0;1;0;3,42271E+12;3,42271E+12;1;1;;;1;1;0;0;0;0;;1;0;0;1;1;0;0;0;0;1;0;0;0;1;0;0;0;0;1;0;0;0;0;1;0;0;0;1;1;0;1;0;1;0;1;1;1;1;1;0;0;0;1;0;0;1;0;0;1;1;0;0;0;0;0;0;0;0;1;0;1;0;0;0;0;0;0;0;1;0;1;1;0;0;0;0;17;6;23;15;17;0;1;0;0;1;0;0;0;0;0;0;1;20;1;3;1;25;1;117;1;170;0;0;1;1;1;1;0;1;1;3;1;1;1;1;4;0;0;0;0;1;1;0;0;0;0;0;0;0;0;1;2;1;1;1;88888;0;0;1;1;0;0;0;0;0;0;0;1;1;0;1;0;1;1;0;0;0;0;0;0;;;;;0;;;;;;;1;0;0;0;0;0;0;0;1;0;0;0;1;0;0;1;1;1;0;1;0;0;0;0;0;0;1;1;1;0;0;0;1;1;0;145;0;0;0;0;0;0;0;0;0;0;0;0;0;0;0;87;87;33;29;25;0;0;0;0;0;0;0;0;0;0;0;0;0;58;58;58;0;0;0;0;0;0;0;0;0;0;0;6;6;0;32;113;3;134;2;6;0;0;0;0;0;0;104;41;87;58;0;0;0;0;0;0;0;0;145;0;0;1;0;1;14;0;0;0;0;0;0;12;2;2;0;0;0;14;14;0;8;0;0;0;0;0;0;3;5;5;0;0;0;4;4;0;3;5;0;0;0;0;0;0;0;0
2023;Sul;4;Rio Grande do Sul;RS;43;São Leopoldo;4318705;Porto Alegre;4301;Novo Hamburgo - São Leopoldo;430002;Metropolitana de Porto Alegre;4305;Porto Alegre;43026;431870505;EEP SENAC SAO LEOPOLDO;43011993;4;1;1;0;RUA LINDOLFO COLLOR;835;;CENTRO;93010080;51;35903060;1;2;31JAN23:00:00:00;22DEC23:00:00:00;;;;;0;;;;;;;;;;;;;;;;;;;;0;0;0;0;0;1;0;3,42271E+12;3,42271E+12;1;2;;;1;2;0;0;0;0;;1;0;0;1;1;0;0;0;0;1;0;1;0;1;0;0;0;0;1;0;0;0;0;1;0;0;0;1;0;0;1;0;1;0;0;1;1;1;0;0;0;0;1;1;0;1;0;0;1;1;1;0;0;0;0;0;0;0;1;0;1;0;1;0;0;0;0;1;1;0;1;1;0;0;1;0;27;6;33;33;33;0;1;1;1;1;1;0;0;0;1;7;1;19;1;5;1;17;1;82;1;216;1;5;1;1;1;1;1;1;1;3;1;1;14;1;7;0;0;0;0;0;0;0;0;0;0;0;0;0;0;1;21;1;2;0;0;0;0;1;1;0;0;0;0;0;1;0;1;1;0;1;1;1;1;0;1;0;0;0;0;;;;;0;;;;;;;1;1;1;0;0;0;0;0;1;0;0;0;1;0;0;1;1;1;0;1;0;0;0;0;0;0;1;1;1;0;0;0;1;1;0;429;0;0;0;0;0;0;0;0;0;0;0;0;0;0;0;298;0;0;0;0;0;0;298;135;99;64;0;0;0;0;0;0;0;429;429;0;131;0;0;0;0;0;0;0;0;0;0;3;3;0;180;249;119;293;3;12;2;0;0;0;0;1;306;122;339;90;0;0;0;0;0;0;0;0;424;5;0;87;76;11;28;0;0;0;0;0;0;15;28;28;0;0;0;5;5;0;17;0;0;0;0;0;0;9;17;17;0;0;0;3;3;0;12;5;0;0;0;0;0;0;0;0
2023;Sul;4;Rio Grande do Sul;RS;43;Farroupilha;4307906;Caxias do Sul;4307;Caxias do Sul;430036;Nordeste Rio-grandense;4302;Caxias do Sul;43016;430790605;EEP SENAC FARROUPILHA;43012027;4;1;1;0;RUA DA REPUBLICA;617;;CENTRO;95170484;54;32683500;1;4;20MAR23:00:00:00;15DEC23:00:00:00;;;;;0;;;;;;;;;;;;;;;;;;;;0;0;0;0;0;1;0;3,42271E+12;3,42271E+12;1;1;;;1;2;0;0;0;0;;0;0;0;1;1;0;0;0;0;1;0;0;0;1;0;0;0;0;1;0;0;0;0;0;0;0;1;0;0;0;1;0;1;0;0;1;1;1;0;0;0;0;1;0;0;0;0;0;0;0;0;0;0;0;0;0;0;0;1;0;1;0;1;0;0;0;0;1;1;1;1;1;0;0;0;0;10;0;10;10;0;0;1;0;1;1;0;0;0;0;0;0;1;5;0;0;1;4;1;20;0;0;0;0;1;1;1;1;0;1;1;2;1;1;88888;1;1;0;0;1;3;1;1;0;0;0;0;0;0;0;0;1;88888;1;1;0;0;0;0;0;0;0;0;0;0;0;0;0;0;0;0;1;0;1;0;0;0;0;0;0;0;;;;;0;;;;;;;1;0;0;0;0;0;0;0;1;1;0;0;1;0;0;0;0;1;0;1;0;0;0;0;0;0;0;1;1;0;0;0;0;0;0;23;0;0;0;0;0;0;0;0;0;0;0;0;0;0;0;0;0;0;0;0;0;0;0;0;0;0;0;0;0;0;0;0;0;23;23;23;0;0;0;0;0;0;0;0;0;0;0;0;0;0;21;2;9;14;0;0;0;0;0;0;0;0;0;23;0;23;0;0;0;0;0;0;0;0;22;1;0;0;0;0;1;0;0;0;0;0;0;0;1;1;0;0;0;0;0;0;1;0;0;0;0;0;0;0;1;1;0;0;0;0;0;0;0;1;0;0;0;0;0;0;0;0
2023;Sul;4;Rio Grande do Sul;RS;43;Santa Cruz do Sul;4316808;Santa Cruz do Sul - Lajeado;4308;Santa Cruz do Sul;430040;Centro Oriental Rio-grandense;4304;Santa Cruz do Sul;43020;431680805;ESCOLA DE ENSINO MEDIO E TECNICO SENAC SANTA CRUZ;43012043;4;1;1;0;RUA VENANCIO AIRES;300;PREDIO;CENTRO;96810970;51;37159335;1;6;13FEB23:00:00:00;15DEC23:00:00:00;;;;;0;;;;;;;;;;;;;;;;;;;;0;0;0;0;0;1;0;3,42271E+12;3,42271E+12;1;2;;;1;2;0;0;0;0;;0;0;0;1;1;0;0;0;0;1;0;0;0;1;0;0;0;0;1;0;0;0;0;1;0;0;0;1;0;1;1;0;1;0;0;1;1;1;0;0;0;0;1;0;0;0;0;0;0;0;0;0;0;0;0;0;0;0;1;0;1;0;1;0;0;0;0;1;1;0;0;1;0;0;0;0;11;0;11;11;11;0;1;0;1;1;1;0;0;0;0;0;1;88888;0;0;1;5;1;65;1;87;0;0;1;1;1;1;0;1;1;3;1;1;12;1;2;0;0;1;88888;0;0;0;0;0;0;0;0;0;0;1;4;1;1;0;0;0;0;0;0;0;0;0;0;0;1;0;1;1;0;1;0;0;1;0;0;0;0;0;0;;;;;0;;;;;;;1;1;1;0;0;0;0;0;1;1;0;0;1;0;0;1;1;1;0;1;0;0;0;0;0;0;1;1;1;0;0;0;1;1;0;124;0;0;0;0;0;0;0;0;0;0;0;0;0;0;0;85;0;0;0;0;0;0;85;39;28;18;0;0;0;0;0;0;0;124;124;39;0;0;0;0;0;0;0;0;0;0;0;5;5;0;32;92;23;97;1;3;0;0;0;0;0;0;84;40;85;39;0;0;0;0;0;0;0;0;113;11;0;33;0;33;14;0;0;0;0;0;0;11;14;14;0;0;0;12;12;0;6;0;0;0;0;0;0;3;6;6;0;0;0;4;4;0;3;3;0;0;0;0;0;0;0;0
2023;Sul;4;Rio Grande do Sul;RS;43;Santo Ângelo;4317509;Ijuí;4305;Santo Ângelo;430020;Noroeste Rio-grandense;4301;Santo Ângelo;43007;431750905;EEP SENAC SANTO ANGELO;43012051;4;1;1;0;RUA JOAO MELLER;179;PREDIO;CENTRO;98804562;55;33133111;1;14;25JAN23:00:00:00;28DEC23:00:00:00;;;;;0;;;;;;;;;;;;;;;;;;;;0;0;0;0;0;1;0;3,42271E+12;3,42271E+12;1;1;;;1;1;0;0;0;0;;0;0;0;1;1;0;0;0;0;1;0;0;0;1;0;0;0;0;1;0;0;0;0;1;0;0;0;1;0;0;1;0;1;0;0;1;1;1;0;0;0;1;1;0;0;0;0;0;0;0;0;0;0;0;0;1;0;0;1;0;1;0;1;0;0;0;0;1;1;0;1;1;0;0;0;0;12;0;12;12;5;0;1;1;1;1;0;0;1;1;1;2;1;7;0;0;1;14;1;16;1;3;0;0;1;1;1;1;0;1;1;3;1;1;1;1;2;1;1;0;0;1;3;0;0;0;0;0;0;0;0;1;1;1;1;0;0;0;0;0;0;0;0;0;0;0;0;0;1;1;0;0;0;0;0;0;0;0;0;0;0;;;;;0;;;;;;;1;0;0;0;0;0;0;0;1;1;0;0;1;0;0;0;1;1;0;1;0;0;0;0;0;0;0;1;1;0;0;0;1;1;0;154;0;0;0;0;0;0;0;0;0;0;0;0;0;0;0;0;0;0;0;0;0;0;0;0;0;0;0;0;0;0;0;0;0;154;154;154;0;0;0;0;0;0;0;0;0;0;0;1;1;0;124;30;0;137;4;13;0;0;0;0;0;0;8;146;17;137;0;0;0;0;0;0;0;0;145;9;0;0;0;0;14;0;0;0;0;0;0;0;14;14;0;0;0;5;5;0;8;0;0;0;0;0;0;0;8;8;0;0;0;1;1;0;1;7;0;0;0;0;0;0;0;0
2023;Sul;4;Rio Grande do Sul;RS;43;Sant'Ana do Livramento;4317103;Uruguaiana;4304;Santana do Livramento;430016;Sudoeste Rio-grandense;4306;Campanha Central;43030;431710305;EEP SENAC SANTANA DO LIVRAMENTO;43012086;4;1;1;0;RUA DUQUE DE CAXIAS;2049;PREDIO;DIVISA;97573481;55;32444253;1;19;01JAN23:00:00:00;31DEC23:00:00:00;;;;;0;;;;;;;;;;;;;;;;;;;;0;0;0;0;0;1;0;3,42271E+12;3,42271E+12;1;1;;;1;2;0;0;0;0;;0;0;0;1;1;0;0;0;0;1;0;0;0;1;0;0;0;0;1;0;0;0;0;0;0;0;1;0;1;0;1;0;1;0;0;1;1;1;0;0;0;0;1;0;0;1;0;0;0;0;0;0;0;0;0;0;0;0;1;0;1;0;1;0;0;0;0;1;1;1;0;1;0;0;0;0;21;0;21;21;21;0;1;1;1;1;1;0;0;0;1;2;1;12;0;0;1;9;1;40;0;0;0;0;1;1;1;1;1;1;1;3;0;1;7;1;2;0;0;0;0;0;0;0;0;0;0;0;0;0;0;1;1;1;1;0;0;0;0;1;1;1;3;0;0;0;0;0;0;1;0;0;0;0;0;0;0;0;0;0;0;;;;;0;;;;;;;1;1;0;0;0;0;0;0;1;1;0;0;1;0;0;0;0;1;0;1;0;0;0;0;0;0;0;1;1;0;0;0;1;1;0;133;0;0;0;0;0;0;0;0;0;0;0;0;0;0;0;0;0;0;0;0;0;0;0;0;0;0;0;0;0;0;0;0;0;133;133;133;0;0;0;0;0;0;0;0;0;0;0;1;1;0;107;26;48;71;7;6;1;0;0;0;0;0;1;132;0;133;0;0;0;0;0;0;0;0;132;1;0;34;1;33;6;0;0;0;0;0;0;0;6;6;0;0;0;4;4;0;8;0;0;0;0;0;0;0;8;8;0;0;0;1;1;0;0;8;0;0;0;0;0;0;0;0
2023;Sul;4;Rio Grande do Sul;RS;43;São Luiz Gonzaga;4318903;Ijuí;4305;São Luiz Gonzaga;430022;Noroeste Rio-grandense;4301;Santo Ângelo;43007;431890305;EEP SENAC SAO LUIZ GONZAGA;43012108;4;1;1;0;RUA TREZE DE MAIO;1297;PREDIO;CENTRO;97800000;55;33527398;1;32;16JAN23:00:00:00;28DEC23:00:00:00;;;;;0;;;;;;;;;;;;;;;;;;;;0;0;0;0;0;1;0;3,42271E+12;3,42271E+12;1;3;;;1;2;0;0;0;0;;0;0;0;1;1;0;0;0;0;1;0;0;0;1;0;0;0;0;1;0;0;0;0;1;1;1;0;1;0;0;1;0;1;0;0;0;0;1;1;0;0;0;1;0;0;0;0;0;0;0;0;0;0;0;0;1;0;0;1;0;1;0;1;0;0;0;0;1;0;1;0;1;0;0;0;0;6;0;6;6;6;0;1;0;1;1;0;0;0;0;0;0;1;7;0;0;0;0;1;12;0;0;0;0;1;1;1;0;0;1;0;3;1;1;1;1;1;0;0;0;0;0;0;0;0;0;0;0;0;0;0;1;1;1;1;1;1;0;0;0;0;0;0;0;0;0;0;0;0;0;0;1;0;0;0;0;0;0;0;0;0;;;;;0;;;;;;;1;9;9;0;0;0;0;0;1;9;0;0;1;0;0;0;0;1;0;1;0;0;0;0;0;0;0;1;1;0;0;0;0;0;0;10;0;0;0;0;0;0;0;0;0;0;0;0;0;0;0;0;0;0;0;0;0;0;0;0;0;0;0;0;0;0;0;0;0;10;10;10;0;0;0;0;0;0;0;0;0;0;0;0;0;0;1;9;0;10;0;0;0;0;0;0;0;0;0;10;0;10;0;0;0;0;0;0;0;0;8;2;0;0;0;0;1;0;0;0;0;0;0;0;1;1;0;0;0;0;0;0;1;0;0;0;0;0;0;0;1;1;0;0;0;0;0;0;0;1;0;0;0;0;0;0;0;0
2023;Sul;4;Rio Grande do Sul;RS;43;São Borja;4318002;Uruguaiana;4304;São Borja;430017;Sudoeste Rio-grandense;4306;Campanha Ocidental;43029;431800205;EEP SENAC SAO BORJA;43012124;4;1;1;0;RUA GENERAL CANABARRO;310;PREDIO;CENTRO;97670000;55;34312574;1;35;06FEB23:00:00:00;15DEC23:00:00:00;;;;;0;;;;;;;;;;;;;;;;;;;;0;0;0;0;0;1;0;3,42271E+12;3,42271E+12;1;2;;;1;1;0;0;0;0;;0;0;0;1;1;0;0;0;0;1;0;0;0;1;0;0;0;0;1;0;0;0;0;1;0;1;0;1;0;0;1;0;1;0;0;1;1;1;0;0;0;0;1;0;0;1;0;0;0;0;0;0;0;0;0;0;0;0;1;1;1;0;1;0;0;0;0;1;1;1;1;1;0;1;1;0;16;0;16;16;16;0;1;1;1;1;0;0;0;0;1;16;1;16;0;0;1;16;1;40;1;40;1;40;1;1;1;0;0;1;1;2;1;1;2;1;3;1;1;1;88888;1;1;0;0;0;0;0;0;0;0;1;1;1;1;1;1;0;0;1;1;1;1;0;0;0;1;0;1;1;0;1;0;1;0;0;0;1;0;0;0;;;;;0;;;;;;;1;1;1;0;0;0;0;0;1;1;0;0;1;0;0;0;0;1;0;1;0;0;0;0;0;0;0;1;1;0;0;0;1;1;0;107;0;0;0;0;0;0;0;0;0;0;0;0;0;0;0;0;0;0;0;0;0;0;0;0;0;0;0;0;0;0;0;0;0;107;107;0;107;0;0;0;0;0;0;0;0;0;0;1;1;0;87;20;43;52;2;10;0;0;0;0;0;0;4;103;0;107;0;0;0;0;0;0;0;0;102;5;0;12;0;12;5;0;0;0;0;0;0;0;5;5;0;0;0;4;4;0;6;0;0;0;0;0;0;0;6;6;0;0;0;1;1;0;0;6;0;0;0;0;0;0;0;0
2023;Sul;4;Rio Grande do Sul;RS;43;Porto Alegre;4314902;Porto Alegre;4301;Porto Alegre;430001;Metropolitana de Porto Alegre;4305;Porto Alegre;43026;431490205;SENAC RIO GRANDE DO SUL;43049702;4;1;1;0;AV. ALBERTO BINS;665;ANDAR 6 AO 8;CENTRO HISTORICO;90030142;51;32142997;1;1;01JAN23:00:00:00;25DEC23:00:00:00;;;;;0;;;;;;;;;;;;;;;;;;;;0;0;0;0;0;1;0;3,42271E+12;3,42271E+12;1;1;;;1;2;0;0;0;0;;0;0;0;1;1;0;0;0;0;1;0;0;0;1;0;0;0;0;1;0;0;0;0;1;0;0;0;0;0;0;1;0;1;0;1;1;1;1;0;0;0;0;0;0;0;0;0;0;0;0;0;0;0;0;0;0;0;0;1;0;1;0;1;0;0;0;0;1;1;0;1;0;0;0;0;0;2;0;2;0;0;0;1;1;0;1;1;0;0;0;1;2;1;88888;0;0;1;2;1;198;1;2;1;1;1;0;1;1;0;0;0;1;1;1;111;0;0;0;0;0;0;0;0;0;0;0;0;0;0;0;0;1;247;1;17;0;0;0;0;1;3;0;0;0;0;0;0;0;0;0;0;0;0;0;0;0;0;0;0;1;0;;;;;0;;;;;;;1;0;0;0;0;0;0;0;1;1;0;0;0;0;1;0;0;0;1;1;0;0;0;0;0;0;0;1;1;0;0;0;1;1;0;44906;0;0;0;0;0;0;0;0;0;0;0;0;0;0;0;0;0;0;0;0;0;0;0;0;0;0;0;0;0;0;0;0;0;44906;44906;44903;3;0;0;0;0;0;0;0;0;0;0;1181;1181;0;29339;15567;5074;16392;6305;16151;840;144;0;0;0;1;1221;43684;0;0;44906;0;0;0;0;0;0;0;43808;1098;0;0;0;0;300;0;0;0;0;0;0;0;300;300;0;0;0;279;279;0;769;0;0;0;0;0;0;0;769;769;0;0;0;436;436;0;0;0;769;0;0;0;0;0;0;0
2023;Sul;4;Rio Grande do Sul;RS;43;Carazinho;4304705;Passo Fundo;4306;Carazinho;430028;Noroeste Rio-grandense;4301;Carazinho;43009;430470505;EEP SENAC CARAZINHO;43059180;4;1;1;0;AV FLORES DA CUNHA;2821;PREDIO;CENTRO;99500000;54;33315557;1;39;06MAR23:00:00:00;29DEC23:00:00:00;;;;;0;;;;;;;;;;;;;;;;;;;;0;0;0;0;0;1;0;3,42271E+12;3,42271E+12;1;1;;;1;2;0;0;0;0;;0;0;0;1;1;0;0;0;0;1;0;0;0;1;0;0;0;0;1;0;0;0;0;0;0;0;1;1;0;0;1;0;1;0;0;1;1;1;0;0;0;0;1;0;1;0;0;0;0;0;0;0;0;0;0;0;0;0;1;0;1;0;1;0;0;0;0;1;1;0;0;0;0;0;0;0;12;0;12;12;12;0;1;1;1;1;0;0;0;0;0;0;1;8;0;0;1;12;1;88888;0;0;0;0;1;1;1;1;0;1;1;2;1;1;88888;1;4;0;0;0;0;0;0;0;0;0;0;0;0;0;0;1;2;1;1;1;88888;0;0;1;1;0;0;0;0;0;1;0;0;0;0;0;0;0;0;0;0;0;0;0;0;;;;;0;;;;;;;1;0;0;0;0;0;0;0;1;1;0;0;1;0;0;0;0;1;0;1;0;0;0;0;0;0;0;1;1;0;0;0;1;1;0;29;0;0;0;0;0;0;0;0;0;0;0;0;0;0;0;0;0;0;0;0;0;0;0;0;0;0;0;0;0;0;0;0;0;29;29;9;20;0;0;0;0;0;0;0;0;0;0;1;1;0;13;16;6;19;2;2;0;0;0;0;0;0;6;23;0;29;0;0;0;0;0;0;0;0;28;1;0;0;0;0;6;0;0;0;0;0;0;0;6;6;0;0;0;3;3;0;3;0;0;0;0;0;0;0;3;3;0;0;0;1;1;0;0;3;0;0;0;0;0;0;0;0
2023;Sul;4;Rio Grande do Sul;RS;43;Montenegro;4312401;Porto Alegre;4301;Montenegro;430007;Metropolitana de Porto Alegre;4305;Montenegro;43023;431240105;EEP SENAC MONTENEGRO;43077218;4;1;1;0;RUA CAPITAO PORFIRIO;2225;SENAC MONTENEGRO;CENTRO;92510305;51;36493141;1;2;02JAN23:00:00:00;31DEC23:00:00:00;;;;;0;;;;;;;;;;;;;;;;;;;;0;0;0;0;0;1;1;3,42271E+12;3,42271E+12;1;1;;;1;2;0;0;0;0;;0;1;0;1;1;0;0;0;0;1;0;0;0;1;0;0;0;0;1;0;0;0;0;1;0;0;0;0;0;1;1;0;1;0;0;1;1;0;0;0;0;0;1;0;0;0;0;0;0;0;0;0;0;0;0;0;0;0;1;0;1;0;1;0;0;0;0;1;1;0;1;1;0;0;0;0;13;5;18;18;0;0;1;0;1;1;0;0;0;0;1;1;1;18;0;0;1;5;1;88888;1;3;1;12;1;1;1;1;1;1;1;3;1;1;88888;1;3;0;0;1;88888;0;0;0;0;0;0;0;0;0;0;1;1;1;1;1;1;1;1;0;0;0;0;0;0;0;1;0;0;1;0;1;1;1;1;0;0;0;0;0;0;;;;;0;;;;;;;1;1;1;0;0;0;0;0;1;1;0;0;1;0;0;0;0;1;0;1;0;0;0;0;0;0;0;1;1;0;0;0;0;0;0;16;0;0;0;0;0;0;0;0;0;0;0;0;0;0;0;0;0;0;0;0;0;0;0;0;0;0;0;0;0;0;0;0;0;16;16;0;16;0;0;0;0;0;0;0;0;0;0;0;0;0;8;8;2;12;2;0;0;0;0;0;0;0;2;14;0;16;0;0;0;0;0;0;0;0;15;1;0;0;0;0;2;0;0;0;0;0;0;0;2;2;0;0;0;0;0;0;2;0;0;0;0;0;0;0;2;2;0;0;0;0;0;0;0;2;0;0;0;0;0;0;0;0
2023;Sul;4;Rio Grande do Sul;RS;43;Porto Alegre;4314902;Porto Alegre;4301;Porto Alegre;430001;Metropolitana de Porto Alegre;4305;Porto Alegre;43026;431490205;EEP ESCOLA DE ENSINO MEDIO SENAC DISTRITO CRIATIVO;43089089;4;1;1;0;AVENIDA CRISTOVAO COLOMBO;545;PREDIO 1 / 3º ANDAR;FLORESTA;90560003;51;32864008;1;1;13FEB23:00:00:00;15DEC23:00:00:00;;;;;0;;;;;;;;;;;;;;;;;;;;0;0;0;0;0;1;0;3,42271E+12;3,42271E+12;1;1;;;1;2;0;0;0;0;;0;0;0;1;1;0;0;0;0;1;0;0;0;1;0;0;0;0;1;0;0;0;0;1;0;0;0;1;0;0;1;0;1;0;0;1;1;0;0;0;0;1;1;0;0;0;0;0;0;0;0;0;0;0;0;0;0;0;1;0;0;0;1;0;0;0;0;1;1;1;1;1;0;0;0;0;6;0;6;6;6;0;1;1;1;1;1;0;0;0;1;1;1;6;0;0;1;2;0;0;1;80;1;8;1;1;1;1;0;1;1;2;1;1;10;1;3;1;1;0;0;0;0;0;0;0;0;0;0;0;0;1;2;1;1;1;1;0;0;1;1;0;0;0;0;0;0;0;0;0;0;0;0;0;0;0;0;0;0;1;0;;;;;0;;;;;;;1;0;0;0;0;0;0;0;1;1;0;0;1;0;0;1;1;0;0;1;0;0;0;0;0;0;1;1;1;0;0;0;1;1;0;167;0;0;0;0;0;0;0;0;0;0;0;0;0;0;0;167;0;0;0;0;0;0;167;71;56;40;0;0;0;0;0;0;0;167;167;0;0;0;0;0;0;0;0;0;0;0;0;4;4;0;40;127;0;148;8;10;1;0;0;0;0;2;146;19;167;0;0;0;0;0;0;0;0;0;167;0;0;0;0;0;12;0;0;0;0;0;0;12;12;12;0;0;0;11;11;0;6;0;0;0;0;0;0;6;6;6;0;0;0;2;2;0;6;0;0;0;0;0;0;0;0;0
2023;Sul;4;Rio Grande do Sul;RS;43;Rio Grande;4315602;Pelotas;4302;Pelotas;430009;Sudeste Rio-grandense;4307;Litoral Lagunar;43035;431560205;SENAC RIO GRANDE;43176615;4;1;1;0;AVENIDA PRESIDENTE VARGAS;299;;SAO PAULO;96202336;53;32312355;1;18;18JAN23:00:00:00;18DEC23:00:00:00;;;;;0;;;;;;;;;;;;;;;;;;;;0;0;0;0;0;1;0;3,42271E+12;3,42271E+12;1;2;;;1;2;0;0;0;0;;0;0;0;1;1;0;0;0;0;1;0;1;0;1;0;0;0;0;1;0;0;0;0;1;0;0;0;1;0;0;1;0;1;0;0;1;1;0;0;0;0;0;1;1;0;1;0;0;0;0;0;0;0;0;0;0;0;0;1;0;1;0;1;0;0;0;0;1;1;1;1;1;0;1;1;0;15;0;15;15;15;0;1;1;1;1;1;0;0;0;1;4;1;10;0;0;1;10;1;24;1;40;0;0;1;1;1;1;0;1;1;3;1;1;11;1;4;0;0;0;0;0;0;0;0;0;0;0;0;0;0;1;20;1;1;0;0;0;0;0;0;0;0;0;0;0;1;0;0;1;0;0;0;0;0;0;0;0;0;0;0;;;;;0;;;;;;;1;0;0;0;0;0;0;0;1;0;0;0;1;0;0;0;1;1;0;1;0;0;0;0;0;0;0;1;1;0;0;0;1;1;0;511;0;0;0;0;0;0;0;0;0;0;0;0;0;0;0;0;0;0;0;0;0;0;0;0;0;0;0;0;0;0;0;0;0;511;511;511;0;0;0;0;0;0;0;0;0;0;0;3;3;0;441;70;308;158;19;25;0;1;0;0;0;0;6;505;216;295;0;0;0;0;0;0;0;0;501;10;0;4;0;4;12;0;0;0;0;0;0;0;12;12;0;0;0;4;4;0;18;0;0;0;0;0;0;0;18;18;0;0;0;3;3;0;8;10;0;0;0;0;0;0;0;0
2023;Sul;4;Rio Grande do Sul;RS;43;Uruguaiana;4322400;Uruguaiana;4304;Uruguaiana;430015;Sudoeste Rio-grandense;4306;Campanha Ocidental;43029;432240005;ESCOLA DE EDUCACAO PROFISSIONAL SENAC URUGUAIANA;43205828;4;1;1;0;TRAVESSA DOUTOR CESAR CUNHA;2998;PREDIO;CENTRO;97501682;55;34123838;1;10;30JAN23:00:00:00;22DEC23:00:00:00;;;;;0;;;;;;;;;;;;;;;;;;;;0;0;0;0;0;1;0;3,42271E+12;3,42271E+12;1;3;;;1;1;0;0;0;0;;0;1;0;1;1;0;0;0;0;1;0;0;0;1;0;0;0;0;1;0;0;0;0;1;1;0;0;1;0;1;1;0;1;1;0;1;1;1;1;0;0;0;1;0;1;1;0;0;0;0;0;0;0;0;0;0;0;0;1;0;1;0;1;0;0;0;0;1;0;0;1;1;1;0;1;0;16;0;16;16;6;0;1;1;1;1;0;0;1;2;1;2;1;3;0;0;1;16;1;36;0;0;0;0;1;1;1;1;0;1;1;3;1;1;8;1;3;1;1;1;1;0;0;0;0;0;0;0;0;0;0;1;3;1;1;1;2;0;0;1;2;0;0;0;0;0;1;0;1;1;0;1;1;1;0;1;1;0;0;0;0;;;;;0;;;;;;;1;1;1;0;0;0;0;0;1;1;0;0;1;0;0;0;1;1;0;1;0;0;0;0;0;0;0;1;1;0;0;0;1;1;0;258;0;0;0;0;0;0;0;0;0;0;0;0;0;0;0;0;0;0;0;0;0;0;0;0;0;0;0;0;0;0;0;0;0;258;258;0;258;0;0;0;0;0;0;0;0;0;0;1;1;0;216;42;109;117;5;25;1;1;0;0;0;0;6;252;52;206;0;0;0;0;0;0;0;0;246;12;0;0;0;0;11;0;0;0;0;0;0;0;11;11;0;0;0;1;1;0;14;0;0;0;0;0;0;0;14;14;0;0;0;1;1;0;2;12;0;0;0;0;0;0;0;0
2023;Sul;4;Rio Grande do Sul;RS;43;Ijuí;4310207;Ijuí;4305;Ijuí;430018;Noroeste Rio-grandense;4301;Ijuí;43008;431020705;SERVICO NACIONAL DE APRENDIZAGEM COMERCIAL - SENAC IJUI;43207243;4;1;1;0;RUA 24 DE FEVEREIRO;315;SALA;CENTRO;98700000;55;33327022;1;36;01FEB23:00:00:00;29DEC23:00:00:00;;;;;0;;;;;;;;;;;;;;;;;;;;0;0;0;0;0;1;0;3,42271E+12;3,42271E+12;1;1;;;1;2;0;0;0;0;;0;0;0;1;1;0;0;0;0;1;0;0;0;1;0;0;0;0;1;0;0;0;0;1;0;0;0;1;0;0;1;0;1;1;0;0;0;1;0;0;0;0;1;0;0;0;0;0;0;0;0;0;0;0;0;0;0;0;1;0;0;0;1;0;0;0;0;1;0;0;1;1;0;0;1;0;11;0;11;11;9;0;1;1;1;1;0;0;0;0;0;0;1;7;1;1;1;6;1;88888;1;3;1;10;1;1;1;1;0;1;1;3;1;1;3;1;3;0;0;0;0;0;0;0;0;0;0;0;0;0;0;1;88888;1;1;1;2;0;0;0;0;0;0;0;0;0;1;0;0;1;0;1;1;1;0;0;1;0;0;0;0;;;;;0;;;;;;;1;0;0;0;0;0;0;0;1;2;0;0;1;0;0;1;0;1;0;1;0;0;0;0;0;0;1;1;1;0;0;0;1;1;0;27;0;0;0;0;0;0;0;0;0;0;0;0;0;0;0;3;0;0;0;0;0;0;3;3;0;0;0;0;0;0;0;0;0;27;27;24;0;0;0;0;0;0;0;0;0;0;0;1;1;0;10;17;3;23;0;1;0;0;0;0;0;0;7;20;0;27;0;0;0;0;0;0;0;0;23;4;0;0;0;0;5;0;0;0;0;0;0;1;5;5;0;0;0;2;2;0;3;0;0;0;0;0;0;1;3;3;0;0;0;1;1;0;0;3;0;0;0;0;0;0;0;0
2023;Sul;4;Rio Grande do Sul;RS;43;Passo Fundo;4314100;Passo Fundo;4306;Passo Fundo;430025;Noroeste Rio-grandense;4301;Passo Fundo;43010;431410005;ESCOLA DE EDUCACAO PROFISSIONAL SENAC PASSO FUNDO;43207391;4;1;1;0;AVENIDA SETE DE SETEMBRO;1045;;VILA RODRIGUES;99010122;54;33134599;1;7;09JAN23:00:00:00;22DEC23:00:00:00;;;;;0;;;;;;;;;;;;;;;;;;;;0;0;0;0;1;1;0;3,42271E+12;3,42271E+12;1;2;;;1;1;0;0;0;0;;0;0;0;1;1;0;0;0;0;1;0;0;0;1;0;0;0;0;1;0;0;0;0;1;1;0;0;1;0;1;1;0;1;0;0;1;1;1;0;0;0;0;1;0;0;1;0;0;0;0;0;0;0;0;0;0;0;0;1;0;1;0;1;0;0;0;0;1;0;0;0;1;0;0;0;0;18;0;18;18;18;0;1;0;0;1;0;0;0;0;1;1;1;10;0;0;1;10;1;75;0;0;0;0;1;1;1;1;0;1;1;3;1;1;3;1;2;1;1;0;0;0;0;0;0;0;0;0;0;0;0;1;2;1;1;1;2;0;0;1;3;0;0;0;0;0;1;0;0;0;0;0;0;1;0;0;0;0;0;0;0;;;;;0;;;;;;;1;1;1;0;0;0;0;0;1;1;0;0;1;0;0;0;0;1;0;1;0;0;0;0;0;0;0;1;1;0;0;0;0;0;0;97;0;0;0;0;0;0;0;0;0;0;0;0;0;0;0;0;0;0;0;0;0;0;0;0;0;0;0;0;0;0;0;0;0;97;97;9;88;0;0;0;0;0;0;0;0;0;0;0;0;0;76;21;56;31;1;9;0;0;0;0;0;0;1;96;0;97;0;0;0;0;0;0;0;0;91;6;0;0;0;0;11;0;0;0;0;0;0;0;11;11;0;0;0;0;0;0;7;0;0;0;0;0;0;0;7;7;0;0;0;0;0;0;0;7;0;0;0;0;0;0;0;0
2023;Sul;4;Rio Grande do Sul;RS;43;Pelotas;4314407;Pelotas;4302;Pelotas;430009;Sudeste Rio-grandense;4307;Pelotas;43033;431440705;ESCOLA DE EDUCACAO PROFISSIONAL SENAC PELOTAS;43208266;4;1;1;0;RUA DOM PEDRO II;901;;CENTRO;96010300;53;32258889;1;5;02JAN23:00:00:00;29DEC23:00:00:00;;;;;0;;;;;;;;;;;;;;;;;;;;0;0;0;0;0;1;0;3,42271E+12;3,42271E+12;1;2;;;1;1;0;0;0;0;;0;0;0;1;1;0;0;0;0;1;0;0;0;1;0;0;0;0;1;0;0;0;0;1;0;1;0;1;0;1;1;0;1;0;0;1;1;1;1;0;0;0;1;1;0;0;0;0;0;0;0;0;0;0;0;0;0;0;1;0;1;0;1;0;0;0;0;1;1;0;1;0;0;0;1;0;24;0;24;24;23;0;1;1;1;1;1;0;0;0;1;3;1;24;0;0;1;5;1;28;1;4;0;0;1;1;1;1;1;1;1;3;1;1;12;1;4;0;0;1;4;0;0;0;0;0;0;0;0;0;0;1;20;1;1;1;2;0;0;1;1;0;0;0;0;0;1;0;0;1;0;0;0;1;0;0;0;0;0;0;0;;;;;0;;;;;;;1;1;1;0;0;0;0;0;1;0;0;0;1;0;0;0;1;1;0;1;0;0;0;0;0;0;0;1;1;0;0;0;1;1;0;213;0;0;0;0;0;0;0;0;0;0;0;0;0;0;0;0;0;0;0;0;0;0;0;0;0;0;0;0;0;0;0;0;0;213;213;213;0;0;0;0;0;0;0;0;0;0;0;3;3;0;176;37;55;123;21;14;0;0;0;0;0;0;3;210;49;164;0;0;0;0;0;0;0;0;206;7;0;0;0;0;8;0;0;0;0;0;0;0;8;8;0;0;0;2;2;0;11;0;0;0;0;0;0;0;11;11;0;0;0;2;2;0;2;9;0;0;0;0;0;0;0;0
2023;Sul;4;Rio Grande do Sul;RS;43;Erechim;4307005;Passo Fundo;4306;Erechim;430026;Noroeste Rio-grandense;4301;Erechim;43004;430700505;SENAC - SERV NAC APREND COMERCIAL - ERECHIM;43209360;4;1;1;0;PRACA DA BANDEIRA;26;;CENTRO;99700010;54;35222999;1;15;27MAR23:00:00:00;17OCT23:00:00:00;;;;;0;;;;;;;;;;;;;;;;;;;;0;0;0;0;0;1;0;3,42271E+12;3,42271E+12;1;2;;;1;2;0;0;0;0;;0;0;0;1;1;0;0;0;0;1;0;0;0;1;0;0;0;0;1;0;0;0;0;1;0;0;0;0;0;0;1;0;1;1;0;1;1;1;0;0;0;0;1;0;0;0;0;0;0;0;0;0;0;0;0;0;0;0;1;0;1;0;1;0;0;0;0;0;1;0;0;1;0;0;0;0;21;0;21;21;0;0;1;1;1;0;0;0;0;0;1;4;1;15;0;0;1;13;1;88888;1;1;1;1;1;1;1;0;0;1;0;0;1;1;88888;1;3;1;1;0;0;0;0;0;0;0;0;0;0;0;0;1;88888;1;1;1;2;0;0;1;1;0;0;0;0;0;0;0;0;1;0;0;0;0;0;0;0;0;0;0;0;;;;;1;0;0;0;0;0;1;1;1;1;0;0;0;0;0;1;1;0;0;1;0;0;1;0;1;0;1;0;0;0;0;0;0;1;1;1;0;0;0;0;0;0;23;0;0;0;0;0;0;0;0;0;0;0;0;0;0;0;23;0;0;0;0;0;0;23;0;0;0;0;23;0;0;0;0;0;23;23;0;0;0;0;0;0;0;0;0;0;0;0;0;0;0;2;21;1;19;0;3;0;0;0;0;0;0;10;13;0;23;0;0;0;0;0;0;0;0;21;2;0;0;0;0;5;0;0;0;0;0;0;5;5;5;0;0;0;0;0;0;2;0;0;0;0;0;0;2;2;2;0;0;0;0;0;0;0;2;0;0;0;0;0;0;0;0
2023;Sul;4;Rio Grande do Sul;RS;43;Gravataí;4309209;Porto Alegre;4301;Porto Alegre;430001;Metropolitana de Porto Alegre;4305;Porto Alegre;43026;430920905;SENAC GRAVATAI;43209378;4;1;1;0;AV. DORIVAL CANDIDO LUZ DE OLIVEIRA;480;PREDIO;CENTRO;94030000;51;38223200;1;28;06FEB23:00:00:00;15DEC23:00:00:00;;;;;0;;;;;;;;;;;;;;;;;;;;0;0;0;0;0;1;0;3,42271E+12;3,42271E+12;1;3;;;1;1;0;0;0;0;;0;0;0;1;1;0;0;0;0;1;0;0;0;1;0;0;0;0;1;0;0;0;0;1;0;0;0;1;0;0;1;0;1;1;0;1;1;1;0;0;0;0;1;0;1;1;0;0;0;0;0;0;0;0;0;0;0;0;1;0;1;0;0;0;0;0;0;1;1;1;1;1;1;1;1;0;27;0;27;27;27;0;1;1;1;1;1;0;0;0;1;1;1;29;0;0;1;7;1;88888;1;17;0;0;1;1;1;1;0;1;1;3;1;1;88888;1;5;0;0;0;0;0;0;0;0;0;0;0;0;0;0;1;88888;1;1;0;0;0;0;1;1;0;0;0;0;0;1;0;0;1;0;0;0;0;0;0;0;0;0;0;0;;;;;0;;;;;;;1;1;1;0;0;0;0;0;1;0;0;0;1;0;0;0;1;1;0;1;0;0;0;0;0;0;0;1;1;0;0;0;0;0;0;83;0;0;0;0;0;0;0;0;0;0;0;0;0;0;0;0;0;0;0;0;0;0;0;0;0;0;0;0;0;0;0;0;0;83;83;58;25;0;0;0;0;0;0;0;0;0;0;0;0;0;63;20;28;54;1;0;0;0;0;0;0;0;4;79;41;42;0;0;0;0;0;0;0;0;81;2;0;69;0;69;3;0;0;0;0;0;0;0;3;3;0;0;0;0;0;0;5;0;0;0;0;0;0;0;5;5;0;0;0;0;0;0;3;2;0;0;0;0;0;0;0;0
2023;Sul;4;Rio Grande do Sul;RS;43;Bagé;4301602;Pelotas;4302;Bagé;430010;Sudoeste Rio-grandense;4306;Campanha Meridional;43031;430160205;SENAC BAGE;43209386;4;1;1;0;MARECHAL FLORIANO;1456;CASA;CENTRO;96400010;53;32427233;1;13;06MAR23:00:00:00;22DEC23:00:00:00;;;;;0;;;;;;;;;;;;;;;;;;;;0;0;0;0;0;1;0;3,42271E+12;3,42271E+12;1;1;;;1;1;0;0;0;0;;0;0;0;1;1;0;0;0;0;1;0;0;0;1;0;0;0;0;1;0;0;0;0;1;0;0;0;1;0;1;1;0;1;0;0;1;1;1;0;0;0;0;1;0;0;1;0;0;0;0;0;0;0;0;0;0;0;0;1;0;1;0;1;0;0;0;0;1;0;1;1;1;0;0;0;0;13;0;13;13;13;0;1;1;0;1;1;0;0;0;1;1;1;1;1;1;1;12;1;46;0;0;0;0;1;1;1;1;0;1;1;3;1;1;7;1;2;0;0;0;0;0;0;0;0;0;0;0;0;0;0;1;1;1;1;0;0;0;0;1;1;0;0;0;0;0;1;0;0;1;0;1;1;0;0;0;1;0;0;0;0;;;;;0;;;;;;;1;0;1;0;0;0;0;0;1;1;0;0;1;0;0;0;1;1;0;1;0;0;0;0;0;0;0;1;1;0;0;0;1;1;0;405;0;0;0;0;0;0;0;0;0;0;0;0;0;0;0;0;0;0;0;0;0;0;0;0;0;0;0;0;0;0;0;0;0;405;405;405;0;0;0;0;0;0;0;0;0;0;0;4;4;0;308;97;135;205;26;39;0;0;0;0;0;0;24;381;72;333;0;0;0;0;0;0;0;0;387;18;0;0;0;0;13;0;0;0;0;0;0;0;13;13;0;0;0;4;4;0;15;0;0;0;0;0;0;0;15;15;0;0;0;4;4;0;3;12;0;0;0;0;0;0;0;0
2023;Sul;4;Rio Grande do Sul;RS;43;Lajeado;4311403;Santa Cruz do Sul - Lajeado;4308;Lajeado;430041;Centro Oriental Rio-grandense;4304;Lajeado-Estrela;43021;431140305;ESC EDUC PROF SENAC - LAJEADO;43209394;4;1;1;0;AVENIDA AVENIDA SENADOR ALBERTO PASQUALINI;421;;AMERICANO;95900560;51;37484644;1;3;06MAR23:00:00:00;30NOV23:00:00:00;;;;;0;;;;;;;;;;;;;;;;;;;;1;0;0;0;0;1;0;3,42271E+12;3,42271E+12;1;2;;;1;2;0;0;0;0;;0;0;0;1;1;0;0;0;0;1;0;0;0;1;0;0;0;0;1;0;0;0;0;0;0;1;0;0;0;0;1;0;1;0;0;1;1;0;1;0;0;0;1;0;0;0;0;0;0;0;0;0;0;0;0;0;0;0;1;0;1;0;1;0;0;0;0;1;1;0;1;1;0;1;1;0;14;0;14;14;14;0;1;1;1;1;0;0;1;1;1;2;1;7;0;0;1;13;1;88888;1;88888;0;0;1;1;1;1;0;1;1;2;1;0;0;1;2;0;0;0;0;0;0;0;0;0;0;0;0;0;0;0;0;0;0;0;0;0;0;0;0;0;0;0;0;0;1;0;1;0;0;0;0;0;0;0;0;0;0;0;0;;;;;0;;;;;;;1;0;0;0;0;1;0;0;0;1;0;0;1;0;0;0;0;1;0;1;0;0;0;0;0;0;0;1;1;0;0;0;1;1;0;4;0;0;0;0;0;0;0;0;0;0;0;0;0;0;0;0;0;0;0;0;0;0;0;0;0;0;0;0;0;0;0;0;0;4;4;4;0;0;0;0;0;0;0;0;0;0;0;1;1;0;2;2;0;4;0;0;0;0;0;0;0;0;0;4;0;4;0;0;0;0;0;0;0;0;4;0;0;0;0;0;1;0;0;0;0;0;0;0;1;1;0;0;0;1;1;0;1;0;0;0;0;0;0;0;1;1;0;0;0;1;1;0;0;1;0;0;0;0;0;0;0;0
2023;Sul;4;Rio Grande do Sul;RS;43;Bento Gonçalves;4302105;Caxias do Sul;4307;Bento Gonçalves;430037;Nordeste Rio-grandense;4302;Caxias do Sul;43016;430210505;ESC EDUC PROFISSIONAL SENAC - BENTO GONCALVES;43209467;4;;1;;RUA SALDANHA MARINHO;820;PREDIO COMERCIAL;CENTRO;95700082;54;34524200;2;16;;;;;;;;;;;;;;;;;;;;;;;;;;;;;;;;;;;;;;;;;;;;;;;;;;;;;;;;;;;;;;;;;;;;;;;;;;;;;;;;;;;;;;;;;;;;;;;;;;;;;;;;;;;;;;;;;;;;;;;;;;;;;;;;;;;;;;;;;;;;;;;;;;;;;;;;;;;;;;;;;;;;;;;;;;;;;;;;;;;;;;;;;;;;;;;;;;;;;;;;;;;;;;;;;;;;;;;;;;;;;;;;;;;;;;;;;;;;;;;;;;;;;;;;;;;;;;;;;;;;;;;;;;;;;;;;;;;;;;;;;;;;;;;;;;;;;;;;;;;;;;;;;;;;;;;;;;;;;;;;;;;;;;;;;;;;;;;;;;;;;;;;;;;;;;;;;;;;;;;;;;;;;;;;;;;;;;;;
2023;Sul;4;Rio Grande do Sul;RS;43;Novo Hamburgo;4313409;Porto Alegre;4301;Novo Hamburgo - São Leopoldo;430002;Metropolitana de Porto Alegre;4305;Porto Alegre;43026;431340905;SENAC NOVO HAMBURGO;43237606;4;1;1;0;BENTO GONCALVES;1537;;CENTRO;93410154;51;35537350;1;2;09JAN23:00:00:00;18DEC23:00:00:00;;;;;0;;;;;;;;;;;;;;;;;;;;0;0;0;0;0;1;0;3,42271E+12;3,42271E+12;1;3;;;1;2;0;0;0;0;;0;0;0;1;1;0;0;0;0;1;0;0;0;1;0;0;0;0;1;0;0;0;0;1;0;0;0;0;0;0;1;0;1;0;0;0;0;0;0;0;0;0;1;0;0;0;0;0;0;0;0;0;0;0;0;0;0;0;1;0;1;0;1;0;0;0;0;1;1;1;0;1;1;0;1;0;8;0;8;8;0;0;1;1;1;1;1;0;0;0;1;4;1;4;0;0;1;8;1;24;1;28;0;0;1;1;1;1;0;1;1;3;1;1;88888;1;3;0;0;0;0;0;0;0;0;0;0;0;0;0;0;1;1;1;1;0;0;0;0;1;1;0;0;0;0;0;1;0;0;1;0;0;0;0;0;0;0;0;0;0;0;;;;;0;;;;;;;1;0;1;0;0;0;0;0;1;1;0;0;1;0;0;0;0;1;0;1;0;0;0;0;0;0;0;1;1;0;0;0;0;0;0;21;0;0;0;0;0;0;0;0;0;0;0;0;0;0;0;0;0;0;0;0;0;0;0;0;0;0;0;0;0;0;0;0;0;21;21;0;21;0;0;0;0;0;0;0;0;0;0;0;0;0;14;7;10;8;2;1;0;0;0;0;0;0;3;18;0;21;0;0;0;0;0;0;0;0;18;3;0;0;0;0;2;0;0;0;0;0;0;0;2;2;0;0;0;0;0;0;3;0;0;0;0;0;0;0;3;3;0;0;0;0;0;0;0;3;0;0;0;0;0;0;0;0
2023;Sul;4;Rio Grande do Sul;RS;43;Santa Maria;4316907;Santa Maria;4303;Santa Maria;430011;Centro Ocidental Rio-grandense;4303;Santa Maria;43018;431690705;SENAC SANTA MARIA;43295096;4;1;1;0;PROFESSOR BRAGA;60;;CENTRO;97015530;55;32252121;1;8;16JAN23:00:00:00;14DEC23:00:00:00;;;;;0;;;;;;;;;;;;;;;;;;;;0;0;0;0;0;1;0;3,42271E+12;3,42271E+12;1;1;;;1;1;0;0;0;0;;0;0;0;1;1;0;0;0;0;1;0;0;0;1;0;0;0;0;1;0;0;0;0;1;0;0;0;1;0;1;1;0;1;0;0;1;1;1;0;0;0;0;1;0;0;1;0;0;0;0;0;0;0;0;0;0;0;0;1;0;1;0;1;0;0;0;0;0;1;0;0;1;0;0;0;0;18;0;18;18;0;0;1;0;1;1;0;0;0;0;1;6;1;7;0;0;1;18;1;88888;0;0;0;0;1;0;0;1;0;0;0;2;1;1;88888;1;5;0;0;1;3;0;0;0;0;0;0;0;0;0;0;1;1;1;1;1;1;0;0;0;0;0;0;0;0;0;0;0;0;0;0;0;0;0;0;0;0;0;0;1;0;;;;;0;;;;;;;1;0;0;0;0;0;0;0;1;0;0;0;1;0;0;0;0;1;0;1;0;0;0;0;0;0;0;1;1;0;0;0;1;1;0;40;0;0;0;0;0;0;0;0;0;0;0;0;0;0;0;0;0;0;0;0;0;0;0;0;0;0;0;0;0;0;0;0;0;40;40;40;0;0;0;0;0;0;0;0;0;0;0;1;1;0;22;18;5;26;1;8;0;0;0;0;0;0;4;36;0;40;0;0;0;0;0;0;0;0;39;1;0;0;0;0;4;0;0;0;0;0;0;0;4;4;0;0;0;1;1;0;4;0;0;0;0;0;0;0;4;4;0;0;0;1;1;0;0;4;0;0;0;0;0;0;0;0
2023;Sul;4;Rio Grande do Sul;RS;43;Canoas;4304606;Porto Alegre;4301;Porto Alegre;430001;Metropolitana de Porto Alegre;4305;Porto Alegre;43026;430460605;SENAC CANOAS;43300111;4;1;1;0;MATHIAS VELHO;255;PREDIO;CENTRO;92310300;51;34767222;1;27;09JAN23:00:00:00;22DEC23:00:00:00;;;;;0;;;;;;;;;;;;;;;;;;;;0;0;0;0;0;1;0;3,42271E+12;3,42271E+12;1;3;;;1;1;0;0;0;0;;1;0;0;1;1;0;0;0;0;1;0;0;0;1;0;0;0;0;1;0;0;0;0;0;0;0;1;1;1;1;1;0;1;0;0;1;1;0;0;0;0;0;1;0;0;0;0;0;0;0;0;0;0;0;0;0;0;0;1;0;1;0;1;0;0;0;0;1;1;1;1;1;0;0;1;0;16;0;16;16;0;0;1;0;0;1;0;0;0;0;1;2;1;1;0;0;1;3;1;36;0;0;0;0;1;1;1;0;0;1;0;2;1;1;88888;1;3;0;0;0;0;0;0;0;0;0;0;0;0;0;0;1;1;1;1;0;0;0;0;1;1;0;0;0;0;0;1;0;0;0;0;0;0;0;0;0;0;0;0;0;0;;;;;0;;;;;;;1;1;1;0;0;0;0;0;1;1;0;0;1;0;0;0;0;1;0;1;0;0;0;0;0;0;0;1;1;0;0;0;1;1;0;43;0;0;0;0;0;0;0;0;0;0;0;0;0;0;0;0;0;0;0;0;0;0;0;0;0;0;0;0;0;0;0;0;0;43;43;0;43;0;0;0;0;0;0;0;0;0;0;1;1;0;29;14;26;15;2;0;0;0;0;0;0;0;0;43;0;43;0;0;0;0;0;0;0;0;42;1;0;0;0;0;3;0;0;0;0;0;0;0;3;3;0;0;0;1;1;0;3;0;0;0;0;0;0;0;3;3;0;0;0;1;1;0;0;3;0;0;0;0;0;0;0;0
2023;Sul;4;Rio Grande do Sul;RS;43;Porto Alegre;4314902;Porto Alegre;4301;Porto Alegre;430001;Metropolitana de Porto Alegre;4305;Porto Alegre;43026;431490205;SENAC SAUDE;43313051;4;1;1;0;ASSIS BRASIL;1481;;PASSO DA AREIA;91010005;51;33410444;1;1;30JAN23:00:00:00;22DEC23:00:00:00;;;;;0;;;;;;;;;;;;;;;;;;;;0;0;0;0;0;1;0;3,42271E+12;3,42271E+12;1;2;;;1;1;0;0;0;0;;0;1;0;1;1;0;0;0;0;1;0;0;0;1;0;0;0;0;1;0;0;0;0;1;0;0;0;1;1;1;1;0;1;1;0;1;1;0;0;0;0;0;1;1;0;1;0;0;0;0;0;1;0;0;0;0;0;0;1;0;1;0;1;0;0;0;0;1;1;1;0;1;0;0;0;0;32;0;32;27;27;1;1;1;1;1;1;0;1;3;1;3;1;5;0;0;1;24;1;52;1;38;0;0;1;1;1;1;0;1;0;3;1;1;3;1;1;0;0;1;5;0;0;0;0;0;0;0;0;0;0;1;6;1;1;0;0;1;1;0;0;0;0;0;0;0;0;0;0;1;0;0;0;0;0;0;0;0;0;0;0;;;;;0;;;;;;;1;1;0;0;0;0;0;0;1;1;0;0;1;0;0;0;1;1;0;1;0;0;0;0;0;0;0;1;1;0;0;0;0;0;0;388;0;0;0;0;0;0;0;0;0;0;0;0;0;0;0;0;0;0;0;0;0;0;0;0;0;0;0;0;0;0;0;0;0;388;388;11;377;0;0;0;0;0;0;0;0;0;0;0;0;0;307;81;161;188;22;17;0;0;0;0;0;0;0;388;225;163;0;0;0;0;0;0;0;0;382;6;0;0;0;0;29;0;0;0;0;0;0;0;29;29;0;0;0;0;0;0;26;0;0;0;0;0;0;0;26;26;0;0;0;0;0;0;16;10;0;0;0;0;0;0;0;0
2023;Centro-Oeste;5;Mato Grosso do Sul;MS;50;Campo Grande;5002704;Campo Grande;5001;Campo Grande;500001;Centro Norte de Mato Grosso do Sul;5002;Campo Grande;50004;500270405;CENTRO DE EDUCACAO PROFISSIONAL - SENAC CAMPO GRANDE;50028537;4;1;1;0;RUA FRANCISCO CANDIDO XAVIER;75;;AMAMBAI;79002052;67;33126249;1;;10JAN23:00:00:00;14DEC23:00:00:00;;;;;0;;;;;;;;;;;;;;;;;;;;0;0;0;0;0;1;0;3,64484E+12;3,64484E+12;0;;;;1;1;0;0;0;0;;0;0;0;1;1;0;0;0;0;1;0;0;0;1;0;0;0;0;1;0;0;0;0;0;0;0;1;1;1;0;1;0;1;1;1;1;1;1;0;0;0;1;1;1;0;1;0;0;0;0;0;1;1;0;0;0;1;1;1;1;1;0;0;0;0;0;0;1;1;1;1;1;0;1;1;0;35;0;35;35;0;0;1;1;1;1;1;0;0;0;1;35;1;14;1;33;1;35;1;299;1;11;1;28;1;1;1;1;1;1;1;3;1;1;3;1;8;1;1;1;88888;1;3;0;0;0;0;0;0;0;0;1;1;0;0;1;2;1;1;0;0;0;0;0;0;0;1;0;1;1;1;1;1;1;0;0;0;0;0;0;0;;;;;0;;;;;;;1;0;1;0;0;0;0;0;1;0;0;0;1;0;0;0;1;1;0;1;0;0;0;0;0;0;0;1;1;0;0;0;1;1;0;295;0;0;0;0;0;0;0;0;0;0;0;0;0;0;0;0;0;0;0;0;0;0;0;0;0;0;0;0;0;0;0;0;0;295;295;14;281;0;0;0;0;0;0;0;0;0;0;5;5;0;177;118;68;111;7;104;3;2;0;0;0;0;35;260;150;145;0;0;0;0;0;0;0;0;289;6;0;0;0;0;18;0;0;0;0;0;0;0;18;18;0;0;0;4;4;0;20;0;0;0;0;0;0;0;20;20;0;0;0;4;4;0;9;11;0;0;0;0;0;0;0;0
2023;Centro-Oeste;5;Mato Grosso do Sul;MS;50;Dourados;5003702;Dourados;5002;Dourados;500005;Sudoeste de Mato Grosso do Sul;5004;Dourados;50010;500370205;CENTRO DE EDUCACAO PROFISSIONAL - SENAC DOURADOS;50028561;4;1;1;0;RUA DR MARIO MACHADO LEMOS;240;;JARDIM LONDRINA;79814150;67;34112400;1;;05FEB23:00:00:00;15DEC23:00:00:00;;;;;0;;;;;;;;;;;;;;;;;;;;0;0;0;0;0;1;0;3,64484E+12;3,64484E+12;0;;;;1;1;0;0;0;0;;0;0;0;1;1;0;0;0;0;1;0;0;0;1;0;0;0;0;1;0;0;0;0;1;0;0;0;1;0;1;1;0;1;1;1;1;1;1;0;0;0;0;1;0;0;0;0;0;0;0;0;0;0;0;0;0;0;0;1;0;1;0;0;0;0;0;0;1;0;0;1;1;0;0;0;0;12;0;12;11;11;1;1;1;1;1;1;0;0;0;1;11;1;5;0;0;1;12;1;88888;0;0;0;0;1;1;1;1;0;1;1;3;1;1;3;1;4;0;0;0;0;1;1;0;0;0;0;0;0;0;0;0;0;0;0;0;0;0;0;0;0;0;0;0;0;0;1;0;0;1;0;0;0;0;0;0;0;0;0;0;0;;;;;0;;;;;;;1;9;9;0;0;0;0;0;1;9;0;0;1;0;0;0;0;1;0;1;0;0;0;0;0;0;0;1;1;0;0;0;1;1;0;57;0;0;0;0;0;0;0;0;0;0;0;0;0;0;0;0;0;0;0;0;0;0;0;0;0;0;0;0;0;0;0;0;0;57;57;1;56;0;0;0;0;0;0;0;0;0;0;1;1;0;43;14;22;19;1;14;0;1;0;0;0;0;1;56;0;57;0;0;0;0;0;0;0;0;50;7;0;0;0;0;4;0;0;0;0;0;0;0;4;4;0;0;0;1;1;0;5;0;0;0;0;0;0;0;5;5;0;0;0;1;1;0;0;5;0;0;0;0;0;0;0;0
2023;Centro-Oeste;5;Mato Grosso do Sul;MS;50;Três Lagoas;5008305;Campo Grande;5001;Três Lagoas;500002;Leste de Mato Grosso do Sul;5003;Três Lagoas;50007;500830505;CENTRO DE EDUCACAO PROFISSIONAL - SENAC TRES LAGOAS;50030280;4;1;1;0;AVENIDA ANTONIO DOS SANTOS TRAJANO;216;;CENTRO;79601002;67;35095110;1;;10JAN23:00:00:00;14DEC23:00:00:00;;;;;0;;;;;;;;;;;;;;;;;;;;0;0;0;0;0;1;0;3,64484E+12;3,64484E+12;1;1;;;1;1;0;0;0;0;;0;0;0;1;1;0;0;0;0;1;0;0;0;1;0;0;0;0;1;0;0;0;0;0;0;1;0;0;0;0;1;0;1;0;0;1;1;1;0;0;0;0;1;1;0;0;0;0;0;0;0;0;0;0;0;0;0;0;1;0;1;0;0;0;0;0;0;1;1;0;1;1;0;0;1;0;8;0;8;8;8;0;1;0;1;1;1;0;0;0;1;8;1;1;1;1;1;8;1;45;1;4;0;0;1;1;1;1;1;1;1;3;1;1;5;1;3;0;0;0;0;0;0;0;0;0;0;0;0;0;0;1;2;0;0;0;0;0;0;0;0;0;0;0;0;0;1;0;0;1;0;1;0;1;0;0;0;0;0;0;0;;;;;0;;;;;;;1;1;1;0;0;0;0;0;1;1;0;0;1;0;0;0;1;1;0;1;0;0;0;0;0;0;0;1;1;0;0;0;0;0;0;132;0;0;0;0;0;0;0;0;0;0;0;0;0;0;0;0;0;0;0;0;0;0;0;0;0;0;0;0;0;0;0;0;0;132;132;3;129;0;0;0;0;0;0;0;0;0;0;0;0;0;102;30;35;39;8;50;0;0;0;0;0;0;2;130;50;82;0;0;0;0;0;0;0;0;124;8;0;0;0;0;5;0;0;0;0;0;0;0;5;5;0;0;0;0;0;0;7;0;0;0;0;0;0;0;7;7;0;0;0;0;0;0;3;4;0;0;0;0;0;0;0;0
2023;Centro-Oeste;5;Mato Grosso do Sul;MS;50;Naviraí;5005707;Dourados;5002;Naviraí - Mundo Novo;500006;Sudoeste de Mato Grosso do Sul;5004;Iguatemi;50011;500570705;CENTRO DE EDUCACAO PROFISSIONAL - SENAC NAVIRAI;50032500;4;;1;;RUA WEIMAR GONCALVES TORRES;862;;CENTRO;79950000;67;34090400;2;;;;;;;;;;;;;;;;;;;;;;;;;;;;;;;;;;;;;;;;;;;;;;;;;;;;;;;;;;;;;;;;;;;;;;;;;;;;;;;;;;;;;;;;;;;;;;;;;;;;;;;;;;;;;;;;;;;;;;;;;;;;;;;;;;;;;;;;;;;;;;;;;;;;;;;;;;;;;;;;;;;;;;;;;;;;;;;;;;;;;;;;;;;;;;;;;;;;;;;;;;;;;;;;;;;;;;;;;;;;;;;;;;;;;;;;;;;;;;;;;;;;;;;;;;;;;;;;;;;;;;;;;;;;;;;;;;;;;;;;;;;;;;;;;;;;;;;;;;;;;;;;;;;;;;;;;;;;;;;;;;;;;;;;;;;;;;;;;;;;;;;;;;;;;;;;;;;;;;;;;;;;;;;;;;;;;;;;;
2023;Centro-Oeste;5;Mato Grosso do Sul;MS;50;Ponta Porã;5006606;Dourados;5002;Ponta Porã;500008;Sudoeste de Mato Grosso do Sul;5004;Dourados;50010;500660605;SENAC PONTA PORA;50034316;4;1;1;0;RUA 7 DE SETEMBRO;828;;CENTRO;79904652;67;34314342;1;;20JUN22:00:00:00;21MAY24:00:00:00;;;;;0;;;;;;;;;;;;;;;;;;;;0;0;0;0;0;1;0;3,64484E+12;3,64484E+12;1;1;;;1;2;0;0;0;0;;0;0;0;1;1;0;0;0;0;1;0;0;0;1;0;0;0;0;1;0;0;0;0;1;0;0;0;1;0;0;1;0;1;0;1;1;1;1;0;0;0;0;1;0;0;0;0;0;0;0;0;0;0;0;0;0;0;0;0;0;0;0;0;0;0;0;0;1;1;0;0;0;0;0;1;0;6;0;6;6;6;0;1;0;1;0;0;0;0;0;1;5;1;1;1;1;1;5;1;88888;1;4;0;0;1;1;1;1;0;1;1;2;1;0;0;1;1;0;0;0;0;0;0;0;0;0;0;0;0;0;0;1;2;0;0;0;0;0;0;0;0;0;0;0;0;0;1;0;0;1;0;0;0;0;0;0;0;0;0;0;0;;;;;0;;;;;;;9;9;9;0;0;1;0;0;0;1;0;0;1;0;0;0;0;1;0;1;0;0;0;0;0;0;0;1;1;0;0;0;0;0;0;16;0;0;0;0;0;0;0;0;0;0;0;0;0;0;0;0;0;0;0;0;0;0;0;0;0;0;0;0;0;0;0;0;0;16;16;1;15;0;0;0;0;0;0;0;0;0;0;0;0;0;16;0;3;5;0;8;0;0;0;0;0;0;0;16;0;16;0;0;0;0;0;0;0;0;16;0;0;0;0;0;1;0;0;0;0;0;0;0;1;1;0;0;0;0;0;0;1;0;0;0;0;0;0;0;1;1;0;0;0;0;0;0;0;1;0;0;0;0;0;0;0;0
2023;Centro-Oeste;5;Mato Grosso do Sul;MS;50;Campo Grande;5002704;Campo Grande;5001;Campo Grande;500001;Centro Norte de Mato Grosso do Sul;5002;Campo Grande;50004;500270405;CENTRO DE EDUCACAO PROFISSIONAL-SENAC TURISMO E GASTRONOMIA;50034383;4;;1;;RUA ANTONIO MARIA COELHO;3368;;JARDIM DOS ESTADOS;79002221;67;33126260;2;;;;;;;;;;;;;;;;;;;;;;;;;;;;;;;;;;;;;;;;;;;;;;;;;;;;;;;;;;;;;;;;;;;;;;;;;;;;;;;;;;;;;;;;;;;;;;;;;;;;;;;;;;;;;;;;;;;;;;;;;;;;;;;;;;;;;;;;;;;;;;;;;;;;;;;;;;;;;;;;;;;;;;;;;;;;;;;;;;;;;;;;;;;;;;;;;;;;;;;;;;;;;;;;;;;;;;;;;;;;;;;;;;;;;;;;;;;;;;;;;;;;;;;;;;;;;;;;;;;;;;;;;;;;;;;;;;;;;;;;;;;;;;;;;;;;;;;;;;;;;;;;;;;;;;;;;;;;;;;;;;;;;;;;;;;;;;;;;;;;;;;;;;;;;;;;;;;;;;;;;;;;;;;;;;;;;;;;;
2023;Centro-Oeste;5;Mato Grosso do Sul;MS;50;Corumbá;5003207;Corumbá;5003;Corumbá;500010;Pantanais Sul Mato-grossense;5001;Baixo Pantanal;50001;500320705;CENTRO DE EDUCACAO PROFISSIONAL - SENAC CORUMBA;50055801;4;1;1;0;RUA CUIABA;1042;;CENTRO;79300060;67;32342002;1;;10JAN23:00:00:00;14DEC23:00:00:00;;;;;0;;;;;;;;;;;;;;;;;;;;0;0;0;0;0;1;0;3,64484E+12;3,64484E+12;1;1;;;1;2;0;0;0;0;;0;0;0;1;1;0;0;0;0;1;0;0;0;1;0;0;0;0;1;0;0;0;0;1;0;0;0;1;0;0;1;0;1;1;0;1;1;1;0;0;0;1;1;0;1;1;0;0;0;0;0;0;0;0;0;0;0;1;1;1;1;0;0;0;0;0;0;1;0;0;1;0;0;0;1;0;8;0;8;8;8;0;1;1;1;1;1;0;0;0;1;8;1;1;1;3;1;9;1;62;1;13;1;4;1;1;1;1;0;1;1;3;1;1;1;1;3;0;0;1;88888;0;0;0;0;0;0;0;0;0;0;1;1;0;0;0;0;0;0;1;1;0;0;0;0;0;0;0;0;1;0;1;0;1;0;0;0;0;0;0;0;;;;;0;;;;;;;1;1;1;0;0;0;0;0;1;1;0;0;1;0;0;0;1;1;0;1;0;0;0;0;0;0;0;1;1;0;0;0;0;0;0;152;0;0;0;0;0;0;0;0;0;0;0;0;0;0;0;0;0;0;0;0;0;0;0;0;0;0;0;0;0;0;0;0;0;152;152;1;151;0;0;0;0;0;0;0;0;0;0;0;0;0;127;25;51;22;3;75;1;0;0;0;0;0;0;152;86;66;0;0;0;0;0;0;0;0;148;4;0;0;0;0;6;0;0;0;0;0;0;0;6;6;0;0;0;0;0;0;8;0;0;0;0;0;0;0;8;8;0;0;0;0;0;0;4;4;0;0;0;0;0;0;0;0
2023;Centro-Oeste;5;Mato Grosso;MT;51;Sinop;5107909;Sinop;5103;Sinop;510007;Norte Mato-grossense;5101;Sinop;51007;510790905;CEP SENAC SINOP;51071789;4;1;1;0;AVENIDA DAS SIBIPIRUNAS;3662;;SETOR COMERCIAL;78550262;66;999086204;1;51013;10JAN23:00:00:00;20DEC23:00:00:00;;;;;0;;;;;;;;;;;;;;;;;;;;0;0;0;0;0;1;0;3,65887E+12;3,65887E+12;1;1;;;1;2;0;0;0;0;;0;0;0;1;1;0;0;0;0;1;0;0;0;1;0;0;0;0;1;0;0;0;0;1;0;0;0;1;0;0;1;0;1;1;0;0;0;0;0;0;0;0;1;0;0;0;0;0;0;0;0;0;0;0;0;0;0;0;1;0;1;0;1;0;0;0;0;1;1;0;0;1;0;0;0;0;7;0;7;7;7;0;1;0;1;0;1;0;0;0;0;0;0;0;1;2;1;7;1;30;0;0;0;0;1;1;1;0;1;1;1;3;1;1;2;1;2;0;0;1;1;1;1;0;0;0;0;0;0;0;0;1;1;1;1;0;0;0;0;0;0;0;0;0;0;0;0;0;0;0;0;0;0;1;0;0;0;0;0;0;0;;;;;0;;;;;;;1;1;1;0;0;0;0;0;1;0;0;0;1;0;0;0;0;1;0;1;0;0;0;0;0;0;0;1;1;0;0;0;1;1;0;36;0;0;0;0;0;0;0;0;0;0;0;0;0;0;0;0;0;0;0;0;0;0;0;0;0;0;0;0;0;0;0;0;0;36;36;36;0;0;0;0;0;0;0;0;0;0;0;1;1;0;27;9;32;0;1;3;0;0;0;0;0;0;0;36;0;36;0;0;0;0;0;0;0;0;30;6;0;0;0;0;1;0;0;0;0;0;0;0;1;1;0;0;0;1;1;0;1;0;0;0;0;0;0;0;1;1;0;0;0;1;1;0;0;1;0;0;0;0;0;0;0;0
2023;Centro-Oeste;5;Goiás;GO;52;Quirinópolis;5218508;Rio Verde;5203;Quirinópolis;520012;Sul Goiano;5205;Quirinópolis;52018;521850805;SENAC CENTRO DE EDUCACAO PROFIS ONICIO RESENDE;52090167;4;1;1;0;VIA LEOCADIO DE SOUZA REIS;76;;ONICIO RESENDE;75860000;64;36512533;1;29;23JAN23:00:00:00;15DEC23:00:00:00;;;;;0;;;;;;;;;;;;;;;;;;;;0;0;0;0;0;1;0;3,60848E+12;3,60848E+12;1;5;;;1;1;0;0;0;0;;0;0;0;1;1;0;0;0;0;1;0;0;0;1;0;0;0;0;1;0;0;0;0;1;0;0;0;1;0;0;1;0;1;1;0;1;1;1;0;0;0;0;1;1;0;0;0;0;0;0;0;0;0;0;0;0;0;0;1;1;1;0;1;0;0;0;0;1;1;1;1;0;0;1;1;0;12;0;12;12;12;0;1;1;1;1;1;0;1;1;1;1;1;1;0;0;1;12;1;30;0;0;0;0;1;1;1;1;0;1;1;3;1;1;3;1;4;0;0;0;0;0;0;0;0;0;0;0;0;0;0;1;2;1;1;1;3;0;0;0;0;0;0;0;0;0;0;0;0;0;0;0;0;1;0;0;0;0;0;0;0;;;;;0;;;;;;;1;0;0;0;0;0;0;0;1;1;0;0;1;0;0;0;1;1;0;1;0;0;0;0;0;0;0;1;1;0;0;0;0;0;0;163;0;0;0;0;0;0;0;0;0;0;0;0;0;0;0;0;0;0;0;0;0;0;0;0;0;0;0;0;0;0;0;0;0;163;163;6;157;0;0;0;0;0;0;0;0;0;0;0;0;0;132;31;86;27;3;45;2;0;0;0;0;0;8;155;22;141;0;0;0;0;0;0;0;0;152;11;0;0;0;0;15;0;0;0;0;0;0;0;15;15;0;0;0;0;0;0;8;0;0;0;0;0;0;0;8;8;0;0;0;0;0;0;1;7;0;0;0;0;0;0;0;0
2023;Centro-Oeste;5;Goiás;GO;52;Mineiros;5213103;Rio Verde;5203;Jataí-Mineiros;520011;Sul Goiano;5205;Sudoeste de Goiás;52013;521310305;CENTRO DE EDUCACAO PROFISSIONAL DONA NICINHA - SENAC;52090175;4;1;1;0;PRACA CEL MANOEL FRANCISCO VILELA ESQ COM RUA 14;;;CENTRO;75830095;64;36615434;1;21;09JAN23:00:00:00;15DEC23:00:00:00;;;;;0;;;;;;;;;;;;;;;;;;;;0;0;0;0;0;1;0;3,60848E+12;3,60848E+12;1;1;;;1;1;0;0;0;0;;0;0;0;1;1;0;0;0;0;1;0;0;0;1;0;0;0;0;1;0;0;0;0;1;0;0;0;0;0;0;1;0;1;1;0;0;1;1;0;0;0;0;1;0;0;0;0;0;0;0;0;0;0;0;0;0;0;0;1;1;1;0;1;0;0;0;0;1;1;1;0;1;0;0;0;0;13;0;13;13;13;0;1;1;1;1;1;0;1;1;1;1;1;1;0;0;1;12;1;30;0;0;0;0;1;0;1;1;0;0;0;3;1;1;4;1;4;0;0;0;0;1;2;0;0;0;0;0;0;0;0;0;0;1;1;0;0;0;0;0;0;0;0;0;0;0;0;0;0;1;0;0;0;1;0;0;0;0;0;0;0;;;;;0;;;;;;;1;0;1;0;0;0;0;0;1;1;0;0;1;0;0;0;1;1;0;1;0;0;0;0;0;0;0;1;1;0;0;0;0;0;0;289;0;0;0;0;0;0;0;0;0;0;0;0;0;0;0;0;0;0;0;0;0;0;0;0;0;0;0;0;0;0;0;0;0;289;289;4;285;0;0;0;0;0;0;0;0;0;0;0;0;0;252;37;150;25;13;98;2;1;0;0;0;0;2;287;24;265;0;0;0;0;0;0;0;0;257;32;0;0;0;0;14;0;0;0;0;0;0;0;14;14;0;0;0;0;0;0;13;0;0;0;0;0;0;0;13;13;0;0;0;0;0;0;2;11;0;0;0;0;0;0;0;0
2023;Centro-Oeste;5;Goiás;GO;52;Goiânia;5208707;Goiânia;5201;Goiânia;520001;Centro Goiano;5203;Goiânia;52010;520870705;SENAC - CENTRO EDUCACAO PROFISSIONAL CORA CORALINA;52091350;4;1;1;0;AVENIDA CAIAPO;909;QD 89 LT 41/47;SANTA GENOVEVA;74672400;62;33096300;1;2;16JAN23:00:00:00;15DEC23:00:00:00;;;;;0;;;;;;;;;;;;;;;;;;;;0;0;0;0;0;1;0;3,60848E+12;3,60848E+12;1;2;;;1;3;0;0;0;0;;0;1;0;1;1;0;0;0;0;1;1;0;0;1;0;0;0;0;1;0;0;0;0;0;0;0;1;1;0;1;1;0;1;0;0;1;1;1;0;0;0;0;1;0;0;1;0;0;0;0;0;1;0;0;0;0;0;0;1;1;1;0;1;0;0;0;0;1;1;1;1;1;0;1;1;0;10;1;11;11;11;0;1;1;1;1;1;0;1;1;1;11;1;2;0;0;1;11;1;188;1;1;0;0;1;1;1;1;0;1;1;2;1;1;7;1;2;0;0;0;0;0;0;0;0;0;0;0;0;0;0;1;2;1;1;0;0;0;0;1;1;0;0;0;0;0;1;0;0;1;0;0;0;1;0;0;0;0;0;0;0;;;;;0;;;;;;;1;0;0;0;0;0;0;0;1;1;0;0;1;0;0;0;1;1;0;1;0;0;0;0;0;0;0;1;1;0;0;0;1;1;0;172;0;0;0;0;0;0;0;0;0;0;0;0;0;0;0;0;0;0;0;0;0;0;0;0;0;0;0;0;0;0;0;0;0;172;172;14;158;0;0;0;0;0;0;0;0;0;0;4;4;0;90;82;96;15;6;54;0;1;0;0;0;0;10;162;49;123;0;0;0;0;0;0;0;0;169;3;0;0;0;0;7;0;0;0;0;0;0;0;7;7;0;0;0;3;3;0;8;0;0;0;0;0;0;0;8;8;0;0;0;3;3;0;3;5;0;0;0;0;0;0;0;0
2023;Centro-Oeste;5;Goiás;GO;52;Goiânia;5208707;Goiânia;5201;Goiânia;520001;Centro Goiano;5203;Goiânia;52010;520870705;SENAC - CENTRO DE EDUCACAO PROFISSIONAL ELIAS BUFAICAL;52091368;4;1;1;0;RUA 31 A;43;;SETOR AEROPORTO;74075470;62;32195160;1;2;02JAN23:00:00:00;15DEC23:00:00:00;;;;;0;;;;;;;;;;;;;;;;;;;;0;0;0;0;0;1;0;3,60848E+12;3,60848E+12;1;1;;;1;1;0;0;0;0;;0;0;0;1;1;0;0;0;0;1;0;0;0;1;0;0;0;0;1;0;0;0;0;1;0;0;0;1;1;0;1;0;1;1;1;0;0;1;0;0;0;0;1;1;0;1;0;0;0;0;0;0;1;0;0;0;0;0;1;0;1;0;1;0;0;0;0;1;1;0;0;0;0;0;0;0;28;4;32;21;32;0;1;0;1;1;1;0;1;4;1;15;1;2;0;0;1;30;1;134;0;0;0;0;1;1;1;1;0;1;1;3;1;1;10;1;7;0;0;0;0;0;0;0;0;0;0;0;0;0;0;1;6;1;1;0;0;0;0;1;1;0;0;1;1;0;1;0;1;1;0;0;0;1;0;0;0;0;1;0;0;;;;;0;;;;;;;1;0;0;0;0;0;0;0;1;0;0;0;1;0;0;0;1;1;0;1;0;0;0;0;0;0;0;1;1;0;0;0;1;1;0;191;0;0;0;0;0;0;0;0;0;0;0;0;0;0;0;0;0;0;0;0;0;0;0;0;0;0;0;0;0;0;0;0;0;191;191;18;173;0;0;0;0;0;0;0;0;0;0;4;4;0;155;36;106;24;6;53;2;0;0;0;0;0;7;184;112;79;0;0;0;0;0;0;0;0;187;4;0;0;0;0;19;0;0;0;0;0;0;0;19;19;0;0;0;19;19;0;12;0;0;0;0;0;0;0;12;12;0;0;0;3;3;0;7;5;0;0;0;0;0;0;0;0
2023;Centro-Oeste;5;Goiás;GO;52;Jataí;5211909;Rio Verde;5203;Jataí-Mineiros;520011;Sul Goiano;5205;Sudoeste de Goiás;52013;521190905;SERVICO NACIONAL DE APRENDIZAGEM COMERCIAL - SENAC;52111407;4;1;1;0;RUA ITARUMA;1394;;SETOR OESTE;75804076;64;36313040;1;17;09JAN23:00:00:00;22DEC23:00:00:00;;;;;0;;;;;;;;;;;;;;;;;;;;0;0;0;0;0;1;0;3,60848E+12;3,60848E+12;1;1;;;1;1;0;0;0;0;;0;0;0;1;1;0;0;0;0;1;0;0;0;1;0;0;0;0;1;0;0;0;0;0;0;0;1;0;1;1;1;0;1;1;0;0;1;1;1;0;0;0;1;1;0;0;0;0;0;0;0;0;0;0;0;0;0;0;1;1;1;0;1;0;0;0;0;1;1;0;1;0;0;0;0;0;15;0;15;14;14;1;1;0;1;1;0;0;0;0;1;1;1;2;0;0;1;15;1;40;0;0;0;0;1;1;1;1;0;1;1;3;1;1;3;1;5;0;0;0;0;0;0;0;0;0;0;0;0;0;0;1;3;1;1;0;0;0;0;0;0;0;0;0;0;0;1;0;0;0;0;0;0;1;0;0;0;0;0;0;0;;;;;0;;;;;;;1;0;0;0;0;0;0;0;1;0;0;0;1;0;0;0;1;1;0;1;0;0;0;0;0;0;0;1;1;0;0;0;1;1;0;298;0;0;0;0;0;0;0;0;0;0;0;0;0;0;0;0;0;0;0;0;0;0;0;0;0;0;0;0;0;0;0;0;0;298;298;14;284;0;0;0;0;0;0;0;0;0;0;2;2;0;260;38;175;41;6;66;10;0;0;0;0;0;14;284;84;214;0;0;0;0;0;0;0;0;279;19;0;0;0;0;12;0;0;0;0;0;0;0;12;12;0;0;0;1;1;0;14;0;0;0;0;0;0;0;14;14;0;0;0;1;1;0;4;10;0;0;0;0;0;0;0;0
2023;Centro-Oeste;5;Goiás;GO;52;Iporá;5210208;São Luís de Montes Belos - Iporá;5204;Iporá;520014;Centro Goiano;5203;Iporá;52008;521020805;SENAC - CENTRO DE EDUCACAO PROFISSIONAL EM IPORA;52233359;4;;1;;AVENIDA 24 DE OUTUBRO;195;;SETOR CENTRAL;76200000;64;36032155;2;13;;;;;;;;;;;;;;;;;;;;;;;;;;;;;;;;;;;;;;;;;;;;;;;;;;;;;;;;;;;;;;;;;;;;;;;;;;;;;;;;;;;;;;;;;;;;;;;;;;;;;;;;;;;;;;;;;;;;;;;;;;;;;;;;;;;;;;;;;;;;;;;;;;;;;;;;;;;;;;;;;;;;;;;;;;;;;;;;;;;;;;;;;;;;;;;;;;;;;;;;;;;;;;;;;;;;;;;;;;;;;;;;;;;;;;;;;;;;;;;;;;;;;;;;;;;;;;;;;;;;;;;;;;;;;;;;;;;;;;;;;;;;;;;;;;;;;;;;;;;;;;;;;;;;;;;;;;;;;;;;;;;;;;;;;;;;;;;;;;;;;;;;;;;;;;;;;;;;;;;;;;;;;;;;;;;;;;;;
2023;Centro-Oeste;5;Goiás;GO;52;Aparecida de Goiânia;5201405;Goiânia;5201;Goiânia;520001;Centro Goiano;5203;Goiânia;52010;520140505;SENAC - CENTRO DE EDUCACAO PROFISSIONAL EM APARECIDA DE GOIANIA;52233367;4;1;1;0;AVENIDA DONA MARIA CARDOSO;;Q.29 LT.06/09 19/22;JARDIM LUZ;74915520;62;35244500;1;4;09JAN23:00:00:00;22DEC23:00:00:00;;;;;0;;;;;;;;;;;;;;;;;;;;0;0;0;0;1;1;1;3,60848E+12;3,60848E+12;1;2;;;1;1;0;0;0;0;;0;0;0;1;1;0;0;0;0;1;0;0;0;1;0;0;0;0;1;0;0;0;0;1;0;0;0;1;1;1;1;0;1;1;0;0;1;1;1;0;0;0;1;0;0;0;0;0;0;0;0;0;0;0;0;0;0;0;1;1;1;0;1;0;0;0;0;1;1;0;1;1;0;0;0;0;25;0;25;25;25;0;1;1;1;1;0;0;1;1;1;1;1;2;0;0;1;20;1;88888;1;1;1;1;1;1;1;1;0;1;1;3;1;1;4;1;8;0;0;0;0;1;3;0;0;0;0;0;0;0;0;1;2;1;1;1;2;0;0;0;0;0;0;0;0;0;1;0;0;1;0;1;1;0;1;0;0;0;0;0;0;;;;;0;;;;;;;1;1;1;0;0;1;0;0;0;1;0;0;1;0;0;0;1;1;0;1;0;0;0;0;0;0;0;1;1;0;0;0;1;1;0;95;0;0;0;0;0;0;0;0;0;0;0;0;0;0;0;0;0;0;0;0;0;0;0;0;0;0;0;0;0;0;0;0;0;95;95;0;95;0;0;0;0;0;0;0;0;0;0;3;3;0;51;44;61;8;4;21;1;0;0;0;0;0;5;90;45;50;0;0;0;0;0;0;0;0;91;4;0;0;0;0;10;0;0;0;0;0;0;0;10;10;0;0;0;3;3;0;6;0;0;0;0;0;0;0;6;6;0;0;0;1;1;0;3;3;0;0;0;0;0;0;0;0
2023;Centro-Oeste;5;Goiás;GO;52;Caldas Novas;5204508;Itumbiara;5202;Caldas Novas-Morrinhos;520008;Sul Goiano;5205;Meia Ponte;52015;520450805;SENAC - CENTRO DE EDUCACAO PROFISSIONAL VALERIA JAIME PEIXOTO PERILLO;52234363;4;1;1;0;AVENIDA TIRADENTES;S/N;LT. SR-08 D;ESTANCIA ITANHANGA;75680350;64;34531241;1;22;02JAN23:00:00:00;15DEC23:00:00:00;;;;;0;;;;;;;;;;;;;;;;;;;;0;0;0;0;0;1;0;3,60848E+12;3,60848E+12;1;1;;;1;1;0;0;0;0;;0;0;0;1;1;0;0;0;0;1;0;0;0;1;0;0;0;0;1;0;0;0;0;0;0;0;1;0;0;1;1;0;1;1;0;0;1;1;1;0;0;0;1;1;0;0;0;0;0;0;0;0;0;0;0;0;0;0;1;1;1;0;1;0;0;0;0;1;1;0;1;1;0;0;1;0;16;0;16;16;16;0;1;1;1;1;1;0;1;2;1;5;1;3;0;0;1;21;1;75;1;11;1;4;1;1;1;1;0;1;0;3;1;1;5;1;3;0;0;0;0;0;0;0;0;0;0;0;0;0;0;1;3;1;1;1;2;0;0;0;0;0;0;0;0;0;0;0;0;1;0;0;0;1;0;0;0;0;0;0;0;;;;;0;;;;;;;1;0;0;0;0;0;0;0;1;0;0;0;1;0;0;0;1;1;0;1;0;0;0;0;0;0;0;1;1;0;0;0;0;0;0;352;0;0;0;0;0;0;0;0;0;0;0;0;0;0;0;0;0;0;0;0;0;0;0;0;0;0;0;0;0;0;0;0;0;352;352;40;312;0;0;0;0;0;0;0;0;0;0;0;0;0;252;100;125;99;7;117;4;0;0;0;0;0;11;341;97;255;0;0;0;0;0;0;0;0;349;3;0;0;0;0;21;0;0;0;0;0;0;0;21;21;0;0;0;0;0;0;17;0;0;0;0;0;0;0;17;17;0;0;0;0;0;0;5;12;0;0;0;0;0;0;0;0
2023;Centro-Oeste;5;Goiás;GO;52;Catalão;5205109;Goiânia;5201;Catalão;520004;Sul Goiano;5205;Catalão;52017;520510905;SENAC - CENTRO DE EDUCACAO PROFISSIONAL CATALAO;52235351;4;1;1;0;RUA WAGNER ESTELITA CAMPOS;157;;SETOR CENTRAL;75701290;64;34413657;1;6;09JAN23:00:00:00;15DEC23:00:00:00;;;;;0;;;;;;;;;;;;;;;;;;;;0;0;0;0;1;1;1;3,60848E+12;3,60848E+12;1;2;;;1;1;0;0;0;0;;0;0;0;1;1;0;0;0;0;1;0;0;0;1;0;0;0;0;1;0;0;0;0;0;0;0;1;1;0;1;1;0;1;1;0;1;1;1;1;0;0;1;1;1;0;1;0;0;0;0;0;0;0;0;0;0;0;0;1;1;1;0;1;0;0;0;0;1;1;0;1;1;0;0;1;0;27;0;27;27;0;1;1;1;1;1;1;0;0;0;1;3;1;2;0;0;1;29;1;75;0;0;0;0;1;1;1;1;0;1;0;3;1;1;6;1;4;0;0;0;0;0;0;0;0;0;0;0;0;0;0;1;1;1;1;0;0;0;0;0;0;0;0;0;0;0;1;0;1;1;0;0;0;1;0;0;0;0;0;0;0;;;;;0;;;;;;;1;0;0;0;0;0;0;0;1;0;0;0;1;0;0;0;1;1;0;1;0;0;0;0;0;0;0;1;1;0;0;0;1;1;0;263;0;0;0;0;0;0;0;0;0;0;0;0;0;0;0;0;0;0;0;0;0;0;0;0;0;0;0;0;0;0;0;0;0;263;263;20;243;0;0;0;0;0;0;0;0;0;0;1;1;0;212;51;145;52;11;52;3;0;0;0;0;0;17;246;55;208;0;0;0;0;0;0;0;0;257;6;0;0;0;0;11;0;0;0;0;0;0;0;11;11;0;0;0;1;1;0;14;0;0;0;0;0;0;0;14;14;0;0;0;1;1;0;4;10;0;0;0;0;0;0;0;0
2023;Centro-Oeste;5;Distrito Federal;DF;53;Brasília;5300108;Distrito Federal;5301;Distrito Federal;530001;Distrito Federal;5301;Brasília;53001;530010805;C DE EDUC PROFISSIONAL SENAC - PLANO PILOTO;53001249;4;1;1;0;QUADRA SEPS 703/903;;;ASA SUL;70390039;61;37719830;1;99;02JAN23:00:00:00;22DEC23:00:00:00;;;;;0;;;;;;;;;;;;;;;;;;;;0;0;0;0;0;1;0;3,29697E+12;3,29697E+12;1;2;;;1;1;0;0;0;0;;0;0;0;1;1;0;0;0;0;1;0;0;0;1;0;0;0;0;1;0;0;0;0;1;0;0;0;1;1;1;1;0;1;0;0;1;1;1;0;0;0;0;1;0;1;0;0;0;0;0;0;0;0;0;0;0;0;0;1;0;1;0;1;0;0;0;0;1;1;1;1;1;0;1;1;0;31;0;31;31;31;1;1;1;1;1;1;0;1;2;1;3;1;2;0;0;1;32;1;40;0;0;0;0;1;1;1;1;0;1;0;3;1;1;8;1;9;1;3;1;2;1;3;0;0;0;0;1;1;0;0;1;4;1;1;1;2;1;2;1;1;0;0;0;0;0;1;0;1;1;0;0;0;1;0;0;0;0;0;0;0;;;;;0;;;;;;;1;0;0;0;0;0;0;0;1;1;0;0;1;0;0;0;1;1;0;1;0;0;0;0;0;0;0;1;1;0;0;0;1;1;0;855;0;0;0;0;0;0;0;0;0;0;0;0;0;0;0;0;0;0;0;0;0;0;0;0;0;0;0;0;0;0;0;0;0;855;855;4;851;0;0;0;0;0;0;0;0;0;0;7;7;0;723;132;493;96;27;233;4;2;0;0;0;0;1;854;535;320;0;0;0;0;0;0;0;0;822;33;0;0;0;0;35;0;0;0;0;0;0;0;35;35;0;0;0;7;7;0;49;0;0;0;0;0;0;0;49;49;0;0;0;7;7;0;29;20;0;0;0;0;0;0;0;0
2023;Centro-Oeste;5;Distrito Federal;DF;53;Brasília;5300108;Distrito Federal;5301;Distrito Federal;530001;Distrito Federal;5301;Brasília;53001;530010805;CEP SENAC - TAGUATINGA;53011686;4;1;1;0;SETOR G NORTE, AREA ESPECIAL Nº 39;39;;TAGUATINGA NORTE TAGUATINGA;72130005;61;33555500;1;99;02JAN23:00:00:00;22DEC23:00:00:00;;;;;0;;;;;;;;;;;;;;;;;;;;0;0;0;0;0;1;0;3,29697E+12;3,29697E+12;1;2;;;1;1;0;0;0;0;;0;0;0;1;1;0;0;0;0;1;0;0;0;1;0;0;0;0;1;0;0;0;0;1;0;0;0;0;1;1;1;0;1;0;0;1;1;1;1;0;0;0;1;0;0;0;0;0;0;0;0;0;0;0;0;0;0;0;1;1;1;0;1;0;0;0;0;0;1;1;0;1;0;0;1;0;16;0;16;16;0;0;1;0;1;1;1;0;0;0;0;0;0;0;1;7;0;0;1;24;0;0;0;0;1;1;1;1;0;1;0;1;1;1;7;1;7;0;0;0;0;0;0;0;0;0;0;0;0;0;0;1;4;1;1;1;2;1;2;1;1;0;0;0;0;0;1;0;0;0;0;1;0;0;0;0;0;0;0;0;0;;;;;0;;;;;;;1;0;0;0;0;0;0;1;0;1;0;0;1;0;0;0;1;1;0;1;0;0;0;0;0;0;0;1;1;0;0;0;1;1;0;477;0;0;0;0;0;0;0;0;0;0;0;0;0;0;0;0;0;0;0;0;0;0;0;0;0;0;0;0;0;0;0;0;0;477;416;91;325;61;0;0;0;0;0;0;0;0;0;6;6;0;332;145;151;64;20;239;2;1;0;0;0;11;124;342;302;175;0;0;0;0;0;0;0;0;462;15;0;0;0;0;25;0;0;0;0;0;0;0;25;22;0;0;0;6;6;0;38;0;0;0;0;0;0;0;38;30;0;0;0;6;6;0;26;12;0;0;0;0;0;0;0;0
2023;Centro-Oeste;5;Distrito Federal;DF;53;Brasília;5300108;Distrito Federal;5301;Distrito Federal;530001;Distrito Federal;5301;Brasília;53001;530010805;SERVICO NACIONAL DE APRENDIZAGEM COMERCIAL - SENAC JOAQUIM LOIOLA - GAMA;53016602;4;1;1;0;QUADRA QD 5 CJ F LT 7;7;;SETOR SUL GAMA;72410306;61;37719813;1;99;02JAN23:00:00:00;23DEC23:00:00:00;;;;;0;;;;;;;;;;;;;;;;;;;;0;0;0;0;0;1;0;3,29697E+12;3,29697E+12;1;2;;;1;2;0;0;0;0;;0;0;0;1;1;0;0;0;0;1;0;0;0;1;0;0;0;0;1;0;0;0;0;1;0;0;0;1;0;1;1;0;1;0;0;1;1;0;0;0;0;0;1;0;0;0;0;0;0;0;0;0;0;0;0;0;0;0;1;0;1;0;1;0;0;0;0;1;1;0;0;0;0;0;0;0;13;0;13;13;0;0;1;0;1;1;1;0;0;0;1;11;0;0;1;2;1;11;1;61;0;0;0;0;1;1;1;1;1;1;1;3;1;1;5;1;6;1;2;0;0;0;0;0;0;0;0;0;0;0;0;1;2;1;1;0;0;0;0;0;0;0;0;0;0;0;1;0;0;0;0;0;0;0;0;0;0;0;0;0;0;;;;;1;0;1;0;0;0;0;1;1;0;0;0;0;0;0;1;1;0;0;1;0;0;0;1;1;0;1;0;0;0;0;0;0;0;1;1;0;0;0;1;1;0;218;0;0;0;0;0;0;0;0;0;0;0;0;0;0;0;0;0;0;0;0;0;0;0;0;0;0;0;0;0;0;0;0;0;218;153;10;143;65;0;0;0;0;0;0;0;0;0;3;3;0;144;74;111;25;8;74;0;0;0;0;0;0;70;148;136;82;0;0;0;0;0;0;0;0;206;12;0;0;0;0;15;0;0;0;0;0;0;0;15;9;0;0;0;3;3;0;22;0;0;0;0;0;0;0;22;13;0;0;0;3;3;0;15;7;0;0;0;0;0;0;0;0
2023;Centro-Oeste;5;Distrito Federal;DF;53;Brasília;5300108;Distrito Federal;5301;Distrito Federal;530001;Distrito Federal;5301;Brasília;53001;530010805;C DE EDUC PROFISSIONAL SENAC TECNOLOGIA DO TURISMO E HOSPITALIDADE;53018222;4;1;1;0;QUADRA SEPS 703/903;;;ASA SUL;70390039;61;37739639;1;99;02JAN23:00:00:00;22DEC23:00:00:00;;;;;0;;;;;;;;;;;;;;;;;;;;0;0;0;0;0;1;0;3,29697E+12;3,29697E+12;1;2;;;1;1;0;0;0;0;;0;0;1;1;1;0;0;0;0;1;0;0;0;1;0;0;0;0;1;0;0;0;0;1;0;0;0;1;0;0;1;0;1;0;0;1;1;1;0;0;0;0;1;1;0;0;0;0;0;0;0;0;0;0;0;0;0;0;0;0;1;0;1;0;0;0;0;1;0;0;1;0;0;0;0;0;10;0;10;10;5;0;1;0;0;1;0;0;0;0;0;0;0;0;0;0;1;5;1;25;0;0;0;0;1;1;1;1;0;0;1;2;1;1;5;1;7;0;0;0;0;1;1;0;0;0;0;0;0;0;0;1;1;1;1;0;0;0;0;0;0;0;0;0;0;0;1;0;0;1;0;0;0;0;0;0;0;0;0;0;0;;;;;0;;;;;;;1;0;0;0;0;1;0;0;0;0;0;0;1;0;0;0;1;0;0;1;0;0;0;0;0;0;0;1;1;0;0;0;1;1;0;223;0;0;0;0;0;0;0;0;0;0;0;0;0;0;0;0;0;0;0;0;0;0;0;0;0;0;0;0;0;0;0;0;0;223;47;47;0;176;0;0;0;0;0;0;0;0;0;4;4;0;122;101;76;44;3;98;2;0;0;0;0;4;198;21;223;0;0;0;0;0;0;0;0;0;215;8;0;0;0;0;8;0;0;0;0;0;0;0;8;4;0;0;0;4;4;0;21;0;0;0;0;0;0;0;21;6;0;0;0;4;4;0;21;0;0;0;0;0;0;0;0;0
2023;Centro-Oeste;5;Distrito Federal;DF;53;Brasília;5300108;Distrito Federal;5301;Distrito Federal;530001;Distrito Federal;5301;Brasília;53001;530010805;SENAC ACOES MOVEIS;53018338;4;1;1;0;SEPN 712/912 CONJUNTO E;712/912;BRASILIA DF;ASA NORTE;70790125;61;984760514;1;99;02JAN23:00:00:00;23DEC23:00:00:00;;;;;0;;;;;;;;;;;;;;;;;;;;1;0;0;0;0;0;0;3,29697E+12;3,29697E+12;1;2;;;0;;0;0;0;0;;0;1;;1;1;0;0;0;0;1;0;0;0;1;0;0;0;0;1;0;0;0;0;1;0;0;0;1;0;0;1;0;1;0;0;0;0;1;0;0;0;0;0;0;0;0;0;0;0;0;0;0;1;0;0;0;0;0;1;0;0;0;1;0;0;0;0;0;0;0;0;1;0;0;0;0;0;30;30;0;0;0;1;0;1;0;0;0;0;0;0;0;0;0;0;0;0;0;1;15;0;0;0;0;1;0;1;1;0;0;0;1;1;1;1;1;3;0;0;1;88888;1;1;0;0;0;0;0;0;0;0;0;0;1;1;0;0;0;0;0;0;0;0;0;0;0;0;0;0;0;0;0;0;0;0;0;0;0;0;1;0;;;;;1;0;1;0;0;0;0;1;0;0;0;0;0;0;0;1;0;0;0;1;0;0;0;1;0;0;1;0;0;0;0;0;0;0;1;0;0;0;0;0;0;0;17;0;0;0;0;0;0;0;0;0;0;0;0;0;0;0;0;0;0;0;0;0;0;0;0;0;0;0;0;0;0;0;0;0;17;0;0;0;17;0;0;0;0;0;0;0;0;0;0;0;0;9;8;5;0;2;10;0;0;0;0;0;0;10;7;17;0;0;0;0;0;0;0;0;0;17;0;0;0;0;0;11;0;0;0;0;0;0;0;11;0;0;0;0;0;0;0;13;0;0;0;0;0;0;0;13;0;0;0;0;0;0;0;13;0;0;0;0;0;0;0;0;0
2023;Centro-Oeste;5;Distrito Federal;DF;53;Brasília;5300108;Distrito Federal;5301;Distrito Federal;530001;Distrito Federal;5301;Brasília;53001;530010805;C DE EDUC PROFISSIONAL SENAC - SOBRADINHO;53029003;4;1;1;0;QUADRA QUADRA 4 CONJUNTO E;5;;SOBRADINHO;73025045;61;37739615;1;99;02JAN23:00:00:00;22DEC23:00:00:00;;;;;0;;;;;;;;;;;;;;;;;;;;0;0;0;0;0;1;0;3,29697E+12;3,29697E+12;1;2;;;1;2;0;0;0;0;;1;0;0;1;1;0;0;0;0;1;0;0;0;1;0;0;0;0;1;0;0;0;0;1;0;0;0;0;1;1;1;0;1;0;0;1;1;0;0;0;0;0;1;0;0;0;0;0;0;0;0;0;0;0;0;0;0;0;1;0;1;0;1;0;0;0;0;1;0;0;1;1;0;0;0;0;10;1;11;10;10;0;1;0;1;1;1;0;0;0;1;8;0;0;1;2;1;8;1;50;0;0;0;0;1;1;1;1;0;1;0;3;1;1;6;1;6;1;1;0;0;0;0;0;0;0;0;0;0;0;0;1;2;1;1;0;0;0;0;1;1;0;0;0;0;0;0;0;0;1;0;0;0;0;0;0;0;0;0;0;0;;;;;0;;;;;;;1;0;1;0;0;0;0;0;1;1;0;0;1;0;0;0;1;1;0;1;0;0;0;0;0;0;0;1;1;0;0;0;1;1;0;558;0;0;0;0;0;0;0;0;0;0;0;0;0;0;0;0;0;0;0;0;0;0;0;0;0;0;0;0;0;0;0;0;0;558;479;298;181;79;0;0;0;0;0;0;0;0;0;17;17;0;329;229;273;63;15;204;3;0;0;0;0;2;338;218;438;120;0;0;0;0;0;0;0;0;518;40;0;0;0;0;16;0;0;0;0;0;0;0;16;14;0;0;0;8;8;0;33;0;0;0;0;0;0;0;33;23;0;0;0;12;12;0;27;6;0;0;0;0;0;0;0;0
2023;Centro-Oeste;5;Distrito Federal;DF;53;Brasília;5300108;Distrito Federal;5301;Distrito Federal;530001;Distrito Federal;5301;Brasília;53001;530010805;C DE EDUC PROFISSIONAL SENAC - JESSE FREIRE;53045009;4;1;1;0;GRANDE USUARIO SCS QUADRA 6 BLOCO A LOTE 172;;;ASA SUL;70306908;61;32265211;1;99;02JAN23:00:00:00;22DEC23:00:00:00;;;;;0;;;;;;;;;;;;;;;;;;;;1;0;0;0;1;1;0;3,29697E+12;1E+14;1;2;;;1;2;0;0;0;0;;0;1;0;1;1;0;0;0;0;1;0;0;0;1;0;0;0;0;1;0;0;0;0;1;0;0;0;1;0;1;1;0;1;1;0;1;1;0;0;0;0;0;1;0;0;0;0;0;0;0;0;0;0;0;0;0;0;0;1;0;1;0;1;0;0;0;0;0;1;0;1;1;0;0;0;0;27;0;27;27;27;0;1;0;1;1;0;0;0;0;1;23;0;0;0;0;1;23;1;284;1;2;1;28;1;1;1;1;0;1;0;1;1;1;7;1;8;1;2;0;0;0;0;0;0;0;0;0;0;0;0;1;2;1;1;0;0;0;0;1;2;0;0;0;0;0;0;0;0;1;0;0;0;0;0;0;0;0;0;0;0;;;;;0;;;;;;;1;0;0;0;0;0;0;0;1;0;0;0;1;0;0;1;1;1;0;1;0;0;0;0;0;0;1;1;1;0;0;0;1;1;0;662;0;0;0;0;0;0;0;0;0;0;0;0;0;0;0;11;0;0;0;0;0;0;11;0;0;0;0;11;0;0;0;0;0;662;561;511;39;101;0;0;0;0;0;0;0;0;0;12;12;0;370;292;286;125;27;218;6;0;0;0;0;7;114;541;515;147;0;0;0;0;0;0;0;0;620;42;0;536;536;0;25;0;0;0;0;0;0;2;25;19;0;0;0;7;7;0;42;0;0;0;0;0;0;2;42;31;0;0;0;9;9;0;34;8;0;0;0;0;0;0;0;0
