ano;sigla_uf;rede;diretoria;id_municipio;prop_aprovados_anos_inciais_ef;prop_reprovados_anos_iniciais_ef;prop_abandono_anos_iniciais_ef;prop_aprovados_anos_finais_ef;prop_reprovados_anos_finais_ef;prop_abandono_anos_finais_ef;prop_aprovados_em;prop_reprovados_em;prop_abandono_em
2011;SP;;;3500105;0;0;0;8.870.863;109.669;0.3244646;8.063.611;1.936.389;0
2011;SP;;;3514403;0;0;0;90;6.643.836;3.356.164;7.943.989;114.071;9.153.006
2011;SP;;;3515806;0;0;0;0;0;0;989.011;1.098.901;0
2011;SP;;;3516002;0;0;0;8.952.879;6.544.503;3.926.702;7.683.983;1.082.251;1.233.766
2011;SP;;;3520806;0;0;0;9.876.543;1.234.568;0;8.618.421;1.381.579;0
2011;SP;;;3521606;0;0;0;9.171.429;8;0.2857143;9.414.226;502.092;0.8368201
2011;SP;;;3526001;0;0;0;9.543.307;4.566.929;0;9.387.755;6.122.449;0
2011;SP;;;3527405;0;0;0;821.656;1.677.282;1.061.571;6.062.992;3.763.779;1.732.283
2011;SP;;;3528908;0;0;0;9.411.765;5.882.353;0;8.938.053;1.061.947;0
2011;SP;;;3531605;0;0;0;974.138;2.586.207;0;9.642.857;3.571.429;0
2011;SP;;;3533106;0;0;0;9.383.562;3.424.658;2.739.726;7.906.977;9.302.325;1.162.791
2011;SP;;;3534609;0;0;0;9.449.185;4.499.612;1.008.534;8.615.752;127.685;1.073.986
2011;SP;;;3534807;0;0;0;0;0;0;9.391.026;6.089.744;0
2011;SP;;;3534906;0;0;0;8.904.348;7.826.087;3.130.435;7.887.701;1.042.781;1.069.519
2011;SP;;;3535408;0;0;0;8.683.958;7.588.857;5.571.566;7.947.883;1.058.632;9.934.854
2011;SP;;;3536406;0;0;0;8.780.991;8.471.074;3.719.008;8.469.055;7.491.857;781.759
2011;SP;;;3540853;0;0;0;987.013;1.298.701;0;9.365.079;6.349.206;0
2011;SP;;;3544707;0;0;0;9.281.437;7.185.629;0;8.770.492;1.229.508;0
2011;SP;;;3545100;0;0;0;9.562.682;3.790.087;0.5830904;8.932.039;4.854.369;5.825.243
2011;SP;;;3547106;0;0;0;9.893.617;106.383;0;875.817;6.535.948;5.882.353
2011;SP;;;3549300;0;0;0;100;0;0;9.473.684;2.105.263;3.157.895
2011;SP;;;3555109;0;0;0;0;0;0;8.851.064;2.340.425;9.148.936
2011;SP;;;3501608;9.426.801;5.577.072;0.1549187;9.204.206;5.634.169;232.377;7.926.773;1.404.295;6.689.325
2011;SP;;;3533403;0;0;0;9.287.671;3.972.603;3.150.685;8.257.858;9.323.388;8.098.029
2011;SP;;;3545803;9.496.503;5.034.965;0;9.306.123;5.102.041;1.836.735;8.255.602;1.057.261;6.871.369
2011;SP;;;3502101;0;0;0;8.998.888;7.230.256;2.780.868;8.547.242;9.339.159;5.188.422
2011;SP;;;3511003;0;0;0;9.284.314;5;2.156.863;8.352.941;1.220.588;4.264.706
2011;SP;;;3517802;0;0;0;8.463.251;1.336.303;2.004.454;8.426.966;8.988.764;6.741.573
2011;SP;;;3520442;0;0;0;9.374.464;428.449;1.970.865;6.093.535;2.558.459;1.348.005
2011;SP;;;3523008;0;0;0;8.987.342;8.227.848;1.898.734;84.375;10.625;5
2011;SP;;;3526506;0;0;0;0;0;0;8.857.143;7.428.571;4
2011;SP;;;3530102;0;0;0;9.636.533;2.702.703;0.9319664;9.350.133;464.191;1.856.764
2011;SP;;;3532108;0;0;0;9.570.313;4.296.875;0;9.105.691;8.943.089;0
2011;SP;;;3533205;0;0;0;0;0;0;8.994.083;887.574;1.183.432
2011;SP;;;3537404;0;0;0;9.769.292;1.511.535;0.7955449;962.963;2.805.836;0.8978676
2011;SP;;;3552304;0;0;0;0;0;0;7.784.091;1.647.727;5.681.818
2011;SP;;;3502705;9.618.056;3.819.444;0;9.569.537;3.405.866;0.8987701;8.820.436;8.489.858;3.305.785
2011;SP;;;3505351;0;0;0;9.548.254;4.312.115;0.2053388;9.264.706;4.779.412;2.573.529
2011;SP;;;3517604;100;0;0;9.967.585;0;0.3241491;9.876.289;0.1030928;1.134.021
2011;SP;;;3521200;0;0;0;9.012.346;6.584.362;3.292.181;8.154.507;1.287.554;5.579.399
2011;SP;;;3522158;9.166.666;8.333.333;0;971.519;2.531.646;0.3164557;9.714.286;2.857.143;0
2011;SP;;;3522653;0;0;0;9.801.488;1.488.834;0.4962779;9.427.312;2.202.643;3.524.229
2011;SP;;;3542800;9.852.941;1.470.588;0;9.389.068;5.144.694;0.9646302;9.447.005;2.304.147;3.225.806
2011;SP;;;3543006;0;0;0;9.692.931;1.680.185;1.390.498;9.346.847;3.265.766;3.265.766
2011;SP;;;3502804;0;0;0;9.400.465;4.686.162;1.309.189;8.311.995;142.013;2.678.747
2011;SP;;;3506201;0;0;0;9.548.387;1.290.323;3.225.806;82;5;13
2011;SP;;;3518206;0;0;0;9.278.033;499.232;2.227.343;8.757.397;6.804.734;5.621.302
2011;SP;;;3544400;0;0;0;9.726.776;273.224;0;8.368.794;9.219.858;7.092.198
2011;SP;;;3548054;0;0;0;0;0;0;9.058.172;4.432.133;498.615
2011;SP;;;3556305;0;0;0;9.368.421;2.631.579;3.684.211;8.644.501;4.092.072;9.462.915
2011;SP;;;3501707;0;0;0;9.118.087;6.950.673;186.846;778.672;2.018.779;1.945.003
2011;SP;;;3503208;9.839.932;1.600.674;0;9.219.745;7.194.557;0.6079907;7.203.493;2.373.583;4.229.237
2011;SP;;;3506706;0;0;0;0;0;0;8.118.279;188.172;0
2011;SP;;;3516853;0;0;0;8.698.412;8.253.968;4.761.905;7.682.404;9.871.244;1.330.472
2011;SP;;;3529302;9.542.683;4.573.171;0;9.584.065;3.427.065;0.7322788;8.482.294;8.178.752;6.998.313
2011;SP;;;3532058;0;0;0;0;0;0;7.419.355;1.152.074;1.428.571
2011;SP;;;3532900;0;0;0;0;0;0;8.395.061;345.679;1.259.259
2011;SP;;;3543709;0;0;0;9.584.055;3.812.825;0.3466204;878.486;3.585.657;8.565.737
2011;SP;;;3546900;0;0;0;9.563.812;4.361.874;0;8.408.551;1.591.449;0
2011;SP;;;3554755;0;0;0;0;0;0;7.710.844;6.024.096;1.686.747
2011;SP;;;;0;0;0;0;0;0;0;0;0
2011;SP;;;3504008;0;0;0;8.587.465;1.057.063;3.554.724;8.654.832;8.284.023;5.167.653
2011;SP;;;3507209;0;0;0;9.824.561;1.754.386;0;9.142.857;2.857.143;5.714.286
2011;SP;;;3510005;8.858.696;1.141.304;0;8.926.941;9.132.421;1.598.173;8.883.878;7.553.551;3.607.666
2011;SP;;;3513306;100;0;0;100;0;0;9.652.174;0.8695652;2.608.696
2011;SP;;;3519907;0;0;0;100;0;0;9.767.442;2.325.581;0
2011;SP;;;3527900;0;0;0;9.171.271;3.867.403;4.419.889;8.823.529;6.617.647;5.147.059
2011;SP;;;3528809;0;0;0;9.369.501;6.304.986;0;8.969.259;9.764.918;0.5424955
2011;SP;;;3532157;0;0;0;9.607.843;3.921.569;0;9.929.078;0.7092199;0
2011;SP;;;3535309;0;0;0;8.754.099;8.087.432;4.371.585;7.938.596;1.418.129;6.432.748
2011;SP;;;3535507;0;0;0;9.744.095;1.968.504;0.5905512;89.699;4.949.833;5.351.171
2011;SP;;;3537156;0;0;0;9.945.652;0.5434783;0;9.824.561;1.754.386;0
2011;SP;;;3539707;0;0;0;953.271;4.672.897;0;9.140.625;859.375;0
2011;SP;;;3553955;0;0;0;7.067.308;2.211.539;7.211.538;803.056;1.103.565;8.658.744
2011;SP;;;3500550;0;0;0;9.295.039;7.049.608;0;8.436.214;1.563.786;0
2011;SP;;;3503109;0;0;0;9.791.666;2.083.333;0;9.266.409;7.335.907;0
2011;SP;;;3504503;0;0;0;9.222.913;6.261.101;1.509.769;7.909.605;125.908;8.313.156
2011;SP;;;3511409;0;0;0;90;5.581.395;4.418.605;7.990.654;1.183.801;8.255.452
2011;SP;;;3519253;0;0;0;0;0;0;8.389.831;2.966.102;1.313.559
2011;SP;;;3521804;0;0;0;957.039;3.040.317;1.255.783;8.839.178;8.948.005;2.660.218
2011;SP;;;3553807;100;0;0;9.524.148;4.261.364;0.4971591;8.349.515;147.018;1.803.051
2011;SP;;;3500907;0;0;0;9.601.594;0.7968128;3.187.251;8.909.091;1.818.182;9.090.909
2011;SP;;;3505500;0;0;0;8.715.342;1.072.089;2.125.693;8.128.545;1.386.263;4.851.922
2011;SP;;;3512001;0;0;0;0;0;0;8.289.206;5.702.648;114.053
2011;SP;;;3512100;0;0;0;0;0;0;7.866.242;1.464.968;6.687.898
2011;SP;;;3517406;0;0;0;8.752.599;7.276.507;5.197.505;8.065.934;6.666.667;1.267.399
2011;SP;;;3517901;0;0;0;0;0;0;943.128;5.450.237;0.2369668
2011;SP;;;3524204;0;0;0;0;0;0;920.398;4.975.124;2.985.075
2011;SP;;;3533908;0;0;0;9.788.696;1.637.612;0.4754358;9.474.836;3.282.276;1.969.365
2011;SP;;;3551900;0;0;0;0;0;0;8.291.926;113.354;5.745.342
2011;SP;;;3500709;0;0;0;9.018.958;7.203.792;2.606.635;7.995.736;1.208.245;7.960.199
2011;SP;;;3503406;0;0;0;9.530.917;1.918.977;2.771.855;9.571.865;1.834.862;2.446.483
2011;SP;;;3504305;0;0;0;9.422.492;3.039.514;2.735.562;8.781.362;1.075.269;1.111.111
2011;SP;;;3504701;0;0;0;100;0;0;9.729.729;2.702.703;0
2011;SP;;;3506003;941.024;5.249.514;0.6480882;9.131.094;5.664.309;3.024.754;8.057.064;1.266.452;6.764.841
2011;SP;;;3508306;0;0;0;9.071.207;619.195;3.095.975;7.687.862;1.156.069;1.156.069
2011;SP;;;3514502;0;0;0;9.471.075;3.140.496;214.876;8.949.672;4.814.004;5.689.278
2011;SP;;;3519105;0;0;0;955.707;4.429.302;0;9.303.944;6.960.557;0
2011;SP;;;3526803;0;0;0;94.5;4;1.5;8.847.682;7.593.819;392.936
2011;SP;;;3527504;0;0;0;9.685.535;0.6289308;2.515.723;8.916.666;3.333.333;7.5
2011;SP;;;3536570;0;0;0;9.603.175;3.968.254;0;9.350.649;3.896.104;2.597.403
2011;SP;;;3538907;9.797.571;1.619.433;0.4048583;9.590.697;1.209.302;2.883.721;9.065.868;3.473.054;5.868.263
2011;SP;;;3539400;0;0;0;9.831.547;0.7656968;0.9188361;9.541.985;4.580.153;0
2011;SP;;;3541109;8.615.385;1.384.615;0;9.665.427;0.7434945;2.602.231;8.343.195;1.005.917;6.508.876
2011;SP;;;3542503;0;0;0;9.872.205;0.6389776;0.6389776;9.766.082;0.5847953;1.754.386
2011;SP;;;3555505;0;0;0;9.857.652;1.067.616;0.3558719;9.891.304;1.086.957;0
2011;SP;;;3506409;0;0;0;868.932;9.223.301;3.883.495;8.014.185;141.844;5.673.759
2011;SP;;;3506508;9.677.419;3.225.806;0;9.305.103;4.885.993;2.062.975;8.507.298;8.565.134;6.361.884
2011;SP;;;3507753;0;0;0;9.439.252;5.607.477;0;8.818.898;1.181.102;0
2011;SP;;;3508108;0;0;0;9.764.706;2.352.941;0;9.120.689;8.793.103;0
2011;SP;;;3512506;0;0;0;9.863.946;1.360.544;0;8.634.146;5.365.854;8.292.683
2011;SP;;;3516507;0;0;0;100;0;0;100;0;0
2011;SP;;;3517109;0;0;0;84.375;15.625;0;7.122.302;2.877.698;0
2011;SP;;;3527256;0;0;0;9.878.049;0;1.219.512;9.292.929;6.060.606;1.010.101
2011;SP;;;3537701;0;0;0;9.433.962;4.402.516;1.257.862;9.211.618;2.489.627;5.394.191
2011;SP;;;3555208;0;0;0;9.809.524;1.904.762;0;8.737.864;1.262.136;0
2011;SP;;;3502309;0;0;0;0;0;0;8.451.883;1.297.071;251.046
2011;SP;;;3503604;0;0;0;0;0;0;8.434.782;7.608.696;8.043.478
2011;SP;;;3506904;9.705.882;2.941.176;0;849.624;1.278.195;2.255.639;8.625.731;1.754.386;119.883
2011;SP;;;3507506;0;0;0;78.451;1.638.567;516.333;753.278;1.677.816;7.894.032
2011;SP;;;3511607;0;0;0;0;0;0;7.961.165;987.055;105.178
2011;SP;;;3512308;8.804.348;1.195.652;0;88;5;7;7.242.719;1.300.971;1.456.311
2011;SP;;;3523503;0;0;0;8.784.194;7.598.784;455.927;8.188.623;763.473;1.047.904
2011;SP;;;3526407;0;0;0;7.765.958;2.021.277;212.766;7.495.463;1.814.882;6.896.552
2011;SP;;;3536109;0;0;0;0;0;0;7.255.639;2.744.361;0
2011;SP;;;3537503;0;0;0;8.955.824;1.044.177;0;8.231.047;1.768.953;0
2011;SP;;;3540507;0;0;0;8.846.154;1.153.846;0;8.025.079;1.974.922;0
2011;SP;;;3541059;0;0;0;9.624.413;3.755.868;0;8.274.648;1.443.662;2.816.901
2011;SP;;;3541653;0;0;0;0;0;0;7.619.048;6.802.721;170.068
2011;SP;;;3550100;0;0;0;8.614.565;1.012.433;3.730.018;8.226.601;9.922.589;78.114
2011;SP;;;3554656;0;0;0;92;8;0;7.837.838;2.162.162;0
2011;SP;;;3504107;9.435.484;5.645.161;0;9.216.973;5.685.148;2.145.118;8.155.963;1.440.367;4.036.697
2011;SP;;;3507100;0;0;0;894.465;1.055.351;0;7.880.434;2.119.565;0
2011;SP;;;3507605;8.818.182;1.181.818;0;9.048.943;9.232.629;0.2779456;7.830.718;2.116.986;0.5229518
2011;SP;;;3525508;0;0;0;0;0;0;7.901.234;9.135.802;1.185.185
2011;SP;;;3532009;0;0;0;8.873.239;1.126.761;0;7.850.467;1.425.234;724.299
2011;SP;;;3532405;9.358.974;6.410.256;0;9.027.895;7.269.653;2.451.395;8.074.074;1.422.222;5.037.037
2011;SP;;;3536802;0;0;0;0;0;0;8.987.342;464.135;5.485.232
2011;SP;;;3538204;0;0;0;0;0;0;7.777.778;2.222.222;0
2011;SP;;;3538600;0;0;0;9.477.304;4.057.772;1.169.188;8.592.677;6.750.572;7.322.654
2011;SP;;;3552106;8.811.881;1.188.119;0;9.255.441;6.872.852;0.5727377;8.080.986;1.584.507;334.507
2011;SP;;;3554953;0;0;0;0;0;0;8.484.849;5.627.706;9.523.809
2011;SP;;;3556354;0;0;0;0;0;0;9.103.642;8.963.586;0
2011;SP;;;3509007;936.407;6.200.318;0.1589825;9.298.245;6.270.627;0.7469168;8.382.353;1.424.783;192.864
2011;SP;;;3509205;0;0;0;9.196.192;4.547.858;3.490.217;7.733.379;1.408.887;8.577.333
2011;SP;;;3516309;926.282;6.089.744;1.282.051;9.141.223;597.281;2.614.962;8.162.242;1.127.948;7.098.097
2011;SP;;;3516408;9.282.868;6.640.106;0.5312085;9.116.737;6.919.831;1.912.799;8.301.052;1.203.294;4.956.535
2011;SP;;;3528502;0;0;0;954.882;3.513.001;0.9987946;8.489.647;1.275.883;2.344.702
2011;SP;;;3509502;9.074.803;8.858.268;0.3937008;8.929.618;8.486.344;2.217.471;7.536.739;1.793.721;66.954
2011;SP;;;3524709;0;0;0;0;0;0;8.146.639;1.683.639;1.697.217
2011;SP;;;3556206;0;0;0;9.125.475;6.626.833;2.118.414;8.038.605;134.807;613.325
2011;SP;;;3556701;0;0;0;9.143.969;8.560.311;0;8.404.126;1.152.913;4.429.612
2011;SP;;;3510401;0;0;0;8.834.315;7.727.571;3.929.273;7.843.954;1.149.494;1.006.552
2011;SP;;;3514908;0;0;0;8.873.563;3.678.161;7.586.207;8.545.994;5.192.878;9.347.181
2011;SP;;;3520509;0;0;0;9.401.102;3.714.235;2.274.747;8.254.581;1.158.562;5.868.577
2011;SP;;;3530904;0;0;0;0;0;0;8.695.652;8.695.652;4.347.826
2011;SP;;;3531803;0;0;0;9.141.736;4.413.929;416.871;8.245.112;9.680.496;7.868.383
2011;SP;;;3542107;0;0;0;9.310.897;4.967.949;1.923.077;7.297.298;1.375.921;1.326.781
2011;SP;;;3544004;0;0;0;9.050.773;4.635.762;4.856.512;8.103.608;9.898.242;906.568
2011;SP;;;3510500;0;0;0;9.248.036;718.294;0.3367004;8.914.964;9.386.828;1.463.538
2011;SP;;;3520400;0;0;0;0;0;0;8.429.407;1.562.239;0.08354219
2011;SP;;;3550704;0;0;0;8.461.539;9.230.769;6.153.846;8.448.687;1.408.115;1.431.981
2011;SP;;;3555406;4.285.714;4.285.714;1.428.571;9.035.602;9.148.265;0.4957188;8.215.527;1.402.086;382.387
2011;SP;;;3510609;9.461.615;4.725.822;0.6580259;9.264.852;5.076.985;227.449;8.166.734;1.165.516;6.677.496
2011;SP;;;3513009;9.152.542;6.779.661;1.694.915;8.767.345;9.414.328;291.223;6.952.972;2.060.745;9.862.835
2011;SP;;;3503703;0;0;0;9.285.714;6.349.206;0.7936508;9.142.857;3.492.064;5.079.365
2011;SP;;;3509304;0;0;0;0;0;0;8.608.924;4.986.876;8.923.884
2011;SP;;;3511102;0;0;0;9.433.289;4.685.408;0.9817046;9.012.791;8.232.207;1.639.882
2011;SP;;;3511201;0;0;0;9.782.609;0.4830918;1.690.821;8.787.878;4.545.455;7.575.758
2011;SP;;;3514924;0;0;0;0;0;0;965.812;3.418.803;0
2011;SP;;;3514957;0;0;0;95.2;4.8;0;8.953.488;1.046.512;0
2011;SP;;;3521903;0;0;0;0;0;0;9.517.767;4.314.721;0.5076142
2011;SP;;;3528858;0;0;0;972.028;2.797.203;0;8.701.299;1.298.701;0
2011;SP;;;3533254;0;0;0;0;0;0;9.821.429;1.190.476;0.5952381
2011;SP;;;3533502;0;0;0;8.954.248;8.061.002;2.396.514;8.263.052;1.094.378;6.425.703
2011;SP;;;3535101;0;0;0;9.645.293;3.410.641;0.1364256;8.973.105;7.579.462;2.689.487
2011;SP;;;3535705;0;0;0;0;0;0;9.439.252;4.205.607;1.401.869
2011;SP;;;3538105;0;0;0;8.933.334;8;2.666.667;8.782.201;8.196.721;3.981.265
2011;SP;;;3545605;0;0;0;9.851.632;1.186.944;0.2967359;9.628.821;2.401.747;1.310.044
2011;SP;;;3552601;0;0;0;9.777.778;1.481.481;0.7407407;9.005.848;6.725.146;3.216.374
2011;SP;;;3550308;9.633.988;3.091.001;0.569118;8.852.436;8.957.501;2.518.139;7.253.709;2.070.824;6.754.673
2011;SP;;;3513801;9.567.005;4.208.999;0.1209482;9.170.816;5.582.016;2.709.822;7.970.593;1.403.813;625.594
2011;SP;;;3515202;0;0;0;8.868.778;8.144.796;3.167.421;9.218.107;5.349.794;2.469.136
2011;SP;;;3515509;8.823.529;1.176.471;0;9.406.931;5.823.508;0.1071811;8.614.971;130.883;0.7619901
2011;SP;;;3516903;0;0;0;945.946;5.405.406;0;9.035.533;964.467;0
2011;SP;;;3518008;0;0;0;9.560.439;3.296.703;1.098.901;8.833.334;8.333.333;3.333.333
2011;SP;;;3520707;0;0;0;9.019.608;9.803.922;0;8.309.859;1.619.718;0.7042254
2011;SP;;;3528205;0;0;0;9.757.281;2.427.185;0;945.946;5.405.406;0
2011;SP;;;3528304;0;0;0;9.462.366;5.376.344;0;8.461.539;1.538.461;0
2011;SP;;;3529609;0;0;0;9.560.439;4.395.605;0;8.555.556;7.222.222;7.222.222
2011;SP;;;3530003;0;0;0;100;0;0;9.516.129;483.871;0
2011;SP;;;3534757;0;0;0;8.912.621;1.087.379;0;8.135.135;1.864.865;0
2011;SP;;;3536901;0;0;0;100;0;0;987.013;1.298.701;0
2011;SP;;;3540408;0;0;0;9.457.832;5.421.687;0;8.974.359;1.025.641;0
2011;SP;;;3549201;0;0;0;9.677.419;2.150.538;1.075.269;9.457.365;3.875.969;1.550.388
2011;SP;;;3549250;0;0;0;9.882.353;1.176.471;0;9.753.086;2.469.136;0
2011;SP;;;3555307;0;0;0;100;0;0;952.381;4.761.905;0
2011;SP;;;3513207;0;0;0;0;0;0;785.124;7.438.016;1.404.959
2011;SP;;;3516200;9.760.923;2.349.547;0.04122011;9.346.911;3.613.758;291.713;8.265.784;7.791.054;9.551.106
2011;SP;;;3523701;0;0;0;8.755.656;4.977.376;7.466.063;7.921.568;7.843.137;1.294.118
2011;SP;;;3525409;0;0;0;0;0;0;8.231.707;2.439.024;152.439
2011;SP;;;3536307;0;0;0;902.439;3.547.672;6.208.426;8.346.774;483.871;1.169.355
2011;SP;;;3537008;9.728.261;2.173.913;0.5434783;9.216.044;3.737.466;4.102.097;8.242.812;7.507.987;100.639
2011;SP;;;3542701;0;0;0;0;0;0;8.071.429;1.464.286;4.642.857
2011;SP;;;3543105;0;0;0;0;0;0;95;0;5
2011;SP;;;3543600;0;0;0;9.429.658;3.041.825;2.661.597;8.481.013;6.329.114;886.076
2011;SP;;;3549508;0;0;0;8.548.124;1.125.612;3.262.643;7.570.621;1.525.424;9.039.548
2011;SP;;;3502507;0;0;0;9.144.736;7.894.737;0.6578947;8.626.302;9.375;4.361.979
2011;SP;;;3503158;0;0;0;0;0;0;8.934.426;1.639.344;9.016.394
2011;SP;;;3503505;0;0;0;0;0;0;8.195.122;1.804.878;0
2011;SP;;;3504909;0;0;0;0;0;0;8.379.531;1.577.825;0.4264392
2011;SP;;;3508603;0;0;0;8.452.381;1.479.592;0.6802721;728.169;2.183.099;5.352.113
2011;SP;;;3509957;0;0;0;0;0;0;5.770.751;3.201.581;1.027.668
2011;SP;;;3513405;0;0;0;852.526;1.326.152;1.485.884;8.222.305;1.538.174;239.521
2011;SP;;;3513603;8.085.107;1.914.894;0;9.333.768;3.919.007;2.743.305;7.766.798;1.709.486;5.237.154
2011;SP;;;3518404;100;0;0;8.583.673;1.295.918;1.204.082;7.077.673;2.548.065;374.263
2011;SP;;;3526605;0;0;0;948.718;5.128.205;0;7.888.889;2.074.074;0.3703704
2011;SP;;;3527207;0;0;0;8.382.353;1.371.409;246.238;7.647.059;1.848.172;5.047.695
2011;SP;;;3538501;0;0;0;8.495.441;1.018.237;4.863.222;813.253;1.144.578;7.228.916
2011;SP;;;3540754;0;0;0;0;0;0;5.830.116;2.509.653;1.660.232
2011;SP;;;3541901;0;0;0;8.586.957;7.065.217;7.065.217;7.194.805;1.324.675;1.480.519
2011;SP;;;3544301;0;0;0;0;0;0;7.185.185;145.679;1.358.025
2011;SP;;;3549607;0;0;0;0;0;0;8.490.566;1.383.648;1.257.862
2011;SP;;;3552007;0;0;0;8.896.797;7.117.438;3.914.591;8.404.908;7.361.963;8.588.957
2011;SP;;;3518800;9.473.325;4.914.989;0.3517686;8.874.112;9.215;2.043.879;7.665.078;1.857.213;4.777.092
2011;SP;;;3515103;9.849.056;1.509.434;0;9.351.603;5.872.278;0.6116956;7.949.693;1.664.229;3.860.778
2011;SP;;;3522208;9.589.041;3.938.356;0.1712329;8.958.197;9.199.319;1.218.713;7.780.642;1.920.351;2.990.076
2011;SP;;;3526209;9.112.426;8.579.882;0.295858;9.132.948;6.647.399;2.023.121;7.899.263;1.541.769;5.589.681
2011;SP;;;3549953;0;0;0;8.738.739;1.171.171;0.9009009;8.019.802;1.442.716;5.374.823
2011;SP;;;3500758;0;0;0;9.400.922;5.529.954;0.4608295;9.017.094;940.171;0.4273504
2011;SP;;;3502200;8.584.071;1.327.434;0.8849558;8.686.441;1.059.322;2.542.373;7.457.832;2.349.398;1.927.711
2011;SP;;;3509452;0;0;0;9.009.901;990.099;0;7.906.977;2.093.023;0
2011;SP;;;3518503;0;0;0;9.210.526;7.368.421;0.5263158;8.179.959;8.793.456;9.406.953
2011;SP;;;3522307;9.516.129;4.545.455;0.2932551;9.138.659;7.144.063;1.469.346;7.844.923;1.865.005;2.900.707
2011;SP;;;3535804;0;0;0;0;0;0;8.443.272;1.306.069;2.506.596
2011;SP;;;3550209;0;0;0;9.176.579;6.770.357;1.463.861;8.332.053;1.299.001;368.947
2011;SP;;;3551108;9.756.097;0;2.439.024;9.506.727;2.466.368;2.466.368;8.891.455;9.468.822;1.616.628
2011;SP;;;3554003;0;0;0;855.475;1.187.601;2.576.489;7.920.567;156.084;5.185.935
2011;SP;;;3508009;0;0;0;0;0;0;8.575.668;1.424.332;0
2011;SP;;;3510203;0;0;0;9.406.576;5.934.242;0;8.685.345;1.142.241;1.724.138
2011;SP;;;3522406;0;0;0;95;5;0;8.198.175;1.492.651;3.091.738
2011;SP;;;3532827;0;0;0;0;0;0;8.422.392;1.424.936;1.526.718
2011;SP;;;3543253;0;0;0;9.929.245;0.7075472;0;9.883.721;1.162.791;0
2011;SP;;;3553856;0;0;0;0;0;0;7.879.858;6.360.424;1.484.099
2011;SP;;;3505708;0;0;0;0;0;0;7.461.918;1.235.786;1.302.296
2011;SP;;;3522505;0;0;0;840.442;9.849.114;6.106.689;7.787.708;113.168;1.080.613
2011;SP;;;3525003;0;0;0;8.260.573;1.216.462;522.965;7.745.854;1.401.851;8.522.946
2011;SP;;;3539103;0;0;0;0;0;0;7.607.595;1.012.658;1.379.747
2011;SP;;;3523107;8.918.074;1.019.387;0.6253909;8.933.849;7.926.587;2.734.926;7.736.481;169.808;5.654.395
2011;SP;;;3539806;9.300.518;6.735.751;0.2590674;8.949.408;8.729.817;1.776.103;7.711.547;182.567;4.627.827
2011;SP;;;3505005;0;0;0;9.310.345;6.465.517;0.4310345;9.548.387;4.516.129;0
2011;SP;;;3507159;0;0;0;935.567;4.381.444;2.061.856;80;8.936.171;1.106.383
2011;SP;;;3512605;8.333.334;1.666.667;0;9.333.334;6.153.846;0.5128205;7.901.786;1.607.143;4.910.714
2011;SP;;;3521705;9.667.897;3.321.033;0;9.230.211;6.753.813;0.9440813;8.329.082;1.135.204;5.357.143
2011;SP;;;3522802;100;0;0;9.373.717;5.030.801;1.232.033;8.558.394;8.941.606;5.474.452
2011;SP;;;3523206;0;0;0;9.572.791;3.318.125;0.953961;8.509.638;1.034.321;4.560.414
2011;SP;;;3543501;8.888.889;1.111.111;0;948.718;2.777.778;2.350.427;9.097.473;5.415.163;3.610.108
2011;SP;;;3507001;0;0;0;0;0;0;8.638.889;8.888.889;4.722.222
2011;SP;;;3508405;0;0;0;9.409.765;4.511.743;1.390.606;8.348.277;100.991;6.418.122
2011;SP;;;3511508;0;0;0;0;0;0;8.376.881;9.422.011;6.809.185
2011;SP;;;3521002;0;0;0;0;0;0;7.911.153;13.138;7.750.473
2011;SP;;;3523909;9.519.231;4.326.923;0.4807692;8.837.778;9.624.987;1.997.238;8.295.922;127.572;4.283.576
2011;SP;;;3525854;0;0;0;0;0;0;9.655.173;1.149.425;2.298.851
2011;SP;;;3540606;0;0;0;8.648.649;7.207.207;6.306.306;8.243.314;1.321.447;4.352.386
2011;SP;;;3545209;9.468.085;518.617;0.1329787;9.659.853;2.800.206;0.6012713;9.169.884;644.305;1.858.108
2011;SP;;;3554508;0;0;0;0;0;0;7.532.189;8.655.222;1.602.289
2011;SP;;;3506102;0;0;0;9.418.127;4.401.343;1.417.382;8.672.329;9.655.789;3.620.921
2011;SP;;;3518602;0;0;0;0;0;0;8.343.195;1.057.692;5.991.124
2011;SP;;;3518859;0;0;0;0;0;0;9.504.644;495.356;0
2011;SP;;;3524303;0;0;0;9.137.145;4.419.502;4.209.049;8.363.971;8.455.882;7.904.412
2011;SP;;;3531308;0;0;0;9.418.121;4.655.029;1.163.757;8.358.832;108.484;5.563.282
2011;SP;;;3531506;0;0;0;9.705.373;0.6932409;2.253.033;9.482.496;0.152207;5.022.831
2011;SP;;;3540903;0;0;0;0;0;0;7.898.194;1.510.673;591.133
2011;SP;;;3553104;0;0;0;9.429.929;3.562.945;2.137.767;8.825.911;1.012.146;1.619.433
2011;SP;;;3553203;0;0;0;975.089;2.135.231;0.3558719;9.493.671;3.797.468;1.265.823
2011;SP;;;3553658;0;0;0;9.675.325;3.246.753;0;100;0;0
2011;SP;;;3503901;9.511.494;4.885.057;0;9.232.653;7.428.571;0.244898;7.948.052;1.922.078;1.298.701
2011;SP;;;3518305;0;0;0;9.550.912;4.090.707;0.4001779;8.563.312;1.241.883;1.948.052
2011;SP;;;3520202;0;0;0;9.048.843;874.036;0.7712082;8.443.396;1.132.076;4.245.283
2011;SP;;;3524402;9.343.284;6.368.159;0.199005;9.317.046;5.917.347;0.9121916;807.561;1.581.675;3.427.158
2011;SP;;;3546009;0;0;0;0;0;0;832.981;9.302.325;7.399.577
2011;SP;;;3546801;0;0;0;9.539.627;3.991.842;0.6118881;8.472.609;1.077.066;450.325
2011;SP;;;3502606;0;0;0;100;0;0;9.805.195;1.948.052;0
2011;SP;;;3503950;100;0;0;9.903.846;0.9615384;0;9.873.418;1.265.823;0
2011;SP;;;3504206;0;0;0;9.492.754;4.710.145;0.3623188;9.338.677;3.406.814;3.206.413
2011;SP;;;3513850;9.310.345;6.896.552;0;8.913.043;1.086.957;0;87.5;12.5;0
2011;SP;;;3514205;0;0;0;9.920.635;0.7936508;0;9.425.288;5.747.127;0
2011;SP;;;3518909;0;0;0;9.628.378;2.364.865;1.351.351;8.979.592;8.163.265;2.040.816
2011;SP;;;3524808;0;0;0;9.695.499;2.559.576;0.4854369;9.291.872;5.541.872;1.539.409
2011;SP;;;3529104;0;0;0;9.626.168;3.738.318;0;9.545.454;4.545.455;0
2011;SP;;;3529658;0;0;0;9.589.041;4.109.589;0;9.305.556;6.944.445;0
2011;SP;;;3532843;0;0;0;9.528.302;4.716.981;0;967.033;3.296.703;0
2011;SP;;;3535200;0;0;0;9.662.162;3.378.378;0;9.657.534;3.424.658;0
2011;SP;;;3535903;0;0;0;9.353.613;6.463.878;0;87.5;12.5;0
2011;SP;;;3540259;0;0;0;9.416.666;3.333.333;2.5;93.125;0;6.875
2011;SP;;;3544509;0;0;0;8.048.781;1.707.317;2.439.024;8.943.089;9.756.098;0.8130081
2011;SP;;;3545704;0;0;0;9.212.122;7.878.788;0;9.289.941;7.100.592;0
2011;SP;;;3546108;0;0;0;9.878.049;1.219.512;0;9.555.556;4.444.445;0
2011;SP;;;3546603;0;0;0;9.344.262;3.278.688;3.278.688;9.219.512;5.365.854;2.439.024
2011;SP;;;3547403;0;0;0;9.852.941;0;1.470.588;9.247.312;6.451.613;1.075.269
2011;SP;;;3547650;100;0;0;989.899;0;1.010.101;9.655.173;3.448.276;0
2011;SP;;;3547205;100;0;0;9.863.013;0;1.369.863;9.130.434;6.521.739;2.173.913
2011;SP;;;3549003;8.703.704;1.296.296;0;98.125;1.875;0;8.598.131;1.401.869;0
2011;SP;;;3552551;0;0;0;995.671;0.4329004;0;9.784.173;2.158.273;0
2011;SP;;;3554904;0;0;0;9.090.909;9.090.909;0;9.015.544;984.456;0
2011;SP;;;3555802;92.5;7.5;0;9.827.586;1.724.138;0;8.936.877;1.063.123;0
2011;SP;;;3556958;962.963;3.703.704;0;9.565.218;4.347.826;0;78;20;2
2011;SP;;;3505203;0;0;0;9.009.288;8.978.328;0.9287926;8.730.965;9.847.715;284.264
2011;SP;;;3505302;0;0;0;9.515.689;4.843.111;0;8.807.242;1.160.809;0.3194888
2011;SP;;;3506805;0;0;0;8.540.372;1.459.627;0;8.547.215;1.452.785;0
2011;SP;;;3507308;0;0;0;9.140.272;7.239.819;1.357.466;8.414.634;1.280.488;304.878
2011;SP;;;3507456;0;0;0;0;0;0;7.272.727;2.396.694;3.305.785
2011;SP;;;3507902;0;0;0;8.563.327;2.646.503;1.172.023;6.830.466;1.081.081;2.088.452
2011;SP;;;3514106;0;0;0;888.421;1.473.684;9.684.211;8.708.334;0.4166667;12.5
2011;SP;;;3520004;0;0;0;9.241.135;5.815.603;177.305;789.864;1.297.899;8.034.611
2011;SP;;;3522000;0;0;0;9.449.541;4.587.156;0.9174312;9.090.909;8.333.333;0.7575758
2011;SP;;;3522901;0;0;0;8.311.688;961.039;7.272.727;7.445.255;1.532.847;1.021.898
2011;SP;;;3525300;0;0;0;9.317.242;462.069;2.206.897;8.653.947;5.959.226;7.501.307
2011;SP;;;3528007;0;0;0;9.934.641;0.4668534;0.1867414;976.912;1.154.401;1.154.401
2011;SP;;;3529807;0;0;0;9.794.801;0.1367989;1.915.185;9.102.296;6.680.584;2.296.451
2011;SP;;;3536703;0;0;0;9.536.749;3.786.191;0.8463252;8.474.577;124.092;2.845.036
2011;SP;;;3554706;9.708.029;2.919.708;0;9.094.736;0.8421053;8.210.526;9.081.967;1.639.344;7.540.984
2011;SP;;;3500204;0;0;0;0;0;0;9.808.917;0;1.910.828
2011;SP;;;3504800;0;0;0;9.606.987;1.746.725;2.183.406;8.618.619;2.702.703;1.111.111
2011;SP;;;3521507;0;0;0;9.034.483;3.908.046;5.747.127;8.636.364;7.575.758;6.060.606
2011;SP;;;3524501;0;0;0;989.418;1.058.201;0;95.671;3.896.104;0.4329004
2011;SP;;;3525706;9.578.059;4.219.409;0;9.532.794;3.414.196;1.257.862;7.758.463;1.390.668;8.508.692
2011;SP;;;3529500;0;0;0;9.885.058;1.149.425;0;8.418.367;1.581.633;0
2011;SP;;;3530300;0;0;0;9.502.599;4.342.984;0.6310319;9.263.393;5.970.982;1.395.089
2011;SP;;;3531407;0;0;0;9.668.508;2.209.945;1.104.972;790.146;1.569.343;5.291.971
2011;SP;;;3532504;0;0;0;100;0;0;9.855.073;1.449.275;0
2011;SP;;;3532702;0;0;0;961.039;2.597.403;1.298.701;9.186.992;6.504.065;1.626.016
2011;SP;;;3532801;0;0;0;8.466.666;13;2.333.333;7.699.115;1.725.664;5.752.213
2011;SP;;;3539608;0;0;0;9.534.884;3.654.485;0.9966778;9.019.608;3.267.974;6.535.948
2011;SP;;;3539905;9.850.746;1.492.537;0;9.720.497;2.173.913;0.621118;9.832.402;1.675.978;0
2011;SP;;;3544806;0;0;0;9.309.309;4.504.505;2.402.402;8.604.651;9.767.442;4.186.047
2011;SP;;;3553401;0;0;0;9.721.255;1.393.728;1.393.728;8.290.488;5.912.596;1.118.252
2011;SP;;;3555356;0;0;0;0;0;0;827.907;7.906.977;9.302.325
2011;SP;;;3555703;8.823.529;1.176.471;0;9.727.273;2.727.273;0;9.180.328;3.278.688;4.918.033
2011;SP;;;3556008;0;0;0;0;0;0;8.578.554;3.990.025;1.022.444
2011;SP;;;3557154;0;0;0;9.939.394;0.6060606;0;9.146.342;3.658.537;4.878.049
2011;SP;;;3509601;0;0;0;9.300.777;5.882.353;1.109.878;8.166.305;1.296.928;536.767
2011;SP;;;3523404;0;0;0;0;0;0;7.452.374;1.950.274;5.973.523
2011;SP;;;3524006;0;0;0;9.671.429;3.178.571;0.1071429;8.872.222;1.105.556;0.2222222
2011;SP;;;3525201;0;0;0;9.478.123;4.849.763;0.3690037;8.676.732;1.261.101;0.6216697
2011;SP;;;3525904;0;0;0;880.787;9.282.408;2.638.889;8.274.763;117.849;5.467.473
2011;SP;;;3527306;0;0;0;9.048.152;7.726.764;1.791.713;8.085.107;1.460.015;454.879
2011;SP;;;3556503;100;0;0;9.473.944;4.093.375;1.167.187;831.489;1.089.034;5.960.764
2011;SP;;;3503802;0;0;0;9.147.807;7.743.989;0.7779349;8.347.165;1.251.729;4.011.065
2011;SP;;;3512407;0;0;0;9.025.559;7.507.987;2.236.422;8.367.347;1.197.279;4.353.742
2011;SP;;;3512803;0;0;0;8.772.523;1.013.513;213.964;8.598.396;1.170.363;2.312.412
2011;SP;;;3515152;0;0;0;9.491.525;5.084.746;0;873.805;124.283;0.1912046
2011;SP;;;3521101;0;0;0;9.904.762;0.952381;0;100;0;0
2011;SP;;;3521408;0;0;0;9.095.564;7.849.829;1.194.539;8.481.752;1.313.869;2.043.796
2011;SP;;;3526902;9.291.785;7.082.153;0;934.657;5.013.823;1.520.483;8.305.332;1.301.263;393.405
2011;SP;;;3543907;9.137.931;8.620.689;0;9.432.963;4.278.741;1.391.629;848.784;1.172.061;3.400.987
2011;SP;;;3546702;0;0;0;0;0;0;8.582.888;9.358.289;4.812.834
2011;SP;;;3508801;93.75;6.25;0;9.398.195;3.911.735;2.106.319;7.044.146;2.245.681;7.101.727
2011;SP;;;3517000;0;0;0;8.939.874;5.063.291;5.537.975;7.341.772;1.544.304;1.113.924
2011;SP;;;3517208;0;0;0;787.062;180.593;3.234.501;6.451.613;2.580.645;967.742
2011;SP;;;3517307;0;0;0;8.977.273;6.818.182;3.409.091;8.658.009;8.225.108;5.194.805
2011;SP;;;3518107;8.503.937;1.496.063;0;8.781.362;8.960.573;3.225.806;8.046.512;883.721;1.069.767
2011;SP;;;3527108;8.406.961;1.566.265;0.2677376;8.645.778;114.445;2.097.716;638.925;2.761.162;8.495.882
2011;SP;;;3540101;0;0;0;9.479.166;46.875;0.5208333;8.533.334;8;6.666.667
2011;SP;;;3541604;8.242.424;1.727.273;0.3030303;8.621.454;966.312;412.234;7.021.739;1.826.087;1.152.174
2011;SP;;;3544608;0;0;0;8.373.702;9.342.561;6.920.415;71.875;1.510.417;1.302.083
2011;SP;;;3555901;100;0;0;9.174.312;5.504.587;2.752.294;754.386;1.929.825;5.263.158
2011;SP;;;3501400;0;0;0;9.665.072;1.435.407;1.913.876;9.084.507;2.816.901;6.338.028
2011;SP;;;3501509;0;0;0;9.372.385;376.569;251.046;8.571.429;1.353.383;0.7518797
2011;SP;;;3514700;0;0;0;8.899.083;9.785.933;1.223.242;7.865.613;1.304.348;8.300.395
2011;SP;;;3515657;0;0;0;969.697;3.030.303;0;953.125;3.125;15.625
2011;SP;;;3516606;0;0;0;9.402.174;1.630.435;4.347.826;8.825.623;3.914.591;7.829.182
2011;SP;;;3516705;0;0;0;950.045;2.565.257;2.430.243;8.446.215;6.294.821;9.243.028
2011;SP;;;3525805;0;0;0;9.486.487;4.594.594;0.5405405;8.474.577;1.355.932;1.694.915
2011;SP;;;3527801;0;0;0;9.376.947;3.115.265;3.115.265;91.25;0.625;8.125
2011;SP;;;3529005;951.145;4.885.496;0;9.467.481;4.207.769;1.117.416;8.781.776;865.467;3.527.564
2011;SP;;;3533700;0;0;0;9.150.579;6.949.807;1.544.402;8.425.197;1.259.842;3.149.606
2011;SP;;;3534104;9.411.765;5.882.353;0;9.623.189;3.188.406;0.5797101;9.070.796;4.867.257;4.424.779
2011;SP;;;3534500;0;0;0;0;0;0;100;0;0
2011;SP;;;3540002;0;0;0;9.578.207;2.460.457;1.757.469;9.361.997;4.854.369;1.525.659
2011;SP;;;3556602;0;0;0;99.2;0.48;0.32;9.577.837;4.221.636;0
2011;SP;;;3529401;9.513.496;4.548.484;0.3165611;9.171.317;7.034.127;1.252.705;7.983.942;1.672.776;3.432.827
2011;SP;;;3543303;9.519.573;480.427;0;9.411.468;4.809.147;1.076.173;7.799.331;1.888.517;3.121.516
2011;SP;;;3544103;8.987.993;9.605.489;0.5145798;8.958.799;8.048.547;2.363.462;771.685;1.714.855;5.682.951
2011;SP;;;3520301;8.333.334;1.666.667;0;8.742.094;9.487;3.092.059;8.033.614;1.571.429;394.958
2011;SP;;;3520426;0;0;0;0;0;0;7.678.019;1.393.189;9.287.926
2011;SP;;;3523305;7.049.181;295.082;0;9.052.347;5.866.426;3.610.108;8.420.074;1.245.353;3.345.725
2011;SP;;;3526100;0;0;0;8.944.168;7.573.245;2.985.075;8.665.231;1.033.369;3.013.994
2011;SP;;;3529906;0;0;0;8.748.242;1.090.014;161.744;8.263.052;1.455.823;2.811.245
2011;SP;;;3537206;0;0;0;8.686.869;114.899;1.641.414;8.461.539;942.928;5.955.335
2011;SP;;;3515301;0;0;0;9.715.909;2.840.909;0;8.888.889;1.111.111;0
2011;SP;;;3515350;0;0;0;9.935.979;0.6402048;0;9.746.835;2.531.646;0
2011;SP;;;3530201;8.833.334;1.166.667;0;9.728.997;2.258.356;0.4516712;9.283.951;654.321;0.6172839
2011;SP;;;3532207;0;0;0;0;0;0;7.674.419;7.906.977;1.534.884
2011;SP;;;3544251;9.357.143;6.428.571;0;9.780.672;2.193.283;0;953.159;4.030.501;0.6535948
2011;SP;;;3545506;0;0;0;0;0;0;8.490.566;1.179.245;3.301.887
2011;SP;;;3553906;0;0;0;0;0;0;8.348.348;1.651.652;0
2011;SP;;;3554300;8.782.609;1.217.391;0;9.007.299;8.248.176;1.678.832;8.229.974;1.718.346;0.5167959
2011;SP;;;3506607;0;0;0;8.911.892;7.125.662;3.755.416;7.860.616;1.337.115;8.022.691
2011;SP;;;3530607;9.481.618;4.632.353;0.5514706;9.273.026;5.382.564;1.887.179;810.118;1.389.246;5.095.736
2011;SP;;;3545001;0;0;0;9.403.202;349.345;2.474.527;7.615.481;1.510.612;8.739.077
2011;SP;;;3530706;0;0;0;0;0;0;0;0;0
2011;SP;;;;0;0;0;0;0;0;0;0;0
2011;SP;;;3500501;9.295.775;7.042.253;0;9.427.711;4.518.072;1.204.819;8.343.685;1.076.605;5.797.101
2011;SP;;;3501905;9.329.446;6.413.994;0.2915452;9.344.748;4.247.613;2.304.906;8.420.129;7.197.191;8.601.521
2011;SP;;;3512209;0;0;0;9.438.326;2.698.238;2.918.502;8.711.111;5.777.778;7.111.111
2011;SP;;;3557303;0;0;0;0;0;0;8.738.095;6.190.476;6.428.571
2011;SP;;;3519055;0;0;0;0;0;0;8.701.923;1.057.692;2.403.846
2011;SP;;;3522604;9.285.714;7.142.857;0;8.949.036;7.227.181;3.282.465;7.650.494;1.397.125;9.523.809
2011;SP;;;3527009;0;0;0;0;0;0;8.881.579;2.631.579;8.552.631
2011;SP;;;3531209;0;0;0;0;0;0;9.157.088;8.429.119;0
2011;SP;;;3537107;0;0;0;9.640.848;199.048;1.601.038;8.935.714;6.642.857;4
2011;SP;;;3548005;0;0;0;0;0;0;815.625;734.375;1.109.375
2011;SP;;;3551603;9.176.471;7.647.059;0.5882353;9.547.739;3.230.438;1.292.175;8.671.979;5.577.689;7.702.523
2011;SP;;;3534401;9.733.334;2.333.333;0.3333333;9.455.724;4.511.408;0.9313557;8.548.361;1.135.092;3.165.468
2011;SP;;;3506300;0;0;0;9.082.569;3.669.725;5.504.587;7.703.704;3.703.704;1.925.926
2011;SP;;;3509809;0;0;0;8.660.714;6.25;7.142.857;8.606.061;3.030.303;1.090.909
2011;SP;;;3510153;0;0;0;0;0;0;9.556.962;1.265.823;3.164.557
2011;SP;;;3557204;0;0;0;8.663.446;6.763.285;6.602.254;7.630.923;1.147.132;1.221.945
2011;SP;;;3515194;0;0;0;9.520.548;3.082.192;1.712.329;8.461.539;7.692.307;7.692.307
2011;SP;;;3519501;0;0;0;91.133;3.448.276;5.418.719;8.248.175;9.854.014;7.664.234
2011;SP;;;3520905;0;0;0;0;0;0;7.252.125;121.813;1.529.745
2011;SP;;;3534708;9.176.955;781.893;0.4115226;921.733;3.913.347;3.913.347;7.698.188;1.160.815;1.140.997
2011;SP;;;3543204;0;0;0;9.779.874;0.9433962;1.257.862;8.761.468;6.880.734;5.504.587
2011;SP;;;3545407;0;0;0;9.054.291;5.779.335;3.677.758;874.552;8.243.728;4.301.075
2011;SP;;;3546405;100;0;0;9.266.304;326.087;4.076.087;7.344.772;1.511.438;1.143.791
2011;SP;;;3550506;0;0;0;9.747.899;2.521.008;0;9.078.014;8.865.249;0.3546099
2011;SP;;;3501103;0;0;0;9.351.852;5.555.555;0.9259259;8.533.334;10;4.666.667
2011;SP;;;3504404;0;0;0;7.564.935;2.435.065;0;6.965.699;1.583.113;1.451.187
2011;SP;;;3505104;0;0;0;8.423.237;5.186.722;1.058.091;7.538.461;7.692.307;1.692.308
2011;SP;;;3507704;0;0;0;9.628.099;0;3.719.008;7.980.296;6.403.941;137.931
2011;SP;;;3511904;0;0;0;9.679.012;1.234.568;1.975.309;9.198.718;3.205.128;4.807.693
2011;SP;;;3527702;0;0;0;8.732.394;387.324;8.802.817;8.291.457;7.035.176;1.005.025
2011;SP;;;3537305;9.183.673;8.163.265;0;7.834.225;1.238.859;9.269.162;7.544.247;1.200.221;1.255.531
2011;SP;;;3548401;0;0;0;986.014;1.398.601;0;9.709.303;2.325.581;0.5813953
2011;SP;;;3509700;0;0;0;0;0;0;6.532.258;1.820.276;1.647.466
2011;SP;;;3538006;9.481.216;4.830.054;0.3577818;9.075.343;554.996;3.696.616;7.852.876;1.303.977;8.431.473
2011;SP;;;3548203;0;0;0;0;0;0;744.382;1.292.135;1.264.045
2011;SP;;;3548609;0;0;0;9.447.236;5.527.638;0;8.207.964;1.792.035;0
2011;SP;;;3554805;0;0;0;8.488.372;1.162.791;3.488.372;7.314.897;1.677.074;1.008.029
2011;SP;;;3500600;0;0;0;0;0;0;9.898.477;1.015.228;0
2011;SP;;;3511706;0;0;0;9.157.304;7.303.371;1.123.595;81.5;1.116.667;7.333.333
2011;SP;;;3538709;9.249.868;7.078.711;0.4226096;9.102.028;6.616.091;2.363.627;7.843.002;1.408.982;7.480.163
2011;SP;;;3545159;0;0;0;9.367.946;2.257.336;4.063.205;8.376.384;9.225.092;701.107
2011;SP;;;3547007;9.479.166;5.208.333;0;9.744.898;2.040.816;0.5102041;9.285.714;6.666.667;0.4761905
2011;SP;;;3550407;0;0;0;751.046;1.548.117;9.414.226;6.940.104;2.356.771;703.125
2011;SP;;;3515400;0;0;0;9.832.677;1.279.528;0.3937008;9.781.022;2.189.781;0
2011;SP;;;3528601;0;0;0;8.288.973;1.064.639;6.463.878;8.048.781;1.158.537;7.926.829
2011;SP;;;3533809;0;0;0;980.198;1.980.198;0;7.798.165;2.201.835;0
2011;SP;;;3538808;9.347.826;6.521.739;0;9.358.897;3.894.548;2.516.477;8.638.095;6.761.905;6.857.143
2011;SP;;;3551207;0;0;0;8.307.692;1.615.385;0.7692308;8.023.256;7.558.139;122.093
2011;SP;;;3553005;0;0;0;9.879.356;0.6702413;0.536193;9.048.781;1.219.512;8.292.683
2011;SP;;;3554201;0;0;0;9.833.334;1.333.333;0.3333333;8.963.964;4.054.054;6.306.306
2011;SP;;;3554607;0;0;0;9.285.714;3.246.753;3.896.104;8.402.778;7.638.889;8.333.333
2011;SP;;;3502002;0;0;0;0;0;0;7.243.243;1.351.351;1.405.405
2011;SP;;;3503307;9.729.729;2.702.703;0;928.131;4.933.586;2.253.321;8.304.064;9.533.367;7.425.991
2011;SP;;;3526704;0;0;0;9.583.709;3.153.721;1.009.191;8.617.093;9.051.144;4.777.927
2011;SP;;;3539301;0;0;0;8.870.159;1.047.836;0.8200455;6.842.391;273.913;4.184.783
2011;SP;;;3540705;0;0;0;7.218.864;1.813.785;9.673.519;6.597.041;2.201.915;1.201.044
2011;SP;;;3546207;0;0;0;100;0;0;8.827.161;6.790.123;4.938.272
2011;SP;;;3546306;0;0;0;928.494;687.974;0.2708559;7.658.537;1.580.488;7.609.756
2011;SP;;;3547502;0;0;0;8.866.142;8.818.897;2.519.685;8.342.857;7.619.048;8.952.381
2011;SP;;;3500808;9.074.074;9.259.259;0;9.583.334;4.166.667;0;8.255.034;1.677.852;0.671141
2011;SP;;;3501301;0;0;0;0;0;0;7.910.136;9.613.375;1.128.527
2011;SP;;;3502408;0;0;0;92.674;6.593.407;0.7326007;8.728.323;5.780.347;6.936.416
2011;SP;;;3508900;0;0;0;9.483.568;2.816.901;2.347.418;8.303.571;5.357.143;1.160.714
2011;SP;;;3520608;0;0;0;9.568.346;323.741;1.079.137;8.218.623;6.477.733;1.133.603
2011;SP;;;3529203;0;0;0;9.111.748;5.945.559;2.936.963;8.566.629;8.622.621;5.711.086
2011;SP;;;3539202;0;0;0;9.176.553;6.629.449;1.605.024;790.099;1.485.149;6.138.614
2011;SP;;;3541406;0;0;0;8.718.415;9.293.645;3.522.205;750.619;1.843.191;650.619
2011;SP;;;3542404;0;0;0;9.391.304;3.913.043;2.173.913;8.095.238;1.294.643;6.101.191
2011;SP;;;3548302;0;0;0;9.411.765;4.117.647;1.764.706;8.623.189;7.246.377;6.521.739
2011;SP;;;3552908;0;0;0;9.060.052;6.788.512;2.610.966;7.870.968;5.483.871;1.580.645
2011;SP;;;3505401;0;0;0;8.894.878;7.277.628;3.773.585;8.159.806;1.476.998;3.631.961
2011;SP;;;3509254;0;0;0;9.688.628;2.120.939;0.9927798;9.463.341;3.023.432;2.343.159
2011;SP;;;3509908;100;0;0;9.191.821;6.815.969;1.265.823;8.596.491;1.175.439;2.280.702
2011;SP;;;3514809;8.426.966;1.573.034;0;9.796.533;2.034.665;0;9.319.444;6.666.667;0.1388889
2011;SP;;;3524600;0;0;0;9.481.781;2.834.008;2.348.178;9.052.758;8.513.189;0.9592326
2011;SP;;;3536208;0;0;0;9.663.324;2.148.997;1.217.765;8.157.327;9.806.034;8.620.689
2011;SP;;;3542602;100;0;0;9.630.013;2.690.815;1.009.056;8.504.273;1.011.396;4.843.305
2011;SP;;;3551801;0;0;0;9.080.087;7.792.208;1.406.926;8.480.138;1.105.354;4.145.078
2011;SP;;;3501004;0;0;0;92;4;4;8.018.349;1.284.404;6.972.477
2011;SP;;;3505906;100;0;0;8.858.403;6.761.392;4.654.581;7.662.337;1.518.916;8.187.465
2011;SP;;;3507803;0;0;0;8.279.816;9.174.312;8.027.523;7.507.246;1.550.725;942.029
2011;SP;;;3509403;0;0;0;9.035.714;6.785.714;2.857.143;8.965.897;5.610.561;4.730.473
2011;SP;;;3510906;0;0;0;0;0;0;9.821.429;0;1.785.714
2011;SP;;;3513108;0;0;0;8.280.982;1.490.577;2.284.409;7.875.648;1.373.057;7.512.953
2011;SP;;;3527603;0;0;0;0;0;0;8.076.923;1.628.959;2.941.176
2011;SP;;;3543402;8.793.186;1.149.232;0.5758157;8.599.771;1.106.993;2.932.359;731.248;20.771;6.104.195
2011;SP;;;3546256;0;0;0;0;0;0;9.775.281;2.247.191;0
2011;SP;;;3547601;0;0;0;9.209.932;6.395.786;1.504.891;7.175.793;1.825.168;9.990.394
2011;SP;;;3547908;0;0;0;9.547.739;4.522.613;0;9.236.948;7.630.522;0
2011;SP;;;3550902;943.662;5.633.803;0;8.416.928;1.551.724;0.3134796;7.510.121;1.842.105;6.477.733
2011;SP;;;3551405;0;0;0;9.050.505;6.262.626;3.232.323;8.306.636;6.407.323;1.052.632
2011;SP;;;3551504;0;0;0;8.832.787;8;3.672.131;7.271.541;156.658;116.188
2011;SP;;;3509106;0;0;0;9.472.141;4.105.572;117.302;7.419.355;2.488.479;0.921659
2011;SP;;;3515129;0;0;0;0;0;0;72.8;3.2;24
2011;SP;;;3528700;0;0;0;9.751.244;1.492.537;0.9950249;8.389.262;4.026.845;1.208.054
2011;SP;;;3538303;0;0;0;9.170.731;7.317.073;0.9756098;9.527.559;2.362.205;2.362.205
2011;SP;;;3541208;0;0;0;0;0;0;8.153.846;1.098.901;7.472.528
2011;SP;;;3541307;9.726.776;273.224;0;9.696.181;2.777.778;0.2604167;8.004.601;1.339.851;6.555.491
2011;SP;;;3541505;0;0;0;9.057.498;9.010.077;0.4149378;7.673.772;2.066.728;2.594.995
2011;SP;;;3543238;0;0;0;9.402.985;5.970.149;0;9.130.434;8.695.652;0
2011;SP;;;3547700;0;0;0;8.797.927;8.393.783;3.626.943;750.646;1.434.109;1.059.432
2011;SP;;;3547809;9.568.327;3.872.718;0.4440059;888.294;7.846.923;3.323.678;7.438.853;1.809.451;7.516.968
2011;SP;;;3506359;0;0;0;8.643.519;1.115.741;2.407.408;7.869.464;1.678.322;4.522.144
2011;SP;;;3513504;8.739.838;1.260.163;0;8.987.575;1.003.221;0.09203865;7.406.593;1.848.596;7.448.107
2011;SP;;;3518701;9.367.661;5.781.391;0.5420054;8.498.553;1.256.026;2.454.203;7.838.907;1.580.782;5.803.109
2011;SP;;;3548500;8.571.429;1.383.929;0.4464286;7.942.464;1.729.206;3.283.302;7.612.202;1.858.325;5.294.726
2011;SP;;;3548708;0;0;0;8.848.181;9.777.768;1.740.421;7.232.843;2.257.235;5.099.216
2011;SP;;;3548807;0;0;0;8.487.739;1.230.699;2.815.622;7.343.545;2.229.759;4.266.958
2011;SP;;;3512704;0;0;0;0;0;0;9.665.072;3.349.282;0
2011;SP;;;3513702;0;0;0;8.333.334;6.770.833;9.895.833;7.049.525;1.591.149;1.359.326
2011;SP;;;3514304;0;0;0;9.733.334;2;0.6666667;9.452.555;5.109.489;0.3649635
2011;SP;;;3519303;0;0;0;9.540.907;3.590.347;1.000.589;8.601.896;100.316;3.949.447
2011;SP;;;3523602;0;0;0;9.518.073;3.373.494;1.445.783;7.766.393;1.331.967;9.016.394
2011;SP;;;3542909;0;0;0;974.359;2.051.282;0.5128205;8.181.818;1.113.636;7.045.455
2011;SP;;;3548906;9.734.849;2.5;0.1515152;9.409.645;4.610.493;1.293.058;8.068.803;1.605.942;3.252.541
2011;SP;;;3500303;100;0;0;9.112.022;6.625.683;2.254.098;7.987.878;1.454.545;5.575.758
2011;SP;;;3500402;0;0;0;94.375;5.625;0;8.944.724;1.055.276;0
2011;SP;;;3508702;100;0;0;9.005.482;853.563;1.409.554;8.490.028;1.310.541;1.994.302
2011;SP;;;3510807;9.911.504;0.8849558;0;9.400.141;5.363.444;0.6351447;8.788.732;4.788.733;7.323.944
2011;SP;;;3513900;0;0;0;918.429;2.416.919;5.740.181;9.082.774;2.013.423;7.158.837
2011;SP;;;3515186;8.607.595;1.360.759;0.3164557;9.230.068;5.831.435;1.867.882;822.294;1.090.469;6.865.913
2011;SP;;;3523800;100;0;0;100;0;0;100;0;0
2011;SP;;;3530508;9.741.036;2.589.641;0;9.378.798;5.131.668;1.080.351;8.600.175;1.006.124;3.937.008
2011;SP;;;3548104;100;0;0;9.709.821;2.901.786;0;984.375;15.625;0
2011;SP;;;3549102;9.254.079;7.459.208;0;9.230.566;7.114.625;0.5797101;8.283.881;169.607;0.2004811
2011;SP;;;3549706;9.668.246;2.843.602;0.4739336;8.994.108;787.037;2.188.552;7.701.291;1.567.302;7.314.075
2011;SP;;;3550803;0;0;0;9.332.298;5.279.503;1.397.516;7.626.373;1.494.506;8.791.209
2011;SP;;;3553302;0;0;0;9.219.299;5.789.474;2.017.544;7.722.891;2.012.048;2.650.602
2011;SP;;;3553609;0;0;0;9.411.765;5.588.235;0.2941177;8.834.586;1.052.632;112.782
2011;SP;;;3556404;9.086.021;8.602.151;0.5376344;8.985.981;5.233.645;4.906.542;7.813.142;1.149.897;1.036.961
2011;SP;;;3503000;0;0;0;8.662.791;9.011.628;4.360.465;8.068.182;7.386.364;1.193.182
2011;SP;;;3508207;0;0;0;0;0;0;9.148.936;212.766;6.382.979
2011;SP;;;3517703;0;0;0;0;0;0;7.435.456;1.635.112;929.432
2011;SP;;;3520103;0;0;0;0;0;0;6.757.216;1.273.345;196.944
2011;SP;;;3521309;0;0;0;0;0;0;9.652.928;0.4338395;3.036.876
2011;SP;;;3524105;0;0;0;0;0;0;7.183.571;1.634.535;1.181.894
2011;SP;;;3529708;0;0;0;0;0;0;707.563;8.067.227;2.117.647
2011;SP;;;3531902;0;0;0;8.900.764;8.473.283;2.519.084;6.590.909;2.372.159;1.036.932
2011;SP;;;3533601;0;0;0;0;0;0;9.156.118;5.485.232;2.953.587
2011;SP;;;3534302;0;0;0;0;0;0;7.804.233;9.964.726;1.199.295
2011;SP;;;3544905;0;0;0;9.558.102;2.454.992;1.963.993;9.117.647;3.529.412;5.294.117
2011;SP;;;3549409;9.220.985;7.631.161;0.1589825;8.798.764;780.224;421.012;7.662.936;1.461.488;875.576
2011;SP;;;3504602;0;0;0;8.776.699;8.932.039;3.300.971;8.018.349;1.486.239;4.954.128
2011;SP;;;3511300;0;0;0;0;0;0;8.552.631;1.447.368;0
2011;SP;;;3517505;0;0;0;0;0;0;7.721.281;2.278.719;0
2011;SP;;;3519402;0;0;0;0;0;0;975.089;2.491.103;0
2011;SP;;;3519808;0;0;0;0;0;0;7.436.823;1.624.549;9.386.282
2011;SP;;;3521150;0;0;0;8.762.887;8.591.065;3.780.069;8.651.685;8.988.764;4.494.382
2011;SP;;;3530409;0;0;0;8.484.849;1.515.152;0;86;14;0
2011;SP;;;3533007;0;0;0;883.871;8.709.678;2.903.226;8.419.722;1.087.231;4.930.468
2011;SP;;;3534005;0;0;0;9.652.509;2.316.602;1.158.301;9.512.195;2.439.024;2.439.024
2011;SP;;;3534203;0;0;0;0;0;0;9.571.984;4.280.156;0
2011;SP;;;3535002;0;0;0;0;0;0;6.772.727;1.545.455;1.681.818
2011;SP;;;3540804;0;0;0;0;0;0;869.469;1.283.186;0.2212389
2011;SP;;;3549805;9.895.178;1.048.218;0;9.348.802;5.041.088;1.470.893;8.013.618;1.547.579;438.803
2011;SP;;;3555604;0;0;0;0;0;0;7.632.399;1.993.769;3.738.318
2011;SP;;;3531704;0;0;0;981.132;1.132.075;0.754717;85.5;14.5;0
2011;SP;;;3549904;9.445.932;5.417.096;0.1235839;9.102.015;7.807.497;1.172.356;7.876.118;1.701.397;4.224.856
2011;SP;;;3501152;0;0;0;0;0;0;8.822.715;1.135.734;0.4155125
2011;SP;;;3502754;0;0;0;0;0;0;8.954.248;1.045.752;0
2011;SP;;;3519709;93.75;6.25;0;9.537.572;3.102.119;1.522.158;9.114.296;5.806.689;3.050.349
2011;SP;;;3528403;0;0;0;0;0;0;9.367.882;5.808.656;0.5125285
2011;SP;;;3550605;0;0;0;0;0;0;8.423.818;1.190.893;385.289
2011;SP;;;3556453;0;0;0;9.251.523;613.577;1.348.999;8.644.529;1.148.612;206.859
2011;SP;;;3522109;0;0;0;9.265.934;5.626.374;1.714.286;7.382.076;1.912.998;7.049.266
2011;SP;;;3531100;0;0;0;0;0;0;7.443.299;1.979.381;5.773.196
2011;SP;;;3537602;0;0;0;8.225.508;1.441.774;3.327.172;778.998;1.554.564;6.554.564
2011;SP;;;3541000;0;0;0;8.486.754;1.360.575;1.526.718;8.216.747;1.357.277;4.259.762
2011;SP;;;3551009;871.134;128.866;0;8.071.577;1.796.386;1.320.361;7.291.484;2.385.087;3.234.287
2011;SP;;;3505609;0;0;0;0;0;0;775.969;224.031;0
2011;SP;;;3514601;0;0;0;0;0;0;9.667.673;3.323.263;0
2011;SP;;;3525102;0;0;0;0;0;0;7.758.064;12.5;9.919.354
2011;SP;;;3539509;0;0;0;913.215;5.588.428;3.090.072;8.765.432;7.133.059;521.262
2011;SP;;;3540200;9.019.608;9.803.922;0;9.433.526;4.624.278;1.040.462;8.229.376;945.674;8.249.497
2011;SP;;;3551702;0;0;0;8.947.369;8.492.823;2.033.493;849.423;1.165.213;3.405.573
2011;SP;;;3554409;0;0;0;0;0;0;9.097.938;9.020.618;0
2011;SP;;;3556800;0;0;0;9.393.939;5.194.805;0.8658009;8.299.664;1.161.616;5.387.206
2011;SP;;;3552205;9.668.417;3.288.201;0.02763194;9.232.932;6.552.104;1.118.581;8.261.542;1.533.773;204.685
2011;SP;;;3519071;8.560.886;1.439.114;0;929.895;4.887.276;2.123.224;8.336.655;1.054.976;6.083.695
2011;SP;;;3536505;8.548.387;1.451.613;0;9.756.287;1.740.812;0.6963249;8.488.372;1.127.907;3.837.209
2011;SP;;;3552403;9.366.408;6.037.059;0.2988643;9.253.306;5.504.523;1.962.422;7.981.908;1.474.262;5.438.294
2011;SP;;;3515707;9.003.216;9.324.759;0.6430868;8.467.938;1.189.212;3.428.489;8.100.681;1.369.357;5.299.619
2011;SP;;;3552502;9.727.171;2.449.889;0.2783964;9.436.761;3.858.742;1.773.649;8.364.722;1.002.061;6.332.172
2011;SP;;;3515004;9.392.348;5.926.482;0.1500375;8.600.664;1.087.873;3.114.634;7.341.306;1.916.022;7.426.722
2011;SP;;;3552809;9.230.769;7.076.923;0.6153846;9.208.372;5.829.428;2.086.848;7.740.619;1.565.641;6.937.394
2011;SP;;;3507407;9.347.826;6.521.739;0;9.391.979;4.139.715;1.940.492;8.333.334;781.893;8.847.736
2011;SP;;;3510104;0;0;0;0;0;0;988.764;1.123.595;0
2011;SP;;;3514007;8.794.326;1.205.674;0;9.960.317;0.1984127;0.1984127;9.938.271;0;0.6172839
2011;SP;;;3515608;0;0;0;0;0;0;9.578.947;1.052.632;3.157.895
2011;SP;;;3519600;946.472;486.618;0.486618;9.416.602;4.072.044;1.761.942;8.752.207;8.181.283;4.296.645
2011;SP;;;3522703;9.751.553;1.863.354;0.621118;9.807.903;1.207.464;0.7135016;8.278.805;512.091;1.209.104
2011;SP;;;3539004;0;0;0;100;0;0;100;0;0
2011;SP;;;3546504;0;0;0;9.289.617;6.010.929;1.092.896;9.196.787;5.220.883;2.811.245
2011;SP;;;3552700;8.947.369;1.052.632;0;9.488.491;4.092.072;1.023.018;8.638.132;5.642.024;7.976.654
2011;SP;;;3553708;0;0;0;9.463.487;4.396.423;0.9687034;8.794.567;8.149.405;3.904.924
2011;SP;;;3556909;0;0;0;9.824.561;1.754.386;0;9.957.082;0.4291846;0
2011;SP;;;3508504;96;3.428.571;0.5714286;9.208.145;6.221.719;1.696.833;811.063;140.953;47.984
2011;SP;;;3524907;0;0;0;0;0;0;9.438.776;4.081.633;1.530.612
2011;SP;;;3526308;0;0;0;796.748;203.252;0;9.428.571;3.673.469;2.040.816
2011;SP;;;3532306;0;0;0;9.729.729;2.027.027;0.6756757;944.079;5.592.105;0
2011;SP;;;3535606;0;0;0;9.057.412;7.797.772;1.628.106;7.661.765;1.779.412;5.588.235
2011;SP;;;3542305;0;0;0;5.434.783;423.913;326.087;6.701.571;2.617.801;6.806.283
2011;SP;;;;0;0;0;0;0;0;8.833.334;8.095.238;3.571.429
2011;SP;;;3554102;86;12;2;8.733.108;7.939.189;472.973;8.202.425;1.154.454;6.431.207
2011;SP;;;3503356;100;0;0;9.090.909;2.020.202;7.070.707;8.472.222;2.777.778;12.5
2011;SP;;;3505807;9.358.974;6.410.256;0;9.339.207;3.964.758;2.643.172;7.968.546;1.533.421;4.980.341
2011;SP;;;3519006;8.985.507;942.029;0.7246377;9.529.837;39.783;0.7233273;8.199.446;1.080.332;7.202.216
2011;SP;;;3519204;8.690.476;1.309.524;0;9.534.884;4.134.367;0.5167959;84;9.333.333;6.666.667
2011;SP;;;3525607;0;0;0;9.540.816;2.040.816;255.102;9.044.118;6.617.647;2.941.176
2011;SP;;;3536000;0;0;0;9.664.903;2.116.402;1.234.568;9.029.126;3.640.777;6.067.961
2011;SP;;;3541703;0;0;0;9.366.716;3.387.334;2.945.508;7.680.798;9.476.309;1.371.571
2011;SP;;;3541802;0;0;0;995.614;0.4385965;0;9.729.729;2.702.703;0
2011;SP;;;3542008;0;0;0;9.090.909;4.545.455;4.545.455;8.191.126;887.372;9.215.017
2011;SP;;;3542206;100;0;0;97.52;2.16;0.32;8.823.529;6.979.063;4.785.643
2011;SP;;;3543808;8.671.875;1.328.125;0;9.779.117;0.8032128;1.405.622;9.159.159;2.102.102;6.306.306
2011;SP;;;3555000;9.423.077;5.769.231;0;9.112.464;6.119.833;2.755.527;7.821.446;1.179.039;9.995.148
2011;SP;;;3502903;0;0;0;0;0;0;8.411.669;8.022.691;7.860.616
2011;SP;;;3510302;0;0;0;0;0;0;8.737.446;5.451.937;7.173.601
2011;SP;;;3537800;9.402.985;5.970.149;0;9.438.776;3.316.327;2.295.918;9.131.356;3.972.458;4.713.983
2011;SP;;;3537909;0;0;0;9.293.126;4.734.111;233.463;8.726.968;7.035.176;5.695.142
2011;SP;;;3545308;971.875;21.875;0.625;9.509.885;3.253.707;1.647.447;8.763.441;8.004.779;4.360.812
2011;SP;;;3553500;0;0;0;9.535.604;0.3095975;4.334.365;9.079.602;2.736.318;6.467.662
2011;SP;;;3557006;0;0;0;9.272.804;5.124.389;2.147.565;8.292.949;1.091.751;6.153.008
2011;SP;;;3501202;0;0;0;9.677.419;2.419.355;0.8064516;7.916.666;1.111.111;9.722.222
2011;SP;;;3501806;0;0;0;9.270.073;729.927;0;90;10;0
2011;SP;;;3510708;0;0;0;8.956.522;1.043.478;0;8.486.353;1.513.648;0
2011;SP;;;3512902;0;0;0;948.718;4.615.385;0.5128205;8.277.154;9.363.296;7.865.169
2011;SP;;;3515905;0;0;0;9.583.334;4.166.667;0;8.842.105;1.157.895;0
2011;SP;;;3516804;9.444.444;5.555.555;0;9.954.955;0.4504505;0;9.851.852;1.481.481;0
2011;SP;;;3528106;9.714.286;2.857.143;0;9.758.064;2.419.355;0;8.603.773;1.396.226;0
2011;SP;;;3531001;100;0;0;9.793.814;1.030.928;1.030.928;9.789.474;2.105.263;0
2011;SP;;;3532603;100;0;0;9.316.239;3.988.604;2.849.003;8.506.097;7.621.951;7.317.073
2011;SP;;;3532868;0;0;0;9.868.421;1.315.789;0;8.688.525;8.196.721;4.918.033
2011;SP;;;3533304;0;0;0;9.744.898;255.102;0;9.534.884;3.875.969;0.7751938
2011;SP;;;3536257;0;0;0;9.393.939;6.060.606;0;7.857.143;2.142.857;0
2011;SP;;;3536604;0;0;0;9.802.371;1.778.656;0.1976285;9.791.666;2.083.333;0
2011;SP;;;3540309;0;0;0;98.125;1.875;0;6.741.573;2.022.472;1.235.955
2011;SP;;;3544202;0;0;0;9.759.036;2.409.639;0;9.111.748;8.882.522;0
2011;SP;;;3551306;0;0;0;96;2.857.143;1.142.857;9.831.933;0;1.680.672
2011;SP;;;3556107;0;0;0;9.918.367;0.6122449;0.2040816;9.877.451;122.549;0
2011;SP;;;3557105;0;0;0;9.255.042;7.254.392;0.1951854;8.274.875;1.632.069;0.9305655
2012;SP;estadual;;3550308;96.94;1.75;1.31;88.46;7.98;3.56;71.66;19.88;8.46
2012;SP;estadual;;3500105;0;0;0;90.84;7.83;1.33;83.67;13.02;3.31
2012;SP;estadual;;3500303;100;0;0;93.23;4.89;1.88;84.77;9.09;6.14
2012;SP;estadual;;3500501;96.6;3.4;0;92.95;6.41;0.64;81.59;10.67;7.74
2012;SP;estadual;;3500402;0;0;0;98.98;1.02;0;97.18;2.82;0
2012;SP;estadual;;3500709;0;0;0;89.51;5.78;4.7;80.91;10.28;8.81
2012;SP;estadual;;3500808;97.29;2.26;0.45;93.78;5.26;0.96;86.9;4.83;8.28
2012;SP;estadual;;3500907;0;0;0;92.89;3.35;3.77;93.24;2.03;4.73
2012;SP;estadual;;3501004;0;0;0;97.97;2.03;0;72.71;16.52;10.77
2012;SP;estadual;;3501103;0;0;0;90.05;8.14;1.81;82.69;6.41;10.9
2012;SP;estadual;;3501202;0;0;0;92.97;4.69;2.34;80.27;7.48;12.24
2012;SP;estadual;;3501400;0;0;0;98.55;1.09;0.36;97.74;2.26;0
2012;SP;estadual;;3501509;0;0;0;89.68;6.35;3.97;78.05;18.7;3.25
2012;SP;estadual;;3501608;98.3;1.49;0.21;94.64;3.7;1.66;83.92;9.7;6.38
2012;SP;estadual;;3501707;0;0;0;92.96;5.96;1.08;79.64;12.76;7.6
2012;SP;estadual;;3501806;0;0;0;94.67;4;1.33;90.66;7.14;2.2
2012;SP;estadual;;3501905;97.24;2.56;0.2;95.33;2.47;2.2;83.44;8.42;8.14
2012;SP;estadual;;3502101;0;0;0;90.28;5.57;4.14;80.84;10.83;8.33
2012;SP;estadual;;3502200;95.86;3.55;0.59;90.62;6.86;2.52;77.12;18.28;4.6
2012;SP;estadual;;3502408;0;0;0;94;5.6;0.4;92.26;5.81;1.94
2012;SP;estadual;;3502507;0;0;0;83.75;15;1.25;85.41;9.99;4.6
2012;SP;estadual;;3502606;0;0;0;94.14;4.69;1.17;93.6;4.07;2.33
2012;SP;estadual;;3502705;98.5;1.5;0;95.94;3.17;0.89;89.32;7.52;3.16
2012;SP;estadual;;3502804;0;0;0;93.86;5.11;1.03;80.66;14.68;4.66
2012;SP;estadual;;3503000;0;0;0;88.92;5.39;5.69;84.57;6.29;9.14
2012;SP;estadual;;3503109;0;0;0;93.23;5.47;1.3;82.92;11.03;6.05
2012;SP;estadual;;3503208;99.6;0.33;0.08;92.37;5.58;2.05;76.71;14.23;9.06
2012;SP;estadual;;3503307;98.88;0.91;0.21;92.12;5.16;2.71;82.32;8.51;9.17
2012;SP;estadual;;3503406;0;0;0;97.02;0.64;2.34;97.54;0.7;1.76
2012;SP;estadual;;3503703;0;0;0;95.31;3.79;0.89;83.95;11.11;4.94
2012;SP;estadual;;3503802;0;0;0;92.56;4.7;2.75;84.43;10.75;4.82
2012;SP;estadual;;3503901;97.14;2.86;0;92.77;5.7;1.53;82.08;13.9;4.02
2012;SP;estadual;;3504008;0;0;0;92.65;3.62;3.73;83.76;9.63;6.62
2012;SP;estadual;;3504107;99.57;0.43;0;92.33;4.72;2.95;83.53;9.38;7.09
2012;SP;estadual;;3504206;0;0;0;99.13;0.35;0.52;96.48;0.44;3.08
2012;SP;estadual;;3504305;85.96;14.04;0;92.35;3.96;3.69;78.34;0;21.66
2012;SP;estadual;;3504404;0;0;0;83.17;10.33;6.5;65.9;16.91;17.19
2012;SP;estadual;;3504503;0;0;0;94.43;3.67;1.9;81.13;9.31;9.55
2012;SP;estadual;;3504602;0;0;0;84.96;11.22;3.82;72.49;18.95;8.57
2012;SP;estadual;;3504701;0;0;0;98.68;0;1.32;97.83;2.17;0
2012;SP;estadual;;3504800;0;0;0;96.88;0.67;2.45;92.79;1.5;5.71
2012;SP;estadual;;3505005;100;0;0;90.13;5.58;4.29;84.85;6.67;8.48
2012;SP;estadual;;3505104;0;0;0;78.63;4.77;16.6;72.59;3.33;24.07
2012;SP;estadual;;3505203;0;0;0;96.92;2.36;0.72;89.43;8.07;2.5
2012;SP;estadual;;3505302;0;0;0;95.52;4.18;0.29;93.25;4.76;1.99
2012;SP;estadual;;3505401;0;0;0;93.31;5.05;1.64;88.97;9.02;2.01
2012;SP;estadual;;3505500;0;0;0;92.73;3.92;3.35;82.69;5.9;11.4
2012;SP;estadual;;3505807;98.34;1.66;0;93.4;3.38;3.22;84.4;4.81;10.79
2012;SP;estadual;;3505906;99.64;0.18;0.18;88.65;7.69;3.67;75.76;17.58;6.66
2012;SP;estadual;;3506003;97.68;1.62;0.7;93.25;3.99;2.76;81.26;9.47;9.27
2012;SP;estadual;;3506102;0;0;0;95.22;2.2;2.58;85.48;6.56;7.96
2012;SP;estadual;;3506201;0;0;0;98.01;0;1.99;89.91;0.92;9.17
2012;SP;estadual;;3506300;0;0;0;94.88;3.14;1.98;87.14;5.25;7.61
2012;SP;estadual;;3506409;0;0;0;92.59;2.22;5.19;81.93;3.21;14.86
2012;SP;estadual;;3506508;0;0;0;96.35;2.53;1.12;83.05;8.84;8.11
2012;SP;estadual;;3506607;0;0;0;91.24;5.31;3.46;79.3;13.11;7.58
2012;SP;estadual;;3506805;0;0;0;90.1;9.9;0;84.65;15.35;0
2012;SP;estadual;;3506904;93.75;6.25;0;81.6;7.55;10.85;82.87;6.8;10.33
2012;SP;estadual;;3507100;0;0;0;91.5;6.41;2.09;77.42;16.53;6.05
2012;SP;estadual;;3507209;0;0;0;100;0;0;100;0;0
2012;SP;estadual;;3507308;0;0;0;89.96;9.29;0.74;80;15.88;4.12
2012;SP;estadual;;3507407;97.66;2.21;0.14;97.63;1.84;0.53;91.99;4.55;3.46
2012;SP;estadual;;3515202;0;0;0;94.3;1.81;3.89;89.52;6.55;3.93
2012;SP;estadual;;3515400;0;0;0;97.57;2.14;0.29;96.91;2.92;0.17
2012;SP;estadual;;3515509;97.2;2.8;0;94.83;4.9;0.28;87.4;10.73;1.87
2012;SP;estadual;;3515707;97.83;1.86;0.31;87.63;9.22;3.15;77.44;15.6;6.96
2012;SP;estadual;;3515905;0;0;0;99.31;0.69;0;88.51;5.75;5.75
2012;SP;estadual;;3516002;0;0;0;90.01;8.27;1.71;85.65;10.06;4.28
2012;SP;estadual;;;100;0;0;95.43;1.71;2.86;86.96;9.42;3.62
2012;SP;estadual;;3516200;99.07;0.86;0.07;93.88;3.25;2.87;82.86;8.26;8.87
2012;SP;estadual;;3516309;97.65;2.35;0;93.75;3.76;2.49;85.07;7.6;7.33
2012;SP;estadual;;3516408;97.72;2.06;0.21;94.28;3.14;2.57;87.28;6.62;6.1
2012;SP;estadual;;3516507;0;0;0;99.2;0.8;0;98.11;0;1.89
2012;SP;estadual;;3516606;0;0;0;96.29;2;1.71;78.7;16.61;4.69
2012;SP;estadual;;3516705;0;0;0;96.27;1.52;2.21;88.1;3.51;8.39
2012;SP;estadual;;3516804;99.55;0.45;0;99.55;0.45;0;97.84;2.16;0
2012;SP;estadual;;3516903;100;0;0;100;0;0;87.53;3.12;9.35
2012;SP;estadual;;3517000;0;0;0;85.62;7.44;6.94;70.27;14.5;15.23
2012;SP;estadual;;3517109;0;0;0;95.19;4.81;0;90;4;6
2012;SP;estadual;;3517208;0;0;0;86.1;7.66;6.23;75.12;9.53;15.35
2012;SP;estadual;;3517307;0;0;0;90.49;4.63;4.88;80.57;6.07;13.36
2012;SP;estadual;;3517406;0;0;0;94.53;2.29;3.18;85.68;4.6;9.72
2012;SP;estadual;;3517604;98.63;0;1.37;99.32;0.26;0.43;98.71;0.1;1.19
2012;SP;estadual;;3517802;0;0;0;91.95;4.14;3.91;93.03;2.87;4.1
2012;SP;estadual;;3518008;0;0;0;90.48;6.67;2.86;84.21;8.77;7.02
2012;SP;estadual;;3518107;95.44;4.56;0;86.56;11.52;1.92;78.54;14.15;7.32
2012;SP;estadual;;3518206;0;0;0;96.53;2.55;0.93;91.54;5.01;3.44
2012;SP;estadual;;3518305;0;0;0;86.93;12.14;0.93;84.26;13.63;2.11
2012;SP;estadual;;3518404;98.36;1.64;0;87.99;10.57;1.44;73.29;22.16;4.55
2012;SP;estadual;;3518503;0;0;0;90.49;7.6;1.9;81.05;18.95;0
2012;SP;estadual;;3518701;97.11;2.45;0.44;85.72;11.59;2.69;77.05;16.56;6.39
2012;SP;estadual;;3518800;97.73;1.89;0.38;89.44;7.89;2.67;78;16.18;5.81
2012;SP;estadual;;3518909;0;0;0;97.03;2.97;0;97.47;2.53;0
2012;SP;estadual;;3519006;96.26;3.74;0;96.58;1.62;1.8;88.92;2.99;8.08
2012;SP;estadual;;3519105;0;0;0;92.37;2.54;5.08;87.98;2.56;9.46
2012;SP;estadual;;3519204;97.27;2.73;0;96.84;2.37;0.79;83.89;5.69;10.43
2012;SP;estadual;;3519303;0;0;0;97.28;2.62;0.09;91.54;7.4;1.07
2012;SP;estadual;;3519501;0;0;0;90.31;6.38;3.31;82.53;13.54;3.93
2012;SP;estadual;;3519600;98.38;1.48;0.14;95.14;3.08;1.78;85.36;7.93;6.71
2012;SP;estadual;;3519709;97.74;2.26;0;96.05;1.96;2;92.15;4.99;2.86
2012;SP;estadual;;3519907;0;0;0;98.89;1.11;0;94.9;5.1;0
2012;SP;estadual;;3520004;0;0;0;88.7;6.78;4.52;76.3;11.28;12.42
2012;SP;estadual;;3520202;0;0;0;91.79;6.41;1.79;76.67;18.79;4.54
2012;SP;estadual;;3520301;84;16;0;91.13;6.25;2.62;77.63;11.27;11.1
2012;SP;estadual;;3520509;0;0;0;93.44;3.82;2.75;84.84;9.47;5.69
2012;SP;estadual;;3520608;0;0;0;94.53;1.17;4.3;93.65;2.65;3.7
2012;SP;estadual;;3520707;0;0;0;91.96;1.34;6.7;82.73;5.04;12.23
2012;SP;estadual;;3520806;0;0;0;95.15;4.85;0;83.89;16.11;0
2012;SP;estadual;;3521101;0;0;0;99.52;0;0.48;100;0;0
2012;SP;estadual;;3521200;0;0;0;91.98;6.33;1.69;77.91;14.46;7.63
2012;SP;estadual;;3521408;0;0;0;96.6;3.14;0.25;88.19;9.92;1.89
2012;SP;estadual;;3521507;0;0;0;97.76;0.25;2;91.64;1.74;6.62
2012;SP;estadual;;3521606;0;0;0;90.6;4.08;5.33;87.35;4.49;8.16
2012;SP;estadual;;3521705;98.59;1.41;0;94.12;4.89;0.99;86.5;9.13;4.38
2012;SP;estadual;;3521804;0;0;0;89.18;9.03;1.79;75.17;15.63;9.2
2012;SP;estadual;;3522000;0;0;0;98.66;0.45;0.89;92.25;3.88;3.88
2012;SP;estadual;;3522109;72;8;20;91.03;6.5;2.48;72.4;18.97;8.63
2012;SP;estadual;;3522208;98.53;1.41;0.06;92.71;5.49;1.8;78.66;16.16;5.18
2012;SP;estadual;;3522307;97.51;2.1;0.4;93.99;3.94;2.07;80.57;10.85;8.58
2012;SP;estadual;;3522406;0;0;0;88.82;11.18;0;82.26;17;0.74
2012;SP;estadual;;3522505;0;0;0;90.17;6.17;3.66;77.79;11.57;10.64
2012;SP;estadual;;3522604;96.77;3.03;0.2;93.73;3.53;2.75;86.45;7.28;6.27
2012;SP;estadual;;3522703;98.51;1.22;0.27;97.67;0.85;1.48;87.71;8.5;3.79
2012;SP;estadual;;3522802;100;0;0;90.79;6.75;2.46;82.89;10.7;6.42
2012;SP;estadual;;3530409;0;0;0;90.53;7.58;1.89;81.05;11.76;7.19
2012;SP;estadual;;3530508;98.78;1.09;0.13;91.71;6.85;1.44;81.42;13.15;5.43
2012;SP;estadual;;3530607;96.72;2.86;0.42;93.45;4.14;2.41;78.68;13.28;8.05
2012;SP;estadual;;3530706;0;0;0;88.63;8.32;3.05;79.79;12.43;7.77
2012;SP;estadual;;;0;0;0;91.2;6.62;2.18;80.73;13.46;5.81
2012;SP;estadual;;3531001;100;0;0;98.92;0;1.08;89.41;5.88;4.71
2012;SP;estadual;;3531100;92.86;0;7.14;90.32;9.68;0;74.19;19.69;6.12
2012;SP;estadual;;3531308;0;0;0;92.64;5.92;1.44;85.5;8.24;6.25
2012;SP;estadual;;3531407;0;0;0;97.69;0.58;1.73;93.79;2;4.21
2012;SP;estadual;;3531506;0;0;0;97.33;0.89;1.78;90.61;1.41;7.98
2012;SP;estadual;;3531605;0;0;0;98.54;0.97;0.49;93.49;5.33;1.18
2012;SP;estadual;;3531803;0;0;0;91.27;3.01;5.73;81.49;8.42;10.1
2012;SP;estadual;;3531704;0;0;0;94.47;2.37;3.16;75.12;11.27;13.62
2012;SP;estadual;;3531902;0;0;0;86.56;8.96;4.48;72.74;13.96;13.3
2012;SP;estadual;;3532009;0;0;0;91.35;7.32;1.33;69.5;19.41;11.09
2012;SP;estadual;;3532108;0;0;0;95.22;2.17;2.61;95.3;2.01;2.68
2012;SP;estadual;;3532306;0;0;0;96.74;1.9;1.36;80.17;10.61;9.22
2012;SP;estadual;;3532405;98.39;0.8;0.8;92.28;5;2.72;81.93;14.85;3.22
2012;SP;estadual;;3532504;0;0;0;100;0;0;98.72;1.28;0
2012;SP;estadual;;3532603;100;0;0;95.41;3.21;1.38;88;5.33;6.67
2012;SP;estadual;;3532702;0;0;0;98.19;1.81;0;97.74;2.26;0
2012;SP;estadual;;3532801;0;0;0;81.02;14.6;4.38;71.7;15.57;12.74
2012;SP;estadual;;3533007;0;0;0;95.03;4.11;0.86;82.33;12.34;5.34
2012;SP;estadual;;3533106;0;0;0;96.53;2.08;1.39;88.89;4.94;6.17
2012;SP;estadual;;3533304;0;0;0;97.81;2.19;0;93.13;6.87;0
2012;SP;estadual;;3533403;0;0;0;95.66;3.16;1.18;85.34;8.43;6.23
2012;SP;estadual;;3533502;0;0;0;91.88;7.36;0.76;82.26;11.4;6.34
2012;SP;estadual;;3533700;0;0;0;96.86;1.57;1.57;79.72;5.59;14.69
2012;SP;estadual;;3533809;0;0;0;89.13;9.78;1.09;77.78;14.53;7.69
2012;SP;estadual;;3533908;0;0;0;98.96;0.73;0.3;96.57;1.72;1.72
2012;SP;estadual;;3534005;0;0;0;95.4;3.07;1.53;88.46;11.54;0
2012;SP;estadual;;3534104;93.64;5.78;0.58;94.86;3.63;1.51;89.5;8.22;2.28
2012;SP;estadual;;3534401;100;0;0;93.17;5.36;1.47;82.74;13.48;3.78
2012;SP;estadual;;3534609;0;0;0;96.18;3.07;0.75;89.17;7.56;3.27
2012;SP;estadual;;3534708;98.53;1.07;0.4;94.65;2.66;2.69;82.91;8.15;8.95
2012;SP;estadual;;3534906;0;0;0;91.74;7;1.26;84.59;9.97;5.44
2012;SP;estadual;;3535101;0;0;0;98.38;1.62;0;91.96;3.57;4.46
2012;SP;estadual;;3535200;0;0;0;98.52;1.48;0;98.6;1.4;0
2012;SP;estadual;;3535309;0;0;0;90.47;6.97;2.56;82.8;13.12;4.08
2012;SP;estadual;;3535408;0;0;0;90.93;7.04;2.03;86.02;7.53;6.45
2012;SP;estadual;;3535507;0;0;0;97.89;1.9;0.21;84.86;6.43;8.71
2012;SP;estadual;;3535606;0;0;0;88.99;8.33;2.69;76.68;18.51;4.81
2012;SP;estadual;;3535903;0;0;0;96.12;3.88;0;91.81;8.19;0
2012;SP;estadual;;3536000;0;0;0;97.36;1.76;0.88;87.08;4.31;8.61
2012;SP;estadual;;3536208;100;0;0;97.78;0.79;1.43;91.92;2.87;5.21
2012;SP;estadual;;3536307;0;0;0;88.49;2.93;8.58;85.24;2.52;12.23
2012;SP;estadual;;3536406;0;0;0;93.37;3.82;2.81;81.27;10.03;8.7
2012;SP;estadual;;3536505;0;0;0;96.06;2.5;1.44;85.96;8.14;5.9
2012;SP;estadual;;3536604;0;0;0;99.59;0.2;0.2;98.09;1.91;0
2012;SP;estadual;;3536703;0;0;0;92.36;5.09;2.55;84.53;9.11;6.35
2012;SP;estadual;;3536901;0;0;0;99.35;0.65;0;89.47;6.58;3.95
2012;SP;estadual;;3537008;91.94;7.53;0.54;90.85;4.16;4.99;71.31;11.02;17.67
2012;SP;estadual;;3537107;0;0;0;96.39;2.41;1.2;89.41;6.78;3.81
2012;SP;estadual;;3537206;0;0;0;91.25;7.27;1.48;85.19;10.02;4.78
2012;SP;estadual;;3537305;98.87;0.9;0.23;89.1;7.97;2.94;76.82;14.32;8.86
2012;SP;estadual;;3537404;0;0;0;94.82;4.08;1.1;96.55;2.34;1.11
2012;SP;estadual;;3537503;0;0;0;91.98;5.27;2.74;77.26;14.08;8.66
2012;SP;estadual;;3537602;87.18;12.82;0;90.87;5.76;3.37;78.79;15.03;6.18
2012;SP;estadual;;3537701;0;0;0;95.98;3.1;0.93;85.77;5.86;8.37
2012;SP;estadual;;3537800;98.31;0;1.69;95.58;1.44;2.97;88.29;4.32;7.39
2012;SP;estadual;;3544806;0;0;0;94.52;2.88;2.59;87.67;5.73;6.61
2012;SP;estadual;;3544905;0;0;0;97.92;1.39;0.69;93.97;2.54;3.49
2012;SP;estadual;;3545001;0;0;0;94.11;3.16;2.72;75.24;11.97;12.8
2012;SP;estadual;;3545100;0;0;0;93.73;4.48;1.79;83.67;7.65;8.67
2012;SP;estadual;;3545209;99.22;0.74;0.04;97.16;2.68;0.16;93.5;4.55;1.95
2012;SP;estadual;;3545407;0;0;0;95.86;1.26;2.88;91.61;1.75;6.64
2012;SP;estadual;;3545308;99.17;0;0.83;96.05;1.71;2.24;89.13;4.73;6.15
2012;SP;estadual;;3545605;0;0;0;98.57;0.86;0.57;96.3;2.83;0.87
2012;SP;estadual;;3545704;0;0;0;97.51;2.49;0;96.05;3.95;0
2012;SP;estadual;;3545803;98.54;1.41;0.05;94.45;3.67;1.88;82.84;9.35;7.81
2012;SP;estadual;;3500550;0;0;0;90.6;8.55;0.85;74.79;24.38;0.83
2012;SP;estadual;;3546108;0;0;0;100;0;0;96.77;0;3.23
2012;SP;estadual;;3546207;0;0;0;98.11;1.13;0.75;85.03;4.08;10.88
2012;SP;estadual;;3546306;0;0;0;92.16;6.01;1.83;80.61;10.36;9.03
2012;SP;estadual;;3546405;100;0;0;93.78;2.15;4.07;78.17;8.1;13.73
2012;SP;estadual;;3546504;0;0;0;95.87;2.91;1.21;90.36;7.23;2.41
2012;SP;estadual;;3546603;0;0;0;98.06;0.49;1.46;87.45;9.26;3.29
2012;SP;estadual;;3546801;0;0;0;97.15;2.12;0.73;91.62;6.02;2.36
2012;SP;estadual;;3546900;0;0;0;92.33;7.67;0;78.73;21.27;0
2012;SP;estadual;;3547007;94.62;3.23;2.15;95.06;1.23;3.7;89.42;1.44;9.13
2012;SP;estadual;;3547106;0;0;0;97.4;2.08;0.52;87.01;9.74;3.25
2012;SP;estadual;;3547403;0;0;0;99.07;0.93;0;94;2;4
2012;SP;estadual;;3547502;0;0;0;87.53;7.74;4.73;82.63;6.99;10.38
2012;SP;estadual;;3547601;0;0;0;96.88;2.24;0.88;75.47;9.22;15.3
2012;SP;estadual;;3547205;100;0;0;100;0;0;100;0;0
2012;SP;estadual;;3547700;0;0;0;85.99;7.33;6.68;76.52;12.82;10.66
2012;SP;estadual;;3547809;97.72;1.84;0.44;89.16;7.1;3.74;74.86;17.26;7.88
2012;SP;estadual;;3547908;0;0;0;95.33;4.4;0.27;95.08;4.92;0
2012;SP;estadual;;3548104;100;0;0;98.18;1.82;0;96.4;2.8;0.8
2012;SP;estadual;;3548302;0;0;0;95.78;3.01;1.2;95.93;4.07;0
2012;SP;estadual;;3548401;0;0;0;99.26;0;0.74;94.39;1.53;4.08
2012;SP;estadual;;3548500;86.61;10.63;2.76;88.62;9.8;1.58;78.47;16.61;4.92
2012;SP;estadual;;3548609;0;0;0;95.99;4.01;0;81.14;17.76;1.1
2012;SP;estadual;;3548708;0;0;0;89.51;8.42;2.07;73.91;20.01;6.08
2012;SP;estadual;;3548807;0;0;0;90.56;7.5;1.94;72.7;21.72;5.58
2012;SP;estadual;;3548906;99.05;0.71;0.24;94.4;4.02;1.58;83.78;11.37;4.85
2012;SP;estadual;;3549003;99.35;0.65;0;99.35;0.65;0;98.82;1.18;0
2012;SP;estadual;;3549102;0;0;0;94.1;5.42;0.48;84.95;13.85;1.2
2012;SP;estadual;;3549201;0;0;0;99.39;0.61;0;94.26;3.28;2.46
2012;SP;estadual;;3549300;0;0;0;98.13;1.87;0;100;0;0
2012;SP;estadual;;3549409;97.36;2.44;0.2;94.9;3.1;2;83.57;10.66;5.77
2012;SP;estadual;;3549508;0;0;0;88.87;5.06;6.07;84.55;4.19;11.26
2012;SP;estadual;;3549904;97.61;2.05;0.34;91.59;6.2;2.21;79.71;14.83;5.46
2012;SP;estadual;;3549706;99.08;0.92;0;92.14;6.2;1.66;76.79;19.92;3.29
2012;SP;estadual;;3549805;99.87;0.13;0;94.06;4.59;1.35;84.18;11.44;4.38
2012;SP;estadual;;3550100;0;0;0;93.21;5.19;1.59;85.51;10.25;4.25
2012;SP;estadual;;3550209;0;0;0;96.04;2.64;1.32;84.99;10.46;4.55
2012;SP;estadual;;3550407;0;0;0;80.74;16.23;3.03;71.65;21.27;7.09
2012;SP;estadual;;3550506;0;0;0;97.44;2.13;0.43;90.34;3.43;6.23
2012;SP;estadual;;3550704;0;0;0;98.25;1.75;0;87.92;8.33;3.75
2012;SP;estadual;;3550803;0;0;0;96.63;0.77;2.61;89.77;0.77;9.46
2012;SP;estadual;;3550902;99.56;0;0.44;82.28;15.34;2.38;72.69;19.71;7.6
2012;SP;estadual;;3551009;96.39;3.46;0.15;86.19;10.84;2.97;74.88;17.57;7.55
2012;SP;estadual;;3551108;92.06;7.94;0;94.38;3.75;1.87;86.02;6.99;6.99
2012;SP;estadual;;3551207;0;0;0;88.1;4.83;7.06;74.53;11.18;14.29
2012;SP;estadual;;3551306;0;0;0;98.71;1.29;0;94.21;1.65;4.13
2012;SP;estadual;;3507159;0;0;0;95.4;3.32;1.28;72.62;6.46;20.91
2012;SP;estadual;;3509254;0;0;0;92.37;4.73;2.9;89.48;6.97;3.55
2012;SP;estadual;;3509452;0;0;0;74.36;25.64;0;77.97;5.59;16.43
2012;SP;estadual;;3515152;0;0;0;93.6;3.64;2.76;81.88;8.17;9.95
2012;SP;estadual;;3519071;95.83;4.03;0.14;93.9;3.79;2.31;86.77;7.87;5.37
2012;SP;estadual;;3520442;0;0;0;94.29;3.87;1.85;61.36;19.25;19.39
2012;SP;estadual;;3522158;98.56;1.44;0;96.61;2.37;1.02;92.56;2.07;5.37
2012;SP;estadual;;3522653;0;0;0;98.3;1.46;0.24;95.61;2.63;1.75
2012;SP;estadual;;3527256;0;0;0;94.57;5.43;0;90.36;9.64;0
2012;SP;estadual;;3528858;0;0;0;99.29;0;0.71;89.89;8.99;1.12
2012;SP;estadual;;3529658;0;0;0;95.93;1.63;2.44;85.37;8.54;6.1
2012;SP;estadual;;3532843;0;0;0;100;0;0;100;0;0
2012;SP;estadual;;3536257;0;0;0;97.39;1.74;0.87;98.84;1.16;0
2012;SP;estadual;;3537156;0;0;0;100;0;0;100;0;0
2012;SP;estadual;;3540259;0;0;0;95.93;4.07;0;90.07;9.22;0.71
2012;SP;estadual;;3543253;0;0;0;99.24;0.76;0;98.12;1.88;0
2012;SP;estadual;;3545159;0;0;0;95.79;1.55;2.66;84.84;6.5;8.66
2012;SP;estadual;;3549250;0;0;0;95.5;4.5;0;86.59;13.41;0
2012;SP;estadual;;3549953;0;0;0;90.67;7.48;1.85;83.74;11.96;4.3
2012;SP;estadual;;3552551;0;0;0;98.55;1.45;0;97.96;0.68;1.36
2012;SP;estadual;;3554656;0;0;0;86.84;13.16;0;85.59;14.41;0
2012;SP;estadual;;3557154;0;0;0;95.63;2.5;1.88;84.27;7.87;7.87
2012;SP;estadual;;3503356;100;0;0;96.72;2.46;0.82;98;2;0
2012;SP;estadual;;3507753;0;0;0;96.48;3.52;0;93.08;6.92;0
2012;SP;estadual;;3540853;0;0;0;98.04;1.96;0;88.73;7.04;4.23
2012;SP;estadual;;3541059;0;0;0;96.88;2.08;1.04;92.11;6.09;1.79
2012;SP;estadual;;3547650;97.26;2.74;0;98.04;1.96;0;98;2;0
2012;SP;estadual;;3556958;0;0;0;100;0;0;98.15;1.85;0
2012;SP;estadual;;3521150;0;0;0;88.46;8.65;2.88;80.68;7.95;11.36
2012;SP;estadual;;3553658;0;0;0;99.34;0.66;0;94.29;2.86;2.86
2012;SP;estadual;;3515657;0;0;0;98.91;1.09;0;98.48;1.52;0
2012;SP;estadual;;3516853;0;0;0;83.97;10.8;5.23;69.3;13.16;17.54
2012;SP;estadual;;3532157;0;0;0;97.51;2.49;0;96.69;1.99;1.32
2012;SP;estadual;;3532868;0;0;0;96.92;3.08;0;81.97;13.11;4.92
2012;SP;estadual;;3534757;0;0;0;94;6;0;88.56;11.17;0.27
2012;SP;estadual;;3536570;0;0;0;95.87;1.65;2.48;94.74;1.32;3.95
2012;SP;estadual;;3543238;0;0;0;95.28;1.57;3.15;80.39;1.96;17.65
2012;SP;estadual;;3507506;0;0;0;87.69;8.04;4.27;76.41;15.9;7.69
2012;SP;estadual;;3507605;100;0;0;91.83;5.71;2.46;78.49;14.09;7.42
2012;SP;estadual;;3507704;100;0;0;94.33;1.33;4.33;85.56;4.44;10
2012;SP;estadual;;3507803;0;0;0;83.57;5.71;10.71;76.69;6.76;16.55
2012;SP;estadual;;3507902;0;0;0;90.65;5.39;3.96;66.85;18.19;14.95
2012;SP;estadual;;3508108;0;0;0;98.1;1.19;0.71;87.04;3.24;9.72
2012;SP;estadual;;3508306;0;0;0;91.96;2.98;5.06;83.22;5.37;11.41
2012;SP;estadual;;3508405;0;0;0;93.56;3.84;2.6;82.31;8.15;9.53
2012;SP;estadual;;3508504;0;0;0;88.46;8.03;3.52;85.23;9.43;5.34
2012;SP;estadual;;3508603;0;0;0;86.44;10.76;2.8;76.22;18.05;5.73
2012;SP;estadual;;3508702;98.88;1.12;0;95.95;3.32;0.73;87.29;11.3;1.41
2012;SP;estadual;;3508801;98.1;1.9;0;94.35;3.33;2.32;68.25;22.27;9.48
2012;SP;estadual;;3508900;0;0;0;94.74;5.26;0;88.21;6.11;5.68
2012;SP;estadual;;3509007;98.25;1.75;0;97.19;2.17;0.64;92.36;6.33;1.32
2012;SP;estadual;;3509106;0;0;0;93.81;3.83;2.36;83.71;11.76;4.52
2012;SP;estadual;;3509205;0;0;0;92.12;6.55;1.34;82.53;12.24;5.23
2012;SP;estadual;;3509403;0;0;0;93.81;2.2;3.99;87.2;4.64;8.15
2012;SP;estadual;;3509502;97.37;2.05;0.59;91.51;5.28;3.2;78.1;12.59;9.31
2012;SP;estadual;;3509601;0;0;0;89.47;7.25;3.29;80.1;13.01;6.9
2012;SP;estadual;;3509809;0;0;0;93.03;4.55;2.42;88.89;1.96;9.15
2012;SP;estadual;;3509908;100;0;0;90.72;7.98;1.3;82.6;14.41;2.99
2012;SP;estadual;;3510005;97.79;2.21;0;95.69;2.99;1.32;90.7;4.65;4.65
2012;SP;estadual;;3510203;0;0;0;93.14;5.57;1.29;86.84;10.79;2.37
2012;SP;estadual;;3510401;0;0;0;88;6.61;5.4;80.39;8.89;10.72
2012;SP;estadual;;3510500;0;0;0;98.7;1.2;0.1;92.46;5.69;1.85
2012;SP;estadual;;3510609;98.42;1.09;0.5;92.84;4.34;2.82;81.67;11.01;7.32
2012;SP;estadual;;3510708;100;0;0;92.02;6.1;1.88;88.32;3.55;8.12
2012;SP;estadual;;3510807;99.07;0.7;0.23;94.11;2.65;3.24;86.34;5.93;7.73
2012;SP;estadual;;3511003;0;0;0;93.31;4.76;1.93;76.44;16.85;6.71
2012;SP;estadual;;3511102;0;0;0;95.66;3.42;0.91;89.12;8.61;2.27
2012;SP;estadual;;3511201;0;0;0;95.17;3.05;1.78;88.48;5.95;5.58
2012;SP;estadual;;3511409;0;0;0;91.03;5.56;3.42;76.31;12.62;11.08
2012;SP;estadual;;3511706;0;0;0;90.43;8.99;0.58;80.3;11.85;7.85
2012;SP;estadual;;3511904;0;0;0;96.52;1.39;2.09;86.67;4.56;8.77
2012;SP;estadual;;3512209;0;0;0;95.51;1.79;2.69;89.85;3.5;6.65
2012;SP;estadual;;3512308;96.85;3.15;0;78.84;7.41;13.76;75.79;12.1;12.1
2012;SP;estadual;;3512407;0;0;0;92.06;5.42;2.52;81.38;12.83;5.79
2012;SP;estadual;;3512506;0;0;0;98.98;0.68;0.34;81.95;10.73;7.32
2012;SP;estadual;;3512605;100;0;0;94.36;4.75;0.89;88.1;11.43;0.48
2012;SP;estadual;;3512803;0;0;0;92.85;4.42;2.73;84.31;9.81;5.88
2012;SP;estadual;;3512902;0;0;0;96.59;1.14;2.27;86.75;6.83;6.43
2012;SP;estadual;;3513009;97.25;2.2;0.55;90;6.56;3.44;73.89;17.91;8.2
2012;SP;estadual;;3513108;0;0;0;82.83;13.08;4.09;72.25;19.91;7.84
2012;SP;estadual;;3513306;100;0;0;100;0;0;100;0;0
2012;SP;estadual;;3513405;0;0;0;86.09;10.53;3.37;80.06;15.58;4.36
2012;SP;estadual;;3513504;94.58;4.43;1;83.44;15.45;1.11;71.31;24.99;3.7
2012;SP;estadual;;3513603;93.1;6.16;0.74;93.06;4.37;2.57;77.97;13.16;8.87
2012;SP;estadual;;3513702;0;0;0;92.47;1.37;6.16;75.76;8.32;15.92
2012;SP;estadual;;3513801;98.09;1.55;0.35;91.29;5.51;3.2;78.82;12.7;8.48
2012;SP;estadual;;3513900;0;0;0;95.34;3.21;1.46;94.01;3;3
2012;SP;estadual;;3514007;98.1;1.9;0;98.99;0.81;0.2;96.82;0;3.18
2012;SP;estadual;;3514106;0;0;0;93.09;3.81;3.1;87.08;1.81;11.11
2012;SP;estadual;;3514205;0;0;0;95.8;3.36;0.84;94.38;4.49;1.12
2012;SP;estadual;;3514304;0;0;0;97.22;0.93;1.85;87.42;5.48;7.1
2012;SP;estadual;;3514403;0;0;0;91.28;4.85;3.87;82.19;9.95;7.86
2012;SP;estadual;;3514502;0;0;0;90.45;2.19;7.36;87.59;1.87;10.54
2012;SP;estadual;;3514700;0;0;0;98.77;0;1.23;90.8;5.2;4
2012;SP;estadual;;3514809;0;0;0;96.21;3.56;0.22;89.84;10.16;0
2012;SP;estadual;;3514908;0;0;0;87.25;7.72;5.03;79.04;10.82;10.14
2012;SP;estadual;;3515004;97.59;1.82;0.59;89.26;8.2;2.54;76.96;16.12;6.92
2012;SP;estadual;;3515103;99.19;0.64;0.18;95.48;3.49;1.03;83.86;12.58;3.55
2012;SP;estadual;;3515301;0;0;0;98.24;1.76;0;93.39;5.79;0.83
2012;SP;estadual;;3522901;0;0;0;90.23;3.51;6.26;76.48;12.53;10.99
2012;SP;estadual;;3523008;0;0;0;95.34;4.66;0;91.72;8.28;0
2012;SP;estadual;;3523107;95.74;3.76;0.5;89.13;8.5;2.37;76.55;17.28;6.17
2012;SP;estadual;;3523206;0;0;0;94.48;2.91;2.61;81.7;11.46;6.84
2012;SP;estadual;;3523305;90.78;9.22;0;93.97;4.41;1.63;80.57;11.56;7.87
2012;SP;estadual;;3523503;0;0;0;94.65;3.47;1.88;84.25;7.34;8.41
2012;SP;estadual;;3523602;0;0;0;93.11;3.91;2.98;77.2;11.2;11.6
2012;SP;estadual;;3523701;0;0;0;89.44;6.07;4.49;73.15;17.9;8.95
2012;SP;estadual;;3523800;100;0;0;99.75;0.25;0;100;0;0
2012;SP;estadual;;3523909;0;0;0;88.3;9.4;2.3;82.12;13.3;4.58
2012;SP;estadual;;3524006;0;0;0;93.65;5.52;0.84;85.5;10.42;4.08
2012;SP;estadual;;3524303;0;0;0;93.16;4.2;2.64;84.59;6.57;8.85
2012;SP;estadual;;3524402;96.09;3.5;0.41;93.06;5.46;1.49;81.76;14.07;4.17
2012;SP;estadual;;3524501;0;0;0;97.22;2.5;0.28;96.61;3.39;0
2012;SP;estadual;;3524600;0;0;0;97.19;0.79;2.02;97.2;2.17;0.64
2012;SP;estadual;;3524808;0;0;0;98.21;1.47;0.32;95.76;2.45;1.79
2012;SP;estadual;;3525003;0;0;0;88.85;6.27;4.88;80.13;9.51;10.36
2012;SP;estadual;;3525201;0;0;0;94.08;5.15;0.77;82.91;14.12;2.98
2012;SP;estadual;;3525300;0;0;0;93.65;3.44;2.91;85.05;6.18;8.77
2012;SP;estadual;;3525607;0;0;0;94.1;4.06;1.85;85.31;6.99;7.69
2012;SP;estadual;;3525706;99.87;0.13;0;94.77;1.98;3.25;78.29;9.18;12.53
2012;SP;estadual;;3525805;0;0;0;99.13;0.87;0;97.65;2.35;0
2012;SP;estadual;;3525904;0;0;0;95.13;3.38;1.49;83.43;11.14;5.43
2012;SP;estadual;;3526001;0;0;0;94.91;4.83;0.26;85.71;14.29;0
2012;SP;estadual;;3526100;0;0;0;90.46;7.39;2.15;86.7;8.69;4.61
2012;SP;estadual;;3526209;97.33;2.5;0.17;93.03;3.46;3.5;80.17;9.16;10.67
2012;SP;estadual;;3526308;0;0;0;92.35;5.36;2.3;93.09;1.63;5.28
2012;SP;estadual;;3526407;0;0;0;79.29;17.16;3.55;79.32;14.42;6.26
2012;SP;estadual;;3526605;0;0;0;94.67;5.33;0;69.51;21.31;9.18
2012;SP;estadual;;3526704;0;0;0;94.32;3.08;2.6;81.22;10.27;8.5
2012;SP;estadual;;3526803;0;0;0;94.58;3.4;2.01;91.03;5.34;3.63
2012;SP;estadual;;3526902;96.84;2.49;0.67;92.88;4.34;2.79;81.42;12.1;6.48
2012;SP;estadual;;3527108;95.68;4.01;0.32;88.68;8.67;2.65;62.78;29.03;8.19
2012;SP;estadual;;3527207;0;0;0;84.75;9.44;5.81;71.11;21.19;7.71
2012;SP;estadual;;3527306;0;0;0;92.79;5.95;1.27;87.97;9.06;2.97
2012;SP;estadual;;3527405;0;0;0;84.25;15.75;0;69.26;28.15;2.59
2012;SP;estadual;;3527504;0;0;0;100;0;0;97.06;2.94;0
2012;SP;estadual;;3527702;0;0;0;90.95;5.6;3.45;78.11;13.93;7.96
2012;SP;estadual;;3527801;0;0;0;95.52;2.76;1.72;89.06;7.29;3.65
2012;SP;estadual;;3527900;0;0;0;95.56;3.33;1.11;86.33;10.79;2.88
2012;SP;estadual;;3528007;0;0;0;96.9;2.56;0.53;94.41;5.03;0.56
2012;SP;estadual;;3528106;100;0;0;98.83;0.29;0.88;91.82;1.12;7.06
2012;SP;estadual;;3528205;0;0;0;98.56;1.44;0;93.48;4.35;2.17
2012;SP;estadual;;3528304;0;0;0;91.49;7.98;0.53;96.08;3.92;0
2012;SP;estadual;;3528502;0;0;0;96.35;2.46;1.19;88.75;6.4;4.85
2012;SP;estadual;;3528601;0;0;0;92.99;5.72;1.29;86.16;7.96;5.88
2012;SP;estadual;;3528700;0;0;0;98.47;1.53;0;86.08;6.33;7.59
2012;SP;estadual;;3528809;0;0;0;97.71;2.15;0.14;96.32;2.51;1.16
2012;SP;estadual;;3528908;0;0;0;93.68;3.16;3.16;77.27;13.64;9.09
2012;SP;estadual;;3529005;99.19;0.81;0;95.01;3.47;1.52;89.7;6.37;3.93
2012;SP;estadual;;3529104;0;0;0;93.02;6.2;0.78;97.94;2.06;0
2012;SP;estadual;;3529203;0;0;0;90.75;8.34;0.91;82.43;12.87;4.7
2012;SP;estadual;;3529302;98.93;1.04;0.03;94.02;4.59;1.38;84.99;7.84;7.17
2012;SP;estadual;;3529401;98.14;1.45;0.4;91.07;6.9;2.02;81.47;13.36;5.17
2012;SP;estadual;;3529500;0;0;0;100;0;0;82.01;10.05;7.94
2012;SP;estadual;;3529609;0;0;0;98.62;1.38;0;90.4;8.47;1.13
2012;SP;estadual;;3529807;0;0;0;97.05;1.86;1.09;84.46;10.11;5.43
2012;SP;estadual;;3530003;0;0;0;98.61;1.39;0;92.24;7.76;0
2012;SP;estadual;;3529906;90.91;9.09;0;88.58;8.91;2.51;83.23;12.34;4.44
2012;SP;estadual;;3530102;0;0;0;96.51;2.52;0.97;95.11;3.17;1.73
2012;SP;estadual;;3530201;98.08;1.92;0;97.46;2.36;0.18;90.96;8.03;1.02
2012;SP;estadual;;3530300;0;0;0;94.34;3.18;2.49;87.43;8.73;3.85
2012;SP;estadual;;3537909;0;0;0;96.12;1.7;2.18;88.53;4.57;6.9
2012;SP;estadual;;3538006;95.47;4.32;0.21;91.41;5.39;3.2;79;13.5;7.5
2012;SP;estadual;;3538105;0;0;0;90.08;7.63;2.29;87.99;8.09;3.92
2012;SP;estadual;;3515186;95.04;4.96;0;90.71;6.53;2.76;78.99;15.24;5.77
2012;SP;estadual;;3538303;0;0;0;94.51;4.95;0.55;94.31;3.25;2.44
2012;SP;estadual;;3538501;0;0;0;91.94;4.93;3.13;85.18;10.02;4.8
2012;SP;estadual;;3538600;0;0;0;94.18;4;1.82;83.89;6.9;9.21
2012;SP;estadual;;3538709;97.72;2.04;0.24;92.41;4.49;3.1;83.23;9.05;7.72
2012;SP;estadual;;3539301;0;0;0;90.45;6.39;3.16;70.88;16.92;12.2
2012;SP;estadual;;3538808;100;0;0;93.97;3.57;2.46;85.41;8.19;6.39
2012;SP;estadual;;3538907;0;0;0;97.76;0.28;1.96;94.76;0.85;4.39
2012;SP;estadual;;3539004;0;0;0;97.57;1.33;1.11;95.65;2.9;1.45
2012;SP;estadual;;3539202;0;0;0;93.26;4.01;2.74;84.46;9.41;6.13
2012;SP;estadual;;3539400;0;0;0;98.59;0.78;0.63;88.53;4.8;6.67
2012;SP;estadual;;3539509;0;0;0;93.04;5.3;1.66;82.96;9.98;7.06
2012;SP;estadual;;3539608;0;0;0;97.78;0.32;1.9;95.36;3.31;1.32
2012;SP;estadual;;3539707;0;0;0;97.46;2.03;0.51;95.87;4.13;0
2012;SP;estadual;;3539806;96.36;3.64;0;89.43;8.53;2.04;77.56;16.79;5.65
2012;SP;estadual;;3539905;100;0;0;99.05;0.63;0.32;95.74;0.53;3.72
2012;SP;estadual;;3540002;0;0;0;95.9;1.96;2.14;89.05;8.79;2.16
2012;SP;estadual;;3540101;0;0;0;95.16;2.69;2.15;90.23;4.51;5.26
2012;SP;estadual;;3540200;96.79;3.21;0;94.97;4.19;0.84;84.35;8.16;7.49
2012;SP;estadual;;3540309;0;0;0;95.74;1.42;2.84;87.91;4.4;7.69
2012;SP;estadual;;3540408;0;0;0;94.24;5.76;0;87.9;12.1;0
2012;SP;estadual;;3540507;0;0;0;91.77;5.91;2.32;84.33;6.9;8.78
2012;SP;estadual;;3540606;0;0;0;91.35;6.92;1.73;82.51;10.54;6.95
2012;SP;estadual;;3540705;0;0;0;77.37;13.24;9.39;64.34;21;14.66
2012;SP;estadual;;3541000;100;0;0;88.83;9.31;1.87;79.99;15.36;4.64
2012;SP;estadual;;3541109;95.43;4.11;0.46;95.58;2.01;2.41;85;3.75;11.25
2012;SP;estadual;;3541307;98.82;1.18;0;97.95;1.92;0.13;83.37;14.63;1.99
2012;SP;estadual;;3541406;0;0;0;88.22;7.91;3.87;78.3;14.43;7.27
2012;SP;estadual;;3541505;0;0;0;91.96;5.94;2.1;81.51;10.01;8.48
2012;SP;estadual;;3541604;93.52;6.04;0.44;91.57;5.67;2.76;71.82;19.44;8.74
2012;SP;estadual;;3541703;0;0;0;92.59;1.66;5.75;82.37;6.26;11.37
2012;SP;estadual;;3541802;0;0;0;98.21;0;1.79;93.59;0;6.41
2012;SP;estadual;;3541901;0;0;0;84.39;15.61;0;69.77;30.23;0
2012;SP;estadual;;3542008;0;0;0;97.25;1.1;1.65;90.94;6.69;2.36
2012;SP;estadual;;3542107;0;0;0;97.35;2.48;0.17;80.16;8.85;10.99
2012;SP;estadual;;3542206;100;0;0;98.26;1.31;0.44;87.11;5.88;7.01
2012;SP;estadual;;3542305;0;0;0;86.73;2.16;11.11;73.47;5.61;20.92
2012;SP;estadual;;3542404;0;0;0;98.27;1.15;0.58;86.44;9.48;4.08
2012;SP;estadual;;3542503;0;0;0;96.12;1.29;2.59;90.91;3.41;5.68
2012;SP;estadual;;3542602;0;0;0;96.52;2.07;1.41;90.29;6.57;3.14
2012;SP;estadual;;3542800;99.2;0.8;0;92.83;4.23;2.93;90.83;4.59;4.59
2012;SP;estadual;;3542909;0;0;0;94.58;2.96;2.46;79.83;13.23;6.94
2012;SP;estadual;;3543006;0;0;0;94.59;3.98;1.43;88.59;5.54;5.87
2012;SP;estadual;;3543204;0;0;0;90.94;6.15;2.91;86.93;7.04;6.03
2012;SP;estadual;;3543303;98.48;1.33;0.2;95.18;3.96;0.86;81;13.06;5.94
2012;SP;estadual;;3543402;95.61;3.46;0.93;86.65;8.53;4.82;74.1;15.81;10.09
2012;SP;estadual;;3543501;98.08;1.92;0;91.59;1.87;6.54;80.97;7.42;11.61
2012;SP;estadual;;3543600;0;0;0;95.9;1.87;2.24;95.14;2.78;2.08
2012;SP;estadual;;3543709;0;0;0;95.99;3.28;0.73;93.87;3.72;2.41
2012;SP;estadual;;3543808;97.97;1.8;0.23;98.23;0.79;0.98;92.11;0.33;7.57
2012;SP;estadual;;3543907;97.81;2.19;0;92.56;5.14;2.29;79.23;12.64;8.13
2012;SP;estadual;;3544004;0;0;0;93.47;3.73;2.8;87.93;5.94;6.13
2012;SP;estadual;;3544103;97.45;2.04;0.51;90.18;6.55;3.27;78.14;13.64;8.22
2012;SP;estadual;;3544202;0;0;0;93.5;5.67;0.83;76.24;6.11;17.65
2012;SP;estadual;;3544400;0;0;0;98.76;1.24;0;88.71;3.23;8.06
2012;SP;estadual;;3544509;0;0;0;95.38;2.89;1.73;93.22;5.93;0.85
2012;SP;estadual;;3544608;0;0;0;92.73;1.73;5.54;89.33;4.49;6.18
2012;SP;estadual;;3544707;0;0;0;97.63;1.18;1.18;84.91;5.66;9.43
2012;SP;estadual;;3551405;0;0;0;90.75;6.57;2.69;85.34;5.91;8.75
2012;SP;estadual;;3551603;98.07;1.75;0.18;95.8;3;1.2;87.09;6.11;6.79
2012;SP;estadual;;3551504;0;0;0;90.04;7.34;2.62;74.39;15.61;10
2012;SP;estadual;;3551702;0;0;0;95.43;3.28;1.29;86.33;8.65;5.02
2012;SP;estadual;;3551801;100;0;0;92.84;4.81;2.35;90.97;6.25;2.78
2012;SP;estadual;;3552007;0;0;0;87.76;8.39;3.85;87.82;8.97;3.21
2012;SP;estadual;;3552106;98.03;1.41;0.56;93.54;2.94;3.53;87.03;5.14;7.84
2012;SP;estadual;;3552205;98.08;1.52;0.39;92.44;5.74;1.83;83.64;12.54;3.82
2012;SP;estadual;;3552403;97.37;2.49;0.14;94.52;4.03;1.45;87.57;8.14;4.29
2012;SP;estadual;;3552502;98.28;1.39;0.33;93.99;3.92;2.09;82.86;11.52;5.62
2012;SP;estadual;;3552601;0;0;0;95.93;3.62;0.45;96;3.43;0.57
2012;SP;estadual;;3552700;98.15;1.85;0;96.97;1.96;1.07;85.48;6.07;8.46
2012;SP;estadual;;3552809;97.89;1.63;0.49;92.14;5.57;2.29;79.25;14.05;6.7
2012;SP;estadual;;3552908;0;0;0;93.12;4.18;2.7;85.24;3.69;11.07
2012;SP;estadual;;3553005;0;0;0;99.44;0.42;0.14;92.13;0.76;7.11
2012;SP;estadual;;3553104;0;0;0;99.2;0.8;0;97.12;1.65;1.23
2012;SP;estadual;;3553203;0;0;0;98.21;0.36;1.43;95.51;2.56;1.92
2012;SP;estadual;;3553302;0;0;0;91.76;4.83;3.4;77.24;20.54;2.21
2012;SP;estadual;;3553401;0;0;0;95.82;1.7;2.48;75;17.57;7.43
2012;SP;estadual;;3553500;0;0;0;93.46;3.78;2.76;84.48;8.87;6.65
2012;SP;estadual;;3553609;0;0;0;90.07;7.95;1.99;83.86;12.2;3.94
2012;SP;estadual;;3553708;0;0;0;94.64;3.78;1.58;87.02;9.86;3.12
2012;SP;estadual;;3553807;100;0;0;94.79;3.94;1.27;83.02;11.41;5.57
2012;SP;estadual;;3554003;0;0;0;90.94;6.97;2.1;84.83;11.42;3.75
2012;SP;estadual;;3554102;0;0;0;89.94;6.04;4.02;83.05;10.98;5.97
2012;SP;estadual;;3554201;0;0;0;96.55;2.51;0.94;84.71;7.44;7.85
2012;SP;estadual;;3554300;96.88;3.13;0;90.86;3.7;5.44;80.2;9.71;10.09
2012;SP;estadual;;3554607;0;0;0;91.98;4.94;3.09;90;5;5
2012;SP;estadual;;3554706;99.23;0.77;0;95.96;0.24;3.8;88.4;0.31;11.29
2012;SP;estadual;;3554805;0;0;0;93.88;2.04;4.08;80.31;7.01;12.68
2012;SP;estadual;;3554904;0;0;0;94.37;3.64;1.99;91.22;6.34;2.44
2012;SP;estadual;;3555000;98.7;1.3;0;90;5.29;4.71;79.09;8.07;12.84
2012;SP;estadual;;3555208;0;0;0;96.81;2.13;1.06;96.88;1.56;1.56
2012;SP;estadual;;3555307;0;0;0;98.15;1.85;0;89.29;5.36;5.36
2012;SP;estadual;;3555406;89.58;10.42;0;94.13;5.06;0.81;87.54;10.97;1.49
2012;SP;estadual;;3555505;0;0;0;98.23;1.77;0;98.46;1.54;0
2012;SP;estadual;;3555703;100;0;0;100;0;0;96.23;0;3.77
2012;SP;estadual;;3555802;98.73;1.02;0.25;96.77;2.49;0.75;90.3;8.03;1.67
2012;SP;estadual;;3555901;98.55;1.45;0;86.49;6.31;7.21;67.61;21.13;11.27
2012;SP;estadual;;3556206;0;0;0;95.32;2.48;2.2;87.49;6.54;5.97
2012;SP;estadual;;3556107;0;0;0;97.31;2.06;0.63;98.71;1.03;0.26
2012;SP;estadual;;3556305;0;0;0;92.37;2.62;5.02;79.45;6.85;13.7
2012;SP;estadual;;3556404;92.75;3.62;3.62;89.61;5.96;4.43;80.32;11.36;8.32
2012;SP;estadual;;3556503;0;0;0;93.81;4.44;1.75;79.66;13.11;7.24
2012;SP;estadual;;3556602;0;0;0;97.3;1.44;1.26;93.04;5.22;1.74
2012;SP;estadual;;3556701;0;0;0;89.83;4.66;5.51;83.69;8.37;7.93
2012;SP;estadual;;3556800;0;0;0;88.15;4.18;7.67;77.78;6.63;15.59
2012;SP;estadual;;3556909;0;0;0;95.9;1.91;2.19;93.86;5.26;0.88
2012;SP;estadual;;3557006;0;0;0;93.85;3.02;3.13;86.29;7.2;6.51
2012;SP;estadual;;3557105;0;0;0;92.02;5.44;2.54;78.79;13.8;7.41
2012;SP;estadual;;3557204;0;0;0;95.7;0.69;3.61;83.85;4.43;11.72
2012;SP;estadual;;3556453;0;0;0;93.49;4.59;1.92;86.65;8.9;4.45
2012;SP;estadual;;3513850;98.46;1.54;0;95.7;4.3;0;82;18;0
2012;SP;estadual;;3514957;0;0;0;97.04;2.96;0;91.67;8.33;0
2012;SP;estadual;;3515194;0;0;0;94.97;5.03;0;95.21;4.26;0.53
2012;SP;estadual;;3515350;0;0;0;98.31;0.98;0.7;98.1;1.14;0.76
2012;SP;estadual;;3544251;99.14;0.86;0;98.11;1.36;0.53;93.74;5.18;1.08
2012;SP;estadual;;3553955;0;0;0;90.85;4.86;4.29;78.98;10.8;10.23
2012;SP;estadual;;3500758;0;0;0;94.29;2.34;3.38;90.73;6.18;3.09
2012;SP;estadual;;3503950;98.67;1.33;0;100;0;0;96.72;3.28;0
2012;SP;estadual;;3505351;0;0;0;92.44;6.51;1.05;87.36;11.55;1.08
2012;SP;estadual;;3506359;0;0;0;91.08;7.4;1.52;86.64;9.01;4.35
2012;SP;;;3501152;;;;;;;93.63;6.37;0
2012;SP;;;3532827;;;;;;;96.48;3.52;0
2012;SP;;;3552304;;;;;;;84.24;15.76;0
2012;SP;;;3521309;;;;;;;98.43;0.45;1.12
2012;SP;;;3502002;;;;;;;71.28;20;8.72
2012;SP;;;3527009;;;;;;;91.33;0;8.67
2012;SP;;;3527603;;;;;;;69.26;16.8;13.93
2012;SP;;;3536109;;;;;;;73.84;19.21;6.95
2012;SP;;;3556354;;;;;;;71.03;14.86;14.11
2012;SP;;;3548005;;;;;;;80.17;4.75;15.08
2012;SP;;;3510302;;;;;;;85.81;6.56;7.63
2012;SP;;;3521002;;;;;;;82.54;7.77;9.69
2012;SP;;;3502309;;;;;;;83.46;12.41;4.14
2012;SP;;;3508009;;;;;;;82.77;16.06;1.17
2012;SP;;;3512704;;;;;;;94.25;5.75;0
2012;SP;;;3533601;;;;;;;94.02;3.85;2.14
2012;SP;;;3540754;;;;;;;63.01;16.54;20.45
2012;SP;;;3532207;;;;;;;75.22;11.74;13.04
2012;SP;;;3540804;;;;;;;78.95;21.05;0
2012;SP;;;3510153;;;;;;;98.83;0;1.17
2012;SP;;;3534500;;;;;;;95.88;4.12;0
2012;SP;;;3510906;;;;;;;94.69;0;5.31
2012;SP;;;3511607;;;;;;;69.17;14.17;16.67
2012;SP;;;3517901;;;;;;;96.49;3.51;0
2012;SP;;;3502903;;;;;;;87.87;1.58;10.55
2012;SP;;;3521903;;;;;;;90.88;8.29;0.83
2012;SP;;;3524204;;;;;;;81.01;14.53;4.47
2012;SP;;;3500600;;;;;;;97.5;1.5;1
2012;SP;;;3550605;;;;;;;89.42;7.71;2.87
2012;SP;;;3534203;;;;;;;96.65;3.35;0
2012;SP;;;3504909;;;;;;;86;10.44;3.56
2012;SP;;;3536802;;;;;;;90.94;2.64;6.42
2012;SP;;;3503505;;;;;;;72.91;7.39;19.7
2012;SP;;;3554953;;;;;;;84.62;6.33;9.05
2012;SP;;;3510104;;;;;;;100;0;0
2012;SP;;;3526506;;;;;;;90.81;8.11;1.08
2012;SP;;;3543105;;;;;;;90.29;2.43;7.28
2012;SP;;;3548054;;;;;;;82.45;10.58;6.96
2012;SP;;;3534807;;;;;;;92.72;7.28;0
2012;SP;;;3525854;;;;;;;95.19;1.92;2.88
2012;SP;;;3523404;;;;;;;73.67;16.42;9.91
2012;SP;;;3535705;;;;;;;93.48;2.17;4.35
2012;SP;;;3509957;;;;;;;65.73;15.32;18.95
2012;SP;;;3525102;;;;;;;77.09;10.32;12.59
2012;SP;;;;;;;;;;83.92;10.23;5.85
2012;SP;;;3554409;;;;;;;92.35;0.55;7.1
2012;SP;;;3519402;;;;;;;75.62;24.38;0
2012;SP;;;3544301;;;;;;;74.12;23.99;1.89
2012;SP;;;3525409;;;;;;;87.94;4.26;7.8
2012;SP;;;3502754;;;;;;;78.27;21.59;0.14
2012;SP;;;3506706;;;;;;;73.11;17.05;9.84
2012;SP;;;3541653;;;;;;;81.01;5.7;13.29
2012;SP;;;3554755;;;;;;;63.06;9.91;27.03
2012;SP;;;3546009;;;;;;;80.27;13.23;6.5
2012;SP;;;3529708;;;;;;;79.36;0.31;20.34
2012;SP;;;3507001;;;;;;;81.41;12.18;6.41
2012;SP;;;3511508;;;;;;;82.98;10.15;6.87
2012;SP;;;3557303;;;;;;;89.15;3.07;7.78
2012;SP;;;3505609;;;;;;;77.3;17.83;4.88
2012;SP;;;3555604;;;;;;;77.74;18.84;3.42
2012;SP;;;3509304;;;;;;;84.44;8.33;7.22
2012;SP;;;3534302;;;;;;;70.62;16.02;13.36
2012;SP;;;3511300;;;;;;;84.62;15.38;0
2012;SP;;;3501301;;;;;;;74.53;13.89;11.58
2012;SP;;;3517703;;;;;;;83.19;8.58;8.23
2012;SP;;;3540903;;;;;;;84.18;11.08;4.75
2012;SP;;;3538204;;;;;;;79.92;7.83;12.25
2012;SP;;;3514924;;;;;;;100;0;0
2012;SP;;;3518602;;;;;;;92.81;1.74;5.45
2012;SP;;;3520905;;;;;;;76.65;9.62;13.74
2012;SP;;;3533205;;;;;;;90.12;5.56;4.32
2012;SP;;;3530904;;;;;;;90.98;9.02;0
2012;SP;;;3551900;;;;;;;84.73;12.58;2.68
2012;SP;;;3541208;;;;;;;78.04;13.37;8.59
2012;SP;;;3553856;;;;;;;91.89;4.25;3.86
2012;SP;;;3531209;;;;;;;92.39;7.27;0.35
2012;SP;;;3545506;;;;;;;76.71;14.61;8.68
2012;SP;;;3518859;;;;;;;92.54;7.46;0
2012;SP;;;3539103;;;;;;;76.98;9.1;13.91
2012;SP;;;3524907;;;;;;;91.16;8.84;0
2012;SP;;;3532900;;;;;;;84.92;12.56;2.51
2012;SP;;;3503604;;;;;;;89.91;8.55;1.54
2012;SP;;;3547304;;;;;;;;;
2012;SP;;;3508207;;;;;;;92;4;4
2012;SP;;;3512001;;;;;;;81.52;2.53;15.95
2012;SP;;;3548203;;;;;;;69.43;14.51;16.06
2012;SP;;;3555356;;;;;;;77.53;13.86;8.61
2012;SP;;;3520426;;;;;;;84.14;6.47;9.39
2012;SP;;;3532058;;;;;;;72.41;16.26;11.33
2012;SP;;;3514601;;;;;;;84.42;15.58;0
2012;SP;;;3549607;;;;;;;80.56;5.56;13.89
2012;SP;;;3553906;;;;;;;81.52;18.48;0
2012;SP;;;3525508;;;;;;;75.51;8.84;15.66
2012;SP;;;3503158;;;;;;;93.33;0;6.67
2012;SP;;;3533254;;;;;;;94.62;2.15;3.23
2012;SP;;;3546256;;;;;;;94.29;5.71;0
2012;SP;;;3513207;;;;;;;81.93;6.02;12.05
2012;SP;;;3515608;;;;;;;96.76;2.7;0.54
2012;SP;;;3517505;;;;;;;74.81;12.96;12.22
2012;SP;;;3546702;;;;;;;87.66;6.17;6.17
2012;SP;;;3555109;;;;;;;87.47;5.47;7.06
2012;SP;;;3535804;;;;;;;84.64;13.85;1.51
2012;SP;;;3554508;;;;;;;81.06;9.87;9.07
2012;SP;;;3500204;;;;;;;96;1.33;2.67
2012;SP;;;3528403;;;;;;;94.51;4.66;0.83
2012;SP;;;3512100;;;;;;;74.24;11.21;14.55
2012;SP;;;3520400;;;;;;;91.86;8.14;0
2012;SP;;;3515129;;;;;;;89.16;1.2;9.64
2012;SP;;;3524105;;;;;;;78.15;5.96;15.89
2012;SP;;;3524709;;;;;;;86.21;11.9;1.89
2012;SP;;;3519808;;;;;;;75.96;21.95;2.09
2012;SP;;;3509700;;;;;;;60.56;28.2;11.24
2012;SP;;;3535002;;;;;;;82.95;8.4;8.65
2012;SP;;;3515806;;;;;;;89.01;1.1;9.89
2012;SP;;;3542701;;;;;;;86.39;6.46;7.14
2012;SP;;;3556008;;;;;;;80.61;2.8;16.59
2012;SP;;;3519055;;;;;;;81.54;6.59;11.87
2012;SP;;;3507456;;;;;;;78.38;10.81;10.81
2012;SP;;;3519253;;;;;;;79.42;19.49;1.08
2012;SP;;;3505708;;;;;;;72.52;15.73;11.75
2012;SP;;;3520103;;;;;;;72.39;9.32;18.28
2013;SP;;ITAPECERICA DA SERRA;3522208;9.687.179.565;3.076.923.132;0.051282052;936.530.304;6.276.445.866;0.070521861;8.110.696.411;1.402.985.096;4.863.183.975
2013;SP;;ITAPEVI;3522505;9.869.631.958;1.073.619.604;0.230061352;9.594.155.884;3.896.103.859;0.162337661;7.898.278.046;1.161.643.314;9.400.789.261
2013;SP;;ITAQUAQUECETUBA;3523107;9.890.710.449;1.092.896.223;0;9.634.591.675;3.532.277.822;0.12180268;7.887.509.155;1.635.864.258;4.766.264.439
2013;SP;;ITAPEVI;3525003;9.882.254.028;1.177.460.074;0;9.536.082.458;4.639.175.415;0;7.942.079.163;1.083.621.025;9.743.000.031
2013;SP;;ITAPECERICA DA SERRA;3526209;9.844.961.548;1.550.387.621;0;9.906.542.206;0.934579432;0;8.078.313.446;108.433.733;8.373.494.148
2013;SP;;CAIEIRAS;3528502;9.889.589.691;1.104.100.943;0;974.257.431;2.574.257.374;0;9.286.553.192;4.051.673.412;3.082.795.143
2013;SP;;MAUA;3529401;9.849.246.216;1.481.089.711;0.026448028;9.809.054.565;1.909.454.823;0;8.239.316.559;1.279.202.271;4.814.815.044
2013;SP;;MOGI DAS CRUZES;3530607;9.864.839.172;1.351.608.634;0;9.790.810.394;2.035.861.015;0.056032874;7.971.057.129;1.254.577.637;7.743.650.436
2013;SP;;OSASCO;3534401;9.875.391.388;1.238.621.116;0.007461572;9.624.073.792;3.715.142.965;0.044122837;8.305.908.966;1.041.231.251;6.528.595.924
2013;SP;;ITAQUAQUECETUBA;3539806;9.859.812.927;1.401.869.178;0;9.875.389.099;1.246.105.909;0;7.875.624.084;1.399.606.609;7.247.692.585
2013;SP;;MAUA;3543303;9.847.634.125;1.523.656.726;0;9.453.860.474;5.461.393.833;0;8.183.486.176;1.362.385.368;4.541.284.561
2013;SP;;MAUA;3544103;988.888.855;0;1.111.111.164;0;0;0;8.066.132.355;1.072.144.318;861.723.423
2013;SP;;MOGI DAS CRUZES;3545001;0;0;0;931.087.265;444.104.147;2.450.229.645;74;1.552.941.132;1.047.058.868
2013;SP;;ARACATUBA;3502804;0;0;0;9.278.720.856;5.539.720.058;1.673.069.715;8.139.579.773;1.343.743.992;5.166.762.829
2013;SP;;SAO JOAQUIM DA BARRA;3503000;0;0;0;92;3.428.571.463;4.571.428.776;8.316.326.904;8.163.265.228;8.673.469.543
2013;SP;;AVARE;3503109;0;0;0;9.338.624.573;1.851.851.821;4.761.904.716;805.447.464;128.404.665;6.614.786.148
2013;SP;;ARARAQUARA;3503208;9.982.899.475;0.11400342;0.05700171;9.366.682.434;5.002.405.167;1.330.767.989;8.189.405.823;1.202.247.238;6.083.467.007
2013;SP;;PIRASSUNUNGA;3503307;9.956.262.207;0.3976143;0.039761432;9.434.999.847;3.525.000.095;2.125;8.689.617.157;6.690.727.234;6.413.104.057
2013;SP;;BAURU;3503406;0;0;0;964.912.262;2.412.280.798;1.096.491.218;9.598.662.567;2.006.689.072;2.006.689.072
2013;SP;;CATANDUVA;3503703;0;0;0;9.714.912.415;2.192.982.435;0.657894731;9.446.494.293;4.059.040.546;1.476.014.733
2013;SP;;LIMEIRA;3503802;0;0;0;9.345.259.094;5.116.279.125;1.431.127.071;876.576.004;9.157.265.663;318.513.608
2013;SP;;JACAREI;3503901;0;0;0;9.498.483.276;3.980.010.748;1.035.159.707;8.321.643.066;1.270.040.035;4.083.166.122
2013;SP;;ASSIS;3504008;0;0;0;9.434.333.801;4.328.578.472;1.328.086.615;8.826.157.379;8.407.798.767;3.330.625.534
2013;SP;;BRAGANCA PAULISTA;3504107;9.967.479.706;0.32520324;0;935.402.298;3.791.602.373;2.668.164.492;7.940.460.968;1.175.809.765;8.837.296.486
2013;SP;;JALES;3504206;0;0;0;9.933.222.198;0.333889812;0.333889812;9.718.969.727;1.170.960.188;1.639.344.215
2013;SP;;BAURU;3504305;9.103.448.486;8.965.517.044;0;8.797.595.215;1.062.124.252;1.402.805.567;8.783.270.264;0;1.216.730.022
2013;SP;;BRAGANCA PAULISTA;3507605;0;0;0;9.079.051.208;6.350.461.006;2.859.025.002;7.720.628.357;1.333.694.267;9.456.776.619
2013;SP;;PENAPOLIS;3507704;100;0;0;9.629.629.517;1.481.481.433;2.222.222.328;9.242.424.011;3.030.303.001;4.545.454.502
2013;SP;;RIBEIRAO PRETO;3507803;0;0;0;9.105.690.765;2.439.024.448;6.504.065.037;8.075.757.599;5.151.515.007;14.090.909
2013;SP;;JAU;3507902;0;0;0;8.900.226.593;6.009.070.396;4.988.662.243;7.140.921.783;1.504.065.037;1.355.013.561
2013;SP;;BIRIGUI;3508108;0;0;0;9.924.717.712;0.501882076;0.250941038;9.373.912.811;3.652.173.996;2.608.695.745
2013;SP;;BAURU;3508306;0;0;0;9.591.836.548;3.401.360.512;0.680272102;9.323.308.563;6.766.917.229;0
2013;SP;;ITU;3508405;0;0;0;9.268.371.582;6.539.333.344;0.776950479;8.970.516.968;6.573.223.591;3.721.604.586
2013;SP;;TAUBATE;3508504;0;0;0;9.197.163.391;5.957.446.575;2.070.921.898;8.756.684.113;8.121.657.372;4.311.497.211
2013;SP;;GUARATINGUETA;3508603;0;0;0;8.796.459.961;7.699.115.276;4.336.283.207;7.963.989.258;1.260.387.802;7.756.232.738
2013;SP;;SAO JOAO DA BOA VISTA;3508702;9.773.790.741;2.028.081.179;0.234009355;0;0;0;926.388.855;5.694.444.656;1.666.666.627
2013;SP;;LINS;3508801;9.489.144.135;485.312.891;0.255427837;0;0;0;7.803.203.583;1.601.830.673;5.949.656.963
2013;SP;;PRESIDENTE PRUDENTE;3508900;9.730.941.772;2.690.582.991;0;90;6.666.666.508;3.333.333.254;8.277.511.597;1.004.784.679;7.177.033.424
2013;SP;;SANTO ANASTACIO;3509106;9.737.705.231;2.295.081.854;0.327868849;0;0;0;7.727.272.797;9.545.454.979;1.318.181.801
2013;SP;;GUARATINGUETA;3513405;944.977.951;482.740.736;0.674798846;9.360.328.674;4.929.577.351;1.467.136.145;7.813.915.253;1.358.583.736;8.275.010.109
2013;SP;;SANTOS;3513504;9.325.314.331;6.359.740.257;0.387114614;8.705.553.436;1.172.592.926;1.218.537.807;688.420.105;2.318.171.883;7.976.268.768
2013;SP;;GUARATINGUETA;3513603;9.282.136.536;7.122.982.979;0.055648301;0;0;0;7.529.039.001;1.351.636.791;1.119.324.207
2013;SP;;SAO CARLOS;3513702;9.535.183.716;4.648.159.981;0;8.892.171.478;9.010.339.737;2.067.946.911;8.076.087.189;1.478.260.899;4.456.521.511
2013;SP;;SAO JOAO DA BOA VISTA;3513900;9.734.789.276;2.496.099.949;0.156006247;9.051.490.784;5.149.051.666;4.336.043.358;8.320.987.701;6.913.580.418;9.876.543.045
2013;SP;;TAQUARITINGA;3514007;9.813.084.412;0;1.869.158.864;0;0;0;100;0;0
2013;SP;;JAU;3514106;9.974.093.628;0.129533678;0.129533678;9.860.869.598;1.391.304.374;0;8.095.237.732;5.423.280.239;1.362.433.815
2013;SP;;JALES;3514205;9.722.222.137;2.777.777.672;0;0;0;0;8.095.237.732;178.571.434;1.190.476.179
2013;SP;;SAO CARLOS;3514304;9.822.134.399;1.778.656.125;0;9.777.777.863;1.587.301.612;0.634920657;8.689.024.353;701.219.511;6.097.560.883
2013;SP;;ADAMANTINA;3514403;9.868.606.567;1.313.937.068;0;9.367.088.318;2.531.645.536;3.797.468.424;8.492.537.689;1.059.701.538;4.477.612.019
2013;SP;;BAURU;3514502;9.821.162.415;1.788.375.616;0;0;0;0;9.475.138.092;0;5.248.618.603
2013;SP;;MARILIA;3514700;9.809.523.773;190.476.191;0;0;0;0;8.640.000.153;1.080.000.019;2.799.999.952
2013;SP;;REGISTRO;3514809;9.069.286.346;9.307.135.582;0;0;0;0;8.526.570.129;676.328.516;79.710.145
2013;SP;;SANTOS;3518701;9.687.162.781;2.804.746.389;0.323624581;8.506.756.592;1.198.841.667;2.944.015.503;7.953.427.887;1.509.416.485;5.371.555.805
2013;SP;;JALES;3518909;0;0;0;988.888.855;1.111.111.164;0;9.516.129.303;4.838.709.831;0
2013;SP;;TUPA;3519006;9.677.419.281;3.225.806.475;0;9.749.034.882;0.193050191;231.660.223;9.133.126.831;0.309597522;8.359.132.767
2013;SP;;BAURU;3519105;0;0;0;9.546.539.307;1.670.644.403;2.863.961.697;9.859.944.153;0.560224116;0.840336144
2013;SP;;TUPA;3519204;9.812.030.029;187.969.923;0;9.827.586.365;0.862068951;0.862068951;8.636.363.983;6.060.606.003;7.575.757.504
2013;SP;;SAO CARLOS;3519303;0;0;0;9.603.718.567;3.424.657.583;0.538160443;8.757.861.328;1.069.182.396;1.729.559.779
2013;SP;;OURINHOS;3519501;0;0;0;9.228.723.145;2.393.616.915;5.319.149.017;8.296.942.902;8.296.943.665;8.733.624.458
2013;SP;;TAQUARITINGA;3519600;9.896.142.578;0.964391708;0.074183978;9.760.454.559;1.421.031.237;0.974421442;9.252.909.088;4.715.248.108;2.755.664.349
2013;SP;;SAO ROQUE;3519709;100;0;0;977.796.402;1.591.956.377;0.628403842;9.484.098.816;4.416.961.193;0.742049456
2013;SP;;ASSIS;3519907;0;0;0;9.331.848.907;5.567.928.791;1.113.585.711;8.640.226.746;1.189.801.693;1.699.716.687
2013;SP;;JAU;3520004;9.469.026.184;5.309.734.344;0;963.190.155;3.067.484.617;0.613496959;7.544.338.226;1.364.256.477;1.091.405.201
2013;SP;;JACAREI;3520202;0;0;0;9.188.481.903;6.544.502.735;1.570.680.618;7.340.425.873;1.787.234.116;8.723.403.931
2013;SP;;MIRACATU;3520301;9.754.901.886;2.450.980.425;0;9.601.989.746;398.009.944;0;8.525.046.539;8.627.087.593;6.122.448.921
2013;SP;;ITU;3523909;9.921.588.898;0.784108758;0;9.624.752.808;3.752.468.824;0;8.660.697.174;9.207.708.359;4.185.322.285
2013;SP;;JUNDIAI;3524006;9.933.036.041;0.669642866;0;977.064.209;2.293.577.909;0;8.325.653.076;1.249.359.989;4.249.872.208
2013;SP;;JABOTICABAL;3524303;9.891.892.242;0.990990996;0.090090089;9.835.430.908;164.569.211;0;7.974.623.871;9.586.465.836;1.066.729.355
2013;SP;;JACAREI;3524402;9.829.803.467;16.263.237;0.075642966;9.819.982.147;1.800.180.078;0;7.928.604.889;1.467.825.317;603.569.746
2013;SP;;JOSE BONIFACIO;3524501;989.743.576;1.025.641.084;0;0;0;0;92;7.111.111.164;0.888888896
2013;SP;;REGISTRO;3524600;9.416.107.178;5.838.926.315;0;0;0;0;9.757.208.252;2.427.921.057;0
2013;SP;;JALES;3524808;9.980.000.305;0.200000003;0;9.936.708.832;0.632911384;0;9.743.412.018;2.565.880.775;0
2013;SP;;JUNDIAI;3525201;9.826.589.966;1.734.104.037;0;9.776.119.232;2.238.806.009;0;8.683.333.588;9.75;3.416.666.746
2013;SP;;JAU;3525300;9.872.611.237;1.273.885.369;0;9.633.233.643;3.592.814.445;0.074850298;8.621.257.782;6.536.665.916;725.075.531
2013;SP;;TUPA;3525607;9.892.086.029;1.079.136.729;0;0;0;0;8.550.724.792;1.014.492.798;4.347.826.004
2013;SP;;JOSE BONIFACIO;3525706;9.921.875;0.78125;0;9.951.219.177;0.48780489;0;8.708.220.673;695.573.616;5.962.059.498
2013;SP;;MARILIA;3525805;9.742.765.045;2.250.803.947;0.321543396;0;0;0;9.718.309.784;2.816.901.445;0
2013;SP;;JUNDIAI;3525904;9.928.240.204;0.702646136;0.014949917;9.688.355.255;3.116.448.879;0;8.330.563.354;1.180.821.037;4.886.156.082
2013;SP;;PRESIDENTE PRUDENTE;3529203;100;0;0;9.868.421.173;1.315.789.461;0;8.245.436.096;1.257.606.506;4.969.573.975
2013;SP;;ARARAQUARA;3529302;9.741.847.992;2.581.521.749;0;9.889.705.658;0.735294104;0.367647052;9.029.084.778;6.928.998.947;278.015.399
2013;SP;;JOSE BONIFACIO;3529500;952.218.399;4.778.157.234;0;0;0;0;9.075.144.196;2.890.173.435;6.358.381.271
2013;SP;;FERNANDOPOLIS;3529609;9.961.977.386;0.380228132;0;0;0;0;9.520.957.947;1.796.407.223;2.994.011.879
2013;SP;;JAU;3529807;9.848.484.802;1.515.151.501;0;9.636.363.983;3.636.363.745;0;8.015.563.965;1.031.128.407;9.533.074.379
2013;SP;;FERNANDOPOLIS;3530003;9.268.292.999;7.317.073.345;0;0;0;0;9.339.622.498;6.603.773.594;0
2013;SP;;MIRACATU;3529906;100;0;0;9.666.666.412;3.333.333.254;0;8.446.089.172;1.310.782.242;2.431.289.673
2013;SP;;ANDRADINA;3530102;9.892.472.839;1.075.268.865;0;9.944.903.564;0.550964177;0;9.456.824.493;4.874.651.909;0.557103038
2013;SP;;MIRANTE DO PARANAPANEMA;3530201;9.898.989.868;1.010.100.961;0;9.787.233.734;2.127.659.559;0;9.159.347.534;4.767.879.486;3.638.644.934
2013;SP;;JOSE BONIFACIO;3530300;9.966.386.414;0.336134464;0;9.669.902.802;3.300.970.793;0;8.852.549.744;4.933.481.216;6.541.019.917
2013;SP;;SAO JOSE DO RIO PRETO;3530409;0;0;0;8.934.426.117;9.836.065.292;0.819672108;8.811.188.507;7.692.307.472;4.195.804.119
2013;SP;;SAO JOAO DA BOA VISTA;3530508;9.583.333.588;4.166.666.508;0;9.803.370.667;1.966.292.143;0;8.614.633.942;1.141.463.375;2.439.024.448
2013;SP;;MOGI MIRIM;;9.715.568.542;2.619.760.513;0.224550903;9.501.335.907;4.986.642.838;0;7.927.802.277;1.114.878.368;9.573.195.457
2013;SP;;SAO JOSE DO RIO PRETO;3534005;0;0;0;9.851.851.654;1.481.481.433;0;100;0;0
2013;SP;;MARILIA;3534104;9.822.485.352;1.775.147.915;0;9.496.644.592;4.026.845.455;1.006.711.364;8.119.265.747;1.284.403.706;5.963.302.612
2013;SP;;ADAMANTINA;3534609;9.839.034.271;1.609.658.003;0;9.807.691.956;1.923.076.868;0;8.917.525.482;927.835.083;1.546.391.726
2013;SP;;OURINHOS;3534708;9.934.210.205;0.657894731;0;9.899.328.613;1.006.711.364;0;8.450.704.193;8.634.415.627;6.858.542.442
2013;SP;;ADAMANTINA;3534906;9.545.454.407;3.409.090.996;1.136.363.626;100;0;0;8.328.173.065;133.126.936;3.405.572.653
2013;SP;;CATANDUVA;3535101;0;0;0;9.720.394.897;246.710.515;0.328947365;9.042.769.623;5.091.649.532;4.480.651.855
2013;SP;;JALES;3535200;100;0;0;100;0;0;9.845.559.692;1.544.401.526;0
2013;SP;;ASSIS;3535309;9.633.507.538;3.664.921.522;0;9.635.416.412;3.645.833.254;0;871.601.181;9.667.674.065;3.172.205.448
2013;SP;;ADAMANTINA;3535408;9.833.333.588;1.666.666.627;0;100;0;0;9.357.798.004;4.036.697.388;238.532.114
2013;SP;;ASSIS;3535507;9.812.332.153;1.876.675.606;0;9.629.629.517;3.367.003.441;0.33670035;9.059.711.456;5.971.173.763;3.431.709.051
2013;SP;;TAUBATE;3535606;100;0;0;0;0;0;8.214.286.041;1.116.071.415;6.696.428.776
2013;SP;;JALES;3535903;0;0;0;9.555.555.725;4.444.444.656;0;8.853.503.418;1.146.496.773;0
2013;SP;;TUPA;3536000;0;0;0;9.683.655.548;1.405.975.342;1.757.469.296;9.086.021.423;2.956.989.288;6.182.795.525
2013;SP;;SANTO ANDRE;3547809;9.898.297.882;0.994914889;0.02210922;9.638.360.596;3.589.606.285;0.026788106;7.557.129.669;1.709.793.091;7.330.770.016
2013;SP;;SAO BERNARDO DO CAMPO;3548807;986.587.677;1.341.235.161;0;9.460.247.803;5.397.520.065;0;7.259.570.313;1.736.694.717;1.003.734.875
2013;SP;;SUZANO;3552502;9.808.282.471;1.840.490.818;0.076687112;9.788.072.968;2.119.270.563;0;8.182.056.427;1.049.216.843;768.726.635
2013;SP;;TABOAO DA SERRA;3552809;9.814.768.982;1.802.914.262;0.049394913;9.393.462.372;5.986.608.982;0.078771167;8.050.314.331;1.488.161.278;4.615.242.481
2013;SP;;ITAPECERICA DA SERRA;3549953;100;0;0;0;0;0;8.502.825.165;7.203.389.645;7.768.361.568
2013;SP;;ADAMANTINA;3500105;0;0;0;8.972.602.844;7.153.728.962;3.120.243.549;8.315.450.287;1.115.879.822;5.686.695.099
2013;SP;;SAO JOAO DA BOA VISTA;3500303;100;0;0;9.611.499.786;256.410.265;1.320.901.275;8.756.684.113;1.082.887.745;1.604.278.088
2013;SP;;MOGI MIRIM;3500501;9.712.918.854;287.081.337;0;9.389.312.744;6.106.870.174;0;8.949.771.881;9.589.040.756;0.913241982
2013;SP;;SAO JOAO DA BOA VISTA;3500402;0;0;0;9.904.153.442;0.95846647;0;9.708.029.175;2.919.708.014;0
2013;SP;;BAURU;3500709;0;0;0;9.091.358.185;6.567.901.134;2.518.518.448;807.467.041;1.010.248.947;9.150.805.473
2013;SP;;PRESIDENTE PRUDENTE;3500808;968.036.499;2.739.726.067;0.456620991;9.183.673.096;4.591.836.929;3.571.428.537;8.444.444.275;1.555.555.534;0
2013;SP;;BARRETOS;3500907;0;0;0;9.953.916.931;0;0.460829496;9.552.238.464;2.238.806.009;2.238.806.009
2013;SP;;RIBEIRAO PRETO;3501004;0;0;0;9.965.035.248;0.349650353;0;8.539.325.714;7.490.636.826;711.610.508
2013;SP;;PENAPOLIS;3504404;0;0;0;8.412.969.208;5.631.399.155;1.023.890.781;6.331.521.606;1.793.478.203;18.75
2013;SP;;AVARE;3504503;0;0;0;9.448.587.799;3.548.022.509;1.966.101.646;7.893.921.661;1.506.000.805;6.000.774.384
2013;SP;;SAO JOSE DO RIO PRETO;3504602;0;0;0;86.320.755;1.084.905.624;2.830.188.751;7.763.864.136;1.556.350.613;679.785.347
2013;SP;;BAURU;3504701;0;0;0;100;0;0;9.807.691.956;0;1.923.076.868
2013;SP;;JOSE BONIFACIO;3504800;0;0;0;9.822.335.052;0;1.776.649.714;9.115.853.882;1.219.512.224;7.621.951.103
2013;SP;;ITARARE;3505005;100;0;0;9.506.726.837;0.896860957;4.035.874.367;8.869.047.546;4.166.666.508;7.142.857.075
2013;SP;;PENAPOLIS;3505104;0;0;0;907.542.572;3.163.017.035;6.082.725.048;8.870.292.664;3.347.280.264;7.949.790.955
2013;SP;;JAU;3505203;0;0;0;9.636.711.121;2.485.659.599;1.147.227.526;9.028.037.262;4.953.270.912;4.766.355.038
2013;SP;;JAU;3505302;0;0;0;9.575.944.519;2.698.534.966;1.542.020.082;9.142.185.974;6.462.984.562;2.115.158.558
2013;SP;;REGISTRO;3505401;0;0;0;8.959.880.829;7.578.009.129;2.823.179.722;7.852.028.656;1.575.179.005;5.727.923.393
2013;SP;;BARRETOS;3505500;0;0;0;9.671.337.891;1.885.350.347;1.401.273.847;8.966.216.278;6.114.864.826;422.297.287
2013;SP;;TUPA;3505807;979.961.853;2.003.816.843;0;9.454.253.387;304.975.915;2.407.704.592;888.888.855;6.216.931.343;4.894.179.821
2013;SP;;RIBEIRAO PRETO;3505906;9.951.845.551;0.321027279;0.160513639;893.731.842;5.811.540.127;4.815.276.146;7.640.306.091;1.186.224.461;1.173.469.353
2013;SP;;RIBEIRAO PRETO;3509403;9.495.529.938;5.044.699.669;0;9.837.662.506;1.623.376.608;0;8.650.442.505;4.646.017.551;8.849.557.877
2013;SP;;CAMPINAS LESTE;3509502;9.407.608.032;5.827.122.211;0.096796051;8.693.006.134;1.295.927.429;0.110668436;7.952.487.946;1.047.192.097;1.000.320.244
2013;SP;;JUNDIAI;3509601;9.283.527.374;7.164.727.688;0;9.001.650.238;9.612.211.227;0.371287137;7.905.604.553;1.333.333.302;7.610.619.545
2013;SP;;OURINHOS;3509809;9.166.666.412;8.080.807.686;0.25252524;0;0;0;8.915.662.384;6.024.096.489;4.819.277.287
2013;SP;;REGISTRO;3509908;9.327.165.985;672.834.301;0;0;0;0;884.135.437;6.238.859.177;5.347.593.784
2013;SP;;ASSIS;3510005;9.917.355.347;0.826446295;0;0;0;0;911.057.663;3.966.346.264;4.927.884.579
2013;SP;;ITAPEVA;3510203;969.239.502;2.990.601.063;0.085445739;9.306.296.539;6.883.671.284;0.053361792;882.730.484;1.172.695.446;0
2013;SP;;CAPIVARI;3510401;9.212.205.505;7.683.772.564;0.194174752;9.202.407.837;6.094.808.102;1.881.113.648;838.804.245;8.616.646.767;7.502.930.641
2013;SP;;CARAGUATATUBA;3510500;9.758.333.588;2.291.666.746;0.125;9.547.169.495;4.427.672.863;0.100628927;9.663.826.752;3.131.475.925;0.230255589
2013;SP;;VOTUPORANGA;3510708;9.664.122.009;3.358.778.715;0;9.538.461.304;4.615.384.579;0;9.315.789.795;1.842.105.269;5
2013;SP;;SAO JOAO DA BOA VISTA;3510807;9.608.843.231;3.741.496.563;0.170068026;0;0;0;8.578.313.446;5.301.204.681;8.915.662.766
2013;SP;;ANDRADINA;3511003;9.803.586.578;153.714.776;0.426985472;9.421.487.427;4.132.231.236;165.289.259;9.046.898.651;257.186.079;6.959.152.699
2013;SP;;CATANDUVA;3511102;9.653.119.659;3.386.699.438;0.082101807;8.767.208.862;1.207.759.666;0.250312895;8.819.003.296;8.765.473.366;3.044.496.536
2013;SP;;MIRANTE DO PARANAPANEMA;3515301;9.770.114.899;2.298.850.536;0;0;0;0;8.632.478.333;5.982.905.865;7.692.307.472
2013;SP;;FERNANDOPOLIS;3515202;0;0;0;9.410.187.531;160.857.904;4.289.544.106;8.815.789.795;4.824.561.596;7.017.543.793
2013;SP;;PIRAJU;3515400;0;0;0;9.707.070.923;2.121.212.006;0.808080792;9.465.240.479;3.743.315.458;1.604.278.088
2013;SP;;FERNANDOPOLIS;3515509;9.671.533.203;3.284.671.545;0;9.537.201.691;3.880.384.445;0.747597039;8.800.764.465;1.055.900.574;1.433.349.252
2013;SP;;VOTUPORANGA;3515905;0;0;0;9.931.034.851;0.689655185;0;8.777.777.863;7.777.777.672;4.444.444.656
2013;SP;;ADAMANTINA;3516002;0;0;0;9.295.774.841;4.381.846.428;2.660.406.828;8.935.643.768;8.168.316.841;2.475.247.622
2013;SP;;ASSIS;;;;;;;;0;0;0
2013;SP;;FRANCA;3516200;9.813.761.902;1.791.299.343;0.071083307;945.382.843;3.115.201.712;2.346.515.656;833.106.842;8.344.656.944;8.344.656.944
2013;SP;;BIRIGUI;3516507;0;0;0;100;0;0;9.122.807.312;8.771.929.741;0
2013;SP;;MARILIA;3516606;0;0;0;9.404.762.268;3.571.428.537;2.380.952.358;8.062.015.533;1.085.271.358;8.527.132.034
2013;SP;;MARILIA;3516705;0;0;0;9.600.186.157;2.231.520.176;1.766.620.159;8.676.844.788;7.039.864.063;6.191.688.061
2013;SP;;VOTUPORANGA;3516804;9.813.084.412;1.869.158.864;0;9.955.156.708;0;0.448430479;9.846.154.022;1.538.461.566;0
2013;SP;;FERNANDOPOLIS;3516903;100;0;0;100;0;0;7.881.137.085;1.266.149.902;8.527.132.034
2013;SP;;CAPIVARI;3520509;989.905.777;1.009.421.229;0;9.597.761.536;4.022.385.597;0;8.570.832.825;8.897.539.139;5.394.133.091
2013;SP;;PRESIDENTE PRUDENTE;3520608;0;0;0;9.724.409.485;1.181.102.395;1.574.803.114;8.727.272.797;3.636.363.745;9.090.909.004
2013;SP;;FERNANDOPOLIS;3520707;0;0;0;9.441.624.451;4.060.913.563;1.522.842.646;7.908.496.857;7.189.542.294;1.372.549.057
2013;SP;;ADAMANTINA;3520806;0;0;0;9.619.047.546;3.809.523.821;0;9.295.774.841;7.042.253.494;0
2013;SP;;LIMEIRA;3521101;0;0;0;9.731.543.732;2.013.422.728;0.671140969;9.874.476.624;0.418410033;0.836820066
2013;SP;;APIAI;3521200;0;0;0;8.986.174.774;6.451.612.949;3.686.635.971;8.298.754.883;9.958.506.584;7.053.941.727
2013;SP;;LIMEIRA;3521408;0;0;0;9.568.662.262;4.225.352.287;0.08802817;8.483.547.974;1.244.635.201;2.718.168.736
2013;SP;;JOSE BONIFACIO;3521507;0;0;0;9.838.275.146;0;1.617.250.681;9.273.356.628;173.010.385;553.633.213
2013;SP;;ADAMANTINA;3521606;0;0;0;9.264.214.325;4.013.378.143;3.344.481.707;9.021.276.855;7.234.042.645;2.553.191.423
2013;SP;;ITARARE;3521705;100;0;0;100;0;0;8.627.451.324;6.459.053.993;72.664.361
2013;SP;;AVARE;3521804;9.919.355.011;0;0.806451619;100;0;0;8.478.803.253;1.097.256.851;423.940.134
2013;SP;;JAU;3522000;0;0;0;9.766.355.133;1.869.158.864;0.467289716;984.375;0.78125;0.78125
2013;SP;;SAO VICENTE;3522109;9.917.355.347;0.826446295;0;9.840.182.495;1.598.173.499;0;7.357.039.642;1.886.112.404;7.568.476.677
2013;SP;;ADAMANTINA;3526001;9.898.989.868;1.010.100.961;0;9.772.727.203;2.272.727.251;0;9.156.829.834;8.431.703.568;0
2013;SP;;MIRACATU;3526100;100;0;0;100;0;0;8.601.609.802;965.794.754;4.325.955.868
2013;SP;;TAUBATE;3526308;9.256.965.637;7.120.742.798;0.309597522;0;0;0;9.416.666.412;3.75;2.083.333.254
2013;SP;;BOTUCATU;3526407;988.235.321;1.176.470.637;0;100;0;0;8.084.291.077;1.130.268.192;7.854.406.357
2013;SP;;GUARATINGUETA;3526605;9.729.166.412;1.875;0.833333313;9.088.607.788;7.341.772.079;1.772.151.947;7.338.129.425;1.906.474.876;7.553.956.985
2013;SP;;PIRASSUNUNGA;3526704;9.860.248.566;1.397.515.535;0;9.913.793.182;0.862068951;0;8.847.193.909;4.800.540.924;6.727.518.559
2013;SP;;BAURU;3526803;9.904.030.609;0.575815737;0.383877158;9.596.154.022;4.038.461.685;0;8.726.415.253;7.452.830.315;5.283.019.066
2013;SP;;LIMEIRA;3526902;9.876.802.826;1.231.971.145;0;9.597.720.337;3.955.749.273;0.067046598;8.066.708.374;1.152.237.511;7.810.539.722
2013;SP;;LINS;3527108;9.715.698.242;2.719.406.605;0.123609394;9.617.428.589;3.719.447.374;0.106269926;6.455.479.431;2.786.815.071;7.577.054.977
2013;SP;;GUARATINGUETA;3527207;9.849.849.701;150.150.156;0;9.681.697.845;318.302.393;0;6.980.101.776;1.732.344.818;1.287.553.692
2013;SP;;JUNDIAI;3527306;100;0;0;9.834.710.693;165.289.259;0;8.952.095.795;7.934.131.622;2.544.910.192
2013;SP;;ADAMANTINA;3527405;100;0;0;9.871.794.891;1.282.051.325;0;7.053.726.196;2.928.942.871;0.17331022
2013;SP;;BAURU;3527504;100;0;0;0;0;0;98;0;2
2013;SP;;MOGI MIRIM;;9.839.265.442;149.253.726;0.114810564;9.504.373.169;4.956.268.311;0;815.500.946;8.317.580.223;1.013.232.517
2013;SP;;VOTUPORANGA;3531001;100;0;0;9.803.921.509;1.960.784.316;0;100;0;0
2013;SP;;SAO VICENTE;3531100;9.931.271.362;0.687285244;0;981.884.079;1.811.594.248;0;7.817.423.248;1.807.228.851;3.753.475.428
2013;SP;;JABOTICABAL;3531308;9.913.793.182;0.862068951;0;983.249.588;1.675.041.914;0;8.333.333.588;837.282.753;8.293.838.501
2013;SP;;JOSE BONIFACIO;3531407;995.192.337;0.480769217;0;100;0;0;9.610.984.039;3.890.160.084;0
2013;SP;;JABOTICABAL;3531506;100;0;0;100;0;0;8.825.448.608;2.283.849.955;94.616.642
2013;SP;;ADAMANTINA;3531605;0;0;0;9.857.142.639;0.952380955;0.476190478;8.807.946.777;9.271.523.476;2.649.006.605
2013;SP;;CAPIVARI;3531803;9.858.155.823;1.418.439.746;0;9.866.666.412;1.333.333.373;0;8.471.943.665;8.917.835.236;6.362.725.258
2013;SP;;SAO JOSE DOS CAMPOS;3531704;88;12;0;87.5;12.5;0;8.274.111.938;6.598.984.718;1.065.989.876
2013;SP;;SAO JOAQUIM DA BARRA;3531902;9.837.398.529;0.81300813;0.81300813;100;0;0;7.463.175.201;1.423.895.264;111.292.963
2013;SP;;BRAGANCA PAULISTA;3532009;9.866.666.412;1.333.333.373;0;0;0;0;7.995.909.882;8.793.456.078;1.124.744.415
2013;SP;;ANDRADINA;3532108;0;0;0;9.193.548.584;2.822.580.576;5.241.935.253;9.426.751.709;1.910.827.994;3.821.655.989
2013;SP;;TAUBATE;3532306;0;0;0;9.311.294.556;3.856.749.296;3.030.303.001;7.880.596.924;1.253.731.346;8.656.716.347
2013;SP;;REGISTRO;3536208;996.268.692;0.373134315;0;9.762.845.612;1.976.284.623;0.395256907;8.578.947.449;3.894.736.767;1.031.578.922
2013;SP;;FRANCA;3536307;0;0;0;8.950.968.933;5.701.254.368;478.905.344;8.210.331.726;6.457.564.354;1.143.911.457
2013;SP;;ADAMANTINA;3536406;0;0;0;9.284.165.192;7.158.351.421;0;8.169.013.977;1.830.985.832;0
2013;SP;;SUMARE;3536505;9.851.988.983;1.387.604.117;0.092506938;9.333.333.588;6.488.888.741;0.177777782;8.043.704.224;1.325.008.678;6.312.868.595
2013;SP;;VOTUPORANGA;3536604;0;0;0;9.955.555.725;0.222222224;0.222222224;9.643.917.084;2.670.623.064;0.890207708
2013;SP;;JAU;3536703;9.713.261.414;286.738.348;0;9.735.772.705;2.642.276.525;0;8.157.376.862;9.836.065.292;8.590.164.185
2013;SP;;FERNANDOPOLIS;3536901;0;0;0;9.857.142.639;1.428.571.463;0;9.870.130.157;1.298.701.286;0
2013;SP;;FRANCA;3537008;0;0;0;9.148.325.348;4.210.526.466;4.306.220.055;7.608.319.092;8.665.511.131;1.525.129.986
2013;SP;;MOGI MIRIM;3537107;100;0;0;9.931.972.504;0.680272102;0;9.021.512.604;3.747.397.661;6.037.474.155
2013;SP;;MIRACATU;3537206;0;0;0;9.470.108.795;3.396.739.244;1.902.173.877;9.178.403.473;4.694.835.663;3.521.126.747
2013;SP;;PENAPOLIS;3537305;9.962.732.697;0.372670799;0;9.745.454.407;2.545.454.502;0;8.327.114.105;9.888.059.616;6.840.795.994
2013;SP;;ANDRADINA;3537404;9.879.518.127;1.204.819.322;0;100;0;0;9.819.944.763;1.523.545.742;0.277008325
2013;SP;;BOTUCATU;3537503;0;0;0;9.162.679.291;6.937.798.977;1.435.406.685;8.615.917.206;1.003.460.217;3.806.228.399
2013;SP;;BOTUCATU;3540507;9.051.094.818;8.394.160.271;1.094.890.475;0;0;0;8.333.333.588;1.013.071.918;65.359.478
2013;SP;;ITU;3540606;100;0;0;9.456.868.744;54.313.097;0;8.609.236.908;1.032.693.291;3.580.695.391
2013;SP;;PIRASSUNUNGA;3540705;9.848.484.802;13.468.014;0.168350175;9.663.461.304;3.365.384.579;0;6.565.126.038;2.352.941.132;1.081.932.735
2013;SP;;SAO VICENTE;3541000;9.829.245.758;1.645.451.665;0.062092517;9.602.947.235;3.929.594.755;0.040933277;7.996.873.474;1.590.775.871;4.123.509.884
2013;SP;;BAURU;3541109;9.957.264.709;0.427350432;0;9.877.049.255;0.819672108;0.409836054;9.454.545.593;0;5.454.545.498
2013;SP;;SANTO ANASTACIO;3541307;9.785.713.959;1.964.285.731;0.178571433;9.376.299.286;602.910.614;0.207900211;817.831.955;1.244.387.436;5.772.931.576
2013;SP;;PRESIDENTE PRUDENTE;3541406;9.853.672.791;1.434.006.453;0.029265437;9.536.865.234;4.631.344.795;0;7.662.260.437;1.501.559.448;8.361.800.194
2013;SP;;SANTO ANASTACIO;3541505;9.958.506.012;0.414937764;0;9.697.801.971;302.197.814;0;8.881.256.104;6.476.938.248;4.710.500.717
2013;SP;;LINS;3541604;9.858.657.074;1.413.427.591;0;9.555.555.725;4.444.444.656;0;6.695.464.325;2.311.015.129;993.520.546
2013;SP;;TUPA;3541703;9.520.548.248;4.794.520.378;0;9.040.403.748;9.595.959.663;0;8.096.514.893;777.479.887;1.126.005.363
2013;SP;;TUPA;3541802;9.868.995.667;1.310.043.693;0;0;0;0;9.650.349.426;3.496.503.592;0
2013;SP;;GUARATINGUETA;3541901;9.354.838.562;6.327.543.259;0.124069475;8.551.859.283;1.311.154.556;1.369.863.033;810.089.035;9.792.284.966;9.198.813.438
2013;SP;;TUPA;3542008;100;0;0;0;0;0;9.191.176.605;5.882.352.829;2.205.882.311
2013;SP;;OURINHOS;3545407;0;0;0;9.556.737.518;2.127.659.559;2.304.964.542;8.753.894.043;2.180.685.282;1.028.037.357
2013;SP;;VOTORANTIM;3545308;9.704.641.724;2.953.586.578;0;9.580.419.922;4.195.804.119;0;8.167.570.496;1.103.074.169;7.293.550.491
2013;SP;;CATANDUVA;3545605;100;0;0;9.827.586.365;1.724.137.902;0;9.410.430.908;4.081.632.614;18.140.589
2013;SP;;JALES;3545704;0;0;0;9.666.666.412;3.333.333.254;0;9.405.940.247;4.455.445.766;1.485.148.549
2013;SP;;AMERICANA;3545803;9.917.808.533;0.821917832;0;9.897.727.203;1.022.727.251;0;8.398.339.081;8.631.275.177;738.533.783
2013;SP;;AVARE;3500550;0;0;0;8.934.911.346;7.396.449.566;3.254.437.923;780.991.745;1.074.380.207;1.115.702.438
2013;SP;;JALES;3546108;0;0;0;9.906.542.206;0.934579432;0;986.111.145;0;1.388.888.836
2013;SP;;PIRASSUNUNGA;3546207;0;0;0;9.774.436.188;1.127.819.538;1.127.819.538;8.287.670.898;82.191.782;8.904.109.955
2013;SP;;PIRASSUNUNGA;3546306;9.954.545.593;0.454545468;0;9.901.960.754;0.980392158;0;780.240.097;8.864.266.396;1.311.172.676
2013;SP;;OURINHOS;3546405;9.853.249.359;1.467.505.217;0;94;6;0;7.980.214.691;890.354.538;1.129.431.152
2013;SP;;TAQUARITINGA;3546504;0;0;0;9.894.736.481;0.263157904;0.789473712;9.294.117.737;0.784313738;6.274.509.907
2013;SP;;JALES;3546603;9.879.518.127;1.204.819.322;0;100;0;0;8.647.114.563;8.703.879.356;4.824.976.444
2013;SP;;JACAREI;3546801;100;0;0;9.673.912.811;3.260.869.503;0;9.270.833.588;4.829.545.498;2.462.121.248
2013;SP;;PIRACICABA;3550407;9.842.519.379;1.574.803.114;0;974.264.679;2.573.529.482;0;6.525.640.869;1.987.179.565;148.717.947
2013;SP;;OURINHOS;3550506;0;0;0;9.623.059.845;2.217.294.931;155.210.638;9.260.449.982;1.929.260.492;5.466.238.022
2013;SP;;CARAGUATATUBA;3550704;9.884.488.678;1.155.115.485;0;9.705.882.263;2.941.176.414;0;9.339.298.248;5.815.554.142;0.791465938
2013;SP;;SAO JOAO DA BOA VISTA;3550803;9.718.309.784;2.816.901.445;0;9.253.731.537;7.462.686.539;0;9.263.455.963;3.682.719.469;3.682.719.469
2013;SP;;RIBEIRAO PRETO;3550902;9.950.248.718;0;0.49751243;972.350.235;2.764.976.978;0;7.432.150.269;1.565.762.043;1.002.087.688
2013;SP;;SAO VICENTE;3551009;9.791.481.781;2.018.633.604;0.066548355;9.673.847.961;3.171.753.407;0.089766607;7.868.507.385;164.576.149;4.857.311.249
2013;SP;;ITAPETININGA;3551108;100;0;0;9.401.947.021;4.867.872.238;1.112.656.474;846.960.144;9.224.318.504;6.079.664.707
2013;SP;;PIRAJU;3551207;0;0;0;9.194.313.049;3.791.469.097;4.265.402.794;7.515.923.309;8.280.254.364;1.656.050.873
2013;SP;;VOTUPORANGA;3551306;0;0;0;9.696.969.604;0.606060624;2.424.242.496;9.338.235.474;2.205.882.311;4.411.764.622
2013;SP;;RIBEIRAO PRETO;3551405;8.806.333.923;1.084.043.884;109.622.407;0;0;0;8.159.091.187;1.181.818.199;6.590.909.004
2013;SP;;MOGI MIRIM;3551603;100;0;0;9.846.939.087;153.061.223;0;7.934.336.853;1.039.671.707;1.025.991.821
2013;SP;;RIBEIRAO PRETO;3551504;9.723.618.317;2.763.818.979;0;9.788.519.287;1.812.688.828;0.302114815;7.730.851.746;1.481.746.578;7.874.015.808
2013;SP;;SERTAOZINHO;3551702;9.881.890.106;1.181.102.395;0;9.741.480.255;2.467.684.984;0.117508814;8.960.923.767;7.252.812.386;3.137.951.374
2013;SP;;FERNANDOPOLIS;3555307;100;0;0;0;0;0;9.014.084.625;5.633.802.891;4.225.352.287
2013;SP;;CARAGUATATUBA;3555406;9.841.521.454;1.584.786.057;0;9.664.694.214;3.155.818.462;0.197238654;9.111.933.136;767.807.579;1.202.590.227
2013;SP;;BAURU;3555505;9.692.308.044;2.769.230.843;0.307692319;0;0;0;9.411.764.526;5.882.352.829;0
2013;SP;;JOSE BONIFACIO;3555703;911.764.679;0;8.823.529.243;0;0;0;9.814.814.758;1.851.851.821;0
2013;SP;;JALES;3555802;100;0;0;0;0;0;9.555.555.725;4.074.074.268;0.370370358
2013;SP;;LINS;3555901;100;0;0;0;0;0;8.620.689.392;5.172.413.826;8.620.689.392
2013;SP;;CAMPINAS OESTE;3556206;9.914.353.943;0.85645771;0;964.965.744;3.503.427.267;0;8.783.185.577;6.415.929.317;5.752.212.524
2013;SP;;VOTUPORANGA;3556107;983.028.717;1.697.127.938;0;0;0;0;9.035.533.142;5.076.142.311;4.568.527.699
2013;SP;;ARACATUBA;3556305;100;0;0;975.308.609;2.469.135.761;0;8.538.162.994;2.457.956.076;1.216.041.374
2013;SP;;SAO JOAO DA BOA VISTA;3556404;9.871.794.891;1.282.051.325;0;9.557.195.282;4.059.040.546;0.369003683;801.857.605;1.021.671.867;9.597.523.689
2013;SP;;JUNDIAI;3556503;100;0;0;100;0;0;8.531.044.769;9.692.074.776;4.997.476.101
2013;SP;;MARILIA;3556602;9.499.217.224;5.007.824.898;0;0;0;0;943.396.225;5.660.377.502;0
2013;SP;;CAMPINAS OESTE;3556701;9.911.323.547;0.886766732;0;9.791.821.289;2.081.784.487;0;8.529.563.141;6.015.424.252;868.894.577
2013;SP;;JALES;3532843;0;0;0;9.898.989.868;1.010.100.961;0;9.868.421.173;1.315.789.461;0
2013;SP;;VOTUPORANGA;3536257;0;0;0;9.915.254.211;0.847457647;0;9.885.057.831;1.149.425.268;0
2013;SP;;ASSIS;3537156;0;0;0;100;0;0;100;0;0
2013;SP;;JALES;3540259;0;0;0;9.103.773.499;8.490.566.254;0.471698105;911.764.679;8.823.529.243;0
2013;SP;;ITAPEVA;3543253;0;0;0;9.459.999.847;5.400.000.095;0;9.669.811.249;3.301.886.797;0
2013;SP;;PIRACICABA;3545159;0;0;0;9.445.676.422;3.991.130.829;155.210.638;783.687.973;1.418.439.674;7.446.808.338
2013;SP;;FERNANDOPOLIS;3549250;0;0;0;9.619.047.546;3.809.523.821;0;9.710.144.806;2.898.550.749;0
2013;SP;;JALES;3552551;0;0;0;9.953.270.721;0.467289716;0;9.731.543.732;2.684.563.875;0
2013;SP;;BOTUCATU;3554656;0;0;0;9.455.782.318;5.442.176.819;0;7.979.798.126;2.020.202.065;0
2013;SP;;JOSE BONIFACIO;3557154;0;0;0;9.937.107.086;0.628930807;0;9.493.670.654;3.797.468.424;1.265.822.768
2013;SP;;TUPA;3503356;100;0;0;9.759.036.255;1.807.228.923;0.602409661;9.444.444.275;3.703.703.642;1.851.851.821
2013;SP;;BIRIGUI;3507753;0;0;0;9.839.572.144;1.604.278.088;0;9.354.838.562;6.451.612.949;0
2013;SP;;ADAMANTINA;3540853;0;0;0;9.891.304.016;1.086.956.501;0;9.393.939.209;6.060.606.003;0
2013;SP;;ARARAQUARA;3546900;0;0;0;9.495.495.605;1.621.621.609;3.423.423.529;7.790.055.084;7.458.563.328;146.408.844
2013;SP;;PIRACICABA;3547007;0;0;0;9.572.864.532;2.261.306.524;2.010.050.297;9.569.377.899;1.435.406.685;287.081.337
2013;SP;;ADAMANTINA;3547106;0;0;0;9.831.460.571;1.685.393.214;0;9.624.060.059;375.939.846;0
2013;SP;;JALES;3547403;0;0;0;100;0;0;9.213.483.429;7.865.168.571;0
2013;SP;;PIRASSUNUNGA;3547502;9.783.654.022;2.163.461.447;0;961.111.145;3.888.888.836;0;8.087.911.987;7.692.307.472;114.285.717
2013;SP;;RIBEIRAO PRETO;3547601;9.901.477.814;0.985221684;0;9.795.918.274;2.040.816.307;0;7.216.374.207;1.286.549.664;1.497.076.035
2013;SP;;JALES;3547205;9.830.508.423;1.694.915.295;0;100;0;0;100;0;0
2013;SP;;SANTO ANASTACIO;3547700;9.765.013.123;2.088.772.774;0.261096597;9.682.997.131;3.170.028.925;0;7.973.567.963;1.086.637.306;939.794.445
2013;SP;;RIBEIRAO PRETO;3547908;9.166.666.412;8.333.333.015;0;100;0;0;8.809.523.773;7.936.507.702;3.968.253.851
2013;SP;;SAO JOAO DA BOA VISTA;3548104;100;0;0;9.811.320.496;1.886.792.421;0;9.958.847.809;0.411522627;0
2013;SP;;PRESIDENTE PRUDENTE;3548302;0;0;0;9.640.718.842;1.796.407.223;1.796.407.223;859.375;859.375;546.875
2013;SP;;PENAPOLIS;3548401;0;0;0;9.776.119.232;0.373134315;1.865.671.635;937.142.868;2.857.142.925;3.428.571.463
2013;SP;;SANTOS;3548500;9.908.666.992;0.893477619;0.019855058;9.654.121.399;3.364.989.996;0.093797632;8.320.839.691;1.311.844.063;3.673.163.414
2013;SP;;PINDAMONHANGABA;3548609;100;0;0;986.111.145;1.388.888.836;0;744.376.297;1.779.141.045;7.770.961.285
2013;SP;;SAO CARLOS;3548906;9.869.565.582;1.246.376.753;0.057971016;9.801.918.793;1.980.810.881;0;8.389.121.246;1.186.031.532;424.847.126
2013;SP;;JALES;3549003;9.767.441.559;2.325.581.312;0;9.941.520.691;0.584795296;0;9.876.543.427;1.234.567.881;0
2013;SP;;SAO JOAO DA BOA VISTA;3549102;9.823.973.083;1.760.268.211;0;9.670.027.161;3.208.065.987;0.091659024;8.712.215.424;1.060.041.428;227.743.268
2013;SP;;FERNANDOPOLIS;3549201;0;0;0;9.659.864.044;2.040.816.307;1.360.544.205;9.210.526.276;5.263.157.845;2.631.578.922
2013;SP;;ADAMANTINA;3549300;0;0;0;98;2;0;100;0;0
2013;SP;;SAO JOAQUIM DA BARRA;3549409;9.868.074.036;1.319.261.193;0;9.630.606.842;3.166.226.864;0.527704477;8.548.938.751;951.403.141;499.657.774
2013;SP;;FRANCA;3549508;0;0;0;9.121.265.411;5.096.660.614;3.690.685.511;8.121.546.936;6.906.077.385;1.187.845.325
2013;SP;;SAO JOSE DOS CAMPOS;3549904;9.908.359.528;0.905230224;0.011175681;9.825.413.513;174.586.308;0;8.307.810.974;1.254.983.711;4.372.055.054
2013;SP;;SAO JOAO DA BOA VISTA;3549706;9.685.314.941;3.146.853.209;0;9.698.188.782;3.018.108.606;0;8.284.457.397;1.260.997.105;4.545.454.502
2013;SP;;SAO JOSE DO RIO PRETO;3549805;9.697.317.505;299.813.509;0.028690288;959.009.552;409.904.623;0;8.512.597.656;1.049.522.114;4.378.800.869
2013;SP;;BOTUCATU;3550100;9.941.002.655;0.589970529;0;9.290.123.749;7.098.765.373;0;8.626.865.387;9.776.119.232;3.955.223.799
2013;SP;;ITAPETININGA;3550209;100;0;0;9.846.154.022;1.538.461.566;0;8.347.169.495;1.471.698.093;1.811.320.782
2013;SP;;REGISTRO;3551801;9.458.483.887;5.054.151.535;0.36101082;9.629.629.517;3.174.603.224;0.529100537;8.924.558.258;6.581.059.456;4.173.354.626
2013;SP;;GUARATINGUETA;3552007;9.310.344.696;6.206.896.782;0.689655185;9.642.857.361;2.142.857.075;1.428.571.463;82;10.5;7.5
2013;SP;;BRAGANCA PAULISTA;3552106;9.964.664.459;0.353356898;0;9.813.084.412;1.869.158.864;0;8.961.646.271;4.490.177.631;5.893.358.231
2013;SP;;SOROCABA;3552205;9.903.406.525;0.965931356;0;9.688.121.033;3.088.212.729;0.030576363;8.399.945.068;1.218.739.986;3.813.151.121
2013;SP;;SUMARE;3552403;9.882.139.587;1.178.603.768;0;9.586.466.217;4.135.338.306;0;8.790.055.084;8.022.099.495;4.077.348.232
2013;SP;;CATANDUVA;3552601;9.077.733.612;9.222.661.018;0;9.711.538.696;2.884.615.421;0;9.774.647.522;2.253.521.204;0
2013;SP;;TAQUARITINGA;3552700;9.913.793.182;0.862068951;0;9.829.059.601;0.854700863;0.854700863;8.397.887.421;2.464.788.675;1.355.633.831
2013;SP;;PRESIDENTE PRUDENTE;3552908;94.708.992;5.291.005.135;0;0;0;0;8.030.888.367;926.640.892;1.042.471.027
2013;SP;;PIRAJU;3553005;9.793.548.584;2.064.516.068;0;0;0;0;9.325.301.361;0.481927723;6.265.060.425
2013;SP;;JABOTICABAL;3553104;9.682.997.131;2.593.659.878;0.576368868;0;0;0;9.951.690.674;0;0.483091801
2013;SP;;JABOTICABAL;3553203;9.594.095.612;4.059.040.546;0;0;0;0;9.935.483.551;0.645161271;0
2013;SP;;SAO JOAO DA BOA VISTA;3553302;9.801.324.463;1.986.755.013;0;9.774.774.933;225.225.234;0;8.342.776.489;8.073.654.175;8.498.583.794
2013;SP;;JOSE BONIFACIO;3553401;100;0;0;9.705.882.263;2.450.980.425;0.490196079;8.237.129.211;1.310.452.461;4.524.180.889
2013;SP;;VOTORANTIM;3553500;9.792.993.927;1.910.827.994;0.159235671;0;0;0;7.962.466.431;1.126.005.363;9.115.281.105
2013;SP;;SAO JOAO DA BOA VISTA;3553609;9.285.713.959;7.142.857.075;0;931.818.161;6.818.181.992;0;9.013.539.886;1.740.812.421;8.123.790.741
2013;SP;;TAQUARITINGA;3553708;9.928.057.861;0.719424486;0;9.790.209.961;209.790.206;0;9.224.615.479;6.646.153.927;1.107.692.361
2013;SP;;AVARE;3553807;9.946.524.048;0.534759343;0;100;0;0;8.248.365.784;8.496.731.758;9.019.607.544
2013;SP;;ITAPETININGA;3554003;9.813.153.839;1.868.460.417;0;9.625.624.084;3.743.760.347;0;837.987.442;1.081.760.979;5.383.647.919
2013;SP;;TAUBATE;3554102;987.141.037;1.221.603.036;0.064294897;9.637.393.951;3.597.733.736;0.028328611;8.570.701.599;8.786.876.678;5.506.103.992
2013;SP;;PIRAJU;3554201;9.537.036.896;4.629.629.612;0;948.453.598;5.154.639.244;0;8.476.190.186;1.095.238.113;4.285.714.149
2013;SP;;MIRANTE DO PARANAPANEMA;3554300;9.922.480.774;0.77519381;0;9.791.666.412;2.083.333.254;0;7.828.709.412;1.121.833.515;1.049.457.169
2013;SP;;PIRAJU;3554607;97.5;1.25;1.25;0;0;0;8.207.546.997;6.603.773.594;11.320.755
2013;SP;;JAU;3554706;9.827.586.365;0;1.724.137.902;9.805.825.043;0.970873773;0.970873773;9.228.187.561;0.335570455;738.255.024
2013;SP;;JALES;3554904;9.853.479.767;1.465.201.497;0;0;0;0;9.261.083.984;5.418.719.292;1.970.443.368
2013;SP;;TUPA;3555000;9.877.111.816;1.228.878.617;0;9.602.941.132;3.970.588.207;0;8.659.102.631;7.013.924.599;6.395.049.095
2013;SP;;BIRIGUI;3555208;100;0;0;0;0;0;100;0;0
2013;SP;;BAURU;3538907;988.826.828;1.117.318.392;0;100;0;0;9.536.082.458;0.515463889;4.123.711.109
2013;SP;;TAQUARITINGA;3539004;100;0;0;9.931.034.851;0.689655185;0;100;0;0
2013;SP;;PRESIDENTE PRUDENTE;3539202;9.844.559.479;155.440.414;0;9.912.664.032;0.873362422;0;8.257.993.317;1.345.093.727;3.969.129.086
2013;SP;;BAURU;3539400;9.891.304.016;1.086.956.501;0;9.734.848.785;2.651.515.245;0;9.262.899.017;5.159.705.162;221.130.228
2013;SP;;SERTAOZINHO;3539509;9.770.114.899;2.298.850.536;0;965.116.272;3.488.372.087;0;8.546.075.439;9.215.017.319;5.324.232.101
2013;SP;;JOSE BONIFACIO;3539608;894.021.759;10.597.826;0;0;0;0;9.041.915.894;2.395.209.551;7.185.628.891
2013;SP;;ASSIS;3539707;9.545.454.407;4.545.454.502;0;0;0;0;9.844.961.548;1.550.387.621;0
2013;SP;;JOSE BONIFACIO;3539905;100;0;0;0;0;0;8.630.952.454;9.523.809.433;4.166.666.508
2013;SP;;MARILIA;3540002;9.942.196.655;0.578034699;0;9.844.961.548;1.550.387.621;0;9.007.518.768;5.714.285.851;4.210.526.466
2013;SP;;LINS;3540101;9.595.959.473;4.040.403.843;0;0;0;0;8.461.538.696;9.090.909.004;6.293.706.417
2013;SP;;SERTAOZINHO;3540200;9.789.473.724;2.105.263.233;0;9.942.196.655;0.578034699;0;9.020.833.588;6.319.444.656;3.472.222.328
2013;SP;;VOTUPORANGA;3540309;9.712.643.433;287.356.329;0;0;0;0;8.585.858.917;9.090.909.004;5.050.505.161
2013;SP;;FERNANDOPOLIS;3540408;9.723.320.007;2.766.798.496;0;0;0;0;9.610.389.709;3.896.103.859;0
2013;SP;;SERTAOZINHO;3556800;100;0;0;9.894.736.481;1.052.631.617;0;9.734.693.909;1.020.408.154;1.632.653.117
2013;SP;;TAQUARITINGA;3556909;9.908.676.147;0.913241982;0;0;0;0;96.244.133;3.286.385.059;0.469483554
2013;SP;;VOTORANTIM;3557006;9.855.769.348;1.442.307.711;0;9.875.173.187;1.248.266.339;0;8.856.840.515;6.827.202.797;4.604.392.529
2013;SP;;VOTUPORANGA;3557105;99.623.703;0.282220125;0.094073378;9.806.713.867;1.831.129.193;0.1017294;8.360.897.064;8.893.789.291;7.497.243.881
2013;SP;;OURINHOS;3557204;9.841.269.684;0;1.587.301.612;9.814.814.758;1.851.851.821;0;9.455.958.557;1.813.471.556;3.626.943.111
2013;SP;;SAO ROQUE;3556453;9.862.068.939;0.862068951;0.517241359;9.451.219.177;548.780.489;0;9.289.678.192;5.493.895.531;1.609.323.025
2013;SP;;JALES;3513850;100;0;0;0;0;0;8.909.091.187;10.909.091;0
2013;SP;;CATANDUVA;3514957;9.720.279.694;2.797.202.826;0;0;0;0;9.886.363.983;1.136.363.626;0
2013;SP;;OURINHOS;3515194;9.498.680.878;5.013.192.654;0;0;0;0;94.708.992;3.703.703.642;1.587.301.612
2013;SP;;MIRANTE DO PARANAPANEMA;3515350;9.957.746.124;0.28169015;0.140845075;0;0;0;9.441.233.063;4.238.921.165;1.348.747.611
2013;SP;;MIRANTE DO PARANAPANEMA;3544251;9.908.676.147;0.913241982;0;9.682.539.368;3.174.603.224;0;9.106.728.363;7.772.621.632;1.160.092.831
2013;SP;;ASSIS;3553955;951.730.423;4.826.958.179;0;0;0;0;8.298.278.809;6.309.751.511;1.070.745.659
2013;SP;;ITAPETININGA;3500758;8.975.501.251;1.002.227.211;0.222717151;0;0;0;8.692.579.651;130.742.054;0
2013;SP;;JALES;3503950;100;0;0;0;0;0;100;0;0
2013;SP;;APIAI;3505351;100;0;0;0;0;0;9.442.378.998;3.345.724.821;2.230.483.294
2013;SP;;SANTOS;3506359;9.842.696.381;157.303.369;0;9.366.336.823;6.336.633.682;0;8.228.736.877;1.366.639.137;4.046.242.714
2013;SP;;ITARARE;3507159;0;0;0;9.716.494.751;1.546.391.726;1.288.659.811;9.159.664.154;3.361.344.576;5.042.016.983
2013;SP;;REGISTRO;3509254;100;0;0;994.623.642;0.537634432;0;8.813.433.075;7.835.820.675;402.985.096
2013;SP;;LIMEIRA;3515152;9.784.172.821;1.798.561.096;0.359712243;972.125.473;2.787.456.512;0;8.419.047.546;7.428.571.224;8.380.952.835
2013;SP;;SUMARE;3519071;9.748.706.818;2.475.979.328;0.036954913;9.412.296.295;5.786.618.233;0.09041591;9.025.585.938;639.646.101;3.347.680.569
2013;SP;;ANDRADINA;3520442;9.846.743.011;1.532.567.024;0;959.375;40.625;0;6.359.584.045;2.288.261.604;1.352.154.541
2013;SP;;APIAI;3522158;100;0;0;9.646.643.066;2.826.855.183;0.706713796;9.482.758.331;3.448.275.805;1.724.137.902
2013;SP;;APIAI;3522653;0;0;0;9.771.573.639;1.522.842.646;0.761421323;9.301.309.967;3.930.130.959;3.056.768.656
2013;SP;;BIRIGUI;3527256;0;0;0;9.689.922.333;1.550.387.621;1.550.387.621;9.647.058.868;2.352.941.275;1.176.470.637
2013;SP;;CATANDUVA;3528858;0;0;0;9.720.279.694;2.797.202.826;0;8.989.898.682;6.060.606.003;4.040.403.843
2013;SP;;JALES;3529658;0;0;0;9.913.043.213;0.869565189;0;8.961.038.971;1.038.961.029;0
2013;SP;;CATANDUVA;3511201;9.365.750.885;6.342.494.488;0;0;0;0;955.823.288;0;4.417.670.727
2013;SP;;AVARE;3511409;9.939.498.901;0.518582523;0.086430423;0;0;0;8.410.595.703;1.158.940.411;4.304.635.525
2013;SP;;PIRACICABA;3511706;9.708.295.441;2.734.731.197;0.182315409;9.474.576.569;4.745.762.825;0.508474588;7.918.782.043;1.082.910.347;998.307.991
2013;SP;;PENAPOLIS;3511904;944.214.859;5.578.512.192;0;0;0;0;8.314.176.178;4.597.701.073;1.226.053.619
2013;SP;;MOGI MIRIM;3512209;9.809.523.773;185.463.655;0.050125312;9.745.762.634;2.542.372.942;0;9.056.429.291;4.162.812.233;5.272.895.336
2013;SP;;BOTUCATU;3512308;9.784.431.458;1.796.407.223;0.359281451;9.222.798.157;5.310.880.661;2.461.139.917;7.796.934.509;1.302.682.018;9.003.831.863
2013;SP;;LIMEIRA;3512407;943.616.333;5.638.366.699;0;0;0;0;8.119.776.917;1.197.771.549;6.824.512.482
2013;SP;;BIRIGUI;3512506;9.598.765.564;4.012.345.791;0;0;0;0;8.823.529.053;7.647.058.964;4.117.647.171
2013;SP;;ITARARE;3512605;9.710.982.513;2.890.173.435;0;0;0;0;7.563.024.902;134.453.783;1.092.436.981
2013;SP;;LIMEIRA;3512803;8.966.363.525;9.820.771.217;0.515590489;9.079.925.537;7.713.754.654;1.486.988.902;8.247.472.382;1.126.624.966;6.259.027.481
2013;SP;;VOTUPORANGA;3512902;980.732.193;1.541.425.824;0.385356456;9.543.379.211;0.456620991;41.095.891;900.735.321;5.147.058.964;4.779.411.793
2013;SP;;RIBEIRAO PRETO;3513108;87.5;1.222.627.735;0.273722619;7.103.718.567;2.896.281.815;0;7.947.795.105;1.062.106.228;9.900.990.486
2013;SP;;ASSIS;3513306;100;0;0;0;0;0;100;0;0
2013;SP;;LINS;3517000;0;0;0;9.438.596.344;2.982.456.207;2.631.578.922;823.677.597;1.083.123.398;6.801.007.748
2013;SP;;BIRIGUI;3517109;0;0;0;8.939.393.616;6.818.181.992;3.787.878.752;8.092.105.103;177.631.588;1.315.789.461
2013;SP;;LINS;3517208;0;0;0;8.759.342.194;8.370.702.744;4.035.874.367;7.857.142.639;1.256.157.589;8.866.994.858
2013;SP;;LINS;3517307;0;0;0;9.181.141.663;521.091.795;297.766.757;8.340.611.267;7.423.580.647;9.170.305.252
2013;SP;;BARRETOS;3517406;0;0;0;953.667.984;1.544.401.526;3.088.803.053;8.395.522.308;3.955.223.799;1.208.955.193
2013;SP;;APIAI;3517604;100;0;0;9.911.268.616;0.354924589;0.532386839;9.712.301.636;0.793650806;2.083.333.254
2013;SP;;ANDRADINA;3517802;0;0;0;9.348.371.124;125.313.282;5.263.157.845;9.335.793.304;2.583.025.932;4.059.040.546
2013;SP;;FERNANDOPOLIS;3518008;0;0;0;9.279.279.327;3.603.603.601;3.603.603.601;95;1.666.666.627;3.333.333.254
2013;SP;;LINS;3518107;9.642.857.361;3.571.428.537;0;862.348.175;9.514.169.693;4.251.012.325;8.468.468.475;5.855.855.942;9.459.459.305
2013;SP;;ARACATUBA;3518206;0;0;0;9.606.177.521;2.779.922.724;1.158.301.115;896.321.106;8.584.169.388;1.783.723.474
2013;SP;;JACAREI;3518305;0;0;0;9.161.985.016;4.822.097.301;355.805.254;8.762.413.788;8.708.937.645;3.666.921.377
2013;SP;;GUARATINGUETA;3518404;0;0;0;8.744.519.043;9.439.188.004;3.115.624.189;7.205.805.969;2.016.588.974;7.776.049.614
2013;SP;;ITAPETININGA;3518503;0;0;0;8.870.558.167;8.629.441.261;2.664.974.689;859.375;44.921.875;95.703.125
2013;SP;;BOTUCATU;3541059;0;0;0;9.576.719.666;3.439.153.433;0.793650806;9.116.465.759;8.433.734.894;0.401606411
2013;SP;;JALES;3547650;98.75;1.25;0;100;0;0;9.516.129.303;3.225.806.475;1.612.903.237
2013;SP;;JALES;3556958;0;0;0;9.519.230.652;4.807.692.528;0;8.846.154.022;1.153.846.169;0
2013;SP;;SAO JOSE DO RIO PRETO;3521150;0;0;0;9.131.832.886;3.858.520.985;4.823.151.112;8.643.215.942;6.532.663.345;70.351.758
2013;SP;;JABOTICABAL;3553658;0;0;0;9.748.427.582;1.886.792.421;0.628930807;9.619.047.546;2.857.142.925;0.952380955
2013;SP;;MARILIA;3515657;0;0;0;9.647.058.868;3.529.411.793;0;9.803.921.509;1.960.784.316;0
2013;SP;;ARARAQUARA;3516853;0;0;0;9.269.841.003;190.476.191;5.396.825.314;8.840.579.987;1.449.275.374;1.014.492.798
2013;SP;;ASSIS;3532157;0;0;0;9.905.660.248;0;0.943396211;979.310.379;0.689655185;1.379.310.369
2013;SP;;VOTUPORANGA;3532868;0;0;0;9.545.454.407;3.030.303.001;1.515.151.501;888.888.855;2.222.222.328;8.888.889.313
2013;SP;;FERNANDOPOLIS;3534757;0;0;0;9.702.127.838;2.765.957.355;0.212765962;9.134.860.229;8.396.946.907;0.254452914
2013;SP;;BAURU;3536570;0;0;0;9.904.762.268;0;0.952380955;9.605.263.519;2.631.578.922;1.315.789.461
2013;SP;;SANTO ANASTACIO;3543238;0;0;0;93.75;6.25;0;9.512.194.824;1.219.512.224;3.658.536.673
2013;SP;;ITAPETININGA;3522307;9.842.243.958;1.577.563.524;0;9.755.301.666;2.446.982.145;0;798.399.353;1.198.551.846;8.174.542.427
2013;SP;;ITAPEVA;3522406;9.852.071.381;1.479.289.889;0;9.910.447.693;0.74626863;0.149253726;863.475.647;1.144.955.158;2.202.882.767
2013;SP;;MOGI MIRIM;3522604;9.906.790.924;0.932090521;0;9.905.808.258;0.941915214;0;7.942.720.795;9.116.945.267;1.145.584.679
2013;SP;;TAQUARITINGA;3522703;9.956.521.606;0.434782594;0;9.918.367.004;0.816326559;0;8.972.111.511;6.135.457.993;4.143.426.418
2013;SP;;ITARARE;3522802;9.840.000.153;1.600.000.024;0;9.454.545.593;1.818.181.872;3.636.363.745;9.047.618.866;4.761.904.716;4.761.904.716
2013;SP;;JAU;3522901;100;0;0;100;0;0;7.386.608.887;1.231.101.513;138.228.941
2013;SP;;ANDRADINA;3523008;9.940.298.462;0.597014904;0;0;0;0;9.448.275.757;5.517.241.478;0
2013;SP;;ITARARE;3523206;9.918.032.837;0.819672108;0;9.469.026.184;5.309.734.344;0;8.215.686.035;5.931.372.643;119.117.651
2013;SP;;MIRACATU;3523305;9.665.460.968;3.254.972.935;0.09041591;0;0;0;8.683.274.078;889.679.718;4.270.462.513
2013;SP;;BOTUCATU;3523503;100;0;0;100;0;0;8.261.515.808;9.806.835.175;7.578.009.129
2013;SP;;SAO CARLOS;3523602;9.697.309.113;3.026.905.775;0;9.011.299.133;7.909.604.549;1.977.401.137;7.964.988.708;5.908.096.313;1.444.201.279
2013;SP;;FRANCA;3523701;9.450.801.086;5.491.991.043;0;0;0;0;8.266.129.303;6.854.838.848;1.048.387.051
2013;SP;;SAO JOAO DA BOA VISTA;3523800;9.705.882.263;2.941.176.414;0;100;0;0;994.594.574;0.540540516;0
2013;SP;;PENAPOLIS;3527702;9.602.272.797;3.977.272.749;0;0;0;0;897.590.332;4.819.277.287;5.421.686.649
2013;SP;;MARILIA;3527801;9.965.635.681;0.343642622;0;0;0;0;8.730.158.997;3.174.603.224;9.523.809.433
2013;SP;;ASSIS;3527900;9.090.908.813;9.090.909.004;0;0;0;0;84.375;12.5;3.125
2013;SP;;JAU;3528007;9.670.239.258;3.297.609.329;0;0;0;0;9.402.332.306;3.935.860.157;2.040.816.307
2013;SP;;VOTUPORANGA;3528106;9.866.666.412;0;1.333.333.373;0;0;0;8.713.235.474;5.514.705.658;7.352.941.036
2013;SP;;FERNANDOPOLIS;3528205;9.753.694.916;246.305.418;0;0;0;0;8.992.247.772;6.976.744.175;3.100.775.242
2013;SP;;FERNANDOPOLIS;3528304;9.855.072.784;1.449.275.374;0;0;0;0;9.150.943.756;8.490.566.254;0
2013;SP;;PIRAJU;3528601;9.589.041.138;41.095.891;0;0;0;0;8.132.911.682;8.227.848.053;1.044.303.799
2013;SP;;SANTO ANASTACIO;3528700;9.919.028.473;0.809716582;0;100;0;0;9.248.120.117;1.503.759.384;6.015.037.537
2013;SP;;ASSIS;3528809;100;0;0;100;0;0;9.582.505.035;2.783.300.161;1.391.650.081
2013;SP;;ADAMANTINA;3528908;9.760.765.839;2.392.344.475;0;0;0;0;7.387.387.085;2.342.342.377;2.702.702.761
2013;SP;;MARILIA;3529005;987.071.991;1.292.802.215;0;9.505.251.312;4.919.845.104;0.027639579;9.100.164.795;5.794.280.529;3.204.072.475
2013;SP;;JALES;3529104;9.739.130.402;2.608.695.745;0;0;0;0;9.666.666.412;3.333.333.254;0
2013;SP;;BRAGANCA PAULISTA;3532405;9.583.333.588;4.166.666.508;0;0;0;0;7.855.113.983;1.178.977.299;9.659.090.996
2013;SP;;JOSE BONIFACIO;3532504;0;0;0;997.297.287;0.270270258;0;9.958.158.875;0.418410033;0
2013;SP;;VOTUPORANGA;3532603;100;0;0;100;0;0;9.396.825.409;0;6.031.745.911
2013;SP;;JOSE BONIFACIO;3532702;0;0;0;9.647.058.868;3.137.254.953;0.392156869;9.291.338.348;5.511.811.256;1.574.803.114
2013;SP;;JOSE BONIFACIO;3532801;0;0;0;8.145.454.407;14.909.091;3.636.363.745;6.036.035.919;2.657.657.623;1.306.306.267
2013;SP;;SAO JOSE DO RIO PRETO;3533007;9.938.271.332;0.61728394;0;100;0;0;6.694.510.651;2.398.567.963;906.921.196
2013;SP;;ADAMANTINA;3533106;0;0;0;8.823.529.053;8.823.529.243;2.941.176.414;8.723.403.931;7.446.808.338;5.319.149.017
2013;SP;;VOTUPORANGA;3533304;0;0;0;9.795.918.274;153.061.223;0.510204077;9.411.764.526;4.411.764.622;1.470.588.207
2013;SP;;AMERICANA;3533403;988.792.038;0.871730983;0.249065995;9.552.414.703;447.585.392;0;8.866.545.105;5.057.891.369;6.276.660.442
2013;SP;;CATANDUVA;3533502;9.914.772.797;0.852272749;0;9.889.299.011;0.738007367;0.369003683;8.730.853.271;9.956.235.886;2.735.229.731
2013;SP;;MARILIA;3533700;0;0;0;9.498.069.763;3.088.803.053;1.930.501.938;93.525.177;3.597.122.192;2.877.697.945
2013;SP;;PIRAJU;3533809;0;0;0;9.010.416.412;7.291.666.508;2.604.166.746;7.244.094.849;1.259.842.491;1.496.062.946
2013;SP;;BARRETOS;3533908;9.870.130.157;0.974025965;0.324675322;9.879.032.135;1.209.677.458;0;9.576.547.241;2.671.009.779;1.563.517.928
2013;SP;;SAO VICENTE;3537602;9.944.289.398;0.557103038;0;9.502.487.183;4.975.124.359;0;8.213.009.644;1.211.579.704;5.754.109.859
2013;SP;;BIRIGUI;3537701;0;0;0;9.263.455.963;311.614.728;4.249.291.897;8.247.863.007;7.264.957.428;102.564.106
2013;SP;;VOTORANTIM;3537800;100;0;0;100;0;0;8.978.723.145;4.574.468.136;5.638.298.035
2013;SP;;VOTORANTIM;3537909;9.878.048.706;1.219.512.224;0;100;0;0;8.915.563.202;5.546.357.632;529.801.321
2013;SP;;PINDAMONHANGABA;3538006;9.857.711.792;1.422.879.934;0;9.550.473.022;4.495.268.345;0;7.880.470.276;1.118.550.014;100.097.971
2013;SP;;CATANDUVA;3538105;9.344.827.271;6.321.838.856;0.229885057;9.332.220.459;5.676.126.957;1.001.669.407;9.086.294.556;5.837.563.515;3.299.492.359
2013;SP;;SAO JOAO DA BOA VISTA;3515186;9.802.198.029;1.978.021.979;0;9.934.497.833;0.436681211;0.218340605;8.302.828.979;1.023.294.544;6.738.768.578
2013;SP;;SANTO ANASTACIO;3538303;9.647.576.904;352.422.905;0;0;0;0;8.880.000.305;8;3.200.000.048
2013;SP;;GUARATINGUETA;3538501;9.886.363.983;1.136.363.626;0;9.684.210.205;315.789.485;0;8.490.566.254;7.127.882.481;796.645.689
2013;SP;;BRAGANCA PAULISTA;3538600;100;0;0;9.689.922.333;3.100.775.242;0;8.639.053.345;7.001.972.198;6.607.494.831
2013;SP;;PIRACICABA;3538709;9.833.660.889;1.609.729.886;0.053657666;9.595.798.492;3.927.837.372;0.114181317;847.465.744;9.496.356.964;575.706.625
2013;SP;;PIRASSUNUNGA;3539301;9.794.952.393;2.050.473.213;0;9.624.885.559;3.751.143.694;0;7.618.503.571;1.250.713.921;1.130.782.413
2013;SP;;PIRAJU;3538808;9.880.952.454;1.190.476.179;0;9.905.213.165;0.947867274;0;861.607.132;7.589.285.851;6.25
2013;SP;;CAPIVARI;3542107;9.651.515.198;3.333.333.254;0.151515156;0;0;0;8.096.514.893;9.919.570.923;9.115.281.105
2013;SP;;TUPA;3542206;9.945.652.008;0.543478251;0;100;0;0;8.893.442.535;7.069.672.108;3.995.901.585
2013;SP;;TAUBATE;3542305;9.596.541.595;3.746.397.734;0.288184434;0;0;0;8.702.702.332;3.783.783.674;9.189.188.957
2013;SP;;PRESIDENTE PRUDENTE;3542404;9.918.032.837;0.819672108;0;987.603.302;1.239.669.442;0;8.606.272.125;1.289.198.589;1.045.296.192
2013;SP;;BAURU;3542503;9.612.188.721;3.878.116.369;0;0;0;0;9.325.843.048;2.247.190.952;4.494.381.905
2013;SP;;REGISTRO;3542602;9.884.210.205;1.157.894.731;0;9.513.024.139;4.869.761.944;0;8.727.851.105;7.178.555.012;5.542.934.895
2013;SP;;APIAI;3542800;9.615.384.674;0;3.846.153.736;0;0;0;9.842.105.103;1.578.947.425;0
2013;SP;;SAO CARLOS;3542909;100;0;0;100;0;0;8.506.787.109;1.018.099.594;4.751.131.058
2013;SP;;APIAI;3543006;9.498.249.817;4.959.159.851;0.058343057;0;0;0;9.328.018.188;3.644.646.883;3.075.170.755
2013;SP;;OURINHOS;3543204;9.213.114.929;7.868.852.615;0;0;0;0;897.297.287;4.864.864.826;5.405.405.521
2013;SP;;RIBEIRAO PRETO;3543402;9.846.926.117;1.479.717.612;0.051024746;9.632.084.656;3.634.957.552;0.044194009;7.682.435.608;1.478.044.128;8.395.205.498
2013;SP;;ITARARE;3543501;9.407.008.362;5.390.835.762;0.53908354;0;0;0;8.683.274.078;355.871.892;9.608.540.535
2013;SP;;FRANCA;3543600;940.639.267;5.936.072.826;0;0;0;0;8.854.962.158;3.053.435.087;8.396.946.907
2013;SP;;NORTE 1;3550308;9.762.989.807;1.314.994.097;1.055.111.289;8.848.667.908;8.048.187.256;3.465.130.329;722.567.749;1.918.379.211;8.559.431.076
2013;SP;;MOGI DAS CRUZES;3506607;0;0;0;9.213.250.732;5.227.743.149;2.639.751.434;81.115.242;8.847.583.771;1.003.717.518
2013;SP;;CAIEIRAS;3509007;9.648.241.425;3.060.758.352;0.456829607;0;0;0;9.478.386.688;330.837.965;1.907.751.799
2013;SP;;CAIEIRAS;3509205;9.754.574.585;1.808.396.101;0.645855784;9.420.974.731;3.338.257.074;2.451.994.181;918.110.199;447.244.072;371.653.533
2013;SP;;CARAPICUIBA;3510609;9.772.924.042;1.768.070.698;0.502686799;0;0;0;8.089.113.617;1.166.169.071;7.447.175.026
2013;SP;;CARAPICUIBA;3513009;9.422.605.896;5.329.295.158;0.444644928;8.367.514.038;1.263.330.555;3.691.550.493;750.051.651;1.582.971.668;916.511.631
2013;SP;;DIADEMA;3513801;9.840.532.684;1.277.287.483;0.317386597;0;0;0;8.292.589.569;1.008.948.994;6.984.611.988
2013;SP;;TABOAO DA SERRA;3515004;9.838.018.799;0.911144018;0.708667576;9.528.469.849;2.135.231.256;2.580.071.211;8.148.244.476;1.274.382.305;5.773.732.185
2013;SP;;ITAPECERICA DA SERRA;3515103;9.717.973.328;2.390.057.325;0.430210322;9.546.599.579;2.267.002.583;2.267.002.583;827.983.551;1.212.620.068;5.075.445.652
2013;SP;;SUZANO;3515707;9.620.252.991;316.455.698;0.632911384;8.820.842.743;7.525.430.679;4.266.140.938;7.830.452.728;1.133.815.956;1.035.730.934
2013;SP;;CAIEIRAS;3516309;9.791.666.412;1.875;0.208333328;9.520.618.439;2.712.291.956;2.081.526.518;9.001.371.002;5.107.404.232;4.878.884.792
2013;SP;;CAIEIRAS;3516408;9.891.353.607;0.633770943;0.452693522;9.583.376.312;2.832.221.746;1.334.017.396;9.029.682.159;5.137.863.636;4.565.315.723
2013;SP;;GUARULHOS NORTE;3518800;9.849.261.475;101.171.279;0.495671362;9.098.416.138;5.857.829.571;3.158.006.907;7.953.570.557;1.309.680.367;7.367.492.199
2013;SP;;PENAPOLIS;3501103;0;0;0;960.975.647;2.926.829.338;0.975609779;9.179.104.614;3.731.343.269;4.477.612.019
2013;SP;;VOTUPORANGA;3501202;0;0;0;9.913.793.182;0.862068951;0;9.338.842.773;0.826446295;5.785.123.825
2013;SP;;MARILIA;3501400;0;0;0;9.960.159.302;0.398406386;0;100;0;0
2013;SP;;MARILIA;3501509;0;0;0;9.037.657.166;7.949.790.955;1.673.640.132;8.067.227.173;1.092.436.981;840.336.132
2013;SP;;AMERICANA;3501608;9.921.575.928;0.688599825;0.095638864;9.504.616.547;3.532.170.534;1.421.661.973;8.405.843.353;1.159.098.148;4.350.587.368
2013;SP;;ARARAQUARA;3501707;0;0;0;9.467.649.841;4.176.904.202;11.466.012;8.171.389.771;1.356.275.272;472.334.671
2013;SP;;VOTUPORANGA;3501806;0;0;0;9.347.826.385;5.797.101.498;0.724637687;9.130.434.418;6.521.739.006;2.173.913.002
2013;SP;;MOGI MIRIM;3501905;998.037.262;0.098135427;0.098135427;9.498.781.586;2.018.795.729;2.993.386.745;8.262.124.634;6.524.249.554;1.085.450.363
2013;SP;;ANDRADINA;3502101;0;0;0;9.138.269.043;5.170.387.745;3.446.925.163;8.495.886.993;7.696.827.412;7.344.300.747
2013;SP;;ITAPETININGA;3502200;9.519.651.031;4.366.812.229;0.436681211;9.134.615.326;6.730.769.157;1.923.076.868;8.237.454.224;154.222.765;2.203.182.459
2013;SP;;PRESIDENTE PRUDENTE;3502408;0;0;0;913.580.246;4.938.271.523;3.703.703.642;8.057.553.864;1.223.021.603;7.194.244.385
2013;SP;;JALES;3502606;0;0;0;96.25;2.5;1.25;9.826.589.966;1.156.069.398;0.578034699
2013;SP;;APIAI;3502705;9.916.317.749;0.836820066;0;9.557.061.005;3.126.628.399;1.302.761.912;9.070.996.857;5.513.595.104;3.776.435.137
2013;SP;;ARARAQUARA;3543709;100;0;0;9.302.325.439;6.976.744.175;0;9.116.944.885;883.054.924;0
2013;SP;;TUPA;3543808;9.846.154.022;0;1.538.461.566;0;0;0;9.206.349.182;2.777.777.672;515.873.003
2013;SP;;LIMEIRA;3543907;9.866.148.376;1.338.514.686;0;9.864.332.581;1.312.910.318;0.043763675;8.121.546.936;1.068.139.935;8.103.130.341
2013;SP;;CAPIVARI;3544004;9.918.032.837;0.819672108;0;100;0;0;8.751.239.014;3.666.996.956;8.820.614.815
2013;SP;;VOTUPORANGA;3544202;90;10;0;9.682.539.368;3.174.603.224;0;9.369.863.129;383.561.635;2.465.753.317
2013;SP;;ARACATUBA;3544400;9.941.520.691;0.584795296;0;0;0;0;87.5;109.375;15.625
2013;SP;;JALES;3544509;9.382.022.095;6.179.775.238;0;0;0;0;888.888.855;9.523.809.433;1.587.301.612
2013;SP;;LINS;3544608;9.124.293.518;8.474.575.996;0.282485873;0;0;0;8.678.160.858;7.471.264.362;5.747.126.579
2013;SP;;ADAMANTINA;3544707;9.724.137.878;2.758.620.739;0;0;0;0;8.555.555.725;10;4.444.444.656
2013;SP;;JOSE BONIFACIO;3544806;0;0;0;9.695.291.138;1.385.041.595;166.204.989;8.860.759.735;4.219.409.466;7.172.995.567
2013;SP;;SAO JOAQUIM DA BARRA;3544905;100;0;0;9.615.384.674;3.846.153.736;0;8.977.900.696;5.524.861.813;469.613.266
2013;SP;;ADAMANTINA;3545100;0;0;0;9.290.322.876;5.483.870.983;1.612.903.237;8.469.945.526;8.743.169.785;6.557.376.862
2013;SP;;ITU;3545209;9.959.142.303;0.408580184;0;9.930.747.986;0.692520797;0;9.189.583.588;7.033.341.408;1.070.820.093
2013;SP;;BAURU;3506003;9.868.683.624;0.850929737;0.462233424;9.337.699.127;4.365.450.382;2.257.561.684;8.486.121.368;8.893.352.509;6.245.434.761
2013;SP;;JABOTICABAL;3506102;0;0;0;9.384.710.693;3.356.121.778;2.796.768.188;8.378.631.592;8.856.607.437;7.357.075.691
2013;SP;;ARACATUBA;3506201;0;0;0;9.659.864.044;0.680272102;2.721.088.409;8.785.046.387;1.869.158.864;1.028.037.357
2013;SP;;OURINHOS;3506300;0;0;0;9.655.766.296;2.753.872.633;0.688468158;8.555.240.631;566.572.237;8.781.869.888
2013;SP;;BIRIGUI;3506409;0;0;0;9.161.676.788;7.784.430.981;0.598802388;8.320.895.386;5.597.014.904;1.119.402.981
2013;SP;;BIRIGUI;3506508;0;0;0;960.318.985;2.801.011.562;1.167.088.151;8.713.286.591;7.412.587.643;5.454.545.498
2013;SP;;JAU;3506805;0;0;0;887.755.127;7.142.857.075;4.081.632.614;8.395.061.493;9.382.716.179;6.666.666.508
2013;SP;;BOTUCATU;3506904;0;0;0;821.576.767;9.128.630.638;8.713.692.665;751.396.637;1.480.446.911;1.005.586.624
2013;SP;;BRAGANCA PAULISTA;3507100;0;0;0;9.323.816.681;4.207.362.652;2.554.470.301;8.383.705.902;1.392.904.091;2.233.902.693
2013;SP;;ASSIS;3507209;0;0;0;100;0;0;100;0;0
2013;SP;;JAU;3507308;0;0;0;9.288.256.073;4.982.206.345;2.135.231.256;8.235.294.342;1.470.588.207;2.941.176.414
2013;SP;;TAQUARITINGA;3507407;9.772.727.203;2.272.727.251;0;9.872.611.237;0.382165611;0.891719759;9.129.463.959;7.366.071.224;1.339.285.731
2013;SP;;BOTUCATU;3507506;0;0;0;861.764.679;7.843.137.264;5.980.391.979;8.097.484.589;1.223.794.556;6.787.211.895
2013;SP;;SAO ROQUE;3550605;9.883.721.161;1.162.790.656;0;9.621.421.814;3.785.780.191;0;9.413.124.084;4.852.125.645;1.016.635.895
2013;SP;;PINDAMONHANGABA;3554805;935.546.875;64.453.125;0;92.022.789;7.977.208.138;0;8.227.732.086;1.120.293.808;6.519.742.966
2013;SP;;ADAMANTINA;3555109;100;0;0;992.307.663;0.769230783;0;85.25;9;5.75
2013;SP;;SAO ROQUE;3501152;9.844.236.755;1.557.632.446;0;9.761.904.907;2.380.952.358;0;9.267.887.115;4.991.680.622;2.329.450.846
2013;SP;;SAO ROQUE;3502754;9.852.941.132;0;1.470.588.207;100;0;0;9.158.050.537;7.385.524.273;1.033.973.455
2013;SP;;CAPIVARI;3514908;9.754.901.886;2.369.281.054;0.081699349;9.353.876.495;5.566.600.323;0.89463222;8.512.160.492;1.001.430.607;4.864.091.396
2013;SP;;ITAPEVI;3505708;9.956.521.606;0.434782594;0;9.526.066.589;4.739.336.491;0;7.396.121.979;1.615.171.623;9.887.065.887
2013;SP;;ITAPEVA;3508009;9.574.169.159;4.164.716.721;0.093589142;8.973.868.561;1.026.131.248;0;8.301.104.736;1.685.082.817;0.138121545
2013;SP;;CATANDUVA;3509304;9.981.684.875;0.183150187;0;9.940.711.212;0.592885375;0;8.553.845.978;5.846.153.736;8.615.385.056
2013;SP;;TAQUARITINGA;3510104;100;0;0;100;0;0;100;0;0
2013;SP;;SAO JOSE DO RIO PRETO;3511300;9.342.105.103;6.390.977.383;0.187969923;8.794.326.019;8.510.638.237;3.546.099.186;8.794.326.019;1.170.212.746;0.354609936
2013;SP;;BARRETOS;3512001;9.551.526.642;4.484.732.628;0;9.370.484.924;4.540.763.855;1.754.385.948;8.646.616.364;3.007.518.768;1.052.631.569
2013;SP;;SAO JOAQUIM DA BARRA;3520103;9.935.483.551;0.645161271;0;9.446.640.015;5.533.596.992;0;6.863.117.981;8.365.018.845;2.300.380.135
2013;SP;;OURINHOS;3520905;9.736.842.346;2.631.578.922;0;9.793.814.087;2.061.855.555;0;7.268.041.229;489.690.733;224.226.799
2013;SP;;SAO JOAQUIM DA BARRA;3521309;9.548.022.461;451.977.396;0;8.741.722.107;1.258.278.179;0;9.832.402.039;0.558659196;1.117.318.392
2013;SP;;CATANDUVA;3521903;100;0;0;100;0;0;9.316.770.172;6.832.298.279;0
2013;SP;;SAO JOAQUIM DA BARRA;3524105;9.765.166.473;2.348.336.697;0;9.651.972.198;3.480.278.492;0;8.629.707.336;7.740.585.804;5.962.343.216
2013;SP;;BARRETOS;3524204;9.684.684.753;3.153.153.181;0;9.696.969.604;3.030.303.001;0;8.682.634.735;8.982.035.637;4.191.616.535
2013;SP;;CAMPINAS LESTE;3524709;100;0;0;100;0;0;8.596.491.241;1.246.218.967;1.572.897.792
2013;SP;;SERTAOZINHO;3525102;9.758.454.132;2.415.458.918;0;9.723.320.007;2.766.798.496;0;734.208.374;1.074.651.337;1.583.265.018
2013;SP;;MIRANTE DO PARANAPANEMA;3532207;996.875;0.3125;0;9.311.376.953;6.886.227.608;0;8.660.286.713;574.162.674;7.655.502.319
2013;SP;;ANDRADINA;3533205;9.461.538.696;5.384.615.421;0;9.377.432.251;4.280.155.659;1.945.525.289;9.421.052.551;4.736.842.155;1.052.631.617
2013;SP;;MARILIA;3534500;9.574.468.231;4.255.319.118;0;9.084.506.989;9.154.929.161;0;9.690.721.893;2.061.855.555;1.030.927.777
2013;SP;;ADAMANTINA;3534807;9.945.652.008;0.543478251;0;9.912.281.036;0.877192974;0;9.172.185.516;827.814.579;0
2013;SP;;SAO JOSE DO RIO PRETO;3535002;9.558.359.528;441.640.377;0;9.372.822.571;6.097.560.883;0.174216032;8.645.833.588;9.114.583.015;4.427.083.492
2013;SP;;CATANDUVA;3535705;9.852.217.102;1.477.832.556;0;9.939.393.616;0.303030312;0.303030312;8.852.458.954;4.918.032.646;6.557.376.862
2013;SP;;BRAGANCA PAULISTA;3538204;9.719.625.854;2.803.738.356;0;9.729.729.462;2.702.702.761;0;922.310.791;1.195.219.159;6.573.705.196
2013;SP;;PINDAMONHANGABA;3548203;100;0;0;100;0;0;798.833.847;6.122.448.921;1.399.416.924
2013;SP;;BARRETOS;3551900;927.951.355;7.204.861.164;0;8.382.492.828;1.617.507.172;0;8.661.157.227;9.090.909.004;4.297.520.638
2013;SP;;ANDRADINA;3552304;9.889.134.979;0.886917949;0.221729487;9.807.280.731;1.498.929.381;0.428265512;9.123.376.465;6.818.181.992;1.948.051.929
2013;SP;;CATANDUVA;3514924;100;0;0;100;0;0;9.743.589.783;256.410.265;0
2013;SP;;ITAPEVA;3532827;9.603.469.849;3.965.303.659;0;9.484.276.581;4.150.943.279;1.006.289.363;9.628.009.033;3.282.275.677;0.437636763
2013;SP;;CATANDUVA;3533254;9.421.965.027;4.913.294.792;0.867052019;953.125;2.734.375;1.953.125;9.333.333.588;0.555555582;6.111.111.164
2013;SP;;ITAPEVA;3553856;9.099.617.004;8.620.689.392;0.383141756;9.393.305.206;4.811.715.603;1.255.230.069;8.915.662.384;4.819.277.287;6.024.096.489
2013;SP;;BRAGANCA PAULISTA;3554953;9.119.047.546;8.333.333.015;0.476190478;8.759.690.094;116.279.068;0.77519381;8.625.592.041;7.109.004.974;6.635.071.278
2013;SP;;JOSE BONIFACIO;3555356;9.603.729.248;3.962.703.943;0;8.633.879.852;1.174.863.434;1.912.568.331;9.584.906.006;3.396.226.406;0.754716992
2013;SP;;BRAGANCA PAULISTA;3556354;8.480.000.305;1.519.999.981;0;8.601.973.724;1.398.026.276;0;7.769.230.652;10;1.230.769.253
2013;SP;;ARARAQUARA;3554755;9.914.530.182;0.854700863;0;8.842.974.854;1.074.380.207;0.826446295;7.592.592.621;120.370.369;120.370.369
2013;SP;;SAO BERNARDO DO CAMPO;3548708;9.891.936.493;1.070.241.094;0.010390689;9.628.811.646;3.711.882.114;0;7.527.316.284;1.837.626.648;6.350.572.586
2013;SP;;PRESIDENTE PRUDENTE;3501301;9.625.080.872;3.619.909.525;0.129282489;8.964.286.041;1.008.928.585;0.267857134;7.062.937.164;2.214.452.171;7.226.107.121
2013;SP;;ITU;3507001;9.780.405.426;202.702.713;0.168918923;9.591.001.892;4.089.979.649;0;745.637.207;1.216.287.708;1.327.340.031
2013;SP;;ITU;3511508;970.486.145;2.864.583.254;0.086805552;9.530.621.338;4.112.650.871;0.581135452;848.509.903;1.009.933.758;5.049.668.789
2013;SP;;SAO JOAQUIM DA BARRA;3534302;100;0;0;9.862.385.559;1.376.146.793;0;7.619.493.866;7.966.260.433;1.583.880.043
2013;SP;;JOSE BONIFACIO;3500204;9.658.119.965;3.418.803.453;0;96.25;1.25;2.5;9.807.691.956;1.282.051.325;0.641025662
2013;SP;;PIRASSUNUNGA;3502002;921.875;78.125;0;9.112.903.595;8.870.967.865;0;8.874.172.211;0;1.125.827.789
2013;SP;;BOTUCATU;3503604;9.503.695.679;4.857.444.763;0.105596617;9.332.344.055;548.961.401;118.694.365;9.094.827.271;7.327.586.174;1.724.137.902
2013;SP;;SAO CARLOS;3512704;905.723.877;9.427.609.444;0;926.174.469;6.375.838.757;1.006.711.364;9.589.041.138;41.095.891;0
2013;SP;;TAQUARITINGA;3515608;9.807.691.956;1.923.076.868;0;9.742.765.045;2.250.803.947;0.321543396;9.890.110.016;1.098.901.153;0
2013;SP;;ADAMANTINA;3515806;988.888.855;1.111.111.164;0;9.204.545.593;7.954.545.498;0;9.259.259.033;7.407.407.284;0
2013;SP;;SAO JOAQUIM DA BARRA;3517703;9.760.437.775;2.327.173.233;0.068446271;8.674.980.164;1.208.106.041;1.169.134.855;868.907.547;6.050.420.284;7.058.823.586
2013;SP;;BARRETOS;3517901;9.904.631.805;0.544959128;0.408719361;9.715.370.178;1.328.273.296;151.802.659;9.636.363.983;3.636.363.745;0
2013;SP;;SAO ROQUE;3528403;9.946.808.624;0.53191489;0;9.329.268.646;6.097.560.883;0.609756112;9.370.030.212;4.954.128.265;1.345.565.796
2013;SP;;CAPIVARI;3530904;9.183.673.096;8.163.265.228;0;8.674.698.639;132.530.117;0;9.635.036.469;3.649.635.077;0
2013;SP;;SAO JOSE DO RIO PRETO;3540804;100;0;0;9.756.097.412;2.439.024.448;0;8.580.000.305;7.199.999.809;7
2013;SP;;JABOTICABAL;3540903;9.770.992.279;2.290.076.256;0;100;0;0;8.214.286.041;7.738.095.284;1.011.904.716
2013;SP;;SANTO ANASTACIO;3541208;100;0;0;9.726.027.679;2.739.726.067;0;8.486.238.861;6.192.660.332;8.944.953.918
2013;SP;;MIRANTE DO PARANAPANEMA;3545506;9.880.952.454;1.190.476.179;0;9.451.219.177;5.182.926.655;0.304878056;9.326.425.171;3.626.943.111;3.108.808.279
2013;SP;;MIRANTE DO PARANAPANEMA;3553906;971.922.226;2.807.775.259;0;8.668.076.324;1.331.923.866;0;7.366.864.014;1.597.633.171;1.035.503.006
2013;SP;;SERTAOZINHO;3554409;9.915.540.314;0.844594598;0;100;0;0;9.472.140.503;3.812.316.656;1.466.275.692
2013;SP;;SAO JOSE DO RIO PRETO;3555604;8.569.254.303;141.552.515;0.152207002;8.784.648.132;1.151.385.975;0.639658868;796.721.344;9.180.327.415;1.114.754.105
2013;SP;;JOSE BONIFACIO;3556008;0;0;0;9.895.833.588;1.041.666.627;0;8.686.869.049;4.797.979.832;8.333.333.015
2013;SP;;JABOTICABAL;3518859;9.681.020.355;3.189.792.633;0;9.443.254.852;1.713.062.048;3.854.389.668;8.575.667.572;5.637.982.368;8.605.340.958
2013;SP;;OURINHOS;3510153;9.870.800.781;1.291.989.684;0;9.800.443.268;1.108.647.466;0.886917949;9.949.494.934;0;0.50505048
2013;SP;;JUNDIAI;3523404;994.092.865;0.590717316;0;9.739.443.207;2.605.570.555;0;7.821.011.353;114.037.714;1.038.611.221
2013;SP;;ITAPEVI;3547304;9.894.999.695;1.049.999.952;0;9.743.083.191;2.503.293.753;0.065876149;0;0;0
2013;SP;;SAO JOAQUIM DA BARRA;3529708;100;0;0;100;0;0;80.859.375;78.125;11.328.125
2013;SP;;ITAPEVI;3539103;9.413.524.628;5.326.151.848;0.53859961;7.787.732.697;1.874.569.321;3.376.981.497;75;1.344.085.979;1.155.914.021
2013;SP;;GUARATINGUETA;3504909;9.330.084.991;5.724.725.723;0.974421442;857.142.868;1.173.974.514;2.545.968.771;7.191.011.047;2.247.191.048;5.617.977.619
2013;SP;;SERTAOZINHO;3505609;100;0;0;100;0;0;8.298.582.458;1.167.639.732;5.337.781.429
2013;SP;;ARARAQUARA;3506706;0;0;0;0;0;0;6.901.408.386;213.279.686;965.794.754
2013;SP;;SAO JOAQUIM DA BARRA;3508207;8.811.188.507;1.188.811.207;0;7.155.963.135;2.431.192.589;412.844.038;90;1;9
2013;SP;;FRANCA;3513207;9.370.748.138;6.292.517.185;0;96;3.636.363.745;0.363636374;9.169.329.071;638.977.623;191.693.294
2013;SP;;TAUBATE;3524907;9.222.222.137;7.555.555.344;0.222222224;9.463.519.287;3.862.660.885;1.502.145.886;9.010.416.412;4.166.666.508;5.729.166.508
2013;SP;;ITAPETININGA;3535804;9.925.926.208;0.740740716;0;9.692.308.044;3.076.923.132;0;8.529.048.157;7.911.001.205;679.851.675
2013;SP;;BOTUCATU;3536109;9.285.713.959;609.243.679;1.050.420.165;8.973.799.133;5.676.856.041;4.585.152.626;6.789.297.485;2.408.026.695;8.026.756.287
2013;SP;;BRAGANCA PAULISTA;3536802;90;10;0;9.269.521.332;5.541.561.604;1.763.224.125;9.297.520.447;1.239.669.442;5.785.123.825
2013;SP;;FRANCA;3542701;9.621.784.973;3.025.718.689;0.756429672;8.929.219.818;7.803.992.748;2.903.811.216;8.630.573.273;1.082.802.582;2.866.241.932
2013;SP;;PIRACICABA;3500600;9.807.073.975;1.929.260.492;0;9.784.172.821;1.798.561.096;0.359712243;9.838.710.022;1.612.903.237;0
2013;SP;;BOTUCATU;3502309;9.764.705.658;1.764.705.896;0.588235319;9.403.973.389;4.635.761.738;1.324.503.303;8.163.265.228;1.224.489.784;6.122.448.921
2013;SP;;PINDAMONHANGABA;3509700;9.434.413.147;565.586.853;0;8.834.143.066;1.051.353.264;1.145.038.128;6.252.598.572;152.806.654;2.219.334.793
2013;SP;;VOTORANTIM;3510302;96;3.672.131.062;0.327868849;8.846.726.227;7.738.095.284;3.794.642.925;8.300.907.898;5.706.874.371;1.128.404.713
2013;SP;;SERTAOZINHO;3514601;9.773.156.738;2.268.430.948;0;9.487.179.565;3.113.553.047;2.014.652.014;9.591.194.916;4.088.050.365;0
2013;SP;;SAO JOSE DO RIO PRETO;3519402;9.849.397.278;1.506.024.122;0;9.958.592.224;0.414078683;0;7.042.682.648;2.256.097.603;701.219.511
2013;SP;;SAO JOSE DO RIO PRETO;3519808;100;0;0;100;0;0;8.919.999.695;1.080.000.019;0
2013;SP;;CARAGUATATUBA;3520400;98.828.125;1.171.875;0;9.537.815.094;4.621.848.583;0;9.110.738.373;7.046.979.904;184.563.756
2013;SP;;FRANCA;3525409;8.840.579.987;11.231.884;0.362318844;9.766.536.713;1.167.315.125;1.167.315.125;8.387.096.405;1.935.483.813;141.935.482
2013;SP;;BRAGANCA PAULISTA;3525508;100;0;0;9.411.764.526;5.882.352.829;0;7.806.788.635;1.070.496.082;1.122.715.378
2013;SP;;ANDRADINA;3526506;9.422.382.355;5.415.162.563;0.36101082;9.785.713.959;1.071.428.537;1.071.428.537;8.823.529.053;105.882.349;1.176.470.637
2013;SP;;MOGI MIRIM;3527009;9.081.196.594;9.188.034.058;0;8.341.968.536;1.658.031.082;0;9.363.056.946;2.547.770.739;3.821.655.989
2013;SP;;MOGI MIRIM;3531209;8.636.363.983;1.363.636.398;0;6.542.056.274;3.247.663.498;2.102.803.707;8.733.766.174;7.792.207.718;4.870.130.062
2013;SP;;ARARAQUARA;3532900;982.142.868;1.785.714.269;0;9.459.962.463;5.027.933.121;0.372439474;8.677.248.383;9.523.809.433;3.703.703.642
2013;SP;;FRANCA;3543105;8.873.239.136;1.126.760.578;0;8.882.681.274;1.117.318.439;0;842.364.502;0.985221684;1.477.832.508
2013;SP;;GUARATINGUETA;3544301;8.989.070.892;1.010.928.917;0;8.355.957.794;1.598.793.316;0.452488691;71.177.948;1.328.320.789;1.553.884.697
2013;SP;;GUARATINGUETA;3549607;9.571.734.619;4.282.655.239;0;8.855.421.448;1.144.578.266;0;7.400.881.195;1.453.744.507;1.145.374.489
2013;SP;;TAUBATE;;9.239.263.916;6.748.466.492;0.858895719;8.907.242.584;9.402.795.792;1.524.777.651;8.286.334.229;6.290.672.302;1.084.598.732
2013;SP;;GUARATINGUETA;3540754;9.482.142.639;5.178.571.224;0;8.513.513.184;1.270.270.252;2.162.162.066;6.564.299.774;1.842.610.359;1.593.090.248
2013;SP;;ARACATUBA;3548054;9.371.196.747;6.288.032.532;0;9.242.424.011;7.142.857.075;0.432900429;873.065.033;3.715.170.383;8.978.327.751
2013;SP;;ITU;3554508;9.972.677.612;0.273224056;0;9.841.688.538;1.583.113.432;0;7.872.340.393;1.427.304.935;7.003.546.238
2013;SP;;JABOTICABAL;3518602;9.742.685.699;2.432.146.549;0.140994012;9.275.023.651;5.659.494.877;1.590.271.235;9.269.103.241;0.996677756;6.312.292.576
2013;SP;;GUARATINGUETA;3502507;100;0;0;9.602.648.926;3.973.510.027;0;8.776.486.969;7.245.386.124;4.989.747.047
2013;SP;;VOTORANTIM;3502903;9.359.999.847;6.400.000.095;0;9.696.969.604;3.030.303.001;0;9.217.919.159;1.822.323.442;5.998.481.274
2013;SP;;SAO JOAQUIM DA BARRA;3533601;100;0;0;9.393.939.209;6.060.606.003;0;9.461.883.545;3.587.443.829;1.793.721.914
2013;SP;;SAO JOSE DO RIO PRETO;3534203;100;0;0;9.974.554.443;0;0.254452914;9.833.333.588;1.666.666.627;0
2013;SP;;LIMEIRA;3546702;9.841.269.684;1.587.301.612;0;9.605.263.519;3.947.368.383;0;8.934.426.117;5.971.897.125;4.683.840.752
2013;SP;;JACAREI;3546009;9.411.764.526;5.882.352.829;0;0;0;0;7.950.819.397;7.377.048.969;1.311.475.372
2013;SP;;MOGI MIRIM;3548005;100;0;0;9.661.016.846;3.389.830.589;0;81.125;3.875;15
2013;SP;;JAU;3507456;9.462.809.753;4.132.231.236;1.239.669.442;8.634.146.118;1.024.390.221;3.414.634.228;8.050.847.626;1.016.949.177;9.322.033.882
2013;SP;;AVARE;3519253;9.135.254.669;8.647.450.447;0;894.206.543;9.571.788.788;1.007.556.677;7.721.518.707;9.177.215.576;1.360.759.449
2013;SP;;ARARAQUARA;3532058;8.816.199.493;1.152.647.972;0.311526477;8.864.469.147;1.062.271.023;0.732600749;8.703.704.071;6.790.123.463;6.172.839.642
2013;SP;;GUARATINGUETA;3503158;9.225.806.427;7.741.935.253;0;862.244.873;1.275.510.216;1.020.408.154;7.925.926.208;1.407.407.379;6.666.666.508
2013;SP;;GUARATINGUETA;3503505;9.582.089.233;4.179.104.328;0;9.490.908.813;5.090.909.004;0;8.539.325.714;7.865.168.571;6.741.572.857
2013;SP;;ITAPETININGA;3509452;9.331.941.223;6.680.584.431;0;9.004.629.517;995.370.388;0;8.453.947.449;1.480.263.138;0.657894731
2013;SP;;SANTO ANASTACIO;3515129;9.662.921.143;3.370.786.428;0;9.277.108.765;7.228.915.691;0;9.032.257.843;3.225.806.475;6.451.612.949
2013;SP;;MOGI MIRIM;3557303;9.277.523.041;7.224.770.546;0;8.946.515.656;8.589.951.515;1.944.894.671;893.478.241;2.608.695.745;8.043.478.012
2013;SP;;MOGI MIRIM;3519055;100;0;0;9.945.054.626;0.549450576;0;7.826.087.189;126.293.993;9.109.730.721
2013;SP;;MIRACATU;3520426;9.608.391.571;3.916.083.813;0;9.210.526.276;7.894.736.767;0;8.922.558.594;5.050.505.161;5.723.905.563
2013;SP;;RIBEIRAO PRETO;3510906;9.767.441.559;2.325.581.312;0;9.551.569.366;4.484.304.905;0;9.831.932.831;0;1.680.672.288
2013;SP;;BOTUCATU;3511607;9.216.524.506;7.834.757.805;0;9.070.397.186;9.025.270.462;0.270758122;784.546.814;7.132.243.633;1.441.307.545
2013;SP;;BARRETOS;3512100;9.693.877.411;2.653.061.152;0.408163279;9.136.069.489;8.639.308.929;0;7.210.031.128;1.410.658.264;1.379.310.322
2013;SP;;SAO JOSE DO RIO PRETO;3517505;9.400.998.688;599.001.646;0;8.243.688.202;1.185.510.445;5.708.013.058;7.702.479.553;9.586.776.733;1.338.842.964
2013;SP;;GUARATINGUETA;3509957;9.572.864.532;4.271.356.583;0;9.570.552.063;4.294.478.416;0;784.313.736;3.431.372.643;1.813.725.471
2013;SP;;BOTUCATU;3541653;9.111.842.346;8.881.579.399;0;9.689.922.333;1.937.984.467;1.162.790.656;8.522.727.203;5.681.818.008;9.090.909.004
2013;SP;;RIBEIRAO PRETO;3546256;100;0;0;9.652.777.863;3.472.222.328;0;9.166.666.412;4.629.629.612;3.703.703.642
2013;SP;;ITU;3525854;949.748.764;5.025.125.504;0;9.044.944;9.550.561.905;0;8.775.510.406;3.061.224.461;9.183.673.859
2013;SP;;ITU;3521002;9.490.991.211;5;0.090090089;8.651.867.676;1.331.889.534;0.162425548;861.607.132;7.5;6.339.285.851
2013;SP;;RIBEIRAO PRETO;3527603;100;0;0;100;0;0;7.142.857.361;126.293.993;15.942.029
2014;SP;;;3507605;0;0;0;9.239.468;5.725.191;1.880.124;9.611.722;3.882.784;0
2014;SP;;;3507704;100;0;0;9.852.399;0.3690037;1.107.011;8.983.957;3.208.556;6.951.872
2014;SP;;;3507803;0;0;0;947.644;13.089;3.926.702;100;0;0
2014;SP;;;3507902;0;0;0;9.565.218;1.534.527;2.813.299;9.635.416;3.645.833;0
2014;SP;;;3508108;0;0;0;9.906.166;0.536193;0.4021448;9.648.241;1.675.042;1.842.546
2014;SP;;;3508306;0;0;0;9.238.754;5.882.353;1.730.104;8.835.616;890.411;2.739.726
2014;SP;;;3508405;0;0;0;949.764;4.517.869;0.5057316;9.039.604;8.613.861;0.990099
2014;SP;;;3508504;0;0;0;9.326.458;505.962;1.675.798;8.990.337;6.631.123;3.465.512
2014;SP;;;3508603;0;0;0;9.157.156;5.531.168;2.897.278;8.169.583;1.251.682;5.787.349
2014;SP;;;3508702;9.879.518;1.204.819;0;9.618.529;2.997.275;0.8174387;9.339.622;3.773.585;2.830.189
2014;SP;;;3508801;9.659.864;3.401.361;0;8.787.542;112.347;0.8898776;7.197.581;1.733.871;1.068.548
2014;SP;;;3508900;0;0;0;8.947.369;2.923.977;7.602.339;8.636.364;3.030.303;1.060.606
2014;SP;;;3509007;9.962.894;0.3710575;0;9.802.923;1.483.614;0.4871568;9.393.063;2.890.173;3.179.191
2014;SP;;;3509106;0;0;0;9.700.996;0.9966778;1.993.356;8.516.483;7.142.857;7.692.307
2014;SP;;;3509205;0;0;0;9.680.451;3.007.519;0.1879699;91.479;5.934.267;2.586.732
2014;SP;;;3509403;0;0;0;9.507.169;1.792.115;3.136.201;9.496.718;131.291;3.719.913
2014;SP;;;3509502;9.787.127;1.721.581;0.4071477;9.139.292;5.157.907;344.917;8.254.214;9.823.988;7.633.872
2014;SP;;;3509601;0;0;0;9.514.838;3.108.808;1.742.817;8.545.076;8.301.101;624.814
2014;SP;;;3509809;0;0;0;8.765.432;6.481.482;5.864.198;7.988.166;112.426;887.574
2014;SP;;;3509908;100;0;0;9.463.087;3.914.989;1.454.139;921.141;4.026.845;385.906
2014;SP;;;3510005;9.920.886;0.7911392;0;9.350.649;5.411.255;1.082.251;8.975.265;7.067.138;3.180.212
2014;SP;;;3510203;0;0;0;9.303.749;5.355.777;1.606.733;8.941.736;8.858.501;1.724.138
2014;SP;;;3510401;0;0;0;9.165.247;6.132.879;2.214.651;9.945.946;0.5405405;0
2014;SP;;;3510500;0;0;0;9.926.756;0.6893581;0.04308488;9.559.164;4.408.353;0
2014;SP;;;3510609;9.893.555;0.7848523;0.2796037;9.255.157;4.190.318;3.258.111;8.203.265;9.514.758;8.452.594
2014;SP;;;3510708;100;0;0;9.490.909;2.545.455;2.545.455;9.782.609;2.173.913;0
2014;SP;;;3510807;9.839.704;135.635;0.2466091;9.575.191;2.718.776;1.529.312;97.5;1.875;0.625
2014;SP;;;3511003;0;0;0;9.719.953;0.7001167;210.035;8.983.308;2.427.921;7.738.998
2014;SP;;;3511102;0;0;0;9.429.726;5.612.932;0.08980691;9.658.494;3.415.061;0
2014;SP;;;3511201;0;0;0;9.544.073;3.647.416;0.9118541;9.740.741;2.592.592;0
2014;SP;;;3511409;0;0;0;9.232.804;670.194;0.9700176;978.022;2.197.802;0
2014;SP;;;3511706;0;0;0;9.571.865;3.058.104;1.223.242;7.904.929;1.514.085;5.809.859
2014;SP;;;3511904;0;0;0;9.667.519;0.2557545;3.069.054;9.330.855;0.3717472;6.319.703
2014;SP;;;3512209;0;0;0;9.535.947;3.398.693;124.183;8.732.261;7.095.553;5.581.835
2014;SP;;;3512308;9.803.278;1.967.213;0;8.954.248;3.921.569;6.535.948;9.650.349;3.496.504;0
2014;SP;;;3512407;0;0;0;9.206.751;464.135;3.291.139;100;0;0
2014;SP;;;3512506;0;0;0;9.889.706;0.3676471;0.7352941;8.654.971;7.602.339;5.847.953
2014;SP;;;3512605;0;0;0;9.385.114;6.148.867;0;8.693.694;990.991;3.153.153
2014;SP;;;3512803;0;0;0;8.891.709;6.175.973;4.906.938;9.942.197;0.5780347;0
2014;SP;;;3512902;0;0;0;9.421.965;5.780.347;0;8.884.615;6.153.846;5
2014;SP;;;3513009;100;0;0;9.112.283;6.919.363;1.957.804;77.577;1.558.522;6.837.782
2014;SP;;;3513108;0;0;0;866.775;1.096.669;2.355.808;9.680.851;3.191.489;0
2014;SP;;;3513306;9.350.649;6.493.506;0;9.897.959;1.020.408;0;9.666.666;2.222.222;1.111.111
2014;SP;;;3513405;0;0;0;8.144.927;1.495.652;3.594.203;9.726.776;2.322.404;0.4098361
2014;SP;;;3513504;9.727.947;2.473.207;0.2473207;8.175.389;1.633.663;1.909.477;9.502.262;4.977.376;0
2014;SP;;;3513603;958.042;3.962.704;0.2331002;8.903.437;8.756.138;2.209.493;9.444.444;5.555.555;0
2014;SP;;;3513702;0;0;0;9.512.195;0;4.878.049;9.365.079;6.349.206;0
2014;SP;;;3513801;9.834.554;1.537.335;0.1171303;9.253.996;5.201.725;225.831;8.378.791;1.117.172;5.040.367
2014;SP;;;3513900;0;0;0;9.186.441;6.101.695;2.033.898;8.891.688;6.801.008;4.282.116
2014;SP;;;3514007;9.797.469;2.025.316;0;100;0;0;100;0;0
2014;SP;;;3514106;0;0;0;9.357.477;4.205.607;2.219.626;9.606.741;3.932.584;0
2014;SP;;;3514205;0;0;0;9.439.252;5.607.477;0;9.615.385;3.846.154;0
2014;SP;;;3514304;0;0;0;9.666.666;1.904.762;1.428.571;8.430.232;1.104.651;4.651.163
2014;SP;;;3514403;0;0;0;9.286.667;4.533.333;2.6;9.737.705;2.622.951;0
2014;SP;;;3514502;0;0;0;9.610.829;2.368.866;1.522.843;100;0;0
2014;SP;;;3514700;0;0;0;9.786.585;2.134.146;0;8.731.884;8.695.652;3.985.507
2014;SP;;;3514809;100;0;0;9.702.381;2.976.191;0;9.036.861;4.875.149;4.756.243
2014;SP;;;3515004;9.893.224;0.8736168;0.1941371;8.939.539;8.816.706;1.787.908;8.160.986;1.440.657;3.983.573
2014;SP;;;3515103;9.978.094;0.07301935;0.1460387;9.553.232;3.612.167;0.8555133;848.831;1.006.908;5.047.822
2014;SP;;;3515301;0;0;0;9.673.203;1.960.784;130.719;8.709.677;7.258.065;5.645.161
2014;SP;;;3515202;0;0;0;922.619;3.571.429;4.166.667;8.544.601;7.981.221;657.277
2014;SP;;;3515400;0;0;0;9.540.874;268.757;1.903.695;9.632.721;3.005.008;0.6677796
2014;SP;;;3530607;9.827.142;0.9562339;0.7723428;934.012;4.535.832;206.297;8.228.174;1.168.937;6.028.887
2014;SP;;;;0;0;0;8.829.216;5.370.569;6.337.272;9.433.962;5.283.019;0.3773585
2014;SP;;;;0;0;0;8.929.012;6.728.395;3.981.482;9.307.806;6.185.567;0.736377
2014;SP;;;3531001;100;0;0;100;0;0;942.029;1.449.275;4.347.826
2014;SP;;;3531100;8.846.154;1.153.846;0;96;4;0;9.311.926;6.880.734;0
2014;SP;;;3531308;0;0;0;9.175.992;7.019.329;1.220.753;9.701.492;2.487.562;0.4975124
2014;SP;;;3531407;0;0;0;8.647.343;1.014.493;3.381.643;9.806.763;0.9661836;0.9661836
2014;SP;;;3531506;0;0;0;99.2;0.2;0.6;9.943.396;0;0.5660377
2014;SP;;;3531605;0;0;0;9.946.236;0;0.5376344;9.928.571;0.7142857;0
2014;SP;;;3531803;0;0;0;9.250.295;3.482.881;4.014.168;995.671;0.4329004;0
2014;SP;;;3531704;0;0;0;9.038.461;4.615.385;5;919.598;5.025.126;3.015.075
2014;SP;;;3531902;0;0;0;9.371.795;5.641.026;0.6410257;9.319.938;2.009.274;4.791.345
2014;SP;;;3532009;0;0;0;9.191.919;7.070.707;1.010.101;7.797.271;1.267.057;9.356.725
2014;SP;;;3532108;0;0;0;9.076.923;5.128.205;4.102.564;9.467.455;3.550.296;1.775.148
2014;SP;;;3532306;0;0;0;90;969.697;0.3030303;8.258.064;1.451.613;2.903.226
2014;SP;;;3532405;9.839.358;1.204.819;0.4016064;9.243.781;4.577.115;2.985.075;8.604.027;1.006.711;3.892.617
2014;SP;;;3532504;0;0;0;9.691.517;3.084.833;0;9.880.952;1.190.476;0
2014;SP;;;3532603;100;0;0;9.611.111;0;3.888.889;93.007;0.3496504;6.643.357
2014;SP;;;3532702;0;0;0;9.558.233;2.811.245;1.606.426;9.565.218;4.347.826;0
2014;SP;;;3532801;0;0;0;8.174.905;1.444.867;3.802.281;6.989.796;2.142.857;867.347
2014;SP;;;3533007;0;0;0;9.120.763;5.720.339;3.072.034;697.157;1.594.561;1.433.869
2014;SP;;;3533106;0;0;0;9.821.429;1.785.714;0;100;0;0
2014;SP;;;3533304;0;0;0;9.340.659;5.494.505;1.098.901;9.666.666;3.333.333;0
2014;SP;;;3533403;0;0;0;9.807.982;1.054.217;0.8659639;9.624.413;3.755.868;0
2014;SP;;;3533502;0;0;0;9.407.407;2.962.963;2.962.963;9.956.522;0.4347826;0
2014;SP;;;3533700;0;0;0;9.761.905;1.587.302;0.7936508;8.897.059;5.882.353;5.147.059
2014;SP;;;3533809;0;0;0;8.795.181;7.228.916;4.819.277;7.964.602;1.150.443;8.849.558
2014;SP;;;3533908;0;0;0;9.829.768;139.677;0.3055434;9.569.892;3.584.229;0.7168459
2014;SP;;;3534005;0;0;0;9.847.328;0.7633588;0.7633588;9.815.951;1.840.491;0
2014;SP;;;3534104;9.881.657;1.183.432;0;9.253.732;5.597.015;1.865.672;8.894.473;6.532.663;4.522.613
2014;SP;;;3534401;0;0;0;9.139.944;5.013.443;3.587.121;8.327.032;9.404.656;732.503
2014;SP;;;3534609;0;0;0;96.844;270.514;0.4508566;9.935.622;0.6437768;0
2014;SP;;;3534708;9.765.739;2.342.606;0;9.426.682;3.417.861;2.315.325;9.384.615;4.615.385;1.538.462
2014;SP;;;3534906;0;0;0;9.132.321;5.856.833;2.819.957;9.795.918;2.040.816;0
2014;SP;;;3535101;0;0;0;9.776.248;2.065.404;0.172117;9.551.282;1.709.402;2.777.778
2014;SP;;;3535200;0;0;0;9.865.952;1.340.483;0;100;0;0
2014;SP;;;3535309;0;0;0;9.247.202;508.647;2.441.506;940.171;5.982.906;0
2014;SP;;;3535408;0;0;0;9.701.492;261.194;0.3731343;8.888.889;1.111.111;0
2014;SP;;;3535507;0;0;0;9.895.288;0.5235602;0.5235602;9.726.028;2.739.726;0
2014;SP;;;3535606;0;0;0;9.551.057;3.257.042;1.232.394;8.679.245;8.853.411;4.354.136
2014;SP;;;3535903;0;0;0;9.508.929;4.910.714;0;893.617;106.383;0
2014;SP;;;3536000;0;0;0;9.630.996;2.398.524;1.291.513;8.813.559;1.694.915;1.016.949
2014;SP;;;3536208;100;0;0;9.817.352;1.278.539;0.5479452;100;0;0
2014;SP;;;3536307;0;0;0;8.682.983;7.575.758;5.594.406;7.126.865;108.209;1.791.045
2014;SP;;;3536406;0;0;0;9.209.876;6.419.753;1.481.481;936.803;4.832.714;1.486.989
2014;SP;;;3536505;0;0;0;9.621.574;291.431;0.8699434;9.178.082;7.827.789;0.3913894
2014;SP;;;3536604;0;0;0;9.951.574;0.4842615;0;993.421;0.6578947;0
2014;SP;;;3536703;0;0;0;9.312.943;5.053.192;1.817.376;9.935.275;0.6472492;0
2014;SP;;;3536901;0;0;0;9.785.714;2.142.857;0;9.655.173;3.448.276;0
2014;SP;;;3537008;0;0;0;917.794;3.433.923;4.786.681;7.627.907;9.767.442;1.395.349
2014;SP;;;3537107;0;0;0;9.701.571;1.832.461;1.151.832;9.208.925;4.394.861;3.515.889
2014;SP;;;3537206;0;0;0;9.472.096;4.374.057;0.9049774;9.164.677;5.966.587;2.386.635
2014;SP;;;3537305;9.980.469;0.1953125;0;9.172.535;5.853.873;2.420.775;8.953.488;4.651.163;5.813.953
2014;SP;;;3537404;0;0;0;9.265.594;5.030.181;2.313.883;9.477.504;2.467.344;275.762
2014;SP;;;3537503;0;0;0;9.015.151;8.585.858;1.262.626;7.859.425;1.309.904;8.306.709
2014;SP;;;3537602;8.064.516;1.935.484;0;9.182.341;5.747.127;2.429.467;8.152.097;155.295;2.949.538
2014;SP;;;3537701;0;0;0;9.427.711;3.313.253;2.409.639;8.868.778;4.524.887;678.733
2014;SP;;;3537800;0;0;0;958.792;2.044.668;2.076.125;9.905.956;0.6269593;0.3134796
2014;SP;;;3537909;0;0;0;9.676.113;2.024.292;1.214.575;8.822.581;5;6.774.194
2014;SP;;;3538006;100;0;0;9.204.983;3.771.235;4.178.936;9.406.393;479.452;1.141.553
2014;SP;;;3551702;0;0;0;9.525.692;4.347.826;0.3952569;9.404.432;5.955.678;0
2014;SP;;;3551801;100;0;0;8.836.105;8.669.834;2.969.121;8.802.589;7.605.178;4.368.932
2014;SP;;;3552007;0;0;0;8.767.606;9.859.155;2.464.789;7.777.778;2.222.222;0
2014;SP;;;3552106;9.886.685;1.133.144;0;9.770.756;1.239.157;1.053.284;9.735.683;2.202.643;0.4405286
2014;SP;;;3552205;9.919.009;0.7265365;0.08337303;9.401.321;4.250.588;1.736.202;9.635.628;3.481.781;0.1619433
2014;SP;;;3552403;9.739.098;2.554.278;0.05473454;93.904;4.464;1.632;9.373.695;5.323.591;0.9394572
2014;SP;;;3552502;9.888.529;1.018.818;0.09588877;9.403.825;415.847;1.803.279;8.346.503;1.043.894;6.096.022
2014;SP;;;3552601;0;0;0;9.844.962;1.550.388;0;9.659.091;3.409.091;0
2014;SP;;;3552700;9.842.519;1.574.803;0;9.631.676;3.683.241;0;952.381;3.174.603;1.587.302
2014;SP;;;3552809;9.744.463;2.214.651;0.3407155;9.153.825;6.455.644;2.006.109;8.355.037;1.232.592;4.123.711
2014;SP;;;3552908;0;0;0;9.150.142;6.232.295;2.266.289;8.024.691;4.938.272;1.481.481
2014;SP;;;3553005;0;0;0;990.461;0.1589825;0.7949126;938.914;0.4524887;5.656.108
2014;SP;;;3553104;0;0;0;100;0;0;100;0;0
2014;SP;;;3553203;0;0;0;9.927.273;0.7272727;0;9.638.554;1.204.819;2.409.639
2014;SP;;;3553302;0;0;0;9.375.661;4.973.545;1.269.841;9.808.917;0.6369427;1.273.885
2014;SP;;;3553401;0;0;0;9.582.246;1.697.128;2.480.418;9.631.902;3.680.982;0
2014;SP;;;3553500;0;0;0;9.131.097;6.554.878;2.134.146;826.972;1.094.148;6.361.323
2014;SP;;;3553609;0;0;0;9.736.842;0.877193;1.754.386;9.230.769;7.692.307;0
2014;SP;;;3553708;0;0;0;9.896.014;0.8665511;0.1733102;9.769.392;1.677.149;0.6289308
2014;SP;;;3553807;0;0;0;9.683.043;1.901.743;1.267.829;100;0;0
2014;SP;;;3554003;0;0;0;8.985.006;5.051.903;5.098.039;8.885.794;1.058.496;0.557103
2014;SP;;;3554102;0;0;0;9.567.902;1.234.568;308.642;9.737.533;183.727;0.7874016
2014;SP;;;3554201;0;0;0;9.649.123;2.105.263;1.403.509;8.914.027;5.429.864;5.429.864
2014;SP;;;3554300;9.739.777;2.230.483;0.3717472;9.067.103;4.582.652;4.746.317;9.946.524;0.5347593;0
2014;SP;;;3554607;0;0;0;9.270.073;5.839.416;1.459.854;8.205.128;1.111.111;6.837.607
2014;SP;;;3554706;9.884.792;1.152.074;0;9.715.099;0;2.849.003;9.297.124;0.3194888;6.709.265
2014;SP;;;3554904;0;0;0;9.648.438;3.515.625;0;9.344.978;4.366.812;2.183.406
2014;SP;;;3555000;9.749.303;2.414.113;0.09285051;9.291.785;417.847;2.903.683;9.795.918;1.814.059;0.2267574
2014;SP;;;3555208;0;0;0;100;0;0;9.076.923;0;9.230.769
2014;SP;;;3555307;0;0;0;100;0;0;100;0;0
2014;SP;;;3555406;9.756.097;2.439.024;0;9.559.978;4.007.847;0.3923767;9.101.266;7.594.937;1.392.405
2014;SP;;;3555505;0;0;0;976.834;2.316.602;0;9.608.939;3.910.614;0
2014;SP;;;3555703;9.782.609;2.173.913;0;9.896.907;1.030.928;0;9.850.746;1.492.537;0
2014;SP;;;3555802;9.939.759;0.6024097;0;96.25;3.75;0;9.296.875;6.640.625;0.390625
2014;SP;;;3555901;9.830.508;1.694.915;0;90.625;5.208.333;4.166.667;8.923.077;6.153.846;4.615.385
2014;SP;;;3556206;0;0;0;9.501.891;3.404.792;1.576.293;8.832.272;7.400.667;4.276.615
2014;SP;;;3556107;0;0;0;9.720.497;1.708.075;1.086.957;9.404.762;2.619.048;3.333.333
2014;SP;;;3556305;0;0;0;9.562.257;1.070.039;3.307.393;8.706.339;232.859;1.060.802
2014;SP;;;3556404;0;0;0;9.195.464;5.507.559;2.537.797;9.777.159;2.228.412;0
2014;SP;;;3556503;0;0;0;9.481.577;4.165.895;101.833;8.718.015;1.031.218;2.507.677
2014;SP;;;3556602;0;0;0;9.697.581;1.612.903;141.129;9.421.487;0;5.785.124
2014;SP;;;3556701;0;0;0;90;7.058.824;2.941.176;8.314.549;6.813.525;1.004.098
2014;SP;;;3556800;0;0;0;9.956.896;0.4310345;0;9.824.869;0.3502627;1.401.051
2014;SP;;;3556909;0;0;0;9.771.987;228.013;0;974.138;2.586.207;0
2014;SP;;;3557006;0;0;0;9.338.354;3.801.327;2.815.134;9.688.889;3.111.111;0
2014;SP;;;3557105;0;0;0;9.408.321;4.006.163;1.910.632;9.888.889;1.111.111;0
2014;SP;;;3557204;0;0;0;917.603;3.370.786;4.868.914;8.159.645;5.543.237;1.286.031
2014;SP;;;3556453;0;0;0;9.465.142;4.905.939;0.4426411;8.909.547;9.798.995;1.105.528
2014;SP;;;3513850;9.701.492;2.985.075;0;9.571.429;4.285.714;0;8.275.862;1.724.138;0
2014;SP;;;3514957;0;0;0;968.421;3.157.895;0;9.325.843;6.741.573;0
2014;SP;;;3515194;0;0;0;9.703.947;2.631.579;0.3289474;9.707.603;0.5847953;2.339.181
2014;SP;;;3515350;0;0;0;9.841.772;1.582.278;0;9.233.871;7.459.677;0.2016129
2014;SP;;;3544251;9.921.466;0.7853403;0;9.571.429;3.571.429;0.7142857;9.110.854;7.967.668;0.9237875
2014;SP;;;3553955;0;0;0;902.746;5.949.657;3.775.744;8.087.122;1.022.727;8.901.515
2014;SP;;;3500758;0;0;0;9.669.421;3.305.785;0;9.029.851;9.328.359;0.3731343
2014;SP;;;3503950;97.5;2.5;0;9.894.736;1.052.632;0;9.830.508;1.694.915;0
2014;SP;;;3505351;0;0;0;9.573.034;3.146.067;1.123.595;9.741.698;1.476.015;1.107.011
2014;SP;;;3506359;0;0;0;9.079.609;7.643.481;1.560.434;8.421.474;1.454.327;1.241.987
2014;SP;;;3507159;0;0;0;9.391.534;4.497.355;1.587.302;8.164.063;6.25;1.210.938
2014;SP;;;3509254;0;0;0;95.85;2;2.15;9.184.149;4.584.305;3.574.203
2014;SP;;;3515152;0;0;0;9.130.952;4.523.809;4.166.667;8.494.624;6.451.613;8.602.151
2014;SP;;;3515509;978.166;2.183.406;0;9.607.919;3.649.068;0.2717391;9.373.421;5.406.771;0.8590197
2014;SP;;;3515707;9.901.961;0.9803922;0;9.042.392;59.325;3.643.583;8.129.419;110.725;7.633.313
2014;SP;;;3515905;0;0;0;9.921.875;0.78125;0;8.834.952;9.708.738;1.941.748
2014;SP;;;3516002;0;0;0;8.922.262;1.077.738;0;8.952.879;104.712;0
2014;SP;;;3516101;100;0;0;9.251.337;7.486.631;0;8.725.491;2.941.176;9.803.922
2014;SP;;;3516200;973.454;2.595.284;0.05932078;9.382.561;3.787.466;2.386.921;8.318.495;8.639.777;8.175.273
2014;SP;;;3516309;9.923.664;0.7633588;0;9.530.525;2.893.276;1.801.474;9.046.161;4.695.475;4.842.917
2014;SP;;;3516408;9.896.149;0.9952402;0.04327131;9.489.388;2.825.955;228.017;8.919.695;5.358.426;544.462
2014;SP;;;3516507;0;0;0;974.359;2.564.103;0;100;0;0
2014;SP;;;3516606;0;0;0;9.823.322;0.7067138;1.060.071;9.385.965;2.631.579;3.508.772
2014;SP;;;3516705;0;0;0;97.063;1.231.644;1.705.353;881.106;5.714.286;6.175.115
2014;SP;;;3516804;9.898.477;1.015.228;0;990.566;0.9433962;0;99.2;0.8;0
2014;SP;;;3516903;100;0;0;97.5;2.5;0;9.668.508;3.038.674;0.2762431
2014;SP;;;3517000;0;0;0;9.306.931;5.742.574;1.188.119;8.457.584;7.455.013;7.969.151
2014;SP;;;3517109;0;0;0;93.75;5.803.571;0.4464286;9.151.515;7.878.788;0.6060606
2014;SP;;;3517208;0;0;0;826.291;143.975;2.973.396;6.848.073;2.040.816;1.111.111
2014;SP;;;3517307;0;0;0;8.743.169;8.469.945;4.098.361;8.874.459;6.926.407;4.329.004
2014;SP;;;3517406;0;0;0;9.569.833;1.284.916;301.676;9.798.995;201.005;0
2014;SP;;;3517604;100;0;0;9.920.949;0.7905138;0;9.815.534;0.9708738;0.8737864
2014;SP;;;3517802;0;0;0;8.695.652;6.086.957;6.956.522;8.872.727;6.909.091;4.363.636
2014;SP;;;3518008;0;0;0;94;6;0;8.955.224;8.955.224;1.492.537
2014;SP;;;3518107;9.701.897;298.103;0;8.717.339;9.026.128;3.800.475;8.495.145;1.262.136;2.427.185
2014;SP;;;3518206;0;0;0;9.774.011;1.775.625;0.4842615;9.895.105;1.048.951;0
2014;SP;;;3518305;0;0;0;9.217.653;5.967.904;1.855.567;100;0;0
2014;SP;;;3518404;0;0;0;869.086;1.099.462;2.096.774;9.483.568;3.755.868;1.408.451
2014;SP;;;3518503;0;0;0;9.391.425;6.085.754;0;8.969.299;877.193;1.535.088
2014;SP;;;3518701;974.713;2.186.987;0.3417168;8.478.631;1.320.434;2.009.356;9.177.277;8.129.285;0.09794319
2014;SP;;;3518800;9.865.809;1.042.639;0.2992759;9.159.792;5.966.822;2.435.252;8.149.273;1.216.762;633.965
2014;SP;;;3518909;0;0;0;9.836.735;1.632.653;0;978.836;2.116.402;0
2014;SP;;;3519006;972.043;2.795.699;0;9.864.603;0.7736944;0.5802708;9.411.765;247.678;3.405.573
2014;SP;;;3519105;0;0;0;9.158.576;4.530.745;3.883.495;9.180.791;3.954.802;4.237.288
2014;SP;;;3519204;98;2;0;9.834.437;0.6622517;0.9933775;9.742.268;1.030.928;1.546.392
2014;SP;;;3519303;0;0;0;9.702.444;2.497.343;0.4782147;8.992.248;7.054.264;3.023.256
2014;SP;;;3519501;0;0;0;8.819.096;7.537.688;4.271.357;7.934.272;9.389.671;1.126.761
2014;SP;;;3519600;9.866.568;1.334.322;0;9.556.017;3.112.033;1.327.801;9.187.426;5.160.142;2.965.599
2014;SP;;;3519709;100;0;0;9.719.771;244.925;0.353045;9.449.982;4.743.898;0.7562736
2014;SP;;;3519907;0;0;0;9.479.638;4.751.131;0.4524887;8.705.882;1.117.647;1.764.706
2014;SP;;;3520004;0;0;0;9.238.754;6.141.869;1.470.588;8.582.996;6.747.638;7.422.402
2014;SP;;;3520202;0;0;0;9.072.464;7.826.087;1.449.275;7.510.204;1.816.327;6.734.694
2014;SP;;;3520301;9.583.334;0;4.166.667;9.532.658;365.991;1.013.514;8.618.784;8.655.617;5.156.538
2014;SP;;;3520509;0;0;0;9.404.971;4.256.489;1.693.797;8.990.249;6.594.817;3.502.694
2014;SP;;;3520608;0;0;0;9.735.683;1.321.586;1.321.586;9.503.106;2.484.472;2.484.472
2014;SP;;;3520707;0;0;0;9.226.804;7.731.959;0;8.333.334;1.666.667;0
2014;SP;;;3520806;0;0;0;9.682.539;3.174.603;0;8.874.172;794.702;3.311.258
2014;SP;;;3521101;0;0;0;9.853.862;1.461.378;0;9.444.444;2.380.952;3.174.603
2014;SP;;;3521200;0;0;0;8.548.387;1.182.796;2.688.172;907.563;8.823.529;0.4201681
2014;SP;;;3521408;0;0;0;9.577.093;3.876.652;0.3524229;8.206.599;1.348.637;4.447.633
2014;SP;;;3521507;0;0;0;9.584.415;1.558.442;2.597.403;8.953.069;3.249.098;7.220.217
2014;SP;;;3521606;0;0;0;9.788.732;1.760.563;0.3521127;9.424.779;5.309.734;0.4424779
2014;SP;;;3521705;993.203;0.5947323;0.08496176;9.387.352;5.335.968;0.7905138;8.938.156;7.001.167;361.727
2014;SP;;;3521804;0;0;0;9.123.506;6.055.777;2.709.163;9.864.865;0;1.351.351
2014;SP;;;3522000;0;0;0;9.840.426;1.595.745;0;9.705.882;2.941.176;0
2014;SP;;;3522109;7.894.736;1.052.632;1.052.632;8.843.469;8.175.473;3.389.831;979.798;2.020.202;0
2014;SP;;;3522208;9.843.305;1.139.601;0.4273504;9.216.137;6.083.441;1.755.192;8.209.549;1.335.905;4.545.455
2014;SP;;;3522307;9.924.863;0.7513661;0;9.552.335;3.155.464;132.119;9.807.302;1.926.978;0
2014;SP;;;3522406;0;0;0;9.545.454;4.545.455;0;9.889.868;1.101.322;0
2014;SP;;;3522505;0;0;0;8.793.127;7.401.711;4.667.023;7.834.944;1.118.656;10.464
2014;SP;;;3522604;9.833.795;166.205;0;9.161.398;4.792.013;359.401;99.022;0.7334963;0.2444988
2014;SP;;;3522703;9.978.587;0.1427552;0.07137759;9.832.366;0.9026434;0.7736944;9.515.418;4.845.815;0
2014;SP;;;3522802;100;0;0;900.565;7.909.605;2.033.898;100;0;0
2014;SP;;;3522901;0;0;0;8.993.903;320.122;6.859.756;7.753.623;7.004.831;1.545.894
2014;SP;;;3523008;0;0;0;9.361.702;5.673.759;0.7092199;9.101.124;8.426.967;0.5617977
2014;SP;;;3538105;0;0;0;9.193.549;483.871;3.225.806;8.987.654;617.284;3.950.617
2014;SP;;;3515186;9.887.133;1.128.668;0;9.306.876;5.198.435;1.732.812;9.665.653;3.039.514;0.3039514
2014;SP;;;3538303;0;0;0;9.473.684;1.754.386;3.508.772;953.125;3.125;15.625
2014;SP;;;3538501;0;0;0;8.686.131;1.021.898;2.919.708;8.583.691;5.364.807;8.798.284
2014;SP;;;3538600;0;0;0;9.434.944;3.420.074;2.230.483;8.590.865;6.219.631;787.172
2014;SP;;;3538709;9.858.018;1.308.463;0.1113586;935.377;3.973.023;248.927;9.498.681;4.485.488;0.5277045
2014;SP;;;3539301;0;0;0;9.240.456;6.454.152;1.141.283;9.442.897;5.292.479;0.2785515
2014;SP;;;3538808;0;0;0;9.493.177;3.053.931;2.014.295;100;0;0
2014;SP;;;3538907;0;0;0;9.809.417;0.1121076;1.793.722;100;0;0
2014;SP;;;3539004;0;0;0;100;0;0;100;0;0
2014;SP;;;3539202;0;0;0;9.408.284;295.858;295.858;9.509.203;4.907.976;0
2014;SP;;;3539400;0;0;0;9.811.676;0.7532957;1.129.943;9.310.345;5.172.414;1.724.138
2014;SP;;;3539509;0;0;0;9.398.734;278.481;3.227.848;95.2;4.8;0
2014;SP;;;3539608;0;0;0;9.255.663;5.825.243;1.618.123;933.735;5.421.687;1.204.819
2014;SP;;;3539707;0;0;0;9.311.926;4.587.156;2.293.578;9.196.429;4.464.286;3.571.429
2014;SP;;;3539806;0;0;0;9.195.956;5.583.204;2.457.232;8.384.483;1.207.353;4.081.633
2014;SP;;;3539905;100;0;0;8.757.962;9.872.611;2.547.771;8.690.476;4.761.905;8.333.333
2014;SP;;;3540002;0;0;0;9.632.937;3.075.397;0.5952381;9.277.109;6.024.096;1.204.819
2014;SP;;;3540101;0;0;0;9.644.971;295.858;0.591716;8.134.328;6.716.418;119.403
2014;SP;;;3540200;100;0;0;9.594.595;3.349.001;0.7050529;9.433.962;5.660.378;0
2014;SP;;;3540309;0;0;0;8.473.283;1.450.382;0.7633588;82.4;14.4;3.2
2014;SP;;;3540408;0;0;0;9.723.502;2.764.977;0;964.539;3.546.099;0
2014;SP;;;3540507;0;0;0;8.794.926;1.014.799;1.902.748;8.233.215;9.540.636;8.127.209
2014;SP;;;3540606;0;0;0;9.291.553;5.177.112;1.907.357;9.722.222;2.777.778;0
2014;SP;;;3540705;0;0;0;8.301.226;1.313.485;385.289;9.901.961;0.4901961;0.4901961
2014;SP;;;3541000;90;0;10;9.058.868;7.958.565;1.452.754;9.935.065;0;0.6493506
2014;SP;;;3541109;995.614;0.4385965;0;9.910.314;0;0.896861;9.588.235;0.5882353;3.529.412
2014;SP;;;3541307;9.807.853;1.837.928;0.08354219;9.876.733;0.7190549;0.5136107;9.802.631;1.973.684;0
2014;SP;;;3541406;0;0;0;8.657.268;1.049.569;2.931.633;9.792.387;2.076.125;0
2014;SP;;;3541505;0;0;0;9.646.643;2.473.498;1.060.071;997.006;0;0.2994012
2014;SP;;;3541604;951.654;4.580.153;0.2544529;9.119.171;7.046.632;1.761.658;9.941.177;0.5882353;0
2014;SP;;;3541703;0;0;0;9.359.862;3.806.228;2.595.156;9.768.786;2.312.139;0
2014;SP;;;3541802;0;0;0;9.714.286;0.952381;1.904.762;9.305.556;4.166.667;2.777.778
2014;SP;;;3541901;0;0;0;9.068.323;310.559;621.118;8.189.415;7.520.891;1.058.496
2014;SP;;;3542008;0;0;0;955.414;2.866.242;1.592.357;909.434;490.566;4.150.943
2014;SP;;;3542107;0;0;0;959.633;2.568.807;146.789;8.601.036;7.772.021;6.217.617
2014;SP;;;3542206;100;0;0;969.863;2.191.781;0.8219178;9.759.036;2.409.639;0
2014;SP;;;3542305;0;0;0;9.147.287;8.139.535;0.3875969;9.065.934;7.142.857;2.197.802
2014;SP;;;3542404;0;0;0;9.072.533;8.680.142;0.5945303;9.824.561;1.754.386;0
2014;SP;;;3542503;0;0;0;9.731.544;0;2.684.564;9.453.552;1.092.896;4.371.585
2014;SP;;;3542602;100;0;0;9.630.326;2.192.982;1.503.759;9.665.072;0.9569378;2.392.344
2014;SP;;;3542800;9.910.314;0.896861;0;9.924.242;0.7575758;0;9.726.776;2.185.792;0.5464481
2014;SP;;;3542909;0;0;0;9.550.562;3.370.786;1.123.595;7.858.672;1.391.863;7.494.647
2014;SP;;;3543006;0;0;0;977.463;1.545.396;0.7083065;9.449.438;2.696.629;2.808.989
2014;SP;;;3543204;0;0;0;9.444.444;4.444.445;1.111.111;8.876.405;5.617.978;5.617.978
2014;SP;;;3543303;9.847.531;1.355.276;0.1694095;9.511.017;4.000.773;0.8890607;8.574.723;116.928;2.559.963
2014;SP;;;3543402;9.631.131;3.080.665;0.608026;8.767.789;81.916;413.051;9.594.595;2.702.703;1.351.351
2014;SP;;;3543501;100;0;0;9.363.636;3.939.394;2.424.242;9.037.037;8.148.149;1.481.481
2014;SP;;;3543600;0;0;0;9.023.569;6.734.007;3.030.303;8.874.172;4.635.762;6.622.517
2014;SP;;;3543709;0;0;0;9.596.603;403.397;0;9.569.378;430.622;0
2014;SP;;;3543808;9.883.178;1.168.224;0;9.360.825;4.123.711;2.268.041;8.154.981;6.642.066;1.180.812
2014;SP;;;3543907;979.798;2.020.202;0;946.326;3.643.786;1.723.617;9.694.444;2.5;0.5555556
2014;SP;;;3544004;0;0;0;9.437.939;3.044.497;2.576.113;9.438.202;4.494.382;1.123.595
2014;SP;;;3544103;9.817.945;1.560.468;0.260078;9.179.688;5.898.438;2.304.688;8.372.569;1.074.719;5.527.124
2014;SP;;;3544202;0;0;0;9.810.526;1.263.158;0.6315789;974.138;1.436.782;1.149.425
2014;SP;;;3544400;0;0;0;100;0;0;9.674.797;3.252.033;0
2014;SP;;;3544509;0;0;0;96.875;1.875;1.25;9.104.478;6.716.418;2.238.806
2014;SP;;;3544608;0;0;0;8.421.053;9.022.556;6.766.917;7.745.665;1.387.283;867.052
2014;SP;;;3544707;0;0;0;9.594.595;4.054.054;0;814.433;1.546.392;3.092.783
2014;SP;;;3544806;0;0;0;9.808.307;1.916.933;0;8.879.311;7.758.621;3.448.276
2014;SP;;;3544905;0;0;0;978.903;1.265.823;0.8438818;9.578.313;3.012.048;1.204.819
2014;SP;;;3519071;9.719.626;2.803.738;0;9.511.536;3.911.319;0.9733237;9.915.254;0.6355932;0.2118644
2014;SP;;;3520442;0;0;0;9.469.697;2.922.078;2.380.952;908.297;9.170.305;0
2014;SP;;;3522158;9.904.762;0.952381;0;9.960.474;0.3952569;0;9.669.811;1.886.792;1.415.094
2014;SP;;;3522653;0;0;0;9.751.381;1.381.215;1.104.972;9.574.468;212.766;212.766
2014;SP;;;3527256;0;0;0;974.359;2.564.103;0;9.390.244;6.097.561;0
2014;SP;;;3528858;0;0;0;9.612.403;3.100.775;0.7751938;9.157.895;3.157.895;5.263.158
2014;SP;;;3529658;0;0;0;96.8;2.4;0.8;8.611.111;2.777.778;1.111.111
2014;SP;;;3532843;0;0;0;9.381.443;3.092.783;3.092.783;9.166.666;5.952.381;2.380.952
2014;SP;;;3536257;0;0;0;100;0;0;100;0;0
2014;SP;;;3537156;0;0;0;100;0;0;100;0;0
2014;SP;;;3540259;0;0;0;9.145.728;8.542.713;0;9.224.138;7.758.621;0
2014;SP;;;3543253;0;0;0;9.493.927;1.821.862;3.238.866;9.221.105;1.507.538;6.281.407
2014;SP;;;3545159;0;0;0;9.415.585;3.463.203;2.380.952;8.469.388;8.503.402;6.802.721
2014;SP;;;3549250;0;0;0;989.899;1.010.101;0;826.087;173.913;0
2014;SP;;;3549953;0;0;0;9.058.578;8.995.816;0.41841;8.567.639;1.286.472;1.458.886
2014;SP;;;3552551;0;0;0;9.895.288;104.712;0;9.869.281;130.719;0
2014;SP;;;3554656;0;0;0;8.896.104;1.103.896;0;7.920.792;2.079.208;0
2014;SP;;;3557154;0;0;0;986.755;0.6622517;0.6622517;967.033;2.197.802;1.098.901
2014;SP;;;3503356;100;0;0;9.830.508;1.694.915;0;9.298.245;0;7.017.544
2014;SP;;;3507753;0;0;0;9.680.851;3.191.489;0;9.349.593;6.504.065;0
2014;SP;;;3540853;0;0;0;9.882.353;1.176.471;0;9.230.769;7.692.307;0
2014;SP;;;3541059;0;0;0;9.670.051;3.299.492;0;9.439.655;5.603.448;0
2014;SP;;;3547650;100;0;0;9.782.609;2.173.913;0;9.552.238;2.985.075;1.492.537
2014;SP;;;3556958;0;0;0;981.132;1.886.792;0;9.836.066;1.639.344;0
2014;SP;;;3521150;0;0;0;9.145.908;4.270.463;4.270.463;7.747.748;2.252.252;0
2014;SP;;;3553658;0;0;0;9.726.028;1.369.863;1.369.863;9.578.947;4.210.526;0
2014;SP;;;3515657;0;0;0;93.75;6.25;0;9.152.542;8.474.576;0
2014;SP;;;3516853;0;0;0;918.728;2.120.141;6.007.067;7.018.349;1.559.633;1.422.018
2014;SP;;;3532157;0;0;0;100;0;0;100;0;0
2014;SP;;;3532868;0;0;0;100;0;0;100;0;0
2014;SP;;;3534757;0;0;0;981.352;1.398.601;0.4662005;9.578.164;4.218.362;0
2014;SP;;;3536570;0;0;0;9.903.846;0;0.9615384;9.452.055;0;5.479.452
2014;SP;;;3543238;0;0;0;9.716.982;0.9433962;1.886.792;96;4;0
2014;SP;;;3550308;9.760.664;1.608.238;0.7851169;876.833;8.825.262;3.491.434;745.726;1.761.399;7.813.413
2014;SP;;;3500105;0;0;0;8.957.465;1.034.195;0.08340283;8.948.626;1.051.374;0
2014;SP;;;3500303;9.961.539;0.3846154;0;9.617.487;3.200.624;0.6245121;9.121.706;8.406.525;0.3764116
2014;SP;;;3500501;9.705.882;2.941.176;0;95.2;4;0.8;876.652;5.286.344;7.048.458
2014;SP;;;3500402;0;0;0;990.228;0.9771987;0;9.689.922;3.100.775;0
2014;SP;;;3500709;0;0;0;9.008.575;7.234.727;2.679.528;9.954.751;0.4524887;0
2014;SP;;;3500808;9.808.612;1.435.407;0.4784689;8.829.269;9.268.292;2.439.024;8.175.676;1.148.649;6.756.757
2014;SP;;;3500907;0;0;0;9.911.111;0;0.8888889;9.806.451;0;1.935.484
2014;SP;;;3501004;0;0;0;9.930.796;0.3460208;0.3460208;9.756.097;2.439.024;0
2014;SP;;;3501103;0;0;0;9.615.385;2.747.253;1.098.901;9.097.744;4.511.278;4.511.278
2014;SP;;;3501202;0;0;0;9.361.702;5.319.149;106.383;9.014.085;7.746.479;2.112.676
2014;SP;;;3501400;0;0;0;9.891.892;1.081.081;0;9.078.947;9.210.526;0
2014;SP;;;3501509;0;0;0;8.908.297;9.606.987;1.310.044;7.868.852;1.147.541;9.836.065
2014;SP;;;3501608;9.918.108;0.800728;0.01819836;9.404.409;4.524.515;1.431.392;9.655.312;3.203.568;0.243309
2014;SP;;;3501707;0;0;0;8.893.281;9.090.909;1.976.285;9.824.561;1.754.386;0
2014;SP;;;3501806;0;0;0;9.133.858;7.874.016;0.7874016;95;5;0
2014;SP;;;3501905;9.807.047;1.677.852;0.2516778;9.368.502;3.003.466;3.311.513;9.644.269;3.557.312;0
2014;SP;;;3502101;0;0;0;9.076.717;4.727.921;4.504.906;970.516;2.948.403;0
2014;SP;;;3502200;9.639.639;2.702.703;0.9009009;8.868.421;9.473.684;1.842.105;100;0;0
2014;SP;;;3502408;0;0;0;8.645.419;1.035.857;3.187.251;9.452.055;3.424.658;2.054.795
2014;SP;;;3502606;0;0;0;9.464.286;5.357.143;0;9.593.023;4.069.767;0
2014;SP;;;3502705;9.671.747;2.930.832;0.3516999;9.716.927;2.310.803;0.5199307;100;0;0
2014;SP;;;3502804;0;0;0;9.409.122;4.533.696;1.375.085;9.592.593;4.074.074;0
2014;SP;;;3503000;0;0;0;936.937;3.903.904;2.402.402;8.442.211;8.542.713;7.035.176
2014;SP;;;3503109;0;0;0;929.972;3.921.569;3.081.233;8.046.875;3.515.625;1.601.563
2014;SP;;;3503208;9.972.403;0.1774098;0.09856101;9.206.571;6.990.563;0.9437259;9.697.414;2.684.236;0.3416301
2014;SP;;;3503307;9.954.918;0.4098361;0.04098361;945.555;3.392.951;2.051.552;9.893.758;0.7968128;0.2656043
2014;SP;;;3503406;0;0;0;9.560.439;3.516.484;0.8791209;96.337;1.831.502;1.831.502
2014;SP;;;3503703;0;0;0;9.800.995;1.492.537;0.4975124;9.751.773;248.227;0
2014;SP;;;3503802;0;0;0;8.827.451;8.941.176;2.784.314;9.729.729;2.702.703;0
2014;SP;;;3503901;0;0;0;9.324.117;5.280.338;1.478.495;9.823.399;1.324.503;0.4415011
2014;SP;;;3504008;0;0;0;9.328.549;5.074.321;1.640.185;964.883;3.511.706;0
2014;SP;;;3504107;9.932.546;0.3372681;0.3372681;9.363.493;4.081.633;2.283.431;9.777.778;2.222.222;0
2014;SP;;;3504206;0;0;0;9.780.034;1.861.252;0.3384095;9.886.364;1.136.364;0
2014;SP;;;3504305;9.090.909;5.454.545;3.636.364;9.635.258;3.647.416;0;9.477.911;0.4016064;4.819.277
2014;SP;;;3504404;0;0;0;8.699.187;6.097.561;6.910.569;7.702.265;1.003.236;1.294.498
2014;SP;;;3504503;0;0;0;9.377.468;4.250.871;1.974.448;782.693;128.832;8.847.497
2014;SP;;;3504602;0;0;0;8.943.299;9.793.815;0.7731959;795.053;1.925.795;1.236.749
2014;SP;;;3504701;0;0;0;9.830.508;1.694.915;0;100;0;0
2014;SP;;;3504800;0;0;0;9.740.932;0.2590674;2.331.606;9.059.561;2.507.837;6.896.552
2014;SP;;;3505005;100;0;0;9.424.779;4.424.779;1.327.434;8.461.539;9.615.385;5.769.231
2014;SP;;;3505104;0;0;0;8.759.494;1.037.975;2.025.316;8.099.548;1.719.457;1.809.955
2014;SP;;;3505203;0;0;0;988.764;0.3745318;0.7490637;9.431.705;3.788.634;1.894.317
2014;SP;;;3505302;0;0;0;973.826;200.154;0.6158584;9.237.984;4.572.098;3.048.066
2014;SP;;;3505401;0;0;0;8.983.871;5.322.581;483.871;8.295.739;9.022.556;802.005
2014;SP;;;3505500;0;0;0;9.802.817;1.267.606;0.7042254;9.398.546;3.635.162;2.379.379
2014;SP;;;3505807;9.780.019;2.108.158;0.09165902;9.754.653;1.269.036;1.184.433;9.222.083;4.015.057;3.764.115
2014;SP;;;3505906;9.701.087;298.913;0;9.025.157;5.390.836;4.357.592;8.172.342;7.991.661;1.028.492
2014;SP;;;3506003;9.800.985;1.546.798;0.4433497;9.278.997;4.588.202;262.183;8.473.703;9.488.523;5.774.444
2014;SP;;;3506102;0;0;0;9.308.115;3.168.445;3.750.404;8.417.639;7.090.359;8.733.247
2014;SP;;;3506201;0;0;0;973.913;173.913;0.8695652;9.292.036;4.424.779;2.654.867
2014;SP;;;3506300;0;0;0;9.605.027;2.333.932;1.615.799;100;0;0
2014;SP;;;3506409;0;0;0;910.145;6.666.667;2.318.841;880.597;6.965.174;4.975.124
2014;SP;;;3506508;0;0;0;9.617.509;2.358.691;1.466.213;981.982;0;1.801.802
2014;SP;;;3506607;0;0;0;9.137.363;5.714.286;2.912.088;7.520.058;1.298.322;1.181.619
2014;SP;;;3506805;0;0;0;907.496;845.295;0.7974482;8.503.741;9.975.062;4.987.531
2014;SP;;;3506904;0;0;0;8.087.431;1.092.896;8.196.721;8.133.334;9.333.333;9.333.333
2014;SP;;;3507100;0;0;0;9.367.494;5.444.355;0.8807046;87.5;12.5;0
2014;SP;;;3507209;0;0;0;100;0;0;100;0;0
2014;SP;;;3507308;0;0;0;9.204.546;7.575.758;0.3787879;8.820.225;7.303.371;4.494.382
2014;SP;;;3507407;9.914.163;0.8583691;0;9.934.896;0.6510417;0;9.640.592;2.536.998;1.057.082
2014;SP;;;3507506;0;0;0;8.687.531;8.202.928;4.921.757;9.586.375;4.136.253;0
2014;SP;;;3523107;9.828.953;1.335.002;0.3754693;921.912;5.583.355;2.225.441;8.376.857;1.107.046;5.160.964
2014;SP;;;3523206;0;0;0;966.895;1.883.562;1.426.941;9.836.066;1.639.344;0
2014;SP;;;3523305;9.631.579;3.684.211;0;9.028.214;9.090.909;0.6269593;8.704.028;770.578;5.253.941
2014;SP;;;3523503;0;0;0;9.368.089;3.949.447;2.369.668;8.033.283;1.225.416;7.413.011
2014;SP;;;3523602;0;0;0;9.738.718;1.187.648;1.425.178;920.668;2.713.988;5.219.207
2014;SP;;;3523701;0;0;0;9.099.757;486.618;4.136.253;8.789.063;4.296.875;78.125
2014;SP;;;3523800;100;0;0;9.970.588;0.2941177;0;9.859.813;1.401.869;0
2014;SP;;;3523909;0;0;0;8.978.972;9.077.103;1.133.178;9.363.723;6.077.873;0.2849003
2014;SP;;;3524006;0;0;0;9.358.231;5.148.658;1.269.036;953.271;4.205.607;0.4672897
2014;SP;;;3524303;0;0;0;9.303.461;2.129.547;4.835.847;9.692.118;2.955.665;0.1231527
2014;SP;;;3524402;9.946.619;0.3558719;0.1779359;9.299.218;5.800.257;1.207.562;9.418.262;5.596.466;0.2209131
2014;SP;;;3524501;0;0;0;8.265.896;1.647.399;0.867052;8.813.559;1.186.441;0
2014;SP;;;3524600;0;0;0;9.960.784;0;0.3921569;98;2;0
2014;SP;;;3524808;0;0;0;9.825.304;1.323.452;0.4235045;9.850.746;1.492.537;0
2014;SP;;;3525003;0;0;0;873.751;8.072.958;4.551.943;8.002.673;1.021.577;9.757.495
2014;SP;;;3525201;0;0;0;9.556.136;3.498.694;0.9399478;8.861.789;8.292.683;3.089.431
2014;SP;;;3525300;0;0;0;9.351.792;4.829.362;1.652.715;8.772.358;701.897;5.257.452
2014;SP;;;3525607;0;0;0;980.695;0;1.930.502;8.958.334;4.166.667;6.25
2014;SP;;;3525706;9.791.154;2.088.452;0;9.567.355;3.638.151;0.6882989;8.827.161;8.024.692;3.703.704
2014;SP;;;3525805;0;0;0;9.969.136;0.308642;0;9.904.762;0;0.952381
2014;SP;;;3525904;0;0;0;9.489.546;4.006.713;1.097.825;8.676.866;1.012.105;3.110.289
2014;SP;;;3526001;0;0;0;9.606.099;3.939.009;0;9.266.409;7.142.857;0.1930502
2014;SP;;;3526100;0;0;0;9.106.145;7.541.899;1.396.648;8.914.342;8.266.932;2.589.641
2014;SP;;;3526209;9.733.871;2.580.645;0.08064516;9.067.683;6.409.682;2.913.492;821.196;6.571.936;1.130.847
2014;SP;;;3526308;0;0;0;9.202.279;4.273.504;3.703.704;9.087.137;5.394.191;373.444
2014;SP;;;3526407;0;0;0;8.647.687;8.896.797;4.626.335;8.441.358;1.111.111;4.475.308
2014;SP;;;3526605;0;0;0;884.058;1.014.493;1.449.275;8.197.279;1.666.667;1.360.544
2014;SP;;;3526704;0;0;0;9.719.376;1.158.129;1.648.107;9.203.655;3.328.982;4.634.465
2014;SP;;;3526803;0;0;0;9.182.561;5.613.079;2.561.308;989.899;1.010.101;0
2014;SP;;;3526902;9.701.349;2.697.495;0.2890173;9.176.605;4.984.709;3.249.235;9.055.707;8.967.391;0.4755435
2014;SP;;;3527108;9.632.256;3.588.835;0.0886132;8.378.294;1.430.364;1.913.425;9.495.798;5.042.017;0
2014;SP;;;3527207;0;0;0;8.137.255;1.466.667;3.960.784;9.682.539;3.174.603;0
2014;SP;;;3527306;0;0;0;9.622.378;2.051.282;1.724.942;8.770.318;9.540.636;2.756.184
2014;SP;;;3527405;0;0;0;9.526.067;4.739.336;0;9.787.234;212.766;0
2014;SP;;;3527504;0;0;0;9.946.236;0;0.5376344;100;0;0
2014;SP;;;3527702;0;0;0;9.470.588;2.352.941;2.941.176;9.142.857;4.285.714;4.285.714
2014;SP;;;3527801;0;0;0;9.330.544;585.774;0.8368201;8.762.887;1.134.021;1.030.928
2014;SP;;;3527900;0;0;0;9.016.393;9.289.618;0.5464481;8.828.125;859.375;3.125
2014;SP;;;3528007;0;0;0;9.882.629;0.9389671;0.2347418;9.746.268;1.940.299;0.5970149
2014;SP;;;3528106;100;0;0;9.610.779;1.497.006;239.521;9.347.826;1.304.348;5.217.391
2014;SP;;;3528205;0;0;0;9.693.877;255.102;0.5102041;9.262.295;5.737.705;1.639.344
2014;SP;;;3528304;0;0;0;9.673.203;1.960.784;130.719;91.2;8;0.8
2014;SP;;;3528502;0;0;0;9.854.498;0.7275133;0.7275133;9.652.934;2.426.636;1.044.018
2014;SP;;;3528601;0;0;0;9.376.257;1.609.658;4.627.767;8.636.364;2.797.203;1.083.916
2014;SP;;;3528700;0;0;0;9.935.484;0.6451613;0;9.809.524;1.904.762;0
2014;SP;;;3528809;0;0;0;9.692.308;2;1.076.923;100;0;0
2014;SP;;;3528908;0;0;0;9.011.628;7.558.139;2.325.581;8.467.742;967.742;5.645.161
2014;SP;;;3529005;9.923.996;0.7600434;0;9.535.802;336.544;1.276.546;100;0;0
2014;SP;;;3529104;0;0;0;9.478.261;5.217.391;0;9.285.714;7.142.857;0
2014;SP;;;3529203;0;0;0;970.181;2.023.429;0.9584665;9.183.673;8.163.265;0
2014;SP;;;3529302;9.944.833;0.4413387;0.1103347;9.755.827;2.034.776;0.4069552;9.874.477;0.41841;0.8368201
2014;SP;;;3529401;9.793.097;1.822.132;0.2469014;916.437;6.763.511;1.592.788;8.557.231;1.102.924;3.398.446
2014;SP;;;3529500;0;0;0;9.377.432;5.447.471;0.7782101;828.125;1.302.083;4.166.667
2014;SP;;;3529609;0;0;0;9.774.775;2.252.252;0;9.865.771;0.671141;0.671141
2014;SP;;;3529807;0;0;0;963.434;3.656.598;0;100;0;0
2014;SP;;;3530003;0;0;0;9.357.143;6.428.571;0;9.215.686;7.843.137;0
2014;SP;;;3529906;93.75;6.25;0;9.266.582;6.505.102;0.8290817;100;0;0
2014;SP;;;3530102;0;0;0;9.655.532;2.400.835;1.043.841;9.712.643;2.011.494;0.862069
2014;SP;;;3530201;9.508.197;4.918.033;0;9.649.622;3.125;0.3787879;9.138.818;6.041.131;2.570.694
2014;SP;;;3530300;0;0;0;9.428.111;3.060.813;2.658.075;8.989.899;8.080.808;2.020.202
2014;SP;;;3530409;0;0;0;8.839.286;8.928.572;2.678.571;8.897.059;8.823.529;2.205.882
2014;SP;;;3530508;9.884.763;1.024.328;0.128041;9.550.439;3.545.322;0.9502924;8.406.113;1.386.463;2.074.236
2014;SP;;;3545001;0;0;0;9.172.414;5.517.241;2.758.621;7.280.187;1.664.713;10.551
2014;SP;;;3545100;0;0;0;9.534.161;1.863.354;2.795.031;9.222.798;1.036.269;6.735.751
2014;SP;;;3545209;9.894.459;1.055.409;0;9.754.066;2.439.969;0.01936483;9.736.264;2.637.363;0
2014;SP;;;3545407;0;0;0;8.930.582;6.378.987;4.315.197;8.717.201;6.413.994;6.413.994
2014;SP;;;3545308;100;0;0;9.524.048;2.655.311;2.104.208;9.891.304;1.086.957;0
2014;SP;;;3545605;0;0;0;9.781.931;1.557.632;0.623053;9.863.013;1.369.863;0
2014;SP;;;3545704;0;0;0;9.806.201;1.937.984;0;9.306.931;6.930.693;0
2014;SP;;;3545803;9.884.654;115.346;0;928.953;5.194.979;1.909.722;9.915.966;0.5602241;0.2801121
2014;SP;;;3500550;0;0;0;9.212.828;3.790.087;4.081.633;8.055.556;4.761.905;1.468.254
2014;SP;;;3546108;0;0;0;100;0;0;9.090.909;9.090.909;0
2014;SP;;;3546207;0;0;0;9.834.711;1.652.893;0;9.113.924;3.164.557;5.696.203
2014;SP;;;3546306;0;0;0;9.291.444;421.123;2.874.331;9.726.028;2.054.795;0.6849315
2014;SP;;;3546405;100;0;0;9.358.447;3.649.205;2.766.333;9.806.094;0.8310249;1.108.033
2014;SP;;;3546504;0;0;0;989.011;0;1.098.901;9.496.124;1.162.791;3.875.969
2014;SP;;;3546603;0;0;0;9.583.334;2.777.778;1.388.889;9.560.976;4.390.244;0
2014;SP;;;3546801;0;0;0;9.676.617;2.345.416;0.888415;9.825.327;1.746.725;0
2014;SP;;;3546900;0;0;0;9.888.889;1.111.111;0;968.661;3.133.903;0
2014;SP;;;3547007;0;0;0;9.756.097;152.439;0.9146342;9.835.391;0.8230453;0.8230453
2014;SP;;;3547106;0;0;0;9.842.105;1.578.947;0;100;0;0
2014;SP;;;3547403;0;0;0;9.481.481;5.185.185;0;9.489.796;4.081.633;1.020.408
2014;SP;;;3547502;0;0;0;8.898.305;8.474.576;2.542.373;9.488.636;3.409.091;1.704.545
2014;SP;;;3547601;0;0;0;9.633.028;293.578;0.733945;9.866.666;1.333.333;0
2014;SP;;;3547205;100;0;0;100;0;0;100;0;0
2014;SP;;;3547700;0;0;0;929.558;4.005.525;3.038.674;9.661.835;3.381.643;0
2014;SP;;;3547809;982.076;1.556.135;0.2362718;9.008.938;7.523.601;238.702;7.802.496;1.652.236;5.452.689
2014;SP;;;3547908;0;0;0;9.509.537;4.087.193;0.8174387;9.244.444;7.111.111;0.4444444
2014;SP;;;3548104;100;0;0;9.763.593;2.364.066;0;98.75;0.8333333;0.4166667
2014;SP;;;3548302;0;0;0;9.350.649;5.844.156;0.6493506;8.582.677;9.448.819;472.441
2014;SP;;;3548401;0;0;0;9.918.033;0.8196721;0;9.745.223;2.547.771;0
2014;SP;;;3548500;9.916.318;0.8368201;0;8.979.791;9.045.296;1.156.794;9.406.176;3.800.475;2.137.767
2014;SP;;;3548609;0;0;0;959.381;270.793;1.353.965;9.795.918;2.040.816;0
2014;SP;;;3548708;0;0;0;888.588;8.620.549;2.520.644;7.809.726;1.668.544;5.217.305
2014;SP;;;3548807;0;0;0;9.131.161;7.351.713;1.336.675;7.715.401;1.767.147;5.174.518
2014;SP;;;3548906;9.959.232;0.2717853;0.1358926;9.509.511;4.019.619;0.8852733;9.608.247;1.649.485;2.268.041
2014;SP;;;3549003;100;0;0;9.943.182;0.5681818;0;100;0;0
2014;SP;;;3549102;0;0;0;9.343.575;5.167.598;1.396.648;9.674.267;3.257.329;0
2014;SP;;;3549201;0;0;0;96.875;0;3.125;8.962.264;8.490.566;1.886.792
2014;SP;;;3549300;0;0;0;100;0;0;98;2;0
2014;SP;;;3549409;972.334;2.615.694;0.1509054;9.236.475;4.406.632;3.228.621;100;0;0
2014;SP;;;3549508;0;0;0;9.334.566;3.142.329;3.512.015;8.647.887;3.380.282;1.014.085
2014;SP;;;3549904;9.803.575;1.663.066;0.3011851;9.257.195;6.700.034;0.7280173;991.573;0.5617977;0.2808989
2014;SP;;;3549706;9.921.414;0.7858546;0;9.469.733;4.645.706;0.6569685;9.730.539;239.521;0.2994012
2014;SP;;;3549805;9.992.509;0;0.07490636;9.359.373;5.040.339;1.365.924;9.508.475;4.745.763;0.1694915
2014;SP;;;3550100;0;0;0;9.608.524;2.527.255;1.387.512;9.095.744;6.914.894;212.766
2014;SP;;;3550209;0;0;0;9.362.745;5.637.255;0.7352941;8.394.698;1.111.929;4.933.726
2014;SP;;;3550407;0;0;0;7.883.436;1.380.368;7.361.963;9.779.736;1.321.586;0.8810573
2014;SP;;;3550506;0;0;0;9.650.349;0.9324009;2.564.103;909.375;46.875;4.375
2014;SP;;;3550803;0;0;0;9.615.385;1.505.017;2.341.137;9.651.163;2.906.977;0.5813953
2014;SP;;;3550902;100;0;0;8.274.509;1.254.902;4.705.883;9.782.609;0;2.173.913
2014;SP;;;3551009;9.446.693;4.993.252;0.5398111;9.025.298;8.411.455;1.335.559;9.876.033;0.8264463;0.4132231
2014;SP;;;3551108;0;0;0;9.490.807;466.761;0.4243281;8.781.039;8.352.144;3.837.472
2014;SP;;;3551207;0;0;0;92.5;2.5;5;7.883.212;9.489.051;1.167.883
2014;SP;;;3551306;0;0;0;9.858.156;0.7092199;0.7092199;9.492.754;1.449.275;3.623.188
2014;SP;;;3551405;0;0;0;9.306.931;3.960.396;2.970.297;8.136.793;1.273.585;5.896.226
2014;SP;;;3551603;973.749;2.296.965;0.3281378;9.518.073;3.356.282;1.462.995;942.623;5.737.705;0
2014;SP;;;3551504;0;0;0;8.986.629;6.755.806;3.377.903;9.818.182;1.818.182;0
;SP;;;;;;;;;;;;
;SP;;;;;;;;;;;;
;SP;;;;;;;;;;;;
;SP;;;;;;;;;;;;
;SP;;;;;;;;;;;;
;SP;;;;;;;;;;;;
;SP;;;;;;;;;;;;
;SP;;;;;;;;;;;;
;SP;;;;;;;;;;;;
;SP;;;;;;;;;;;;
;SP;;;;;;;;;;;;
;SP;;;;;;;;;;;;
;SP;;;;;;;;;;;;
;SP;;;;;;;;;;;;
;SP;;;;;;;;;;;;
;SP;;;;;;;;;;;;
;SP;;;;;;;;;;;;
;SP;;;;;;;;;;;;
;SP;;;;;;;;;;;;
;SP;;;;;;;;;;;;
;SP;;;;;;;;;;;;
;SP;;;;;;;;;;;;
;SP;;;;;;;;;;;;
;SP;;;;;;;;;;;;
;SP;;;;;;;;;;;;
;SP;;;;;;;;;;;;
;SP;;;;;;;;;;;;
;SP;;;;;;;;;;;;
;SP;;;;;;;;;;;;
;SP;;;;;;;;;;;;
;SP;;;;;;;;;;;;
;SP;;;;;;;;;;;;
;SP;;;;;;;;;;;;
;SP;;;;;;;;;;;;
;SP;;;;;;;;;;;;
;SP;;;;;;;;;;;;
;SP;;;;;;;;;;;;
;SP;;;;;;;;;;;;
;SP;;;;;;;;;;;;
;SP;;;;;;;;;;;;
;SP;;;;;;;;;;;;
;SP;;;;;;;;;;;;
;SP;;;;;;;;;;;;
;SP;;;;;;;;;;;;
;SP;;;;;;;;;;;;
;SP;;;;;;;;;;;;
;SP;;;;;;;;;;;;
;SP;;;;;;;;;;;;
;SP;;;;;;;;;;;;
;SP;;;;;;;;;;;;
;SP;;;;;;;;;;;;
;SP;;;;;;;;;;;;
;SP;;;;;;;;;;;;
;SP;;;;;;;;;;;;
;SP;;;;;;;;;;;;
;SP;;;;;;;;;;;;
;SP;;;;;;;;;;;;
;SP;;;;;;;;;;;;
;SP;;;;;;;;;;;;
;SP;;;;;;;;;;;;
;SP;;;;;;;;;;;;
;SP;;;;;;;;;;;;
;SP;;;;;;;;;;;;
;SP;;;;;;;;;;;;
;SP;;;;;;;;;;;;
;SP;;;;;;;;;;;;
;SP;;;;;;;;;;;;
;SP;;;;;;;;;;;;
;SP;;;;;;;;;;;;
;SP;;;;;;;;;;;;
;SP;;;;;;;;;;;;
;SP;;;;;;;;;;;;
;SP;;;;;;;;;;;;
;SP;;;;;;;;;;;;
;SP;;;;;;;;;;;;
;SP;;;;;;;;;;;;
;SP;;;;;;;;;;;;
;SP;;;;;;;;;;;;
;SP;;;;;;;;;;;;
;SP;;;;;;;;;;;;
;SP;;;;;;;;;;;;
;SP;;;;;;;;;;;;
;SP;;;;;;;;;;;;
;SP;;;;;;;;;;;;
;SP;;;;;;;;;;;;
;SP;;;;;;;;;;;;
;SP;;;;;;;;;;;;
;SP;;;;;;;;;;;;
;SP;;;;;;;;;;;;
;SP;;;;;;;;;;;;
;SP;;;;;;;;;;;;
;SP;;;;;;;;;;;;
;SP;;;;;;;;;;;;
;SP;;;;;;;;;;;;
;SP;;;;;;;;;;;;
;SP;;;;;;;;;;;;
;SP;;;;;;;;;;;;
;SP;;;;;;;;;;;;
;SP;;;;;;;;;;;;
;SP;;;;;;;;;;;;
;SP;;;;;;;;;;;;
;SP;;;;;;;;;;;;
;SP;;;;;;;;;;;;
;SP;;;;;;;;;;;;
;SP;;;;;;;;;;;;
;SP;;;;;;;;;;;;
;SP;;;;;;;;;;;;
;SP;;;;;;;;;;;;
;SP;;;;;;;;;;;;
;SP;;;;;;;;;;;;
;SP;;;;;;;;;;;;
;SP;;;;;;;;;;;;
;SP;;;;;;;;;;;;
;SP;;;;;;;;;;;;
;SP;;;;;;;;;;;;
;SP;;;;;;;;;;;;
;SP;;;;;;;;;;;;
;SP;;;;;;;;;;;;
;SP;;;;;;;;;;;;
;SP;;;;;;;;;;;;
;SP;;;;;;;;;;;;
;SP;;;;;;;;;;;;
;SP;;;;;;;;;;;;
;SP;;;;;;;;;;;;
;SP;;;;;;;;;;;;
;SP;;;;;;;;;;;;
;SP;;;;;;;;;;;;
;SP;;;;;;;;;;;;
;SP;;;;;;;;;;;;
;SP;;;;;;;;;;;;
;SP;;;;;;;;;;;;
;SP;;;;;;;;;;;;
;SP;;;;;;;;;;;;
;SP;;;;;;;;;;;;
;SP;;;;;;;;;;;;
;SP;;;;;;;;;;;;
;SP;;;;;;;;;;;;
;SP;;;;;;;;;;;;
;SP;;;;;;;;;;;;
;SP;;;;;;;;;;;;
;SP;;;;;;;;;;;;
;SP;;;;;;;;;;;;
;SP;;;;;;;;;;;;
;SP;;;;;;;;;;;;
;SP;;;;;;;;;;;;
;SP;;;;;;;;;;;;
;SP;;;;;;;;;;;;
;SP;;;;;;;;;;;;
;SP;;;;;;;;;;;;
;SP;;;;;;;;;;;;
;SP;;;;;;;;;;;;
;SP;;;;;;;;;;;;
;SP;;;;;;;;;;;;
;SP;;;;;;;;;;;;
;SP;;;;;;;;;;;;
;SP;;;;;;;;;;;;
;SP;;;;;;;;;;;;
;SP;;;;;;;;;;;;
;SP;;;;;;;;;;;;
;SP;;;;;;;;;;;;
;SP;;;;;;;;;;;;
;SP;;;;;;;;;;;;
;SP;;;;;;;;;;;;
;SP;;;;;;;;;;;;
;SP;;;;;;;;;;;;
;SP;;;;;;;;;;;;
;SP;;;;;;;;;;;;
;SP;;;;;;;;;;;;
;SP;;;;;;;;;;;;
;SP;;;;;;;;;;;;
;SP;;;;;;;;;;;;
;SP;;;;;;;;;;;;
;SP;;;;;;;;;;;;
;SP;;;;;;;;;;;;
;SP;;;;;;;;;;;;
;SP;;;;;;;;;;;;
;SP;;;;;;;;;;;;
;SP;;;;;;;;;;;;
;SP;;;;;;;;;;;;
;SP;;;;;;;;;;;;
;SP;;;;;;;;;;;;
;SP;;;;;;;;;;;;
;SP;;;;;;;;;;;;
;SP;;;;;;;;;;;;
;SP;;;;;;;;;;;;
;SP;;;;;;;;;;;;
;SP;;;;;;;;;;;;
;SP;;;;;;;;;;;;
;SP;;;;;;;;;;;;
;SP;;;;;;;;;;;;
;SP;;;;;;;;;;;;
;SP;;;;;;;;;;;;
;SP;;;;;;;;;;;;
;SP;;;;;;;;;;;;
;SP;;;;;;;;;;;;
;SP;;;;;;;;;;;;
;SP;;;;;;;;;;;;
;SP;;;;;;;;;;;;
;SP;;;;;;;;;;;;
;SP;;;;;;;;;;;;
;SP;;;;;;;;;;;;
;SP;;;;;;;;;;;;
;SP;;;;;;;;;;;;
;SP;;;;;;;;;;;;
;SP;;;;;;;;;;;;
;SP;;;;;;;;;;;;
;SP;;;;;;;;;;;;
;SP;;;;;;;;;;;;
;SP;;;;;;;;;;;;
;SP;;;;;;;;;;;;
;SP;;;;;;;;;;;;
;SP;;;;;;;;;;;;
;SP;;;;;;;;;;;;
;SP;;;;;;;;;;;;
;SP;;;;;;;;;;;;
;SP;;;;;;;;;;;;
;SP;;;;;;;;;;;;
;SP;;;;;;;;;;;;
;SP;;;;;;;;;;;;
;SP;;;;;;;;;;;;
;SP;;;;;;;;;;;;
;SP;;;;;;;;;;;;
;SP;;;;;;;;;;;;
;SP;;;;;;;;;;;;
;SP;;;;;;;;;;;;
;SP;;;;;;;;;;;;
;SP;;;;;;;;;;;;
;SP;;;;;;;;;;;;
;SP;;;;;;;;;;;;
;SP;;;;;;;;;;;;
;SP;;;;;;;;;;;;
;SP;;;;;;;;;;;;
;SP;;;;;;;;;;;;
;SP;;;;;;;;;;;;
;SP;;;;;;;;;;;;
;SP;;;;;;;;;;;;
;SP;;;;;;;;;;;;
;SP;;;;;;;;;;;;
;SP;;;;;;;;;;;;
;SP;;;;;;;;;;;;
;SP;;;;;;;;;;;;
;SP;;;;;;;;;;;;
;SP;;;;;;;;;;;;
;SP;;;;;;;;;;;;
;SP;;;;;;;;;;;;
;SP;;;;;;;;;;;;
;SP;;;;;;;;;;;;
;SP;;;;;;;;;;;;
;SP;;;;;;;;;;;;
;SP;;;;;;;;;;;;
;SP;;;;;;;;;;;;
;SP;;;;;;;;;;;;
;SP;;;;;;;;;;;;
;SP;;;;;;;;;;;;
;SP;;;;;;;;;;;;
;SP;;;;;;;;;;;;
;SP;;;;;;;;;;;;
;SP;;;;;;;;;;;;
;SP;;;;;;;;;;;;
;SP;;;;;;;;;;;;
;SP;;;;;;;;;;;;
;SP;;;;;;;;;;;;
;SP;;;;;;;;;;;;
;SP;;;;;;;;;;;;
;SP;;;;;;;;;;;;
;SP;;;;;;;;;;;;
;SP;;;;;;;;;;;;
;SP;;;;;;;;;;;;
;SP;;;;;;;;;;;;
;SP;;;;;;;;;;;;
;SP;;;;;;;;;;;;
;SP;;;;;;;;;;;;
;SP;;;;;;;;;;;;
;SP;;;;;;;;;;;;
;SP;;;;;;;;;;;;
;SP;;;;;;;;;;;;
;SP;;;;;;;;;;;;
;SP;;;;;;;;;;;;
;SP;;;;;;;;;;;;
;SP;;;;;;;;;;;;
;SP;;;;;;;;;;;;
;SP;;;;;;;;;;;;
;SP;;;;;;;;;;;;
;SP;;;;;;;;;;;;
;SP;;;;;;;;;;;;
;SP;;;;;;;;;;;;
;SP;;;;;;;;;;;;
;SP;;;;;;;;;;;;
;SP;;;;;;;;;;;;
;SP;;;;;;;;;;;;
;SP;;;;;;;;;;;;
;SP;;;;;;;;;;;;
;SP;;;;;;;;;;;;
;SP;;;;;;;;;;;;
;SP;;;;;;;;;;;;
;SP;;;;;;;;;;;;
;SP;;;;;;;;;;;;
;SP;;;;;;;;;;;;
;SP;;;;;;;;;;;;
;SP;;;;;;;;;;;;
;SP;;;;;;;;;;;;
;SP;;;;;;;;;;;;
;SP;;;;;;;;;;;;
;SP;;;;;;;;;;;;
;SP;;;;;;;;;;;;
;SP;;;;;;;;;;;;
;SP;;;;;;;;;;;;
;SP;;;;;;;;;;;;
;SP;;;;;;;;;;;;
;SP;;;;;;;;;;;;
;SP;;;;;;;;;;;;
;SP;;;;;;;;;;;;
;SP;;;;;;;;;;;;
;SP;;;;;;;;;;;;
;SP;;;;;;;;;;;;
;SP;;;;;;;;;;;;
;SP;;;;;;;;;;;;
;SP;;;;;;;;;;;;
;SP;;;;;;;;;;;;
;SP;;;;;;;;;;;;
;SP;;;;;;;;;;;;
;SP;;;;;;;;;;;;
;SP;;;;;;;;;;;;
;SP;;;;;;;;;;;;
;SP;;;;;;;;;;;;
;SP;;;;;;;;;;;;
;SP;;;;;;;;;;;;
;SP;;;;;;;;;;;;
;SP;;;;;;;;;;;;
;SP;;;;;;;;;;;;
;SP;;;;;;;;;;;;
;SP;;;;;;;;;;;;
;SP;;;;;;;;;;;;
;SP;;;;;;;;;;;;
;SP;;;;;;;;;;;;
;SP;;;;;;;;;;;;
;SP;;;;;;;;;;;;
;SP;;;;;;;;;;;;
;SP;;;;;;;;;;;;
;SP;;;;;;;;;;;;
;SP;;;;;;;;;;;;
;SP;;;;;;;;;;;;
;SP;;;;;;;;;;;;
;SP;;;;;;;;;;;;
;SP;;;;;;;;;;;;
;SP;;;;;;;;;;;;
;SP;;;;;;;;;;;;
;SP;;;;;;;;;;;;
;SP;;;;;;;;;;;;
;SP;;;;;;;;;;;;
;SP;;;;;;;;;;;;
;SP;;;;;;;;;;;;
;SP;;;;;;;;;;;;
;SP;;;;;;;;;;;;
;SP;;;;;;;;;;;;
;SP;;;;;;;;;;;;
;SP;;;;;;;;;;;;
;SP;;;;;;;;;;;;
;SP;;;;;;;;;;;;
;SP;;;;;;;;;;;;
;SP;;;;;;;;;;;;
;SP;;;;;;;;;;;;
;SP;;;;;;;;;;;;
;SP;;;;;;;;;;;;
;SP;;;;;;;;;;;;
;SP;;;;;;;;;;;;
;SP;;;;;;;;;;;;
;SP;;;;;;;;;;;;
;SP;;;;;;;;;;;;
;SP;;;;;;;;;;;;
;SP;;;;;;;;;;;;
;SP;;;;;;;;;;;;
;SP;;;;;;;;;;;;
;SP;;;;;;;;;;;;
;SP;;;;;;;;;;;;
;SP;;;;;;;;;;;;
;SP;;;;;;;;;;;;
;SP;;;;;;;;;;;;
;SP;;;;;;;;;;;;
;SP;;;;;;;;;;;;
;SP;;;;;;;;;;;;
;SP;;;;;;;;;;;;
;SP;;;;;;;;;;;;
;SP;;;;;;;;;;;;
;SP;;;;;;;;;;;;
;SP;;;;;;;;;;;;
;SP;;;;;;;;;;;;
;SP;;;;;;;;;;;;
;SP;;;;;;;;;;;;
;SP;;;;;;;;;;;;
;SP;;;;;;;;;;;;
;SP;;;;;;;;;;;;
;SP;;;;;;;;;;;;
;SP;;;;;;;;;;;;
;SP;;;;;;;;;;;;
;SP;;;;;;;;;;;;
;SP;;;;;;;;;;;;
;SP;;;;;;;;;;;;
;SP;;;;;;;;;;;;
;SP;;;;;;;;;;;;
;SP;;;;;;;;;;;;
;SP;;;;;;;;;;;;
;SP;;;;;;;;;;;;
;SP;;;;;;;;;;;;
;SP;;;;;;;;;;;;
;SP;;;;;;;;;;;;
;SP;;;;;;;;;;;;
;SP;;;;;;;;;;;;
;SP;;;;;;;;;;;;
;SP;;;;;;;;;;;;
;SP;;;;;;;;;;;;
;SP;;;;;;;;;;;;
;SP;;;;;;;;;;;;
;SP;;;;;;;;;;;;
;SP;;;;;;;;;;;;
;SP;;;;;;;;;;;;
;SP;;;;;;;;;;;;
;SP;;;;;;;;;;;;
;SP;;;;;;;;;;;;
;SP;;;;;;;;;;;;
;SP;;;;;;;;;;;;
;SP;;;;;;;;;;;;
;SP;;;;;;;;;;;;
;SP;;;;;;;;;;;;
;SP;;;;;;;;;;;;
;SP;;;;;;;;;;;;
;SP;;;;;;;;;;;;
;SP;;;;;;;;;;;;
;SP;;;;;;;;;;;;
;SP;;;;;;;;;;;;
;SP;;;;;;;;;;;;
;SP;;;;;;;;;;;;
;SP;;;;;;;;;;;;
;SP;;;;;;;;;;;;
;SP;;;;;;;;;;;;
;SP;;;;;;;;;;;;
;SP;;;;;;;;;;;;
;SP;;;;;;;;;;;;
;SP;;;;;;;;;;;;
;SP;;;;;;;;;;;;
;SP;;;;;;;;;;;;
;SP;;;;;;;;;;;;
;SP;;;;;;;;;;;;
;SP;;;;;;;;;;;;
;SP;;;;;;;;;;;;
;SP;;;;;;;;;;;;
;SP;;;;;;;;;;;;
;SP;;;;;;;;;;;;
;SP;;;;;;;;;;;;
;SP;;;;;;;;;;;;
;SP;;;;;;;;;;;;
;SP;;;;;;;;;;;;
;SP;;;;;;;;;;;;
;SP;;;;;;;;;;;;
;SP;;;;;;;;;;;;
;SP;;;;;;;;;;;;
;SP;;;;;;;;;;;;
;SP;;;;;;;;;;;;
;SP;;;;;;;;;;;;
;SP;;;;;;;;;;;;
;SP;;;;;;;;;;;;
;SP;;;;;;;;;;;;
;SP;;;;;;;;;;;;
;SP;;;;;;;;;;;;
;SP;;;;;;;;;;;;
;SP;;;;;;;;;;;;
;SP;;;;;;;;;;;;
;SP;;;;;;;;;;;;
;SP;;;;;;;;;;;;
;SP;;;;;;;;;;;;
;SP;;;;;;;;;;;;
;SP;;;;;;;;;;;;
;SP;;;;;;;;;;;;
;SP;;;;;;;;;;;;
;SP;;;;;;;;;;;;
;SP;;;;;;;;;;;;
;SP;;;;;;;;;;;;
;SP;;;;;;;;;;;;
;SP;;;;;;;;;;;;
;SP;;;;;;;;;;;;
;SP;;;;;;;;;;;;
;SP;;;;;;;;;;;;
;SP;;;;;;;;;;;;
;SP;;;;;;;;;;;;
;SP;;;;;;;;;;;;
;SP;;;;;;;;;;;;
;SP;;;;;;;;;;;;
;SP;;;;;;;;;;;;
;SP;;;;;;;;;;;;
;SP;;;;;;;;;;;;
;SP;;;;;;;;;;;;
;SP;;;;;;;;;;;;
;SP;;;;;;;;;;;;
;SP;;;;;;;;;;;;
;SP;;;;;;;;;;;;
;SP;;;;;;;;;;;;
;SP;;;;;;;;;;;;
;SP;;;;;;;;;;;;
;SP;;;;;;;;;;;;
;SP;;;;;;;;;;;;
;SP;;;;;;;;;;;;
;SP;;;;;;;;;;;;
;SP;;;;;;;;;;;;
;SP;;;;;;;;;;;;
;SP;;;;;;;;;;;;
;SP;;;;;;;;;;;;
;SP;;;;;;;;;;;;
;SP;;;;;;;;;;;;
;SP;;;;;;;;;;;;
;SP;;;;;;;;;;;;
;SP;;;;;;;;;;;;
;SP;;;;;;;;;;;;
;SP;;;;;;;;;;;;
;SP;;;;;;;;;;;;
;SP;;;;;;;;;;;;
;SP;;;;;;;;;;;;
;SP;;;;;;;;;;;;
;SP;;;;;;;;;;;;
;SP;;;;;;;;;;;;
;SP;;;;;;;;;;;;
;SP;;;;;;;;;;;;
;SP;;;;;;;;;;;;
;SP;;;;;;;;;;;;
;SP;;;;;;;;;;;;
;SP;;;;;;;;;;;;
;SP;;;;;;;;;;;;
;SP;;;;;;;;;;;;
;SP;;;;;;;;;;;;
;SP;;;;;;;;;;;;
;SP;;;;;;;;;;;;
;SP;;;;;;;;;;;;
;SP;;;;;;;;;;;;
;SP;;;;;;;;;;;;
;SP;;;;;;;;;;;;
;SP;;;;;;;;;;;;
;SP;;;;;;;;;;;;
;SP;;;;;;;;;;;;
;SP;;;;;;;;;;;;
;SP;;;;;;;;;;;;
;SP;;;;;;;;;;;;
;SP;;;;;;;;;;;;
;SP;;;;;;;;;;;;
;SP;;;;;;;;;;;;
;SP;;;;;;;;;;;;
;SP;;;;;;;;;;;;
;SP;;;;;;;;;;;;
;SP;;;;;;;;;;;;
;SP;;;;;;;;;;;;
;SP;;;;;;;;;;;;
;SP;;;;;;;;;;;;
;SP;;;;;;;;;;;;
;SP;;;;;;;;;;;;
;SP;;;;;;;;;;;;
;SP;;;;;;;;;;;;
;SP;;;;;;;;;;;;
;SP;;;;;;;;;;;;
;SP;;;;;;;;;;;;
;SP;;;;;;;;;;;;
;SP;;;;;;;;;;;;
;SP;;;;;;;;;;;;
;SP;;;;;;;;;;;;
;SP;;;;;;;;;;;;
;SP;;;;;;;;;;;;
;SP;;;;;;;;;;;;
;SP;;;;;;;;;;;;
;SP;;;;;;;;;;;;
;SP;;;;;;;;;;;;
;SP;;;;;;;;;;;;
;SP;;;;;;;;;;;;
;SP;;;;;;;;;;;;
;SP;;;;;;;;;;;;
;SP;;;;;;;;;;;;
;SP;;;;;;;;;;;;
;SP;;;;;;;;;;;;
;SP;;;;;;;;;;;;
;SP;;;;;;;;;;;;
;SP;;;;;;;;;;;;
;SP;;;;;;;;;;;;
;SP;;;;;;;;;;;;
;SP;;;;;;;;;;;;
;SP;;;;;;;;;;;;
;SP;;;;;;;;;;;;
;SP;;;;;;;;;;;;
;SP;;;;;;;;;;;;
;SP;;;;;;;;;;;;
;SP;;;;;;;;;;;;
;SP;;;;;;;;;;;;
;SP;;;;;;;;;;;;
;SP;;;;;;;;;;;;
;SP;;;;;;;;;;;;
;SP;;;;;;;;;;;;
;SP;;;;;;;;;;;;
;SP;;;;;;;;;;;;
;SP;;;;;;;;;;;;
;SP;;;;;;;;;;;;
;SP;;;;;;;;;;;;
;SP;;;;;;;;;;;;
;SP;;;;;;;;;;;;
;SP;;;;;;;;;;;;
;SP;;;;;;;;;;;;
;SP;;;;;;;;;;;;
;SP;;;;;;;;;;;;
;SP;;;;;;;;;;;;
;SP;;;;;;;;;;;;
;SP;;;;;;;;;;;;
;SP;;;;;;;;;;;;
;SP;;;;;;;;;;;;
;SP;;;;;;;;;;;;
;SP;;;;;;;;;;;;
;SP;;;;;;;;;;;;
;SP;;;;;;;;;;;;
;SP;;;;;;;;;;;;
;SP;;;;;;;;;;;;
;SP;;;;;;;;;;;;
;SP;;;;;;;;;;;;
;SP;;;;;;;;;;;;
;SP;;;;;;;;;;;;
;SP;;;;;;;;;;;;
;SP;;;;;;;;;;;;
;SP;;;;;;;;;;;;
;SP;;;;;;;;;;;;
;SP;;;;;;;;;;;;
;SP;;;;;;;;;;;;
;SP;;;;;;;;;;;;
;SP;;;;;;;;;;;;
;SP;;;;;;;;;;;;
;SP;;;;;;;;;;;;
;SP;;;;;;;;;;;;
;SP;;;;;;;;;;;;
;SP;;;;;;;;;;;;
;SP;;;;;;;;;;;;
;SP;;;;;;;;;;;;
;SP;;;;;;;;;;;;
;SP;;;;;;;;;;;;
;SP;;;;;;;;;;;;
;SP;;;;;;;;;;;;
;SP;;;;;;;;;;;;
;SP;;;;;;;;;;;;
;SP;;;;;;;;;;;;
;SP;;;;;;;;;;;;
;SP;;;;;;;;;;;;
;SP;;;;;;;;;;;;
;SP;;;;;;;;;;;;
;SP;;;;;;;;;;;;
;SP;;;;;;;;;;;;
;SP;;;;;;;;;;;;
;SP;;;;;;;;;;;;
;SP;;;;;;;;;;;;
;SP;;;;;;;;;;;;
;SP;;;;;;;;;;;;
;SP;;;;;;;;;;;;
;SP;;;;;;;;;;;;
;SP;;;;;;;;;;;;
;SP;;;;;;;;;;;;
;SP;;;;;;;;;;;;
;SP;;;;;;;;;;;;
;SP;;;;;;;;;;;;
;SP;;;;;;;;;;;;
;SP;;;;;;;;;;;;
;SP;;;;;;;;;;;;
;SP;;;;;;;;;;;;
;SP;;;;;;;;;;;;
;SP;;;;;;;;;;;;
;SP;;;;;;;;;;;;
;SP;;;;;;;;;;;;
;SP;;;;;;;;;;;;
;SP;;;;;;;;;;;;
;SP;;;;;;;;;;;;
;SP;;;;;;;;;;;;
;SP;;;;;;;;;;;;
;SP;;;;;;;;;;;;
;SP;;;;;;;;;;;;
;SP;;;;;;;;;;;;
;SP;;;;;;;;;;;;
;SP;;;;;;;;;;;;
;SP;;;;;;;;;;;;
;SP;;;;;;;;;;;;
;SP;;;;;;;;;;;;
;SP;;;;;;;;;;;;
;SP;;;;;;;;;;;;
;SP;;;;;;;;;;;;
;SP;;;;;;;;;;;;
;SP;;;;;;;;;;;;
;SP;;;;;;;;;;;;
;SP;;;;;;;;;;;;
;SP;;;;;;;;;;;;
;SP;;;;;;;;;;;;
;SP;;;;;;;;;;;;
;SP;;;;;;;;;;;;
;SP;;;;;;;;;;;;
;SP;;;;;;;;;;;;
;SP;;;;;;;;;;;;
;SP;;;;;;;;;;;;
;SP;;;;;;;;;;;;
;SP;;;;;;;;;;;;
;SP;;;;;;;;;;;;
;SP;;;;;;;;;;;;
;SP;;;;;;;;;;;;
;SP;;;;;;;;;;;;
;SP;;;;;;;;;;;;
;SP;;;;;;;;;;;;
;SP;;;;;;;;;;;;
;SP;;;;;;;;;;;;
;SP;;;;;;;;;;;;
;SP;;;;;;;;;;;;
;SP;;;;;;;;;;;;
;SP;;;;;;;;;;;;
;SP;;;;;;;;;;;;
;SP;;;;;;;;;;;;
;SP;;;;;;;;;;;;
;SP;;;;;;;;;;;;
;SP;;;;;;;;;;;;
;SP;;;;;;;;;;;;
;SP;;;;;;;;;;;;
;SP;;;;;;;;;;;;
;SP;;;;;;;;;;;;
;SP;;;;;;;;;;;;
;SP;;;;;;;;;;;;
;SP;;;;;;;;;;;;
;SP;;;;;;;;;;;;
;SP;;;;;;;;;;;;
;SP;;;;;;;;;;;;
;SP;;;;;;;;;;;;
;SP;;;;;;;;;;;;
;SP;;;;;;;;;;;;
;SP;;;;;;;;;;;;
;SP;;;;;;;;;;;;
;SP;;;;;;;;;;;;
;SP;;;;;;;;;;;;
;SP;;;;;;;;;;;;
;SP;;;;;;;;;;;;
;SP;;;;;;;;;;;;
;SP;;;;;;;;;;;;
;SP;;;;;;;;;;;;
;SP;;;;;;;;;;;;
;SP;;;;;;;;;;;;
;SP;;;;;;;;;;;;
;SP;;;;;;;;;;;;
;SP;;;;;;;;;;;;
;SP;;;;;;;;;;;;
;SP;;;;;;;;;;;;
;SP;;;;;;;;;;;;
;SP;;;;;;;;;;;;
;SP;;;;;;;;;;;;
;SP;;;;;;;;;;;;
;SP;;;;;;;;;;;;
;SP;;;;;;;;;;;;
;SP;;;;;;;;;;;;
;SP;;;;;;;;;;;;
;SP;;;;;;;;;;;;
;SP;;;;;;;;;;;;
;SP;;;;;;;;;;;;
;SP;;;;;;;;;;;;
;SP;;;;;;;;;;;;
;SP;;;;;;;;;;;;
;SP;;;;;;;;;;;;
;SP;;;;;;;;;;;;
;SP;;;;;;;;;;;;
;SP;;;;;;;;;;;;
;SP;;;;;;;;;;;;
;SP;;;;;;;;;;;;
;SP;;;;;;;;;;;;
;SP;;;;;;;;;;;;
;SP;;;;;;;;;;;;
;SP;;;;;;;;;;;;
;SP;;;;;;;;;;;;
;SP;;;;;;;;;;;;
;SP;;;;;;;;;;;;
;SP;;;;;;;;;;;;
;SP;;;;;;;;;;;;
;SP;;;;;;;;;;;;
;SP;;;;;;;;;;;;
;SP;;;;;;;;;;;;
;SP;;;;;;;;;;;;
;SP;;;;;;;;;;;;
;SP;;;;;;;;;;;;
;SP;;;;;;;;;;;;
;SP;;;;;;;;;;;;
;SP;;;;;;;;;;;;
;SP;;;;;;;;;;;;
;SP;;;;;;;;;;;;
;SP;;;;;;;;;;;;
;SP;;;;;;;;;;;;
;SP;;;;;;;;;;;;
;SP;;;;;;;;;;;;
;SP;;;;;;;;;;;;
;SP;;;;;;;;;;;;
;SP;;;;;;;;;;;;
;SP;;;;;;;;;;;;
;SP;;;;;;;;;;;;
;SP;;;;;;;;;;;;
;SP;;;;;;;;;;;;
;SP;;;;;;;;;;;;
;SP;;;;;;;;;;;;
;SP;;;;;;;;;;;;
;SP;;;;;;;;;;;;
;SP;;;;;;;;;;;;
;SP;;;;;;;;;;;;
;SP;;;;;;;;;;;;
;SP;;;;;;;;;;;;
;SP;;;;;;;;;;;;
;SP;;;;;;;;;;;;
;SP;;;;;;;;;;;;
;SP;;;;;;;;;;;;
;SP;;;;;;;;;;;;
;SP;;;;;;;;;;;;
;SP;;;;;;;;;;;;
;SP;;;;;;;;;;;;
;SP;;;;;;;;;;;;
;SP;;;;;;;;;;;;
;SP;;;;;;;;;;;;
;SP;;;;;;;;;;;;
;SP;;;;;;;;;;;;
;SP;;;;;;;;;;;;
;SP;;;;;;;;;;;;
;SP;;;;;;;;;;;;
;SP;;;;;;;;;;;;
;SP;;;;;;;;;;;;
;SP;;;;;;;;;;;;
;SP;;;;;;;;;;;;
;SP;;;;;;;;;;;;
;SP;;;;;;;;;;;;
;SP;;;;;;;;;;;;
;SP;;;;;;;;;;;;
;SP;;;;;;;;;;;;
;SP;;;;;;;;;;;;
;SP;;;;;;;;;;;;
;SP;;;;;;;;;;;;
;SP;;;;;;;;;;;;
;SP;;;;;;;;;;;;
;SP;;;;;;;;;;;;
;SP;;;;;;;;;;;;
;SP;;;;;;;;;;;;
;SP;;;;;;;;;;;;
;SP;;;;;;;;;;;;
;SP;;;;;;;;;;;;
;SP;;;;;;;;;;;;
;SP;;;;;;;;;;;;
;SP;;;;;;;;;;;;
;SP;;;;;;;;;;;;
;SP;;;;;;;;;;;;
;SP;;;;;;;;;;;;
;SP;;;;;;;;;;;;
;SP;;;;;;;;;;;;
;SP;;;;;;;;;;;;
;SP;;;;;;;;;;;;
;SP;;;;;;;;;;;;
;SP;;;;;;;;;;;;
;SP;;;;;;;;;;;;
;SP;;;;;;;;;;;;
;SP;;;;;;;;;;;;
;SP;;;;;;;;;;;;
;SP;;;;;;;;;;;;
;SP;;;;;;;;;;;;
;SP;;;;;;;;;;;;
;SP;;;;;;;;;;;;
;SP;;;;;;;;;;;;
;SP;;;;;;;;;;;;
;SP;;;;;;;;;;;;
;SP;;;;;;;;;;;;
;SP;;;;;;;;;;;;
;SP;;;;;;;;;;;;
;SP;;;;;;;;;;;;
;SP;;;;;;;;;;;;
;SP;;;;;;;;;;;;
;SP;;;;;;;;;;;;
;SP;;;;;;;;;;;;
;SP;;;;;;;;;;;;
;SP;;;;;;;;;;;;
;SP;;;;;;;;;;;;
;SP;;;;;;;;;;;;
;SP;;;;;;;;;;;;
;SP;;;;;;;;;;;;
;SP;;;;;;;;;;;;
;SP;;;;;;;;;;;;
;SP;;;;;;;;;;;;
;SP;;;;;;;;;;;;
;SP;;;;;;;;;;;;
;SP;;;;;;;;;;;;
;SP;;;;;;;;;;;;
;SP;;;;;;;;;;;;
;SP;;;;;;;;;;;;
;SP;;;;;;;;;;;;
;SP;;;;;;;;;;;;
;SP;;;;;;;;;;;;
;SP;;;;;;;;;;;;
;SP;;;;;;;;;;;;
;SP;;;;;;;;;;;;
;SP;;;;;;;;;;;;
;SP;;;;;;;;;;;;
;SP;;;;;;;;;;;;
;SP;;;;;;;;;;;;
;SP;;;;;;;;;;;;
;SP;;;;;;;;;;;;
;SP;;;;;;;;;;;;
;SP;;;;;;;;;;;;
;SP;;;;;;;;;;;;
;SP;;;;;;;;;;;;
;SP;;;;;;;;;;;;
;SP;;;;;;;;;;;;
;SP;;;;;;;;;;;;
;SP;;;;;;;;;;;;
;SP;;;;;;;;;;;;
;SP;;;;;;;;;;;;
;SP;;;;;;;;;;;;
;SP;;;;;;;;;;;;
;SP;;;;;;;;;;;;
;SP;;;;;;;;;;;;
;SP;;;;;;;;;;;;
;SP;;;;;;;;;;;;
;SP;;;;;;;;;;;;
;SP;;;;;;;;;;;;
;SP;;;;;;;;;;;;
;SP;;;;;;;;;;;;
;SP;;;;;;;;;;;;
;SP;;;;;;;;;;;;
;SP;;;;;;;;;;;;
;SP;;;;;;;;;;;;
;SP;;;;;;;;;;;;
;SP;;;;;;;;;;;;
;SP;;;;;;;;;;;;
;SP;;;;;;;;;;;;
;SP;;;;;;;;;;;;
;SP;;;;;;;;;;;;
;SP;;;;;;;;;;;;
;SP;;;;;;;;;;;;
;SP;;;;;;;;;;;;
;SP;;;;;;;;;;;;
;SP;;;;;;;;;;;;
;SP;;;;;;;;;;;;
;SP;;;;;;;;;;;;
;SP;;;;;;;;;;;;
;SP;;;;;;;;;;;;
;SP;;;;;;;;;;;;
;SP;;;;;;;;;;;;
;SP;;;;;;;;;;;;
;SP;;;;;;;;;;;;
;SP;;;;;;;;;;;;
;SP;;;;;;;;;;;;
;SP;;;;;;;;;;;;
;SP;;;;;;;;;;;;
;SP;;;;;;;;;;;;
;SP;;;;;;;;;;;;
;SP;;;;;;;;;;;;
;SP;;;;;;;;;;;;
;SP;;;;;;;;;;;;
;SP;;;;;;;;;;;;
;SP;;;;;;;;;;;;
;SP;;;;;;;;;;;;
;SP;;;;;;;;;;;;
;SP;;;;;;;;;;;;
;SP;;;;;;;;;;;;
;SP;;;;;;;;;;;;
;SP;;;;;;;;;;;;
;SP;;;;;;;;;;;;
;SP;;;;;;;;;;;;
;SP;;;;;;;;;;;;
;SP;;;;;;;;;;;;
;SP;;;;;;;;;;;;
;SP;;;;;;;;;;;;
;SP;;;;;;;;;;;;
;SP;;;;;;;;;;;;
;SP;;;;;;;;;;;;
;SP;;;;;;;;;;;;
;SP;;;;;;;;;;;;
;SP;;;;;;;;;;;;
;SP;;;;;;;;;;;;
;SP;;;;;;;;;;;;
;SP;;;;;;;;;;;;
;SP;;;;;;;;;;;;
;SP;;;;;;;;;;;;
;SP;;;;;;;;;;;;
;SP;;;;;;;;;;;;
;SP;;;;;;;;;;;;
;SP;;;;;;;;;;;;
;SP;;;;;;;;;;;;
;SP;;;;;;;;;;;;
;SP;;;;;;;;;;;;
2018;SP;;ADAMANTINA;3500105;;;;;;;;;
2018;SP;;ADAMANTINA;3514403;;;;;;;;;
2018;SP;;ADAMANTINA;3515806;;;;;;;;;
2018;SP;;ADAMANTINA;3516002;;;;;;;;;
2018;SP;;ADAMANTINA;3520806;;;;;;;;;
2018;SP;;ADAMANTINA;3521606;;;;;;;;;
2018;SP;;ADAMANTINA;3526001;;;;;;;;;
2018;SP;;ADAMANTINA;3527405;;;;;;;;;
2018;SP;;ADAMANTINA;3528908;;;;;;;;;
2018;SP;;ADAMANTINA;3531605;;;;;;;;;
2018;SP;;ADAMANTINA;3533106;;;;;;;;;
2018;SP;;ADAMANTINA;3534609;;;;;;;;;
2018;SP;;ADAMANTINA;3534807;;;;;;;;;
2018;SP;;ADAMANTINA;3534906;;;;;;;;;
2018;SP;;ADAMANTINA;3535408;;;;;;;;;
2018;SP;;ADAMANTINA;3536406;;;;;;;;;
2018;SP;;ADAMANTINA;3540853;;;;;;;;;
2018;SP;;ADAMANTINA;3544707;;;;;;;;;
2018;SP;;ADAMANTINA;3545100;;;;;;;;;
2018;SP;;ADAMANTINA;3547106;;;;;;;;;
2018;SP;;ADAMANTINA;3549300;;;;;;;;;
2018;SP;;ADAMANTINA;3555109;;;;;;;;;
2018;SP;;AMERICANA;3501608;;;;;;;;;
2018;SP;;AMERICANA;3533403;;;;;;;;;
2018;SP;;AMERICANA;3545803;;;;;;;;;
2018;SP;;ANDRADINA;3502101;;;;;;;;;
2018;SP;;ANDRADINA;3511003;;;;;;;;;
2018;SP;;ANDRADINA;3517802;;;;;;;;;
2018;SP;;ANDRADINA;3520442;;;;;;;;;
2018;SP;;ANDRADINA;3523008;;;;;;;;;
2018;SP;;ANDRADINA;3526506;;;;;;;;;
2018;SP;;ANDRADINA;3530102;;;;;;;;;
2018;SP;;ANDRADINA;3532108;;;;;;;;;
2018;SP;;ANDRADINA;3533205;;;;;;;;;
2018;SP;;ANDRADINA;3537404;;;;;;;;;
2018;SP;;ANDRADINA;3552304;;;;;;;;;
2018;SP;;APIAI;3502705;;;;;;;;;
2018;SP;;APIAI;3505351;;;;;;;;;
2018;SP;;APIAI;3517604;;;;;;;;;
2018;SP;;APIAI;3521200;;;;;;;;;
2018;SP;;APIAI;3522158;;;;;;;;;
2018;SP;;APIAI;3522653;;;;;;;;;
2018;SP;;APIAI;3542800;;;;;;;;;
2018;SP;;APIAI;3543006;;;;;;;;;
2018;SP;;ARACATUBA;3502804;;;;;;;;;
2018;SP;;ARACATUBA;3506201;;;;;;;;;
2018;SP;;ARACATUBA;3518206;;;;;;;;;
2018;SP;;ARACATUBA;3544400;;;;;;;;;
2018;SP;;ARACATUBA;3548054;;;;;;;;;
2018;SP;;ARACATUBA;3556305;;;;;;;;;
2018;SP;;ARARAQUARA;3501707;;;;;;;;;
2018;SP;;ARARAQUARA;3503208;;;;;;;;;
2018;SP;;ARARAQUARA;3506706;;;;;;;;;
2018;SP;;ARARAQUARA;3516853;;;;;;;;;
2018;SP;;ARARAQUARA;3529302;;;;;;;;;
2018;SP;;ARARAQUARA;3532058;;;;;;;;;
2018;SP;;ARARAQUARA;3532900;;;;;;;;;
2018;SP;;ARARAQUARA;3543709;;;;;;;;;
2018;SP;;ARARAQUARA;3546900;;;;;;;;;
2018;SP;;ARARAQUARA;3554755;;;;;;;;;
2018;SP;;ASSIS;3504008;;;;;;;;;
2018;SP;;ASSIS;3507209;;;;;;;;;
2018;SP;;ASSIS;3510005;;;;;;;;;
2018;SP;;ASSIS;3513306;;;;;;;;;
2018;SP;;ASSIS;;;;;;;;;;
2018;SP;;ASSIS;3519907;;;;;;;;;
2018;SP;;ASSIS;3527900;;;;;;;;;
2018;SP;;ASSIS;3528809;;;;;;;;;
2018;SP;;ASSIS;3532157;;;;;;;;;
2018;SP;;ASSIS;3535309;;;;;;;;;
2018;SP;;ASSIS;3535507;;;;;;;;;
2018;SP;;ASSIS;3537156;;;;;;;;;
2018;SP;;ASSIS;3539707;;;;;;;;;
2018;SP;;ASSIS;3553955;;;;;;;;;
2018;SP;;AVARE;3500550;;;;;;;;;
2018;SP;;AVARE;3503109;;;;;;;;;
2018;SP;;AVARE;3504503;;;;;;;;;
2018;SP;;AVARE;3511409;;;;;;;;;
2018;SP;;AVARE;3519253;;;;;;;;;
2018;SP;;AVARE;3521804;;;;;;;;;
2018;SP;;AVARE;3553807;;;;;;;;;
2018;SP;;BARRETOS;3500907;;;;;;;;;
2018;SP;;BARRETOS;3505500;;;;;;;;;
2018;SP;;BARRETOS;3512001;;;;;;;;;
2018;SP;;BARRETOS;3512100;;;;;;;;;
2018;SP;;BARRETOS;3517406;;;;;;;;;
2018;SP;;BARRETOS;3517901;;;;;;;;;
2018;SP;;BARRETOS;3524204;;;;;;;;;
2018;SP;;BARRETOS;3533908;;;;;;;;;
2018;SP;;BARRETOS;3551900;;;;;;;;;
2018;SP;;BAURU;3500709;;;;;;;;;
2018;SP;;BAURU;3503406;;;;;;;;;
2018;SP;;BAURU;3504305;;;;;;;;;
2018;SP;;BAURU;3504701;;;;;;;;;
2018;SP;;BAURU;3506003;;;;;;;;;
2018;SP;;BAURU;3508306;;;;;;;;;
2018;SP;;BAURU;3514502;;;;;;;;;
2018;SP;;BAURU;3519105;;;;;;;;;
2018;SP;;BAURU;3526803;;;;;;;;;
2018;SP;;BAURU;3527504;;;;;;;;;
2018;SP;;BAURU;3536570;;;;;;;;;
2018;SP;;BAURU;3538907;;;;;;;;;
2018;SP;;BAURU;3539400;;;;;;;;;
2018;SP;;BAURU;3541109;;;;;;;;;
2018;SP;;BAURU;3542503;;;;;;;;;
2018;SP;;BAURU;3555505;;;;;;;;;
2018;SP;;BIRIGUI;3506409;;;;;;;;;
2018;SP;;BIRIGUI;3506508;;;;;;;;;
2018;SP;;BIRIGUI;3507753;;;;;;;;;
2018;SP;;BIRIGUI;3508108;;;;;;;;;
2018;SP;;BIRIGUI;3512506;;;;;;;;;
2018;SP;;BIRIGUI;3516507;;;;;;;;;
2018;SP;;BIRIGUI;3517109;;;;;;;;;
2018;SP;;BIRIGUI;3527256;;;;;;;;;
2018;SP;;BIRIGUI;3537701;;;;;;;;;
2018;SP;;BIRIGUI;3555208;;;;;;;;;
2018;SP;;BOTUCATU;3502309;;;;;;;;;
2018;SP;;BOTUCATU;3503604;;;;;;;;;
2018;SP;;BOTUCATU;3506904;;;;;;;;;
2018;SP;;BOTUCATU;3507506;;;;;;;;;
2018;SP;;BOTUCATU;3511607;;;;;;;;;
2018;SP;;BOTUCATU;3512308;;;;;;;;;
2018;SP;;BOTUCATU;3523503;;;;;;;;;
2018;SP;;BOTUCATU;3526407;;;;;;;;;
2018;SP;;BOTUCATU;3536109;;;;;;;;;
2018;SP;;BOTUCATU;3537503;;;;;;;;;
2018;SP;;BOTUCATU;3540507;;;;;;;;;
2018;SP;;BOTUCATU;3541059;;;;;;;;;
2018;SP;;BOTUCATU;3541653;;;;;;;;;
2018;SP;;BOTUCATU;3550100;;;;;;;;;
2018;SP;;BOTUCATU;3554656;;;;;;;;;
2018;SP;;BRAGANCA PAULISTA;3504107;;;;;;;;;
2018;SP;;BRAGANCA PAULISTA;3507100;;;;;;;;;
2018;SP;;BRAGANCA PAULISTA;3507605;;;;;;;;;
2018;SP;;BRAGANCA PAULISTA;3525508;;;;;;;;;
2018;SP;;BRAGANCA PAULISTA;3532009;;;;;;;;;
2018;SP;;BRAGANCA PAULISTA;3532405;;;;;;;;;
2018;SP;;BRAGANCA PAULISTA;3536802;;;;;;;;;
2018;SP;;BRAGANCA PAULISTA;3538204;;;;;;;;;
2018;SP;;BRAGANCA PAULISTA;3538600;;;;;;;;;
2018;SP;;BRAGANCA PAULISTA;3552106;;;;;;;;;
2018;SP;;BRAGANCA PAULISTA;3554953;;;;;;;;;
2018;SP;;BRAGANCA PAULISTA;3556354;;;;;;;;;
2018;SP;;CAIEIRAS;3509007;;;;;;;;;
2018;SP;;CAIEIRAS;3509205;;;;;;;;;
2018;SP;;CAIEIRAS;3516309;;;;;;;;;
2018;SP;;CAIEIRAS;3516408;;;;;;;;;
2018;SP;;CAIEIRAS;3528502;;;;;;;;;
2018;SP;;CAMPINAS LESTE;3509502;;;;;;;;;
2018;SP;;CAMPINAS LESTE;3524709;;;;;;;;;
2018;SP;;CAMPINAS OESTE;3509502;;;;;;;;;
2018;SP;;CAMPINAS OESTE;3556206;;;;;;;;;
2018;SP;;CAMPINAS OESTE;3556701;;;;;;;;;
2018;SP;;CAPIVARI;3510401;;;;;;;;;
2018;SP;;CAPIVARI;3514908;;;;;;;;;
2018;SP;;CAPIVARI;3520509;;;;;;;;;
2018;SP;;CAPIVARI;3530904;;;;;;;;;
2018;SP;;CAPIVARI;3531803;;;;;;;;;
2018;SP;;CAPIVARI;3542107;;;;;;;;;
2018;SP;;CAPIVARI;3544004;;;;;;;;;
2018;SP;;CARAGUATATUBA;3510500;;;;;;;;;
2018;SP;;CARAGUATATUBA;3520400;;;;;;;;;
2018;SP;;CARAGUATATUBA;3550704;;;;;;;;;
2018;SP;;CARAGUATATUBA;3555406;;;;;;;;;
2018;SP;;CARAPICUIBA;3510609;;;;;;;;;
2018;SP;;CARAPICUIBA;3513009;;;;;;;;;
2018;SP;;CATANDUVA;3503703;;;;;;;;;
2018;SP;;CATANDUVA;3509304;;;;;;;;;
2018;SP;;CATANDUVA;3511102;;;;;;;;;
2018;SP;;CATANDUVA;3511201;;;;;;;;;
2018;SP;;CATANDUVA;3514924;;;;;;;;;
2018;SP;;CATANDUVA;3514957;;;;;;;;;
2018;SP;;CATANDUVA;3521903;;;;;;;;;
2018;SP;;CATANDUVA;3528858;;;;;;;;;
2018;SP;;CATANDUVA;3533254;;;;;;;;;
2018;SP;;CATANDUVA;3533502;;;;;;;;;
2018;SP;;CATANDUVA;3535101;;;;;;;;;
2018;SP;;CATANDUVA;3535705;;;;;;;;;
2018;SP;;CATANDUVA;3538105;;;;;;;;;
2018;SP;;CATANDUVA;3545605;;;;;;;;;
2018;SP;;CATANDUVA;3552601;;;;;;;;;
2018;SP;;CENTRO;3550308;;;;;;;;;
2018;SP;;CENTRO OESTE;3550308;;;;;;;;;
2018;SP;;CENTRO SUL;3550308;;;;;;;;;
2018;SP;;DIADEMA;3513801;;;;;;;;;
2018;SP;;FERNANDOPOLIS;3515202;;;;;;;;;
2018;SP;;FERNANDOPOLIS;3515509;;;;;;;;;
2018;SP;;FERNANDOPOLIS;3516903;;;;;;;;;
2018;SP;;FERNANDOPOLIS;3518008;;;;;;;;;
2018;SP;;FERNANDOPOLIS;3520707;;;;;;;;;
2018;SP;;FERNANDOPOLIS;3528205;;;;;;;;;
2018;SP;;FERNANDOPOLIS;3528304;;;;;;;;;
2018;SP;;FERNANDOPOLIS;3529609;;;;;;;;;
2018;SP;;FERNANDOPOLIS;3530003;;;;;;;;;
2018;SP;;FERNANDOPOLIS;3534757;;;;;;;;;
2018;SP;;FERNANDOPOLIS;3536901;;;;;;;;;
2018;SP;;FERNANDOPOLIS;3540408;;;;;;;;;
2018;SP;;FERNANDOPOLIS;3549201;;;;;;;;;
2018;SP;;FERNANDOPOLIS;3549250;;;;;;;;;
2018;SP;;FERNANDOPOLIS;3555307;;;;;;;;;
2018;SP;;FRANCA;3513207;;;;;;;;;
2018;SP;;FRANCA;3516200;;;;;;;;;
2018;SP;;FRANCA;3523701;;;;;;;;;
2018;SP;;FRANCA;3525409;;;;;;;;;
2018;SP;;FRANCA;3536307;;;;;;;;;
2018;SP;;FRANCA;3537008;;;;;;;;;
2018;SP;;FRANCA;3542701;;;;;;;;;
2018;SP;;FRANCA;3543105;;;;;;;;;
2018;SP;;FRANCA;3543600;;;;;;;;;
2018;SP;;FRANCA;3549508;;;;;;;;;
2018;SP;;GUARATINGUETA;3502507;;;;;;;;;
2018;SP;;GUARATINGUETA;3503158;;;;;;;;;
2018;SP;;GUARATINGUETA;3503505;;;;;;;;;
2018;SP;;GUARATINGUETA;3504909;;;;;;;;;
2018;SP;;GUARATINGUETA;3508603;;;;;;;;;
2018;SP;;GUARATINGUETA;3509957;;;;;;;;;
2018;SP;;GUARATINGUETA;3513405;;;;;;;;;
2018;SP;;GUARATINGUETA;3513603;;;;;;;;;
2018;SP;;GUARATINGUETA;3518404;;;;;;;;;
2018;SP;;GUARATINGUETA;3526605;;;;;;;;;
2018;SP;;GUARATINGUETA;3527207;;;;;;;;;
2018;SP;;GUARATINGUETA;3538501;;;;;;;;;
2018;SP;;GUARATINGUETA;3540754;;;;;;;;;
2018;SP;;GUARATINGUETA;3541901;;;;;;;;;
2018;SP;;GUARATINGUETA;3544301;;;;;;;;;
2018;SP;;GUARATINGUETA;3549607;;;;;;;;;
2018;SP;;GUARATINGUETA;3552007;;;;;;;;;
2018;SP;;GUARULHOS NORTE;3518800;;;;;;;;;
2018;SP;;GUARULHOS SUL;3518800;;;;;;;;;
2018;SP;;ITAPECERICA DA SERRA;3515103;;;;;;;;;
2018;SP;;ITAPECERICA DA SERRA;3522208;;;;;;;;;
2018;SP;;ITAPECERICA DA SERRA;3526209;;;;;;;;;
2018;SP;;ITAPECERICA DA SERRA;3549953;;;;;;;;;
2018;SP;;ITAPETININGA;3500758;;;;;;;;;
2018;SP;;ITAPETININGA;3502200;;;;;;;;;
2018;SP;;ITAPETININGA;3509452;;;;;;;;;
2018;SP;;ITAPETININGA;3518503;;;;;;;;;
2018;SP;;ITAPETININGA;3522307;;;;;;;;;
2018;SP;;ITAPETININGA;3535804;;;;;;;;;
2018;SP;;ITAPETININGA;3550209;;;;;;;;;
2018;SP;;ITAPETININGA;3551108;;;;;;;;;
2018;SP;;ITAPETININGA;3554003;;;;;;;;;
2018;SP;;ITAPEVA;3508009;;;;;;;;;
2018;SP;;ITAPEVA;3510203;;;;;;;;;
2018;SP;;ITAPEVA;3522406;;;;;;;;;
2018;SP;;ITAPEVA;3532827;;;;;;;;;
2018;SP;;ITAPEVA;3543253;;;;;;;;;
2018;SP;;ITAPEVA;3553856;;;;;;;;;
2018;SP;;ITAPEVI;3505708;;;;;;;;;
2018;SP;;ITAPEVI;3522505;;;;;;;;;
2018;SP;;ITAPEVI;3525003;;;;;;;;;
2018;SP;;ITAPEVI;3539103;;;;;;;;;
2018;SP;;ITAQUAQUECETUBA;3523107;;;;;;;;;
2018;SP;;ITAQUAQUECETUBA;3539806;;;;;;;;;
2018;SP;;ITARARE;3505005;;;;;;;;;
2018;SP;;ITARARE;3507159;;;;;;;;;
2018;SP;;ITARARE;3512605;;;;;;;;;
2018;SP;;ITARARE;3521705;;;;;;;;;
2018;SP;;ITARARE;3522802;;;;;;;;;
2018;SP;;ITARARE;3523206;;;;;;;;;
2018;SP;;ITARARE;3543501;;;;;;;;;
2018;SP;;ITU;3507001;;;;;;;;;
2018;SP;;ITU;3508405;;;;;;;;;
2018;SP;;ITU;3511508;;;;;;;;;
2018;SP;;ITU;3521002;;;;;;;;;
2018;SP;;ITU;3523909;;;;;;;;;
2018;SP;;ITU;3525854;;;;;;;;;
2018;SP;;ITU;3540606;;;;;;;;;
2018;SP;;ITU;3545209;;;;;;;;;
2018;SP;;ITU;3554508;;;;;;;;;
2018;SP;;JABOTICABAL;3506102;;;;;;;;;
2018;SP;;JABOTICABAL;3518602;;;;;;;;;
2018;SP;;JABOTICABAL;3518859;;;;;;;;;
2018;SP;;JABOTICABAL;3524303;;;;;;;;;
2018;SP;;JABOTICABAL;3531308;;;;;;;;;
2018;SP;;JABOTICABAL;3531506;;;;;;;;;
2018;SP;;JABOTICABAL;3540903;;;;;;;;;
2018;SP;;JABOTICABAL;3553104;;;;;;;;;
2018;SP;;JABOTICABAL;3553203;;;;;;;;;
2018;SP;;JABOTICABAL;3553658;;;;;;;;;
2018;SP;;JACAREI;3503901;;;;;;;;;
2018;SP;;JACAREI;3518305;;;;;;;;;
2018;SP;;JACAREI;3520202;;;;;;;;;
2018;SP;;JACAREI;3524402;;;;;;;;;
2018;SP;;JACAREI;3546009;;;;;;;;;
2018;SP;;JACAREI;3546801;;;;;;;;;
2018;SP;;JALES;3502606;;;;;;;;;
2018;SP;;JALES;3503950;;;;;;;;;
2018;SP;;JALES;3504206;;;;;;;;;
2018;SP;;JALES;3513850;;;;;;;;;
2018;SP;;JALES;3514205;;;;;;;;;
2018;SP;;JALES;3518909;;;;;;;;;
2018;SP;;JALES;3524808;;;;;;;;;
2018;SP;;JALES;3529104;;;;;;;;;
2018;SP;;JALES;3529658;;;;;;;;;
2018;SP;;JALES;3532843;;;;;;;;;
2018;SP;;JALES;3535200;;;;;;;;;
2018;SP;;JALES;3535903;;;;;;;;;
2018;SP;;JALES;3540259;;;;;;;;;
2018;SP;;JALES;3544509;;;;;;;;;
2018;SP;;JALES;3545704;;;;;;;;;
2018;SP;;JALES;3546108;;;;;;;;;
2018;SP;;JALES;3546603;;;;;;;;;
2018;SP;;JALES;3547403;;;;;;;;;
2018;SP;;JALES;3547650;;;;;;;;;
2018;SP;;JALES;3547205;;;;;;;;;
2018;SP;;JALES;3549003;;;;;;;;;
2018;SP;;JALES;3552551;;;;;;;;;
2018;SP;;JALES;3554904;;;;;;;;;
2018;SP;;JALES;3555802;;;;;;;;;
2018;SP;;JALES;3556958;;;;;;;;;
2018;SP;;JAU;3505203;;;;;;;;;
2018;SP;;JAU;3505302;;;;;;;;;
2018;SP;;JAU;3506805;;;;;;;;;
2018;SP;;JAU;3507308;;;;;;;;;
2018;SP;;JAU;3507456;;;;;;;;;
2018;SP;;JAU;3507902;;;;;;;;;
2018;SP;;JAU;3514106;;;;;;;;;
2018;SP;;JAU;3520004;;;;;;;;;
2018;SP;;JAU;3522000;;;;;;;;;
2018;SP;;JAU;3522901;;;;;;;;;
2018;SP;;JAU;3525300;;;;;;;;;
2018;SP;;JAU;3528007;;;;;;;;;
2018;SP;;JAU;3529807;;;;;;;;;
2018;SP;;JAU;3536703;;;;;;;;;
2018;SP;;JAU;3554706;;;;;;;;;
2018;SP;;JOSE BONIFACIO;3500204;;;;;;;;;
2018;SP;;JOSE BONIFACIO;3504800;;;;;;;;;
2018;SP;;JOSE BONIFACIO;3521507;;;;;;;;;
2018;SP;;JOSE BONIFACIO;3524501;;;;;;;;;
2018;SP;;JOSE BONIFACIO;3525706;;;;;;;;;
2018;SP;;JOSE BONIFACIO;3529500;;;;;;;;;
2018;SP;;JOSE BONIFACIO;3530300;;;;;;;;;
2018;SP;;JOSE BONIFACIO;3531407;;;;;;;;;
2018;SP;;JOSE BONIFACIO;3532504;;;;;;;;;
2018;SP;;JOSE BONIFACIO;3532702;;;;;;;;;
2018;SP;;JOSE BONIFACIO;3532801;;;;;;;;;
2018;SP;;JOSE BONIFACIO;3539608;;;;;;;;;
2018;SP;;JOSE BONIFACIO;3539905;;;;;;;;;
2018;SP;;JOSE BONIFACIO;3544806;;;;;;;;;
2018;SP;;JOSE BONIFACIO;3553401;;;;;;;;;
2018;SP;;JOSE BONIFACIO;3555356;;;;;;;;;
2018;SP;;JOSE BONIFACIO;3555703;;;;;;;;;
2018;SP;;JOSE BONIFACIO;3556008;;;;;;;;;
2018;SP;;JOSE BONIFACIO;3557154;;;;;;;;;
2018;SP;;JUNDIAI;3509601;;;;;;;;;
2018;SP;;JUNDIAI;3523404;;;;;;;;;
2018;SP;;JUNDIAI;3524006;;;;;;;;;
2018;SP;;JUNDIAI;3525201;;;;;;;;;
2018;SP;;JUNDIAI;3525904;;;;;;;;;
2018;SP;;JUNDIAI;3527306;;;;;;;;;
2018;SP;;JUNDIAI;3556503;;;;;;;;;
2018;SP;;LESTE 1;3550308;;;;;;;;;
2018;SP;;LESTE 2;3550308;;;;;;;;;
2018;SP;;LESTE 3;3550308;;;;;;;;;
2018;SP;;LESTE 4;3550308;;;;;;;;;
2018;SP;;LESTE 5;3550308;;;;;;;;;
2018;SP;;LIMEIRA;3503802;;;;;;;;;
2018;SP;;LIMEIRA;3512407;;;;;;;;;
2018;SP;;LIMEIRA;3512803;;;;;;;;;
2018;SP;;LIMEIRA;3515152;;;;;;;;;
2018;SP;;LIMEIRA;3521101;;;;;;;;;
2018;SP;;LIMEIRA;3521408;;;;;;;;;
2018;SP;;LIMEIRA;3526902;;;;;;;;;
2018;SP;;LIMEIRA;3543907;;;;;;;;;
2018;SP;;LIMEIRA;3546702;;;;;;;;;
2018;SP;;LINS;3508801;;;;;;;;;
2018;SP;;LINS;3517000;;;;;;;;;
2018;SP;;LINS;3517208;;;;;;;;;
2018;SP;;LINS;3517307;;;;;;;;;
2018;SP;;LINS;3518107;;;;;;;;;
2018;SP;;LINS;3527108;;;;;;;;;
2018;SP;;LINS;3540101;;;;;;;;;
2018;SP;;LINS;3541604;;;;;;;;;
2018;SP;;LINS;3544608;;;;;;;;;
2018;SP;;LINS;3555901;;;;;;;;;
2018;SP;;MARILIA;3501400;;;;;;;;;
2018;SP;;MARILIA;3501509;;;;;;;;;
2018;SP;;MARILIA;3514700;;;;;;;;;
2018;SP;;MARILIA;3515657;;;;;;;;;
2018;SP;;MARILIA;3516606;;;;;;;;;
2018;SP;;MARILIA;3516705;;;;;;;;;
2018;SP;;MARILIA;3525805;;;;;;;;;
2018;SP;;MARILIA;3527801;;;;;;;;;
2018;SP;;MARILIA;3529005;;;;;;;;;
2018;SP;;MARILIA;3533700;;;;;;;;;
2018;SP;;MARILIA;3534104;;;;;;;;;
2018;SP;;MARILIA;3534500;;;;;;;;;
2018;SP;;MARILIA;3540002;;;;;;;;;
2018;SP;;MARILIA;3556602;;;;;;;;;
2018;SP;;MAUA;3529401;;;;;;;;;
2018;SP;;MAUA;3543303;;;;;;;;;
2018;SP;;MAUA;3544103;;;;;;;;;
2018;SP;;MIRACATU;3520301;;;;;;;;;
2018;SP;;MIRACATU;3520426;;;;;;;;;
2018;SP;;MIRACATU;3523305;;;;;;;;;
2018;SP;;MIRACATU;3526100;;;;;;;;;
2018;SP;;MIRACATU;3529906;;;;;;;;;
2018;SP;;MIRACATU;3537206;;;;;;;;;
2018;SP;;MIRANTE DO PARANAPANEMA;3515301;;;;;;;;;
2018;SP;;MIRANTE DO PARANAPANEMA;3515350;;;;;;;;;
2018;SP;;MIRANTE DO PARANAPANEMA;3530201;;;;;;;;;
2018;SP;;MIRANTE DO PARANAPANEMA;3532207;;;;;;;;;
2018;SP;;MIRANTE DO PARANAPANEMA;3544251;;;;;;;;;
2018;SP;;MIRANTE DO PARANAPANEMA;3545506;;;;;;;;;
2018;SP;;MIRANTE DO PARANAPANEMA;3553906;;;;;;;;;
2018;SP;;MIRANTE DO PARANAPANEMA;3554300;;;;;;;;;
2018;SP;;MOGI DAS CRUZES;3506607;;;;;;;;;
2018;SP;;MOGI DAS CRUZES;3530607;;;;;;;;;
2018;SP;;MOGI DAS CRUZES;3545001;;;;;;;;;
2018;SP;;MOGI MIRIM;3500501;;;;;;;;;
2018;SP;;MOGI MIRIM;3501905;;;;;;;;;
2018;SP;;MOGI MIRIM;3512209;;;;;;;;;
2018;SP;;MOGI MIRIM;3557303;;;;;;;;;
2018;SP;;MOGI MIRIM;3519055;;;;;;;;;
2018;SP;;MOGI MIRIM;3522604;;;;;;;;;
2018;SP;;MOGI MIRIM;3527009;;;;;;;;;
2018;SP;;MOGI MIRIM;3530706;;;;;;;;;
2018;SP;;MOGI MIRIM;;;;;;;;;;
2018;SP;;MOGI MIRIM;3531209;;;;;;;;;
2018;SP;;MOGI MIRIM;3537107;;;;;;;;;
2018;SP;;MOGI MIRIM;3548005;;;;;;;;;
2018;SP;;MOGI MIRIM;3551603;;;;;;;;;
2018;SP;;NORTE 1;3550308;;;;;;;;;
2018;SP;;NORTE 2;3550308;;;;;;;;;
2018;SP;;OSASCO;3534401;;;;;;;;;
2018;SP;;OURINHOS;3506300;;;;;;;;;
2018;SP;;OURINHOS;3509809;;;;;;;;;
2018;SP;;OURINHOS;3510153;;;;;;;;;
2018;SP;;OURINHOS;3557204;;;;;;;;;
2018;SP;;OURINHOS;3515194;;;;;;;;;
2018;SP;;OURINHOS;3519501;;;;;;;;;
2018;SP;;OURINHOS;3520905;;;;;;;;;
2018;SP;;OURINHOS;3534708;;;;;;;;;
2018;SP;;OURINHOS;3543204;;;;;;;;;
2018;SP;;OURINHOS;3545407;;;;;;;;;
2018;SP;;OURINHOS;3546405;;;;;;;;;
2018;SP;;OURINHOS;3550506;;;;;;;;;
2018;SP;;PENAPOLIS;3501103;;;;;;;;;
2018;SP;;PENAPOLIS;3504404;;;;;;;;;
2018;SP;;PENAPOLIS;3505104;;;;;;;;;
2018;SP;;PENAPOLIS;3507704;;;;;;;;;
2018;SP;;PENAPOLIS;3511904;;;;;;;;;
2018;SP;;PENAPOLIS;3527702;;;;;;;;;
2018;SP;;PENAPOLIS;3537305;;;;;;;;;
2018;SP;;PENAPOLIS;3548401;;;;;;;;;
2018;SP;;PINDAMONHANGABA;3509700;;;;;;;;;
2018;SP;;PINDAMONHANGABA;3538006;;;;;;;;;
2018;SP;;PINDAMONHANGABA;3548203;;;;;;;;;
2018;SP;;PINDAMONHANGABA;3548609;;;;;;;;;
2018;SP;;PINDAMONHANGABA;3554805;;;;;;;;;
2018;SP;;PIRACICABA;3500600;;;;;;;;;
2018;SP;;PIRACICABA;3511706;;;;;;;;;
2018;SP;;PIRACICABA;3538709;;;;;;;;;
2018;SP;;PIRACICABA;3545159;;;;;;;;;
2018;SP;;PIRACICABA;3547007;;;;;;;;;
2018;SP;;PIRACICABA;3550407;;;;;;;;;
2018;SP;;PIRAJU;3515400;;;;;;;;;
2018;SP;;PIRAJU;3528601;;;;;;;;;
2018;SP;;PIRAJU;3533809;;;;;;;;;
2018;SP;;PIRAJU;3538808;;;;;;;;;
2018;SP;;PIRAJU;3551207;;;;;;;;;
2018;SP;;PIRAJU;3553005;;;;;;;;;
2018;SP;;PIRAJU;3554201;;;;;;;;;
2018;SP;;PIRAJU;3554607;;;;;;;;;
2018;SP;;PIRASSUNUNGA;3502002;;;;;;;;;
2018;SP;;PIRASSUNUNGA;3503307;;;;;;;;;
2018;SP;;PIRASSUNUNGA;3526704;;;;;;;;;
2018;SP;;PIRASSUNUNGA;3539301;;;;;;;;;
2018;SP;;PIRASSUNUNGA;3540705;;;;;;;;;
2018;SP;;PIRASSUNUNGA;3546207;;;;;;;;;
2018;SP;;PIRASSUNUNGA;3546306;;;;;;;;;
2018;SP;;PIRASSUNUNGA;3547502;;;;;;;;;
2018;SP;;PRESIDENTE PRUDENTE;3500808;;;;;;;;;
2018;SP;;PRESIDENTE PRUDENTE;3501301;;;;;;;;;
2018;SP;;PRESIDENTE PRUDENTE;3502408;;;;;;;;;
2018;SP;;PRESIDENTE PRUDENTE;3508900;;;;;;;;;
2018;SP;;PRESIDENTE PRUDENTE;3520608;;;;;;;;;
2018;SP;;PRESIDENTE PRUDENTE;3529203;;;;;;;;;
2018;SP;;PRESIDENTE PRUDENTE;3539202;;;;;;;;;
2018;SP;;PRESIDENTE PRUDENTE;3541406;;;;;;;;;
2018;SP;;PRESIDENTE PRUDENTE;3542404;;;;;;;;;
2018;SP;;PRESIDENTE PRUDENTE;3548302;;;;;;;;;
2018;SP;;PRESIDENTE PRUDENTE;3552908;;;;;;;;;
2018;SP;;REGISTRO;3505401;;;;;;;;;
2018;SP;;REGISTRO;3509254;;;;;;;;;
2018;SP;;REGISTRO;3509908;;;;;;;;;
2018;SP;;REGISTRO;3514809;;;;;;;;;
2018;SP;;REGISTRO;3524600;;;;;;;;;
2018;SP;;REGISTRO;3536208;;;;;;;;;
2018;SP;;REGISTRO;3542602;;;;;;;;;
2018;SP;;REGISTRO;3551801;;;;;;;;;
2018;SP;;RIBEIRAO PRETO;3501004;;;;;;;;;
2018;SP;;RIBEIRAO PRETO;3505906;;;;;;;;;
2018;SP;;RIBEIRAO PRETO;3507803;;;;;;;;;
2018;SP;;RIBEIRAO PRETO;3509403;;;;;;;;;
2018;SP;;RIBEIRAO PRETO;3510906;;;;;;;;;
2018;SP;;RIBEIRAO PRETO;3513108;;;;;;;;;
2018;SP;;RIBEIRAO PRETO;3527603;;;;;;;;;
2018;SP;;RIBEIRAO PRETO;3543402;;;;;;;;;
2018;SP;;RIBEIRAO PRETO;3546256;;;;;;;;;
2018;SP;;RIBEIRAO PRETO;3547601;;;;;;;;;
2018;SP;;RIBEIRAO PRETO;3547908;;;;;;;;;
2018;SP;;RIBEIRAO PRETO;3550902;;;;;;;;;
2018;SP;;RIBEIRAO PRETO;3551405;;;;;;;;;
2018;SP;;RIBEIRAO PRETO;3551504;;;;;;;;;
2018;SP;;SANTO ANASTACIO;3509106;;;;;;;;;
2018;SP;;SANTO ANASTACIO;3515129;;;;;;;;;
2018;SP;;SANTO ANASTACIO;3528700;;;;;;;;;
2018;SP;;SANTO ANASTACIO;3538303;;;;;;;;;
2018;SP;;SANTO ANASTACIO;3541208;;;;;;;;;
2018;SP;;SANTO ANASTACIO;3541307;;;;;;;;;
2018;SP;;SANTO ANASTACIO;3541505;;;;;;;;;
2018;SP;;SANTO ANASTACIO;3543238;;;;;;;;;
2018;SP;;SANTO ANASTACIO;3547700;;;;;;;;;
2018;SP;;SANTO ANDRE;3547809;;;;;;;;;
2018;SP;;SANTOS;3506359;;;;;;;;;
2018;SP;;SANTOS;3513504;;;;;;;;;
2018;SP;;SANTOS;3518701;;;;;;;;;
2018;SP;;SANTOS;3548500;;;;;;;;;
2018;SP;;SAO BERNARDO DO CAMPO;3548708;;;;;;;;;
2018;SP;;SAO BERNARDO DO CAMPO;3548807;;;;;;;;;
2018;SP;;SAO CARLOS;3512704;;;;;;;;;
2018;SP;;SAO CARLOS;3513702;;;;;;;;;
2018;SP;;SAO CARLOS;3514304;;;;;;;;;
2018;SP;;SAO CARLOS;3519303;;;;;;;;;
2018;SP;;SAO CARLOS;3523602;;;;;;;;;
2018;SP;;SAO CARLOS;3542909;;;;;;;;;
2018;SP;;SAO CARLOS;3548906;;;;;;;;;
2018;SP;;SAO JOAO DA BOA VISTA;3500303;;;;;;;;;
2018;SP;;SAO JOAO DA BOA VISTA;3500402;;;;;;;;;
2018;SP;;SAO JOAO DA BOA VISTA;3508702;;;;;;;;;
2018;SP;;SAO JOAO DA BOA VISTA;3510807;;;;;;;;;
2018;SP;;SAO JOAO DA BOA VISTA;3513900;;;;;;;;;
2018;SP;;SAO JOAO DA BOA VISTA;3515186;;;;;;;;;
2018;SP;;SAO JOAO DA BOA VISTA;3523800;;;;;;;;;
2018;SP;;SAO JOAO DA BOA VISTA;3530508;;;;;;;;;
2018;SP;;SAO JOAO DA BOA VISTA;3548104;;;;;;;;;
2018;SP;;SAO JOAO DA BOA VISTA;3549102;;;;;;;;;
2018;SP;;SAO JOAO DA BOA VISTA;3549706;;;;;;;;;
2018;SP;;SAO JOAO DA BOA VISTA;3550803;;;;;;;;;
2018;SP;;SAO JOAO DA BOA VISTA;3553302;;;;;;;;;
2018;SP;;SAO JOAO DA BOA VISTA;3553609;;;;;;;;;
2018;SP;;SAO JOAO DA BOA VISTA;3556404;;;;;;;;;
2018;SP;;SAO JOAQUIM DA BARRA;3503000;;;;;;;;;
2018;SP;;SAO JOAQUIM DA BARRA;3508207;;;;;;;;;
2018;SP;;SAO JOAQUIM DA BARRA;3517703;;;;;;;;;
2018;SP;;SAO JOAQUIM DA BARRA;3520103;;;;;;;;;
2018;SP;;SAO JOAQUIM DA BARRA;3521309;;;;;;;;;
2018;SP;;SAO JOAQUIM DA BARRA;3524105;;;;;;;;;
2018;SP;;SAO JOAQUIM DA BARRA;3529708;;;;;;;;;
2018;SP;;SAO JOAQUIM DA BARRA;3531902;;;;;;;;;
2018;SP;;SAO JOAQUIM DA BARRA;3533601;;;;;;;;;
2018;SP;;SAO JOAQUIM DA BARRA;3534302;;;;;;;;;
2018;SP;;SAO JOAQUIM DA BARRA;3544905;;;;;;;;;
2018;SP;;SAO JOAQUIM DA BARRA;3549409;;;;;;;;;
2018;SP;;SAO JOSE DO RIO PRETO;3504602;;;;;;;;;
2018;SP;;SAO JOSE DO RIO PRETO;3511300;;;;;;;;;
2018;SP;;SAO JOSE DO RIO PRETO;3517505;;;;;;;;;
2018;SP;;SAO JOSE DO RIO PRETO;3519402;;;;;;;;;
2018;SP;;SAO JOSE DO RIO PRETO;3519808;;;;;;;;;
2018;SP;;SAO JOSE DO RIO PRETO;3521150;;;;;;;;;
2018;SP;;SAO JOSE DO RIO PRETO;3530409;;;;;;;;;
2018;SP;;SAO JOSE DO RIO PRETO;3533007;;;;;;;;;
2018;SP;;SAO JOSE DO RIO PRETO;3534005;;;;;;;;;
2018;SP;;SAO JOSE DO RIO PRETO;3534203;;;;;;;;;
2018;SP;;SAO JOSE DO RIO PRETO;3535002;;;;;;;;;
2018;SP;;SAO JOSE DO RIO PRETO;3540804;;;;;;;;;
2018;SP;;SAO JOSE DO RIO PRETO;3549805;;;;;;;;;
2018;SP;;SAO JOSE DO RIO PRETO;3555604;;;;;;;;;
2018;SP;;SAO JOSE DOS CAMPOS;3531704;;;;;;;;;
2018;SP;;SAO JOSE DOS CAMPOS;3549904;;;;;;;;;
2018;SP;;SAO ROQUE;3501152;;;;;;;;;
2018;SP;;SAO ROQUE;3502754;;;;;;;;;
2018;SP;;SAO ROQUE;3519709;;;;;;;;;
2018;SP;;SAO ROQUE;3528403;;;;;;;;;
2018;SP;;SAO ROQUE;3550605;;;;;;;;;
2018;SP;;SAO ROQUE;3556453;;;;;;;;;
2018;SP;;SAO VICENTE;3522109;;;;;;;;;
2018;SP;;SAO VICENTE;3531100;;;;;;;;;
2018;SP;;SAO VICENTE;3537602;;;;;;;;;
2018;SP;;SAO VICENTE;3541000;;;;;;;;;
2018;SP;;SAO VICENTE;3551009;;;;;;;;;
2018;SP;;SERTAOZINHO;3505609;;;;;;;;;
2018;SP;;SERTAOZINHO;3514601;;;;;;;;;
2018;SP;;SERTAOZINHO;3525102;;;;;;;;;
2018;SP;;SERTAOZINHO;3539509;;;;;;;;;
2018;SP;;SERTAOZINHO;3540200;;;;;;;;;
2018;SP;;SERTAOZINHO;3551702;;;;;;;;;
2018;SP;;SERTAOZINHO;3554409;;;;;;;;;
2018;SP;;SERTAOZINHO;3556800;;;;;;;;;
2018;SP;;SOROCABA;3552205;;;;;;;;;
2018;SP;;SUL 1;3550308;;;;;;;;;
2018;SP;;SUL 2;3550308;;;;;;;;;
2018;SP;;SUL 3;3550308;;;;;;;;;
2018;SP;;SUMARE;3519071;;;;;;;;;
2018;SP;;SUMARE;3536505;;;;;;;;;
2018;SP;;SUMARE;3552403;;;;;;;;;
2018;SP;;SUZANO;3515707;;;;;;;;;
2018;SP;;SUZANO;3552502;;;;;;;;;
2018;SP;;TABOAO DA SERRA;3515004;;;;;;;;;
2018;SP;;TABOAO DA SERRA;3552809;;;;;;;;;
2018;SP;;TAQUARITINGA;3507407;;;;;;;;;
2018;SP;;TAQUARITINGA;3510104;;;;;;;;;
2018;SP;;TAQUARITINGA;3514007;;;;;;;;;
2018;SP;;TAQUARITINGA;3515608;;;;;;;;;
2018;SP;;TAQUARITINGA;3519600;;;;;;;;;
2018;SP;;TAQUARITINGA;3522703;;;;;;;;;
2018;SP;;TAQUARITINGA;3539004;;;;;;;;;
2018;SP;;TAQUARITINGA;3546504;;;;;;;;;
2018;SP;;TAQUARITINGA;3552700;;;;;;;;;
2018;SP;;TAQUARITINGA;3553708;;;;;;;;;
2018;SP;;TAQUARITINGA;3556909;;;;;;;;;
2018;SP;;TAUBATE;3508504;;;;;;;;;
2018;SP;;TAUBATE;3524907;;;;;;;;;
2018;SP;;TAUBATE;3526308;;;;;;;;;
2018;SP;;TAUBATE;3532306;;;;;;;;;
2018;SP;;TAUBATE;3535606;;;;;;;;;
2018;SP;;TAUBATE;3542305;;;;;;;;;
2018;SP;;TAUBATE;;;;;;;;;;
2018;SP;;TAUBATE;3554102;;;;;;;;;
2018;SP;;TUPA;3503356;;;;;;;;;
2018;SP;;TUPA;3505807;;;;;;;;;
2018;SP;;TUPA;3519006;;;;;;;;;
2018;SP;;TUPA;3519204;;;;;;;;;
2018;SP;;TUPA;3525607;;;;;;;;;
2018;SP;;TUPA;3536000;;;;;;;;;
2018;SP;;TUPA;3541703;;;;;;;;;
2018;SP;;TUPA;3541802;;;;;;;;;
2018;SP;;TUPA;3542008;;;;;;;;;
2018;SP;;TUPA;3542206;;;;;;;;;
2018;SP;;TUPA;3543808;;;;;;;;;
2018;SP;;TUPA;3555000;;;;;;;;;
2018;SP;;VOTORANTIM;3502903;;;;;;;;;
2018;SP;;VOTORANTIM;3510302;;;;;;;;;
2018;SP;;VOTORANTIM;3537800;;;;;;;;;
2018;SP;;VOTORANTIM;3537909;;;;;;;;;
2018;SP;;VOTORANTIM;3545308;;;;;;;;;
2018;SP;;VOTORANTIM;3553500;;;;;;;;;
2018;SP;;VOTORANTIM;3557006;;;;;;;;;
2018;SP;;VOTUPORANGA;3501202;;;;;;;;;
2018;SP;;VOTUPORANGA;3501806;;;;;;;;;
2018;SP;;VOTUPORANGA;3510708;;;;;;;;;
2018;SP;;VOTUPORANGA;3512902;;;;;;;;;
2018;SP;;VOTUPORANGA;3515905;;;;;;;;;
2018;SP;;VOTUPORANGA;3516804;;;;;;;;;
2018;SP;;VOTUPORANGA;3528106;;;;;;;;;
2018;SP;;VOTUPORANGA;3531001;;;;;;;;;
2018;SP;;VOTUPORANGA;3532603;;;;;;;;;
2018;SP;;VOTUPORANGA;3532868;;;;;;;;;
2018;SP;;VOTUPORANGA;3533304;;;;;;;;;
2018;SP;;VOTUPORANGA;3536257;;;;;;;;;
2018;SP;;VOTUPORANGA;3536604;;;;;;;;;
2018;SP;;VOTUPORANGA;3540309;;;;;;;;;
2018;SP;;VOTUPORANGA;3544202;;;;;;;;;
2018;SP;;VOTUPORANGA;3551306;;;;;;;;;
2018;SP;;VOTUPORANGA;3556107;;;;;;;;;
2018;SP;;VOTUPORANGA;3557105;;;;;;;;;
2015;SP;;ADAMANTINA;3500105;0;0;0;96.77;3.05;0.18;91.7;5.73;2.57
2015;SP;;ADAMANTINA;3514403;0;0;0;93.94;4.33;1.73;87.77;8.58;3.65
2015;SP;;ADAMANTINA;3515806;0;0;0;0;0;0;95.38;3.08;1.54
2015;SP;;ADAMANTINA;3516002;0;0;0;92.83;7.17;0;93.24;6.18;0.58
2015;SP;;ADAMANTINA;3520806;0;0;0;96.13;3.87;0;90.57;8.18;1.25
2015;SP;;ADAMANTINA;3521606;25;75;0;94.58;5.15;0.27;94.63;3.72;1.65
2015;SP;;ADAMANTINA;3526001;0;0;0;95.07;4.93;0;90.65;9.35;0
2015;SP;;ADAMANTINA;3527405;0;0;0;94.63;5.37;0;78.6;21.2;0.2
2015;SP;;ADAMANTINA;3528908;0;0;0;92.25;7.04;0.71;94.02;4.27;1.71
2015;SP;;ADAMANTINA;3531605;0;0;0;99.46;0.54;0;96.27;3.73;0
2015;SP;;ADAMANTINA;3533106;0;0;0;98.85;1.15;0;96.47;3.53;0
2015;SP;;ADAMANTINA;3534609;0;0;0;97.42;2.12;0.46;93.4;6.18;0.42
2015;SP;;ADAMANTINA;3534807;0;0;0;0;0;0;98.6;1.4;0
2015;SP;;ADAMANTINA;3534906;0;0;0;94.97;3.97;1.06;85.71;8.39;5.9
2015;SP;;ADAMANTINA;3535408;0;0;0;97.1;1.89;1.01;94.82;4.99;0.19
2015;SP;;ADAMANTINA;3536406;0;0;0;96.16;3.84;0;95.27;4.73;0
2015;SP;;ADAMANTINA;3540853;0;0;0;100;0;0;95.08;3.28;1.64
2015;SP;;ADAMANTINA;3544707;0;0;0;99.27;0.73;0;97.67;1.16;1.17
2015;SP;;ADAMANTINA;3545100;0;0;0;95.73;3.2;1.07;95.5;0.5;4
2015;SP;;ADAMANTINA;3547106;0;0;0;99.44;0.56;0;98.02;1.98;0
2015;SP;;ADAMANTINA;3549300;0;0;0;100;0;0;100;0;0
2015;SP;;ADAMANTINA;3555109;0;0;0;0;0;0;94.13;4.85;1.02
2015;SP;;AMERICANA;3501608;99.1;0.87;0.03;92.42;6.03;1.55;85.72;9.85;4.43
2015;SP;;AMERICANA;3533403;0;0;0;98.14;1.65;0.21;92.78;3.93;3.29
2015;SP;;AMERICANA;3545803;98.79;1.15;0.06;92.52;5.86;1.62;86.53;8.97;4.5
2015;SP;;ANDRADINA;3502101;0;0;0;94.94;3.39;1.67;89.41;6.63;3.96
2015;SP;;ANDRADINA;3511003;0;0;0;98.23;1.51;0.26;94.64;1.69;3.67
2015;SP;;ANDRADINA;3517802;0;0;0;92.28;6.23;1.49;91.8;6.64;1.56
2015;SP;;ANDRADINA;3520442;0;0;0;98.51;0.74;0.75;79.41;19.77;0.82
2015;SP;;ANDRADINA;3523008;0;0;0;97.07;2.93;0;96.22;3.78;0
2015;SP;;ANDRADINA;3526506;0;0;0;0;0;0;90.95;6.03;3.02
2015;SP;;ANDRADINA;3530102;0;0;0;97.78;1.52;0.7;97.61;2.24;0.15
2015;SP;;ANDRADINA;3532108;0;0;0;94.48;4.42;1.1;89.33;9.33;1.34
2015;SP;;ANDRADINA;3533205;0;0;0;0;0;0;93.89;3.33;2.78
2015;SP;;ANDRADINA;3537404;0;0;0;98.54;1.01;0.45;97.58;2.12;0.3
2015;SP;;ANDRADINA;3552304;0;0;0;0;0;0;96.4;1.8;1.8
2015;SP;;APIAI;3502705;98.87;1.13;0;98.6;1.4;0;96.55;2.22;1.23
2015;SP;;APIAI;3505351;0;0;0;94.01;4.36;1.63;94.59;1.27;4.14
2015;SP;;APIAI;3517604;100;0;0;99.51;0.49;0;98.29;0.96;0.75
2015;SP;;APIAI;3521200;0;0;0;94.12;5.88;0;88.18;10;1.82
2015;SP;;APIAI;3522158;100;0;0;98.77;0.41;0.82;97.62;0.48;1.9
2015;SP;;APIAI;3522653;0;0;0;96.44;3.24;0.32;93.85;2.87;3.28
2015;SP;;APIAI;3542800;100;0;0;99.62;0.38;0;98.56;0.96;0.48
2015;SP;;APIAI;3543006;0;0;0;97.28;2.57;0.15;94.59;4.47;0.94
2015;SP;;ARACATUBA;3502804;85.71;14.29;0;96.51;3.09;0.4;92.15;6.96;0.89
2015;SP;;ARACATUBA;3506201;0;0;0;99.18;0.82;0;98.08;1.92;0
2015;SP;;ARACATUBA;3518206;0;0;0;97.46;2.21;0.33;95.74;3.59;0.67
2015;SP;;ARACATUBA;3544400;0;0;0;97.4;0.65;1.95;96.61;2.54;0.85
2015;SP;;ARACATUBA;3548054;0;0;0;0;0;0;93.81;2.06;4.13
2015;SP;;ARACATUBA;3556305;0;0;0;98.56;1.17;0.27;95.16;3.29;1.55
2015;SP;;ARARAQUARA;3501707;0;0;0;92.95;6.07;0.98;81.95;15.64;2.41
2015;SP;;ARARAQUARA;3503208;99.82;0.13;0.05;94.09;4.96;0.95;88.67;10.04;1.29
2015;SP;;ARARAQUARA;3506706;0;0;0;0;0;0;84.7;10.5;4.8
2015;SP;;ARARAQUARA;3516853;0;0;0;93.15;5.82;1.03;82.93;11.59;5.48
2015;SP;;ARARAQUARA;3529302;99.78;0.14;0.08;97.65;1.96;0.39;95.51;3.51;0.98
2015;SP;;ARARAQUARA;3532058;0;0;0;0;0;0;90.91;9.09;0
2015;SP;;ARARAQUARA;3532900;0;0;0;0;0;0;95.29;4.71;0
2015;SP;;ARARAQUARA;3543709;0;0;0;92.84;7.16;0;88.38;11.62;0
2015;SP;;ARARAQUARA;3546900;0;0;0;98.7;0.78;0.52;98.21;0.89;0.9
2015;SP;;ARARAQUARA;3554755;0;0;0;0;0;0;70.1;29.9;0
2015;SP;;ASSIS;3504008;0;0;0;91.43;6.48;2.09;86.77;9.94;3.29
2015;SP;;ASSIS;3507209;0;0;0;97.96;2.04;0;100;0;0
2015;SP;;ASSIS;3510005;99.69;0.31;0;96.09;3.53;0.38;94.26;3.99;1.75
2015;SP;;ASSIS;3513306;100;0;0;100;0;0;98.84;1.16;0
2015;SP;;ASSIS;;98.54;1.46;0;92.35;5.29;2.36;94.95;4.04;1.01
2015;SP;;ASSIS;3519907;0;0;0;99.27;0.73;0;94.82;3.24;1.94
2015;SP;;ASSIS;3527900;0;0;0;92.36;7.64;0;96.92;2.31;0.77
2015;SP;;ASSIS;3528809;0;0;0;98.69;1.02;0.29;94.82;3.11;2.07
2015;SP;;ASSIS;3532157;0;0;0;100;0;0;97.04;2.96;0
2015;SP;;ASSIS;3535309;0;0;0;88.59;7.93;3.48;81.58;12.48;5.94
2015;SP;;ASSIS;3535507;0;0;0;99.1;0.9;0;94.81;4.15;1.04
2015;SP;;ASSIS;3537156;0;0;0;100;0;0;99.09;0.91;0
2015;SP;;ASSIS;3539707;0;0;0;93.02;4.19;2.79;92.98;5.26;1.76
2015;SP;;ASSIS;3553955;0;0;0;92.93;4.95;2.12;81.4;10.85;7.75
2015;SP;;AVARE;3500550;0;0;0;98.86;0.85;0.29;91.45;3.85;4.7
2015;SP;;AVARE;3503109;0;0;0;92.18;5.59;2.23;82.59;12.55;4.86
2015;SP;;AVARE;3504503;0;0;0;94.92;3.19;1.89;83.81;9.27;6.92
2015;SP;;AVARE;3511409;41.67;58.33;0;93.26;5.12;1.62;88.4;6.45;5.15
2015;SP;;AVARE;3519253;80;20;0;72.61;27.39;0;94.32;5.68;0
2015;SP;;AVARE;3521804;0;0;0;91.8;4.53;3.67;85.49;7.25;7.26
2015;SP;;AVARE;3553807;0;0;0;95.93;3.35;0.72;91.66;5.28;3.06
2015;SP;;BARRETOS;3500907;0;0;0;97.88;1.06;1.06;91.62;4.79;3.59
2015;SP;;BARRETOS;3505500;0;0;0;96.15;2.36;1.49;86.91;6.09;7
2015;SP;;BARRETOS;3512001;0;0;0;0;0;0;87.72;5.94;6.34
2015;SP;;BARRETOS;3512100;0;0;0;0;0;0;94.78;2.17;3.05
2015;SP;;BARRETOS;3517406;0;0;0;97.8;1.1;1.1;91.92;3.47;4.61
2015;SP;;BARRETOS;3517901;0;0;0;0;0;0;98.03;1.97;0
2015;SP;;BARRETOS;3524204;0;0;0;0;0;0;94.83;3.45;1.72
2015;SP;;BARRETOS;3533908;0;0;0;98.79;0.79;0.42;95.79;2.48;1.73
2015;SP;;BARRETOS;3551900;0;0;0;0;0;0;88.83;7.14;4.03
2015;SP;;BAURU;3500709;0;0;0;94.08;4.72;1.2;89.79;6.18;4.03
2015;SP;;BAURU;3503406;0;0;0;93.07;5.54;1.39;94.38;2.62;3
2015;SP;;BAURU;3504305;93.33;6.67;0;91.19;6.13;2.68;81.03;1.72;17.25
2015;SP;;BAURU;3504701;0;0;0;100;0;0;100;0;0
2015;SP;;BAURU;3506003;98.45;1.39;0.16;93.5;4.9;1.6;87.06;9.85;3.09
2015;SP;;BAURU;3508306;0;0;0;92.16;7.06;0.78;90.12;3.09;6.79
2015;SP;;BAURU;3514502;0;0;0;96.27;1.18;2.55;88.2;5.34;6.46
2015;SP;;BAURU;3519105;0;0;0;93.25;4.29;2.46;88.62;4.88;6.5
2015;SP;;BAURU;3526803;0;0;0;93.97;4.66;1.37;89.75;6.23;4.02
2015;SP;;BAURU;3527504;0;0;0;100;0;0;97.41;0;2.59
2015;SP;;BAURU;3536570;0;0;0;99.01;0.99;0;97.33;1.33;1.34
2015;SP;;BAURU;3538907;0;0;0;97.92;0.23;1.85;95.32;0.65;4.03
2015;SP;;BAURU;3539400;0;0;0;98.83;0.7;0.47;96.57;3.43;0
2015;SP;;BAURU;3541109;99.56;0.44;0;99.1;0;0.9;96.43;0;3.57
2015;SP;;BAURU;3542503;0;0;0;97.29;0.78;1.93;96.61;0.56;2.83
2015;SP;;BAURU;3555505;0;0;0;95.85;3.73;0.42;96.92;2.56;0.52
2015;SP;;BIRIGUI;3506409;0;0;0;98.71;1.29;0;97.27;2.73;0
2015;SP;;BIRIGUI;3506508;0;0;0;97.49;1.99;0.52;93.13;5.68;1.19
2015;SP;;BIRIGUI;3507753;0;0;0;98.84;1.16;0;97.58;1.61;0.81
2015;SP;;BIRIGUI;3508108;0;0;0;99.54;0.46;0;97.34;1.42;1.24
2015;SP;;BIRIGUI;3512506;0;0;0;96.98;2.59;0.43;88.69;7.14;4.17
2015;SP;;BIRIGUI;3516507;0;0;0;98.98;1.02;0;98.78;1.22;0
2015;SP;;BIRIGUI;3517109;0;0;0;97.71;2.29;0;98.74;1.26;0
2015;SP;;BIRIGUI;3527256;0;0;0;95.24;4.76;0;96;4;0
2015;SP;;BIRIGUI;3537701;0;0;0;98.33;1.67;0;95.33;4.21;0.46
2015;SP;;BIRIGUI;3555208;0;0;0;100;0;0;96.72;1.64;1.64
2015;SP;;BOTUCATU;3502309;0;0;0;0;0;0;82.46;7.02;10.52
2015;SP;;BOTUCATU;3503604;0;0;0;0;0;0;90.99;3.2;5.81
2015;SP;;BOTUCATU;3506904;0;0;0;85.8;10.49;3.71;83.79;14.83;1.38
2015;SP;;BOTUCATU;3507506;50;50;0;93.01;3.41;3.58;85.06;8.54;6.4
2015;SP;;BOTUCATU;3511607;0;0;0;0;0;0;82.92;5.77;11.31
2015;SP;;BOTUCATU;3512308;99.31;0.69;0;92.36;3.47;4.17;81.35;4.13;14.52
2015;SP;;BOTUCATU;3523503;0;0;0;93.59;4.81;1.6;85.41;8.79;5.8
2015;SP;;BOTUCATU;3526407;0;0;0;91.67;4.02;4.31;84.05;6.06;9.89
2015;SP;;BOTUCATU;3536109;0;0;0;0;0;0;81.74;16.89;1.37
2015;SP;;BOTUCATU;3537503;0;0;0;92.56;7.16;0.28;94.84;5.16;0
2015;SP;;BOTUCATU;3540507;0;0;0;87.98;10.2;1.82;87.32;8.1;4.58
2015;SP;;BOTUCATU;3541059;0;0;0;97.09;2.66;0.25;93.14;5.88;0.98
2015;SP;;BOTUCATU;3541653;0;0;0;0;0;0;95.32;0;4.68
2015;SP;;BOTUCATU;3550100;0;0;0;96.34;3.17;0.49;92.85;3.34;3.81
2015;SP;;BOTUCATU;3554656;0;0;0;93.42;6.58;0;89.11;9.9;0.99
2015;SP;;BRAGANCA PAULISTA;3504107;99.83;0.17;0;95.1;3.3;1.6;88.46;5.67;5.87
2015;SP;;BRAGANCA PAULISTA;3507100;0;0;0;92.9;6.07;1.03;86.94;11.23;1.83
2015;SP;;BRAGANCA PAULISTA;3507605;0;100;0;93.45;5.66;0.89;87.91;9.35;2.74
2015;SP;;BRAGANCA PAULISTA;3525508;0;0;0;0;0;0;97.59;2.41;0
2015;SP;;BRAGANCA PAULISTA;3532009;0;0;0;95.54;2.79;1.67;80.6;11.4;8
2015;SP;;BRAGANCA PAULISTA;3532405;98.51;1.49;0;96.78;2.36;0.86;90.98;6.66;2.36
2015;SP;;BRAGANCA PAULISTA;3536802;0;0;0;0;0;0;89.34;1.64;9.02
2015;SP;;BRAGANCA PAULISTA;3538204;0;0;0;0;0;0;96.25;0.59;3.16
2015;SP;;BRAGANCA PAULISTA;3538600;0;0;0;95.18;3.94;0.88;84;7.77;8.23
2015;SP;;BRAGANCA PAULISTA;3552106;97.63;2.08;0.29;97.2;2.35;0.45;93.51;3.67;2.82
2015;SP;;BRAGANCA PAULISTA;3554953;0;0;0;0;0;0;86.98;6.98;6.04
2015;SP;;BRAGANCA PAULISTA;3556354;0;0;0;0;0;0;73.67;21.63;4.7
2015;SP;;CAIEIRAS;3509007;100;0;0;98.43;1.34;0.23;95.21;4.08;0.71
2015;SP;;CAIEIRAS;3509205;0;0;0;96.34;3.39;0.27;94.2;5.7;0.1
2015;SP;;CAIEIRAS;3516309;99.4;0.6;0;96.56;2.52;0.92;93.6;3.9;2.5
2015;SP;;CAIEIRAS;3516408;99.04;0.91;0.05;96.48;2.19;1.33;92.66;4.09;3.25
2015;SP;;CAIEIRAS;3528502;0;0;0;98.46;0.81;0.73;97.37;1.49;1.14
2015;SP;;CAMPINAS LESTE;3509502;98.82;1.09;0.09;94.72;4.68;0.6;88.04;9.54;2.42
2015;SP;;CAMPINAS LESTE;3524709;0;0;0;0;0;0;90.56;9.17;0.27
2015;SP;;CAMPINAS OESTE;3509502;98.03;1.78;0.19;92.22;5.29;2.49;86.83;7.97;5.2
2015;SP;;CAMPINAS OESTE;3556206;0;0;0;96.08;3.52;0.4;92.14;5.09;2.77
2015;SP;;CAMPINAS OESTE;3556701;0;0;0;94.17;3.33;2.5;83.93;9.02;7.05
2015;SP;;CAPIVARI;3510401;0;0;0;93.67;4.95;1.38;86.75;7.99;5.26
2015;SP;;CAPIVARI;3514908;0;0;0;0;0;0;89.11;8.6;2.29
2015;SP;;CAPIVARI;3520509;0;0;0;95.89;2.92;1.19;90.96;5.91;3.13
2015;SP;;CAPIVARI;3530904;0;0;0;0;0;0;97.95;2.05;0
2015;SP;;CAPIVARI;3531803;0;0;0;95.47;2.3;2.23;89.67;4.98;5.35
2015;SP;;CAPIVARI;3542107;0;0;0;92.28;4.25;3.47;87.82;6.35;5.83
2015;SP;;CAPIVARI;3544004;0;0;0;91.32;6.7;1.98;90.11;4.95;4.94
2015;SP;;CARAGUATATUBA;3510500;0;0;0;99.64;0.26;0.1;99.18;0.73;0.09
2015;SP;;CARAGUATATUBA;3520400;0;0;0;0;0;0;95.33;2.78;1.89
2015;SP;;CARAGUATATUBA;3550704;0;0;0;0;0;0;97.35;2.61;0.04
2015;SP;;CARAGUATATUBA;3555406;94.87;5.13;0;96.3;2.85;0.85;94.56;4.23;1.21
2015;SP;;CARAPICUIBA;3510609;98.56;1.11;0.33;92.21;4.75;3.04;83.64;9.42;6.94
2015;SP;;CARAPICUIBA;3513009;100;0;0;91.09;6.04;2.87;79.18;13.04;7.78
2015;SP;;CATANDUVA;3503703;0;0;0;97.99;1.5;0.51;98.66;1.34;0
2015;SP;;CATANDUVA;3509304;0;0;0;0;0;0;86.83;1.5;11.67
2015;SP;;CATANDUVA;3511102;0;0;0;95.67;4.1;0.23;94.02;5.09;0.89
2015;SP;;CATANDUVA;3511201;0;0;0;96.56;3.44;0;98.84;1.16;0
2015;SP;;CATANDUVA;3514924;0;0;0;0;0;0;100;0;0
2015;SP;;CATANDUVA;3514957;0;0;0;97.27;2.73;0;91.3;7.25;1.45
2015;SP;;CATANDUVA;3521903;0;0;0;0;0;0;92.27;1.87;5.86
2015;SP;;CATANDUVA;3528858;0;0;0;87.59;11.68;0.73;89.29;4.76;5.95
2015;SP;;CATANDUVA;3533254;0;0;0;0;0;0;96.3;0.62;3.08
2015;SP;;CATANDUVA;3533502;0;0;0;91.79;6.16;2.05;91.58;5.13;3.29
2015;SP;;CATANDUVA;3535101;0;0;0;98.45;1.17;0.38;92.92;4.72;2.36
2015;SP;;CATANDUVA;3535705;0;0;0;0;0;0;91.88;5.13;2.99
2015;SP;;CATANDUVA;3538105;0;0;0;78.15;19.33;2.52;81.13;16.17;2.7
2015;SP;;CATANDUVA;3545605;0;0;0;98.61;0;1.39;94.04;4.4;1.56
2015;SP;;CATANDUVA;3552601;0;0;0;97.78;2.22;0;97.12;2.88;0
2015;SP;;CENTRO;3550308;98.24;1.29;0.47;88.03;9.25;2.72;80.77;13.81;5.42
2015;SP;;CENTRO OESTE;3550308;98.62;1.25;0.13;92.82;5.99;1.19;82.62;13.05;4.33
2015;SP;;CENTRO SUL;3550308;98.05;1.52;0.43;88.58;9.29;2.13;74.16;20.98;4.86
2015;SP;;DIADEMA;3513801;98.99;0.95;0.06;92.58;5.72;1.7;85.99;10.27;3.74
2015;SP;;FERNANDOPOLIS;3515202;0;0;0;95.44;0.28;4.28;95.05;1.65;3.3
2015;SP;;FERNANDOPOLIS;3515509;96.15;3.42;0.43;95.06;4.43;0.51;88.35;8.5;3.15
2015;SP;;FERNANDOPOLIS;3516903;100;0;0;100;0;0;86.75;8.43;4.82
2015;SP;;FERNANDOPOLIS;3518008;0;0;0;95.35;3.49;1.16;93.55;1.61;4.84
2015;SP;;FERNANDOPOLIS;3520707;0;0;0;91.76;8.24;0;91.85;4.44;3.71
2015;SP;;FERNANDOPOLIS;3528205;0;0;0;95.72;2.67;1.61;93.75;4.69;1.56
2015;SP;;FERNANDOPOLIS;3528304;0;0;0;91.45;4.27;4.28;81.34;11.19;7.47
2015;SP;;FERNANDOPOLIS;3529609;0;0;0;97.18;2.82;0;95.21;4.79;0
2015;SP;;FERNANDOPOLIS;3530003;0;0;0;97.78;2.22;0;96.81;3.19;0
2015;SP;;FERNANDOPOLIS;3534757;0;0;0;98.24;1.76;0;96.6;3.4;0
2015;SP;;FERNANDOPOLIS;3536901;0;0;0;98.48;1.52;0;97.7;2.3;0
2015;SP;;FERNANDOPOLIS;3540408;0;0;0;94.79;5.21;0;94.81;5.19;0
2015;SP;;FERNANDOPOLIS;3549201;0;0;0;96.46;3.54;0;92;8;0
2015;SP;;FERNANDOPOLIS;3549250;0;0;0;96.59;3.41;0;95.52;4.48;0
2015;SP;;FERNANDOPOLIS;3555307;0;0;0;98.86;1.14;0;97.5;2.5;0
2015;SP;;FRANCA;3513207;0;0;0;0;0;0;89.82;10.18;0
2015;SP;;FRANCA;3516200;98;2;0;95.45;2.89;1.66;87.46;6.62;5.92
2015;SP;;FRANCA;3523701;0;0;0;88.92;7.12;3.96;82.46;6.72;10.82
2015;SP;;FRANCA;3525409;0;0;0;0;0;0;92.96;2.11;4.93
2015;SP;;FRANCA;3536307;0;0;0;95.4;1.97;2.63;84.44;3.31;12.25
2015;SP;;FRANCA;3537008;0;0;0;93.81;3.71;2.48;83.13;5.52;11.35
2015;SP;;FRANCA;3542701;0;0;0;0;0;0;90.26;4.87;4.87
2015;SP;;FRANCA;3543105;0;0;0;0;0;0;96.41;2.05;1.54
2015;SP;;FRANCA;3543600;0;0;0;97.78;1.48;0.74;85.56;8.33;6.11
2015;SP;;FRANCA;3549508;0;0;0;95.09;1.96;2.95;84.68;0.81;14.51
2015;SP;;GUARATINGUETA;3502507;0;0;0;0;0;0;90.61;6.94;2.45
2015;SP;;GUARATINGUETA;3503158;0;0;0;0;0;0;95.38;2.31;2.31
2015;SP;;GUARATINGUETA;3503505;0;0;0;0;0;0;86.86;7.43;5.71
2015;SP;;GUARATINGUETA;3504909;0;0;0;0;0;0;89.27;5.61;5.12
2015;SP;;GUARATINGUETA;3508603;0;0;0;94.25;3.95;1.8;87.43;7.08;5.49
2015;SP;;GUARATINGUETA;3509957;0;0;0;0;0;0;89.89;10.11;0
2015;SP;;GUARATINGUETA;3513405;0;0;0;88.38;9.61;2.01;84.88;9.19;5.93
2015;SP;;GUARATINGUETA;3513603;93.26;6.74;0;89.77;8.47;1.76;83.12;13.72;3.16
2015;SP;;GUARATINGUETA;3518404;0;0;0;89.48;8.47;2.05;74.71;20.56;4.73
2015;SP;;GUARATINGUETA;3526605;0;0;0;93.59;6.41;0;86.67;11.21;2.12
2015;SP;;GUARATINGUETA;3527207;50;50;0;84.97;11.71;3.32;74.51;18.97;6.52
2015;SP;;GUARATINGUETA;3538501;0;0;0;91.91;7.68;0.41;92.25;6.81;0.94
2015;SP;;GUARATINGUETA;3540754;0;0;0;0;0;0;61.31;26.64;12.05
2015;SP;;GUARATINGUETA;3541901;0;0;0;91.95;3.36;4.69;80.89;7.59;11.52
2015;SP;;GUARATINGUETA;3544301;0;0;0;0;0;0;84;11.71;4.29
2015;SP;;GUARATINGUETA;3549607;0;0;0;0;0;0;96.84;0;3.16
2015;SP;;GUARATINGUETA;3552007;0;0;0;93.04;2.93;4.03;88.73;4.41;6.86
2015;SP;;GUARULHOS NORTE;3518800;98.73;0.96;0.31;93.21;4.1;2.69;86.17;6.97;6.86
2015;SP;;GUARULHOS SUL;3518800;98.47;1.23;0.3;92.78;5.9;1.32;86.54;10.16;3.3
2015;SP;;ITAPECERICA DA SERRA;3515103;99.51;0.41;0.08;95.86;2.95;1.19;86.7;8.69;4.61
2015;SP;;ITAPECERICA DA SERRA;3522208;98.45;1.14;0.41;93.28;5.92;0.8;84.26;12.17;3.57
2015;SP;;ITAPECERICA DA SERRA;3526209;97.96;1.87;0.17;94.53;4.05;1.42;85.8;8.33;5.87
2015;SP;;ITAPECERICA DA SERRA;3549953;0;0;0;93.55;5.86;0.59;87.36;10.19;2.45
2015;SP;;ITAPETININGA;3500758;0;0;0;95.1;4.9;0;92.71;7.29;0
2015;SP;;ITAPETININGA;3502200;98.94;1.06;0;90.85;7.84;1.31;86.14;12.65;1.21
2015;SP;;ITAPETININGA;3509452;0;0;0;0;0;0;93.29;6.71;0
2015;SP;;ITAPETININGA;3518503;0;0;0;96.61;3.23;0.16;98.37;1.63;0
2015;SP;;ITAPETININGA;3522307;99.56;0.44;0;97.75;1.77;0.48;92.16;5.95;1.89
2015;SP;;ITAPETININGA;3535804;0;0;0;0;0;0;92.73;3.7;3.57
2015;SP;;ITAPETININGA;3550209;0;0;0;96.07;3.6;0.33;93.4;4.87;1.73
2015;SP;;ITAPETININGA;3551108;0;0;0;95.6;2.05;2.35;93.41;1.71;4.88
2015;SP;;ITAPETININGA;3554003;0;0;0;94.4;4.62;0.98;92.31;5.06;2.63
2015;SP;;ITAPEVA;3508009;0;0;0;0;0;0;98.31;1.69;0
2015;SP;;ITAPEVA;3510203;0;0;0;94.09;5.47;0.44;89.87;9.11;1.02
2015;SP;;ITAPEVA;3522406;0;0;0;95.82;4.18;0;94.56;5.04;0.4
2015;SP;;ITAPEVA;3532827;0;0;0;0;0;0;94.35;4.13;1.52
2015;SP;;ITAPEVA;3543253;0;0;0;98.31;1.69;0;99.38;0.62;0
2015;SP;;ITAPEVA;3553856;0;0;0;0;0;0;97.92;2.08;0
2015;SP;;ITAPEVI;3505708;0;0;0;0;0;0;87.81;10.26;1.93
2015;SP;;ITAPEVI;3522505;0;0;0;90.25;7.94;1.81;84.99;11.38;3.63
2015;SP;;ITAPEVI;3525003;0;0;0;90.45;8.15;1.4;87.3;9.51;3.19
2015;SP;;ITAPEVI;3539103;0;0;0;0;0;0;83.01;10.86;6.13
2015;SP;;ITAQUAQUECETUBA;3523107;98.4;1.41;0.19;93.85;4.52;1.63;87.62;9.03;3.35
2015;SP;;ITAQUAQUECETUBA;3539806;0;0;0;93.4;5.06;1.54;87.54;9.68;2.78
2015;SP;;ITARARE;3505005;100;0;0;97.41;2.16;0.43;95.07;3.52;1.41
2015;SP;;ITARARE;3507159;0;0;0;91.83;5.56;2.61;78.57;7.98;13.45
2015;SP;;ITARARE;3512605;0;0;0;99.08;0.92;0;89.52;6.99;3.49
2015;SP;;ITARARE;3521705;99.21;0.79;0;95.3;3.2;1.5;88.2;7.39;4.41
2015;SP;;ITARARE;3522802;100;0;0;89.23;8.98;1.79;84.76;9.81;5.43
2015;SP;;ITARARE;3523206;0;0;0;98.56;0.84;0.6;88.77;6.09;5.14
2015;SP;;ITARARE;3543501;100;0;0;98.06;1.94;0;93.48;3.48;3.04
2015;SP;;ITU;3507001;0;0;0;0;0;0;83.04;11.54;5.42
2015;SP;;ITU;3508405;0;0;0;97.24;1.36;1.4;93.78;3.65;2.57
2015;SP;;ITU;3511508;0;0;0;0;0;0;88.33;10.42;1.25
2015;SP;;ITU;3521002;0;0;0;0;0;0;90.5;5.01;4.49
2015;SP;;ITU;3523909;0;0;0;93.78;5.07;1.15;92.55;5.98;1.47
2015;SP;;ITU;3525854;0;0;0;0;0;0;97.78;2.22;0
2015;SP;;ITU;3540606;0;0;0;98.5;0.6;0.9;92.15;4.81;3.04
2015;SP;;ITU;3545209;99.44;0.56;0;98;1.87;0.13;95.89;3.8;0.31
2015;SP;;ITU;3554508;0;0;0;0;0;0;93.4;2.06;4.54
2015;SP;;JABOTICABAL;3506102;0;0;0;94.63;3.55;1.82;89.86;7.16;2.98
2015;SP;;JABOTICABAL;3518602;0;0;0;0;0;0;91.73;4.47;3.8
2015;SP;;JABOTICABAL;3518859;0;0;0;0;0;0;97.73;1.89;0.38
2015;SP;;JABOTICABAL;3524303;0;0;0;93.6;3.77;2.63;87.37;6.69;5.94
2015;SP;;JABOTICABAL;3531308;0;0;0;94.58;4.09;1.33;83.12;12.3;4.58
2015;SP;;JABOTICABAL;3531506;0;0;0;96.3;1.52;2.18;96.4;1.52;2.08
2015;SP;;JABOTICABAL;3540903;0;0;0;0;0;0;92.61;6.69;0.7
2015;SP;;JABOTICABAL;3553104;0;0;0;100;0;0;100;0;0
2015;SP;;JABOTICABAL;3553203;0;0;0;100;0;0;99.38;0;0.62
2015;SP;;JABOTICABAL;3553658;0;0;0;91.56;8.44;0;100;0;0
2015;SP;;JACAREI;3503901;50;50;0;94.7;4.12;1.18;84.25;11.54;4.21
2015;SP;;JACAREI;3518305;0;0;0;91.8;7.52;0.68;87.56;10.5;1.94
2015;SP;;JACAREI;3520202;0;0;0;92.78;6.11;1.11;80.83;11.33;7.84
2015;SP;;JACAREI;3524402;99.31;0.69;0;94.27;4.41;1.32;84.27;10.27;5.46
2015;SP;;JACAREI;3546009;0;0;0;0;0;0;82.32;9.15;8.53
2015;SP;;JACAREI;3546801;0;0;0;96.88;2.37;0.75;90.03;7.52;2.45
2015;SP;;JALES;3502606;0;0;0;96.32;3.16;0.52;91.28;3.49;5.23
2015;SP;;JALES;3503950;100;0;0;98.9;1.1;0;100;0;0
2015;SP;;JALES;3504206;0;0;0;99.82;0.18;0;99.53;0.47;0
2015;SP;;JALES;3513850;96.15;3.85;0;89.04;10.96;0;94;4;2
2015;SP;;JALES;3514205;0;0;0;94.12;5.88;0;90.12;9.88;0
2015;SP;;JALES;3518909;0;0;0;99.08;0.92;0;97.8;2.2;0
2015;SP;;JALES;3524808;0;0;0;98.93;1.01;0.06;98.16;1.77;0.07
2015;SP;;JALES;3529104;0;0;0;100;0;0;100;0;0
2015;SP;;JALES;3529658;0;0;0;87.06;12.94;0;88.31;11.69;0
2015;SP;;JALES;3532843;0;0;0;100;0;0;98.78;0;1.22
2015;SP;;JALES;3535200;0;0;0;97.1;2.9;0;96.54;3.46;0
2015;SP;;JALES;3535903;0;0;0;95.69;4.31;0;95.45;4.55;0
2015;SP;;JALES;3540259;0;0;0;91.75;8.25;0;90.43;9.57;0
2015;SP;;JALES;3544509;0;0;0;97.92;2.08;0;92.25;6.34;1.41
2015;SP;;JALES;3545704;0;0;0;96.76;3.24;0;96.89;3.11;0
2015;SP;;JALES;3546108;0;0;0;99.07;0.93;0;98.72;1.28;0
2015;SP;;JALES;3546603;0;0;0;98.41;0.79;0.8;94.93;2.98;2.09
2015;SP;;JALES;3547403;0;0;0;95.37;4.63;0;87.88;12.12;0
2015;SP;;JALES;3547650;100;0;0;97.8;2.2;0;98.67;1.33;0
2015;SP;;JALES;3547205;100;0;0;95;5;0;97.96;2.04;0
2015;SP;;JALES;3549003;99.17;0.83;0;98.06;1.94;0;97.75;2.25;0
2015;SP;;JALES;3552551;0;0;0;98.9;1.1;0;98.64;1.36;0
2015;SP;;JALES;3554904;0;0;0;94.51;5.49;0;93.63;5.88;0.49
2015;SP;;JALES;3555802;99.05;0.95;0;96.66;3.34;0;97.08;2.92;0
2015;SP;;JALES;3556958;0;0;0;100;0;0;98.18;1.82;0
2015;SP;;JAU;3505203;0;0;0;98.88;1.12;0;94.58;5.42;0
2015;SP;;JAU;3505302;0;0;0;97.48;1.97;0.55;93.57;5.15;1.28
2015;SP;;JAU;3506805;0;0;0;97.56;2.25;0.19;93.78;5.44;0.78
2015;SP;;JAU;3507308;0;0;0;95.81;4.19;0;94.8;3.47;1.73
2015;SP;;JAU;3507456;0;0;0;0;0;0;94.35;5.65;0
2015;SP;;JAU;3507902;0;0;0;95.97;2.23;1.8;88.67;5.96;5.37
2015;SP;;JAU;3514106;0;0;0;97.32;2.26;0.42;94.03;3.05;2.92
2015;SP;;JAU;3520004;0;0;0;88.65;7.5;3.85;79.48;13.99;6.53
2015;SP;;JAU;3522000;0;0;0;98.73;1.27;0;96.25;2.5;1.25
2015;SP;;JAU;3522901;0;0;0;89.66;6.43;3.91;77.69;11.28;11.03
2015;SP;;JAU;3525300;0;0;0;95.2;3.76;1.04;91.98;4.79;3.23
2015;SP;;JAU;3528007;0;0;0;98.87;1.01;0.12;98.44;0.78;0.78
2015;SP;;JAU;3529807;0;0;0;97.51;2.49;0;98.11;1.89;0
2015;SP;;JAU;3536703;0;0;0;96.22;2.99;0.79;92.12;6.36;1.52
2015;SP;;JAU;3554706;98.72;1.28;0;98.48;0;1.52;94.98;0.33;4.69
2015;SP;;JOSE BONIFACIO;3500204;0;0;0;0;0;0;91.46;6.1;2.44
2015;SP;;JOSE BONIFACIO;3504800;0;0;0;93.64;5.49;0.87;90.37;7.31;2.32
2015;SP;;JOSE BONIFACIO;3521507;0;0;0;97.98;0.87;1.15;93.62;1.7;4.68
2015;SP;;JOSE BONIFACIO;3524501;0;0;0;96.61;3.39;0;97.3;2.7;0
2015;SP;;JOSE BONIFACIO;3525706;98.98;1.02;0;94.67;4.72;0.61;82.42;14.34;3.24
2015;SP;;JOSE BONIFACIO;3529500;0;0;0;97.26;2.74;0;88.76;10.67;0.57
2015;SP;;JOSE BONIFACIO;3530300;100;0;0;96.45;3.03;0.52;91.93;7.01;1.06
2015;SP;;JOSE BONIFACIO;3531407;0;0;0;97.67;2.33;0;90.45;9.36;0.19
2015;SP;;JOSE BONIFACIO;3532504;0;0;0;99.4;0.6;0;99.26;0.74;0
2015;SP;;JOSE BONIFACIO;3532702;0;0;0;96.02;2.65;1.33;93.43;5.84;0.73
2015;SP;;JOSE BONIFACIO;3532801;0;0;0;85.91;12.27;1.82;78.38;17.84;3.78
2015;SP;;JOSE BONIFACIO;3539608;0;0;0;95.67;2.67;1.66;96.32;1.58;2.1
2015;SP;;JOSE BONIFACIO;3539905;99.14;0.86;0;91.91;5.88;2.21;87.65;8.64;3.71
2015;SP;;JOSE BONIFACIO;3544806;0;0;0;94.41;4.9;0.69;91.13;2.82;6.05
2015;SP;;JOSE BONIFACIO;3553401;100;0;0;93.96;4.86;1.18;86.8;13.2;0
2015;SP;;JOSE BONIFACIO;3555356;0;0;0;0;0;0;82.61;13.48;3.91
2015;SP;;JOSE BONIFACIO;3555703;97.78;2.22;0;100;0;0;100;0;0
2015;SP;;JOSE BONIFACIO;3556008;0;0;0;0;0;0;87.7;6.83;5.47
2015;SP;;JOSE BONIFACIO;3557154;0;0;0;99.07;0.93;0;97.12;2.88;0
2015;SP;;JUNDIAI;3509601;0;0;0;97.19;1.57;1.24;87.13;9.61;3.26
2015;SP;;JUNDIAI;3523404;0;0;0;0;0;0;85.21;7.18;7.61
2015;SP;;JUNDIAI;3524006;0;0;0;95.79;3.66;0.55;90.68;7.08;2.24
2015;SP;;JUNDIAI;3525201;0;0;0;95.97;3.26;0.77;91.57;6.09;2.34
2015;SP;;JUNDIAI;3525904;0;0;0;95.47;3.54;0.99;88.82;8.23;2.95
2015;SP;;JUNDIAI;3527306;0;0;0;95.12;3.19;1.69;87.41;8.42;4.17
2015;SP;;JUNDIAI;3556503;0;0;0;94.76;4.26;0.98;87.13;10.39;2.48
2015;SP;;LESTE 1;3550308;98.01;1.62;0.37;89.91;7.84;2.25;75.35;18.98;5.67
2015;SP;;LESTE 2;3550308;97.72;1.65;0.63;88.51;8.91;2.58;80.82;14.63;4.55
2015;SP;;LESTE 3;3550308;97.33;1.73;0.94;87.99;6.78;5.23;76.36;13.15;10.49
2015;SP;;LESTE 4;3550308;98.29;1.52;0.19;87.8;10.74;1.46;73.51;22.72;3.77
2015;SP;;LESTE 5;3550308;98.97;0.81;0.22;88.97;9.14;1.89;79.13;17.18;3.69
2015;SP;;LIMEIRA;3503802;0;0;0;89.65;7.34;3.01;84.97;10.59;4.44
2015;SP;;LIMEIRA;3512407;0;0;0;94.5;2.01;3.49;91.57;2.64;5.79
2015;SP;;LIMEIRA;3512803;0;0;0;92.36;5.62;2.02;90.14;7.44;2.42
2015;SP;;LIMEIRA;3515152;0;0;0;94.25;5.75;0;90.43;9.57;0
2015;SP;;LIMEIRA;3521101;0;0;0;97.4;2.6;0;95.67;4.33;0
2015;SP;;LIMEIRA;3521408;0;0;0;98.09;1.37;0.54;91.33;6.74;1.93
2015;SP;;LIMEIRA;3526902;98.55;1.24;0.21;92.39;4.7;2.91;82.86;11.29;5.85
2015;SP;;LIMEIRA;3543907;99.19;0.81;0;94.8;4.28;0.92;87.84;8.6;3.56
2015;SP;;LIMEIRA;3546702;0;0;0;0;0;0;97.73;1.81;0.46
2015;SP;;LINS;3508801;94.93;5.07;0;91.84;6.97;1.19;83.43;15.24;1.33
2015;SP;;LINS;3517000;0;0;0;93.05;5.83;1.12;78.01;14.66;7.33
2015;SP;;LINS;3517208;0;0;0;89.39;9.29;1.32;75.9;15.38;8.72
2015;SP;;LINS;3517307;0;0;0;89.78;6.81;3.41;84.62;7.69;7.69
2015;SP;;LINS;3518107;93.97;5.71;0.32;87.6;10.03;2.37;79.17;15.42;5.41
2015;SP;;LINS;3527108;97.25;2.75;0;89.88;7.13;2.99;74.17;20.58;5.25
2015;SP;;LINS;3540101;0;0;0;92.17;6.02;1.81;86.13;8.03;5.84
2015;SP;;LINS;3541604;94.5;5.5;0;94.3;4.36;1.34;80.76;12.42;6.82
2015;SP;;LINS;3544608;0;0;0;97.75;2.25;0;99.29;0.71;0
2015;SP;;LINS;3555901;96.43;3.57;0;89.53;8.14;2.33;75.36;15.94;8.7
2015;SP;;MARILIA;3501400;0;0;0;96.05;3.39;0.56;88.15;8.15;3.7
2015;SP;;MARILIA;3501509;0;0;0;89.8;8.16;2.04;87.41;11.85;0.74
2015;SP;;MARILIA;3514700;0;0;0;98.7;1.3;0;89.02;9.47;1.51
2015;SP;;MARILIA;3515657;0;0;0;95.4;4.6;0;90.16;9.84;0
2015;SP;;MARILIA;3516606;0;0;0;98.44;1.56;0;96.53;1.98;1.49
2015;SP;;MARILIA;3516705;0;0;0;96.66;1.75;1.59;87.76;5.68;6.56
2015;SP;;MARILIA;3525805;0;0;0;99.33;0;0.67;97.58;0.4;2.02
2015;SP;;MARILIA;3527801;0;0;0;95.19;3.85;0.96;89.38;10;0.62
2015;SP;;MARILIA;3529005;99.02;0.79;0.19;97.19;2.21;0.6;94.83;4.12;1.05
2015;SP;;MARILIA;3533700;0;0;0;98.2;1.8;0;92.86;3.97;3.17
2015;SP;;MARILIA;3534104;97.45;2.55;0;92.49;5.16;2.35;88.32;8.41;3.27
2015;SP;;MARILIA;3534500;0;0;0;0;0;0;100;0;0
2015;SP;;MARILIA;3540002;0;0;0;97.01;2.86;0.13;90.37;9.27;0.36
2015;SP;;MARILIA;3556602;0;0;0;98.03;1.78;0.19;96.86;3.14;0
2015;SP;;MAUA;3529401;98.46;1.38;0.16;92.86;5.63;1.51;85.52;11.47;3.01
2015;SP;;MAUA;3543303;98.52;1.45;0.03;94.75;4.58;0.67;86.95;10.12;2.93
2015;SP;;MAUA;3544103;97.98;1.9;0.12;90.75;7.66;1.59;82.41;13.17;4.42
2015;SP;;MIRACATU;3520301;96.3;3.7;0;94.59;4.68;0.73;85.68;14.06;0.26
2015;SP;;MIRACATU;3520426;0;0;0;0;0;0;79.04;13.13;7.83
2015;SP;;MIRACATU;3523305;98.84;1.16;0;93.22;6.27;0.51;90.46;6.01;3.53
2015;SP;;MIRACATU;3526100;0;0;0;96.84;2.37;0.79;95.81;2.4;1.79
2015;SP;;MIRACATU;3529906;86.36;13.64;0;94.72;4.03;1.25;90.91;6.72;2.37
2015;SP;;MIRACATU;3537206;0;0;0;96.49;3.16;0.35;92.63;4.38;2.99
2015;SP;;MIRANTE DO PARANAPANEMA;3515301;0;0;0;100;0;0;94.92;1.69;3.39
2015;SP;;MIRANTE DO PARANAPANEMA;3515350;0;0;0;98.71;0.92;0.37;94.74;4.63;0.63
2015;SP;;MIRANTE DO PARANAPANEMA;3530201;98.72;1.28;0;96.89;3;0.11;93.36;5.26;1.38
2015;SP;;MIRANTE DO PARANAPANEMA;3532207;0;0;0;0;0;0;92.75;3.38;3.87
2015;SP;;MIRANTE DO PARANAPANEMA;3544251;99.71;0.29;0;97.13;2.67;0.2;92.77;5.6;1.63
2015;SP;;MIRANTE DO PARANAPANEMA;3545506;0;0;0;0;0;0;97.75;2.25;0
2015;SP;;MIRANTE DO PARANAPANEMA;3553906;0;0;0;0;0;0;73.43;13.43;13.14
2015;SP;;MIRANTE DO PARANAPANEMA;3554300;98.25;1.75;0;93.79;4.04;2.17;84.35;10.82;4.83
2015;SP;;MOGI DAS CRUZES;3506607;0;0;0;91.91;6.13;1.96;83.51;7.47;9.02
2015;SP;;MOGI DAS CRUZES;3530607;97.92;1.09;0.99;94.77;3.95;1.28;86.42;9.99;3.59
2015;SP;;MOGI DAS CRUZES;3545001;0;0;0;91.91;5.31;2.78;72.29;13.8;13.91
2015;SP;;MOGI MIRIM;3500501;96.05;3.95;0;89.47;8.91;1.62;90.38;5.44;4.18
2015;SP;;MOGI MIRIM;3501905;98.77;1.23;0;94.93;3.85;1.22;87.49;8.67;3.84
2015;SP;;MOGI MIRIM;3512209;0;0;0;97.14;2;0.86;93.02;3.72;3.26
2015;SP;;MOGI MIRIM;3557303;0;0;0;0;0;0;92.96;2.01;5.03
2015;SP;;MOGI MIRIM;3519055;0;0;0;0;0;0;77.24;12.45;10.31
2015;SP;;MOGI MIRIM;3522604;98.54;1.46;0;91.73;5.49;2.78;82.13;11.77;6.1
2015;SP;;MOGI MIRIM;3527009;0;0;0;0;0;0;96.85;2.25;0.9
2015;SP;;MOGI MIRIM;3530706;0;0;0;90.82;5.29;3.89;84.1;8.29;7.61
2015;SP;;MOGI MIRIM;;100;0;0;90.55;6.37;3.08;85;8.62;6.38
2015;SP;;MOGI MIRIM;3531209;0;0;0;0;0;0;92.57;6.1;1.33
2015;SP;;MOGI MIRIM;3537107;0;0;0;96.78;2.47;0.75;94.38;3.43;2.19
2015;SP;;MOGI MIRIM;3548005;0;0;0;0;0;0;86.35;2.78;10.87
2015;SP;;MOGI MIRIM;3551603;99.07;0.76;0.17;97.98;0.96;1.06;86.1;8.09;5.81
2015;SP;;NORTE 1;3550308;97.18;2.06;0.76;88.92;8.88;2.2;76.67;18.47;4.86
2015;SP;;NORTE 2;3550308;99.13;0.67;0.2;93.8;5.31;0.89;88.5;9.86;1.64
2015;SP;;OSASCO;3534401;75;25;0;91.39;5.62;2.99;83.9;9.06;7.04
2015;SP;;OURINHOS;3506300;0;0;0;96.3;2.88;0.82;84.85;12.73;2.42
2015;SP;;OURINHOS;3509809;0;0;0;91.5;6.12;2.38;90.06;1.17;8.77
2015;SP;;OURINHOS;3510153;0;0;0;0;0;0;91.06;1.22;7.72
2015;SP;;OURINHOS;3557204;0;0;0;94.91;2.55;2.54;92.07;1.68;6.25
2015;SP;;OURINHOS;3515194;0;0;0;95.67;4.33;0;84.24;9.7;6.06
2015;SP;;OURINHOS;3519501;0;0;0;83.59;11.28;5.13;77.03;11.48;11.49
2015;SP;;OURINHOS;3520905;0;0;0;0;0;0;80;5.51;14.49
2015;SP;;OURINHOS;3534708;96.43;2.72;0.85;94.56;3.01;2.43;84.91;8.14;6.95
2015;SP;;OURINHOS;3543204;0;0;0;93.99;3.86;2.15;86.73;7.14;6.13
2015;SP;;OURINHOS;3545407;0;0;0;89.61;9.61;0.78;82.03;15.03;2.94
2015;SP;;OURINHOS;3546405;100;0;0;93.53;3.14;3.33;81.96;7.13;10.91
2015;SP;;OURINHOS;3550506;0;0;0;89.21;6.24;4.55;79.54;11.22;9.24
2015;SP;;PENAPOLIS;3501103;0;0;0;97.6;2.4;0;97.06;0.74;2.2
2015;SP;;PENAPOLIS;3504404;0;0;0;92.31;3.39;4.3;88.4;6.83;4.77
2015;SP;;PENAPOLIS;3505104;0;0;0;88.74;11.26;0;81.78;18.22;0
2015;SP;;PENAPOLIS;3507704;100;0;0;97.79;1.77;0.44;95.88;1.18;2.94
2015;SP;;PENAPOLIS;3511904;0;0;0;99.71;0.29;0;96.68;2.58;0.74
2015;SP;;PENAPOLIS;3527702;0;0;0;97.85;1.61;0.54;97.6;1.6;0.8
2015;SP;;PENAPOLIS;3537305;99.23;0.77;0;95.17;4.08;0.75;91.29;7.59;1.12
2015;SP;;PENAPOLIS;3548401;0;0;0;99.51;0.49;0;98.09;1.91;0
2015;SP;;PINDAMONHANGABA;3509700;0;0;0;0;0;0;74.01;11.23;14.76
2015;SP;;PINDAMONHANGABA;3538006;0;0;0;96.19;2.06;1.75;89.23;7.34;3.43
2015;SP;;PINDAMONHANGABA;3548203;0;0;0;0;0;0;94.34;2.2;3.46
2015;SP;;PINDAMONHANGABA;3548609;0;0;0;98.05;1.56;0.39;76.84;17.37;5.79
2015;SP;;PINDAMONHANGABA;3554805;0;0;0;0;0;0;95.77;2.7;1.53
2015;SP;;PIRACICABA;3500600;0;0;0;0;0;0;97.24;2.76;0
2015;SP;;PIRACICABA;3511706;0;0;0;94.97;2.52;2.51;81.23;14.56;4.21
2015;SP;;PIRACICABA;3538709;99.04;0.9;0.06;95.01;3.16;1.83;89.67;6.05;4.28
2015;SP;;PIRACICABA;3545159;0;0;0;97.25;1.6;1.15;92.2;3.55;4.25
2015;SP;;PIRACICABA;3547007;0;0;0;99;0.33;0.67;97.65;1.57;0.78
2015;SP;;PIRACICABA;3550407;0;0;0;91.12;4.33;4.55;88.97;6.47;4.56
2015;SP;;PIRAJU;3515400;0;0;0;97.54;1.23;1.23;95.07;3.29;1.64
2015;SP;;PIRAJU;3528601;0;0;0;94.73;2.53;2.74;87.67;2.74;9.59
2015;SP;;PIRAJU;3533809;0;0;0;96.97;1.82;1.21;92.59;6.48;0.93
2015;SP;;PIRAJU;3538808;0;0;0;97.7;1.18;1.12;94.27;2.87;2.86
2015;SP;;PIRAJU;3551207;0;0;0;95.41;0.51;4.08;86.78;3.31;9.91
2015;SP;;PIRAJU;3553005;0;0;0;98.43;0.87;0.7;97.85;0.86;1.29
2015;SP;;PIRAJU;3554201;0;0;0;93.04;4.03;2.93;86.49;1.35;12.16
2015;SP;;PIRAJU;3554607;0;0;0;98.51;0;1.49;94.79;2.08;3.13
2015;SP;;PIRASSUNUNGA;3502002;0;0;0;0;0;0;87.58;6.54;5.88
2015;SP;;PIRASSUNUNGA;3503307;99.49;0.47;0.04;95.48;3.25;1.27;91.05;5.86;3.09
2015;SP;;PIRASSUNUNGA;3526704;0;0;0;96.16;1.85;1.99;92.52;3.51;3.97
2015;SP;;PIRASSUNUNGA;3539301;0;0;0;91.86;6.65;1.49;86.54;9.92;3.54
2015;SP;;PIRASSUNUNGA;3540705;0;0;0;80.54;12.36;7.1;68.11;22.62;9.27
2015;SP;;PIRASSUNUNGA;3546207;0;0;0;98.55;0.97;0.48;88.37;5.23;6.4
2015;SP;;PIRASSUNUNGA;3546306;0;0;0;93.23;4.94;1.83;88.52;4.28;7.2
2015;SP;;PIRASSUNUNGA;3547502;0;0;0;88.18;10.37;1.45;83.5;8.12;8.38
2015;SP;;PRESIDENTE PRUDENTE;3500808;99.52;0.48;0;92.61;4.43;2.96;84.62;7.69;7.69
2015;SP;;PRESIDENTE PRUDENTE;3501301;0;0;0;0;0;0;74.9;19.76;5.34
2015;SP;;PRESIDENTE PRUDENTE;3502408;0;0;0;91.88;7.11;1.01;96.85;0.79;2.36
2015;SP;;PRESIDENTE PRUDENTE;3508900;0;0;0;90.58;5.8;3.62;76.19;17.26;6.55
2015;SP;;PRESIDENTE PRUDENTE;3520608;0;0;0;98.19;0.9;0.91;98.1;0.63;1.27
2015;SP;;PRESIDENTE PRUDENTE;3529203;0;0;0;96.67;3.33;0;88.22;11.78;0
2015;SP;;PRESIDENTE PRUDENTE;3539202;0;0;0;93.95;4.3;1.75;88.18;8.79;3.03
2015;SP;;PRESIDENTE PRUDENTE;3541406;0;0;0;91.3;6.79;1.91;85.09;12.04;2.87
2015;SP;;PRESIDENTE PRUDENTE;3542404;0;0;0;95.86;3.65;0.49;90.64;7.99;1.37
2015;SP;;PRESIDENTE PRUDENTE;3548302;0;0;0;91.18;6.62;2.2;83.97;9.92;6.11
2015;SP;;PRESIDENTE PRUDENTE;3552908;0;0;0;97.32;1.34;1.34;91.28;4.13;4.59
2015;SP;;REGISTRO;3505401;0;0;0;92.53;4.55;2.92;86.25;3.5;10.25
2015;SP;;REGISTRO;3509254;0;0;0;97.2;1.73;1.07;95.12;2.75;2.13
2015;SP;;REGISTRO;3509908;94.29;0;5.71;92.58;6.92;0.5;89.91;9.4;0.69
2015;SP;;REGISTRO;3514809;100;0;0;96.4;3.41;0.19;92.5;6.73;0.77
2015;SP;;REGISTRO;3524600;0;0;0;98.17;1.25;0.58;98.96;1.04;0
2015;SP;;REGISTRO;3536208;100;0;0;98.75;0.77;0.48;93.02;3.37;3.61
2015;SP;;REGISTRO;3542602;100;0;0;95.56;3.07;1.37;89.38;6.6;4.02
2015;SP;;REGISTRO;3551801;100;0;0;94.8;3.84;1.36;96.18;0.73;3.09
2015;SP;;RIBEIRAO PRETO;3501004;0;0;0;99.64;0;0.36;88.11;3.85;8.04
2015;SP;;RIBEIRAO PRETO;3505906;98.92;0.95;0.13;94.48;4.22;1.3;92.94;3.94;3.12
2015;SP;;RIBEIRAO PRETO;3507803;0;0;0;95.22;1.99;2.79;92.11;4.91;2.98
2015;SP;;RIBEIRAO PRETO;3509403;0;0;0;98.41;0.9;0.69;98.08;1.81;0.11
2015;SP;;RIBEIRAO PRETO;3510906;0;0;0;0;0;0;100;0;0
2015;SP;;RIBEIRAO PRETO;3513108;0;0;0;90.61;7.81;1.58;82.88;13.08;4.04
2015;SP;;RIBEIRAO PRETO;3527603;0;0;0;0;0;0;70.86;9.27;19.87
2015;SP;;RIBEIRAO PRETO;3543402;96.56;3.07;0.37;89.08;7.97;2.95;78.19;14.84;6.97
2015;SP;;RIBEIRAO PRETO;3546256;0;0;0;0;0;0;97.73;0;2.27
2015;SP;;RIBEIRAO PRETO;3547601;0;0;0;95.01;3.84;1.15;64.87;15.53;19.6
2015;SP;;RIBEIRAO PRETO;3547908;0;0;0;95.94;3.55;0.51;89.47;7.69;2.84
2015;SP;;RIBEIRAO PRETO;3550902;97.41;2.59;0;91.22;8.64;0.14;81.91;15.32;2.77
2015;SP;;RIBEIRAO PRETO;3551405;0;0;0;87.87;10.49;1.64;81.15;12.57;6.28
2015;SP;;RIBEIRAO PRETO;3551504;0;0;0;94.78;4.05;1.17;90.75;5.63;3.62
2015;SP;;SANTO ANASTACIO;3509106;0;0;0;96.74;1.45;1.81;85.98;3.66;10.36
2015;SP;;SANTO ANASTACIO;3515129;0;0;0;0;0;0;97.96;2.04;0
2015;SP;;SANTO ANASTACIO;3528700;0;0;0;95.71;1.43;2.86;93.75;1.04;5.21
2015;SP;;SANTO ANASTACIO;3538303;0;0;0;96.07;1.12;2.81;87.38;9.71;2.91
2015;SP;;SANTO ANASTACIO;3541208;0;0;0;0;0;0;91.76;3.79;4.45
2015;SP;;SANTO ANASTACIO;3541307;99.56;0.44;0;97.76;1.86;0.38;91.35;7.64;1.01
2015;SP;;SANTO ANASTACIO;3541505;0;0;0;93.33;4.66;2.01;85.76;8.7;5.54
2015;SP;;SANTO ANASTACIO;3543238;0;0;0;97.85;2.15;0;92.68;6.1;1.22
2015;SP;;SANTO ANASTACIO;3547700;0;0;0;92.65;3.67;3.68;86.35;8.41;5.24
2015;SP;;SANTO ANDRE;3547809;98.74;1.14;0.12;92.24;6.2;1.56;79.92;14.81;5.27
2015;SP;;SANTOS;3506359;0;0;0;90.51;7.84;1.65;81.27;11.55;7.18
2015;SP;;SANTOS;3513504;96.74;3.1;0.16;83.46;14.46;2.08;72.5;19.44;8.06
2015;SP;;SANTOS;3518701;98.09;1.54;0.37;87.88;9.75;2.37;82.39;12.58;5.03
2015;SP;;SANTOS;3548500;98.38;0;1.62;92.05;7.4;0.55;84.17;12.58;3.25
2015;SP;;SAO BERNARDO DO CAMPO;3548708;0;0;0;91.48;6.91;1.61;80.85;14.45;4.7
2015;SP;;SAO BERNARDO DO CAMPO;3548807;0;0;0;94.28;5.43;0.29;82.18;14.39;3.43
2015;SP;;SAO CARLOS;3512704;0;0;0;0;0;0;97.02;2.98;0
2015;SP;;SAO CARLOS;3513702;0;0;0;100;0;0;93.17;6.71;0.12
2015;SP;;SAO CARLOS;3514304;0;0;0;94.06;3.47;2.47;79.05;15.36;5.59
2015;SP;;SAO CARLOS;3519303;0;0;0;95.83;3.95;0.22;91.76;7.53;0.71
2015;SP;;SAO CARLOS;3523602;0;0;0;97.35;2.65;0;89.43;5.28;5.29
2015;SP;;SAO CARLOS;3542909;0;0;0;97.25;2.75;0;77.12;19.22;3.66
2015;SP;;SAO CARLOS;3548906;99.69;0.31;0;96.37;3.18;0.45;90.13;9.33;0.54
2015;SP;;SAO JOAO DA BOA VISTA;3500303;100;0;0;91.81;7.55;0.64;88.15;10.16;1.69
2015;SP;;SAO JOAO DA BOA VISTA;3500402;0;0;0;100;0;0;96.88;3.13;-0.01
2015;SP;;SAO JOAO DA BOA VISTA;3508702;100;0;0;95.82;3.58;0.6;96.2;3.23;0.57
2015;SP;;SAO JOAO DA BOA VISTA;3510807;98.83;1.05;0.12;95.88;1.34;2.78;90.43;3.04;6.53
2015;SP;;SAO JOAO DA BOA VISTA;3513900;0;0;0;96.25;2.62;1.13;89.62;5.82;4.56
2015;SP;;SAO JOAO DA BOA VISTA;3515186;97.48;2.52;0;94.34;4.09;1.57;90.25;7.14;2.61
2015;SP;;SAO JOAO DA BOA VISTA;3523800;100;0;0;85.5;14.5;0;67.37;32.2;0.43
2015;SP;;SAO JOAO DA BOA VISTA;3530508;99.35;0.65;0;95.4;4.09;0.51;88.84;9.2;1.96
2015;SP;;SAO JOAO DA BOA VISTA;3548104;100;0;0;99.51;0.49;0;96.96;2.61;0.43
2015;SP;;SAO JOAO DA BOA VISTA;3549102;0;0;0;94.21;5.45;0.34;90.9;7.02;2.08
2015;SP;;SAO JOAO DA BOA VISTA;3549706;98.37;1.42;0.21;96.06;3.12;0.82;89.38;8.17;2.45
2015;SP;;SAO JOAO DA BOA VISTA;3550803;0;0;0;98.02;1.44;0.54;95.93;0.58;3.49
2015;SP;;SAO JOAO DA BOA VISTA;3553302;0;0;0;95.72;3.18;1.1;89.07;6.62;4.31
2015;SP;;SAO JOAO DA BOA VISTA;3553609;0;0;0;97.22;1.85;0.93;95.93;2.44;1.63
2015;SP;;SAO JOAO DA BOA VISTA;3556404;0;0;0;93.01;5.08;1.91;86.3;10.05;3.65
2015;SP;;SAO JOAQUIM DA BARRA;3503000;0;0;0;99.38;0.62;0;100;0;0
2015;SP;;SAO JOAQUIM DA BARRA;3508207;0;0;0;0;0;0;98.97;1.03;0
2015;SP;;SAO JOAQUIM DA BARRA;3517703;0;0;0;0;0;0;92.38;2.32;5.3
2015;SP;;SAO JOAQUIM DA BARRA;3520103;0;0;0;0;0;0;87.45;7.89;4.66
2015;SP;;SAO JOAQUIM DA BARRA;3521309;0;0;0;0;0;0;96.74;1.75;1.51
2015;SP;;SAO JOAQUIM DA BARRA;3524105;0;0;0;0;0;0;78.62;10.02;11.36
2015;SP;;SAO JOAQUIM DA BARRA;3529708;0;0;0;0;0;0;91.15;0.88;7.97
2015;SP;;SAO JOAQUIM DA BARRA;3531902;0;0;0;95.29;4.71;0;95.88;3.97;0.15
2015;SP;;SAO JOAQUIM DA BARRA;3533601;0;0;0;0;0;0;98.21;0;1.79
2015;SP;;SAO JOAQUIM DA BARRA;3534302;0;0;0;0;0;0;87.89;4.82;7.29
2015;SP;;SAO JOAQUIM DA BARRA;3544905;0;0;0;96.35;3.16;0.49;95.01;4.69;0.3
2015;SP;;SAO JOAQUIM DA BARRA;3549409;97.6;2.4;0;96.32;1.95;1.73;86.35;6.69;6.96
2015;SP;;SAO JOSE DO RIO PRETO;3504602;0;0;0;86.48;11.83;1.69;80.98;13.97;5.05
2015;SP;;SAO JOSE DO RIO PRETO;3511300;0;0;0;0;0;0;98.85;1.15;0
2015;SP;;SAO JOSE DO RIO PRETO;3517505;0;0;0;0;0;0;80.84;11.42;7.74
2015;SP;;SAO JOSE DO RIO PRETO;3519402;0;0;0;0;0;0;98.13;1.87;0
2015;SP;;SAO JOSE DO RIO PRETO;3519808;0;0;0;0;0;0;86.39;9.52;4.09
2015;SP;;SAO JOSE DO RIO PRETO;3521150;0;0;0;97.12;1.8;1.08;90.59;3.47;5.94
2015;SP;;SAO JOSE DO RIO PRETO;3530409;0;0;0;91.44;8.11;0.45;84.73;15.27;0
2015;SP;;SAO JOSE DO RIO PRETO;3533007;0;0;0;89.46;8.11;2.43;80.55;10.51;8.94
2015;SP;;SAO JOSE DO RIO PRETO;3534005;0;0;0;98.25;1.75;0;87.36;12.64;0
2015;SP;;SAO JOSE DO RIO PRETO;3534203;0;0;0;0;0;0;99.62;0.38;0
2015;SP;;SAO JOSE DO RIO PRETO;3535002;0;0;0;0;0;0;87.63;7.47;4.9
2015;SP;;SAO JOSE DO RIO PRETO;3540804;0;0;0;0;0;0;87.44;9.3;3.26
2015;SP;;SAO JOSE DO RIO PRETO;3549805;99.76;0.16;0.08;94.94;4.23;0.83;88.91;8.27;2.82
2015;SP;;SAO JOSE DO RIO PRETO;3555604;0;0;0;0;0;0;77.86;18.08;4.06
2015;SP;;SAO JOSE DOS CAMPOS;3531704;0;0;0;87.26;11.97;0.77;82.88;13.51;3.61
2015;SP;;SAO JOSE DOS CAMPOS;3549904;98.48;1.41;0.11;93.25;6.24;0.51;86.12;12;1.88
2015;SP;;SAO ROQUE;3501152;0;0;0;0;0;0;94.74;5.26;0
2015;SP;;SAO ROQUE;3502754;0;0;0;0;0;0;93.88;5.03;1.09
2015;SP;;SAO ROQUE;3519709;96.91;3.09;0;97.31;2.22;0.47;95.11;4.13;0.76
2015;SP;;SAO ROQUE;3528403;0;0;0;0;0;0;95.45;3.68;0.87
2015;SP;;SAO ROQUE;3550605;0;0;0;0;0;0;89.35;7.73;2.92
2015;SP;;SAO ROQUE;3556453;0;0;0;96.83;2.88;0.29;94.69;4.54;0.77
2015;SP;;SAO VICENTE;3522109;77.78;11.11;11.11;88.56;8.66;2.78;82.08;12.72;5.2
2015;SP;;SAO VICENTE;3531100;97.87;2.13;0;83.08;15.38;1.54;82.89;14.72;2.39
2015;SP;;SAO VICENTE;3537602;81.82;18.18;0;93.56;4.67;1.77;86.04;9.29;4.67
2015;SP;;SAO VICENTE;3541000;62.5;37.5;0;90.81;8.27;0.92;83.77;12.33;3.9
2015;SP;;SAO VICENTE;3551009;94.22;5.62;0.16;89.75;8.9;1.35;79.33;16.01;4.66
2015;SP;;SERTAOZINHO;3505609;0;0;0;0;0;0;94.63;4.87;0.5
2015;SP;;SERTAOZINHO;3514601;0;0;0;0;0;0;96.56;2.81;0.63
2015;SP;;SERTAOZINHO;3525102;0;0;0;0;0;0;83.11;9.64;7.25
2015;SP;;SERTAOZINHO;3539509;0;0;0;94.68;4.02;1.3;92.49;4.61;2.9
2015;SP;;SERTAOZINHO;3540200;100;0;0;97.53;2.09;0.38;93.18;4.88;1.94
2015;SP;;SERTAOZINHO;3551702;83.33;16.67;0;97.02;2.66;0.32;92.65;5.83;1.52
2015;SP;;SERTAOZINHO;3554409;0;0;0;0;0;0;96.97;1.73;1.3
2015;SP;;SERTAOZINHO;3556800;0;0;0;100;0;0;100;0;0
2015;SP;;SOROCABA;3552205;99.35;0.45;0.2;94.65;4.05;1.3;89.16;7.43;3.41
2015;SP;;SUL 1;3550308;98.11;1.56;0.33;86.75;9.78;3.47;77.56;16.94;5.5
2015;SP;;SUL 2;3550308;98.17;1.13;0.7;86.9;9.15;3.95;79.5;14.34;6.16
2015;SP;;SUL 3;3550308;97.07;2.15;0.78;85.38;10.47;4.15;74.15;18.32;7.53
2015;SP;;SUMARE;3519071;97.85;2.15;0;95.68;3.49;0.83;91.76;7.28;0.96
2015;SP;;SUMARE;3536505;0;0;0;97.64;1.89;0.47;88.39;9.71;1.9
2015;SP;;SUMARE;3552403;98.18;1.67;0.15;94.45;4.7;0.85;90.68;6.42;2.9
2015;SP;;SUZANO;3515707;95.38;1.54;3.08;92.01;5.11;2.88;84.69;8.9;6.41
2015;SP;;SUZANO;3552502;99.24;0.58;0.18;94.99;3.78;1.23;86.23;9.82;3.95
2015;SP;;TABOAO DA SERRA;3515004;98.56;1.21;0.23;88.02;9.69;2.29;81.02;12.73;6.25
2015;SP;;TABOAO DA SERRA;3552809;97.2;2.45;0.35;90.95;7.49;1.56;85.73;10.21;4.06
2015;SP;;TAQUARITINGA;3507407;100;0;0;99.2;0.8;0;97.1;2.9;0
2015;SP;;TAQUARITINGA;3510104;0;0;0;0;0;0;100;0;0
2015;SP;;TAQUARITINGA;3514007;99.75;0.25;0;100;0;0;100;0;0
2015;SP;;TAQUARITINGA;3515608;0;0;0;0;0;0;99.5;0.5;0
2015;SP;;TAQUARITINGA;3519600;99.16;0.84;0;95.97;3.71;0.32;94.29;5.05;0.66
2015;SP;;TAQUARITINGA;3522703;99.85;0.15;0;97.87;1.67;0.46;91.05;5.76;3.19
2015;SP;;TAQUARITINGA;3539004;0;0;0;100;0;0;100;0;0
2015;SP;;TAQUARITINGA;3546504;0;0;0;100;0;0;99.6;0;0.4
2015;SP;;TAQUARITINGA;3552700;100;0;0;97.67;2.33;0;93.28;6.31;0.41
2015;SP;;TAQUARITINGA;3553708;50;50;0;98.43;1.48;0.09;97.82;1.91;0.27
2015;SP;;TAQUARITINGA;3556909;0;0;0;100;0;0;98.17;1.83;0
2015;SP;;TAUBATE;3508504;0;0;0;91.11;5.63;3.26;87.36;7.99;4.65
2015;SP;;TAUBATE;3524907;0;0;0;0;0;0;90.7;7.44;1.86
2015;SP;;TAUBATE;3526308;0;0;0;95.96;3.7;0.34;90.48;6.49;3.03
2015;SP;;TAUBATE;3532306;0;0;0;98.61;0.35;1.04;93.23;2.9;3.87
2015;SP;;TAUBATE;3535606;0;0;0;95.62;2.82;1.56;87.61;9.73;2.66
2015;SP;;TAUBATE;3542305;0;0;0;91.7;8.3;0;86.86;11.43;1.71
2015;SP;;TAUBATE;;0;0;0;0;0;0;92.62;3.59;3.79
2015;SP;;TAUBATE;3554102;100;0;0;92.96;5.87;1.17;92.95;4.02;3.03
2015;SP;;TUPA;3503356;100;0;0;99.03;0.97;0;93.33;0;6.67
2015;SP;;TUPA;3505807;97.82;2.08;0.1;97.48;1.98;0.54;91.44;6.74;1.82
2015;SP;;TUPA;3519006;96.59;3.41;0;98.76;0.62;0.62;94.57;2;3.43
2015;SP;;TUPA;3519204;98.95;1.05;0;95.26;4.38;0.36;95.05;4.46;0.49
2015;SP;;TUPA;3525607;0;0;0;95.8;2.52;1.68;86.7;5.85;7.45
2015;SP;;TUPA;3536000;0;0;0;96.68;1.45;1.87;89.26;4.6;6.14
2015;SP;;TUPA;3541703;0;0;0;91.4;4.78;3.82;90.34;3.13;6.53
2015;SP;;TUPA;3541802;0;0;0;99.52;0;0.48;96.99;0;3.01
2015;SP;;TUPA;3542008;0;0;0;95.78;2.27;1.95;92.58;2.73;4.69
2015;SP;;TUPA;3542206;100;0;0;98.45;0.77;0.78;85.49;3.85;10.66
2015;SP;;TUPA;3543808;97.67;2.33;0;96.67;2.22;1.11;89.9;3.37;6.73
2015;SP;;TUPA;3555000;98.29;1.71;0;93.19;3.12;3.69;87.78;6.28;5.94
2015;SP;;VOTORANTIM;3502903;0;0;0;0;0;0;95.5;1.04;3.46
2015;SP;;VOTORANTIM;3510302;0;0;0;0;0;0;86.66;4.32;9.02
2015;SP;;VOTORANTIM;3537800;0;0;0;95.46;2.25;2.29;91.17;3.21;5.62
2015;SP;;VOTORANTIM;3537909;0;0;0;97.27;1.37;1.36;93.71;2.5;3.79
2015;SP;;VOTORANTIM;3545308;100;0;0;96.06;1.76;2.18;89.33;6.84;3.83
2015;SP;;VOTORANTIM;3553500;0;0;0;95.75;3.23;1.02;94.86;2.83;2.31
2015;SP;;VOTORANTIM;3557006;0;0;0;96.02;2.19;1.79;92.11;3.37;4.52
2015;SP;;VOTUPORANGA;3501202;0;0;0;100;0;0;96.85;1.57;1.58
2015;SP;;VOTUPORANGA;3501806;0;0;0;97.66;1.56;0.78;96.64;3.36;0
2015;SP;;VOTUPORANGA;3510708;100;0;0;97.86;1.07;1.07;95.31;0.94;3.75
2015;SP;;VOTUPORANGA;3512902;0;0;0;93.68;2.87;3.45;92.86;5.56;1.58
2015;SP;;VOTUPORANGA;3515905;0;0;0;98.41;1.59;0;96.08;2.94;0.98
2015;SP;;VOTUPORANGA;3516804;98.32;1.68;0;95.48;4.52;0;86.99;13.01;0
2015;SP;;VOTUPORANGA;3528106;100;0;0;99.01;0.99;0;97.41;1.29;1.3
2015;SP;;VOTUPORANGA;3531001;100;0;0;100;0;0;100;0;0
2015;SP;;VOTUPORANGA;3532603;100;0;0;98.51;0.3;1.19;96.6;0.38;3.02
2015;SP;;VOTUPORANGA;3532868;0;0;0;100;0;0;100;0;0
2015;SP;;VOTUPORANGA;3533304;0;0;0;94.12;5.88;0;91.53;6.78;1.69
2015;SP;;VOTUPORANGA;3536257;0;0;0;98.5;1.5;0;98.67;0;1.33
2015;SP;;VOTUPORANGA;3536604;0;0;0;99.43;0.57;0;99.31;0.69;0
2015;SP;;VOTUPORANGA;3540309;0;0;0;92.45;7.55;0;88.76;4.49;6.75
2015;SP;;VOTUPORANGA;3544202;0;0;0;97.94;1.83;0.23;95.9;3.85;0.25
2015;SP;;VOTUPORANGA;3551306;0;0;0;98.33;0.83;0.84;94.64;1.79;3.57
2015;SP;;VOTUPORANGA;3556107;0;0;0;99.3;0.7;0;98.54;0.97;0.49
2015;SP;;VOTUPORANGA;3557105;0;0;0;95.22;3.75;1.03;88.36;8.3;3.34
2016;SP;;ADAMANTINA;3500105;0;0;0;93.37;6.46;0.17;90.06;9.94;0
2016;SP;;ADAMANTINA;3514403;0;0;0;92.48;5.46;2.06;87.54;9.44;3.02
2016;SP;;ADAMANTINA;3515806;0;0;0;0;0;0;94.83;5.17;0
2016;SP;;ADAMANTINA;3516002;0;0;0;83.89;13.18;2.93;84.59;12.08;3.33
2016;SP;;ADAMANTINA;3520806;0;0;0;95.57;3.8;0.63;92.65;6.62;0.73
2016;SP;;ADAMANTINA;3521606;100;0;0;91.61;8.39;0;94.06;5.94;0
2016;SP;;ADAMANTINA;3526001;0;0;0;94.5;5.5;0;92.63;7.37;0
2016;SP;;ADAMANTINA;3527405;0;0;0;94.61;5.39;0;88.98;11.02;0
2016;SP;;ADAMANTINA;3528908;0;0;0;95.04;3.55;1.41;85.19;12.04;2.77
2016;SP;;ADAMANTINA;3531605;0;0;0;96.97;2.02;1.01;92.47;2.74;4.79
2016;SP;;ADAMANTINA;3533106;0;0;0;97.75;2.25;0;96.05;3.95;0
2016;SP;;ADAMANTINA;3534609;0;0;0;94.93;4.76;0.31;91.37;7.89;0.74
2016;SP;;ADAMANTINA;3534807;0;0;0;0;0;0;97.84;2.16;0
2016;SP;;ADAMANTINA;3534906;0;0;0;90.96;8.22;0.82;81.35;14.15;4.5
2016;SP;;ADAMANTINA;3535408;0;0;0;95.72;4.04;0.24;87.91;11.9;0.19
2016;SP;;ADAMANTINA;3536406;0;0;0;94.3;5.7;0;90.85;9.15;0
2016;SP;;ADAMANTINA;3540853;0;0;0;97.75;2.25;0;95.24;1.59;3.17
2016;SP;;ADAMANTINA;3544707;0;0;0;94.07;5.93;0;95.65;3.26;1.09
2016;SP;;ADAMANTINA;3545100;0;0;0;95.69;3.53;0.78;92.31;2.05;5.64
2016;SP;;ADAMANTINA;3547106;0;0;0;95.78;4.22;0;91.35;8.65;0
2016;SP;;ADAMANTINA;3549300;0;0;0;100;0;0;100;0;0
2016;SP;;ADAMANTINA;3555109;0;0;0;0;0;0;95.81;4.19;0
2016;SP;;AMERICANA;3501608;98.67;1.25;0.08;92.51;6.19;1.3;85.26;11.53;3.21
2016;SP;;AMERICANA;3533403;0;0;0;96.93;2.8;0.27;90.24;8.3;1.46
2016;SP;;AMERICANA;3545803;98.65;1.29;0.06;93.08;5.64;1.28;87.71;7.51;4.78
2016;SP;;ANDRADINA;3502101;0;0;0;93.55;5.56;0.89;90.75;8;1.25
2016;SP;;ANDRADINA;3511003;0;0;0;96.89;2.04;1.07;94.74;2.77;2.49
2016;SP;;ANDRADINA;3517802;0;0;0;93.83;3.9;2.27;85.43;10.24;4.33
2016;SP;;ANDRADINA;3520442;0;0;0;98.18;1.09;0.73;81.79;18.06;0.15
2016;SP;;ANDRADINA;3523008;0;0;0;96.86;1.18;1.96;94.92;3.05;2.03
2016;SP;;ANDRADINA;3526506;0;0;0;0;0;0;91.04;7.46;1.5
2016;SP;;ANDRADINA;3530102;0;0;0;98.89;1.11;0;98.22;1.78;0
2016;SP;;ANDRADINA;3532108;0;0;0;89.94;8.18;1.88;97.93;1.38;0.69
2016;SP;;ANDRADINA;3533205;0;0;0;0;0;0;89.94;7.82;2.24
2016;SP;;ANDRADINA;3537404;0;0;0;97.85;1.58;0.57;92.8;3.19;4.01
2016;SP;;ANDRADINA;3552304;0;0;0;0;0;0;91.19;8.81;0
2016;SP;;APIAI;3502705;99.66;0.34;0;97.95;1.59;0.46;96.86;2.09;1.05
2016;SP;;APIAI;3505351;0;0;0;96.73;0.27;3;93.07;1.32;5.61
2016;SP;;APIAI;3517604;100;0;0;98.96;0.91;0.13;98.38;1.01;0.61
2016;SP;;APIAI;3521200;0;0;0;95.58;4.42;0;91.9;7.14;0.96
2016;SP;;APIAI;3522158;100;0;0;99.57;0;0.43;95.43;2.54;2.03
2016;SP;;APIAI;3522653;0;0;0;96.86;1.57;1.57;95.1;2.45;2.45
2016;SP;;APIAI;3542800;100;0;0;99.21;0;0.79;99.51;0;0.49
2016;SP;;APIAI;3543006;0;0;0;98.38;1.38;0.24;97.31;2.48;0.21
2016;SP;;ARACATUBA;3502804;100;0;0;94.45;4.8;0.75;85.66;11.24;3.1
2016;SP;;ARACATUBA;3506201;0;0;0;100;0;0;100;0;0
2016;SP;;ARACATUBA;3518206;0;0;0;98.31;1.34;0.35;96.64;2.32;1.04
2016;SP;;ARACATUBA;3544400;0;0;0;97.14;2.86;0;96.43;3.57;0
2016;SP;;ARACATUBA;3548054;0;0;0;0;0;0;97.95;1.71;0.34
2016;SP;;ARACATUBA;3556305;0;0;0;96.89;1.1;2.01;93.41;1.65;4.94
2016;SP;;ARARAQUARA;3501707;0;0;0;89.6;9.7;0.7;83.84;13.35;2.81
2016;SP;;ARARAQUARA;3503208;99.81;0.11;0.08;94.08;5.56;0.36;84;14.89;1.11
2016;SP;;ARARAQUARA;3506706;0;0;0;0;0;0;78.19;9.63;12.18
2016;SP;;ARARAQUARA;3516853;0;0;0;90.91;7.34;1.75;86.96;11.18;1.86
2016;SP;;ARARAQUARA;3529302;99.93;0.07;0;95.89;3.62;0.49;92.06;7.38;0.56
2016;SP;;ARARAQUARA;3532058;0;0;0;0;0;0;81.33;13.33;5.34
2016;SP;;ARARAQUARA;3532900;0;0;0;0;0;0;96.03;3.97;0
2016;SP;;ARARAQUARA;3543709;0;0;0;86.8;11.93;1.27;81.8;15.29;2.91
2016;SP;;ARARAQUARA;3546900;0;0;0;93.39;4.5;2.11;84.64;6.93;8.43
2016;SP;;ARARAQUARA;3554755;0;0;0;0;0;0;95.18;4.82;0
2016;SP;;ASSIS;3504008;0;0;0;91.89;6.67;1.44;85.61;12.55;1.84
2016;SP;;ASSIS;3507209;0;0;0;100;0;0;97.78;2.22;0
2016;SP;;ASSIS;3510005;99.38;0.62;0;94.01;4.9;1.09;89.93;5.43;4.64
2016;SP;;ASSIS;3513306;100;0;0;97.44;2.56;0;95.18;4.82;0
2016;SP;;ASSIS;;100;0;0;89.27;9.04;1.69;94.39;5.61;0
2016;SP;;ASSIS;3519907;0;0;0;94.95;5.05;0;96.65;2.44;0.91
2016;SP;;ASSIS;3527900;0;0;0;95.17;4.83;0;88.62;9.76;1.62
2016;SP;;ASSIS;3528809;0;0;0;97.7;2.17;0.13;95.2;4.27;0.53
2016;SP;;ASSIS;3532157;0;0;0;97.13;2.87;0;97.5;2.5;0
2016;SP;;ASSIS;3535309;0;0;0;91.01;6.98;2.01;82.54;13.65;3.81
2016;SP;;ASSIS;3535507;0;0;0;96.56;3.44;0;92.35;6.88;0.77
2016;SP;;ASSIS;3537156;0;0;0;100;0;0;94.78;4.35;0.87
2016;SP;;ASSIS;3539707;0;0;0;96.02;3.48;0.5;91.43;8.57;0
2016;SP;;ASSIS;3553955;0;0;0;92.28;5.79;1.93;80.08;15.79;4.13
2016;SP;;AVARE;3500550;0;0;0;97.36;1.76;0.88;88.99;3.96;7.05
2016;SP;;AVARE;3503109;0;0;0;89.3;8.56;2.14;79.02;6.25;14.73
2016;SP;;AVARE;3504503;0;0;0;94.08;3.97;1.95;84.56;10.56;4.88
2016;SP;;AVARE;3511409;60;40;0;88.83;7.65;3.52;81.26;11.38;7.36
2016;SP;;AVARE;3519253;84.62;15.38;0;81.68;18.32;0;87.83;9.79;2.38
2016;SP;;AVARE;3521804;0;0;0;87.66;10.08;2.26;77.9;19.24;2.86
2016;SP;;AVARE;3553807;0;0;0;95.77;4.13;0.1;89.65;8.47;1.88
2016;SP;;BARRETOS;3500907;0;0;0;96.65;1.44;1.91;92.26;4.52;3.22
2016;SP;;BARRETOS;3505500;0;0;0;98.21;1.49;0.3;93.56;4.23;2.21
2016;SP;;BARRETOS;3512001;0;0;0;0;0;0;87.5;8.61;3.89
2016;SP;;BARRETOS;3512100;0;0;0;0;0;0;95.71;3;1.29
2016;SP;;BARRETOS;3517406;0;0;0;96.84;2.26;0.9;93.18;4;2.82
2016;SP;;BARRETOS;3517901;0;0;0;0;0;0;98.26;1.74;0
2016;SP;;BARRETOS;3524204;0;0;0;0;0;0;95.97;3.36;0.67
2016;SP;;BARRETOS;3533908;0;0;0;98.88;0.88;0.24;96.86;2.97;0.17
2016;SP;;BARRETOS;3551900;0;0;0;0;0;0;89.11;9.53;1.36
2016;SP;;BAURU;3500709;0;0;0;92.11;6.44;1.45;89.36;6.74;3.9
2016;SP;;BAURU;3503406;0;0;0;94.95;4.33;0.72;91.46;7.32;1.22
2016;SP;;BAURU;3504305;93.33;6.67;0;96.09;3.52;0.39;97.45;2.55;0
2016;SP;;BAURU;3504701;0;0;0;100;0;0;100;0;0
2016;SP;;BAURU;3506003;98.03;1.86;0.11;90.55;7.58;1.87;84.22;12.69;3.09
2016;SP;;BAURU;3508306;0;0;0;90.08;8.73;1.19;83.72;8.14;8.14
2016;SP;;BAURU;3514502;0;0;0;95.14;3.85;1.01;80.5;13.25;6.25
2016;SP;;BAURU;3519105;0;0;0;83.33;16.67;0;93.7;3.29;3.01
2016;SP;;BAURU;3526803;0;0;0;92.75;6.18;1.07;87.21;9.6;3.19
2016;SP;;BAURU;3527504;0;0;0;99.27;0;0.73;90.83;3.33;5.84
2016;SP;;BAURU;3536570;0;0;0;99.08;0;0.92;89.71;4.41;5.88
2016;SP;;BAURU;3538907;0;0;0;97.58;0.35;2.07;95.18;0.39;4.43
2016;SP;;BAURU;3539400;0;0;0;97.51;2.49;0;88.31;11.46;0.23
2016;SP;;BAURU;3541109;100;0;0;97.97;0;2.03;97.44;0;2.56
2016;SP;;BAURU;3542503;0;0;0;96.59;0.76;2.65;98.95;0;1.05
2016;SP;;BAURU;3555505;0;0;0;97.52;2.48;0;88.83;8.12;3.05
2016;SP;;BIRIGUI;3506409;0;0;0;97.83;1.44;0.73;90.56;6.67;2.77
2016;SP;;BIRIGUI;3506508;0;0;0;97.02;2.34;0.64;89.65;5.7;4.65
2016;SP;;BIRIGUI;3507753;0;0;0;97.3;2.16;0.54;92.05;6.62;1.33
2016;SP;;BIRIGUI;3508108;0;0;0;99.21;0.31;0.48;97.87;1.6;0.53
2016;SP;;BIRIGUI;3512506;0;0;0;98.12;0.94;0.94;93.3;1.68;5.02
2016;SP;;BIRIGUI;3516507;0;0;0;98.23;1.77;0;100;0;0
2016;SP;;BIRIGUI;3517109;0;0;0;98.25;1.75;0;96.69;3.31;0
2016;SP;;BIRIGUI;3527256;0;0;0;88.24;11.76;0;84.34;15.66;0
2016;SP;;BIRIGUI;3537701;0;0;0;96.18;1.91;1.91;92.76;1.81;5.43
2016;SP;;BIRIGUI;3555208;0;0;0;100;0;0;100;0;0
2016;SP;;BOTUCATU;3502309;0;0;0;0;0;0;87.45;7.75;4.8
2016;SP;;BOTUCATU;3503604;0;0;0;0;0;0;92.62;3.69;3.69
2016;SP;;BOTUCATU;3506904;0;0;0;95.21;4.79;0;76.59;17.73;5.68
2016;SP;;BOTUCATU;3507506;100;0;0;90.23;7.18;2.59;82.43;11.57;6
2016;SP;;BOTUCATU;3511607;0;0;0;0;0;0;83.73;12.39;3.88
2016;SP;;BOTUCATU;3512308;96.85;3.15;0;94.51;1.83;3.66;86.99;7.49;5.52
2016;SP;;BOTUCATU;3523503;0;0;0;94.53;3.98;1.49;87.97;7.73;4.3
2016;SP;;BOTUCATU;3526407;0;0;0;94.34;3.6;2.06;87.78;4.12;8.1
2016;SP;;BOTUCATU;3536109;0;0;0;0;0;0;83.48;14.78;1.74
2016;SP;;BOTUCATU;3537503;0;0;0;95.29;4.71;0;96.55;3.45;0
2016;SP;;BOTUCATU;3540507;0;0;0;90.3;9.47;0.23;83.57;15.36;1.07
2016;SP;;BOTUCATU;3541059;0;0;0;96.64;3.36;0;93.45;6.55;0
2016;SP;;BOTUCATU;3541653;0;0;0;0;0;0;96.63;2.25;1.12
2016;SP;;BOTUCATU;3550100;0;0;0;94.97;4.12;0.91;90.27;7.13;2.6
2016;SP;;BOTUCATU;3554656;0;0;0;83.7;16.3;0;84.62;15.38;0
2016;SP;;BRAGANCA PAULISTA;3504107;99.62;0.19;0.19;95.02;3.67;1.31;88.8;6.32;4.88
2016;SP;;BRAGANCA PAULISTA;3507100;0;0;0;92.93;6.6;0.47;87.04;11.74;1.22
2016;SP;;BRAGANCA PAULISTA;3507605;0;0;0;93.91;4.29;1.8;86.14;10.09;3.77
2016;SP;;BRAGANCA PAULISTA;3525508;0;0;0;0;0;0;97.81;2.19;0
2016;SP;;BRAGANCA PAULISTA;3532009;0;0;0;89.51;9.88;0.61;72.77;18.74;8.49
2016;SP;;BRAGANCA PAULISTA;3532405;95.49;3.38;1.13;96.97;1.88;1.15;93.7;3.01;3.29
2016;SP;;BRAGANCA PAULISTA;3536802;0;0;0;0;0;0;91.1;1.27;7.63
2016;SP;;BRAGANCA PAULISTA;3538204;0;0;0;0;0;0;94.06;2.7;3.24
2016;SP;;BRAGANCA PAULISTA;3538600;0;0;0;94.93;4.08;0.99;85.66;9.97;4.37
2016;SP;;BRAGANCA PAULISTA;3552106;98.77;1.23;0;96.06;3.09;0.85;90.36;7.25;2.39
2016;SP;;BRAGANCA PAULISTA;3554953;0;0;0;0;0;0;87.5;5.29;7.21
2016;SP;;BRAGANCA PAULISTA;3556354;0;0;0;0;0;0;82.97;10.84;6.19
2016;SP;;CAIEIRAS;3509007;98.26;1.31;0.43;97.93;1.75;0.32;93.17;4.97;1.86
2016;SP;;CAIEIRAS;3509205;0;0;0;94.25;5.75;0;91.69;8.05;0.26
2016;SP;;CAIEIRAS;3516309;99.41;0.59;0;97;2.46;0.54;93.58;4.86;1.56
2016;SP;;CAIEIRAS;3516408;99.36;0.59;0.05;94.98;3.96;1.06;90.84;6.1;3.06
2016;SP;;CAIEIRAS;3528502;0;0;0;97.8;1.7;0.5;91.4;7.4;1.2
2016;SP;;CAMPINAS LESTE;3509502;98.94;0.96;0.1;93.74;5.59;0.67;87.24;11.08;1.68
2016;SP;;CAMPINAS LESTE;3524709;0;0;0;0;0;0;91.13;8.66;0.21
2016;SP;;CAMPINAS OESTE;3509502;97.82;1.88;0.3;90.45;7.06;2.49;83.29;11.8;4.91
2016;SP;;CAMPINAS OESTE;3556206;0;0;0;92.93;6.29;0.78;87.48;9.01;3.51
2016;SP;;CAMPINAS OESTE;3556701;0;0;0;89.74;8.97;1.29;85.19;8.46;6.35
2016;SP;;CAPIVARI;3510401;0;0;0;92.74;5.79;1.47;85.85;7.81;6.34
2016;SP;;CAPIVARI;3514908;0;0;0;0;0;0;94.4;4.27;1.33
2016;SP;;CAPIVARI;3520509;0;0;0;95.09;4.04;0.87;89.72;7.76;2.52
2016;SP;;CAPIVARI;3530904;0;0;0;0;0;0;95.3;4.7;0
2016;SP;;CAPIVARI;3531803;0;0;0;92.99;4.58;2.43;88.24;7.38;4.38
2016;SP;;CAPIVARI;3542107;0;0;0;92.94;5.49;1.57;80.43;11.53;8.04
2016;SP;;CAPIVARI;3544004;0;0;0;90.18;7.49;2.33;87.11;8.67;4.22
2016;SP;;CARAGUATATUBA;3510500;0;0;0;99.59;0.36;0.05;97.44;2.4;0.16
2016;SP;;CARAGUATATUBA;3520400;0;0;0;0;0;0;96.88;2.67;0.45
2016;SP;;CARAGUATATUBA;3550704;0;0;0;0;0;0;98.8;1.17;0.03
2016;SP;;CARAGUATATUBA;3555406;97.67;2.33;0;97.46;2.16;0.38;93.19;5.99;0.82
2016;SP;;CARAPICUIBA;3510609;98.77;0.95;0.28;91.8;5.59;2.61;83.65;10.21;6.14
2016;SP;;CARAPICUIBA;3513009;96.76;0.93;2.31;89.59;8.22;2.19;80.97;11.7;7.33
2016;SP;;CATANDUVA;3503703;0;0;0;98.4;1.33;0.27;99.32;0.68;0
2016;SP;;CATANDUVA;3509304;0;0;0;0;0;0;90.49;6.44;3.07
2016;SP;;CATANDUVA;3511102;0;0;0;93.41;6.27;0.32;90.6;8.32;1.08
2016;SP;;CATANDUVA;3511201;0;0;0;97.65;2.05;0.3;95.44;3.8;0.76
2016;SP;;CATANDUVA;3514924;0;0;0;0;0;0;99.21;0.79;0
2016;SP;;CATANDUVA;3514957;0;0;0;97.44;2.56;0;92.98;7.02;0
2016;SP;;CATANDUVA;3521903;0;0;0;0;0;0;88.12;4.42;7.46
2016;SP;;CATANDUVA;3528858;0;0;0;89.92;7.56;2.52;92;6;2
2016;SP;;CATANDUVA;3533254;0;0;0;0;0;0;93.94;6.06;0
2016;SP;;CATANDUVA;3533502;0;0;0;92.31;7.69;0;92.01;7.19;0.8
2016;SP;;CATANDUVA;3535101;0;0;0;96.42;3.58;0;85.86;13.4;0.74
2016;SP;;CATANDUVA;3535705;0;0;0;0;0;0;94.85;3.09;2.06
2016;SP;;CATANDUVA;3538105;0;0;0;77.42;15.32;7.26;85.56;4.72;9.72
2016;SP;;CATANDUVA;3545605;0;0;0;98.8;0.4;0.8;94.1;4.99;0.91
2016;SP;;CATANDUVA;3552601;0;0;0;96.3;3.7;0;91.44;8.56;0
2016;SP;;CENTRO;3550308;98.51;1.01;0.48;89.26;8.04;2.7;81.71;14.44;3.85
2016;SP;;CENTRO OESTE;3550308;98.34;1.5;0.16;92.46;6.63;0.91;81.17;15;3.83
2016;SP;;CENTRO SUL;3550308;97.8;1.92;0.28;89.22;9.55;1.23;77.1;19.45;3.45
2016;SP;;DIADEMA;3513801;98.61;1.37;0.02;92.94;6.02;1.04;86.63;10.89;2.48
2016;SP;;FERNANDOPOLIS;3515202;0;0;0;95.86;2.21;1.93;94.9;3.06;2.04
2016;SP;;FERNANDOPOLIS;3515509;95.3;4.7;0;94.55;5.17;0.28;86.36;11.82;1.82
2016;SP;;FERNANDOPOLIS;3516903;96.15;3.85;0;95;5;0;87.27;8.22;4.51
2016;SP;;FERNANDOPOLIS;3518008;0;0;0;95.12;4.88;0;96.08;3.92;0
2016;SP;;FERNANDOPOLIS;3520707;0;0;0;94.77;3.92;1.31;87.68;8.7;3.62
2016;SP;;FERNANDOPOLIS;3528205;0;0;0;95.4;4.02;0.58;95.83;3.33;0.84
2016;SP;;FERNANDOPOLIS;3528304;0;0;0;90.82;7.14;2.04;77.52;15.5;6.98
2016;SP;;FERNANDOPOLIS;3529609;0;0;0;99.51;0.49;0;96.06;3.94;0
2016;SP;;FERNANDOPOLIS;3530003;0;0;0;96.97;3.03;0;93.88;6.12;0
2016;SP;;FERNANDOPOLIS;3534757;0;0;0;94.62;5.38;0;93.04;6.96;0
2016;SP;;FERNANDOPOLIS;3536901;0;0;0;99.16;0.84;0;97.67;2.33;0
2016;SP;;FERNANDOPOLIS;3540408;0;0;0;96.94;3.06;0;97.55;2.45;0
2016;SP;;FERNANDOPOLIS;3549201;0;0;0;93.33;6.67;0;91.49;7.45;1.06
2016;SP;;FERNANDOPOLIS;3549250;0;0;0;98.89;0;1.11;100;0;0
2016;SP;;FERNANDOPOLIS;3555307;0;0;0;97.83;2.17;0;97.01;2.99;0
2016;SP;;FRANCA;3513207;0;0;0;0;0;0;86.18;11.47;2.35
2016;SP;;FRANCA;3516200;97.67;2.33;0;94.81;3.91;1.28;87.03;8.65;4.32
2016;SP;;FRANCA;3523701;0;0;0;88.71;8.06;3.23;81.1;7.48;11.42
2016;SP;;FRANCA;3525409;0;0;0;0;0;0;92;3.33;4.67
2016;SP;;FRANCA;3536307;0;0;0;90.9;6.16;2.94;87.43;7.08;5.49
2016;SP;;FRANCA;3537008;0;0;0;92.65;4.74;2.61;90.43;4.56;5.01
2016;SP;;FRANCA;3542701;0;0;0;0;0;0;87.46;9.65;2.89
2016;SP;;FRANCA;3543105;0;0;0;0;0;0;89.67;4.69;5.64
2016;SP;;FRANCA;3543600;0;0;0;97.95;1.23;0.82;92.31;2.4;5.29
2016;SP;;FRANCA;3549508;0;0;0;92.64;4.29;3.07;84.16;6.74;9.1
2016;SP;;GUARATINGUETA;3502507;0;0;0;0;0;0;89.85;8.3;1.85
2016;SP;;GUARATINGUETA;3503158;0;0;0;0;0;0;96.55;1.72;1.73
2016;SP;;GUARATINGUETA;3503505;0;0;0;0;0;0;90.91;8.48;0.61
2016;SP;;GUARATINGUETA;3504909;0;0;0;0;0;0;88.1;8.24;3.66
2016;SP;;GUARATINGUETA;3508603;0;0;0;96.71;2.81;0.48;87.19;10.33;2.48
2016;SP;;GUARATINGUETA;3509957;0;0;0;0;0;0;89.35;10.65;0
2016;SP;;GUARATINGUETA;3513405;0;0;0;90.57;6.78;2.65;83.45;13.1;3.45
2016;SP;;GUARATINGUETA;3513603;93.59;6.12;0.29;91.71;8.11;0.18;84.11;14.93;0.96
2016;SP;;GUARATINGUETA;3518404;0;0;0;87.78;10.85;1.37;75.27;20.66;4.07
2016;SP;;GUARATINGUETA;3526605;0;0;0;87.62;12.38;0;87.46;11.93;0.61
2016;SP;;GUARATINGUETA;3527207;71.43;28.57;0;82.98;13.55;3.47;72.07;20.89;7.04
2016;SP;;GUARATINGUETA;3538501;0;0;0;93.19;5.05;1.76;94.12;4.41;1.47
2016;SP;;GUARATINGUETA;3540754;0;0;0;0;0;0;70.63;23.96;5.41
2016;SP;;GUARATINGUETA;3541901;0;0;0;96.15;1.54;2.31;84.04;5.85;10.11
2016;SP;;GUARATINGUETA;3544301;0;0;0;0;0;0;80.11;12.43;7.46
2016;SP;;GUARATINGUETA;3549607;0;0;0;0;0;0;97.56;2.44;0
2016;SP;;GUARATINGUETA;3552007;0;0;0;88.32;7.9;3.78;87.43;4.57;8
2016;SP;;GUARULHOS NORTE;3518800;98.85;0.85;0.3;93.44;4.43;2.13;85.86;8.01;6.13
2016;SP;;GUARULHOS SUL;3518800;98.51;1.28;0.21;92.39;6.4;1.21;84.19;12.99;2.82
2016;SP;;ITAPECERICA DA SERRA;3515103;99.65;0.35;0;96.87;2.7;0.43;88.17;8.76;3.07
2016;SP;;ITAPECERICA DA SERRA;3522208;97.79;2.11;0.1;92.23;6.8;0.97;84.44;12.69;2.87
2016;SP;;ITAPECERICA DA SERRA;3526209;98.09;1.83;0.08;95.84;3.27;0.89;87.58;8.55;3.87
2016;SP;;ITAPECERICA DA SERRA;3549953;0;0;0;96.02;3.72;0.26;87.92;11.14;0.94
2016;SP;;ITAPETININGA;3500758;0;0;0;93.7;4.2;2.1;88.49;3.96;7.55
2016;SP;;ITAPETININGA;3502200;97.13;2.87;0;90.42;9.58;0;88.38;11.62;0
2016;SP;;ITAPETININGA;3509452;0;0;0;0;0;0;89.24;5.18;5.58
2016;SP;;ITAPETININGA;3518503;0;0;0;97.49;2.51;0;96.99;3.01;0
2016;SP;;ITAPETININGA;3522307;99.14;0.86;0;97.8;2;0.2;93.11;6.09;0.8
2016;SP;;ITAPETININGA;3535804;0;0;0;0;0;0;88.71;8.71;2.58
2016;SP;;ITAPETININGA;3550209;0;0;0;96.45;3.22;0.33;93.7;5.65;0.65
2016;SP;;ITAPETININGA;3551108;0;0;0;96.45;2.75;0.8;96.57;1.83;1.6
2016;SP;;ITAPETININGA;3554003;0;0;0;94.82;4.23;0.95;92.64;6.09;1.27
2016;SP;;ITAPEVA;3508009;0;0;0;0;0;0;91.08;7.88;1.04
2016;SP;;ITAPEVA;3510203;0;0;0;90.95;8.25;0.8;86.75;12.83;0.42
2016;SP;;ITAPEVA;3522406;0;0;0;96.06;3.94;0;94.91;4.59;0.5
2016;SP;;ITAPEVA;3532827;0;0;0;0;0;0;95.65;3.7;0.65
2016;SP;;ITAPEVA;3543253;0;0;0;97.64;1.77;0.59;98.14;0;1.86
2016;SP;;ITAPEVA;3553856;0;0;0;0;0;0;95.58;4.42;0
2016;SP;;ITAPEVI;3505708;0;0;0;0;0;0;86.5;10.3;3.2
2016;SP;;ITAPEVI;3522505;0;0;0;89.63;8.65;1.72;83.98;11.94;4.08
2016;SP;;ITAPEVI;3525003;0;0;0;90.77;7.74;1.49;86.87;9.64;3.49
2016;SP;;ITAPEVI;3539103;0;0;0;0;0;0;81.09;7.79;11.12
2016;SP;;ITAQUAQUECETUBA;3523107;97.3;2.48;0.22;94.32;4.89;0.79;88.23;9.82;1.95
2016;SP;;ITAQUAQUECETUBA;3539806;0;0;0;93.69;5.39;0.92;87.03;10.52;2.45
2016;SP;;ITARARE;3505005;100;0;0;92.65;7.35;0;86.57;11.94;1.49
2016;SP;;ITARARE;3507159;0;0;0;93.07;3.65;3.28;87.96;4.17;7.87
2016;SP;;ITARARE;3512605;0;0;0;96.68;2.49;0.83;81.25;12.05;6.7
2016;SP;;ITARARE;3521705;99.74;0.26;0;96.3;2.77;0.93;90.99;5.96;3.05
2016;SP;;ITARARE;3522802;100;0;0;89.07;8.64;2.29;82.15;13.69;4.16
2016;SP;;ITARARE;3523206;0;0;0;98.15;1.23;0.62;85.34;9.95;4.71
2016;SP;;ITARARE;3543501;95.56;4.44;0;95.06;4.63;0.31;90.61;6.1;3.29
2016;SP;;ITU;3507001;0;0;0;0;0;0;83.93;13.58;2.49
2016;SP;;ITU;3508405;0;0;0;95.06;4.31;0.63;88.81;8.99;2.2
2016;SP;;ITU;3511508;0;0;0;0;0;0;80.93;16.5;2.57
2016;SP;;ITU;3521002;0;0;0;0;0;0;91.52;8.39;0.09
2016;SP;;ITU;3523909;0;0;0;92.29;6.88;0.83;90.94;8.31;0.75
2016;SP;;ITU;3525854;0;0;0;0;0;0;94.06;5.94;0
2016;SP;;ITU;3540606;0;0;0;96.87;2.85;0.28;90.93;7.36;1.71
2016;SP;;ITU;3545209;98.62;1.27;0.11;97.44;2.31;0.25;95.07;4.27;0.66
2016;SP;;ITU;3554508;0;0;0;0;0;0;94.88;5.12;0
2016;SP;;JABOTICABAL;3506102;0;0;0;93.98;3.23;2.79;92.75;4.47;2.78
2016;SP;;JABOTICABAL;3518602;0;0;0;0;0;0;92.26;2.79;4.95
2016;SP;;JABOTICABAL;3518859;0;0;0;0;0;0;93.31;6.3;0.39
2016;SP;;JABOTICABAL;3524303;0;0;0;94.27;3.1;2.63;87.69;7.14;5.17
2016;SP;;JABOTICABAL;3531308;0;0;0;95.52;2.13;2.35;88.81;5.95;5.24
2016;SP;;JABOTICABAL;3531506;0;0;0;94;2.25;3.75;94.21;2.99;2.8
2016;SP;;JABOTICABAL;3540903;0;0;0;0;0;0;93.63;4.68;1.69
2016;SP;;JABOTICABAL;3553104;0;0;0;100;0;0;100;0;0
2016;SP;;JABOTICABAL;3553203;0;0;0;99.52;0;0.48;100;0;0
2016;SP;;JABOTICABAL;3553658;0;0;0;100;0;0;99.03;0.97;0
2016;SP;;JACAREI;3503901;75;25;0;95.12;4.14;0.74;84.7;12.38;2.92
2016;SP;;JACAREI;3518305;0;0;0;91.31;7.65;1.04;84.58;12.8;2.62
2016;SP;;JACAREI;3520202;0;0;0;96.84;0.7;2.46;85.04;7.26;7.7
2016;SP;;JACAREI;3524402;99.07;0.7;0.23;94.13;4.78;1.09;82.28;14.6;3.12
2016;SP;;JACAREI;3546009;0;0;0;0;0;0;79.87;11.19;8.94
2016;SP;;JACAREI;3546801;0;0;0;96.53;3.03;0.44;90.94;6.23;2.83
2016;SP;;JALES;3502606;0;0;0;97.3;2.16;0.54;90.06;8.7;1.24
2016;SP;;JALES;3503950;97.67;2.33;0;100;0;0;98.55;1.45;0
2016;SP;;JALES;3504206;0;0;0;99.65;0.35;0;98.42;1.35;0.23
2016;SP;;JALES;3513850;96.55;3.45;0;86.3;13.7;0;92.86;4.76;2.38
2016;SP;;JALES;3514205;0;0;0;99.22;0.78;0;91.8;8.2;0
2016;SP;;JALES;3518909;0;0;0;99.09;0.91;0;97.71;2.29;0
2016;SP;;JALES;3524808;0;0;0;99.16;0.78;0.06;98.05;1.8;0.15
2016;SP;;JALES;3529104;0;0;0;97.12;2.88;0;96.08;3.92;0
2016;SP;;JALES;3529658;0;0;0;86.42;13.58;0;90.41;8.22;1.37
2016;SP;;JALES;3532843;0;0;0;100;0;0;98.63;1.37;0
2016;SP;;JALES;3535200;0;0;0;97.52;2.48;0;95.38;4.62;0
2016;SP;;JALES;3535903;0;0;0;88.32;11.68;0;88.24;11.76;0
2016;SP;;JALES;3540259;0;0;0;89.67;10.33;0;88.24;11.76;0
2016;SP;;JALES;3544509;0;0;0;96.62;3.38;0;93.24;5.41;1.35
2016;SP;;JALES;3545704;0;0;0;99.25;0.75;0;97.22;2.78;0
2016;SP;;JALES;3546108;0;0;0;97.8;2.2;0;94.05;5.95;0
2016;SP;;JALES;3546603;0;0;0;100;0;0;93.9;6.1;0
2016;SP;;JALES;3547403;0;0;0;92.19;7.03;0.78;83.87;15.05;1.08
2016;SP;;JALES;3547650;100;0;0;100;0;0;98.44;1.56;0
2016;SP;;JALES;3547205;100;0;0;100;0;0;100;0;0
2016;SP;;JALES;3549003;98.36;1.64;0;100;0;0;100;0;0
2016;SP;;JALES;3552551;0;0;0;98.49;1.51;0;98.6;1.4;0
2016;SP;;JALES;3554904;0;0;0;97.06;2.94;0;96.48;3.02;0.5
2016;SP;;JALES;3555802;99.39;0.61;0;99.45;0.55;0;97.56;2.44;0
2016;SP;;JALES;3556958;0;0;0;95.12;4.88;0;96.97;3.03;0
2016;SP;;JAU;3505203;0;0;0;97.66;1.8;0.54;92.51;5.26;2.23
2016;SP;;JAU;3505302;0;0;0;97.01;2.42;0.57;92.52;6.26;1.22
2016;SP;;JAU;3506805;0;0;0;95.22;2.87;1.91;90.15;8.59;1.26
2016;SP;;JAU;3507308;0;0;0;96.65;3.35;0;96.79;2.56;0.65
2016;SP;;JAU;3507456;0;0;0;0;0;0;91.96;8.04;0
2016;SP;;JAU;3507902;0;0;0;95.36;3.66;0.98;86.72;6.42;6.86
2016;SP;;JAU;3514106;0;0;0;94.87;5.13;0;93.65;6.35;0
2016;SP;;JAU;3520004;0;0;0;87.56;10.13;2.31;83.52;11.65;4.83
2016;SP;;JAU;3522000;0;0;0;98.9;1.1;0;97.89;2.11;0
2016;SP;;JAU;3522901;0;0;0;91.43;5.55;3.02;80.71;7.07;12.22
2016;SP;;JAU;3525300;0;0;0;92.43;5.56;2.01;88;7.85;4.15
2016;SP;;JAU;3528007;0;0;0;97.34;2.2;0.46;96.84;2.6;0.56
2016;SP;;JAU;3529807;0;0;0;96.03;3.8;0.17;90.82;9.18;0
2016;SP;;JAU;3536703;0;0;0;96.47;2.49;1.04;92.96;5.67;1.37
2016;SP;;JAU;3554706;99.75;0.25;0;96.31;2.01;1.68;90.91;1.68;7.41
2016;SP;;JOSE BONIFACIO;3500204;0;0;0;0;0;0;93.79;6.21;0
2016;SP;;JOSE BONIFACIO;3504800;0;0;0;91.82;6.92;1.26;87.04;10.74;2.22
2016;SP;;JOSE BONIFACIO;3521507;0;0;0;97.4;1.3;1.3;88.89;4.27;6.84
2016;SP;;JOSE BONIFACIO;3524501;0;0;0;92.36;6.37;1.27;86.53;7.35;6.12
2016;SP;;JOSE BONIFACIO;3525706;94.71;5.29;0;93.97;5.57;0.46;85.25;10.19;4.56
2016;SP;;JOSE BONIFACIO;3529500;0;0;0;96.48;3.08;0.44;81.59;12.94;5.47
2016;SP;;JOSE BONIFACIO;3530300;100;0;0;96.29;3.25;0.46;94.23;4.85;0.92
2016;SP;;JOSE BONIFACIO;3531407;0;0;0;89.61;9.09;1.3;84.5;14.73;0.77
2016;SP;;JOSE BONIFACIO;3532504;0;0;0;99.4;0.6;0;98.56;1.44;0
2016;SP;;JOSE BONIFACIO;3532702;0;0;0;94.95;3.21;1.84;96.6;2.04;1.36
2016;SP;;JOSE BONIFACIO;3532801;0;0;0;85.06;14.11;0.83;72.22;21.72;6.06
2016;SP;;JOSE BONIFACIO;3539608;0;0;0;96.86;2.79;0.35;95.17;2.42;2.41
2016;SP;;JOSE BONIFACIO;3539905;94.59;5.41;0;89.92;8.14;1.94;91.03;4.83;4.14
2016;SP;;JOSE BONIFACIO;3544806;0;0;0;94.26;5.33;0.41;83.46;12.6;3.94
2016;SP;;JOSE BONIFACIO;3553401;0;0;0;93.39;3.73;2.88;90.17;9.67;0.16
2016;SP;;JOSE BONIFACIO;3555356;0;0;0;0;0;0;78.87;21.13;0
2016;SP;;JOSE BONIFACIO;3555703;97.75;2.25;0;97.78;2.22;0;100;0;0
2016;SP;;JOSE BONIFACIO;3556008;0;0;0;0;0;0;91.91;3.18;4.91
2016;SP;;JOSE BONIFACIO;3557154;0;0;0;99.01;0.99;0;95.05;4.95;0
2016;SP;;JUNDIAI;3509601;0;0;0;94.82;4.98;0.2;84.01;12.94;3.05
2016;SP;;JUNDIAI;3523404;0;0;0;0;0;0;89.12;7.98;2.9
2016;SP;;JUNDIAI;3524006;0;0;0;94.77;4.86;0.37;85.27;12.02;2.71
2016;SP;;JUNDIAI;3525201;0;0;0;94.53;5.11;0.36;88.09;10.26;1.65
2016;SP;;JUNDIAI;3525904;0;0;0;93.96;5.14;0.9;86.65;11.32;2.03
2016;SP;;JUNDIAI;3527306;0;0;0;96.55;2.98;0.47;87.6;10.24;2.16
2016;SP;;JUNDIAI;3556503;0;0;0;95.02;4.15;0.83;86.49;10.96;2.55
2016;SP;;LESTE 1;3550308;98.05;1.62;0.33;89.45;8.63;1.92;76.93;18.61;4.46
2016;SP;;LESTE 2;3550308;97.56;1.99;0.45;88.35;9.55;2.1;82.29;14.21;3.5
2016;SP;;LESTE 3;3550308;97.43;1.77;0.8;87.39;8.32;4.29;80.57;11.7;7.73
2016;SP;;LESTE 4;3550308;98.87;1.05;0.08;88.5;10.12;1.38;77.19;19.32;3.49
2016;SP;;LESTE 5;3550308;99.14;0.67;0.19;89.24;8.77;1.99;79.26;16.61;4.13
2016;SP;;LIMEIRA;3503802;0;0;0;90.14;8.59;1.27;86.72;10.67;2.61
2016;SP;;LIMEIRA;3512407;0;0;0;96.23;2.07;1.7;90.32;3.54;6.14
2016;SP;;LIMEIRA;3512803;0;0;0;90.92;5.39;3.69;86.67;10.11;3.22
2016;SP;;LIMEIRA;3515152;0;0;0;94.51;3.32;2.17;84.8;9.52;5.68
2016;SP;;LIMEIRA;3521101;0;0;0;92.98;5.33;1.69;86.03;6.25;7.72
2016;SP;;LIMEIRA;3521408;0;0;0;94.16;5.08;0.76;81.79;16.11;2.1
2016;SP;;LIMEIRA;3526902;99.23;0.67;0.1;91.42;5.52;3.06;77.91;14.46;7.63
2016;SP;;LIMEIRA;3543907;98.79;1.21;0;93.58;4.87;1.55;87;9.08;3.92
2016;SP;;LIMEIRA;3546702;0;0;0;0;0;0;94.03;5.38;0.59
2016;SP;;LINS;3508801;96.49;2.92;0.59;87.87;10.82;1.31;69.9;29.14;0.96
2016;SP;;LINS;3517000;0;0;0;94.37;3.52;2.11;75.28;11.52;13.2
2016;SP;;LINS;3517208;0;0;0;88.1;8.7;3.2;76.36;20.92;2.72
2016;SP;;LINS;3517307;0;0;0;88.54;7.96;3.5;76.52;15.65;7.83
2016;SP;;LINS;3518107;94.77;4.94;0.29;86.97;9.09;3.94;76.32;10.96;12.72
2016;SP;;LINS;3527108;97.61;2.35;0.04;86.89;10.26;2.85;72.92;19.53;7.55
2016;SP;;LINS;3540101;0;0;0;99.22;0.78;0;87.9;8.06;4.04
2016;SP;;LINS;3541604;96.01;3.99;0;93.02;6.73;0.25;76.28;22.3;1.42
2016;SP;;LINS;3544608;0;0;0;90.83;7.42;1.75;84.11;9.93;5.96
2016;SP;;LINS;3555901;96.83;3.17;0;93.75;6.25;0;84.13;12.7;3.17
2016;SP;;MARILIA;3501400;0;0;0;88.83;5.03;6.14;82.64;11.81;5.55
2016;SP;;MARILIA;3501509;0;0;0;91.01;3.93;5.06;88.06;4.48;7.46
2016;SP;;MARILIA;3514700;0;0;0;97.08;1.62;1.3;90.68;8.05;1.27
2016;SP;;MARILIA;3515657;0;0;0;96.91;3.09;0;93.1;6.9;0
2016;SP;;MARILIA;3516606;0;0;0;96.65;2.09;1.26;83.42;10.05;6.53
2016;SP;;MARILIA;3516705;0;0;0;96.46;2.57;0.97;92.23;5.74;2.03
2016;SP;;MARILIA;3525805;0;0;0;99.62;0.38;0;95.4;2.93;1.67
2016;SP;;MARILIA;3527801;0;0;0;96.67;2.86;0.47;88.08;11.26;0.66
2016;SP;;MARILIA;3529005;99.03;0.94;0.03;96.56;3.15;0.29;93.96;5.23;0.81
2016;SP;;MARILIA;3533700;0;0;0;96.97;3.03;0;93.49;5.92;0.59
2016;SP;;MARILIA;3534104;95.43;4;0.57;94.36;5.64;0;86.98;11.98;1.04
2016;SP;;MARILIA;3534500;0;0;0;0;0;0;98.31;0;1.69
2016;SP;;MARILIA;3540002;0;0;0;95.8;4.2;0;89.81;9.95;0.24
2016;SP;;MARILIA;3556602;0;0;0;97.41;2.59;0;92.88;7.12;0
2016;SP;;MAUA;3529401;98.48;1.31;0.21;92.64;6;1.36;87.1;10.35;2.55
2016;SP;;MAUA;3543303;98.8;1.07;0.13;95.26;4;0.74;87.07;10.67;2.26
2016;SP;;MAUA;3544103;97.24;2.76;0;92.34;6.74;0.92;86.38;9.31;4.31
2016;SP;;MIRACATU;3520301;92;8;0;94.43;5.03;0.54;83.07;15.08;1.85
2016;SP;;MIRACATU;3520426;0;0;0;0;0;0;80.09;13.27;6.64
2016;SP;;MIRACATU;3523305;95.95;4.05;0;92.93;6.01;1.06;85.83;6.91;7.26
2016;SP;;MIRACATU;3526100;0;0;0;94.4;5.26;0.34;93.83;4.63;1.54
2016;SP;;MIRACATU;3529906;90;10;0;94.22;4.91;0.87;91.48;7.27;1.25
2016;SP;;MIRACATU;3537206;0;0;0;97.29;0.85;1.86;95.37;1.32;3.31
2016;SP;;MIRANTE DO PARANAPANEMA;3515301;0;0;0;99.32;0.68;0;92.56;7.44;0
2016;SP;;MIRANTE DO PARANAPANEMA;3515350;0;0;0;98.06;1.94;0;92.84;7.16;0
2016;SP;;MIRANTE DO PARANAPANEMA;3530201;98.75;1.25;0;96.6;3.4;0;92.09;7.91;0
2016;SP;;MIRANTE DO PARANAPANEMA;3532207;0;0;0;0;0;0;93.69;6.31;0
2016;SP;;MIRANTE DO PARANAPANEMA;3544251;99.72;0.28;0;97.34;2.3;0.36;90.92;7.57;1.51
2016;SP;;MIRANTE DO PARANAPANEMA;3545506;0;0;0;0;0;0;94.12;3.74;2.14
2016;SP;;MIRANTE DO PARANAPANEMA;3553906;0;0;0;0;0;0;76.2;12.05;11.75
2016;SP;;MIRANTE DO PARANAPANEMA;3554300;98.25;1.75;0;91.83;6.15;2.02;84.47;10.5;5.03
2016;SP;;MOGI DAS CRUZES;3506607;0;0;0;91.24;6.15;2.61;79.65;11.63;8.72
2016;SP;;MOGI DAS CRUZES;3530607;97.65;2.03;0.32;94.63;3.79;1.58;86.84;9.2;3.96
2016;SP;;MOGI DAS CRUZES;3545001;0;0;0;93.04;5.62;1.34;73.83;15.54;10.63
2016;SP;;MOGI MIRIM;3500501;96.93;3.07;0;91.15;7.08;1.77;89.67;4.06;6.27
2016;SP;;MOGI MIRIM;3501905;98.8;1.2;0;96.49;2.01;1.5;88.7;5.82;5.48
2016;SP;;MOGI MIRIM;3512209;0;0;0;95.99;2.84;1.17;90.82;4.23;4.95
2016;SP;;MOGI MIRIM;3557303;0;0;0;0;0;0;94.83;2.01;3.16
2016;SP;;MOGI MIRIM;3519055;0;0;0;0;0;0;81.73;10.17;8.1
2016;SP;;MOGI MIRIM;3522604;99.7;0.3;0;91.63;6.21;2.16;86.02;8.92;5.06
2016;SP;;MOGI MIRIM;3527009;0;0;0;0;0;0;89.13;6.96;3.91
2016;SP;;MOGI MIRIM;3530706;0;0;0;92.18;4.41;3.41;87.94;5.42;6.64
2016;SP;;MOGI MIRIM;;100;0;0;92.24;5.23;2.53;87.55;6.04;6.41
2016;SP;;MOGI MIRIM;3531209;0;0;0;0;0;0;92.49;4.12;3.39
2016;SP;;MOGI MIRIM;3537107;0;0;0;94.32;3.84;1.84;91.04;4.38;4.58
2016;SP;;MOGI MIRIM;3548005;0;0;0;0;0;0;89.29;6.18;4.53
2016;SP;;MOGI MIRIM;3551603;98.95;1.05;0;99.03;0.58;0.39;90.96;6.36;2.68
2016;SP;;NORTE 1;3550308;97.59;1.88;0.53;89.07;9.38;1.55;78.25;18.76;2.99
2016;SP;;NORTE 2;3550308;98.92;0.88;0.2;92.21;6.72;1.07;85.78;12;2.22
2016;SP;;OSASCO;3534401;33.33;66.67;0;92.05;5.31;2.64;85.2;9.5;5.3
2016;SP;;OURINHOS;3506300;0;0;0;94.76;3.35;1.89;83.28;8.98;7.74
2016;SP;;OURINHOS;3509809;0;0;0;92.1;4.12;3.78;93.96;1.34;4.7
2016;SP;;OURINHOS;3510153;0;0;0;0;0;0;87.92;1.13;10.95
2016;SP;;OURINHOS;3557204;0;0;0;92.71;3.91;3.38;82.93;5.85;11.22
2016;SP;;OURINHOS;3515194;0;0;0;97;2.62;0.38;85.03;8.38;6.59
2016;SP;;OURINHOS;3519501;0;0;0;85.42;9.62;4.96;77.03;8.56;14.41
2016;SP;;OURINHOS;3520905;0;0;0;0;0;0;77.23;5.48;17.29
2016;SP;;OURINHOS;3534708;97.47;2.36;0.17;93.39;4.38;2.23;87.86;6.31;5.83
2016;SP;;OURINHOS;3543204;0;0;0;94.42;5.58;0;86.08;10.13;3.79
2016;SP;;OURINHOS;3545407;0;0;0;92.98;5.58;1.44;85.89;8.11;6
2016;SP;;OURINHOS;3546405;100;0;0;94.11;3.67;2.22;79.72;9.98;10.3
2016;SP;;OURINHOS;3550506;0;0;0;96.44;2.37;1.19;91.98;4.2;3.82
2016;SP;;PENAPOLIS;3501103;0;0;0;98.8;1.2;0;98.56;0;1.44
2016;SP;;PENAPOLIS;3504404;0;0;0;93.87;3.06;3.07;90.33;8;1.67
2016;SP;;PENAPOLIS;3505104;0;0;0;90.51;9.49;0;90.87;9.13;0
2016;SP;;PENAPOLIS;3507704;100;0;0;97.24;0.92;1.84;92.98;2.92;4.1
2016;SP;;PENAPOLIS;3511904;0;0;0;96.06;3.94;0;94.04;5.96;0
2016;SP;;PENAPOLIS;3527702;0;0;0;96.91;3.09;0;97.3;2.7;0
2016;SP;;PENAPOLIS;3537305;99.6;0.4;0;94.12;5.57;0.31;90.76;8.4;0.84
2016;SP;;PENAPOLIS;3548401;0;0;0;100;0;0;98.66;1.34;0
2016;SP;;PINDAMONHANGABA;3509700;0;0;0;0;0;0;74.97;14.63;10.4
2016;SP;;PINDAMONHANGABA;3538006;0;0;0;95.69;2.63;1.68;87.75;7.86;4.39
2016;SP;;PINDAMONHANGABA;3548203;0;0;0;0;0;0;93.56;2.37;4.07
2016;SP;;PINDAMONHANGABA;3548609;0;0;0;96.34;2.5;1.16;87.07;8.33;4.6
2016;SP;;PINDAMONHANGABA;3554805;0;0;0;0;0;0;89;6.96;4.04
2016;SP;;PIRACICABA;3500600;0;0;0;0;0;0;96.1;3.9;0
2016;SP;;PIRACICABA;3511706;0;0;0;96.66;3.34;0;81.95;14.18;3.87
2016;SP;;PIRACICABA;3538709;99.11;0.86;0.03;95.05;3.5;1.45;87.87;8.35;3.78
2016;SP;;PIRACICABA;3545159;0;0;0;91.28;6.19;2.53;89.2;8.36;2.44
2016;SP;;PIRACICABA;3547007;0;0;0;99.36;0.32;0.32;99.58;0;0.42
2016;SP;;PIRACICABA;3550407;0;0;0;87.25;10.76;1.99;83.31;12.43;4.26
2016;SP;;PIRAJU;3515400;0;0;0;97.53;1.43;1.04;94.41;3.51;2.08
2016;SP;;PIRAJU;3528601;0;0;0;93.47;2.03;4.5;82.41;7.93;9.66
2016;SP;;PIRAJU;3533809;0;0;0;96.53;2.08;1.39;88.89;5.56;5.55
2016;SP;;PIRAJU;3538808;0;0;0;97.27;1.9;0.83;94.05;3.52;2.43
2016;SP;;PIRAJU;3551207;0;0;0;93.99;3.28;2.73;84.68;4.84;10.48
2016;SP;;PIRAJU;3553005;0;0;0;96.57;3.26;0.17;94.92;5.08;0
2016;SP;;PIRAJU;3554201;0;0;0;94.86;1.58;3.56;93;1.23;5.77
2016;SP;;PIRAJU;3554607;0;0;0;92.62;6.56;0.82;93.62;2.13;4.25
2016;SP;;PIRASSUNUNGA;3502002;0;0;0;0;0;0;92.86;5.71;1.43
2016;SP;;PIRASSUNUNGA;3503307;99.24;0.67;0.09;96.65;2.21;1.14;89.98;6.81;3.21
2016;SP;;PIRASSUNUNGA;3526704;0;0;0;96.09;2.66;1.25;89.24;6.51;4.25
2016;SP;;PIRASSUNUNGA;3539301;0;0;0;95.01;4.48;0.51;87.24;11.24;1.52
2016;SP;;PIRASSUNUNGA;3540705;0;0;0;84.7;10.68;4.62;71.31;21.38;7.31
2016;SP;;PIRASSUNUNGA;3546207;0;0;0;97.86;1.6;0.54;92.11;4.61;3.28
2016;SP;;PIRASSUNUNGA;3546306;0;0;0;92.02;5.84;2.14;85.74;7.04;7.22
2016;SP;;PIRASSUNUNGA;3547502;0;0;0;89.05;9.65;1.3;80.81;13.38;5.81
2016;SP;;PRESIDENTE PRUDENTE;3500808;98.2;1.8;0;94.62;4.3;1.08;76.06;17.61;6.33
2016;SP;;PRESIDENTE PRUDENTE;3501301;0;0;0;0;0;0;77.11;19.58;3.31
2016;SP;;PRESIDENTE PRUDENTE;3502408;0;0;0;93.1;6.4;0.5;92.13;7.09;0.78
2016;SP;;PRESIDENTE PRUDENTE;3508900;0;0;0;95.31;0.78;3.91;91.39;3.31;5.3
2016;SP;;PRESIDENTE PRUDENTE;3520608;0;0;0;94.71;5.29;0;98.24;0.59;1.17
2016;SP;;PRESIDENTE PRUDENTE;3529203;0;0;0;94.16;5.84;0;90.03;9.97;0
2016;SP;;PRESIDENTE PRUDENTE;3539202;0;0;0;93.45;6.09;0.46;88.06;11.02;0.92
2016;SP;;PRESIDENTE PRUDENTE;3541406;0;0;0;89.12;8.86;2.02;81.7;15.37;2.93
2016;SP;;PRESIDENTE PRUDENTE;3542404;0;0;0;93.34;5.89;0.77;88.14;11.68;0.18
2016;SP;;PRESIDENTE PRUDENTE;3548302;0;0;0;95.59;2.94;1.47;91.41;4.69;3.9
2016;SP;;PRESIDENTE PRUDENTE;3552908;0;0;0;94.93;5.07;0;86.38;8.09;5.53
2016;SP;;REGISTRO;3505401;0;0;0;92.33;3.66;4.01;85.96;4.6;9.44
2016;SP;;REGISTRO;3509254;0;0;0;93.51;5.22;1.27;90.59;7.8;1.61
2016;SP;;REGISTRO;3509908;100;0;0;90.73;8.28;0.99;83.12;12.38;4.5
2016;SP;;REGISTRO;3514809;100;0;0;94.75;4.55;0.7;87.47;10.61;1.92
2016;SP;;REGISTRO;3524600;0;0;0;97.52;1.51;0.97;96.13;3.87;0
2016;SP;;REGISTRO;3536208;100;0;0;99.15;0.64;0.21;87.02;11.89;1.09
2016;SP;;REGISTRO;3542602;100;0;0;95.68;2.82;1.5;85.65;10.23;4.12
2016;SP;;REGISTRO;3551801;100;0;0;95.1;4.25;0.65;92.05;3.89;4.06
2016;SP;;RIBEIRAO PRETO;3501004;0;0;0;100;0;0;89.06;2.45;8.49
2016;SP;;RIBEIRAO PRETO;3505906;98.37;1.63;0;92.39;5.8;1.81;85.42;8.61;5.97
2016;SP;;RIBEIRAO PRETO;3507803;0;0;0;88.37;5.58;6.05;80.27;7.65;12.08
2016;SP;;RIBEIRAO PRETO;3509403;0;0;0;94.99;2.56;2.45;93.3;3.3;3.4
2016;SP;;RIBEIRAO PRETO;3510906;0;0;0;0;0;0;97.73;1.52;0.75
2016;SP;;RIBEIRAO PRETO;3513108;0;0;0;86.03;10.85;3.12;82.56;13.47;3.97
2016;SP;;RIBEIRAO PRETO;3527603;0;0;0;0;0;0;84.44;10.3;5.26
2016;SP;;RIBEIRAO PRETO;3543402;96.5;3.04;0.46;86.58;10.3;3.12;77.86;16.69;5.45
2016;SP;;RIBEIRAO PRETO;3546256;0;0;0;0;0;0;99.03;0.97;0
2016;SP;;RIBEIRAO PRETO;3547601;0;0;0;92.46;6.2;1.34;72.95;16.87;10.18
2016;SP;;RIBEIRAO PRETO;3547908;0;0;0;97.5;2.5;0;93.69;5.86;0.45
2016;SP;;RIBEIRAO PRETO;3550902;96.95;3.05;0;84.04;12.59;3.37;80.85;12.77;6.38
2016;SP;;RIBEIRAO PRETO;3551405;0;0;0;87.87;8.97;3.16;80.81;12.21;6.98
2016;SP;;RIBEIRAO PRETO;3551504;0;0;0;86.77;9.13;4.1;74.79;16.32;8.89
2016;SP;;SANTO ANASTACIO;3509106;0;0;0;95.58;2.81;1.61;83.51;8.25;8.24
2016;SP;;SANTO ANASTACIO;3515129;0;0;0;0;0;0;93;3;4
2016;SP;;SANTO ANASTACIO;3528700;0;0;0;98.5;0;1.5;92.62;5.74;1.64
2016;SP;;SANTO ANASTACIO;3538303;0;0;0;94.62;3.76;1.62;80.23;13.95;5.82
2016;SP;;SANTO ANASTACIO;3541208;0;0;0;0;0;0;94.62;2.93;2.45
2016;SP;;SANTO ANASTACIO;3541307;98.94;0.98;0.08;97.66;2.16;0.18;91.3;8.7;0
2016;SP;;SANTO ANASTACIO;3541505;0;0;0;90.26;8.31;1.43;78.85;15.38;5.77
2016;SP;;SANTO ANASTACIO;3543238;0;0;0;95.45;1.14;3.41;96.15;3.85;0
2016;SP;;SANTO ANASTACIO;3547700;0;0;0;88.6;9.15;2.25;86.89;10.14;2.97
2016;SP;;SANTO ANDRE;3547809;98.62;1.31;0.07;93.22;6.33;0.45;82.87;15.31;1.82
2016;SP;;SANTOS;3506359;0;0;0;88.6;10.4;1;85.37;12.37;2.26
2016;SP;;SANTOS;3513504;98.35;1.49;0.16;88.64;10.76;0.6;77.46;18.94;3.6
2016;SP;;SANTOS;3518701;98.55;1.34;0.11;88.76;9.46;1.78;83.97;12.82;3.21
2016;SP;;SANTOS;3548500;98.91;1.09;0;90.28;9.17;0.55;83.3;15.2;1.5
2016;SP;;SAO BERNARDO DO CAMPO;3548708;0;0;0;91.51;6.91;1.58;82.93;13.67;3.4
2016;SP;;SAO BERNARDO DO CAMPO;3548807;0;0;0;94.65;5.26;0.09;82.66;15.6;1.74
2016;SP;;SAO CARLOS;3512704;0;0;0;0;0;0;97.21;2.79;0
2016;SP;;SAO CARLOS;3513702;0;0;0;0;0;0;86.31;13.58;0.11
2016;SP;;SAO CARLOS;3514304;0;0;0;98.26;1.16;0.58;92.24;3.32;4.44
2016;SP;;SAO CARLOS;3519303;0;0;0;95.8;3.82;0.38;87.83;10.58;1.59
2016;SP;;SAO CARLOS;3523602;0;0;0;95.81;4.19;0;91.73;8.27;0
2016;SP;;SAO CARLOS;3542909;0;0;0;90.7;8.53;0.77;72.38;23.98;3.64
2016;SP;;SAO CARLOS;3548906;99.65;0.34;0.01;96.76;3.01;0.23;85.87;13.39;0.74
2016;SP;;SAO JOAO DA BOA VISTA;3500303;99.6;0.4;0;89.56;9.87;0.57;83.97;14.97;1.06
2016;SP;;SAO JOAO DA BOA VISTA;3500402;0;0;0;98.89;1.11;0;97.33;2.67;0
2016;SP;;SAO JOAO DA BOA VISTA;3508702;100;0;0;97.21;2.15;0.64;91.83;5.82;2.35
2016;SP;;SAO JOAO DA BOA VISTA;3510807;98.33;1.67;0;95.61;2.2;2.19;90.91;5.29;3.8
2016;SP;;SAO JOAO DA BOA VISTA;3513900;0;0;0;95.58;2.01;2.41;92.03;4.11;3.86
2016;SP;;SAO JOAO DA BOA VISTA;3515186;97.15;2.73;0.12;91;8.08;0.92;84.71;12.95;2.34
2016;SP;;SAO JOAO DA BOA VISTA;3523800;100;0;0;85.76;9.09;5.15;76.08;13.4;10.52
2016;SP;;SAO JOAO DA BOA VISTA;3530508;99.31;0.69;0;94.92;4.51;0.57;87.76;10.39;1.85
2016;SP;;SAO JOAO DA BOA VISTA;3548104;100;0;0;98.7;1.3;0;94.3;5.7;0
2016;SP;;SAO JOAO DA BOA VISTA;3549102;0;0;0;92.73;5.74;1.53;86.51;10.49;3
2016;SP;;SAO JOAO DA BOA VISTA;3549706;98.28;1.72;0;94.26;4.4;1.34;82.87;12.72;4.41
2016;SP;;SAO JOAO DA BOA VISTA;3550803;0;0;0;98.38;1.42;0.2;92.68;5.79;1.53
2016;SP;;SAO JOAO DA BOA VISTA;3553302;0;0;0;94.49;4.27;1.24;85.46;7.27;7.27
2016;SP;;SAO JOAO DA BOA VISTA;3553609;0;0;0;92.23;6.74;1.03;87.68;9.09;3.23
2016;SP;;SAO JOAO DA BOA VISTA;3556404;0;0;0;91.37;7.41;1.22;86.97;9.87;3.16
2016;SP;;SAO JOAQUIM DA BARRA;3503000;0;0;0;99.68;0.32;0;100;0;0
2016;SP;;SAO JOAQUIM DA BARRA;3508207;0;0;0;0;0;0;100;0;0
2016;SP;;SAO JOAQUIM DA BARRA;3517703;0;0;0;0;0;0;87.62;7.05;5.33
2016;SP;;SAO JOAQUIM DA BARRA;3520103;0;0;0;0;0;0;80.4;19.6;0
2016;SP;;SAO JOAQUIM DA BARRA;3521309;0;0;0;0;0;0;99.02;0.98;0
2016;SP;;SAO JOAQUIM DA BARRA;3524105;0;0;0;0;0;0;80.57;16.25;3.18
2016;SP;;SAO JOAQUIM DA BARRA;3529708;0;0;0;0;0;0;96.97;3.03;0
2016;SP;;SAO JOAQUIM DA BARRA;3531902;0;0;0;91.4;8.6;0;93.8;6.2;0
2016;SP;;SAO JOAQUIM DA BARRA;3533601;0;0;0;0;0;0;100;0;0
2016;SP;;SAO JOAQUIM DA BARRA;3534302;0;0;0;0;0;0;83.22;13.83;2.95
2016;SP;;SAO JOAQUIM DA BARRA;3544905;0;0;0;94.16;5.35;0.49;87.04;11.3;1.66
2016;SP;;SAO JOAQUIM DA BARRA;3549409;98.24;1.71;0.05;96.44;2.89;0.67;85.65;13;1.35
2016;SP;;SAO JOSE DO RIO PRETO;3504602;0;0;0;85.05;13.59;1.36;74.92;20.46;4.62
2016;SP;;SAO JOSE DO RIO PRETO;3511300;0;0;0;0;0;0;96.67;2.08;1.25
2016;SP;;SAO JOSE DO RIO PRETO;3517505;0;0;0;0;0;0;79.92;12.88;7.2
2016;SP;;SAO JOSE DO RIO PRETO;3519402;0;0;0;0;0;0;93.73;6.27;0
2016;SP;;SAO JOSE DO RIO PRETO;3519808;0;0;0;0;0;0;92.13;6.89;0.98
2016;SP;;SAO JOSE DO RIO PRETO;3521150;0;0;0;98.56;1.44;0;98.29;1.71;0
2016;SP;;SAO JOSE DO RIO PRETO;3530409;0;0;0;87.05;11.16;1.79;79.03;18.55;2.42
2016;SP;;SAO JOSE DO RIO PRETO;3533007;0;0;0;90.76;7.16;2.08;77.93;15.77;6.3
2016;SP;;SAO JOSE DO RIO PRETO;3534005;0;0;0;98.34;1.66;0;88.64;11.36;0
2016;SP;;SAO JOSE DO RIO PRETO;3534203;0;0;0;0;0;0;100;0;0
2016;SP;;SAO JOSE DO RIO PRETO;3535002;0;0;0;0;0;0;91.22;8.51;0.27
2016;SP;;SAO JOSE DO RIO PRETO;3540804;0;0;0;0;0;0;92.43;7.11;0.46
2016;SP;;SAO JOSE DO RIO PRETO;3549805;100;0;0;93.63;5.77;0.6;86.76;11.46;1.78
2016;SP;;SAO JOSE DO RIO PRETO;3555604;0;0;0;0;0;0;95.3;4.7;0
2016;SP;;SAO JOSE DOS CAMPOS;3531704;0;0;0;90.22;8.7;1.08;83.85;10.94;5.21
2016;SP;;SAO JOSE DOS CAMPOS;3549904;98.21;1.68;0.11;91.95;7.42;0.63;84.65;13.65;1.7
2016;SP;;SAO ROQUE;3501152;0;0;0;0;0;0;98.29;1.71;0
2016;SP;;SAO ROQUE;3502754;0;0;0;0;0;0;87.64;12.36;0
2016;SP;;SAO ROQUE;3519709;100;0;0;96.27;3.54;0.19;92.93;6.03;1.04
2016;SP;;SAO ROQUE;3528403;0;0;0;0;0;0;95.38;4.23;0.39
2016;SP;;SAO ROQUE;3550605;0;0;0;0;0;0;88.58;7.1;4.32
2016;SP;;SAO ROQUE;3556453;0;0;0;94.41;5.29;0.3;88.49;10.4;1.11
2016;SP;;SAO VICENTE;3522109;72.22;0;27.78;89.33;8.66;2.01;83.65;11.18;5.17
2016;SP;;SAO VICENTE;3531100;93.62;4.26;2.12;77.03;4.05;18.92;84.45;15.3;0.25
2016;SP;;SAO VICENTE;3537602;92;8;0;93.39;4.84;1.77;83.95;11.58;4.47
2016;SP;;SAO VICENTE;3541000;100;0;0;90.76;7.15;2.09;84.55;13.02;2.43
2016;SP;;SAO VICENTE;3551009;93.37;6.63;0;89.86;9.21;0.93;80.81;15.38;3.81
2016;SP;;SERTAOZINHO;3505609;0;0;0;0;0;0;94.65;2.55;2.8
2016;SP;;SERTAOZINHO;3514601;0;0;0;0;0;0;99.11;0.89;0
2016;SP;;SERTAOZINHO;3525102;0;0;0;0;0;0;82.71;1.25;16.04
2016;SP;;SERTAOZINHO;3539509;0;0;0;96.99;1.05;1.96;93.04;2.89;4.07
2016;SP;;SERTAOZINHO;3540200;100;0;0;98.25;1.46;0.29;95.23;2.88;1.89
2016;SP;;SERTAOZINHO;3551702;77.78;22.22;0;96.31;2.21;1.48;93;4.24;2.76
2016;SP;;SERTAOZINHO;3554409;0;0;0;0;0;0;89.43;5.29;5.28
2016;SP;;SERTAOZINHO;3556800;0;0;0;100;0;0;99.3;0.7;0
2016;SP;;SOROCABA;3552205;99.48;0.45;0.07;95.51;3.54;0.95;89.94;8.33;1.73
2016;SP;;SUL 1;3550308;98.43;1.3;0.27;87.22;10.57;2.21;78.88;17.46;3.66
2016;SP;;SUL 2;3550308;98.22;1.12;0.66;89.87;7.02;3.11;81.12;14.31;4.57
2016;SP;;SUL 3;3550308;97.17;2.19;0.64;83.57;13.6;2.83;75.4;18.69;5.91
2016;SP;;SUMARE;3519071;98.11;1.89;0;92.41;6.32;1.27;87.13;10.72;2.15
2016;SP;;SUMARE;3536505;0;0;0;96.77;3.03;0.2;86.21;12.39;1.4
2016;SP;;SUMARE;3552403;98.86;0.99;0.15;94.69;4.55;0.76;90.22;7.72;2.06
2016;SP;;SUZANO;3515707;66.67;16.67;16.66;90.92;7.23;1.85;82.6;12.92;4.48
2016;SP;;SUZANO;3552502;98.96;0.87;0.17;94.94;4.17;0.89;86.04;10.4;3.56
2016;SP;;TABOAO DA SERRA;3515004;98.25;1.65;0.1;87.84;10.47;1.69;80.54;15.26;4.2
2016;SP;;TABOAO DA SERRA;3552809;98.74;1.26;0;91.05;7.95;1;85.89;11.76;2.35
2016;SP;;TAQUARITINGA;3507407;99.33;0.67;0;99.16;0.84;0;97.93;2.07;0
2016;SP;;TAQUARITINGA;3510104;0;0;0;0;0;0;100;0;0
2016;SP;;TAQUARITINGA;3514007;99.78;0.22;0;100;0;0;100;0;0
2016;SP;;TAQUARITINGA;3515608;0;0;0;0;0;0;97.13;1.15;1.72
2016;SP;;TAQUARITINGA;3519600;99.23;0.77;0;96.05;3.02;0.93;91.47;7.79;0.74
2016;SP;;TAQUARITINGA;3522703;99.47;0.3;0.23;97.85;1.15;1;90.58;6.45;2.97
2016;SP;;TAQUARITINGA;3539004;0;0;0;100;0;0;100;0;0
2016;SP;;TAQUARITINGA;3546504;0;0;0;100;0;0;99.59;0.41;0
2016;SP;;TAQUARITINGA;3552700;99.11;0.89;0;95.46;3.46;1.08;91.05;3.5;5.45
2016;SP;;TAQUARITINGA;3553708;33.33;66.67;0;98.03;1.92;0.05;97.34;2.6;0.06
2016;SP;;TAQUARITINGA;3556909;0;0;0;100;0;0;100;0;0
2016;SP;;TAUBATE;3508504;0;0;0;93.26;5.18;1.56;87.86;8.09;4.05
2016;SP;;TAUBATE;3524907;0;0;0;0;0;0;91.34;8.66;0
2016;SP;;TAUBATE;3526308;0;0;0;91.35;8.65;0;92.31;6.07;1.62
2016;SP;;TAUBATE;3532306;0;0;0;98.41;1.59;0;91.98;6.17;1.85
2016;SP;;TAUBATE;3535606;0;0;0;94.31;3.11;2.58;74.58;17.51;7.91
2016;SP;;TAUBATE;3542305;0;0;0;97.24;1.84;0.92;93.3;4.47;2.23
2016;SP;;TAUBATE;;0;0;0;0;0;0;93.53;1.67;4.8
2016;SP;;TAUBATE;3554102;50;50;0;95.63;4.06;0.31;91.3;5.64;3.06
2016;SP;;TUPA;3503356;100;0;0;100;0;0;98.61;1.39;0
2016;SP;;TUPA;3505807;97.22;2.78;0;97.68;1.3;1.02;91.01;6.16;2.83
2016;SP;;TUPA;3519006;97;3;0;95.23;3.86;0.91;88.75;7.29;3.96
2016;SP;;TUPA;3519204;97.52;2.48;0;95.13;4.12;0.75;91.24;7.22;1.54
2016;SP;;TUPA;3525607;0;0;0;94.59;4.5;0.91;92.5;5.63;1.87
2016;SP;;TUPA;3536000;0;0;0;94.51;2.32;3.17;93.35;1.81;4.84
2016;SP;;TUPA;3541703;0;0;0;93.23;5.64;1.13;96.49;2.88;0.63
2016;SP;;TUPA;3541802;0;0;0;98.94;0;1.06;89.86;7.25;2.89
2016;SP;;TUPA;3542008;0;0;0;94.06;5.24;0.7;88.55;6.61;4.84
2016;SP;;TUPA;3542206;100;0;0;96.64;3.14;0.22;84.36;11.76;3.88
2016;SP;;TUPA;3543808;96.51;3.49;0;95.67;3.13;1.2;80.41;9.62;9.97
2016;SP;;TUPA;3555000;96.87;3.13;0;92.8;3.96;3.24;84.76;6.88;8.36
2016;SP;;VOTORANTIM;3502903;0;0;0;0;0;0;96.15;0.75;3.1
2016;SP;;VOTORANTIM;3510302;0;0;0;0;0;0;86.68;6.6;6.72
2016;SP;;VOTORANTIM;3537800;0;0;0;95.84;2.16;2;90.45;4.75;4.8
2016;SP;;VOTORANTIM;3537909;0;0;0;96.65;1.55;1.8;92.04;3.94;4.02
2016;SP;;VOTORANTIM;3545308;100;0;0;95.98;2.35;1.67;91.27;5.44;3.29
2016;SP;;VOTORANTIM;3553500;0;0;0;95.21;3.07;1.72;94.37;1.79;3.84
2016;SP;;VOTORANTIM;3557006;0;0;0;96.14;1.91;1.95;91.36;5.28;3.36
2016;SP;;VOTUPORANGA;3501202;0;0;0;99.06;0.94;0;99.16;0.84;0
2016;SP;;VOTUPORANGA;3501806;0;0;0;94.23;4.81;0.96;97.13;2.3;0.57
2016;SP;;VOTUPORANGA;3510708;100;0;0;96.75;2.53;0.72;93.81;4.64;1.55
2016;SP;;VOTUPORANGA;3512902;0;0;0;94.89;1.7;3.41;88.94;3.23;7.83
2016;SP;;VOTUPORANGA;3515905;0;0;0;99.17;0.83;0;90.29;4.85;4.86
2016;SP;;VOTUPORANGA;3516804;98.48;1.52;0;96.72;3.28;0;98.31;1.69;0
2016;SP;;VOTUPORANGA;3528106;99.04;0.64;0.32;98.22;1.78;0;96.85;1.35;1.8
2016;SP;;VOTUPORANGA;3531001;100;0;0;97.85;2.15;0;98.81;1.19;0
2016;SP;;VOTUPORANGA;3532603;100;0;0;97.61;0.6;1.79;94.58;0.83;4.59
2016;SP;;VOTUPORANGA;3532868;0;0;0;98.31;1.69;0;94.44;0;5.56
2016;SP;;VOTUPORANGA;3533304;0;0;0;95.26;3.68;1.06;95.28;2.83;1.89
2016;SP;;VOTUPORANGA;3536257;0;0;0;98.45;1.55;0;100;0;0
2016;SP;;VOTUPORANGA;3536604;0;0;0;99.15;0.85;0;98.19;1.81;0
2016;SP;;VOTUPORANGA;3540309;0;0;0;88.04;9.78;2.18;83.54;15.19;1.27
2016;SP;;VOTUPORANGA;3544202;0;0;0;98.57;1.43;0;89.32;10.68;0
2016;SP;;VOTUPORANGA;3551306;0;0;0;93.22;6.78;0;91;9;0
2016;SP;;VOTUPORANGA;3556107;0;0;0;97.82;1.85;0.33;95.18;2.89;1.93
2016;SP;;VOTUPORANGA;3557105;0;0;0;94.61;3.98;1.41;83.97;12.32;3.71
2017;SP;;ADAMANTINA;3500105;0;0;0;94.94;5.06;0;87.52;12.48;0
2017;SP;;ADAMANTINA;3514403;0;0;0;94.21;4.18;1.61;90.81;5.64;3.55
2017;SP;;ADAMANTINA;3515806;0;0;0;0;0;0;100;0;0
2017;SP;;ADAMANTINA;3516002;0;0;0;90.13;9.87;0;88.07;11.58;0.35
2017;SP;;ADAMANTINA;3520806;0;0;0;96.15;3.85;0;90.91;6.61;2.48
2017;SP;;ADAMANTINA;3521606;0;0;0;81.62;18.38;0;79.25;20.75;0
2017;SP;;ADAMANTINA;3526001;0;0;0;95.72;4.28;0;92.61;7.39;0
2017;SP;;ADAMANTINA;3527405;0;0;0;92.39;7.61;0;89.41;10.59;0
2017;SP;;ADAMANTINA;3528908;0;0;0;93.51;6.49;0;78.67;21.33;0
2017;SP;;ADAMANTINA;3531605;0;0;0;95.56;4.44;0;91.6;6.11;2.29
2017;SP;;ADAMANTINA;3533106;0;0;0;98.77;1.23;0;95.95;4.05;0
2017;SP;;ADAMANTINA;3534609;0;0;0;96.65;3.35;0;94.16;5.53;0.31
2017;SP;;ADAMANTINA;3534807;0;0;0;0;0;0;97.28;2.72;0
2017;SP;;ADAMANTINA;3534906;0;0;0;91.22;7.45;1.33;76.6;15.47;7.93
2017;SP;;ADAMANTINA;3535408;0;0;0;91.16;8.84;0;84.17;15.83;0
2017;SP;;ADAMANTINA;3536406;0;0;0;96.37;3.63;0;91.88;8.12;0
2017;SP;;ADAMANTINA;3540853;0;0;0;100;0;0;98.04;1.96;0
2017;SP;;ADAMANTINA;3544707;0;0;0;100;0;0;94.25;2.3;3.45
2017;SP;;ADAMANTINA;3545100;0;0;0;93.68;6.32;0;88.05;10.06;1.89
2017;SP;;ADAMANTINA;3547106;0;0;0;90.96;9.04;0;93.69;6.31;0
2017;SP;;ADAMANTINA;3549300;0;0;0;100;0;0;100;0;0
2017;SP;;ADAMANTINA;3555109;0;0;0;0;0;0;92.39;7.61;0
2017;SP;;AMERICANA;3501608;98.77;1.1;0.13;94.07;4.72;1.21;87.07;10.62;2.31
2017;SP;;AMERICANA;3533403;0;0;0;98.12;1.22;0.66;93.61;4.36;2.03
2017;SP;;AMERICANA;3545803;98.72;1.21;0.07;94.51;4.41;1.08;88.78;7.73;3.49
2017;SP;;ANDRADINA;3502101;0;0;0;95.96;3.29;0.75;93.19;5.26;1.55
2017;SP;;ANDRADINA;3511003;0;0;0;96.42;2.43;1.15;92.44;4.36;3.2
2017;SP;;ANDRADINA;3517802;0;0;0;95.64;2.18;2.18;88.66;6.72;4.62
2017;SP;;ANDRADINA;3520442;0;0;0;98.66;0.85;0.49;97;2.81;0.19
2017;SP;;ANDRADINA;3523008;0;0;0;100;0;0;90.8;5.75;3.45
2017;SP;;ANDRADINA;3526506;0;0;0;0;0;0;95.29;3.14;1.57
2017;SP;;ANDRADINA;3530102;0;0;0;98.8;0.84;0.36;99.28;0.36;0.36
2017;SP;;ANDRADINA;3532108;0;0;0;92.57;6.86;0.57;97.76;2.24;0
2017;SP;;ANDRADINA;3533205;0;0;0;0;0;0;95.12;4.88;0
2017;SP;;ANDRADINA;3537404;0;0;0;97.27;2.63;0.1;94.29;4.32;1.39
2017;SP;;ANDRADINA;3552304;0;0;0;0;0;0;94.98;3.94;1.08
2017;SP;;APIAI;3502705;99.52;0.48;0;98.82;0.97;0.21;97.19;2.53;0.28
2017;SP;;APIAI;3505351;0;0;0;91.74;7.12;1.14;82.08;11.11;6.81
2017;SP;;APIAI;3517604;100;0;0;98.78;1.22;0;96.19;3.81;0
2017;SP;;APIAI;3521200;0;0;0;98.82;1.18;0;95.51;4.49;0
2017;SP;;APIAI;3522158;99.44;0.56;0;99.1;0;0.9;99.44;0.56;0
2017;SP;;APIAI;3522653;0;0;0;97.02;2.32;0.66;96.65;2.93;0.42
2017;SP;;APIAI;3542800;100;0;0;99.26;0.74;0;99.49;0.51;0
2017;SP;;APIAI;3543006;0;0;0;98.76;0.62;0.62;97.76;2.02;0.22
2017;SP;;ARACATUBA;3502804;83.33;16.67;0;96.53;2.62;0.85;90.95;6.4;2.65
2017;SP;;ARACATUBA;3506201;0;0;0;100;0;0;100;0;0
2017;SP;;ARACATUBA;3518206;0;0;0;96.21;2.59;1.2;93.67;4.42;1.91
2017;SP;;ARACATUBA;3544400;0;0;0;96.9;2.33;0.77;98.06;0.97;0.97
2017;SP;;ARACATUBA;3548054;0;0;0;0;0;0;99.25;0.75;0
2017;SP;;ARACATUBA;3556305;0;0;0;99.57;0.43;0;98.87;0.97;0.16
2017;SP;;ARARAQUARA;3501707;0;0;0;94.92;2.86;2.22;84.39;8.24;7.37
2017;SP;;ARARAQUARA;3503208;99.85;0.09;0.06;94.59;5.29;0.12;88.98;10.1;0.92
2017;SP;;ARARAQUARA;3506706;0;0;0;0;0;0;74.95;11.58;13.47
2017;SP;;ARARAQUARA;3516853;0;0;0;88.85;8.08;3.07;82.02;15.17;2.81
2017;SP;;ARARAQUARA;3529302;99.66;0.34;0;97.9;1.69;0.41;94.82;4.37;0.81
2017;SP;;ARARAQUARA;3532058;0;0;0;0;0;0;98.44;1.56;0
2017;SP;;ARARAQUARA;3532900;0;0;0;0;0;0;97.38;2.62;0
2017;SP;;ARARAQUARA;3543709;0;0;0;83.51;14.69;1.8;79.78;12.36;7.86
2017;SP;;ARARAQUARA;3546900;0;0;0;99.65;0.35;0;94.26;5.74;0
2017;SP;;ARARAQUARA;3554755;0;0;0;0;0;0;85.87;14.13;0
2017;SP;;ASSIS;3504008;0;0;0;91.63;7.35;1.02;86.81;10.33;2.86
2017;SP;;ASSIS;3507209;0;0;0;98.15;1.85;0;100;0;0
2017;SP;;ASSIS;3510005;100;0;0;97.04;2.22;0.74;91.43;4.36;4.21
2017;SP;;ASSIS;3513306;100;0;0;98.72;1.28;0;98.61;0;1.39
2017;SP;;ASSIS;;98.7;1.3;0;87.27;9.7;3.03;93.64;5.45;0.91
2017;SP;;ASSIS;3519907;0;0;0;97.59;1.6;0.81;93.69;5.65;0.66
2017;SP;;ASSIS;3527900;0;0;0;96.49;3.51;0;91.74;8.26;0
2017;SP;;ASSIS;3528809;0;0;0;97.03;1.62;1.35;95.52;1.96;2.52
2017;SP;;ASSIS;3532157;0;0;0;100;0;0;98.4;1.6;0
2017;SP;;ASSIS;3535309;0;0;0;89.74;9.08;1.18;83.49;14.84;1.67
2017;SP;;ASSIS;3535507;0;0;0;97.67;2.33;0;87.79;10.47;1.74
2017;SP;;ASSIS;3537156;0;0;0;100;0;0;95.69;2.59;1.72
2017;SP;;ASSIS;3539707;0;0;0;90.4;9.6;0;81.65;18.35;0
2017;SP;;ASSIS;3553955;0;0;0;91.38;6.19;2.43;78.57;17.86;3.57
2017;SP;;AVARE;3500550;0;0;0;97.37;1.75;0.88;90.43;4.26;5.31
2017;SP;;AVARE;3503109;0;0;0;95.15;2.7;2.15;89.67;5.98;4.35
2017;SP;;AVARE;3504503;0;0;0;94.95;3.3;1.75;81.07;10.7;8.23
2017;SP;;AVARE;3511409;100;0;0;92.94;3.57;3.49;86.5;5.77;7.73
2017;SP;;AVARE;3519253;70;30;0;92.02;7.98;0;92.1;4.63;3.27
2017;SP;;AVARE;3521804;0;0;0;93.72;4.83;1.45;87.2;11.95;0.85
2017;SP;;AVARE;3553807;0;0;0;95.99;3.51;0.5;90.79;5.28;3.93
2017;SP;;BARRETOS;3500907;0;0;0;97.92;1.56;0.52;90.84;4.58;4.58
2017;SP;;BARRETOS;3505500;0;0;0;98.48;1.21;0.31;93.17;5.7;1.13
2017;SP;;BARRETOS;3512001;0;0;0;0;0;0;90.22;7.78;2
2017;SP;;BARRETOS;3512100;0;0;0;0;0;0;94.58;3.33;2.09
2017;SP;;BARRETOS;3517406;0;0;0;97.32;1.75;0.93;90.41;4.06;5.53
2017;SP;;BARRETOS;3517901;0;0;0;0;0;0;100;0;0
2017;SP;;BARRETOS;3524204;0;0;0;0;0;0;97.79;2.21;0
2017;SP;;BARRETOS;3533908;0;0;0;98.71;1.09;0.2;96.65;2.73;0.62
2017;SP;;BARRETOS;3551900;0;0;0;0;0;0;88.34;11.45;0.21
2017;SP;;BAURU;3500709;0;0;0;93.53;5.54;0.93;86.99;10.44;2.57
2017;SP;;BAURU;3503406;0;0;0;94.43;5.06;0.51;93.25;5.56;1.19
2017;SP;;BAURU;3504305;100;0;0;97.47;2.11;0.42;94.71;5.29;0
2017;SP;;BAURU;3504701;0;0;0;100;0;0;100;0;0
2017;SP;;BAURU;3506003;97.99;1.82;0.19;92.01;5.8;2.19;84.34;11.27;4.39
2017;SP;;BAURU;3508306;0;0;0;87.7;8.61;3.69;83.69;5.67;10.64
2017;SP;;BAURU;3514502;0;0;0;96.88;2.23;0.89;87.66;5.54;6.8
2017;SP;;BAURU;3519105;0;0;0;85;10;5;94.57;4.29;1.14
2017;SP;;BAURU;3526803;0;0;0;92.69;6.61;0.7;88.51;9.2;2.29
2017;SP;;BAURU;3527504;0;0;0;99.06;0;0.94;93.6;3.2;3.2
2017;SP;;BAURU;3536570;0;0;0;100;0;0;95.24;1.59;3.17
2017;SP;;BAURU;3538907;0;0;0;98.58;0.12;1.3;97.49;0.14;2.37
2017;SP;;BAURU;3539400;0;0;0;92.58;7.42;0;80.53;18.99;0.48
2017;SP;;BAURU;3541109;99.6;0.4;0;99.42;0.58;0;94.93;1.45;3.62
2017;SP;;BAURU;3542503;0;0;0;98.35;0.83;0.82;98.91;1.09;0
2017;SP;;BAURU;3555505;0;0;0;96.03;3.97;0;77.04;22.96;0
2017;SP;;BIRIGUI;3506409;0;0;0;96.32;3.01;0.67;88.67;7.33;4
2017;SP;;BIRIGUI;3506508;0;0;0;96.81;2.29;0.9;87.96;6.98;5.06
2017;SP;;BIRIGUI;3507753;0;0;0;95.95;2.89;1.16;87.23;12.06;0.71
2017;SP;;BIRIGUI;3508108;0;0;0;98.85;0.87;0.28;98.04;1.77;0.19
2017;SP;;BIRIGUI;3512506;0;0;0;96.44;1.58;1.98;93.63;2.55;3.82
2017;SP;;BIRIGUI;3516507;0;0;0;100;0;0;100;0;0
2017;SP;;BIRIGUI;3517109;0;0;0;91.79;8.21;0;85.5;13.74;0.76
2017;SP;;BIRIGUI;3527256;0;0;0;98.08;1.92;0;96.05;3.95;0
2017;SP;;BIRIGUI;3537701;0;0;0;94.98;2.93;2.09;94.69;1.33;3.98
2017;SP;;BIRIGUI;3555208;0;0;0;100;0;0;96.88;0;3.12
2017;SP;;BOTUCATU;3502309;0;0;0;0;0;0;81.86;11.06;7.08
2017;SP;;BOTUCATU;3503604;0;0;0;0;0;0;91.1;5.64;3.26
2017;SP;;BOTUCATU;3506904;0;0;0;98.53;1.47;0;70.27;29.39;0.34
2017;SP;;BOTUCATU;3507506;66.67;33.33;0;90.62;5.76;3.62;83.93;10.57;5.5
2017;SP;;BOTUCATU;3511607;0;0;0;0;0;0;86.4;7.73;5.87
2017;SP;;BOTUCATU;3512308;100;0;0;97.28;2.04;0.68;87.8;8.63;3.57
2017;SP;;BOTUCATU;3523503;0;0;0;96.4;2.91;0.69;88.74;6.8;4.46
2017;SP;;BOTUCATU;3526407;0;0;0;91.05;6.91;2.04;88.45;5.5;6.05
2017;SP;;BOTUCATU;3536109;0;0;0;0;0;0;89.27;10.73;0
2017;SP;;BOTUCATU;3537503;0;0;0;96.22;3.78;0;87.19;12.4;0.41
2017;SP;;BOTUCATU;3540507;0;0;0;92.76;7.24;0;91.73;8.27;0
2017;SP;;BOTUCATU;3541059;0;0;0;97.25;2.75;0;95.33;4.67;0
2017;SP;;BOTUCATU;3541653;0;0;0;0;0;0;100;0;0
2017;SP;;BOTUCATU;3550100;0;0;0;94.66;4.74;0.6;92.29;6.36;1.35
2017;SP;;BOTUCATU;3554656;0;0;0;97.24;2.76;0;95.35;4.65;0
2017;SP;;BRAGANCA PAULISTA;3504107;100;0;0;95.57;2.97;1.46;91.16;4.16;4.68
2017;SP;;BRAGANCA PAULISTA;3507100;0;0;0;96.75;2.95;0.3;92.73;6.42;0.85
2017;SP;;BRAGANCA PAULISTA;3507605;100;0;0;96.78;1.88;1.34;89.03;6.87;4.1
2017;SP;;BRAGANCA PAULISTA;3525508;0;0;0;0;0;0;99.08;0.92;0
2017;SP;;BRAGANCA PAULISTA;3532009;0;0;0;93.29;5.7;1.01;71.05;14.7;14.25
2017;SP;;BRAGANCA PAULISTA;3532405;97.71;2.29;0;99.01;0.44;0.55;96.33;1.32;2.35
2017;SP;;BRAGANCA PAULISTA;3536802;0;0;0;0;0;0;87.34;3.06;9.6
2017;SP;;BRAGANCA PAULISTA;3538204;0;0;0;0;0;0;91.48;3.89;4.63
2017;SP;;BRAGANCA PAULISTA;3538600;0;0;0;94.44;4.87;0.69;87.5;8.93;3.57
2017;SP;;BRAGANCA PAULISTA;3552106;100;0;0;97.71;1.63;0.66;92.1;4.53;3.37
2017;SP;;BRAGANCA PAULISTA;3554953;0;0;0;0;0;0;92.04;5.97;1.99
2017;SP;;BRAGANCA PAULISTA;3556354;0;0;0;0;0;0;84.44;12.22;3.34
2017;SP;;CAIEIRAS;3509007;99.67;0.33;0;98.18;1.68;0.14;94.63;4.33;1.04
2017;SP;;CAIEIRAS;3509205;0;0;0;94.21;5.59;0.2;92.25;6.98;0.77
2017;SP;;CAIEIRAS;3516309;100;0;0;97.2;1.88;0.92;94.72;3.28;2
2017;SP;;CAIEIRAS;3516408;99.27;0.49;0.24;97.19;2.1;0.71;93.78;4.36;1.86
2017;SP;;CAIEIRAS;3528502;0;0;0;98.57;1.15;0.28;95.77;3.56;0.67
2017;SP;;CAMPINAS LESTE;3509502;99.16;0.77;0.07;95.27;4.42;0.31;88.3;10.2;1.5
2017;SP;;CAMPINAS LESTE;3524709;0;0;0;0;0;0;90.34;9.51;0.15
2017;SP;;CAMPINAS OESTE;3509502;97.83;1.82;0.35;92.26;5.87;1.87;84.34;10.71;4.95
2017;SP;;CAMPINAS OESTE;3556206;0;0;0;94.25;4.33;1.42;88.35;7.95;3.7
2017;SP;;CAMPINAS OESTE;3556701;0;0;0;96.24;3.76;0;85.14;9.43;5.43
2017;SP;;CAPIVARI;3510401;0;0;0;93.59;4.44;1.97;83.92;8.28;7.8
2017;SP;;CAPIVARI;3514908;0;0;0;0;0;0;88.44;11.41;0.15
2017;SP;;CAPIVARI;3520509;0;0;0;96.16;2.6;1.24;89.88;6.58;3.54
2017;SP;;CAPIVARI;3530904;0;0;0;0;0;0;100;0;0
2017;SP;;CAPIVARI;3531803;0;0;0;95.73;3.86;0.41;89.97;7.76;2.27
2017;SP;;CAPIVARI;3542107;0;0;0;92;5;3;81.19;13.73;5.08
2017;SP;;CAPIVARI;3544004;0;0;0;87.23;10.37;2.4;91.83;4.21;3.96
2017;SP;;CARAGUATATUBA;3510500;0;0;0;99.72;0.11;0.17;98.63;1.19;0.18
2017;SP;;CARAGUATATUBA;3520400;0;0;0;0;0;0;98.56;1.44;0
2017;SP;;CARAGUATATUBA;3550704;0;0;0;0;0;0;97.84;2.16;0
2017;SP;;CARAGUATATUBA;3555406;90.91;0;9.09;97.7;2.05;0.25;94.51;4.95;0.54
2017;SP;;CARAPICUIBA;3510609;98.8;1.02;0.18;92.09;5.79;2.12;85.3;10.26;4.44
2017;SP;;CARAPICUIBA;3513009;100;0;0;90.49;7.1;2.41;82.3;12.93;4.77
2017;SP;;CATANDUVA;3503703;0;0;0;98.73;1.27;0;99.61;0.39;0
2017;SP;;CATANDUVA;3509304;0;0;0;0;0;0;92.48;1.88;5.64
2017;SP;;CATANDUVA;3511102;0;0;0;96.82;2.73;0.45;94.21;4.5;1.29
2017;SP;;CATANDUVA;3511201;0;0;0;96.96;2.21;0.83;96.54;1.3;2.16
2017;SP;;CATANDUVA;3514924;0;0;0;0;0;0;100;0;0
2017;SP;;CATANDUVA;3514957;0;0;0;98.25;0.88;0.87;81.36;1.69;16.95
2017;SP;;CATANDUVA;3521903;0;0;0;0;0;0;92.06;7.06;0.88
2017;SP;;CATANDUVA;3528858;0;0;0;98.51;1.49;0;91.35;0.96;7.69
2017;SP;;CATANDUVA;3533254;0;0;0;0;0;0;97.1;2.9;0
2017;SP;;CATANDUVA;3533502;0;0;0;98.56;1.44;0;96.92;2.98;0.1
2017;SP;;CATANDUVA;3535101;0;0;0;97.49;2.51;0;80.16;16.67;3.17
2017;SP;;CATANDUVA;3535705;0;0;0;0;0;0;89.22;3.59;7.19
2017;SP;;CATANDUVA;3538105;0;0;0;89.47;6.14;4.39;89.42;5.45;5.13
2017;SP;;CATANDUVA;3545605;0;0;0;99.18;0;0.82;94.66;4.85;0.49
2017;SP;;CATANDUVA;3552601;0;0;0;99.08;0;0.92;96.18;2.87;0.95
2017;SP;;CENTRO;3550308;98.93;0.81;0.26;92.01;6.71;1.28;86.78;11.23;1.99
2017;SP;;CENTRO OESTE;3550308;99.12;0.78;0.1;94.46;4.65;0.89;84.49;10.76;4.75
2017;SP;;CENTRO SUL;3550308;98.55;1.24;0.21;92.26;6.84;0.9;80.76;16.89;2.35
2017;SP;;DIADEMA;3513801;99.63;0.27;0.1;97.58;1.62;0.8;94.02;3.77;2.21
2017;SP;;FERNANDOPOLIS;3515202;0;0;0;95.18;1.98;2.84;93.43;2.53;4.04
2017;SP;;FERNANDOPOLIS;3515509;96.61;3.39;0;97.68;2.09;0.23;89.7;9.08;1.22
2017;SP;;FERNANDOPOLIS;3516903;95.92;4.08;0;100;0;0;90.13;4.94;4.93
2017;SP;;FERNANDOPOLIS;3518008;0;0;0;100;0;0;98.18;1.82;0
2017;SP;;FERNANDOPOLIS;3520707;0;0;0;93.66;5.63;0.71;75.41;24.59;0
2017;SP;;FERNANDOPOLIS;3528205;0;0;0;96.97;1.82;1.21;94.34;4.72;0.94
2017;SP;;FERNANDOPOLIS;3528304;0;0;0;98.28;0.86;0.86;87.07;4.31;8.62
2017;SP;;FERNANDOPOLIS;3529609;0;0;0;98.58;1.42;0;88.46;10.77;0.77
2017;SP;;FERNANDOPOLIS;3530003;0;0;0;96.77;3.23;0;96.91;3.09;0
2017;SP;;FERNANDOPOLIS;3534757;0;0;0;97.87;2.13;0;94.92;5.08;0
2017;SP;;FERNANDOPOLIS;3536901;0;0;0;100;0;0;100;0;0
2017;SP;;FERNANDOPOLIS;3540408;0;0;0;98.08;1.92;0;97.28;2.72;0
2017;SP;;FERNANDOPOLIS;3549201;0;0;0;100;0;0;98.68;1.32;0
2017;SP;;FERNANDOPOLIS;3549250;0;0;0;98.85;1.15;0;98.67;1.33;0
2017;SP;;FERNANDOPOLIS;3555307;0;0;0;98.84;0;1.16;92.65;2.94;4.41
2017;SP;;FRANCA;3513207;0;0;0;0;0;0;87.29;9.7;3.01
2017;SP;;FRANCA;3516200;97.76;2.21;0.03;95.64;2.88;1.48;88.63;6.27;5.1
2017;SP;;FRANCA;3523701;0;0;0;87.08;7.02;5.9;76.32;9.77;13.91
2017;SP;;FRANCA;3525409;0;0;0;0;0;0;97.3;2.7;0
2017;SP;;FRANCA;3536307;0;0;0;92.94;3.68;3.38;82.72;5.06;12.22
2017;SP;;FRANCA;3537008;0;0;0;94.13;2.32;3.55;87.6;5.51;6.89
2017;SP;;FRANCA;3542701;0;0;0;0;0;0;83.01;9.8;7.19
2017;SP;;FRANCA;3543105;0;0;0;0;0;0;88.21;3.08;8.71
2017;SP;;FRANCA;3543600;0;0;0;95;4;1;83.77;8.77;7.46
2017;SP;;FRANCA;3549508;0;0;0;92.67;3.02;4.31;87.35;4.22;8.43
2017;SP;;GUARATINGUETA;3502507;0;0;0;0;0;0;93.58;4.61;1.81
2017;SP;;GUARATINGUETA;3503158;0;0;0;0;0;0;78.26;13.91;7.83
2017;SP;;GUARATINGUETA;3503505;0;0;0;0;0;0;84.67;10.67;4.66
2017;SP;;GUARATINGUETA;3504909;0;0;0;0;0;0;79.13;17.66;3.21
2017;SP;;GUARATINGUETA;3508603;0;0;0;94.67;4.72;0.61;86.43;12.5;1.07
2017;SP;;GUARATINGUETA;3509957;0;0;0;0;0;0;70.83;29.17;0
2017;SP;;GUARATINGUETA;3513405;0;0;0;91.55;6.51;1.94;86.29;10.35;3.36
2017;SP;;GUARATINGUETA;3513603;96.27;3.73;0;93.46;3.71;2.83;79.31;16.85;3.84
2017;SP;;GUARATINGUETA;3518404;0;0;0;89.74;8.3;1.96;79.09;16.76;4.15
2017;SP;;GUARATINGUETA;3526605;0;0;0;94.23;3.85;1.92;78.11;15.47;6.42
2017;SP;;GUARATINGUETA;3527207;75;25;0;85.12;12.88;2;75.86;20.09;4.05
2017;SP;;GUARATINGUETA;3538501;0;0;0;90.83;5.46;3.71;93.02;6.1;0.88
2017;SP;;GUARATINGUETA;3540754;0;0;0;0;0;0;70.22;25.11;4.67
2017;SP;;GUARATINGUETA;3541901;0;0;0;92.68;4.88;2.44;85.29;7.63;7.08
2017;SP;;GUARATINGUETA;3544301;0;0;0;0;0;0;79.25;12.1;8.65
2017;SP;;GUARATINGUETA;3549607;0;0;0;0;0;0;94.84;5.16;0
2017;SP;;GUARATINGUETA;3552007;0;0;0;85.81;8.3;5.89;83.68;10.53;5.79
2017;SP;;GUARULHOS NORTE;3518800;99.05;0.67;0.28;94.25;3.91;1.84;86.82;7.8;5.38
2017;SP;;GUARULHOS SUL;3518800;98.94;0.97;0.09;94.38;4.62;1;86.98;10.66;2.36
2017;SP;;ITAPECERICA DA SERRA;3515103;99.88;0.12;0;97.8;1.97;0.23;89.81;8.38;1.81
2017;SP;;ITAPECERICA DA SERRA;3522208;99.6;0.2;0.2;94.9;4.39;0.71;89.33;9;1.67
2017;SP;;ITAPECERICA DA SERRA;3526209;99.5;0.5;0;97.67;1.53;0.8;92.66;4.08;3.26
2017;SP;;ITAPECERICA DA SERRA;3549953;0;0;0;96.43;3.06;0.51;89.45;6.36;4.19
2017;SP;;ITAPETININGA;3500758;0;0;0;94.92;5.08;0;85.07;10.82;4.11
2017;SP;;ITAPETININGA;3502200;96.61;3.39;0;94.55;5.45;0;96.58;3.42;0
2017;SP;;ITAPETININGA;3509452;0;0;0;0;0;0;89.35;10.27;0.38
2017;SP;;ITAPETININGA;3518503;0;0;0;97.11;2.35;0.54;96.89;2.89;0.22
2017;SP;;ITAPETININGA;3522307;99.19;0.81;0;97.32;2.29;0.39;93.22;6.23;0.55
2017;SP;;ITAPETININGA;3535804;0;0;0;0;0;0;86.73;10.61;2.66
2017;SP;;ITAPETININGA;3550209;0;0;0;96.7;2.72;0.58;92.44;6.63;0.93
2017;SP;;ITAPETININGA;3551108;0;0;0;98.4;0.96;0.64;95.71;3.39;0.9
2017;SP;;ITAPETININGA;3554003;0;0;0;95.79;3.31;0.9;91.88;5.25;2.87
2017;SP;;ITAPEVA;3508009;0;0;0;0;0;0;94.31;5.69;0
2017;SP;;ITAPEVA;3510203;0;0;0;92.5;7.07;0.43;86.7;12.63;0.67
2017;SP;;ITAPEVA;3522406;0;0;0;97.39;2.61;0;95.39;4.52;0.09
2017;SP;;ITAPEVA;3532827;0;0;0;0;0;0;97.36;2.64;0
2017;SP;;ITAPEVA;3543253;0;0;0;99.02;0.98;0;95.82;3.88;0.3
2017;SP;;ITAPEVA;3553856;0;0;0;0;0;0;99.21;0.79;0
2017;SP;;ITAPEVI;3505708;0;0;0;0;0;0;87.8;8.57;3.63
2017;SP;;ITAPEVI;3522505;0;0;0;91.33;7.27;1.4;88.78;8.42;2.8
2017;SP;;ITAPEVI;3525003;0;0;0;91.85;6.01;2.14;86.83;8.35;4.82
2017;SP;;ITAPEVI;3539103;0;0;0;0;0;0;80.46;11.78;7.76
2017;SP;;ITAQUAQUECETUBA;3523107;97.99;1.77;0.24;93.37;5.76;0.87;86.06;11.85;2.09
2017;SP;;ITAQUAQUECETUBA;3539806;0;0;0;95.21;4.18;0.61;88.24;10.38;1.38
2017;SP;;ITARARE;3505005;100;0;0;97.01;2.99;0;89.39;9.09;1.52
2017;SP;;ITARARE;3507159;0;0;0;93.92;3.8;2.28;88.99;4.85;6.16
2017;SP;;ITARARE;3512605;0;0;0;93.21;6.33;0.46;88.79;7.01;4.2
2017;SP;;ITARARE;3521705;99.65;0.35;0;96.84;2.93;0.23;93.3;5.53;1.17
2017;SP;;ITARARE;3522802;100;0;0;90.66;8.37;0.97;87.19;7.72;5.09
2017;SP;;ITARARE;3523206;0;0;0;96.3;2.85;0.85;83.54;14.02;2.44
2017;SP;;ITARARE;3543501;100;0;0;95.65;2.48;1.87;90.57;3.77;5.66
2017;SP;;ITU;3507001;0;0;0;0;0;0;81.47;17.67;0.86
2017;SP;;ITU;3508405;0;0;0;93.94;4.67;1.39;86.61;9.48;3.91
2017;SP;;ITU;3511508;0;0;0;0;0;0;89.9;7.99;2.11
2017;SP;;ITU;3521002;0;0;0;0;0;0;97.85;2.15;0
2017;SP;;ITU;3523909;0;0;0;93.04;6.03;0.93;88.85;9.44;1.71
2017;SP;;ITU;3525854;0;0;0;0;0;0;92.45;2.83;4.72
2017;SP;;ITU;3540606;0;0;0;90.24;8.54;1.22;91.74;6.1;2.16
2017;SP;;ITU;3545209;98.62;1.34;0.04;97.48;2.43;0.09;94.91;4.64;0.45
2017;SP;;ITU;3554508;0;0;0;0;0;0;88.05;11.95;0
2017;SP;;JABOTICABAL;3506102;0;0;0;95.66;2.66;1.68;92.38;4.51;3.11
2017;SP;;JABOTICABAL;3518602;0;0;0;0;0;0;94.91;1.54;3.55
2017;SP;;JABOTICABAL;3518859;0;0;0;0;0;0;86.9;10.04;3.06
2017;SP;;JABOTICABAL;3524303;0;0;0;92.61;3.72;3.67;86.12;6.26;7.62
2017;SP;;JABOTICABAL;3531308;0;0;0;97.35;1.77;0.88;92.26;3.21;4.53
2017;SP;;JABOTICABAL;3531506;0;0;0;96.55;2.59;0.86;91.85;2.78;5.37
2017;SP;;JABOTICABAL;3540903;0;0;0;0;0;0;95.48;3.54;0.98
2017;SP;;JABOTICABAL;3553104;0;0;0;97.61;2.39;0;94.84;5.16;0
2017;SP;;JABOTICABAL;3553203;0;0;0;100;0;0;99.46;0;0.54
2017;SP;;JABOTICABAL;3553658;0;0;0;100;0;0;92.08;2.97;4.95
2017;SP;;JACAREI;3503901;0;0;0;96.44;3.04;0.52;88.09;10.47;1.44
2017;SP;;JACAREI;3518305;0;0;0;92.06;6.94;1;87.45;9.99;2.56
2017;SP;;JACAREI;3520202;0;0;0;93.5;5.78;0.72;85.04;13.78;1.18
2017;SP;;JACAREI;3524402;98.29;0.34;1.37;95.46;3.48;1.06;87.9;9.68;2.42
2017;SP;;JACAREI;3546009;0;0;0;0;0;0;91.23;4.01;4.76
2017;SP;;JACAREI;3546801;0;0;0;97.58;2.17;0.25;92.14;5.43;2.43
2017;SP;;JALES;3502606;0;0;0;97.77;2.23;0;95.24;4.76;0
2017;SP;;JALES;3503950;100;0;0;97.59;2.41;0;90.63;9.38;-0.01
2017;SP;;JALES;3504206;0;0;0;99.09;0.91;0;98.13;1.87;0
2017;SP;;JALES;3513850;96.1;3.9;0;93.33;6.67;0;95.12;4.88;0
2017;SP;;JALES;3514205;0;0;0;93.81;6.19;0;95.77;4.23;0
2017;SP;;JALES;3518909;0;0;0;99.14;0.86;0;97.58;2.42;0
2017;SP;;JALES;3524808;0;0;0;99.43;0.57;0;97.88;2.12;0
2017;SP;;JALES;3529104;0;0;0;98.98;1.02;0;98.84;1.16;0
2017;SP;;JALES;3529658;0;0;0;96.39;3.61;0;92.96;2.82;4.22
2017;SP;;JALES;3532843;0;0;0;100;0;0;100;0;0
2017;SP;;JALES;3535200;0;0;0;97.05;2.95;0;92.53;7.47;0
2017;SP;;JALES;3535903;0;0;0;95.69;4.31;0;95.38;4.62;0
2017;SP;;JALES;3540259;0;0;0;95.28;4.72;0;88.1;11.9;0
2017;SP;;JALES;3544509;0;0;0;98.66;1.34;0;92.31;7.69;0
2017;SP;;JALES;3545704;0;0;0;98.08;1.92;0;96.57;3.43;0
2017;SP;;JALES;3546108;0;0;0;94.57;5.43;0;95.12;3.66;1.22
2017;SP;;JALES;3546603;0;0;0;100;0;0;94.97;5.03;0
2017;SP;;JALES;3547403;0;0;0;99.04;0;0.96;95.19;3.85;0.96
2017;SP;;JALES;3547650;100;0;0;99.15;0.85;0;100;0;0
2017;SP;;JALES;3547205;100;0;0;98.11;1.89;0;97.62;2.38;0
2017;SP;;JALES;3549003;100;0;0;100;0;0;99.19;0.81;0
2017;SP;;JALES;3552551;0;0;0;99.47;0.53;0;100;0;0
2017;SP;;JALES;3554904;0;0;0;99.19;0.81;0;98.85;1.15;0
2017;SP;;JALES;3555802;98.28;1.72;0;99.39;0.61;0;89.45;10.55;0
2017;SP;;JALES;3556958;0;0;0;100;0;0;100;0;0
2017;SP;;JAU;3505203;0;0;0;97.49;2.15;0.36;91.97;6;2.03
2017;SP;;JAU;3505302;0;0;0;97.54;2.46;0;92.86;6.03;1.11
2017;SP;;JAU;3506805;0;0;0;96.87;3.13;0;96.43;3.57;0
2017;SP;;JAU;3507308;0;0;0;97.74;2.26;0;98.04;1.96;0
2017;SP;;JAU;3507456;0;0;0;0;0;0;81.4;18.6;0
2017;SP;;JAU;3507902;0;0;0;92.76;4.43;2.81;84.16;9.35;6.49
2017;SP;;JAU;3514106;0;0;0;98.2;1.65;0.15;97.33;2.27;0.4
2017;SP;;JAU;3520004;0;0;0;89.42;10.46;0.12;84.82;14.42;0.76
2017;SP;;JAU;3522000;0;0;0;98.45;1.55;0;97.54;2.46;0
2017;SP;;JAU;3522901;0;0;0;96.05;1.62;2.33;90.48;1.85;7.67
2017;SP;;JAU;3525300;0;0;0;93.97;5.14;0.89;92.44;5.45;2.11
2017;SP;;JAU;3528007;0;0;0;95.39;4.26;0.35;94.5;5.3;0.2
2017;SP;;JAU;3529807;0;0;0;97.19;2.81;0;96.03;3.97;0
2017;SP;;JAU;3536703;0;0;0;96.66;2.79;0.55;90.89;8.6;0.51
2017;SP;;JAU;3554706;98.58;1.42;0;94.85;0.34;4.81;86.36;3.41;10.23
2017;SP;;JOSE BONIFACIO;3500204;0;0;0;0;0;0;96.62;3.38;0
2017;SP;;JOSE BONIFACIO;3504800;0;0;0;94.31;5.69;0;91.21;8.37;0.42
2017;SP;;JOSE BONIFACIO;3521507;0;0;0;98.72;0.96;0.32;96.35;3.65;0
2017;SP;;JOSE BONIFACIO;3524501;0;0;0;100;0;0;99.13;0.87;0
2017;SP;;JOSE BONIFACIO;3525706;96.16;3.84;0;93.76;6;0.24;88.3;9.32;2.38
2017;SP;;JOSE BONIFACIO;3529500;0;0;0;98.6;1.4;0;89.73;9.19;1.08
2017;SP;;JOSE BONIFACIO;3530300;100;0;0;97.42;2.3;0.28;92.85;6.45;0.7
2017;SP;;JOSE BONIFACIO;3531407;0;0;0;96.45;3.55;0;90.7;9.3;0
2017;SP;;JOSE BONIFACIO;3532504;0;0;0;98.42;1.58;0;92.23;7.42;0.35
2017;SP;;JOSE BONIFACIO;3532702;0;0;0;94.92;2.54;2.54;97.99;1.34;0.67
2017;SP;;JOSE BONIFACIO;3532801;0;0;0;86.09;12.61;1.3;62.88;26.2;10.92
2017;SP;;JOSE BONIFACIO;3539608;0;0;0;95.07;4.93;0;80.77;17.79;1.44
2017;SP;;JOSE BONIFACIO;3539905;94.8;5.2;0;87.54;9.76;2.7;80;15.48;4.52
2017;SP;;JOSE BONIFACIO;3544806;0;0;0;95.1;4.49;0.41;86.94;9.01;4.05
2017;SP;;JOSE BONIFACIO;3553401;0;0;0;97.5;2.03;0.47;94.3;5.7;0
2017;SP;;JOSE BONIFACIO;3555356;0;0;0;0;0;0;89.92;10.08;0
2017;SP;;JOSE BONIFACIO;3555703;97.89;2.11;0;98.8;1.2;0;95.77;4.23;0
2017;SP;;JOSE BONIFACIO;3556008;0;0;0;0;0;0;93.69;6.31;0
2017;SP;;JOSE BONIFACIO;3557154;0;0;0;100;0;0;94.34;5.66;0
2017;SP;;JUNDIAI;3509601;0;0;0;93.94;5.96;0.1;85.52;13.43;1.05
2017;SP;;JUNDIAI;3523404;0;0;0;0;0;0;88.73;7.48;3.79
2017;SP;;JUNDIAI;3524006;0;0;0;94.1;4.68;1.22;88.37;8.82;2.81
2017;SP;;JUNDIAI;3525201;0;0;0;94.72;4.68;0.6;86.57;10.13;3.3
2017;SP;;JUNDIAI;3525904;0;0;0;94.62;4.59;0.79;86.85;10.58;2.57
2017;SP;;JUNDIAI;3527306;0;0;0;96.95;2.12;0.93;91.38;7.09;1.53
2017;SP;;JUNDIAI;3556503;0;0;0;95.18;3.78;1.04;87.12;10.51;2.37
2017;SP;;LESTE 1;3550308;98.66;1.12;0.22;90.66;7.4;1.94;77.47;18.23;4.3
2017;SP;;LESTE 2;3550308;98.11;1.56;0.33;91.27;7.94;0.79;83.65;14.74;1.61
2017;SP;;LESTE 3;3550308;97.61;1.51;0.88;89.85;5.72;4.43;80.48;12.18;7.34
2017;SP;;LESTE 4;3550308;99.01;0.81;0.18;91.17;7.58;1.25;79.86;17.25;2.89
2017;SP;;LESTE 5;3550308;99.5;0.43;0.07;93.83;5.13;1.04;83.77;13.82;2.41
2017;SP;;LIMEIRA;3503802;0;0;0;90.71;7.56;1.73;87.12;9.59;3.29
2017;SP;;LIMEIRA;3512407;0;0;0;95.07;3.52;1.41;94.33;3.58;2.09
2017;SP;;LIMEIRA;3512803;0;0;0;88.33;9.81;1.86;88.62;7.39;3.99
2017;SP;;LIMEIRA;3515152;0;0;0;92.59;4.94;2.47;83.64;10.29;6.07
2017;SP;;LIMEIRA;3521101;0;0;0;97.77;1.98;0.25;91.58;4.04;4.38
2017;SP;;LIMEIRA;3521408;0;0;0;92.64;7.26;0.1;83.94;12.82;3.24
2017;SP;;LIMEIRA;3526902;98.9;0.7;0.4;93.02;4.48;2.5;81.44;11.42;7.14
2017;SP;;LIMEIRA;3543907;97.77;2.23;0;94.58;4.2;1.22;87.73;8.27;4
2017;SP;;LIMEIRA;3546702;0;0;0;0;0;0;88.18;8.27;3.55
2017;SP;;LINS;3508801;97.11;2.89;0;92.62;6.1;1.28;79.13;20.04;0.83
2017;SP;;LINS;3517000;0;0;0;92.58;5.34;2.08;70.68;21.47;7.85
2017;SP;;LINS;3517208;0;0;0;90.29;7.55;2.16;76.99;13.35;9.66
2017;SP;;LINS;3517307;0;0;0;93.16;6.84;0;80.63;13.96;5.41
2017;SP;;LINS;3518107;94.83;5.17;0;89.4;4.3;6.3;73.85;9.63;16.52
2017;SP;;LINS;3527108;97.63;2.21;0.16;91.12;7.51;1.37;79.36;14.76;5.88
2017;SP;;LINS;3540101;0;0;0;93.98;5.26;0.76;92.56;7.44;0
2017;SP;;LINS;3541604;95.68;4.32;0;94.37;5.29;0.34;79.64;18.34;2.02
2017;SP;;LINS;3544608;0;0;0;95.62;3.59;0.79;83.01;9.8;7.19
2017;SP;;LINS;3555901;97.06;2.94;0;92.68;6.1;1.22;91.23;7.02;1.75
2017;SP;;MARILIA;3501400;0;0;0;96.99;2.41;0.6;94.07;5.08;0.85
2017;SP;;MARILIA;3501509;0;0;0;91.84;7.65;0.51;86.79;10.38;2.83
2017;SP;;MARILIA;3514700;0;0;0;91.82;5.03;3.15;90.48;2.38;7.14
2017;SP;;MARILIA;3515657;0;0;0;97.64;2.36;0;89.06;10.94;0
2017;SP;;MARILIA;3516606;0;0;0;93.78;5.26;0.96;93.33;3.64;3.03
2017;SP;;MARILIA;3516705;0;0;0;98.28;1.35;0.37;93.88;4.66;1.46
2017;SP;;MARILIA;3525805;0;0;0;98.73;1.27;0;95.28;4.72;0
2017;SP;;MARILIA;3527801;0;0;0;94.15;5.37;0.48;91.72;8.28;0
2017;SP;;MARILIA;3529005;99.13;0.87;0;97.73;1.84;0.43;93.82;4.9;1.28
2017;SP;;MARILIA;3533700;0;0;0;98.52;0.99;0.49;95.93;2.33;1.74
2017;SP;;MARILIA;3534104;95.53;4.47;0;98.45;1.55;0;90.53;7.69;1.78
2017;SP;;MARILIA;3534500;0;0;0;0;0;0;98.53;1.47;0
2017;SP;;MARILIA;3540002;0;0;0;94.92;4.93;0.15;90.56;9.31;0.13
2017;SP;;MARILIA;3556602;0;0;0;99.79;0.21;0;96.13;3.87;0
2017;SP;;MAUA;3529401;98.44;1.38;0.18;93.31;5.72;0.97;87.67;10.19;2.14
2017;SP;;MAUA;3543303;98.75;1.15;0.1;95.42;4.09;0.49;87.69;10.99;1.32
2017;SP;;MAUA;3544103;98.39;1.53;0.08;95.11;3.96;0.93;85.3;10.95;3.75
2017;SP;;MIRACATU;3520301;100;0;0;97.68;2.06;0.26;92.93;5.04;2.03
2017;SP;;MIRACATU;3520426;0;0;0;0;0;0;89.68;5.73;4.59
2017;SP;;MIRACATU;3523305;99.19;0.81;0;89.71;10.05;0.24;88.11;11.71;0.18
2017;SP;;MIRACATU;3526100;0;0;0;98.39;1.61;0;96.6;2.49;0.91
2017;SP;;MIRACATU;3529906;96.15;3.85;0;93.63;6.22;0.15;89.57;10.43;0
2017;SP;;MIRACATU;3537206;0;0;0;97.72;2.28;0;94.25;3.54;2.21
2017;SP;;MIRANTE DO PARANAPANEMA;3515301;0;0;0;98.33;1.67;0;91.74;6.42;1.84
2017;SP;;MIRANTE DO PARANAPANEMA;3515350;0;0;0;95.96;3.83;0.21;94.56;4.15;1.29
2017;SP;;MIRANTE DO PARANAPANEMA;3530201;97.66;2.34;0;96.38;3.62;0;90.82;7.83;1.35
2017;SP;;MIRANTE DO PARANAPANEMA;3532207;0;0;0;0;0;0;94.79;5.21;0
2017;SP;;MIRANTE DO PARANAPANEMA;3544251;100;0;0;96.32;3.55;0.13;90.62;7.42;1.96
2017;SP;;MIRANTE DO PARANAPANEMA;3545506;0;0;0;0;0;0;93.16;2.63;4.21
2017;SP;;MIRANTE DO PARANAPANEMA;3553906;0;0;0;0;0;0;83.08;7.85;9.07
2017;SP;;MIRANTE DO PARANAPANEMA;3554300;97.78;2.22;0;95.52;3.25;1.23;91.09;5.32;3.59
2017;SP;;MOGI DAS CRUZES;3506607;0;0;0;93.33;3.65;3.02;84.67;6.9;8.43
2017;SP;;MOGI DAS CRUZES;3530607;98.98;0.7;0.32;95.1;3.52;1.38;87.53;9.27;3.2
2017;SP;;MOGI DAS CRUZES;3545001;0;0;0;97.51;0.8;1.69;81.85;8.42;9.73
2017;SP;;MOGI MIRIM;3500501;98.17;1.83;0;93.1;5.91;0.99;87.04;7.16;5.8
2017;SP;;MOGI MIRIM;3501905;97.96;1.67;0.37;95.46;3.06;1.48;89.09;5.37;5.54
2017;SP;;MOGI MIRIM;3512209;0;0;0;97.08;1.84;1.08;91.73;5.36;2.91
2017;SP;;MOGI MIRIM;3557303;0;0;0;0;0;0;96.77;1.79;1.44
2017;SP;;MOGI MIRIM;3519055;0;0;0;0;0;0;81.87;8.42;9.71
2017;SP;;MOGI MIRIM;3522604;97.62;2.08;0.3;88.6;8.74;2.66;80.89;13.03;6.08
2017;SP;;MOGI MIRIM;3527009;0;0;0;0;0;0;92.07;3.96;3.97
2017;SP;;MOGI MIRIM;3530706;0;0;0;92.37;4.32;3.31;88;5.65;6.35
2017;SP;;MOGI MIRIM;;0;0;0;91.55;6.11;2.34;87.64;5.8;6.56
2017;SP;;MOGI MIRIM;3531209;0;0;0;0;0;0;95.12;3.66;1.22
2017;SP;;MOGI MIRIM;3537107;0;0;0;96.77;2.23;1;88.68;7.16;4.16
2017;SP;;MOGI MIRIM;3548005;0;0;0;0;0;0;91.99;3.27;4.74
2017;SP;;MOGI MIRIM;3551603;98.88;1.04;0.08;98.61;1.29;0.1;90.32;5.95;3.73
2017;SP;;NORTE 1;3550308;97.99;1.62;0.39;91.97;6.71;1.32;80.87;16.07;3.06
2017;SP;;NORTE 2;3550308;99.2;0.68;0.12;94.52;4.64;0.84;90.79;7.88;1.33
2017;SP;;OSASCO;3534401;33.33;66.67;0;94.11;3.63;2.26;87.12;7.43;5.45
2017;SP;;OURINHOS;3506300;0;0;0;98.02;1.32;0.66;95.3;2.19;2.51
2017;SP;;OURINHOS;3509809;0;0;0;94.1;4.43;1.47;93.79;2.48;3.73
2017;SP;;OURINHOS;3510153;0;0;0;0;0;0;86.33;1.95;11.72
2017;SP;;OURINHOS;3557204;0;0;0;96.63;1.3;2.07;85.82;5.06;9.12
2017;SP;;OURINHOS;3515194;0;0;0;97.44;2.56;0;94.51;3.05;2.44
2017;SP;;OURINHOS;3519501;0;0;0;92.53;5.46;2.01;77.14;9.05;13.81
2017;SP;;OURINHOS;3520905;0;0;0;0;0;0;82.95;8.24;8.81
2017;SP;;OURINHOS;3534708;97.8;2.03;0.17;95.02;2.84;2.14;89.2;6.7;4.1
2017;SP;;OURINHOS;3543204;0;0;0;93.15;5.02;1.83;84.56;7.38;8.06
2017;SP;;OURINHOS;3545407;0;0;0;93.57;4.43;2;82.61;12.42;4.97
2017;SP;;OURINHOS;3546405;100;0;0;96.34;1.66;2;85.04;7.36;7.6
2017;SP;;OURINHOS;3550506;0;0;0;95.95;3.78;0.27;89.74;4.76;5.5
2017;SP;;PENAPOLIS;3501103;0;0;0;98.7;1.3;0;93.89;6.11;0
2017;SP;;PENAPOLIS;3504404;0;0;0;96.75;2.6;0.65;95.39;4.26;0.35
2017;SP;;PENAPOLIS;3505104;0;0;0;88.8;11.2;0;80.75;19.25;0
2017;SP;;PENAPOLIS;3507704;100;0;0;97.47;2.11;0.42;92.26;4.76;2.98
2017;SP;;PENAPOLIS;3511904;0;0;0;99.23;0.77;0;96.07;3.57;0.36
2017;SP;;PENAPOLIS;3527702;0;0;0;93.24;5.41;1.35;85.57;10.31;4.12
2017;SP;;PENAPOLIS;3537305;99.81;0;0.19;94.74;4.77;0.49;89.54;9.68;0.78
2017;SP;;PENAPOLIS;3548401;0;0;0;98.9;0.55;0.55;99.33;0.67;0
2017;SP;;PINDAMONHANGABA;3509700;0;0;0;0;0;0;75.12;12.75;12.13
2017;SP;;PINDAMONHANGABA;3538006;0;0;0;96.11;2.47;1.42;89.21;6.35;4.44
2017;SP;;PINDAMONHANGABA;3548203;0;0;0;0;0;0;95.47;0.65;3.88
2017;SP;;PINDAMONHANGABA;3548609;0;0;0;97.96;1.22;0.82;90.73;4.3;4.97
2017;SP;;PINDAMONHANGABA;3554805;0;0;0;0;0;0;91.63;3.29;5.08
2017;SP;;PIRACICABA;3500600;0;0;0;0;0;0;98.01;1.99;0
2017;SP;;PIRACICABA;3511706;0;0;0;98.69;1.31;0;87.48;10.47;2.05
2017;SP;;PIRACICABA;3538709;99.38;0.59;0.03;96.25;2.72;1.03;91.45;5.09;3.46
2017;SP;;PIRACICABA;3545159;0;0;0;97.57;0.97;1.46;96.92;0.77;2.31
2017;SP;;PIRACICABA;3547007;0;0;0;99.38;0;0.62;95.54;1.49;2.97
2017;SP;;PIRACICABA;3550407;0;0;0;80.8;16;3.2;84.66;11.81;3.53
2017;SP;;PIRAJU;3515400;0;0;0;95.42;3.37;1.21;94.58;2.71;2.71
2017;SP;;PIRAJU;3528601;0;0;0;95.26;2.37;2.37;91.87;3.89;4.24
2017;SP;;PIRAJU;3533809;0;0;0;97.1;2.9;0;92.31;2.56;5.13
2017;SP;;PIRAJU;3538808;0;0;0;96.71;2.08;1.21;95.03;3.09;1.88
2017;SP;;PIRAJU;3551207;0;0;0;94.58;2.46;2.96;85.11;4.26;10.63
2017;SP;;PIRAJU;3553005;0;0;0;97.44;2.56;0;96.56;3.44;0
2017;SP;;PIRAJU;3554201;0;0;0;98.31;0.84;0.85;91.95;2.12;5.93
2017;SP;;PIRAJU;3554607;0;0;0;97.81;1.46;0.73;92.86;5.95;1.19
2017;SP;;PIRASSUNUNGA;3502002;0;0;0;0;0;0;94.2;2.9;2.9
2017;SP;;PIRASSUNUNGA;3503307;99.54;0.46;0;96.85;2.52;0.63;90.65;6.39;2.96
2017;SP;;PIRASSUNUNGA;3526704;0;0;0;97.14;1.83;1.03;91.27;3.1;5.63
2017;SP;;PIRASSUNUNGA;3539301;0;0;0;95.33;3.42;1.25;82.4;13.81;3.79
2017;SP;;PIRASSUNUNGA;3540705;0;0;0;88.89;7.28;3.83;73.43;14.41;12.16
2017;SP;;PIRASSUNUNGA;3546207;0;0;0;98.9;0.55;0.55;89.86;8.78;1.36
2017;SP;;PIRASSUNUNGA;3546306;0;0;0;92.79;6.43;0.78;82.52;14.52;2.96
2017;SP;;PIRASSUNUNGA;3547502;0;0;0;92.27;7.58;0.15;83.08;9.23;7.69
2017;SP;;PRESIDENTE PRUDENTE;3500808;98.08;1.92;0;88.77;10.16;1.07;89.44;4.23;6.33
2017;SP;;PRESIDENTE PRUDENTE;3501301;0;0;0;0;0;0;80.78;15.04;4.18
2017;SP;;PRESIDENTE PRUDENTE;3502408;0;0;0;100;0;0;89.29;5.71;5
2017;SP;;PRESIDENTE PRUDENTE;3508900;0;0;0;98.29;0.85;0.86;88.97;8.09;2.94
2017;SP;;PRESIDENTE PRUDENTE;3520608;0;0;0;96.35;1.56;2.09;93.15;4.79;2.06
2017;SP;;PRESIDENTE PRUDENTE;3529203;0;0;0;94.96;5.04;0;93.03;6.97;0
2017;SP;;PRESIDENTE PRUDENTE;3539202;0;0;0;94.37;5.34;0.29;82.51;16.94;0.55
2017;SP;;PRESIDENTE PRUDENTE;3541406;0;0;0;90.25;8.03;1.72;84.31;13.11;2.58
2017;SP;;PRESIDENTE PRUDENTE;3542404;0;0;0;93.04;5.91;1.05;89.69;9.54;0.77
2017;SP;;PRESIDENTE PRUDENTE;3548302;0;0;0;94.87;4.49;0.64;82.03;10.16;7.81
2017;SP;;PRESIDENTE PRUDENTE;3552908;0;0;0;97.87;2.13;0;91.18;8.82;0
2017;SP;;REGISTRO;3505401;0;0;0;95.06;0.95;3.99;90.84;2.43;6.73
2017;SP;;REGISTRO;3509254;0;0;0;92.96;5.66;1.38;89.07;9.35;1.58
2017;SP;;REGISTRO;3509908;100;0;0;92.38;6.7;0.92;78.82;17.82;3.36
2017;SP;;REGISTRO;3514809;100;0;0;97.84;1.73;0.43;87.7;8.33;3.97
2017;SP;;REGISTRO;3524600;0;0;0;97.4;1.8;0.8;92.92;7.08;0
2017;SP;;REGISTRO;3536208;100;0;0;99.14;0.54;0.32;89.91;4.44;5.65
2017;SP;;REGISTRO;3542602;100;0;0;95.99;2.42;1.59;91.28;5.89;2.83
2017;SP;;REGISTRO;3551801;100;0;0;93.78;4.81;1.41;89.97;5.43;4.6
2017;SP;;RIBEIRAO PRETO;3501004;0;0;0;100;0;0;88.91;4.11;6.98
2017;SP;;RIBEIRAO PRETO;3505906;99.52;0.48;0;92.85;4.97;2.18;86.05;6.98;6.97
2017;SP;;RIBEIRAO PRETO;3507803;0;0;0;84.21;7.6;8.19;77.45;7.67;14.88
2017;SP;;RIBEIRAO PRETO;3509403;0;0;0;96.17;2.66;1.17;91.5;3.14;5.36
2017;SP;;RIBEIRAO PRETO;3510906;0;0;0;0;0;0;93.79;2.07;4.14
2017;SP;;RIBEIRAO PRETO;3513108;0;0;0;85.3;12.59;2.11;80.85;14.18;4.97
2017;SP;;RIBEIRAO PRETO;3527603;0;0;0;0;0;0;70.45;20.13;9.42
2017;SP;;RIBEIRAO PRETO;3543402;96.12;3.64;0.24;89.17;8.7;2.13;80;15.18;4.82
2017;SP;;RIBEIRAO PRETO;3546256;0;0;0;0;0;0;97;3;0
2017;SP;;RIBEIRAO PRETO;3547601;0;0;0;94.21;5.57;0.22;73.89;11.87;14.24
2017;SP;;RIBEIRAO PRETO;3547908;0;0;0;95.77;4.23;0;94.42;5.58;0
2017;SP;;RIBEIRAO PRETO;3550902;97.92;2.08;0;88.95;11.05;0;88.42;8.87;2.71
2017;SP;;RIBEIRAO PRETO;3551405;0;0;0;87.99;7.24;4.77;86.51;5.57;7.92
2017;SP;;RIBEIRAO PRETO;3551504;0;0;0;88.85;9.08;2.07;78.02;17.15;4.83
2017;SP;;SANTO ANASTACIO;3509106;0;0;0;96.82;3.18;0;89.3;5.35;5.35
2017;SP;;SANTO ANASTACIO;3515129;0;0;0;0;0;0;99.03;0;0.97
2017;SP;;SANTO ANASTACIO;3528700;0;0;0;99.26;0;0.74;97.56;1.63;0.81
2017;SP;;SANTO ANASTACIO;3538303;0;0;0;95.21;2.99;1.8;90.7;5.81;3.49
2017;SP;;SANTO ANASTACIO;3541208;0;0;0;0;0;0;95.66;2.04;2.3
2017;SP;;SANTO ANASTACIO;3541307;99.18;0.82;0;98.18;1.75;0.07;93.6;4.93;1.47
2017;SP;;SANTO ANASTACIO;3541505;0;0;0;93.37;5.87;0.76;83.12;13.53;3.35
2017;SP;;SANTO ANASTACIO;3543238;0;0;0;94.95;4.04;1.01;83.33;11.54;5.13
2017;SP;;SANTO ANASTACIO;3547700;0;0;0;91.45;6.81;1.74;89.13;9.09;1.78
2017;SP;;SANTO ANDRE;3547809;98.48;1.44;0.08;93.35;6.14;0.51;84.97;13.64;1.39
2017;SP;;SANTOS;3506359;0;0;0;87.64;11.01;1.35;84.15;13.6;2.25
2017;SP;;SANTOS;3513504;99.12;0.88;0;87.45;11.58;0.97;78.54;18.53;2.93
2017;SP;;SANTOS;3518701;98.59;1.28;0.13;91.94;7.29;0.77;86.36;10.87;2.77
2017;SP;;SANTOS;3548500;96.24;3.76;0;92.66;7.07;0.27;85.21;13.53;1.26
2017;SP;;SAO BERNARDO DO CAMPO;3548708;66.67;33.33;0;93.02;5.99;0.99;82.88;14.86;2.26
2017;SP;;SAO BERNARDO DO CAMPO;3548807;0;0;0;94.78;5.1;0.12;84.78;13.3;1.92
2017;SP;;SAO CARLOS;3512704;0;0;0;0;0;0;99.36;0.64;0
2017;SP;;SAO CARLOS;3513702;0;0;0;0;0;0;89.93;10.07;0
2017;SP;;SAO CARLOS;3514304;0;0;0;100;0;0;92.45;3.77;3.78
2017;SP;;SAO CARLOS;3519303;0;0;0;97.94;2;0.06;94.44;5.47;0.09
2017;SP;;SAO CARLOS;3523602;0;0;0;98.77;1.23;0;95.13;4.64;0.23
2017;SP;;SAO CARLOS;3542909;0;0;0;100;0;0;89.01;10.99;0
2017;SP;;SAO CARLOS;3548906;99.71;0.29;0;98.36;1.14;0.5;93.95;5.55;0.5
2017;SP;;SAO JOAO DA BOA VISTA;3500303;100;0;0;91.24;8.04;0.72;82.35;16.86;0.79
2017;SP;;SAO JOAO DA BOA VISTA;3500402;0;0;0;100;0;0;98.81;1.19;0
2017;SP;;SAO JOAO DA BOA VISTA;3508702;100;0;0;95.1;3.45;1.45;91.4;5.44;3.16
2017;SP;;SAO JOAO DA BOA VISTA;3510807;98.17;1.83;0;95.45;1.65;2.9;89.46;3.44;7.1
2017;SP;;SAO JOAO DA BOA VISTA;3513900;0;0;0;96.68;0.83;2.49;87.91;5.49;6.6
2017;SP;;SAO JOAO DA BOA VISTA;3515186;97.57;2.43;0;94.03;5.72;0.25;87.5;7.52;4.98
2017;SP;;SAO JOAO DA BOA VISTA;3523800;99.7;0.3;0;83.44;11.46;5.1;75.96;14.21;9.83
2017;SP;;SAO JOAO DA BOA VISTA;3530508;99.84;0.16;0;96.02;3.42;0.56;89.1;6.95;3.95
2017;SP;;SAO JOAO DA BOA VISTA;3548104;100;0;0;97.21;2.79;0;98.62;1.38;0
2017;SP;;SAO JOAO DA BOA VISTA;3549102;0;0;0;94.93;4.38;0.69;92.36;6.55;1.09
2017;SP;;SAO JOAO DA BOA VISTA;3549706;97.14;2.86;0;93.55;5.56;0.89;87.66;10.23;2.11
2017;SP;;SAO JOAO DA BOA VISTA;3550803;0;0;0;97.58;1.61;0.81;89.32;9.39;1.29
2017;SP;;SAO JOAO DA BOA VISTA;3553302;0;0;0;93.56;5.24;1.2;89.37;5.41;5.22
2017;SP;;SAO JOAO DA BOA VISTA;3553609;0;0;0;90.68;4.97;4.35;88.45;5.92;5.63
2017;SP;;SAO JOAO DA BOA VISTA;3556404;0;0;0;92.01;5.99;2;82.37;11.26;6.37
2017;SP;;SAO JOAQUIM DA BARRA;3503000;0;0;0;98.63;1.37;0;94.19;5.81;0
2017;SP;;SAO JOAQUIM DA BARRA;3508207;0;0;0;0;0;0;98.95;1.05;0
2017;SP;;SAO JOAQUIM DA BARRA;3517703;0;0;0;0;0;0;82.22;10.28;7.5
2017;SP;;SAO JOAQUIM DA BARRA;3520103;0;0;0;0;0;0;83.25;16.75;0
2017;SP;;SAO JOAQUIM DA BARRA;3521309;0;0;0;0;0;0;90.69;9.04;0.27
2017;SP;;SAO JOAQUIM DA BARRA;3524105;0;0;0;0;0;0;68.09;19.93;11.98
2017;SP;;SAO JOAQUIM DA BARRA;3529708;0;0;0;0;0;0;96.86;3.14;0
2017;SP;;SAO JOAQUIM DA BARRA;3531902;0;0;0;93.63;6.37;0;95.83;4.17;0
2017;SP;;SAO JOAQUIM DA BARRA;3533601;0;0;0;0;0;0;94.67;4.67;0.66
2017;SP;;SAO JOAQUIM DA BARRA;3534302;0;0;0;0;0;0;85.65;14.35;0
2017;SP;;SAO JOAQUIM DA BARRA;3544905;0;0;0;95.1;2.58;2.32;78.81;11.92;9.27
2017;SP;;SAO JOAQUIM DA BARRA;3549409;98.57;1.43;0;97.27;1.71;1.02;83.8;13.73;2.47
2017;SP;;SAO JOSE DO RIO PRETO;3504602;0;0;0;91.23;7.67;1.1;76.8;17.01;6.19
2017;SP;;SAO JOSE DO RIO PRETO;3511300;0;0;0;0;0;0;93.63;6.37;0
2017;SP;;SAO JOSE DO RIO PRETO;3517505;0;0;0;0;0;0;89.28;10.72;0
2017;SP;;SAO JOSE DO RIO PRETO;3519402;0;0;0;0;0;0;90.84;9.16;0
2017;SP;;SAO JOSE DO RIO PRETO;3519808;0;0;0;0;0;0;91.28;7.38;1.34
2017;SP;;SAO JOSE DO RIO PRETO;3521150;0;0;0;92.05;6.95;1;89.56;8.79;1.65
2017;SP;;SAO JOSE DO RIO PRETO;3530409;0;0;0;84.13;13.46;2.41;76.86;16.53;6.61
2017;SP;;SAO JOSE DO RIO PRETO;3533007;0;0;0;93.53;5.22;1.25;84.89;11.53;3.58
2017;SP;;SAO JOSE DO RIO PRETO;3534005;0;0;0;96;4;0;77.33;22.67;0
2017;SP;;SAO JOSE DO RIO PRETO;3534203;0;0;0;0;0;0;99.19;0.81;0
2017;SP;;SAO JOSE DO RIO PRETO;3535002;0;0;0;0;0;0;95.63;4.08;0.29
2017;SP;;SAO JOSE DO RIO PRETO;3540804;0;0;0;0;0;0;83.11;16.89;0
2017;SP;;SAO JOSE DO RIO PRETO;3549805;99.21;0.53;0.26;95.28;4.28;0.44;88.95;9.47;1.58
2017;SP;;SAO JOSE DO RIO PRETO;3555604;0;0;0;0;0;0;97.36;2.64;0
2017;SP;;SAO JOSE DOS CAMPOS;3531704;0;0;0;88;12;0;92.96;6.34;0.7
2017;SP;;SAO JOSE DOS CAMPOS;3549904;98.72;1.2;0.08;91.87;7.55;0.58;84.99;13.48;1.53
2017;SP;;SAO ROQUE;3501152;0;0;0;0;0;0;97.97;2.03;0
2017;SP;;SAO ROQUE;3502754;0;0;0;0;0;0;88.07;11.93;0
2017;SP;;SAO ROQUE;3519709;100;0;0;95.68;3.52;0.8;92.29;5.85;1.86
2017;SP;;SAO ROQUE;3528403;0;0;0;0;0;0;96.84;2.99;0.17
2017;SP;;SAO ROQUE;3550605;0;0;0;0;0;0;84.05;9.89;6.06
2017;SP;;SAO ROQUE;3556453;0;0;0;95.5;3.36;1.14;90.43;5.94;3.63
2017;SP;;SAO VICENTE;3522109;81.82;18.18;0;90.26;7.5;2.24;83.51;10.44;6.05
2017;SP;;SAO VICENTE;3531100;100;0;0;87.3;12.7;0;80.02;17.18;2.8
2017;SP;;SAO VICENTE;3537602;92.45;7.55;0;95.39;3.32;1.29;87.56;9.5;2.94
2017;SP;;SAO VICENTE;3541000;100;0;0;92.59;6.31;1.1;88.62;9.21;2.17
2017;SP;;SAO VICENTE;3551009;94.29;5.71;0;90.92;7.67;1.41;86.43;11.38;2.19
2017;SP;;SERTAOZINHO;3505609;0;0;0;0;0;0;94.76;3.09;2.15
2017;SP;;SERTAOZINHO;3514601;0;0;0;0;0;0;94.57;5.43;0
2017;SP;;SERTAOZINHO;3525102;0;0;0;0;0;0;75.37;11.34;13.29
2017;SP;;SERTAOZINHO;3539509;0;0;0;95.66;2.58;1.76;92.52;2.24;5.24
2017;SP;;SERTAOZINHO;3540200;100;0;0;98.73;1.05;0.22;96.16;2.31;1.53
2017;SP;;SERTAOZINHO;3551702;85.71;14.29;0;95.54;1.95;2.51;90.98;4.58;4.44
2017;SP;;SERTAOZINHO;3554409;0;0;0;0;0;0;96.31;2.05;1.64
2017;SP;;SERTAOZINHO;3556800;0;0;0;98.72;1.28;0;98.2;0.6;1.2
2017;SP;;SOROCABA;3552205;99.78;0.16;0.06;97;2.04;0.96;92.42;5.29;2.29
2017;SP;;SUL 1;3550308;98.79;0.94;0.27;90.3;8.53;1.17;82.36;15.47;2.17
2017;SP;;SUL 2;3550308;98.88;0.76;0.36;91.99;6.11;1.9;83.64;12.21;4.15
2017;SP;;SUL 3;3550308;97.75;1.6;0.65;87.76;9.69;2.55;77.44;17.85;4.71
2017;SP;;SUMARE;3519071;99.67;0.33;0;93.98;5.17;0.85;89.6;8.05;2.35
2017;SP;;SUMARE;3536505;0;0;0;96.48;3.26;0.26;87.63;9.33;3.04
2017;SP;;SUMARE;3552403;98.48;1.33;0.19;95.2;4.09;0.71;90.3;7.56;2.14
2017;SP;;SUZANO;3515707;33.33;66.67;0;92.45;6.03;1.52;84.34;12.1;3.56
2017;SP;;SUZANO;3552502;99.16;0.64;0.2;95.02;3.74;1.24;86.83;9.59;3.58
2017;SP;;TABOAO DA SERRA;3515004;99.03;0.85;0.12;90.63;7.99;1.38;83.21;12.45;4.34
2017;SP;;TABOAO DA SERRA;3552809;99.5;0.5;0;91.33;7.9;0.77;86.46;11.43;2.11
2017;SP;;TAQUARITINGA;3507407;99.06;0.94;0;99.4;0.6;0;97.57;2.43;0
2017;SP;;TAQUARITINGA;3510104;0;0;0;0;0;0;100;0;0
2017;SP;;TAQUARITINGA;3514007;99.59;0.41;0;100;0;0;100;0;0
2017;SP;;TAQUARITINGA;3515608;0;0;0;0;0;0;95.86;2.37;1.77
2017;SP;;TAQUARITINGA;3519600;99.14;0.78;0.08;97.04;2.64;0.32;92.57;6.71;0.72
2017;SP;;TAQUARITINGA;3522703;99.47;0.53;0;98.28;0.79;0.93;95.21;4.46;0.33
2017;SP;;TAQUARITINGA;3539004;0;0;0;100;0;0;100;0;0
2017;SP;;TAQUARITINGA;3546504;0;0;0;100;0;0;100;0;0
2017;SP;;TAQUARITINGA;3552700;100;0;0;97.73;1.03;1.24;89.5;5.15;5.35
2017;SP;;TAQUARITINGA;3553708;20;80;0;98.54;1.46;0;99.02;0.98;0
2017;SP;;TAQUARITINGA;3556909;0;0;0;99.41;0.59;0;99.55;0.45;0
2017;SP;;TAUBATE;3508504;0;0;0;93.04;5.98;0.98;90.1;6.98;2.92
2017;SP;;TAUBATE;3524907;0;0;0;0;0;0;92.21;2.6;5.19
2017;SP;;TAUBATE;3526308;0;0;0;97.29;2.71;0;95.09;3.13;1.78
2017;SP;;TAUBATE;3532306;0;0;0;97.3;2.25;0.45;87.81;11.11;1.08
2017;SP;;TAUBATE;3535606;0;0;0;96.1;2.18;1.72;84.98;6.87;8.15
2017;SP;;TAUBATE;3542305;0;0;0;95.59;3.96;0.45;84.83;10.67;4.5
2017;SP;;TAUBATE;;0;0;0;0;0;0;92.18;4.14;3.68
2017;SP;;TAUBATE;3554102;100;0;0;96.77;2.9;0.33;91.77;5.78;2.45
2017;SP;;TUPA;3503356;100;0;0;100;0;0;97.1;0;2.9
2017;SP;;TUPA;3505807;98.06;1.94;0;97.1;1.74;1.16;90.98;4.37;4.65
2017;SP;;TUPA;3519006;94.21;5.79;0;94.25;2.76;2.99;90.82;5.25;3.93
2017;SP;;TUPA;3519204;98.34;1.66;0;91.87;6.5;1.63;89.12;7.25;3.63
2017;SP;;TUPA;3525607;0;0;0;95.85;3.69;0.46;86.39;9.52;4.09
2017;SP;;TUPA;3536000;0;0;0;93.36;5.35;1.29;79.05;13.33;7.62
2017;SP;;TUPA;3541703;0;0;0;92.09;6.98;0.93;89.05;7.42;3.53
2017;SP;;TUPA;3541802;0;0;0;99.49;0;0.51;84.78;8.7;6.52
2017;SP;;TUPA;3542008;0;0;0;88.96;9.36;1.68;82.13;6.76;11.11
2017;SP;;TUPA;3542206;100;0;0;96.8;1.97;1.23;87.23;5.65;7.12
2017;SP;;TUPA;3543808;97.51;2.49;0;95.31;3.95;0.74;88.41;3.26;8.33
2017;SP;;TUPA;3555000;97.43;2.47;0.1;95.98;1.51;2.51;90.5;4.16;5.34
2017;SP;;VOTORANTIM;3502903;0;0;0;0;0;0;96.07;2.36;1.57
2017;SP;;VOTORANTIM;3510302;0;0;0;0;0;0;85.64;5.9;8.46
2017;SP;;VOTORANTIM;3537800;0;0;0;96.73;1.48;1.79;91.91;3.66;4.43
2017;SP;;VOTORANTIM;3537909;0;0;0;95.6;3.16;1.24;89.87;5.63;4.5
2017;SP;;VOTORANTIM;3545308;100;0;0;97.13;1.8;1.07;87.95;6.98;5.07
2017;SP;;VOTORANTIM;3553500;0;0;0;95.91;3.07;1.02;90.36;7.29;2.35
2017;SP;;VOTORANTIM;3557006;0;0;0;96.72;2.4;0.88;91.89;4.91;3.2
2017;SP;;VOTUPORANGA;3501202;0;0;0;100;0;0;95.37;0;4.63
2017;SP;;VOTUPORANGA;3501806;0;0;0;95.41;4.59;0;97.66;2.34;0
2017;SP;;VOTUPORANGA;3510708;100;0;0;98.23;1.77;0;96.76;3.24;0
2017;SP;;VOTUPORANGA;3512902;0;0;0;98.08;1.92;0;94.12;1.36;4.52
2017;SP;;VOTUPORANGA;3515905;0;0;0;95.54;4.46;0;86.54;11.54;1.92
2017;SP;;VOTUPORANGA;3516804;98.98;0.51;0.51;97.25;2.75;0;97.04;2.96;0
2017;SP;;VOTUPORANGA;3528106;99.35;0.65;0;95.17;2.72;2.11;90.09;4.72;5.19
2017;SP;;VOTUPORANGA;3531001;100;0;0;97.87;1.06;1.07;100;0;0
2017;SP;;VOTUPORANGA;3532603;100;0;0;97.31;0.81;1.88;95.24;1.9;2.86
2017;SP;;VOTUPORANGA;3532868;0;0;0;100;0;0;100;0;0
2017;SP;;VOTUPORANGA;3533304;0;0;0;94.55;4.24;1.21;95.16;2.42;2.42
2017;SP;;VOTUPORANGA;3536257;0;0;0;100;0;0;100;0;0
2017;SP;;VOTUPORANGA;3536604;0;0;0;99.72;0.28;0;99.62;0.38;0
2017;SP;;VOTUPORANGA;3540309;0;0;0;92.16;7.84;0;88.06;11.94;0
2017;SP;;VOTUPORANGA;3544202;0;0;0;99.04;0.96;0;91.72;7.99;0.29
2017;SP;;VOTUPORANGA;3551306;0;0;0;99.16;0;0.84;94.06;0;5.94
2017;SP;;VOTUPORANGA;3556107;0;0;0;98.42;1.58;0;95.1;3.81;1.09
2017;SP;;VOTUPORANGA;3557105;0;0;0;96.07;3.1;0.83;86.69;10.99;2.32
2019;SP;;ADAMANTINA;3500105;0;0;0;97.36;2.64;0;96.97;3.03;0
2019;SP;;ADAMANTINA;3514403;0;0;0;94.9;4.63;0.47;91.39;7.07;1.54
2019;SP;;ADAMANTINA;3515806;0;0;0;0;0;0;97.78;2.22;0
2019;SP;;ADAMANTINA;3516002;0;0;0;96.22;3.56;0.22;91.35;8.27;0.38
2019;SP;;ADAMANTINA;3520806;0;0;0;97.25;2.75;0;91.14;8.86;0
2019;SP;;ADAMANTINA;3521606;66.67;33.33;0;87.7;9.39;2.91;86.29;9.14;4.57
2019;SP;;ADAMANTINA;3526001;0;0;0;97.32;2.68;0;93.17;6.83;0
2019;SP;;ADAMANTINA;3527405;0;0;0;98.41;1.59;0;93.23;6.77;0
2019;SP;;ADAMANTINA;3528908;0;0;0;97.47;2.53;0;92.06;7.94;0
2019;SP;;ADAMANTINA;3531605;0;0;0;97.42;2.58;0;99.13;0.87;0
2019;SP;;ADAMANTINA;3533106;0;0;0;100;0;0;100;0;0
2019;SP;;ADAMANTINA;3534609;0;0;0;98.67;1.11;0.22;95.39;4.45;0.16
2019;SP;;ADAMANTINA;3534807;0;0;0;0;0;0;98.26;1.74;0
2019;SP;;ADAMANTINA;3534906;0;0;0;96.9;2.62;0.48;88.08;9.84;2.08
2019;SP;;ADAMANTINA;3535408;0;0;0;97.56;2.44;0;96.65;3.35;0
2019;SP;;ADAMANTINA;3536406;0;0;0;95.51;3.55;0.94;88.12;10.4;1.48
2019;SP;;ADAMANTINA;3540853;0;0;0;100;0;0;97.96;2.04;0
2019;SP;;ADAMANTINA;3544707;0;0;0;97.98;2.02;0;87.5;12.5;0
2019;SP;;ADAMANTINA;3545100;0;0;0;99.12;0.88;0;97.26;1.37;1.37
2019;SP;;ADAMANTINA;3547106;0;0;0;98.53;1.47;0;95.06;4.94;0
2019;SP;;ADAMANTINA;3549300;0;0;0;98.8;0;1.2;100;0;0
2019;SP;;ADAMANTINA;3555109;0;0;0;0;0;0;98.8;0.6;0.6
2019;SP;;AMERICANA;3501608;99.09;0.89;0.02;96.8;2.74;0.46;92.09;6.17;1.74
2019;SP;;AMERICANA;3533403;0;0;0;99.37;0.34;0.29;96.82;2.05;1.13
2019;SP;;AMERICANA;3545803;99.45;0.55;0;96.81;2.47;0.72;92;4.6;3.4
2019;SP;;ANDRADINA;3502101;0;0;0;98.1;1.46;0.44;96.68;2.63;0.69
2019;SP;;ANDRADINA;3511003;0;0;0;98.51;1.26;0.23;94.65;5.15;0.2
2019;SP;;ANDRADINA;3517802;0;0;0;96.37;2.64;0.99;93.17;2.44;4.39
2019;SP;;ANDRADINA;3520442;0;0;0;97.71;2.08;0.21;96.63;3.11;0.26
2019;SP;;ANDRADINA;3523008;0;0;0;97.84;2.16;0;93.58;6.42;0
2019;SP;;ANDRADINA;3526506;0;0;0;0;0;0;99.37;0.63;0
2019;SP;;ANDRADINA;3530102;0;0;0;99.53;0.47;0;99.27;0.73;0
2019;SP;;ANDRADINA;3532108;0;0;0;96.63;1.69;1.68;98.08;1.92;0
2019;SP;;ANDRADINA;3533205;0;0;0;0;0;0;97.06;2.94;0
2019;SP;;ANDRADINA;3537404;0;0;0;99.8;0.2;0;99.81;0.19;0
2019;SP;;ANDRADINA;3552304;0;0;0;0;0;0;98.41;1.59;0
2019;SP;;APIAI;3502705;99.75;0.25;0;99.07;0.66;0.27;97.39;1.17;1.44
2019;SP;;APIAI;3505351;0;0;0;98.01;1.99;0;99.13;0.87;0
2019;SP;;APIAI;3517604;0;0;0;99.73;0.13;0.14;96.28;2.89;0.83
2019;SP;;APIAI;3521200;0;0;0;98.34;1.66;0;92.74;7.26;0
2019;SP;;APIAI;3522158;100;0;0;99.12;0.88;0;99.27;0;0.73
2019;SP;;APIAI;3522653;0;0;0;97.28;2.42;0.3;93.79;5.65;0.56
2019;SP;;APIAI;3542800;0;0;0;99.18;0.82;0;98.77;1.23;0
2019;SP;;APIAI;3543006;0;0;0;98.72;0.56;0.72;94.68;4.26;1.06
2019;SP;;ARACATUBA;3502804;100;0;0;97.63;2.1;0.27;94.58;4.18;1.24
2019;SP;;ARACATUBA;3506201;0;0;0;100;0;0;95.12;4.88;0
2019;SP;;ARACATUBA;3518206;0;0;0;99.12;0.78;0.1;97.16;2.71;0.13
2019;SP;;ARACATUBA;3544400;0;0;0;100;0;0;99;1;0
2019;SP;;ARACATUBA;3548054;0;0;0;0;0;0;99.15;0.85;0
2019;SP;;ARACATUBA;3556305;0;0;0;99.57;0.43;0;99.86;0.14;0
2019;SP;;ARARAQUARA;3501707;0;0;0;96.48;3.23;0.29;94.23;5.66;0.11
2019;SP;;ARARAQUARA;3503208;99.96;0.04;0;97.26;2.57;0.17;93.66;4.92;1.42
2019;SP;;ARARAQUARA;3506706;0;0;0;0;0;0;83.86;15.25;0.89
2019;SP;;ARARAQUARA;3516853;0;0;0;100;0;0;96.31;3.69;0
2019;SP;;ARARAQUARA;3529302;99.71;0.29;0;97.92;1.75;0.33;95.85;3.35;0.8
2019;SP;;ARARAQUARA;3532058;0;0;0;0;0;0;86.73;13.27;0
2019;SP;;ARARAQUARA;3532900;0;0;0;0;0;0;98.64;1.36;0
2019;SP;;ARARAQUARA;3543709;0;0;0;90.66;9.09;0.25;87.5;9.8;2.7
2019;SP;;ARARAQUARA;3546900;0;0;0;96;3.33;0.67;92.78;6.19;1.03
2019;SP;;ARARAQUARA;3554755;0;0;0;0;0;0;72.29;26.51;1.2
2019;SP;;ASSIS;3504008;0;0;0;94.77;4.47;0.76;91.03;6.94;2.03
2019;SP;;ASSIS;3507209;0;0;0;98.18;1.82;0;100;0;0
2019;SP;;ASSIS;3510005;100;0;0;97.13;1.8;1.07;94.93;1.96;3.11
2019;SP;;ASSIS;3513306;100;0;0;100;0;0;100;0;0
2019;SP;;ASSIS;;100;0;0;96.64;2.68;0.68;98.96;0;1.04
2019;SP;;ASSIS;3519907;0;0;0;99.44;0;0.56;96.45;1.77;1.78
2019;SP;;ASSIS;3527900;0;0;0;96.88;3.13;-0.01;99.12;0.88;0
2019;SP;;ASSIS;3528809;0;0;0;97.56;1.83;0.61;96.34;2.87;0.79
2019;SP;;ASSIS;3532157;0;0;0;98.47;1.53;0;100;0;0
2019;SP;;ASSIS;3535309;0;0;0;93.97;4.55;1.48;90.15;9.41;0.44
2019;SP;;ASSIS;3535507;0;0;0;98.43;1.57;0;96.41;3.4;0.19
2019;SP;;ASSIS;3537156;0;0;0;100;0;0;100;0;0
2019;SP;;ASSIS;3539707;0;0;0;97.74;2.26;0;97.89;2.11;0
2019;SP;;ASSIS;3553955;0;0;0;93.65;5.88;0.47;90.41;7.19;2.4
2019;SP;;AVARE;3500550;0;0;0;99.71;0;0.29;97.09;0;2.91
2019;SP;;AVARE;3503109;0;0;0;97.25;1.22;1.53;93.67;2.26;4.07
2019;SP;;AVARE;3504503;0;0;0;97.68;1.43;0.89;89.93;6.99;3.08
2019;SP;;AVARE;3511409;100;0;0;98.63;0.2;1.17;94.66;1.46;3.88
2019;SP;;AVARE;3519253;100;0;0;97.32;2.68;0;95.58;3.79;0.63
2019;SP;;AVARE;3521804;0;0;0;97.28;1.52;1.2;95.05;1.8;3.15
2019;SP;;AVARE;3553807;0;0;0;99.35;0.65;0;96.1;2.93;0.97
2019;SP;;BARRETOS;3500907;0;0;0;100;0;0;100;0;0
2019;SP;;BARRETOS;3505500;0;0;0;99.57;0.14;0.29;98.89;0.55;0.56
2019;SP;;BARRETOS;3512001;0;0;0;0;0;0;100;0;0
2019;SP;;BARRETOS;3512100;0;0;0;0;0;0;97.33;2.67;0
2019;SP;;BARRETOS;3517406;0;0;0;99.57;0.24;0.19;98.03;1.69;0.28
2019;SP;;BARRETOS;3517901;0;0;0;0;0;0;100;0;0
2019;SP;;BARRETOS;3524204;0;0;0;0;0;0;100;0;0
2019;SP;;BARRETOS;3533908;0;0;0;99.49;0.51;0;97.85;1.81;0.34
2019;SP;;BARRETOS;3551900;0;0;0;0;0;0;96.9;2.48;0.62
2019;SP;;BAURU;3500709;0;0;0;95.44;3.77;0.79;93.44;4.83;1.73
2019;SP;;BAURU;3503406;0;0;0;95.37;4.09;0.54;95.04;3.31;1.65
2019;SP;;BAURU;3504305;98.33;1.67;0;98.81;0.79;0.4;97.39;2.61;0
2019;SP;;BAURU;3504701;0;0;0;100;0;0;100;0;0
2019;SP;;BAURU;3506003;98.75;1.1;0.15;93.64;5.28;1.08;86.32;10.33;3.35
2019;SP;;BAURU;3508306;0;0;0;94.82;5.18;0;88;2;10
2019;SP;;BAURU;3514502;0;0;0;97.08;1.12;1.8;94.93;0.34;4.73
2019;SP;;BAURU;3519105;0;0;0;92;4;4;89.67;6;4.33
2019;SP;;BAURU;3526803;0;0;0;96.01;3.28;0.71;94.07;3.81;2.12
2019;SP;;BAURU;3527504;0;0;0;99.21;0.79;0;98.78;0;1.22
2019;SP;;BAURU;3536570;0;0;0;100;0;0;91.53;5.08;3.39
2019;SP;;BAURU;3538907;0;0;0;100;0;0;99.82;0.18;0
2019;SP;;BAURU;3539400;0;0;0;90.87;7.96;1.17;85.35;12.42;2.23
2019;SP;;BAURU;3541109;100;0;0;100;0;0;96.75;1.63;1.62
2019;SP;;BAURU;3542503;0;0;0;97.81;2.19;0;94.94;2.81;2.25
2019;SP;;BAURU;3555505;0;0;0;89.33;6.67;4;71.69;12.65;15.66
2019;SP;;BIRIGUI;3506409;0;0;0;97.83;1.81;0.36;98.77;1.23;0
2019;SP;;BIRIGUI;3506508;0;0;0;97.78;1.77;0.45;93.68;3.84;2.48
2019;SP;;BIRIGUI;3507753;0;0;0;98.26;1.74;0;94.57;5.43;0
2019;SP;;BIRIGUI;3508108;0;0;0;99.49;0.51;0;99.11;0.89;0
2019;SP;;BIRIGUI;3512506;0;0;0;99.18;0.82;0;98.35;1.65;0
2019;SP;;BIRIGUI;3516507;0;0;0;100;0;0;100;0;0
2019;SP;;BIRIGUI;3517109;0;0;0;97.88;2.12;0;100;0;0
2019;SP;;BIRIGUI;3527256;0;0;0;100;0;0;98.63;1.37;0
2019;SP;;BIRIGUI;3537701;0;0;0;100;0;0;98.95;0;1.05
2019;SP;;BIRIGUI;3555208;0;0;0;100;0;0;95.45;4.55;0
2019;SP;;BOTUCATU;3502309;0;0;0;0;0;0;96.97;3.03;0
2019;SP;;BOTUCATU;3503604;0;0;0;0;0;0;93.62;2.68;3.7
2019;SP;;BOTUCATU;3506904;0;0;0;100;0;0;94.02;5.98;0
2019;SP;;BOTUCATU;3507506;100;0;0;92.89;4.93;2.18;86.03;10.76;3.21
2019;SP;;BOTUCATU;3511607;0;0;0;0;0;0;87.07;9.66;3.27
2019;SP;;BOTUCATU;3512308;0;0;0;98.65;0.68;0.67;90.37;2.46;7.17
2019;SP;;BOTUCATU;3523503;0;0;0;99.49;0.51;0;88.91;7.2;3.89
2019;SP;;BOTUCATU;3526407;0;0;0;97.79;1.1;1.11;88.5;6.99;4.51
2019;SP;;BOTUCATU;3536109;0;0;0;0;0;0;83.06;16.94;0
2019;SP;;BOTUCATU;3537503;0;0;0;99.21;0.79;0;99.12;0.88;0
2019;SP;;BOTUCATU;3540507;0;0;0;97.2;2.8;0;93;7;0
2019;SP;;BOTUCATU;3541059;0;0;0;98.03;1.97;0;97.4;2.6;0
2019;SP;;BOTUCATU;3541653;0;0;0;0;0;0;99.31;0;0.69
2019;SP;;BOTUCATU;3550100;0;0;0;96.77;2.91;0.32;93.84;5.88;0.28
2019;SP;;BOTUCATU;3554656;0;0;0;100;0;0;100;0;0
2019;SP;;BRAGANCA PAULISTA;3504107;100;0;0;98.09;1.07;0.84;94.17;3.74;2.09
2019;SP;;BRAGANCA PAULISTA;3507100;0;0;0;95.73;3.6;0.67;96.52;2.78;0.7
2019;SP;;BRAGANCA PAULISTA;3507605;0;0;0;98.55;0.95;0.5;91.72;5.08;3.2
2019;SP;;BRAGANCA PAULISTA;3525508;0;0;0;0;0;0;96.39;3.61;0
2019;SP;;BRAGANCA PAULISTA;3532009;0;0;0;93.86;4.1;2.04;82.03;12.91;5.06
2019;SP;;BRAGANCA PAULISTA;3532405;99.67;0.33;0;98.65;1.04;0.31;94.94;2.02;3.04
2019;SP;;BRAGANCA PAULISTA;3536802;0;0;0;0;0;0;96.39;0.6;3.01
2019;SP;;BRAGANCA PAULISTA;3538204;0;0;0;0;0;0;89.97;6.77;3.26
2019;SP;;BRAGANCA PAULISTA;3538600;0;0;0;97.83;2.01;0.16;93.71;3.45;2.84
2019;SP;;BRAGANCA PAULISTA;3552106;98.76;1.24;0;97.35;1.36;1.29;94.11;2.75;3.14
2019;SP;;BRAGANCA PAULISTA;3554953;0;0;0;0;0;0;96.79;0.53;2.68
2019;SP;;BRAGANCA PAULISTA;3556354;0;0;0;0;0;0;84.62;5.62;9.76
2019;SP;;CAIEIRAS;3509007;99.75;0.25;0;98.89;0.82;0.29;96.34;2.26;1.4
2019;SP;;CAIEIRAS;3509205;0;0;0;97.01;2.76;0.23;96.22;3.25;0.53
2019;SP;;CAIEIRAS;3516309;99.42;0.39;0.19;97.36;1.92;0.72;92.85;4.32;2.83
2019;SP;;CAIEIRAS;3516408;99.58;0.17;0.25;97.75;1.62;0.63;95.79;3.11;1.1
2019;SP;;CAIEIRAS;3528502;0;0;0;98.54;1.23;0.23;94.74;3.22;2.04
2019;SP;;CAMPINAS LESTE;3509502;99.88;0.09;0.03;96.68;2.87;0.45;92.17;6.66;1.17
2019;SP;;CAMPINAS LESTE;3524709;0;0;0;0;0;0;96.11;3.89;0
2019;SP;;CAMPINAS OESTE;3509502;98.46;1.21;0.33;95.26;3.75;0.99;89.47;6.99;3.54
2019;SP;;CAMPINAS OESTE;3556206;0;0;0;96.92;2.52;0.56;90.21;6.32;3.47
2019;SP;;CAMPINAS OESTE;3556701;0;0;0;100;0;0;90.63;4.26;5.11
2019;SP;;CAPIVARI;3510401;0;0;0;95.62;2.26;2.12;93.96;3.78;2.26
2019;SP;;CAPIVARI;3514908;0;0;0;0;0;0;92.79;5.1;2.11
2019;SP;;CAPIVARI;3520509;0;0;0;96.71;2.26;1.03;94.28;3.41;2.31
2019;SP;;CAPIVARI;3530904;0;0;0;0;0;0;100;0;0
2019;SP;;CAPIVARI;3531803;0;0;0;94;4.96;1.04;92.03;5.12;2.85
2019;SP;;CAPIVARI;3542107;0;0;0;97.95;0.41;1.64;97.59;2.41;0
2019;SP;;CAPIVARI;3544004;0;0;0;93.72;4.92;1.36;90.89;6.74;2.37
2019;SP;;CARAGUATATUBA;3510500;0;0;0;99.44;0.56;0;98.72;1.28;0
2019;SP;;CARAGUATATUBA;3520400;0;0;0;0;0;0;99.11;0.89;0
2019;SP;;CARAGUATATUBA;3550704;0;0;0;0;0;0;97.58;2.34;0.08
2019;SP;;CARAGUATATUBA;3555406;84.44;2.22;13.34;98.63;0.9;0.47;94.71;4;1.29
2019;SP;;CARAPICUIBA;3510609;99.04;0.66;0.3;94.78;3.59;1.63;91.01;5.45;3.54
2019;SP;;CARAPICUIBA;3513009;99.06;0;0.94;93.4;4.73;1.87;87.82;8.36;3.82
2019;SP;;CATANDUVA;3503703;0;0;0;99.42;0.58;0;98.67;1.33;0
2019;SP;;CATANDUVA;3509304;0;0;0;0;0;0;100;0;0
2019;SP;;CATANDUVA;3511102;0;0;0;97.37;2.55;0.08;95.35;4.31;0.34
2019;SP;;CATANDUVA;3511201;0;0;0;99.42;0.58;0;98.31;1.69;0
2019;SP;;CATANDUVA;3514924;0;0;0;0;0;0;100;0;0
2019;SP;;CATANDUVA;3514957;0;0;0;98.99;1.01;0;100;0;0
2019;SP;;CATANDUVA;3521903;0;0;0;0;0;0;95.75;1.96;2.29
2019;SP;;CATANDUVA;3528858;0;0;0;100;0;0;98.84;1.16;0
2019;SP;;CATANDUVA;3533254;0;0;0;0;0;0;93.8;6.2;0
2019;SP;;CATANDUVA;3533502;0;0;0;97.9;2.1;0;96.56;3.44;0
2019;SP;;CATANDUVA;3535101;0;0;0;98.85;1.15;0;92.95;7.05;0
2019;SP;;CATANDUVA;3535705;0;0;0;0;0;0;96.97;2.42;0.61
2019;SP;;CATANDUVA;3538105;0;0;0;90.79;6.58;2.63;91.95;5.03;3.02
2019;SP;;CATANDUVA;3545605;0;0;0;99.58;0;0.42;97.79;2.21;0
2019;SP;;CATANDUVA;3552601;0;0;0;98.17;1.83;0;99.11;0.89;0
2019;SP;;CENTRO;3550308;99.19;0.36;0.45;94.74;4.05;1.21;91.68;6.71;1.61
2019;SP;;CENTRO OESTE;3550308;99.3;0.61;0.09;96.35;2.73;0.92;88.04;8.43;3.53
2019;SP;;CENTRO SUL;3550308;99.18;0.6;0.22;94.61;4.58;0.81;86.35;11.16;2.49
2019;SP;;DIADEMA;3513801;99.92;0.05;0.03;98.67;0.99;0.34;96.4;2.62;0.98
2019;SP;;FERNANDOPOLIS;3515202;0;0;0;98.77;0.92;0.31;97.71;2.29;0
2019;SP;;FERNANDOPOLIS;3515509;100;0;0;98.29;1.63;0.08;95.53;4.18;0.29
2019;SP;;FERNANDOPOLIS;3516903;100;0;0;100;0;0;97;3;0
2019;SP;;FERNANDOPOLIS;3518008;0;0;0;100;0;0;100;0;0
2019;SP;;FERNANDOPOLIS;3520707;0;0;0;98.63;0.68;0.69;94.51;3.3;2.19
2019;SP;;FERNANDOPOLIS;3528205;0;0;0;99.39;0.61;0;98.13;1.87;0
2019;SP;;FERNANDOPOLIS;3528304;0;0;0;97.54;1.64;0.82;91.67;6.67;1.66
2019;SP;;FERNANDOPOLIS;3529609;0;0;0;99.06;0.94;0;100;0;0
2019;SP;;FERNANDOPOLIS;3530003;0;0;0;100;0;0;98.59;1.41;0
2019;SP;;FERNANDOPOLIS;3534757;0;0;0;97;3;0;95.11;4.89;0
2019;SP;;FERNANDOPOLIS;3536901;0;0;0;100;0;0;98.85;1.15;0
2019;SP;;FERNANDOPOLIS;3540408;0;0;0;99.51;0.49;0;100;0;0
2019;SP;;FERNANDOPOLIS;3549201;0;0;0;98.35;1.65;0;97.37;2.63;0
2019;SP;;FERNANDOPOLIS;3549250;0;0;0;100;0;0;100;0;0
2019;SP;;FERNANDOPOLIS;3555307;0;0;0;100;0;0;98.18;1.82;0
2019;SP;;FRANCA;3513207;0;0;0;0;0;0;96.38;0.72;2.9
2019;SP;;FRANCA;3516200;98.25;1.73;0.02;97.04;2.05;0.91;91.41;5.44;3.15
2019;SP;;FRANCA;3523701;0;0;0;95.69;1.72;2.59;87.71;3.81;8.48
2019;SP;;FRANCA;3525409;0;0;0;0;0;0;97.78;2.22;0
2019;SP;;FRANCA;3536307;0;0;0;91.92;4.04;4.04;90.45;3.4;6.15
2019;SP;;FRANCA;3537008;0;0;0;96.12;1.03;2.85;90.77;2.4;6.83
2019;SP;;FRANCA;3542701;0;0;0;0;0;0;85.44;11;3.56
2019;SP;;FRANCA;3543105;0;0;0;0;0;0;93.37;4.82;1.81
2019;SP;;FRANCA;3543600;0;0;0;96.41;2.05;1.54;89.64;5.7;4.66
2019;SP;;FRANCA;3549508;0;0;0;96.54;2.53;0.93;88.51;6.08;5.41
2019;SP;;GUARATINGUETA;3502507;0;0;0;0;0;0;93.21;5.05;1.74
2019;SP;;GUARATINGUETA;3503158;0;0;0;0;0;0;81.98;12.61;5.41
2019;SP;;GUARATINGUETA;3503505;0;0;0;0;0;0;87.66;12.34;0
2019;SP;;GUARATINGUETA;3504909;0;0;0;0;0;0;84.1;15.9;0
2019;SP;;GUARATINGUETA;3508603;0;0;0;95.22;4.19;0.59;90.53;8.07;1.4
2019;SP;;GUARATINGUETA;3509957;0;0;0;0;0;0;94.12;3.36;2.52
2019;SP;;GUARATINGUETA;3513405;0;0;0;94.77;4.35;0.88;91.11;6.65;2.24
2019;SP;;GUARATINGUETA;3513603;0;0;0;94.7;4.07;1.23;91.68;5.49;2.83
2019;SP;;GUARATINGUETA;3518404;0;0;0;92.69;5.39;1.92;83.11;14;2.89
2019;SP;;GUARATINGUETA;3526605;0;0;0;96.55;2.3;1.15;82.99;15.98;1.03
2019;SP;;GUARATINGUETA;3527207;66.67;33.33;0;89.31;7.71;2.98;86.4;9.18;4.42
2019;SP;;GUARATINGUETA;3538501;0;0;0;94.82;3.38;1.8;93.05;6.04;0.91
2019;SP;;GUARATINGUETA;3540754;0;0;0;0;0;0;81.05;13.22;5.73
2019;SP;;GUARATINGUETA;3541901;0;0;0;91.07;5.36;3.57;92.93;4.5;2.57
2019;SP;;GUARATINGUETA;3544301;0;0;0;0;0;0;87.59;11.7;0.71
2019;SP;;GUARATINGUETA;3549607;0;0;0;0;0;0;91.1;8.9;0
2019;SP;;GUARATINGUETA;3552007;0;0;0;95.37;3.47;1.16;95.11;3.26;1.63
2019;SP;;GUARULHOS NORTE;3518800;99.66;0.22;0.12;96.87;2.25;0.88;90.81;6.74;2.45
2019;SP;;GUARULHOS SUL;3518800;99.41;0.45;0.14;95.4;4.04;0.56;90.37;7.95;1.68
2019;SP;;ITAPECERICA DA SERRA;3515103;99.96;0.04;0;99.29;0.49;0.22;97.34;1.52;1.14
2019;SP;;ITAPECERICA DA SERRA;3522208;99.88;0.12;0;97.78;1.84;0.38;94.38;4.58;1.04
2019;SP;;ITAPECERICA DA SERRA;3526209;99.65;0.26;0.09;99.69;0.06;0.25;97.17;0.44;2.39
2019;SP;;ITAPECERICA DA SERRA;3549953;0;0;0;99.32;0.41;0.27;97.96;1.53;0.51
2019;SP;;ITAPETININGA;3500758;0;0;0;98.01;1.66;0.33;93.7;1.68;4.62
2019;SP;;ITAPETININGA;3502200;98.46;1.54;0;99.48;0.52;0;97.71;2.29;0
2019;SP;;ITAPETININGA;3509452;0;0;0;0;0;0;94.93;5.07;0
2019;SP;;ITAPETININGA;3518503;0;0;0;97.59;2.41;0;99.4;0.6;0
2019;SP;;ITAPETININGA;3522307;99.57;0.43;0;97.68;1.9;0.42;92.75;6.08;1.17
2019;SP;;ITAPETININGA;3535804;0;0;0;0;0;0;96.45;3.04;0.51
2019;SP;;ITAPETININGA;3550209;0;0;0;97.21;2.08;0.71;92.25;6.1;1.65
2019;SP;;ITAPETININGA;3551108;0;0;0;98.58;1.42;0;95.99;2.36;1.65
2019;SP;;ITAPETININGA;3554003;0;0;0;96.66;2.28;1.06;92.15;4.47;3.38
2019;SP;;ITAPEVA;3508009;0;0;0;0;0;0;99.05;0.95;0
2019;SP;;ITAPEVA;3510203;0;0;0;95.75;4.25;0;93.97;5.91;0.12
2019;SP;;ITAPEVA;3522406;0;0;0;0;0;0;97.36;2.6;0.04
2019;SP;;ITAPEVA;3532827;0;0;0;0;0;0;96.68;3.32;0
2019;SP;;ITAPEVA;3543253;0;0;0;99.2;0.8;0;92.33;7.67;0
2019;SP;;ITAPEVA;3553856;0;0;0;0;0;0;97.06;2.94;0
2019;SP;;ITAPEVI;3505708;0;0;0;0;0;0;93.77;4.69;1.54
2019;SP;;ITAPEVI;3522505;0;0;0;95;3.45;1.55;90.29;5.28;4.43
2019;SP;;ITAPEVI;3525003;0;0;0;95.66;3.33;1.01;92.67;4.74;2.59
2019;SP;;ITAPEVI;3539103;0;0;0;0;0;0;92.84;3.17;3.99
2019;SP;;ITAQUAQUECETUBA;3523107;99.26;0.74;0;94.67;4.41;0.92;89;8.65;2.35
2019;SP;;ITAQUAQUECETUBA;3539806;0;0;0;96.57;3.21;0.22;91.25;6.79;1.96
2019;SP;;ITARARE;3505005;100;0;0;100;0;0;99.36;0.64;0
2019;SP;;ITARARE;3507159;0;0;0;100;0;0;100;0;0
2019;SP;;ITARARE;3512605;0;0;0;98.18;0.91;0.91;90.41;4.11;5.48
2019;SP;;ITARARE;3521705;99.91;0.09;0;97.38;2.52;0.1;96.94;2.52;0.54
2019;SP;;ITARARE;3522802;100;0;0;96.22;2.27;1.51;94.32;3.41;2.27
2019;SP;;ITARARE;3523206;0;0;0;96.6;2.57;0.83;89.69;6.04;4.27
2019;SP;;ITARARE;3543501;100;0;0;97.44;1.99;0.57;95.19;1.6;3.21
2019;SP;;ITU;3507001;0;0;0;0;0;0;84.5;14.04;1.46
2019;SP;;ITU;3508405;0;0;0;98.24;1.66;0.1;96.9;2.86;0.24
2019;SP;;ITU;3511508;0;0;0;0;0;0;90.92;9.08;0
2019;SP;;ITU;3521002;0;0;0;0;0;0;96.16;3.61;0.23
2019;SP;;ITU;3523909;0;0;0;96.12;3.48;0.4;94.73;4.67;0.6
2019;SP;;ITU;3525854;0;0;0;0;0;0;97.83;2.17;0
2019;SP;;ITU;3540606;0;0;0;99;1;0;97.17;2.83;0
2019;SP;;ITU;3545209;99.62;0.38;0;97.26;2.64;0.1;96.15;3.43;0.42
2019;SP;;ITU;3554508;0;0;0;0;0;0;96.19;1.31;2.5
2019;SP;;JABOTICABAL;3506102;0;0;0;97.36;2.07;0.57;95.42;1.94;2.64
2019;SP;;JABOTICABAL;3518602;0;0;0;0;0;0;98;0.63;1.37
2019;SP;;JABOTICABAL;3518859;0;0;0;0;0;0;85.77;6.32;7.91
2019;SP;;JABOTICABAL;3524303;0;0;0;93.06;3.29;3.65;90.39;3.56;6.05
2019;SP;;JABOTICABAL;3531308;0;0;0;98.74;0.63;0.63;94.98;2.92;2.1
2019;SP;;JABOTICABAL;3531506;0;0;0;97.7;1.31;0.99;94.82;2.59;2.59
2019;SP;;JABOTICABAL;3540903;0;0;0;0;0;0;97.84;2.16;0
2019;SP;;JABOTICABAL;3553104;0;0;0;98.5;1.5;0;98.73;1.27;0
2019;SP;;JABOTICABAL;3553203;0;0;0;99.53;0;0.47;98.56;0;1.44
2019;SP;;JABOTICABAL;3553658;0;0;0;100;0;0;98.84;0;1.16
2019;SP;;JACAREI;3503901;83.33;0;16.67;97.82;1.95;0.23;89.46;8.24;2.3
2019;SP;;JACAREI;3518305;0;0;0;96.3;3.17;0.53;92.49;3.88;3.63
2019;SP;;JACAREI;3520202;0;0;0;94.72;4.91;0.37;84.08;8.22;7.7
2019;SP;;JACAREI;3524402;100;0;0;97.08;2.33;0.59;93.01;5.73;1.26
2019;SP;;JACAREI;3546009;0;0;0;0;0;0;79.9;12.89;7.21
2019;SP;;JACAREI;3546801;0;0;0;98.68;1.06;0.26;94.85;2.92;2.23
2019;SP;;JALES;3502606;0;0;0;96.74;3.26;0;97.58;2.42;0
2019;SP;;JALES;3503950;97.96;2.04;0;98.75;1.25;0;100;0;0
2019;SP;;JALES;3504206;0;0;0;99.36;0.42;0.22;98.45;1.29;0.26
2019;SP;;JALES;3513850;98.8;1.2;0;100;0;0;100;0;0
2019;SP;;JALES;3514205;0;0;0;95.37;4.63;0;93.42;6.58;0
2019;SP;;JALES;3518909;0;0;0;100;0;0;100;0;0
2019;SP;;JALES;3524808;0;0;0;98.26;1.43;0.31;96.16;3.66;0.18
2019;SP;;JALES;3529104;0;0;0;98.98;1.02;0;100;0;0
2019;SP;;JALES;3529658;0;0;0;98.04;1.96;0;97.87;2.13;0
2019;SP;;JALES;3532843;0;0;0;100;0;0;100;0;0
2019;SP;;JALES;3535200;0;0;0;99.36;0.64;0;99.13;0.87;0
2019;SP;;JALES;3535903;0;0;0;94.97;5.03;0;96.58;3.42;0
2019;SP;;JALES;3540259;0;0;0;100;0;0;100;0;0
2019;SP;;JALES;3544509;0;0;0;97.22;2.22;0.56;92.68;5.69;1.63
2019;SP;;JALES;3545704;0;0;0;99.16;0.84;0;98.19;1.81;0
2019;SP;;JALES;3546108;0;0;0;97.89;2.11;0;97.18;2.82;0
2019;SP;;JALES;3546603;0;0;0;0;0;0;95.82;4.06;0.12
2019;SP;;JALES;3547403;0;0;0;100;0;0;98.78;1.22;0
2019;SP;;JALES;3547650;100;0;0;100;0;0;97.06;2.94;0
2019;SP;;JALES;3547205;100;0;0;100;0;0;97.06;2.94;0
2019;SP;;JALES;3549003;99.19;0.81;0;100;0;0;98.97;1.03;0
2019;SP;;JALES;3552551;0;0;0;97.09;1.74;1.17;99.26;0;0.74
2019;SP;;JALES;3554904;0;0;0;97.8;2.2;0;96.41;3.59;0
2019;SP;;JALES;3555802;99.18;0.82;0;99.3;0.7;0;98.39;1.61;0
2019;SP;;JALES;3556958;0;0;0;98.86;1.14;0;98.18;1.82;0
2019;SP;;JAU;3505203;0;0;0;98.12;1.88;0;93.24;6.08;0.68
2019;SP;;JAU;3505302;0;0;0;98.43;1.24;0.33;97.48;1.68;0.84
2019;SP;;JAU;3506805;0;0;0;95.76;1.11;3.13;89.09;2.73;8.18
2019;SP;;JAU;3507308;0;0;0;99.31;0.69;0;99.19;0.81;0
2019;SP;;JAU;3507456;0;0;0;0;0;0;96.84;2.11;1.05
2019;SP;;JAU;3507902;0;0;0;96.1;1.14;2.76;92.47;2.11;5.42
2019;SP;;JAU;3514106;0;0;0;99.09;0.65;0.26;99.39;0.61;0
2019;SP;;JAU;3520004;0;0;0;93.92;5.43;0.65;93.93;5.03;1.04
2019;SP;;JAU;3522000;0;0;0;98.52;1.48;0;98;2;0
2019;SP;;JAU;3522901;0;0;0;96.86;2.4;0.74;95.14;3.14;1.72
2019;SP;;JAU;3525300;0;0;0;97.37;2.23;0.4;95.68;2.43;1.89
2019;SP;;JAU;3528007;0;0;0;94.72;4.79;0.49;96.67;2.94;0.39
2019;SP;;JAU;3529807;0;0;0;98.4;1.6;0;96.21;3.79;0
2019;SP;;JAU;3536703;0;0;0;93.86;5.98;0.16;86.45;12.77;0.78
2019;SP;;JAU;3554706;100;0;0;98.37;0.33;1.3;93.61;2.74;3.65
2019;SP;;JOSE BONIFACIO;3500204;0;0;0;0;0;0;95.93;4.07;0
2019;SP;;JOSE BONIFACIO;3504800;0;0;0;98.06;0.83;1.11;97.76;1.35;0.89
2019;SP;;JOSE BONIFACIO;3521507;0;0;0;100;0;0;99.49;0.51;0
2019;SP;;JOSE BONIFACIO;3524501;0;0;0;90.8;9.2;0;90.37;9.63;0
2019;SP;;JOSE BONIFACIO;3525706;99.06;0.94;0;97.18;2.69;0.13;86.46;13.24;0.3
2019;SP;;JOSE BONIFACIO;3529500;0;0;0;98.49;1.51;0;94.05;5.95;0
2019;SP;;JOSE BONIFACIO;3530300;100;0;0;97.84;1.95;0.21;94.44;5.43;0.13
2019;SP;;JOSE BONIFACIO;3531407;0;0;0;99.25;0.75;0;90.69;9.07;0.24
2019;SP;;JOSE BONIFACIO;3532504;0;0;0;99.45;0.55;0;97.54;2.46;0
2019;SP;;JOSE BONIFACIO;3532702;0;0;0;97.31;2.24;0.45;93.75;5.56;0.69
2019;SP;;JOSE BONIFACIO;3532801;0;0;0;80.81;12.55;6.64;71.65;21.13;7.22
2019;SP;;JOSE BONIFACIO;3539608;0;0;0;93.31;5.95;0.74;86.98;7.81;5.21
2019;SP;;JOSE BONIFACIO;3539905;98.95;1.05;0;93.62;4.96;1.42;95.91;1.17;2.92
2019;SP;;JOSE BONIFACIO;3544806;0;0;0;98.48;1.52;0;98.69;1.31;0
2019;SP;;JOSE BONIFACIO;3553401;0;0;0;98.97;0.9;0.13;94.98;5.02;0
2019;SP;;JOSE BONIFACIO;3555356;0;0;0;0;0;0;94.76;5.24;0
2019;SP;;JOSE BONIFACIO;3555703;97.8;2.2;0;100;0;0;98.21;1.79;0
2019;SP;;JOSE BONIFACIO;3556008;0;0;0;0;0;0;95.87;2.36;1.77
2019;SP;;JOSE BONIFACIO;3557154;0;0;0;99.18;0.82;0;97.3;2.7;0
2019;SP;;JUNDIAI;3509601;0;0;0;95.49;3.33;1.18;92.82;4.47;2.71
2019;SP;;JUNDIAI;3523404;0;0;0;0;0;0;92.48;4.28;3.24
2019;SP;;JUNDIAI;3524006;0;0;0;97.37;1.83;0.8;90.82;7.2;1.98
2019;SP;;JUNDIAI;3525201;0;0;0;98.04;1.76;0.2;92.26;6.83;0.91
2019;SP;;JUNDIAI;3525904;0;0;0;96.43;3.17;0.4;92.52;6.01;1.47
2019;SP;;JUNDIAI;3527306;0;0;0;98.12;1.37;0.51;95.38;2.96;1.66
2019;SP;;JUNDIAI;3556503;0;0;0;97.3;2.16;0.54;94.1;4.44;1.46
2019;SP;;LESTE 1;3550308;98.97;0.61;0.42;92.32;5.58;2.1;78.87;14.54;6.59
2019;SP;;LESTE 2;3550308;98.69;0.83;0.48;93.86;5.03;1.11;85.41;10.36;4.23
2019;SP;;LESTE 3;3550308;98.42;0.93;0.65;92.11;4.96;2.93;82.59;9.68;7.73
2019;SP;;LESTE 4;3550308;99.27;0.53;0.2;93.58;5.24;1.18;82.8;13.11;4.09
2019;SP;;LESTE 5;3550308;99.55;0.31;0.14;94.8;4.55;0.65;87.77;10.03;2.2
2019;SP;;LIMEIRA;3503802;0;0;0;96.32;3.16;0.52;91.1;6.5;2.4
2019;SP;;LIMEIRA;3512407;0;0;0;88.22;10.45;1.33;89.32;7.61;3.07
2019;SP;;LIMEIRA;3512803;0;0;0;93.05;4.2;2.75;97;1.8;1.2
2019;SP;;LIMEIRA;3515152;0;0;0;95.98;2.59;1.43;88.95;7.24;3.81
2019;SP;;LIMEIRA;3521101;0;0;0;100;0;0;100;0;0
2019;SP;;LIMEIRA;3521408;0;0;0;99.16;0.73;0.11;90.14;8.51;1.35
2019;SP;;LIMEIRA;3526902;99.17;0.65;0.18;95.97;2.71;1.32;88.94;7.28;3.78
2019;SP;;LIMEIRA;3543907;100;0;0;96.14;2.9;0.96;91.65;6.51;1.84
2019;SP;;LIMEIRA;3546702;0;0;0;0;0;0;94.22;4.77;1.01
2019;SP;;LINS;3508801;99.44;0.56;0;95.7;2.74;1.56;86.53;12.61;0.86
2019;SP;;LINS;3517000;0;0;0;99.05;0.71;0.24;95.78;3.61;0.61
2019;SP;;LINS;3517208;0;0;0;94.79;5.21;0;91.61;7.14;1.25
2019;SP;;LINS;3517307;0;0;0;93.31;3.34;3.35;84.54;7.73;7.73
2019;SP;;LINS;3518107;0;0;0;90.33;7.33;2.34;78.85;12.82;8.33
2019;SP;;LINS;3527108;99.03;0.97;0;92.47;5.92;1.61;86.56;12.67;0.77
2019;SP;;LINS;3540101;0;0;0;93.43;6.57;0;96.36;3.64;0
2019;SP;;LINS;3541604;97.23;2.77;0;97.07;2.64;0.29;81.46;15.42;3.12
2019;SP;;LINS;3544608;0;0;0;91.1;7.19;1.71;77.24;15.45;7.31
2019;SP;;LINS;3555901;0;0;0;96.92;3.08;0;97.87;2.13;0
2019;SP;;MARILIA;3501400;0;0;0;96.84;3.16;0;93.02;6.98;0
2019;SP;;MARILIA;3501509;0;0;0;99.43;0.57;0;100;0;0
2019;SP;;MARILIA;3514700;0;0;0;95.42;4.58;0;87.23;12.23;0.54
2019;SP;;MARILIA;3515657;0;0;0;100;0;0;100;0;0
2019;SP;;MARILIA;3516606;0;0;0;95.71;4.29;0;92.37;7.63;0
2019;SP;;MARILIA;3516705;0;0;0;99.01;0.81;0.18;93.01;4.42;2.57
2019;SP;;MARILIA;3525805;0;0;0;98.94;1.06;0;94.48;5.52;0
2019;SP;;MARILIA;3527801;0;0;0;98.21;1.35;0.44;96.4;0.9;2.7
2019;SP;;MARILIA;3529005;99.6;0.4;0;97.62;2.07;0.31;93.73;4.68;1.59
2019;SP;;MARILIA;3533700;0;0;0;99.53;0;0.47;98.18;0;1.82
2019;SP;;MARILIA;3534104;100;0;0;98.52;0.99;0.49;95.2;4;0.8
2019;SP;;MARILIA;3534500;0;0;0;0;0;0;96.05;3.95;0
2019;SP;;MARILIA;3540002;0;0;0;97.95;2.05;0;91.02;8.98;0
2019;SP;;MARILIA;3556602;0;0;0;99.56;0.22;0.22;98.1;1.9;0
2019;SP;;MAUA;3529401;99;0.78;0.22;95.61;3.67;0.72;90.31;7.42;2.27
2019;SP;;MAUA;3543303;99.46;0.49;0.05;96.73;3.02;0.25;92.6;6.53;0.87
2019;SP;;MAUA;3544103;99.08;0.72;0.2;95.19;4.05;0.76;90.39;7.57;2.04
2019;SP;;MIRACATU;3520301;96.88;3.13;-0.01;99.52;0.48;0;96.77;3.03;0.2
2019;SP;;MIRACATU;3520426;0;0;0;0;0;0;99.19;0.81;0
2019;SP;;MIRACATU;3523305;99.17;0.83;0;97.71;2.29;0;95.45;4.55;0
2019;SP;;MIRACATU;3526100;0;0;0;99.32;0.49;0.19;96.81;2.7;0.49
2019;SP;;MIRACATU;3529906;95.45;4.55;0;98.91;0.93;0.16;97.6;1.89;0.51
2019;SP;;MIRACATU;3537206;0;0;0;99.37;0.31;0.32;97.47;1.27;1.26
2019;SP;;MIRANTE DO PARANAPANEMA;3515301;0;0;0;100;0;0;96.88;3.13;-0.01
2019;SP;;MIRANTE DO PARANAPANEMA;3515350;0;0;0;99.58;0.42;0;98.7;1.3;0
2019;SP;;MIRANTE DO PARANAPANEMA;3530201;99.47;0.53;0;98.58;1.42;0;98.72;1.12;0.16
2019;SP;;MIRANTE DO PARANAPANEMA;3532207;0;0;0;0;0;0;100;0;0
2019;SP;;MIRANTE DO PARANAPANEMA;3544251;100;0;0;97.88;2.12;0;97.73;2.27;0
2019;SP;;MIRANTE DO PARANAPANEMA;3545506;0;0;0;0;0;0;98.59;1.41;0
2019;SP;;MIRANTE DO PARANAPANEMA;3553906;0;0;0;0;0;0;94.96;5.04;0
2019;SP;;MIRANTE DO PARANAPANEMA;3554300;99.67;0.33;0;99.18;0.82;0;97.26;2.1;0.64
2019;SP;;MOGI DAS CRUZES;3506607;0;0;0;97.54;2.02;0.44;89.98;6.1;3.92
2019;SP;;MOGI DAS CRUZES;3530607;99.62;0.31;0.07;97.99;1.39;0.62;90.86;6.88;2.26
2019;SP;;MOGI DAS CRUZES;3545001;0;0;0;98.84;0.77;0.39;94.32;5.21;0.47
2019;SP;;MOGI MIRIM;3500501;97.26;2.74;0;93.21;6.17;0.62;92.25;4.65;3.1
2019;SP;;MOGI MIRIM;3501905;98.88;1.12;0;96.06;2.93;1.01;91.39;4.8;3.81
2019;SP;;MOGI MIRIM;3512209;0;0;0;97.57;2.07;0.36;95.78;3.22;1
2019;SP;;MOGI MIRIM;3557303;0;0;0;0;0;0;98.47;0.92;0.61
2019;SP;;MOGI MIRIM;3519055;0;0;0;0;0;0;90.02;8.23;1.75
2019;SP;;MOGI MIRIM;3522604;99.74;0;0.26;91.06;6.64;2.3;86.65;6.68;6.67
2019;SP;;MOGI MIRIM;3527009;0;0;0;0;0;0;98.78;1.22;0
2019;SP;;MOGI MIRIM;3530706;0;0;0;95.02;2.39;2.59;90.27;5.5;4.23
2019;SP;;MOGI MIRIM;;100;0;0;93.76;3.96;2.28;90.52;4.07;5.41
2019;SP;;MOGI MIRIM;3531209;0;0;0;0;0;0;95.64;1.09;3.27
2019;SP;;MOGI MIRIM;3537107;0;0;0;96.96;2.6;0.44;87.38;7.66;4.96
2019;SP;;MOGI MIRIM;3548005;0;0;0;0;0;0;87.98;11.15;0.87
2019;SP;;MOGI MIRIM;3551603;99.31;0.52;0.17;99.4;0.43;0.17;94.09;3.76;2.15
2019;SP;;NORTE 1;3550308;98.77;0.76;0.47;92.73;6.04;1.23;81.98;13.17;4.85
2019;SP;;NORTE 2;3550308;99.2;0.58;0.22;94.77;4.18;1.05;88.67;8.25;3.08
2019;SP;;OSASCO;3534401;33.33;66.67;0;94.1;4.2;1.7;89.44;6.93;3.63
2019;SP;;OURINHOS;3506300;0;0;0;98.77;0.82;0.41;93.49;3.45;3.06
2019;SP;;OURINHOS;3509809;0;0;0;93.87;4.98;1.15;96.11;2.22;1.67
2019;SP;;OURINHOS;3510153;0;0;0;0;0;0;98.52;0.99;0.49
2019;SP;;OURINHOS;3557204;0;0;0;99.13;0.65;0.22;94.98;4.08;0.94
2019;SP;;OURINHOS;3515194;0;0;0;99.58;0.42;0;97.24;2.76;0
2019;SP;;OURINHOS;3519501;0;0;0;95.07;3.87;1.06;87.36;8.79;3.85
2019;SP;;OURINHOS;3520905;0;0;0;0;0;0;98.92;1.08;0
2019;SP;;OURINHOS;3534708;98.96;1.04;0;97.03;1.58;1.39;93.17;5.03;1.8
2019;SP;;OURINHOS;3543204;0;0;0;99.54;0;0.46;96.13;3.87;0
2019;SP;;OURINHOS;3545407;0;0;0;97.43;2.57;0;89.8;5.1;5.1
2019;SP;;OURINHOS;3546405;100;0;0;97.71;1.07;1.22;92.35;6.16;1.49
2019;SP;;OURINHOS;3550506;0;0;0;92.95;6.79;0.26;92.56;4.55;2.89
2019;SP;;PENAPOLIS;3501103;0;0;0;96.4;3.6;0;94.79;5.21;0
2019;SP;;PENAPOLIS;3504404;0;0;0;92.05;2.78;5.17;91.6;2.8;5.6
2019;SP;;PENAPOLIS;3505104;0;0;0;97.12;1.6;1.28;93.75;3.75;2.5
2019;SP;;PENAPOLIS;3507704;100;0;0;97.98;2.02;0;97.76;2.24;0
2019;SP;;PENAPOLIS;3511904;0;0;0;99.02;0.98;0;98.62;1.38;0
2019;SP;;PENAPOLIS;3527702;0;0;0;99.6;0.4;0;99.06;0.94;0
2019;SP;;PENAPOLIS;3537305;100;0;0;97.44;2.43;0.13;95.71;4.21;0.08
2019;SP;;PENAPOLIS;3548401;0;0;0;100;0;0;99.2;0.8;0
2019;SP;;PINDAMONHANGABA;3509700;0;0;0;0;0;0;82.52;14.11;3.37
2019;SP;;PINDAMONHANGABA;3538006;0;0;0;98.25;1.19;0.56;93.86;4.33;1.81
2019;SP;;PINDAMONHANGABA;3548203;0;0;0;0;0;0;97.08;2.08;0.84
2019;SP;;PINDAMONHANGABA;3548609;0;0;0;97.6;1;1.4;91.64;4.18;4.18
2019;SP;;PINDAMONHANGABA;3554805;0;0;0;0;0;0;91.88;6.15;1.97
2019;SP;;PIRACICABA;3500600;0;0;0;0;0;0;94.62;5.38;0
2019;SP;;PIRACICABA;3511706;0;0;0;95.73;4.27;0;90.19;8.77;1.04
2019;SP;;PIRACICABA;3538709;99.93;0.07;0;98.09;1.3;0.61;94.57;3.32;2.11
2019;SP;;PIRACICABA;3545159;0;0;0;97.16;1.8;1.04;95.52;4.1;0.38
2019;SP;;PIRACICABA;3547007;0;0;0;98.54;0.29;1.17;96.71;2.63;0.66
2019;SP;;PIRACICABA;3550407;0;0;0;0;0;0;92.69;4.79;2.52
2019;SP;;PIRAJU;3515400;0;0;0;97.32;1.91;0.77;96.76;2.23;1.01
2019;SP;;PIRAJU;3528601;0;0;0;95.05;1.8;3.15;88.12;4.98;6.9
2019;SP;;PIRAJU;3533809;0;0;0;99.22;0.78;0;98.96;1.04;0
2019;SP;;PIRAJU;3538808;0;0;0;98.05;1.09;0.86;95.7;2.78;1.52
2019;SP;;PIRAJU;3551207;0;0;0;94.94;1.69;3.37;94.57;3.26;2.17
2019;SP;;PIRAJU;3553005;0;0;0;98.41;1.59;0;98.22;1.78;0
2019;SP;;PIRAJU;3554201;0;0;0;97.67;0.93;1.4;89.89;2.13;7.98
2019;SP;;PIRAJU;3554607;0;0;0;99.16;0.84;0;91.76;4.71;3.53
2019;SP;;PIRASSUNUNGA;3502002;0;0;0;0;0;0;87.16;11.01;1.83
2019;SP;;PIRASSUNUNGA;3503307;98.86;1.14;0;96.91;2.05;1.04;90.14;6.62;3.24
2019;SP;;PIRASSUNUNGA;3526704;0;0;0;97.63;1.57;0.8;93.45;4.28;2.27
2019;SP;;PIRASSUNUNGA;3539301;0;0;0;95.91;3.68;0.41;88.23;9.98;1.79
2019;SP;;PIRASSUNUNGA;3540705;0;0;0;91.24;5.03;3.73;80.42;10.2;9.38
2019;SP;;PIRASSUNUNGA;3546207;0;0;0;98.12;0.94;0.94;92.93;6.06;1.01
2019;SP;;PIRASSUNUNGA;3546306;0;0;0;97.33;2.11;0.56;81.63;12.06;6.31
2019;SP;;PIRASSUNUNGA;3547502;0;0;0;93.32;6.53;0.15;84.41;10.55;5.04
2019;SP;;PRESIDENTE PRUDENTE;3500808;97.73;2.27;0;94.9;3.82;1.28;91.1;2.05;6.85
2019;SP;;PRESIDENTE PRUDENTE;3501301;0;0;0;0;0;0;90.79;5.08;4.13
2019;SP;;PRESIDENTE PRUDENTE;3502408;0;0;0;99.49;0;0.51;94.39;2.8;2.81
2019;SP;;PRESIDENTE PRUDENTE;3508900;0;0;0;97.25;2.75;0;90.99;4.5;4.51
2019;SP;;PRESIDENTE PRUDENTE;3520608;0;0;0;96.97;2.42;0.61;94.16;5.11;0.73
2019;SP;;PRESIDENTE PRUDENTE;3529203;0;0;0;97.57;2.43;0;95.67;4.33;0
2019;SP;;PRESIDENTE PRUDENTE;3539202;0;0;0;94.83;3.48;1.69;92.86;2.65;4.49
2019;SP;;PRESIDENTE PRUDENTE;3541406;0;0;0;93.28;5.78;0.94;87.17;10.38;2.45
2019;SP;;PRESIDENTE PRUDENTE;3542404;0;0;0;91.7;7.39;0.91;89.3;9.67;1.03
2019;SP;;PRESIDENTE PRUDENTE;3548302;0;0;0;92.17;7.83;0;91.14;8.86;0
2019;SP;;PRESIDENTE PRUDENTE;3552908;0;0;0;96.09;2.49;1.42;96.34;3.05;0.61
2019;SP;;REGISTRO;3505401;0;0;0;96.12;0.39;3.49;94.28;0.3;5.42
2019;SP;;REGISTRO;3509254;0;0;0;96.74;3;0.26;94.01;4.79;1.2
2019;SP;;REGISTRO;3509908;100;0;0;91.22;6.43;2.35;78.08;13.87;8.05
2019;SP;;REGISTRO;3514809;100;0;0;97.5;2.5;0;93.28;5.55;1.17
2019;SP;;REGISTRO;3524600;0;0;0;97.77;1.45;0.78;91.9;8.1;0
2019;SP;;REGISTRO;3536208;96.43;0;3.57;99.28;0.41;0.31;94.21;2.38;3.41
2019;SP;;REGISTRO;3542602;100;0;0;96.81;2.11;1.08;92.96;4.95;2.09
2019;SP;;REGISTRO;3551801;80;20;0;93.05;5.7;1.25;85.43;12.77;1.8
2019;SP;;RIBEIRAO PRETO;3501004;0;0;0;99.72;0;0.28;89.62;2.97;7.41
2019;SP;;RIBEIRAO PRETO;3505906;99.39;0.61;0;94.62;3.54;1.84;87.3;6.74;5.96
2019;SP;;RIBEIRAO PRETO;3507803;0;0;0;89.52;6.55;3.93;81.55;9.88;8.57
2019;SP;;RIBEIRAO PRETO;3509403;0;0;0;92.91;4.36;2.73;89.36;8.42;2.22
2019;SP;;RIBEIRAO PRETO;3510906;0;0;0;0;0;0;96.91;1.03;2.06
2019;SP;;RIBEIRAO PRETO;3513108;0;0;0;89.94;8.45;1.61;85.22;13.04;1.74
2019;SP;;RIBEIRAO PRETO;3527603;0;0;0;0;0;0;77.06;12.77;10.17
2019;SP;;RIBEIRAO PRETO;3543402;97.49;2.23;0.28;90.68;7.21;2.11;83.41;11.52;5.07
2019;SP;;RIBEIRAO PRETO;3546256;0;0;0;0;0;0;97.78;1.11;1.11
2019;SP;;RIBEIRAO PRETO;3547601;0;0;0;96.5;3.5;0;95.96;3.64;0.4
2019;SP;;RIBEIRAO PRETO;3547908;0;0;0;0;0;0;92.8;3.39;3.81
2019;SP;;RIBEIRAO PRETO;3550902;100;0;0;100;0;0;99.2;0.54;0.26
2019;SP;;RIBEIRAO PRETO;3551405;0;0;0;93.39;4.07;2.54;86.69;7.69;5.62
2019;SP;;RIBEIRAO PRETO;3551504;0;0;0;88.37;9.34;2.29;82.54;12.5;4.96
2019;SP;;SANTO ANASTACIO;3509106;0;0;0;100;0;0;100;0;0
2019;SP;;SANTO ANASTACIO;3515129;0;0;0;0;0;0;100;0;0
2019;SP;;SANTO ANASTACIO;3528700;0;0;0;100;0;0;98.06;1.94;0
2019;SP;;SANTO ANASTACIO;3538303;0;0;0;97.95;1.37;0.68;95.18;3.61;1.21
2019;SP;;SANTO ANASTACIO;3541208;0;0;0;87.76;12.24;0;92.15;6.1;1.75
2019;SP;;SANTO ANASTACIO;3541307;99.41;0.59;0;99.07;0.78;0.15;92.86;6.36;0.78
2019;SP;;SANTO ANASTACIO;3541505;0;0;0;97.77;1.72;0.51;93.78;4.75;1.47
2019;SP;;SANTO ANASTACIO;3543238;0;0;0;95.56;4.44;0;85.29;13.24;1.47
2019;SP;;SANTO ANASTACIO;3547700;0;0;0;92.57;6.63;0.8;86.89;10.68;2.43
2019;SP;;SANTO ANDRE;3547809;99.08;0.73;0.19;95.3;3.74;0.96;89.7;7.54;2.76
2019;SP;;SANTOS;3506359;0;0;0;95.85;2.45;1.7;91.37;4.94;3.69
2019;SP;;SANTOS;3513504;100;0;0;97.1;2.23;0.67;89.44;6.75;3.81
2019;SP;;SANTOS;3518701;99.39;0.17;0.44;96.53;1.63;1.84;92.18;3.57;4.25
2019;SP;;SANTOS;3548500;97.95;2.05;0;97.7;1.76;0.54;93.94;4.78;1.28
2019;SP;;SAO BERNARDO DO CAMPO;3548708;100;0;0;95.82;3.65;0.53;87.04;10.32;2.64
2019;SP;;SAO BERNARDO DO CAMPO;3548807;0;0;0;96.21;3.75;0.04;86.62;12.26;1.12
2019;SP;;SAO CARLOS;3512704;0;0;0;0;0;0;100;0;0
2019;SP;;SAO CARLOS;3513702;0;0;0;0;0;0;94.95;5.05;0
2019;SP;;SAO CARLOS;3514304;0;0;0;99.29;0.71;0;98.91;1.09;0
2019;SP;;SAO CARLOS;3519303;0;0;0;99.42;0.58;0;97.36;2.64;0
2019;SP;;SAO CARLOS;3523602;0;0;0;99.71;0.29;0;98.3;1.7;0
2019;SP;;SAO CARLOS;3542909;0;0;0;0;0;0;83.02;15.12;1.86
2019;SP;;SAO CARLOS;3548906;100;0;0;99.68;0.3;0.02;98.54;1.46;0
2019;SP;;SAO JOAO DA BOA VISTA;3500303;98.86;1.14;0;98.06;1.84;0.1;91.87;7.71;0.42
2019;SP;;SAO JOAO DA BOA VISTA;3500402;0;0;0;98.42;1.19;0.39;94.33;2.84;2.83
2019;SP;;SAO JOAO DA BOA VISTA;3508702;100;0;0;98.41;1.14;0.45;95.25;4.22;0.53
2019;SP;;SAO JOAO DA BOA VISTA;3510807;0;0;0;93.12;5.48;1.4;85.58;12.02;2.4
2019;SP;;SAO JOAO DA BOA VISTA;3513900;0;0;0;94.91;2.31;2.78;90.39;3.9;5.71
2019;SP;;SAO JOAO DA BOA VISTA;3515186;98.19;1.55;0.26;95.5;3.2;1.3;90.05;7.02;2.93
2019;SP;;SAO JOAO DA BOA VISTA;3523800;100;0;0;90.6;7.52;1.88;72.57;9.71;17.72
2019;SP;;SAO JOAO DA BOA VISTA;3530508;100;0;0;97.34;2.37;0.29;90.99;5.88;3.13
2019;SP;;SAO JOAO DA BOA VISTA;3548104;100;0;0;98.51;1.49;0;98.13;1.87;0
2019;SP;;SAO JOAO DA BOA VISTA;3549102;0;0;0;96.53;2.52;0.95;92.86;5.94;1.2
2019;SP;;SAO JOAO DA BOA VISTA;3549706;98.29;1.49;0.22;95.49;3.9;0.61;88.43;9.86;1.71
2019;SP;;SAO JOAO DA BOA VISTA;3550803;0;0;0;97.12;2.22;0.66;92.43;2.63;4.94
2019;SP;;SAO JOAO DA BOA VISTA;3553302;0;0;0;97.35;2.19;0.46;90.89;6.63;2.48
2019;SP;;SAO JOAO DA BOA VISTA;3553609;0;0;0;95;5;0;85.02;12.89;2.09
2019;SP;;SAO JOAO DA BOA VISTA;3556404;0;0;0;95.62;3.16;1.22;85.75;7.99;6.26
2019;SP;;SAO JOAQUIM DA BARRA;3503000;0;0;0;94.37;5.3;0.33;86.67;13.33;0
2019;SP;;SAO JOAQUIM DA BARRA;3508207;0;0;0;0;0;0;98.11;0;1.89
2019;SP;;SAO JOAQUIM DA BARRA;3517703;0;0;0;0;0;0;93.41;2.2;4.39
2019;SP;;SAO JOAQUIM DA BARRA;3520103;0;0;0;0;0;0;87.79;12.21;0
2019;SP;;SAO JOAQUIM DA BARRA;3521309;0;0;0;0;0;0;94.03;5.35;0.62
2019;SP;;SAO JOAQUIM DA BARRA;3524105;0;0;0;0;0;0;92.97;7.03;0
2019;SP;;SAO JOAQUIM DA BARRA;3529708;0;0;0;0;0;0;94.06;2.5;3.44
2019;SP;;SAO JOAQUIM DA BARRA;3531902;0;0;0;91.79;8.02;0.19;92.91;7.09;0
2019;SP;;SAO JOAQUIM DA BARRA;3533601;0;0;0;0;0;0;100;0;0
2019;SP;;SAO JOAQUIM DA BARRA;3534302;0;0;0;0;0;0;93.33;0.5;6.17
2019;SP;;SAO JOAQUIM DA BARRA;3544905;0;0;0;98.17;1.83;0;95.92;4.08;0
2019;SP;;SAO JOAQUIM DA BARRA;3549409;98.8;1.2;0;95.78;2.88;1.34;83.94;10.83;5.23
2019;SP;;SAO JOSE DO RIO PRETO;3504602;0;0;0;93.84;5.43;0.73;80.96;14.75;4.29
2019;SP;;SAO JOSE DO RIO PRETO;3511300;0;0;0;0;0;0;94.16;4.28;1.56
2019;SP;;SAO JOSE DO RIO PRETO;3517505;0;0;0;0;0;0;94.62;5.38;0
2019;SP;;SAO JOSE DO RIO PRETO;3519402;0;0;0;0;0;0;87.86;11.79;0.35
2019;SP;;SAO JOSE DO RIO PRETO;3519808;0;0;0;0;0;0;98.23;1.33;0.44
2019;SP;;SAO JOSE DO RIO PRETO;3521150;0;0;0;96.97;3.03;0;94.64;5.36;0
2019;SP;;SAO JOSE DO RIO PRETO;3530409;0;0;0;97.86;0.43;1.71;86.67;8.33;5
2019;SP;;SAO JOSE DO RIO PRETO;3533007;0;0;0;95.69;3.83;0.48;85.37;14.45;0.18
2019;SP;;SAO JOSE DO RIO PRETO;3534005;0;0;0;94.68;5.32;0;96.34;3.66;0
2019;SP;;SAO JOSE DO RIO PRETO;3534203;0;0;0;0;0;0;98.92;1.08;0
2019;SP;;SAO JOSE DO RIO PRETO;3535002;0;0;0;0;0;0;96.85;3.15;0
2019;SP;;SAO JOSE DO RIO PRETO;3540804;0;0;0;0;0;0;87.9;9.88;2.22
2019;SP;;SAO JOSE DO RIO PRETO;3549805;0;0;0;96.26;2.79;0.95;91.85;6.4;1.75
2019;SP;;SAO JOSE DO RIO PRETO;3555604;0;0;0;0;0;0;92.69;5.38;1.93
2019;SP;;SAO JOSE DOS CAMPOS;3531704;0;0;0;93.72;6.28;0;90.84;8.4;0.76
2019;SP;;SAO JOSE DOS CAMPOS;3549904;99.18;0.78;0.04;95.94;3.82;0.24;90.11;8.74;1.15
2019;SP;;SAO ROQUE;3501152;0;0;0;0;0;0;99.14;0.86;0
2019;SP;;SAO ROQUE;3502754;0;0;0;0;0;0;94.36;5.49;0.15
2019;SP;;SAO ROQUE;3519709;100;0;0;97.71;1.64;0.65;94.8;2.75;2.45
2019;SP;;SAO ROQUE;3528403;0;0;0;0;0;0;96.67;3.07;0.26
2019;SP;;SAO ROQUE;3550605;0;0;0;0;0;0;96.3;2.65;1.05
2019;SP;;SAO ROQUE;3556453;0;0;0;95.69;3.58;0.73;93.3;4.67;2.03
2019;SP;;SAO VICENTE;3522109;100;0;0;93.66;5.44;0.9;88.6;7.89;3.51
2019;SP;;SAO VICENTE;3531100;100;0;0;84.48;15.52;0;89.01;9.95;1.04
2019;SP;;SAO VICENTE;3537602;91.84;8.16;0;94.76;4.26;0.98;90.29;7.88;1.83
2019;SP;;SAO VICENTE;3541000;100;0;0;93.68;4.86;1.46;92.42;6.28;1.3
2019;SP;;SAO VICENTE;3551009;96.51;3.49;0;92.87;5.94;1.19;89.52;8.25;2.23
2019;SP;;SERTAOZINHO;3505609;0;0;0;0;0;0;96.6;1.32;2.08
2019;SP;;SERTAOZINHO;3514601;0;0;0;0;0;0;97.95;2.05;0
2019;SP;;SERTAOZINHO;3525102;0;0;0;0;0;0;93.36;3.66;2.98
2019;SP;;SERTAOZINHO;3539509;0;0;0;96.79;2.25;0.96;93.37;4.13;2.5
2019;SP;;SERTAOZINHO;3540200;0;0;0;99.51;0.41;0.08;97.93;1.84;0.23
2019;SP;;SERTAOZINHO;3551702;91.67;8.33;0;98.84;0.73;0.43;96.66;1.89;1.45
2019;SP;;SERTAOZINHO;3554409;0;0;0;0;0;0;93.89;1.15;4.96
2019;SP;;SERTAOZINHO;3556800;0;0;0;99.25;0.75;0;98.34;0.95;0.71
2019;SP;;SOROCABA;3552205;99.95;0;0.05;98.32;1.07;0.61;95.1;3.18;1.72
2019;SP;;SUL 1;3550308;99.34;0.5;0.16;91.56;6.75;1.69;83.96;12.72;3.32
2019;SP;;SUL 2;3550308;99.02;0.5;0.48;93;5.37;1.63;85.81;10.11;4.08
2019;SP;;SUL 3;3550308;97.96;1.32;0.72;90.51;7.48;2.01;82.78;11.94;5.28
2019;SP;;SUMARE;3519071;99.13;0.87;0;96.86;2.3;0.84;94.54;4.29;1.17
2019;SP;;SUMARE;3536505;0;0;0;96.11;3.37;0.52;90.59;7.34;2.07
2019;SP;;SUMARE;3552403;99.48;0.48;0.04;97.33;2.03;0.64;94.6;3.86;1.54
2019;SP;;SUZANO;3515707;0;0;0;94.79;3.59;1.62;87.82;7.88;4.3
2019;SP;;SUZANO;3552502;99.12;0.57;0.31;96.36;2.54;1.1;90.23;6.92;2.85
2019;SP;;TABOAO DA SERRA;3515004;99.43;0.53;0.04;93.06;6.25;0.69;88.53;9.54;1.93
2019;SP;;TABOAO DA SERRA;3552809;97.15;2.85;0;94.23;4.93;0.84;90.72;7.55;1.73
2019;SP;;TAQUARITINGA;3507407;98.65;1.18;0.17;98.35;1.65;0;97.66;2.34;0
2019;SP;;TAQUARITINGA;3510104;0;0;0;0;0;0;100;0;0
2019;SP;;TAQUARITINGA;3514007;100;0;0;99.77;0;0.23;100;0;0
2019;SP;;TAQUARITINGA;3515608;0;0;0;0;0;0;95.81;1.8;2.39
2019;SP;;TAQUARITINGA;3519600;99.48;0.43;0.09;97.73;2.18;0.09;93.88;6.04;0.08
2019;SP;;TAQUARITINGA;3522703;99.93;0;0.07;98.87;0.98;0.15;97.43;2.38;0.19
2019;SP;;TAQUARITINGA;3539004;0;0;0;99.75;0;0.25;99.7;0.3;0
2019;SP;;TAQUARITINGA;3546504;0;0;0;100;0;0;100;0;0
2019;SP;;TAQUARITINGA;3552700;100;0;0;99.01;0.99;0;95.38;3.46;1.16
2019;SP;;TAQUARITINGA;3553708;100;0;0;98.05;1.95;0;91.64;6.61;1.75
2019;SP;;TAQUARITINGA;3556909;0;0;0;100;0;0;100;0;0
2019;SP;;TAUBATE;3508504;0;0;0;95.06;4.03;0.91;92.8;5.31;1.89
2019;SP;;TAUBATE;3524907;0;0;0;0;0;0;96.7;1.1;2.2
2019;SP;;TAUBATE;3526308;0;0;0;98.08;1.15;0.77;93.58;5.35;1.07
2019;SP;;TAUBATE;3532306;0;0;0;98.65;0.9;0.45;92.49;7.04;0.47
2019;SP;;TAUBATE;3535606;0;0;0;95.91;3.76;0.33;91.95;7.49;0.56
2019;SP;;TAUBATE;3542305;0;0;0;99.15;0;0.85;93.57;1.43;5
2019;SP;;TAUBATE;;0;0;0;0;0;0;92.94;2.26;4.8
2019;SP;;TAUBATE;3554102;75;25;0;97.26;1.92;0.82;94.26;4.45;1.29
2019;SP;;TUPA;3503356;100;0;0;99.12;0;0.88;100;0;0
2019;SP;;TUPA;3505807;97.1;2.9;0;99.42;0.49;0.09;97.05;1.71;1.24
2019;SP;;TUPA;3519006;96.13;3.87;0;97.35;1.59;1.06;93.66;4.23;2.11
2019;SP;;TUPA;3519204;97.32;2.68;0;98.6;1.05;0.35;95.59;1.47;2.94
2019;SP;;TUPA;3525607;0;0;0;98.58;1.42;0;95.08;3.28;1.64
2019;SP;;TUPA;3536000;0;0;0;99.53;0.23;0.24;94.92;0.85;4.23
2019;SP;;TUPA;3541703;0;0;0;97.77;1.56;0.67;97.62;2.38;0
2019;SP;;TUPA;3541802;0;0;0;100;0;0;91.24;5.84;2.92
2019;SP;;TUPA;3542008;0;0;0;96.96;2.7;0.34;96.67;3.33;0
2019;SP;;TUPA;3542206;96.72;3.28;0;98.8;1.11;0.09;97.67;1.86;0.47
2019;SP;;TUPA;3543808;98.34;1.66;0;97.99;1.26;0.75;91.61;4.01;4.38
2019;SP;;TUPA;3555000;97.31;2.6;0.09;96.57;2.47;0.96;87.96;9.15;2.89
2019;SP;;VOTORANTIM;3502903;0;0;0;0;0;0;96.76;2.38;0.86
2019;SP;;VOTORANTIM;3510302;0;0;0;0;0;0;91.49;2.43;6.08
2019;SP;;VOTORANTIM;3537800;0;0;0;98.38;0.87;0.75;95.69;1.83;2.48
2019;SP;;VOTORANTIM;3537909;0;0;0;98.44;1.09;0.47;97.6;1.6;0.8
2019;SP;;VOTORANTIM;3545308;100;0;0;98.74;0.57;0.69;92.62;5.43;1.95
2019;SP;;VOTORANTIM;3553500;0;0;0;98.56;0.62;0.82;95.13;2.6;2.27
2019;SP;;VOTORANTIM;3557006;0;0;0;98.18;0.95;0.87;96.11;2.07;1.82
2019;SP;;VOTUPORANGA;3501202;0;0;0;100;0;0;95.45;2.73;1.82
2019;SP;;VOTUPORANGA;3501806;0;0;0;98.77;1.23;0;99.02;0.98;0
2019;SP;;VOTUPORANGA;3510708;100;0;0;99.2;0.8;0;96.3;2.96;0.74
2019;SP;;VOTUPORANGA;3512902;0;0;0;97.74;2.26;0;95.69;3.53;0.78
2019;SP;;VOTUPORANGA;3515905;0;0;0;100;0;0;100;0;0
2019;SP;;VOTUPORANGA;3516804;100;0;0;97.53;2.47;0;97.12;2.88;0
2019;SP;;VOTUPORANGA;3528106;0;0;0;99.04;0.96;0;94.61;3.43;1.96
2019;SP;;VOTUPORANGA;3531001;100;0;0;98.96;1.04;0;98.46;0;1.54
2019;SP;;VOTUPORANGA;3532603;97.22;0;2.78;99.49;0.25;0.26;97.17;1.42;1.41
2019;SP;;VOTUPORANGA;3532868;0;0;0;100;0;0;100;0;0
2019;SP;;VOTUPORANGA;3533304;0;0;0;98.67;1.33;0;99.02;0.98;0
2019;SP;;VOTUPORANGA;3536257;0;0;0;100;0;0;100;0;0
2019;SP;;VOTUPORANGA;3536604;0;0;0;0;0;0;99.12;0.88;0
2019;SP;;VOTUPORANGA;3540309;0;0;0;96.3;3.7;0;96.23;1.89;1.88
2019;SP;;VOTUPORANGA;3544202;0;0;0;0;0;0;95.49;3.38;1.13
2019;SP;;VOTUPORANGA;3551306;0;0;0;100;0;0;100;0;0
2019;SP;;VOTUPORANGA;3556107;0;0;0;94.88;5.12;0;92.86;7.14;0
2019;SP;;VOTUPORANGA;3557105;0;0;0;98.09;1.21;0.7;94.8;3;2.2
