NU_ANO_CENSO;NO_REGIAO;CO_REGIAO;NO_UF;SG_UF;CO_UF;NO_MUNICIPIO;CO_MUNICIPIO;NO_MESORREGIAO;CO_MESORREGIAO;NO_MICRORREGIAO;CO_MICRORREGIAO;CO_DISTRITO;CO_ENTIDADE;NO_ENTIDADE;TP_DEPENDENCIA;TP_CATEGORIA_ESCOLA_PRIVADA;TP_LOCALIZACAO;TP_LOCALIZACAO_DIFERENCIADA;DS_ENDERECO;NU_ENDERECO;DS_COMPLEMENTO;NO_BAIRRO;CO_CEP;NU_DDD;NU_TELEFONE;TP_SITUACAO_FUNCIONAMENTO;CO_ORGAO_REGIONAL;DT_ANO_LETIVO_INICIO;DT_ANO_LETIVO_TERMINO;IN_VINCULO_SECRETARIA_EDUCACAO;IN_VINCULO_SEGURANCA_PUBLICA;IN_VINCULO_SECRETARIA_SAUDE;IN_VINCULO_OUTRO_ORGAO;IN_CONVENIADA_PP;TP_CONVENIO_PODER_PUBLICO;IN_MANT_ESCOLA_PRIVADA_EMP;IN_MANT_ESCOLA_PRIVADA_ONG;IN_MANT_ESCOLA_PRIVADA_OSCIP;IN_MANT_ESCOLA_PRIV_ONG_OSCIP;IN_MANT_ESCOLA_PRIVADA_SIND;IN_MANT_ESCOLA_PRIVADA_SIST_S;IN_MANT_ESCOLA_PRIVADA_S_FINS;NU_CNPJ_ESCOLA_PRIVADA;NU_CNPJ_MANTENEDORA;TP_REGULAMENTACAO;TP_RESPONSAVEL_REGULAMENTACAO;CO_ESCOLA_SEDE_VINCULADA;CO_IES_OFERTANTE;IN_LOCAL_FUNC_PREDIO_ESCOLAR;TP_OCUPACAO_PREDIO_ESCOLAR;IN_LOCAL_FUNC_SALAS_EMPRESA;IN_LOCAL_FUNC_SOCIOEDUCATIVO;IN_LOCAL_FUNC_UNID_PRISIONAL;IN_LOCAL_FUNC_PRISIONAL_SOCIO;IN_LOCAL_FUNC_TEMPLO_IGREJA;IN_LOCAL_FUNC_CASA_PROFESSOR;IN_LOCAL_FUNC_GALPAO;TP_OCUPACAO_GALPAO;IN_LOCAL_FUNC_SALAS_OUTRA_ESC;IN_LOCAL_FUNC_OUTROS;IN_PREDIO_COMPARTILHADO;IN_AGUA_FILTRADA;IN_AGUA_POTAVEL;IN_AGUA_REDE_PUBLICA;IN_AGUA_POCO_ARTESIANO;IN_AGUA_CACIMBA;IN_AGUA_FONTE_RIO;IN_AGUA_INEXISTENTE;IN_ENERGIA_REDE_PUBLICA;IN_ENERGIA_GERADOR;IN_ENERGIA_GERADOR_FOSSIL;IN_ENERGIA_OUTROS;IN_ENERGIA_RENOVAVEL;IN_ENERGIA_INEXISTENTE;IN_ESGOTO_REDE_PUBLICA;IN_ESGOTO_FOSSA_SEPTICA;IN_ESGOTO_FOSSA_COMUM;IN_ESGOTO_FOSSA;IN_ESGOTO_INEXISTENTE;IN_LIXO_SERVICO_COLETA;IN_LIXO_QUEIMA;IN_LIXO_ENTERRA;IN_LIXO_DESTINO_FINAL_PUBLICO;IN_LIXO_DESCARTA_OUTRA_AREA;IN_LIXO_JOGA_OUTRA_AREA;IN_LIXO_OUTROS;IN_LIXO_RECICLA;IN_TRATAMENTO_LIXO_SEPARACAO;IN_TRATAMENTO_LIXO_REUTILIZA;IN_TRATAMENTO_LIXO_RECICLAGEM;IN_TRATAMENTO_LIXO_INEXISTENTE;IN_ALMOXARIFADO;IN_AREA_VERDE;IN_AUDITORIO;IN_BANHEIRO_FORA_PREDIO;IN_BANHEIRO_DENTRO_PREDIO;IN_BANHEIRO;IN_BANHEIRO_EI;IN_BANHEIRO_PNE;IN_BANHEIRO_FUNCIONARIOS;IN_BANHEIRO_CHUVEIRO;IN_BERCARIO;IN_BIBLIOTECA;IN_BIBLIOTECA_SALA_LEITURA;IN_COZINHA;IN_DESPENSA;IN_DORMITORIO_ALUNO;IN_DORMITORIO_PROFESSOR;IN_LABORATORIO_CIENCIAS;IN_LABORATORIO_INFORMATICA;IN_PATIO_COBERTO;IN_PATIO_DESCOBERTO;IN_PARQUE_INFANTIL;IN_PISCINA;IN_QUADRA_ESPORTES;IN_QUADRA_ESPORTES_COBERTA;IN_QUADRA_ESPORTES_DESCOBERTA;IN_REFEITORIO;IN_SALA_ATELIE_ARTES;IN_SALA_MUSICA_CORAL;IN_SALA_ESTUDIO_DANCA;IN_SALA_MULTIUSO;IN_SALA_DIRETORIA;IN_SALA_LEITURA;IN_SALA_PROFESSOR;IN_SALA_REPOUSO_ALUNO;IN_SECRETARIA;IN_SALA_ATENDIMENTO_ESPECIAL;IN_TERREIRAO;IN_VIVEIRO;IN_DEPENDENCIAS_PNE;IN_LAVANDERIA;IN_DEPENDENCIAS_OUTRAS;IN_ACESSIBILIDADE_CORRIMAO;IN_ACESSIBILIDADE_ELEVADOR;IN_ACESSIBILIDADE_PISOS_TATEIS;IN_ACESSIBILIDADE_VAO_LIVRE;IN_ACESSIBILIDADE_RAMPAS;IN_ACESSIBILIDADE_SINAL_SONORO;IN_ACESSIBILIDADE_SINAL_TATIL;IN_ACESSIBILIDADE_SINAL_VISUAL;IN_ACESSIBILIDADE_INEXISTENTE;QT_SALAS_EXISTENTES;QT_SALAS_UTILIZADAS_DENTRO;QT_SALAS_UTILIZADAS_FORA;QT_SALAS_UTILIZADAS;QT_SALAS_UTILIZA_CLIMATIZADAS;QT_SALAS_UTILIZADAS_ACESSIVEIS;IN_EQUIP_PARABOLICA;IN_COMPUTADOR;IN_EQUIP_COPIADORA;IN_EQUIP_IMPRESSORA;IN_EQUIP_IMPRESSORA_MULT;IN_EQUIP_SCANNER;IN_EQUIP_NENHUM;IN_EQUIP_DVD;QT_EQUIP_DVD;IN_EQUIP_SOM;QT_EQUIP_SOM;IN_EQUIP_TV;QT_EQUIP_TV;IN_EQUIP_LOUSA_DIGITAL;QT_EQUIP_LOUSA_DIGITAL;IN_EQUIP_MULTIMIDIA;QT_EQUIP_MULTIMIDIA;IN_EQUIP_VIDEOCASSETE;IN_EQUIP_RETROPROJETOR;IN_EQUIP_FAX;IN_EQUIP_FOTO;QT_EQUIP_VIDEOCASSETE;QT_EQUIP_PARABOLICA;QT_EQUIP_COPIADORA;QT_EQUIP_RETROPROJETOR;QT_EQUIP_IMPRESSORA;QT_EQUIP_IMPRESSORA_MULT;QT_EQUIP_FAX;QT_EQUIP_FOTO;QT_COMP_ALUNO;IN_DESKTOP_ALUNO;QT_DESKTOP_ALUNO;IN_COMP_PORTATIL_ALUNO;QT_COMP_PORTATIL_ALUNO;IN_TABLET_ALUNO;QT_TABLET_ALUNO;QT_COMPUTADOR;QT_COMP_ADMINISTRATIVO;IN_INTERNET;IN_INTERNET_ALUNOS;IN_INTERNET_ADMINISTRATIVO;IN_INTERNET_APRENDIZAGEM;IN_INTERNET_COMUNIDADE;IN_ACESSO_INTERNET_COMPUTADOR;IN_ACES_INTERNET_DISP_PESSOAIS;TP_REDE_LOCAL;IN_BANDA_LARGA;QT_FUNCIONARIOS;IN_PROF_ADMINISTRATIVOS;QT_PROF_ADMINISTRATIVOS;IN_PROF_SERVICOS_GERAIS;QT_PROF_SERVICOS_GERAIS;IN_PROF_BIBLIOTECARIO;QT_PROF_BIBLIOTECARIO;IN_PROF_SAUDE;QT_PROF_SAUDE;IN_PROF_COORDENADOR;QT_PROF_COORDENADOR;IN_PROF_FONAUDIOLOGO;QT_PROF_FONAUDIOLOGO;IN_PROF_NUTRICIONISTA;QT_PROF_NUTRICIONISTA;IN_PROF_PSICOLOGO;QT_PROF_PSICOLOGO;IN_PROF_ALIMENTACAO;QT_PROF_ALIMENTACAO;IN_PROF_PEDAGOGIA;QT_PROF_PEDAGOGIA;IN_PROF_SECRETARIO;QT_PROF_SECRETARIO;IN_PROF_SEGURANCA;QT_PROF_SEGURANCA;IN_PROF_MONITORES;QT_PROF_MONITORES;IN_PROF_GESTAO;QT_PROF_GESTAO;IN_PROF_ASSIST_SOCIAL;QT_PROF_ASSIST_SOCIAL;IN_ALIMENTACAO;IN_SERIE_ANO;IN_PERIODOS_SEMESTRAIS;IN_FUNDAMENTAL_CICLOS;IN_GRUPOS_NAO_SERIADOS;IN_MODULOS;IN_FORMACAO_ALTERNANCIA;IN_MATERIAL_PED_MULTIMIDIA;IN_MATERIAL_PED_INFANTIL;IN_MATERIAL_PED_CIENTIFICO;IN_MATERIAL_PED_DIFUSAO;IN_MATERIAL_PED_MUSICAL;IN_MATERIAL_PED_JOGOS;IN_MATERIAL_PED_ARTISTICAS;IN_MATERIAL_PED_DESPORTIVA;IN_MATERIAL_PED_INDIGENA;IN_MATERIAL_PED_ETNICO;IN_MATERIAL_PED_CAMPO;IN_MATERIAL_PED_NENHUM;IN_MATERIAL_ESP_QUILOMBOLA;IN_MATERIAL_ESP_INDIGENA;IN_MATERIAL_ESP_NAO_UTILIZA;IN_EDUCACAO_INDIGENA;TP_INDIGENA_LINGUA;CO_LINGUA_INDIGENA_1;CO_LINGUA_INDIGENA_2;CO_LINGUA_INDIGENA_3;IN_BRASIL_ALFABETIZADO;IN_FINAL_SEMANA;IN_EXAME_SELECAO;IN_RESERVA_PPI;IN_RESERVA_RENDA;IN_RESERVA_PUBLICA;IN_RESERVA_PCD;IN_RESERVA_OUTROS;IN_RESERVA_NENHUMA;IN_REDES_SOCIAIS;IN_ESPACO_ATIVIDADE;IN_ESPACO_EQUIPAMENTO;IN_ORGAO_ASS_PAIS;IN_ORGAO_ASS_PAIS_MESTRES;IN_ORGAO_CONSELHO_ESCOLAR;IN_ORGAO_GREMIO_ESTUDANTIL;IN_ORGAO_OUTROS;IN_ORGAO_NENHUM;TP_PROPOSTA_PEDAGOGICA;TP_AEE;TP_ATIVIDADE_COMPLEMENTAR;IN_MEDIACAO_PRESENCIAL;IN_MEDIACAO_SEMIPRESENCIAL;IN_MEDIACAO_EAD;IN_REGULAR;IN_DIURNO;IN_NOTURNO;IN_EAD;IN_BAS;IN_INF;IN_INF_CRE;IN_INF_PRE;IN_FUND;IN_FUND_AI;IN_FUND_AF;IN_MED;IN_PROF;IN_PROF_TEC;IN_EJA;IN_EJA_FUND;IN_EJA_MED;IN_ESP;IN_ESP_CC;IN_ESP_CE;QT_MAT_BAS;QT_MAT_INF;QT_MAT_INF_CRE;QT_MAT_INF_PRE;QT_MAT_FUND;QT_MAT_FUND_AI;QT_MAT_FUND_AF;QT_MAT_MED;QT_MAT_PROF;QT_MAT_PROF_TEC;QT_MAT_EJA;QT_MAT_EJA_FUND;QT_MAT_EJA_MED;QT_MAT_ESP;QT_MAT_ESP_CC;QT_MAT_ESP_CE;QT_MAT_BAS_FEM;QT_MAT_BAS_MASC;QT_MAT_BAS_ND;QT_MAT_BAS_BRANCA;QT_MAT_BAS_PRETA;QT_MAT_BAS_PARDA;QT_MAT_BAS_AMARELA;QT_MAT_BAS_INDIGENA;QT_MAT_BAS_0_3;QT_MAT_BAS_4_5;QT_MAT_BAS_6_10;QT_MAT_BAS_11_14;QT_MAT_BAS_15_17;QT_MAT_BAS_18_MAIS;QT_MAT_BAS_D;QT_MAT_BAS_N;QT_MAT_BAS_EAD;QT_MAT_INF_INT;QT_MAT_INF_CRE_INT;QT_MAT_INF_PRE_INT;QT_MAT_FUND_INT;QT_MAT_FUND_AI_INT;QT_MAT_FUND_AF_INT;QT_MAT_MED_INT;QT_DOC_BAS;QT_DOC_INF;QT_DOC_INF_CRE;QT_DOC_INF_PRE;QT_DOC_FUND;QT_DOC_FUND_AI;QT_DOC_FUND_AF;QT_DOC_MED;QT_DOC_PROF;QT_DOC_PROF_TEC;QT_DOC_EJA;QT_DOC_EJA_FUND;QT_DOC_EJA_MED;QT_DOC_ESP;QT_DOC_ESP_CC;QT_DOC_ESP_CE;QT_TUR_BAS;QT_TUR_INF;QT_TUR_INF_CRE;QT_TUR_INF_PRE;QT_TUR_FUND;QT_TUR_FUND_AI;QT_TUR_FUND_AF;QT_TUR_MED;QT_TUR_PROF;QT_TUR_PROF_TEC;QT_TUR_EJA;QT_TUR_EJA_FUND;QT_TUR_EJA_MED;QT_TUR_ESP;QT_TUR_ESP_CC;QT_TUR_ESP_CE
2020;Norte;1;Rondônia;RO;11;Ariquemes;1100023;Leste Rondoniense;1102;Ariquemes;11003;110002305;11049758;SENAC ARIQUEMES;4;1;1;0;RUA DOS INOCENTES;131;;SETOR GRANDES AREAS;76876674;69;35361290;1;1;06JAN2020:00:00:00;22DEC2020:00:00:00;0;0;0;0;0;0;0;0;0;0;0;1;0;3,58187E+12;3,58187E+12;1;2;0;0;1;2;0;0;0;0;0;0;0;0;0;0;0;0;1;1;0;0;0;0;1;0;0;0;0;0;0;1;0;1;0;1;0;0;0;0;0;0;0;0;0;0;1;1;0;0;0;0;1;0;1;1;1;0;1;1;0;0;0;0;0;1;1;0;0;0;0;0;0;0;0;0;0;0;1;1;1;0;1;0;0;0;0;0;0;0;0;1;0;0;0;0;0;0;0;5;0;5;5;0;0;1;0;0;1;0;0;0;0;0;0;1;5;0;0;1;5;0;0;0;0;0;0;0;0;0;0;0;0;0;1;37;1;21;1;11;0;0;1;1;1;1;1;1;1;3;1;0;1;6;1;3;0;0;0;0;0;0;0;0;0;0;0;0;0;0;0;0;1;1;0;0;0;0;0;0;0;0;0;0;0;0;0;1;0;1;0;1;1;0;1;0;0;0;0;0;0;0;0;0;0;0;0;0;0;0;0;0;0;0;0;0;0;0;1;0;0;0;0;0;0;0;1;1;0;0;1;0;0;0;0;1;0;1;0;0;0;0;0;0;0;1;1;0;0;0;0;0;0;170;0;0;0;0;0;0;0;170;170;0;0;0;0;0;0;158;12;34;47;15;72;0;2;0;0;0;0;0;170;0;170;0;0;0;0;0;0;0;0;14;0;0;0;0;0;0;0;14;14;0;0;0;0;0;0;4;0;0;0;0;0;0;0;4;4;0;0;0;0;0;0
2020;Norte;1;Rondônia;RO;11;Cacoal;1100049;Leste Rondoniense;1102;Cacoal;11006;110004905;11106832;SENAC-CACOAL-RO;4;1;1;0;AVENIDA DOIS DE JUNHO;2563;;CENTRO;76963787;69;34414927;1;2;13JAN2020:00:00:00;18DEC2020:00:00:00;0;0;0;0;0;0;0;0;0;0;0;1;0;3,58187E+12;3,58187E+12;1;2;0;0;1;1;0;0;0;0;0;0;0;0;0;0;0;0;1;1;0;0;0;0;1;0;0;0;0;0;0;1;0;1;0;1;0;0;0;0;0;0;0;0;0;0;1;1;0;0;0;0;1;0;1;0;0;0;1;1;1;0;0;0;0;1;0;0;0;0;0;0;0;0;0;0;0;0;1;1;1;0;1;0;0;0;0;0;0;0;1;0;1;0;0;0;0;0;0;17;0;17;17;0;1;1;0;0;1;0;0;1;5;1;2;1;10;0;0;1;2;0;0;0;0;0;0;0;0;0;0;0;0;0;1;65;0;0;0;0;0;0;1;1;1;1;0;1;0;1;1;0;1;9;1;5;0;0;0;0;0;0;0;0;0;0;0;0;0;0;1;3;0;0;0;0;0;0;1;1;0;0;0;0;0;0;1;0;0;1;0;0;0;0;1;0;0;0;0;0;0;0;0;0;0;0;0;0;0;0;0;0;0;0;0;0;0;0;1;0;1;0;0;0;0;0;1;0;0;0;1;0;0;0;1;1;0;1;0;0;0;0;0;0;0;1;1;0;0;0;0;0;0;182;0;0;0;0;0;0;0;182;182;0;0;0;0;0;0;149;33;6;33;11;126;0;6;0;0;0;0;4;178;37;145;0;0;0;0;0;0;0;0;25;0;0;0;0;0;0;0;25;25;0;0;0;0;0;0;9;0;0;0;0;0;0;0;9;9;0;0;0;0;0;0
2020;Norte;1;Rondônia;RO;11;Jaru;1100114;Leste Rondoniense;1102;Ji-Paraná;11004;110011405;11050047;SERVICO NACIONAL DE APRENDIZAGEM COMERCIAL - SENAC JARU;4;1;1;0;RUA FLORIANOPOLIS;3045;ENFRENTE CAIXA ECO;SETOR 2;76890000;69;35213730;1;6;06JAN2020:00:00:00;23DEC2020:00:00:00;0;0;0;0;0;0;0;0;0;0;0;1;0;3,58187E+12;3,58187E+12;1;2;0;0;1;1;0;0;0;0;0;0;0;0;0;0;0;0;1;1;0;0;0;0;1;0;0;0;0;0;0;1;0;1;0;1;0;0;0;0;0;0;0;0;0;0;1;0;0;0;0;0;1;0;1;0;0;0;0;0;0;0;0;0;0;1;1;0;0;0;0;0;0;0;0;0;0;0;0;0;1;0;1;0;0;0;0;0;0;0;0;0;0;0;0;0;0;1;0;8;0;8;8;0;0;1;0;0;1;0;0;0;0;0;0;1;2;0;0;0;0;0;0;0;0;0;0;0;0;0;0;0;0;0;1;22;0;0;0;0;0;0;1;1;1;0;0;1;0;1;1;0;1;2;1;3;0;0;0;0;1;1;0;0;0;0;0;0;0;0;1;1;1;1;0;0;0;0;0;0;0;0;0;0;0;0;0;1;0;1;0;0;0;0;0;0;0;0;0;0;0;0;0;0;0;0;0;0;0;0;0;0;0;0;0;0;0;0;1;0;0;0;0;0;0;0;1;1;0;0;1;0;0;0;1;1;0;1;0;0;0;0;0;0;0;1;1;0;0;0;1;1;0;83;0;0;0;0;0;0;0;83;83;0;0;0;4;4;0;50;33;30;19;1;32;1;0;0;0;0;0;10;73;36;47;0;0;0;0;0;0;0;0;5;0;0;0;0;0;0;0;5;5;0;0;0;3;3;0;4;0;0;0;0;0;0;0;4;4;0;0;0;3;3;0
2020;Norte;1;Rondônia;RO;11;Ji-Paraná;1100122;Leste Rondoniense;1102;Ji-Paraná;11004;110012205;11110813;SERVICO NACIONAL DE APRENDIZAGEM COMERCIAL - SENAC JI-PARANA;4;1;1;0;AVENIDA DOIS DE ABRIL;2004;;DOIS DE ABRIL;76900808;69;34210659;1;7;06JAN2020:00:00:00;23DEC2020:00:00:00;0;0;0;0;0;0;0;0;0;0;0;1;0;3,58187E+12;3,58187E+12;1;2;0;0;1;1;0;0;0;0;0;0;0;0;0;0;0;0;1;1;0;0;0;0;1;0;0;0;0;0;0;1;0;1;0;1;0;0;0;0;0;0;0;0;0;0;1;1;0;1;0;0;1;0;1;0;1;0;1;1;0;0;0;0;0;1;1;1;0;0;0;0;0;0;0;0;0;0;1;0;0;0;0;0;0;0;0;0;0;1;0;0;1;1;0;0;0;0;0;8;0;8;8;6;0;1;0;1;1;0;0;1;1;1;1;1;8;0;0;1;2;0;0;0;0;0;0;0;0;0;0;0;0;0;1;30;0;0;0;0;0;0;1;1;1;1;0;1;0;1;1;0;1;5;1;6;0;0;0;0;0;0;0;0;0;0;0;0;0;0;1;2;1;1;0;0;0;0;1;1;0;0;0;0;0;0;0;1;0;1;0;1;1;0;1;0;0;0;0;0;0;0;0;0;0;0;0;0;0;0;0;0;0;0;0;0;0;0;1;1;1;0;0;0;0;0;1;1;0;0;1;0;0;0;1;1;0;1;0;0;0;0;0;0;0;1;1;0;0;0;0;0;0;50;0;0;0;0;0;0;0;50;50;0;0;0;0;0;0;42;8;0;9;7;34;0;0;0;0;0;0;1;49;30;20;0;0;0;0;0;0;0;0;10;0;0;0;0;0;0;0;10;10;0;0;0;0;0;0;3;0;0;0;0;0;0;0;3;3;0;0;0;0;0;0
2020;Norte;1;Rondônia;RO;11;Pimenta Bueno;1100189;Leste Rondoniense;1102;Vilhena;11007;110018905;11049731;CENTRO DE EDUCACAO PROFISSIONAL SENAC PIMENTA BUENO;4;1;1;0;RUA RAPOSO TAVARES;698;PROXIMO ATACAREJO;CTG;76970000;69;34516235;1;10;06JAN2020:00:00:00;18DEC2020:00:00:00;0;0;0;0;0;0;0;0;0;0;0;1;0;3,58187E+12;3,58187E+12;1;2;0;0;1;3;0;0;0;0;0;0;0;0;0;0;0;0;1;1;0;0;0;0;1;0;0;0;0;0;0;1;0;1;0;1;0;0;0;0;0;0;0;0;0;0;1;1;1;0;0;0;1;0;1;1;1;0;0;1;0;0;0;0;0;1;0;1;0;0;0;0;0;0;0;0;0;0;1;1;0;0;0;0;0;0;0;0;0;0;0;0;0;1;0;0;0;0;0;8;0;8;8;0;0;1;0;0;1;1;0;0;0;0;0;1;8;0;0;1;3;0;0;0;0;0;0;0;0;0;0;0;0;0;1;28;0;0;1;6;0;0;1;1;1;1;0;1;0;1;1;0;1;4;1;2;0;0;0;0;1;1;0;0;0;0;0;0;0;0;0;0;1;1;0;0;0;0;0;0;0;0;0;0;0;0;0;1;0;1;0;0;0;0;0;0;0;0;0;0;0;0;0;0;0;0;0;0;0;0;0;0;0;0;0;0;0;0;1;1;0;0;0;1;0;0;0;1;0;0;1;0;0;0;0;1;0;1;0;0;0;0;0;0;0;1;1;0;0;0;1;1;0;40;0;0;0;0;0;0;0;40;40;0;0;0;1;1;0;32;8;10;11;2;16;0;1;0;0;0;0;0;40;0;40;0;0;0;0;0;0;0;0;3;0;0;0;0;0;0;0;3;3;0;0;0;1;1;0;2;0;0;0;0;0;0;0;2;2;0;0;0;1;1;0
2020;Norte;1;Rondônia;RO;11;Porto Velho;1100205;Madeira-Guaporé;1101;Porto Velho;11001;110020505;11047941;CENTRO DE EDUCACAO PROFISSIONAL SENAC ESPLANADA;4;1;1;0;RUA TABAJARA;539;;PANAIR;76801348;69;21816900;1;9;08JAN2020:00:00:00;11DEC2020:00:00:00;0;0;0;0;0;0;0;0;0;0;0;1;0;3,58187E+12;3,58187E+12;1;2;0;0;1;1;0;0;0;0;0;0;0;0;0;0;0;0;1;1;0;0;0;0;1;0;0;0;0;0;0;1;0;1;0;1;0;0;0;0;0;0;0;1;0;1;0;0;1;1;0;0;1;0;1;1;1;0;1;1;1;1;0;0;0;1;1;0;0;0;0;0;0;0;0;0;0;1;1;0;1;0;1;1;0;0;0;0;0;1;0;1;1;1;0;1;1;0;0;21;0;21;21;21;0;1;0;1;1;0;0;0;0;0;0;1;21;0;0;1;2;0;0;0;0;0;0;0;0;0;0;0;0;0;1;131;0;0;0;0;0;0;1;1;1;1;0;1;0;1;1;0;0;0;0;0;0;0;0;0;0;0;0;0;0;0;0;0;0;0;0;0;0;0;0;0;0;0;0;0;0;0;0;0;0;0;0;1;0;1;0;1;1;0;0;0;0;0;0;0;0;0;0;0;0;0;0;0;0;0;0;0;0;0;0;0;0;0;1;0;0;0;0;0;0;0;1;0;0;0;1;0;0;0;1;1;0;1;0;0;0;0;0;0;0;1;1;0;0;0;0;0;0;133;0;0;0;0;0;0;0;133;133;0;0;0;0;0;0;90;43;39;14;6;74;0;0;0;0;0;0;0;133;17;116;0;0;0;0;0;0;0;0;25;0;0;0;0;0;0;0;25;25;0;0;0;0;0;0;7;0;0;0;0;0;0;0;7;7;0;0;0;0;0;0
2020;Norte;1;Rondônia;RO;11;Porto Velho;1100205;Madeira-Guaporé;1101;Porto Velho;11001;110020505;11049251;CEP SENAC JATUARANA - PORTO VELHO;4;0;1;0;AVENIDA JATUARANA;4046;;CONCEICAO;76808426;69;32273186;2;9;0;0;0;0;0;0;0;0;0;0;0;0;0;0;0;;;0;0;0;0;0;0;0;0;0;0;0;0;0;0;0;0;0;0;0;0;0;0;0;0;0;0;0;0;0;0;0;0;0;0;0;0;0;0;0;0;0;0;0;0;0;0;0;0;0;0;0;0;0;0;0;0;0;0;0;0;0;0;0;0;0;0;0;0;0;0;0;0;0;0;0;0;0;0;0;0;0;0;0;0;0;0;0;0;0;0;0;0;0;0;0;0;0;0;0;0;0;0;0;0;0;0;0;0;0;0;0;0;0;0;0;0;0;0;0;0;0;0;0;0;0;0;0;0;0;0;0;0;0;0;0;0;0;0;0;0;0;0;0;0;0;0;0;0;0;0;0;0;0;0;0;0;0;0;0;0;0;0;0;0;0;0;0;0;0;0;0;0;0;0;0;0;0;0;0;0;0;0;0;0;0;0;0;0;0;0;0;0;0;0;0;0;0;0;0;0;0;0;0;0;0;0;0;0;0;0;0;0;0;0;0;0;0;0;0;0;0;0;0;0;0;0;0;0;0;0;0;0;0;0;0;0;0;0;0;0;0;0;0;0;0;0;0;0;0;0;0;0;0;0;0;0;0;0;0;0;0;0;0;0;0;0;0;0;0;0;0;0;0;0;0;0;0;0;0;0;0;0;0;0;0;0;0;0;0;0;0;0;0;0;0;0;0;0;0;0;0;0;0;0;0;0;0;0;0;0;0;0;0;0;0;0;0;0;0;0;0;0;0;0;0
2020;Norte;1;Rondônia;RO;11;Porto Velho;1100205;Madeira-Guaporé;1101;Porto Velho;11001;110020505;11049260;CEP SENAC - ZONA LESTE - PORTO VELHO;4;0;1;0;RUA ALEXANDRE GUIMARAES;7669;;TANCREDO NEVES;76829613;69;32263486;2;9;0;0;0;0;0;0;0;0;0;0;0;0;0;0;0;;;0;0;0;0;0;0;0;0;0;0;0;0;0;0;0;0;0;0;0;0;0;0;0;0;0;0;0;0;0;0;0;0;0;0;0;0;0;0;0;0;0;0;0;0;0;0;0;0;0;0;0;0;0;0;0;0;0;0;0;0;0;0;0;0;0;0;0;0;0;0;0;0;0;0;0;0;0;0;0;0;0;0;0;0;0;0;0;0;0;0;0;0;0;0;0;0;0;0;0;0;0;0;0;0;0;0;0;0;0;0;0;0;0;0;0;0;0;0;0;0;0;0;0;0;0;0;0;0;0;0;0;0;0;0;0;0;0;0;0;0;0;0;0;0;0;0;0;0;0;0;0;0;0;0;0;0;0;0;0;0;0;0;0;0;0;0;0;0;0;0;0;0;0;0;0;0;0;0;0;0;0;0;0;0;0;0;0;0;0;0;0;0;0;0;0;0;0;0;0;0;0;0;0;0;0;0;0;0;0;0;0;0;0;0;0;0;0;0;0;0;0;0;0;0;0;0;0;0;0;0;0;0;0;0;0;0;0;0;0;0;0;0;0;0;0;0;0;0;0;0;0;0;0;0;0;0;0;0;0;0;0;0;0;0;0;0;0;0;0;0;0;0;0;0;0;0;0;0;0;0;0;0;0;0;0;0;0;0;0;0;0;0;0;0;0;0;0;0;0;0;0;0;0;0;0;0;0;0;0;0;0;0;0;0;0;0;0;0;0;0;0;0;0;0;0
2020;Norte;1;Rondônia;RO;11;Porto Velho;1100205;Madeira-Guaporé;1101;Porto Velho;11001;110020505;11049766;SENAC PORTO VELHO - CENTRO;4;0;1;0;RUA GENERAL OSORIO;91;;CENTRO;76801086;69;21816900;2;9;0;0;0;0;0;0;0;0;0;0;0;0;0;0;0;;;0;0;0;0;0;0;0;0;0;0;0;0;0;0;0;0;0;0;0;0;0;0;0;0;0;0;0;0;0;0;0;0;0;0;0;0;0;0;0;0;0;0;0;0;0;0;0;0;0;0;0;0;0;0;0;0;0;0;0;0;0;0;0;0;0;0;0;0;0;0;0;0;0;0;0;0;0;0;0;0;0;0;0;0;0;0;0;0;0;0;0;0;0;0;0;0;0;0;0;0;0;0;0;0;0;0;0;0;0;0;0;0;0;0;0;0;0;0;0;0;0;0;0;0;0;0;0;0;0;0;0;0;0;0;0;0;0;0;0;0;0;0;0;0;0;0;0;0;0;0;0;0;0;0;0;0;0;0;0;0;0;0;0;0;0;0;0;0;0;0;0;0;0;0;0;0;0;0;0;0;0;0;0;0;0;0;0;0;0;0;0;0;0;0;0;0;0;0;0;0;0;0;0;0;0;0;0;0;0;0;0;0;0;0;0;0;0;0;0;0;0;0;0;0;0;0;0;0;0;0;0;0;0;0;0;0;0;0;0;0;0;0;0;0;0;0;0;0;0;0;0;0;0;0;0;0;0;0;0;0;0;0;0;0;0;0;0;0;0;0;0;0;0;0;0;0;0;0;0;0;0;0;0;0;0;0;0;0;0;0;0;0;0;0;0;0;0;0;0;0;0;0;0;0;0;0;0;0;0;0;0;0;0;0;0;0;0;0;0;0;0;0;0;0;0
2020;Norte;1;Rondônia;RO;11;Vilhena;1100304;Leste Rondoniense;1102;Vilhena;11007;110030405;11110821;SENAC VILHENA;4;1;1;0;AVENIDA AVENIDA SABINO BEZERRA DE QUEIROZ;3661;;JARDIM AMERICA;76980794;69;33221060;1;13;13JAN2020:00:00:00;18DEC2020:00:00:00;0;0;0;0;0;0;0;0;0;0;0;1;0;3,58187E+12;3,58187E+12;1;2;0;0;1;1;0;0;0;0;0;0;0;0;1;0;0;0;1;1;0;1;0;0;1;0;0;0;0;0;0;1;0;1;0;1;0;0;0;0;0;0;0;1;0;0;0;1;1;0;0;0;1;0;1;0;1;0;1;1;1;0;0;0;0;1;1;1;0;0;0;0;0;0;0;0;0;0;1;0;1;0;1;0;0;0;0;0;0;0;0;0;1;1;0;0;1;0;0;10;0;10;10;10;1;1;0;0;1;0;0;1;1;1;2;1;10;0;0;1;1;0;0;0;0;0;0;0;0;0;0;0;0;0;1;54;0;0;0;0;0;0;1;1;1;1;0;1;0;1;1;0;1;4;1;4;0;0;0;0;0;0;0;0;0;0;0;0;0;0;1;2;1;1;0;0;1;1;1;1;0;0;0;0;0;0;0;1;0;1;0;0;1;0;0;0;0;0;0;0;0;0;0;0;0;0;0;0;0;0;0;0;0;0;0;0;0;0;1;1;1;0;0;0;0;0;1;0;0;0;1;0;0;0;1;1;0;1;0;0;0;0;0;0;0;1;1;0;0;0;1;1;0;106;0;0;0;0;0;0;0;106;106;0;0;0;1;1;0;82;24;20;29;3;53;1;0;0;0;0;0;2;104;29;77;0;0;0;0;0;0;0;0;32;0;0;0;0;0;0;0;32;32;0;0;0;16;16;0;7;0;0;0;0;0;0;0;7;7;0;0;0;1;1;0
2020;Norte;1;Amazonas;AM;13;Manaus;1302603;Centro Amazonense;1303;Manaus;13007;130260305;13101510;CENTRO DE FORMACAO PROFISSIONAL FERNANDO ALFREDO PEQUENO FRANCO - SENAC;4;1;1;0;RUA SALDANHA MARINHO;410;;CENTRO;69010040;92;32157181;1;1;20JAN2020:00:00:00;30DEC2020:00:00:00;0;0;0;0;0;0;0;0;0;0;0;1;0;3,96545E+12;3,96545E+12;1;2;0;0;0;0;0;0;0;0;0;0;0;0;0;1;0;0;1;1;1;0;0;0;1;0;0;0;0;0;1;0;0;0;0;1;0;0;0;0;0;0;0;1;0;0;0;1;1;1;0;0;1;0;1;0;1;0;1;1;1;0;0;0;1;1;1;1;0;0;0;0;0;0;0;0;0;0;1;1;1;0;1;0;0;0;0;0;0;1;1;0;0;0;0;0;0;0;0;0;1;1;0;0;0;1;1;1;0;0;0;1;1;0;0;1;2;0;0;1;88888;0;0;0;0;0;0;0;0;0;0;0;0;0;1;20;1;2;1;1;0;0;1;0;1;0;0;0;0;9;1;0;1;5;1;3;1;1;1;2;1;1;0;0;0;0;0;0;0;0;0;0;1;1;0;0;1;1;0;0;0;0;0;0;0;0;0;1;0;1;0;0;0;0;0;0;0;0;0;0;0;0;0;0;0;0;0;0;0;0;0;0;0;0;0;0;0;0;1;0;1;0;0;0;0;1;0;1;0;0;1;0;0;0;1;1;0;1;0;0;0;0;0;0;0;1;1;0;0;0;0;0;0;94;0;0;0;0;0;0;0;94;94;0;0;0;0;0;0;93;1;10;7;0;76;0;1;0;0;0;0;0;94;50;44;0;0;0;0;0;0;0;0;4;0;0;0;0;0;0;0;4;4;0;0;0;0;0;0;5;0;0;0;0;0;0;0;5;5;0;0;0;0;0;0
2020;Norte;1;Roraima;RR;14;Boa Vista;1400100;Norte de Roraima;1401;Boa Vista;14001;140010005;14325063;SERVICO NACIONAL DE APRENDIZAGEM COMERCIAL - SENAC;4;1;1;0;AVENIDA MAJOR WILLIAMS;2084;;SAO FRANCISCO;69301110;95;21211902;1;;02FEB2020:00:00:00;15DEC2020:00:00:00;0;0;0;0;0;0;0;0;0;0;1;1;0;3,64798E+12;3,64798E+12;1;1;0;0;1;1;0;0;0;0;0;0;0;0;0;0;0;0;1;1;1;0;0;0;1;0;1;0;0;0;1;0;0;0;0;1;0;0;0;0;0;0;0;0;0;0;1;1;1;1;0;0;1;0;1;1;1;0;1;1;1;0;0;0;1;1;0;0;0;0;0;0;0;0;0;0;0;0;1;1;1;0;1;0;0;0;0;0;0;1;0;0;1;1;0;0;0;0;0;20;0;20;20;0;1;1;0;1;1;1;0;0;0;1;3;1;20;1;10;1;20;0;0;0;0;0;0;0;0;0;0;0;0;0;1;88888;0;0;0;0;0;0;1;1;1;1;0;1;0;1;1;0;1;88888;1;88888;1;3;1;88888;0;0;0;0;0;0;0;0;0;0;0;0;1;1;0;0;0;0;0;0;0;0;0;0;1;0;0;1;0;1;0;0;1;0;1;0;0;0;0;0;0;0;0;0;0;0;0;0;0;0;0;0;0;0;0;0;0;0;1;1;0;0;0;0;0;0;1;1;0;0;1;0;0;0;0;1;0;1;0;0;0;0;0;0;0;1;1;0;0;0;0;0;0;48;0;0;0;0;0;0;0;48;48;0;0;0;0;0;0;29;19;13;8;0;27;0;0;0;0;0;0;2;46;0;48;0;0;0;0;0;0;0;0;2;0;0;0;0;0;0;0;2;2;0;0;0;0;0;0;2;0;0;0;0;0;0;0;2;2;0;0;0;0;0;0
2020;Norte;1;Amapá;AP;16;Macapá;1600303;Sul do Amapá;1602;Macapá;16003;160030305;16003586;SERVICO NACIONAL DE APRENDIZAGEM COMERCIAL - SENAC DRAP;4;1;1;0;AVENIDA HENRIQUE GALUCIO;1999;;SANTA RITA;68901255;96;32144101;1;;02JAN2020:00:00:00;31DEC2020:00:00:00;0;0;0;0;0;0;1;0;0;0;0;1;0;3,59298E+12;3,59298E+12;1;2;0;0;1;1;0;0;0;0;0;0;0;0;0;1;0;0;1;1;1;1;0;0;1;0;1;0;0;0;1;0;0;0;0;1;1;0;0;0;0;0;0;1;0;0;0;1;1;1;0;0;1;0;1;1;1;0;1;1;1;1;0;0;0;1;0;0;0;0;1;1;0;0;1;0;0;0;1;1;1;0;1;0;0;0;0;0;0;0;0;0;1;1;0;0;1;0;0;16;0;16;16;2;0;1;1;1;1;1;0;1;2;1;2;1;16;0;0;1;5;0;0;0;0;0;0;0;0;0;0;0;0;0;1;88888;0;0;0;0;0;0;1;1;1;1;0;1;0;3;1;0;1;88888;1;9;1;1;0;0;1;4;0;0;0;0;0;0;0;0;1;2;0;0;1;88888;1;2;1;3;0;0;0;0;0;0;0;0;1;1;0;0;1;0;0;0;1;0;0;0;0;0;0;0;0;0;0;0;0;0;0;1;0;1;0;1;1;0;1;1;1;0;0;0;0;1;0;1;0;0;1;0;0;0;1;0;0;1;0;0;0;0;0;0;0;1;1;0;0;0;0;0;0;60;0;0;0;0;0;0;0;60;60;0;0;0;0;0;0;51;9;24;3;4;29;0;0;0;0;0;0;0;60;60;0;0;0;0;0;0;0;0;0;2;0;0;0;0;0;0;0;2;2;0;0;0;0;0;0;2;0;0;0;0;0;0;0;2;2;0;0;0;0;0;0
2020;Norte;1;Tocantins;TO;17;Palmas;1721000;Oriental do Tocantins;1702;Porto Nacional;17006;172100005;17054320;SERVICO NACIONAL DE APRENDIZAGEM COMERCIAL - SENAC AR-TO;4;1;1;0;QUADRA 201 NORTE AVENIDA LO 4;3 E 4;;PLANO DIRETOR NORTE;77001132;63;32191642;1;0;20JAN2020:00:00:00;18DEC2020:00:00:00;0;0;0;0;0;0;0;0;0;0;0;1;0;3,71193E+12;3,71193E+12;1;2;0;0;1;1;0;0;0;0;0;0;0;0;0;0;0;0;1;1;1;0;0;0;1;0;0;0;0;0;1;0;0;0;0;1;0;0;0;0;0;0;0;0;0;0;1;1;1;1;0;0;1;0;1;1;1;0;0;1;1;0;0;0;1;1;0;1;0;0;0;0;0;0;0;0;0;0;1;1;1;0;1;0;0;0;0;0;0;1;0;0;1;1;0;0;0;0;0;19;0;19;19;19;0;1;1;0;1;1;0;0;0;0;0;1;1;0;0;1;88888;0;0;0;0;0;0;0;0;0;0;0;0;0;1;65;0;0;0;0;0;0;1;0;1;1;0;0;0;3;1;0;1;9;1;10;1;2;1;1;1;5;0;0;0;0;0;0;0;0;1;2;1;1;1;1;1;1;1;1;0;0;0;0;0;0;0;1;0;0;0;0;0;0;1;0;0;0;0;0;0;0;0;0;0;0;0;0;0;0;0;0;0;0;0;0;0;0;1;0;0;0;0;1;0;0;0;0;0;0;1;0;0;0;1;1;0;1;0;0;0;0;0;0;0;1;1;0;0;0;1;1;0;92;0;0;0;0;0;0;0;92;40;0;0;0;2;2;0;67;25;0;13;9;68;2;0;0;0;0;0;35;57;63;29;0;0;0;0;0;0;0;0;15;0;0;0;0;0;0;0;15;3;0;0;0;2;2;0;17;0;0;0;0;0;0;0;17;3;0;0;0;2;2;0
2020;Nordeste;2;Maranhão;MA;21;Caxias;2103000;Leste Maranhense;2104;Caxias;21017;210300005;21279179;SERVICO NACIONAL DE APRENDIZAGEM COMERCIAL- SENAC;4;0;1;0;AVENIDA LUIS SALES;151;;PONTE;65609330;99;34216900;2;9;0;0;0;0;0;0;0;0;0;0;0;0;0;0;0;;;0;0;0;0;0;0;0;0;0;0;0;0;0;0;0;0;0;0;0;0;0;0;0;0;0;0;0;0;0;0;0;0;0;0;0;0;0;0;0;0;0;0;0;0;0;0;0;0;0;0;0;0;0;0;0;0;0;0;0;0;0;0;0;0;0;0;0;0;0;0;0;0;0;0;0;0;0;0;0;0;0;0;0;0;0;0;0;0;0;0;0;0;0;0;0;0;0;0;0;0;0;0;0;0;0;0;0;0;0;0;0;0;0;0;0;0;0;0;0;0;0;0;0;0;0;0;0;0;0;0;0;0;0;0;0;0;0;0;0;0;0;0;0;0;0;0;0;0;0;0;0;0;0;0;0;0;0;0;0;0;0;0;0;0;0;0;0;0;0;0;0;0;0;0;0;0;0;0;0;0;0;0;0;0;0;0;0;0;0;0;0;0;0;0;0;0;0;0;0;0;0;0;0;0;0;0;0;0;0;0;0;0;0;0;0;0;0;0;0;0;0;0;0;0;0;0;0;0;0;0;0;0;0;0;0;0;0;0;0;0;0;0;0;0;0;0;0;0;0;0;0;0;0;0;0;0;0;0;0;0;0;0;0;0;0;0;0;0;0;0;0;0;0;0;0;0;0;0;0;0;0;0;0;0;0;0;0;0;0;0;0;0;0;0;0;0;0;0;0;0;0;0;0;0;0;0;0;0;0;0;0;0;0;0;0;0;0;0;0;0;0;0;0;0;0
2020;Nordeste;2;Maranhão;MA;21;Imperatriz;2105302;Oeste Maranhense;2102;Imperatriz;21009;210530205;21279187;SERVICO NACIONAL DE APRENDIZAGEM COMERCIAL - SENAC;4;0;1;0;RUA RUI BARBOSA;203;;CENTRO;65901490;99;35244483;2;6;0;0;0;0;0;0;0;0;0;0;0;0;0;0;0;;;0;0;0;0;0;0;0;0;0;0;0;0;0;0;0;0;0;0;0;0;0;0;0;0;0;0;0;0;0;0;0;0;0;0;0;0;0;0;0;0;0;0;0;0;0;0;0;0;0;0;0;0;0;0;0;0;0;0;0;0;0;0;0;0;0;0;0;0;0;0;0;0;0;0;0;0;0;0;0;0;0;0;0;0;0;0;0;0;0;0;0;0;0;0;0;0;0;0;0;0;0;0;0;0;0;0;0;0;0;0;0;0;0;0;0;0;0;0;0;0;0;0;0;0;0;0;0;0;0;0;0;0;0;0;0;0;0;0;0;0;0;0;0;0;0;0;0;0;0;0;0;0;0;0;0;0;0;0;0;0;0;0;0;0;0;0;0;0;0;0;0;0;0;0;0;0;0;0;0;0;0;0;0;0;0;0;0;0;0;0;0;0;0;0;0;0;0;0;0;0;0;0;0;0;0;0;0;0;0;0;0;0;0;0;0;0;0;0;0;0;0;0;0;0;0;0;0;0;0;0;0;0;0;0;0;0;0;0;0;0;0;0;0;0;0;0;0;0;0;0;0;0;0;0;0;0;0;0;0;0;0;0;0;0;0;0;0;0;0;0;0;0;0;0;0;0;0;0;0;0;0;0;0;0;0;0;0;0;0;0;0;0;0;0;0;0;0;0;0;0;0;0;0;0;0;0;0;0;0;0;0;0;0;0;0;0;0;0;0;0;0;0;0;0;0
2020;Nordeste;2;Ceará;CE;23;Crato;2304202;Sul Cearense;2307;Cariri;23032;230420205;23271906;CENTRO DE EDUCACAO PROFISSIONAL DE CRATO - SENAC;4;1;1;0;PRACA DA SE;596;;CENTRO;63100440;88;35868750;1;18;02JAN2020:00:00:00;23DEC2020:00:00:00;0;0;0;0;0;0;0;0;0;0;0;1;0;3,64834E+12;3,64834E+12;1;1;0;0;1;1;0;0;0;0;0;0;0;0;0;0;0;0;1;1;0;1;0;0;1;0;0;0;0;0;1;0;0;0;0;1;0;0;0;0;0;0;0;1;0;0;0;1;0;1;0;0;1;0;1;0;1;0;1;1;1;1;0;0;1;1;0;1;0;0;0;0;0;0;0;0;0;0;1;0;1;0;1;0;0;0;0;0;0;1;1;0;0;0;0;0;0;0;0;8;0;8;8;0;0;1;1;1;1;0;0;1;7;1;4;1;8;0;0;1;5;0;0;0;0;0;0;0;0;0;0;0;0;0;1;42;0;0;1;6;0;0;1;1;1;1;0;1;0;2;1;0;1;4;1;3;1;1;1;5;1;2;0;0;0;0;1;1;0;0;1;2;1;1;1;2;1;2;1;1;0;0;0;0;1;0;0;0;0;0;0;0;0;0;0;1;0;0;0;0;0;0;0;0;0;0;0;0;0;0;0;0;0;0;0;0;0;0;1;0;0;0;0;0;0;1;0;0;0;0;1;0;0;0;1;1;0;1;0;0;0;0;0;0;0;1;1;0;0;0;0;0;0;165;0;0;0;0;0;0;0;165;165;0;0;0;0;0;0;120;45;77;27;3;57;0;1;0;0;0;0;0;165;75;90;0;0;0;0;0;0;0;0;5;0;0;0;0;0;0;0;5;5;0;0;0;0;0;0;8;0;0;0;0;0;0;0;8;8;0;0;0;0;0;0
2020;Nordeste;2;Ceará;CE;23;Sobral;2312908;Noroeste Cearense;2301;Sobral;23005;231290805;23271922;CENTRO DE EDUCACAO PROFISSIONAL DE SOBRAL - SENAC;4;1;1;0;RUA DOUTOR JOAO DO MONTE;980;;CENTRO;62010220;88;36778700;1;6;26SEP2019:00:00:00;05MAY2021:00:00:00;0;0;0;0;0;0;0;0;0;0;0;1;0;3,64834E+12;3,64834E+12;1;2;0;0;1;2;0;0;0;0;0;0;0;0;0;0;0;0;1;1;0;0;0;0;1;0;0;0;0;0;1;0;0;0;0;1;0;0;0;0;0;0;0;1;0;0;0;1;0;1;0;0;1;0;1;0;1;0;1;1;1;0;0;0;0;1;0;0;0;0;1;1;0;1;0;0;0;0;1;1;1;0;1;0;0;0;0;0;0;1;0;0;1;1;0;1;1;0;0;12;0;12;12;3;1;1;1;1;1;1;0;1;3;1;12;0;0;0;0;1;12;0;0;0;0;0;0;0;0;0;0;0;0;0;1;23;1;20;1;5;0;0;1;1;1;1;1;1;1;2;1;0;1;3;1;88888;1;1;1;88888;1;3;0;0;0;0;0;0;0;0;1;3;0;0;0;0;0;0;0;0;0;0;0;0;0;0;0;1;0;1;0;1;1;0;0;0;0;0;1;0;0;0;0;0;0;0;0;0;0;0;0;1;0;1;0;0;0;0;1;0;1;0;0;1;0;0;0;1;0;0;1;0;0;0;0;1;0;1;0;0;0;0;0;0;0;1;1;0;0;0;0;0;0;24;0;0;0;0;0;0;0;24;24;0;0;0;0;0;0;13;11;4;1;1;18;0;0;0;0;0;0;0;24;0;24;0;0;0;0;0;0;0;0;1;0;0;0;0;0;0;0;1;1;0;0;0;0;0;0;1;0;0;0;0;0;0;0;1;1;0;0;0;0;0;0
2020;Nordeste;2;Rio Grande do Norte;RN;24;Currais Novos;2403103;Central Potiguar;2402;Seridó Oriental;24012;240310305;24078638;SENAC-SERVICO NACIONAL DE APRENDIZAGEM;4;0;1;0;RUA CAPITAO MOR GALVAO;;;;59380000;84;34053330;2;9;0;0;0;0;0;0;0;0;0;0;0;0;0;0;0;;;0;0;0;0;0;0;0;0;0;0;0;0;0;0;0;0;0;0;0;0;0;0;0;0;0;0;0;0;0;0;0;0;0;0;0;0;0;0;0;0;0;0;0;0;0;0;0;0;0;0;0;0;0;0;0;0;0;0;0;0;0;0;0;0;0;0;0;0;0;0;0;0;0;0;0;0;0;0;0;0;0;0;0;0;0;0;0;0;0;0;0;0;0;0;0;0;0;0;0;0;0;0;0;0;0;0;0;0;0;0;0;0;0;0;0;0;0;0;0;0;0;0;0;0;0;0;0;0;0;0;0;0;0;0;0;0;0;0;0;0;0;0;0;0;0;0;0;0;0;0;0;0;0;0;0;0;0;0;0;0;0;0;0;0;0;0;0;0;0;0;0;0;0;0;0;0;0;0;0;0;0;0;0;0;0;0;0;0;0;0;0;0;0;0;0;0;0;0;0;0;0;0;0;0;0;0;0;0;0;0;0;0;0;0;0;0;0;0;0;0;0;0;0;0;0;0;0;0;0;0;0;0;0;0;0;0;0;0;0;0;0;0;0;0;0;0;0;0;0;0;0;0;0;0;0;0;0;0;0;0;0;0;0;0;0;0;0;0;0;0;0;0;0;0;0;0;0;0;0;0;0;0;0;0;0;0;0;0;0;0;0;0;0;0;0;0;0;0;0;0;0;0;0;0;0;0;0;0;0;0;0;0;0;0;0;0;0;0;0;0;0;0;0;0;0
2020;Nordeste;2;Rio Grande do Norte;RN;24;Macaíba;2407104;Leste Potiguar;2404;Macaíba;24017;240710405;24094609;SENAC - UNIDADE MACAIBA;4;0;1;0;LARGO CONEGO ESTEVAO DANTAS;101;POR TRAZ DA IGREJA;CENTRO;59280000;84;40051095;2;1;0;0;0;0;0;0;0;0;0;0;0;0;0;0;0;;;0;0;0;0;0;0;0;0;0;0;0;0;0;0;0;0;0;0;0;0;0;0;0;0;0;0;0;0;0;0;0;0;0;0;0;0;0;0;0;0;0;0;0;0;0;0;0;0;0;0;0;0;0;0;0;0;0;0;0;0;0;0;0;0;0;0;0;0;0;0;0;0;0;0;0;0;0;0;0;0;0;0;0;0;0;0;0;0;0;0;0;0;0;0;0;0;0;0;0;0;0;0;0;0;0;0;0;0;0;0;0;0;0;0;0;0;0;0;0;0;0;0;0;0;0;0;0;0;0;0;0;0;0;0;0;0;0;0;0;0;0;0;0;0;0;0;0;0;0;0;0;0;0;0;0;0;0;0;0;0;0;0;0;0;0;0;0;0;0;0;0;0;0;0;0;0;0;0;0;0;0;0;0;0;0;0;0;0;0;0;0;0;0;0;0;0;0;0;0;0;0;0;0;0;0;0;0;0;0;0;0;0;0;0;0;0;0;0;0;0;0;0;0;0;0;0;0;0;0;0;0;0;0;0;0;0;0;0;0;0;0;0;0;0;0;0;0;0;0;0;0;0;0;0;0;0;0;0;0;0;0;0;0;0;0;0;0;0;0;0;0;0;0;0;0;0;0;0;0;0;0;0;0;0;0;0;0;0;0;0;0;0;0;0;0;0;0;0;0;0;0;0;0;0;0;0;0;0;0;0;0;0;0;0;0;0;0;0;0;0;0;0;0;0;0
2020;Nordeste;2;Rio Grande do Norte;RN;24;Mossoró;2408003;Oeste Potiguar;2401;Mossoró;24001;240800305;24093408;SENAC - UNIDADE MOSSORO;4;0;1;0;RUA DOUTOR JOAO MARCELINO;867;;SANTO ANTONIO;59611200;84;34225008;2;12;0;0;0;0;0;0;0;0;0;0;0;0;0;0;0;;;0;0;0;0;0;0;0;0;0;0;0;0;0;0;0;0;0;0;0;0;0;0;0;0;0;0;0;0;0;0;0;0;0;0;0;0;0;0;0;0;0;0;0;0;0;0;0;0;0;0;0;0;0;0;0;0;0;0;0;0;0;0;0;0;0;0;0;0;0;0;0;0;0;0;0;0;0;0;0;0;0;0;0;0;0;0;0;0;0;0;0;0;0;0;0;0;0;0;0;0;0;0;0;0;0;0;0;0;0;0;0;0;0;0;0;0;0;0;0;0;0;0;0;0;0;0;0;0;0;0;0;0;0;0;0;0;0;0;0;0;0;0;0;0;0;0;0;0;0;0;0;0;0;0;0;0;0;0;0;0;0;0;0;0;0;0;0;0;0;0;0;0;0;0;0;0;0;0;0;0;0;0;0;0;0;0;0;0;0;0;0;0;0;0;0;0;0;0;0;0;0;0;0;0;0;0;0;0;0;0;0;0;0;0;0;0;0;0;0;0;0;0;0;0;0;0;0;0;0;0;0;0;0;0;0;0;0;0;0;0;0;0;0;0;0;0;0;0;0;0;0;0;0;0;0;0;0;0;0;0;0;0;0;0;0;0;0;0;0;0;0;0;0;0;0;0;0;0;0;0;0;0;0;0;0;0;0;0;0;0;0;0;0;0;0;0;0;0;0;0;0;0;0;0;0;0;0;0;0;0;0;0;0;0;0;0;0;0;0;0;0;0;0;0;0
2020;Nordeste;2;Rio Grande do Norte;RN;24;Natal;2408102;Leste Potiguar;2404;Natal;24018;240810205;24087335;SENAC ALECRIM;4;1;1;0;AVENIDA ALMIRANTE ALEXANDRINO DE ALENCAR;556;PROX.CLUBE ATLANTICO;ALECRIM;59030350;84;40051070;1;1;07JAN2020:00:00:00;22DEC2020:00:00:00;0;0;0;0;0;0;0;0;0;0;0;1;0;3,64029E+12;3,64029E+12;1;2;0;0;1;1;0;0;0;0;0;0;0;0;0;0;0;0;1;1;0;0;0;0;1;0;0;0;0;0;1;0;0;0;0;1;0;0;0;0;0;0;0;1;0;0;0;1;0;0;0;0;1;0;1;1;0;0;1;1;1;0;0;0;0;1;0;0;0;0;0;0;0;1;0;0;0;0;1;1;1;0;1;0;0;0;0;0;0;1;1;1;1;1;0;1;0;0;0;6;0;6;6;6;0;1;0;1;1;0;0;0;0;0;0;0;0;0;0;1;6;0;0;0;0;0;0;0;0;0;0;0;0;0;1;88888;1;88888;1;2;0;0;1;1;1;1;0;1;1;2;1;0;1;88888;1;88888;1;2;0;0;1;1;0;0;0;0;0;0;0;0;1;2;1;2;0;0;0;0;1;1;0;0;0;0;0;0;0;1;0;1;0;1;0;0;0;0;0;0;0;0;0;0;0;0;0;0;0;0;0;0;0;1;0;0;0;0;0;1;1;0;0;0;0;0;0;1;0;1;0;0;1;0;0;0;1;0;0;1;0;0;0;0;0;0;0;1;0;0;0;0;1;1;0;3;0;0;0;0;0;0;0;3;0;0;0;0;1;1;0;0;3;2;0;0;0;1;0;0;0;0;1;1;1;3;0;0;0;0;0;0;0;0;0;1;0;0;0;0;0;0;0;1;0;0;0;0;1;1;0;1;0;0;0;0;0;0;0;1;0;0;0;0;1;1;0
2020;Nordeste;2;Pernambuco;PE;26;Caruaru;2604106;Agreste Pernambucano;2603;Vale do Ipojuca;26008;260410605;26169606;SERVICO NACIONAL DE APRENDIZAGEM COMERCIAL SENAC;4;1;1;0;AVENIDA MARIA JOSE LYRA;140;;INDIANOPOLIS;55026075;81;37278251;1;9;03FEB2020:00:00:00;22DEC2020:00:00:00;0;0;0;0;0;0;0;0;0;0;0;1;0;3,48532E+12;3,48532E+12;1;1;0;0;1;1;0;0;0;0;0;0;0;0;0;0;0;0;1;1;0;0;0;0;1;0;0;0;0;0;1;0;0;0;0;1;0;0;0;0;0;0;0;1;0;1;0;1;1;1;0;0;1;0;1;1;1;0;1;1;1;0;0;0;1;1;0;1;0;0;0;0;0;0;0;0;0;0;1;1;1;0;1;0;0;0;0;0;0;0;0;0;1;1;0;0;0;0;0;25;0;25;25;25;0;1;1;1;1;0;0;0;0;0;0;1;4;0;0;1;20;0;0;0;0;0;0;0;0;0;0;0;0;0;1;16;0;0;0;0;0;0;1;0;1;1;0;0;0;2;1;0;1;6;1;11;1;1;0;0;0;0;0;0;0;0;0;0;0;0;1;3;0;0;0;0;0;0;0;0;0;0;0;0;0;0;0;1;0;1;0;0;0;0;0;0;0;0;0;0;0;0;0;0;0;0;0;0;0;0;0;0;0;0;0;0;0;0;1;1;1;0;0;1;0;1;0;1;0;0;1;0;0;0;1;1;0;1;0;0;0;0;0;0;0;1;1;0;0;0;0;0;0;140;0;0;0;0;0;0;0;140;140;0;0;0;0;0;0;115;25;60;20;2;58;0;0;0;0;0;0;0;140;69;71;0;0;0;0;0;0;0;0;7;0;0;0;0;0;0;0;7;7;0;0;0;0;0;0;7;0;0;0;0;0;0;0;7;7;0;0;0;0;0;0
2020;Nordeste;2;Pernambuco;PE;26;Garanhuns;2606002;Agreste Pernambucano;2603;Garanhuns;26011;260600205;26167700;SENAC CENTRO DE FOR PROFS JOSE HENRIQUE DE BARROS;4;1;1;0;RUA MARIA RAMOS;22;;HELIOPOLIS;55295700;87;37642700;1;10;02JAN2020:00:00:00;30DEC2020:00:00:00;0;0;0;0;0;0;0;0;0;0;0;1;0;3,48532E+12;3,48532E+12;1;2;0;0;1;1;0;0;0;0;0;0;0;0;0;0;0;0;1;1;0;0;0;0;1;0;0;0;0;0;1;0;0;0;0;1;0;0;0;0;0;0;0;1;0;0;0;1;1;0;0;0;1;0;1;0;1;0;1;1;1;0;0;0;0;1;0;1;0;0;0;0;0;0;0;0;0;0;1;0;1;0;1;0;0;0;0;0;0;1;0;0;0;0;0;0;0;0;0;8;0;8;8;0;1;1;1;1;1;1;0;1;1;1;2;1;6;0;0;1;8;0;0;0;0;0;0;0;0;0;0;0;0;0;1;15;0;0;0;0;0;0;1;1;1;1;0;1;1;3;1;0;1;5;1;5;1;1;0;0;0;0;0;0;0;0;0;0;0;0;1;2;1;1;0;0;0;0;0;0;0;0;0;0;0;0;0;1;0;1;0;0;0;0;0;0;0;0;0;0;0;0;0;0;0;0;0;0;0;0;0;0;0;0;0;0;0;0;1;0;1;0;0;0;0;0;1;1;0;0;1;0;0;0;1;1;0;1;0;0;0;0;0;0;0;1;1;0;0;0;0;0;0;75;0;0;0;0;0;0;0;75;75;0;0;0;0;0;0;64;11;30;22;0;22;1;0;0;0;0;0;0;75;20;55;0;0;0;0;0;0;0;0;10;0;0;0;0;0;0;0;10;10;0;0;0;0;0;0;3;0;0;0;0;0;0;0;3;3;0;0;0;0;0;0
2020;Nordeste;2;Pernambuco;PE;26;Paulista;2610707;Metropolitana de Recife;2605;Recife;26017;261070705;26176890;SENAC CENTRO DE FORMACAO PROFISSIONAL DO PAULISTA;4;1;1;0;AVENIDA PREFEITO SEVERINO CUNHA PRIMO;30;;JARDIM PAULISTA;53407265;81;33728250;1;3;06JAN2020:00:00:00;31DEC2020:00:00:00;0;0;0;0;0;0;0;0;0;0;0;1;0;3,48532E+12;3,48532E+12;1;2;0;0;1;1;0;0;0;0;0;0;0;0;0;0;0;0;1;1;0;1;0;0;1;0;0;0;0;0;1;0;0;0;0;1;0;0;0;0;0;0;0;9;9;9;9;0;0;1;0;0;1;0;1;0;1;0;1;1;1;0;0;0;0;1;0;1;0;0;0;0;0;0;0;0;0;0;1;1;1;0;1;0;0;0;0;0;0;1;1;0;0;1;0;0;0;0;0;17;0;17;17;17;0;1;0;0;1;0;0;1;6;1;2;1;13;0;0;1;6;0;0;0;0;0;0;0;0;0;0;0;0;0;1;44;1;20;0;0;0;0;1;1;1;1;0;1;1;3;1;0;1;88888;1;88888;0;0;0;0;1;88888;0;0;0;0;0;0;0;0;0;0;1;1;0;0;0;0;0;0;0;0;0;0;0;0;0;1;0;1;0;0;1;0;0;0;0;0;0;0;0;0;0;0;0;0;0;0;0;0;0;0;0;0;0;0;0;0;1;0;0;0;0;0;0;0;1;2;0;0;1;0;0;0;1;1;0;1;0;0;0;0;0;0;0;1;1;0;0;0;0;0;0;40;0;0;0;0;0;0;0;40;40;0;0;0;0;0;0;34;6;27;5;2;6;0;0;0;0;0;0;0;40;21;19;0;0;0;0;0;0;0;0;12;0;0;0;0;0;0;0;12;12;0;0;0;0;0;0;2;0;0;0;0;0;0;0;2;2;0;0;0;0;0;0
2020;Nordeste;2;Pernambuco;PE;26;Petrolina;2611101;São Francisco Pernambucano;2602;Petrolina;26005;261110105;26176840;SENAC-SERVICO NACIONAL DE APREDIZAGEM COMERCIAL;4;1;1;0;RUA PROJETADA;650;;COLONIA IMPERIAL;56328815;87;39837614;1;16;02JAN2020:00:00:00;22DEC2020:00:00:00;0;0;0;0;0;0;0;0;0;0;0;1;0;3,48532E+12;3,48532E+12;1;1;0;0;1;1;0;0;0;0;0;0;0;0;0;0;0;0;1;1;0;0;0;0;1;0;0;0;0;0;1;0;0;0;0;1;0;0;0;0;0;0;0;1;0;0;0;1;0;1;0;0;1;0;1;0;1;0;1;1;1;0;0;0;0;1;0;0;0;0;0;0;0;0;0;0;0;0;1;0;1;0;1;0;0;0;0;0;0;1;0;1;1;1;1;0;1;0;0;21;0;21;21;0;0;1;0;1;1;1;0;1;2;1;3;1;2;0;0;1;13;0;0;0;0;0;0;0;0;0;0;0;0;0;1;15;0;0;0;0;0;0;1;1;1;1;0;1;1;3;1;0;1;2;1;6;1;1;0;0;1;1;0;0;0;0;0;0;0;0;1;2;0;0;0;0;0;0;0;0;0;0;0;0;0;0;0;1;0;0;0;1;1;0;0;0;0;0;0;0;0;0;0;0;0;0;0;0;0;0;0;0;0;0;0;0;0;0;1;1;1;0;0;0;0;0;1;1;0;0;1;0;0;0;1;1;0;1;0;0;0;0;0;0;0;1;1;0;0;0;1;1;0;93;0;0;0;0;0;0;0;93;93;0;0;0;1;1;0;80;13;46;7;6;33;0;1;0;0;0;0;0;93;41;52;0;0;0;0;0;0;0;0;3;0;0;0;0;0;0;0;3;3;0;0;0;2;2;0;4;0;0;0;0;0;0;0;4;4;0;0;0;1;1;0
2020;Nordeste;2;Pernambuco;PE;26;Serra Talhada;2613909;Sertão Pernambucano;2601;Pajeú;26003;261390905;26183498;POSTO AVANCADO SENAC SERRA TALHADA;4;1;1;0;PRACA BARAO DO PAJEU;911;;NOSSA SENHORA DA PENHA;56903420;87;39292350;1;12;03FEB2020:00:00:00;22DEC2020:00:00:00;0;0;0;0;0;0;0;0;0;0;0;1;0;3,48532E+12;3,48532E+12;1;2;0;0;1;2;0;0;0;0;0;0;0;0;0;0;0;0;1;1;0;0;0;0;1;0;0;0;0;0;1;0;0;0;0;1;0;0;0;0;0;0;0;0;0;0;1;0;0;0;0;0;1;0;0;1;1;0;1;1;0;0;0;0;0;0;0;0;0;0;0;0;0;0;0;0;0;1;1;0;1;0;1;0;0;0;0;0;0;0;0;0;0;0;0;0;1;0;0;4;0;4;4;0;0;1;1;1;1;1;0;1;1;1;2;1;4;0;0;1;4;0;0;0;0;0;0;0;0;0;0;0;0;0;1;2;0;0;0;0;0;0;1;1;1;1;0;1;0;1;1;0;1;2;1;2;0;0;0;0;1;2;0;0;0;0;0;0;0;0;0;0;1;1;0;0;0;0;0;0;0;0;0;0;0;0;0;1;0;0;0;0;1;0;0;0;0;0;0;0;0;0;0;0;0;0;0;0;0;0;0;0;0;0;0;0;0;0;1;1;1;0;0;0;0;0;1;1;0;0;1;0;0;1;1;0;0;1;0;0;0;0;0;0;1;1;1;0;0;0;0;0;0;23;0;0;0;0;0;0;18;23;18;0;0;0;0;0;0;8;15;13;3;1;5;1;0;0;0;0;0;1;22;23;0;0;0;0;0;0;0;0;0;2;0;0;0;0;0;0;2;2;2;0;0;0;0;0;0;2;0;0;0;0;0;0;1;2;1;0;0;0;0;0;0
2020;Nordeste;2;Pernambuco;PE;26;Vitória de Santo Antão;2616407;Mata Pernambucana;2604;Vitória de Santo Antão;26014;261640705;26169436;SERVICO NACIONAL DE APRENDIZAGEM COMERCIAL - SENAC;4;1;1;0;RUA AUREA PIMENTEL;210;;MATRIZ;55612540;81;35267600;1;6;02JAN2020:00:00:00;18DEC2020:00:00:00;0;0;0;0;0;0;0;0;0;0;0;1;0;1E+14;3,48532E+12;1;2;0;0;1;1;0;0;0;0;0;0;0;0;0;0;0;0;1;1;0;0;0;0;1;0;0;0;0;0;1;0;0;0;0;1;0;0;0;0;0;0;0;0;0;0;1;1;0;1;0;0;1;0;1;0;0;0;1;1;1;0;0;0;0;1;0;0;0;0;0;0;0;0;0;0;0;0;1;0;1;0;1;0;0;0;0;0;0;1;0;0;0;0;0;0;0;0;0;5;0;5;5;5;0;1;1;1;1;1;0;1;4;1;4;1;5;0;0;1;88888;0;0;0;0;0;0;0;0;0;0;0;0;0;1;23;1;2;0;0;0;0;1;0;1;1;0;0;0;3;1;0;1;3;1;3;0;0;0;0;0;0;0;0;0;0;0;0;0;0;1;2;1;1;0;0;0;0;1;1;0;0;0;0;0;0;0;1;0;1;0;0;1;0;1;1;0;0;0;0;0;0;0;0;0;0;0;0;0;0;0;1;0;0;0;0;0;1;1;0;0;0;0;0;0;0;1;1;0;0;1;0;0;0;0;1;0;1;0;0;0;0;0;0;0;1;1;0;0;0;0;0;0;23;0;0;0;0;0;0;0;23;23;0;0;0;0;0;0;20;3;6;5;0;12;0;0;0;0;0;0;0;23;0;23;0;0;0;0;0;0;0;0;2;0;0;0;0;0;0;0;2;2;0;0;0;0;0;0;1;0;0;0;0;0;0;0;1;1;0;0;0;0;0;0
2020;Nordeste;2;Alagoas;AL;27;Arapiraca;2700300;Agreste Alagoano;2702;Arapiraca;27006;270030005;27053490;SERVICO NACIONAL DE APRENDIZAGEM COMERCIAL - SENAC;4;1;1;0;RUA MANOEL FERREIRA DE BRITO;69;;CAVACO;57306370;82;35214582;1;5;06JAN2020:00:00:00;16DEC2020:00:00:00;0;0;0;0;0;0;0;0;0;0;0;1;0;3,69242E+12;3,69242E+12;1;2;0;0;1;2;0;0;0;0;0;0;0;0;0;0;0;0;1;1;0;0;0;0;1;0;0;0;0;0;0;0;1;1;0;1;0;0;0;0;0;0;0;0;0;0;1;0;0;0;0;0;1;0;1;1;0;0;0;1;0;0;0;0;0;1;0;1;0;0;0;0;0;0;0;0;0;0;0;1;0;0;0;0;0;0;0;0;0;0;0;0;1;1;0;0;0;0;0;10;0;10;0;0;0;1;1;1;1;0;0;0;0;1;1;1;5;0;0;1;5;0;0;0;0;0;0;0;0;0;0;0;0;0;1;8;0;0;0;0;0;0;1;1;1;1;0;1;1;3;1;0;1;3;1;8;0;0;0;0;0;0;0;0;0;0;0;0;0;0;1;2;1;1;0;0;0;0;0;0;0;0;0;0;0;0;0;1;0;1;0;1;0;0;0;0;0;0;0;0;0;0;0;0;0;0;0;0;0;0;0;0;0;0;0;0;0;0;1;9;0;0;0;0;0;1;0;0;0;0;1;0;0;0;1;1;0;1;0;0;0;0;0;0;0;1;1;0;0;0;1;1;0;111;0;0;0;0;0;0;0;111;111;0;0;0;1;1;0;42;69;17;9;7;78;0;0;0;0;0;0;2;109;16;95;0;0;0;0;0;0;0;0;8;0;0;0;0;0;0;0;8;8;0;0;0;2;2;0;5;0;0;0;0;0;0;0;5;5;0;0;0;1;1;0
2020;Nordeste;2;Alagoas;AL;27;Maceió;2704302;Leste Alagoano;2703;Maceió;27011;270430205;27050424;SERVICO NACIONAL DE APRENDIZAGEM COMERCIAL SENAC AL;4;1;1;0;RUA PEDRO PAULINO;77;;POCO;57025340;82;21227808;1;1;06JAN2020:00:00:00;16DEC2020:00:00:00;0;0;0;0;0;0;0;0;0;0;0;1;0;3,69242E+12;3,69242E+12;1;2;0;0;1;1;0;0;0;0;0;0;0;0;0;0;0;0;1;1;0;0;0;0;1;0;0;0;0;0;1;0;0;0;0;1;0;0;0;0;0;0;0;0;0;0;1;1;1;1;0;0;1;0;1;0;1;0;1;1;0;0;0;0;1;1;0;0;0;0;0;0;0;0;0;0;0;0;1;0;1;0;1;1;0;0;0;0;0;0;1;1;0;0;0;1;1;0;0;48;0;48;0;0;1;1;1;1;1;0;0;1;10;1;20;1;20;0;0;1;20;0;0;0;0;0;0;0;0;0;0;0;0;0;1;40;0;0;0;0;0;0;1;1;1;0;0;1;0;2;1;0;1;1;1;14;1;3;0;0;0;0;0;0;0;0;0;0;0;0;0;0;1;1;0;0;0;0;0;0;0;0;0;0;0;0;0;1;0;1;0;1;1;0;0;0;0;0;0;0;0;0;0;0;0;0;0;0;0;0;0;0;0;0;0;0;0;0;1;1;1;0;0;0;0;1;0;0;0;0;1;0;0;0;1;1;0;1;0;0;0;0;0;0;0;1;1;0;0;0;1;1;0;553;0;0;0;0;0;0;0;553;553;0;0;0;1;1;0;356;197;180;46;10;315;1;1;0;0;0;0;9;544;266;287;0;0;0;0;0;0;0;0;39;0;0;0;0;0;0;0;39;39;0;0;0;3;3;0;35;0;0;0;0;0;0;0;35;35;0;0;0;1;1;0
2020;Nordeste;2;Bahia;BA;29;Porto Seguro;2925303;Sul Baiano;2907;Porto Seguro;29032;292530305;29469813;SERVICO NACIONAL DE APRENDIZAGEM COMERCIAL - SENAC PORTO SEGURO;4;1;1;0;RUA DOS CACAUEIROS;SN;;TAPERAPUAN;45810000;73;31627301;1;27;01JAN2020:00:00:00;31DEC2020:00:00:00;0;0;0;0;0;0;0;0;0;0;0;1;0;3,68219E+12;3,68219E+12;1;1;0;0;1;1;0;0;0;0;0;0;0;0;1;1;0;0;1;1;1;0;0;0;1;0;0;0;0;0;1;0;0;0;0;1;0;0;0;0;0;0;0;0;0;0;1;1;1;1;0;0;1;0;1;1;1;0;1;1;1;0;0;0;0;1;0;1;0;0;0;0;0;0;0;0;0;0;1;1;1;0;1;0;0;0;0;0;0;0;1;0;1;1;0;0;0;0;0;17;0;17;17;17;1;1;0;0;1;0;0;1;17;1;4;1;7;1;1;1;17;0;0;0;0;0;0;0;0;0;0;0;0;0;1;88888;0;0;0;0;0;0;1;1;1;0;0;0;1;3;1;0;1;3;1;88888;1;2;0;0;0;0;0;0;0;0;0;0;0;0;1;88888;1;1;0;0;1;1;1;1;0;0;0;0;0;0;1;0;0;1;0;1;1;0;0;0;0;0;0;0;0;0;0;0;0;0;0;0;0;0;0;1;0;0;0;0;0;1;1;0;0;0;0;0;0;1;0;1;0;0;1;0;0;0;0;1;0;1;0;0;0;0;0;0;0;1;1;0;0;0;0;0;0;17;0;0;0;0;0;0;0;17;17;0;0;0;0;0;0;13;4;11;2;1;3;0;0;0;0;0;0;0;17;0;17;0;0;0;0;0;0;0;0;2;0;0;0;0;0;0;0;2;2;0;0;0;0;0;0;1;0;0;0;0;0;0;0;1;1;0;0;0;0;0;0
2020;Nordeste;2;Bahia;BA;29;Salvador;2927408;Metropolitana de Salvador;2905;Salvador;29021;292740805;29467276;SENAC - SERVICO NACIONAL DE APRENDIZAGEM COMERCIAL;4;1;1;0;AVENIDA JOSE JOAQUIM SEABRA;403;CASA;BAIXA DOS SAPATEIROS;40025000;71;31032351;1;26;01JAN2020:00:00:00;31DEC2020:00:00:00;0;0;0;0;0;0;0;0;0;0;0;1;0;3,68219E+12;3,68219E+12;1;5;0;0;1;1;0;0;0;0;0;0;0;0;0;0;0;0;1;1;0;0;0;0;1;0;0;0;0;0;1;0;0;0;0;1;0;0;0;0;0;0;0;1;0;0;0;0;0;1;0;0;1;0;1;0;0;0;1;1;1;0;0;0;1;1;0;0;0;0;0;0;0;0;0;0;0;0;1;1;1;0;1;0;0;0;0;0;0;0;1;1;0;1;0;0;0;0;0;30;0;30;0;0;0;1;0;0;0;0;0;0;0;0;0;0;0;0;0;0;0;0;0;0;0;0;0;0;0;0;0;0;0;0;1;1;1;1;1;1;0;0;1;1;0;0;0;0;1;3;1;0;1;4;1;10;1;3;1;3;1;3;0;0;0;0;0;0;0;0;0;0;1;1;1;88888;1;5;1;1;0;0;0;0;0;0;0;1;0;1;0;0;0;0;0;0;0;0;0;0;0;0;0;0;0;0;0;0;0;0;0;0;0;0;0;0;0;0;1;1;1;0;0;0;0;1;0;1;0;0;1;0;0;0;1;1;0;1;0;0;0;0;0;0;0;1;1;0;0;0;0;0;0;82;0;0;0;0;0;0;0;82;82;0;0;0;0;0;0;74;8;47;0;5;30;0;0;0;0;0;0;0;82;31;51;0;0;0;0;0;0;0;0;5;0;0;0;0;0;0;0;5;5;0;0;0;0;0;0;4;0;0;0;0;0;0;0;4;4;0;0;0;0;0;0
2020;Nordeste;2;Bahia;BA;29;Salvador;2927408;Metropolitana de Salvador;2905;Salvador;29021;292740805;29469791;SERVICO NACIONAL DE APRENDIZAGEM COMERCIAL - SENAC;4;1;1;0;RUA DA MISERICORDIA;07/set;;CENTRO;40020200;71;32668251;1;26;01JAN2020:00:00:00;31DEC2020:00:00:00;0;0;0;0;0;0;0;0;0;0;0;1;0;3,68219E+12;3,68219E+12;1;1;0;0;1;2;0;0;0;0;0;0;0;0;0;0;0;0;1;1;0;0;0;0;1;0;0;0;0;0;1;0;0;0;0;1;0;0;0;0;0;0;0;0;0;0;1;0;0;1;0;0;1;0;1;0;1;0;1;1;0;1;0;0;0;0;0;0;0;0;0;0;0;0;0;0;0;0;0;0;1;0;1;0;0;0;0;0;0;1;1;0;0;0;0;0;0;0;0;15;0;15;15;15;0;1;0;1;0;1;0;0;0;1;5;1;1;0;0;1;15;0;0;0;0;0;0;0;0;0;0;0;0;0;1;3;1;2;0;0;0;0;1;0;0;1;0;0;0;2;1;0;1;3;1;88888;1;1;0;0;0;0;0;0;0;0;0;0;0;0;1;3;1;1;1;88888;0;0;0;0;0;0;0;0;1;0;0;0;0;0;0;0;0;0;1;0;0;0;0;0;0;0;0;0;0;0;0;0;0;0;0;9;0;0;0;0;0;0;1;0;1;0;0;0;0;0;1;1;0;0;1;0;0;0;1;0;0;1;0;0;0;0;0;0;0;1;0;0;0;0;0;0;0;9;0;0;0;0;0;0;0;9;0;0;0;0;0;0;0;4;5;1;1;0;7;0;0;0;0;0;0;2;7;9;0;0;0;0;0;0;0;0;0;2;0;0;0;0;0;0;0;2;0;0;0;0;0;0;0;1;0;0;0;0;0;0;0;1;0;0;0;0;0;0;0
2020;Sudeste;3;Minas Gerais;MG;31;Alfenas;3101607;Sul/Sudoeste de Minas;3110;Alfenas;31049;310160705;31359491;SENAC - UNIDADE DE ENSINO TECNICO DO CEP DE ALFENAS;4;1;1;0;AVENIDA MARIO BARBOSA VIEIRA;1174;;LOTEAMENTO TREVO;37132442;35;21415600;1;27;02JAN2020:00:00:00;11DEC2020:00:00:00;0;0;0;0;0;0;0;0;0;0;0;1;0;3,44724E+12;3,44724E+12;1;1;0;0;1;2;0;0;0;0;0;0;0;0;0;0;0;0;1;1;0;0;0;0;1;0;0;0;0;0;1;0;0;0;0;1;0;0;0;0;0;0;0;1;0;0;0;1;0;0;0;0;1;0;1;1;0;0;1;1;1;0;0;0;0;1;0;0;0;0;0;0;0;0;0;0;0;0;1;1;1;0;1;0;0;0;0;0;0;1;1;0;1;0;0;0;1;0;0;8;0;8;8;8;0;1;0;1;1;0;0;0;0;0;0;0;0;1;8;1;8;0;0;0;0;0;0;0;0;0;0;0;0;0;1;79;0;0;0;0;0;0;1;1;1;1;0;1;1;3;1;0;1;2;1;3;1;1;0;0;0;0;0;0;0;0;0;0;0;0;1;2;1;1;0;0;1;1;1;1;0;0;0;0;0;0;0;1;0;1;0;0;0;0;0;0;0;0;0;0;0;0;0;0;0;0;0;0;0;0;0;0;0;0;0;0;0;0;1;0;0;0;0;0;0;0;1;0;0;0;1;0;0;0;1;1;0;1;0;0;0;0;0;0;0;1;1;0;0;0;1;1;0;98;0;0;0;0;0;0;0;98;35;0;0;0;2;2;0;52;46;4;75;6;13;0;0;0;0;0;0;55;43;63;35;0;0;0;0;0;0;0;0;5;0;0;0;0;0;0;0;5;3;0;0;0;2;2;0;6;0;0;0;0;0;0;0;6;3;0;0;0;2;2;0
2020;Sudeste;3;Minas Gerais;MG;31;Araxá;3104007;Triângulo Mineiro/Alto Paranaíba;3105;Araxá;31023;310400705;31317888;SENAC UNIDADE DE ENSINO TECNICO SENAC DO CEP DE ARAXA;4;1;1;0;RUA ANTONIO DE CASTRO ALVES;85;;VILA FERTIZA;38184236;34;32014200;1;25;02JAN2020:00:00:00;30DEC2020:00:00:00;0;0;0;0;0;0;0;0;0;0;0;1;0;3,44724E+12;3,44724E+12;1;1;0;0;1;1;0;0;0;0;0;0;0;0;0;0;0;0;1;1;0;0;0;0;1;0;0;0;0;0;1;0;0;0;0;1;0;0;0;0;0;0;0;0;0;0;1;1;1;0;0;0;1;0;1;0;1;0;1;1;1;0;0;0;0;1;1;1;0;0;0;0;0;0;0;0;0;0;1;0;1;0;1;0;0;0;0;0;0;1;0;0;1;1;0;0;1;0;0;13;0;13;2;0;0;1;0;0;1;0;0;0;0;0;0;1;13;0;0;0;0;0;0;0;0;0;0;0;0;0;0;0;0;0;1;42;0;0;0;0;0;0;1;1;1;1;0;1;0;3;1;0;1;4;1;3;0;0;1;6;0;0;0;0;0;0;0;0;0;0;1;2;1;1;1;1;0;0;0;0;0;0;0;0;0;0;0;1;0;1;0;0;1;0;0;0;0;0;0;0;0;0;0;0;0;0;0;0;0;0;0;0;0;0;0;0;0;0;1;1;1;0;0;0;0;0;1;2;0;0;1;0;0;0;1;1;0;1;0;0;0;0;0;0;0;1;1;0;0;0;1;1;0;252;0;0;0;0;0;0;0;252;173;0;0;0;3;3;0;179;73;32;103;23;93;1;0;0;0;0;0;76;176;111;141;0;0;0;0;0;0;0;0;9;0;0;0;0;0;0;0;9;7;0;0;0;4;4;0;15;0;0;0;0;0;0;0;15;10;0;0;0;2;2;0
2020;Sudeste;3;Minas Gerais;MG;31;Barbacena;3105608;Campo das Vertentes;3111;Barbacena;31059;310560805;31313734;SENAC - UNIDADE DE ENSINO TECNICO DO CEP DE BARBACENA;4;1;1;0;RUA MUCURI;201;;CAICARAS;36205420;32;33393110;1;3;03FEB2020:00:00:00;18DEC2020:00:00:00;0;0;0;0;0;0;0;0;0;0;0;1;0;3,44724E+12;3,44724E+12;1;1;0;0;1;1;0;0;0;0;0;0;0;0;0;0;0;0;1;0;1;0;0;0;1;0;0;0;0;0;1;0;0;0;0;1;0;0;0;0;0;0;0;0;0;0;1;1;1;1;0;0;1;0;1;0;0;0;1;1;1;0;0;0;0;1;0;0;0;0;0;0;0;0;0;0;0;0;1;1;1;0;1;0;0;0;0;0;0;1;1;0;1;1;0;1;0;0;0;10;0;10;0;8;1;1;0;0;1;0;0;0;0;0;0;0;0;0;0;1;10;0;0;0;0;0;0;0;0;0;0;0;0;0;1;88888;0;0;0;0;0;0;1;1;1;1;0;1;1;3;1;0;1;4;1;88888;1;1;0;0;0;0;0;0;0;0;0;0;0;0;0;0;1;1;0;0;1;3;0;0;0;0;0;0;0;0;0;1;0;1;0;0;0;0;0;0;0;0;0;0;0;0;0;0;0;0;0;0;0;0;0;0;0;0;0;0;0;0;1;0;0;0;0;0;0;0;1;0;0;0;1;0;0;0;1;1;0;1;0;0;0;0;0;0;0;1;1;1;0;1;1;1;0;34;0;0;0;0;0;0;0;34;28;1;0;1;2;2;0;22;12;9;17;3;5;0;0;0;0;0;0;5;29;3;31;0;0;0;0;0;0;0;0;7;0;0;0;0;0;0;0;7;4;1;0;1;2;2;0;4;0;0;0;0;0;0;0;4;1;1;0;1;2;2;0
2020;Sudeste;3;Minas Gerais;MG;31;Belo Horizonte;3106200;Metropolitana de Belo Horizonte;3107;Belo Horizonte;31030;310620005;31262641;SENAC - UNIDADE DE ENSINO TECNICO DO CEP DE BELO HORIZONTE;4;1;1;0;RUA DOS TUPINAMBAS;1038;;CENTRO;30120070;31;30489044;1;2;03FEB2020:00:00:00;18DEC2020:00:00:00;0;0;0;0;0;0;0;0;0;0;0;1;0;3,44724E+12;3,44724E+12;1;1;0;0;1;1;0;0;0;0;0;0;0;0;0;0;0;0;1;1;0;0;0;0;1;0;0;0;0;0;1;0;0;0;0;1;0;0;0;0;0;0;0;9;9;9;9;1;1;1;0;0;1;0;1;0;1;0;1;1;1;1;0;0;1;1;0;1;0;0;0;0;0;0;0;0;0;0;1;0;1;0;1;0;0;0;0;0;0;1;1;1;0;1;1;1;1;0;0;100;0;100;6;23;0;1;0;1;1;0;0;0;0;1;4;1;19;0;0;1;41;0;0;0;0;0;0;0;0;0;0;0;0;0;1;510;0;0;0;0;0;0;1;1;1;0;0;1;0;1;1;0;1;16;1;21;1;3;0;0;0;0;0;0;0;0;0;0;0;0;1;9;1;1;0;0;1;2;1;1;0;0;0;0;1;0;0;1;0;0;0;0;0;0;0;0;0;0;0;0;1;0;0;0;0;0;0;0;0;0;0;0;0;0;0;0;0;0;1;0;9;0;0;1;0;0;0;9;0;0;1;0;0;0;1;1;0;1;0;0;0;0;0;0;0;1;1;0;0;0;1;1;0;1005;0;0;0;0;0;0;0;1005;448;0;0;0;12;12;0;572;433;270;191;84;457;2;1;0;0;0;0;505;500;694;311;0;0;0;0;0;0;0;0;32;0;0;0;0;0;0;0;32;16;0;0;0;7;7;0;45;0;0;0;0;0;0;0;45;17;0;0;0;9;9;0
2020;Sudeste;3;Minas Gerais;MG;31;Belo Horizonte;3106200;Metropolitana de Belo Horizonte;3107;Belo Horizonte;31030;310620005;31274674;SENAC C FORM PROFIS DE B HORIZONTE;4;0;1;0;RUA TUPINAMBAS;1038;;CENTRO;30120910;.;.;2;2;0;0;0;0;0;0;0;0;0;0;0;0;0;0;0;;;0;0;0;0;0;0;0;0;0;0;0;0;0;0;0;0;0;0;0;0;0;0;0;0;0;0;0;0;0;0;0;0;0;0;0;0;0;0;0;0;0;0;0;0;0;0;0;0;0;0;0;0;0;0;0;0;0;0;0;0;0;0;0;0;0;0;0;0;0;0;0;0;0;0;0;0;0;0;0;0;0;0;0;0;0;0;0;0;0;0;0;0;0;0;0;0;0;0;0;0;0;0;0;0;0;0;0;0;0;0;0;0;0;0;0;0;0;0;0;0;0;0;0;0;0;0;0;0;0;0;0;0;0;0;0;0;0;0;0;0;0;0;0;0;0;0;0;0;0;0;0;0;0;0;0;0;0;0;0;0;0;0;0;0;0;0;0;0;0;0;0;0;0;0;0;0;0;0;0;0;0;0;0;0;0;0;0;0;0;0;0;0;0;0;0;0;0;0;0;0;0;0;0;0;0;0;0;0;0;0;0;0;0;0;0;0;0;0;0;0;0;0;0;0;0;0;0;0;0;0;0;0;0;0;0;0;0;0;0;0;0;0;0;0;0;0;0;0;0;0;0;0;0;0;0;0;0;0;0;0;0;0;0;0;0;0;0;0;0;0;0;0;0;0;0;0;0;0;0;0;0;0;0;0;0;0;0;0;0;0;0;0;0;0;0;0;0;0;0;0;0;0;0;0;0;0;0;0;0;0;0;0;0;0;0;0;0;0;0;0;0;0;0;0;0
2020;Sudeste;3;Minas Gerais;MG;31;Belo Horizonte;3106200;Metropolitana de Belo Horizonte;3107;Belo Horizonte;31030;310620025;31358460;SENAC - UNIDADE DE ENSINO TECNICO DO CEP DO BARREIRO;4;0;1;0;AVENIDA SINFRONIO BROCHADO;635;;BARREIRO;30640000;.;.;2;1;0;0;0;0;0;0;0;0;0;0;0;0;0;0;0;;;0;0;0;0;0;0;0;0;0;0;0;0;0;0;0;0;0;0;0;0;0;0;0;0;0;0;0;0;0;0;0;0;0;0;0;0;0;0;0;0;0;0;0;0;0;0;0;0;0;0;0;0;0;0;0;0;0;0;0;0;0;0;0;0;0;0;0;0;0;0;0;0;0;0;0;0;0;0;0;0;0;0;0;0;0;0;0;0;0;0;0;0;0;0;0;0;0;0;0;0;0;0;0;0;0;0;0;0;0;0;0;0;0;0;0;0;0;0;0;0;0;0;0;0;0;0;0;0;0;0;0;0;0;0;0;0;0;0;0;0;0;0;0;0;0;0;0;0;0;0;0;0;0;0;0;0;0;0;0;0;0;0;0;0;0;0;0;0;0;0;0;0;0;0;0;0;0;0;0;0;0;0;0;0;0;0;0;0;0;0;0;0;0;0;0;0;0;0;0;0;0;0;0;0;0;0;0;0;0;0;0;0;0;0;0;0;0;0;0;0;0;0;0;0;0;0;0;0;0;0;0;0;0;0;0;0;0;0;0;0;0;0;0;0;0;0;0;0;0;0;0;0;0;0;0;0;0;0;0;0;0;0;0;0;0;0;0;0;0;0;0;0;0;0;0;0;0;0;0;0;0;0;0;0;0;0;0;0;0;0;0;0;0;0;0;0;0;0;0;0;0;0;0;0;0;0;0;0;0;0;0;0;0;0;0;0;0;0;0;0;0;0;0;0;0
2020;Sudeste;3;Minas Gerais;MG;31;Belo Horizonte;3106200;Metropolitana de Belo Horizonte;3107;Belo Horizonte;31030;310620005;31363960;SENAC NUCLEO DE POS-GRADUACAO E EDUCACAO A DISTANCIA;4;0;1;0;RUA DOS GUAJAJARAS;40;15º E 16º;CENTRO;30180910;31;30489405;2;2;0;0;0;0;0;0;0;0;0;0;0;0;0;0;0;;;0;0;0;0;0;0;0;0;0;0;0;0;0;0;0;0;0;0;0;0;0;0;0;0;0;0;0;0;0;0;0;0;0;0;0;0;0;0;0;0;0;0;0;0;0;0;0;0;0;0;0;0;0;0;0;0;0;0;0;0;0;0;0;0;0;0;0;0;0;0;0;0;0;0;0;0;0;0;0;0;0;0;0;0;0;0;0;0;0;0;0;0;0;0;0;0;0;0;0;0;0;0;0;0;0;0;0;0;0;0;0;0;0;0;0;0;0;0;0;0;0;0;0;0;0;0;0;0;0;0;0;0;0;0;0;0;0;0;0;0;0;0;0;0;0;0;0;0;0;0;0;0;0;0;0;0;0;0;0;0;0;0;0;0;0;0;0;0;0;0;0;0;0;0;0;0;0;0;0;0;0;0;0;0;0;0;0;0;0;0;0;0;0;0;0;0;0;0;0;0;0;0;0;0;0;0;0;0;0;0;0;0;0;0;0;0;0;0;0;0;0;0;0;0;0;0;0;0;0;0;0;0;0;0;0;0;0;0;0;0;0;0;0;0;0;0;0;0;0;0;0;0;0;0;0;0;0;0;0;0;0;0;0;0;0;0;0;0;0;0;0;0;0;0;0;0;0;0;0;0;0;0;0;0;0;0;0;0;0;0;0;0;0;0;0;0;0;0;0;0;0;0;0;0;0;0;0;0;0;0;0;0;0;0;0;0;0;0;0;0;0;0;0;0;0
2020;Sudeste;3;Minas Gerais;MG;31;Belo Horizonte;3106200;Metropolitana de Belo Horizonte;3107;Belo Horizonte;31030;310620005;31363987;SENAC - SERVICO NACIONAL DE APRENDIZAGEM COMERCIAL;4;0;1;0;AVENIDA LIEGE;213;;JARDIM DOS COMERCIARIOS VENDA NOVA;31640007;31;33435700;2;2;0;0;0;0;0;0;0;0;0;0;0;0;0;0;0;;;0;0;0;0;0;0;0;0;0;0;0;0;0;0;0;0;0;0;0;0;0;0;0;0;0;0;0;0;0;0;0;0;0;0;0;0;0;0;0;0;0;0;0;0;0;0;0;0;0;0;0;0;0;0;0;0;0;0;0;0;0;0;0;0;0;0;0;0;0;0;0;0;0;0;0;0;0;0;0;0;0;0;0;0;0;0;0;0;0;0;0;0;0;0;0;0;0;0;0;0;0;0;0;0;0;0;0;0;0;0;0;0;0;0;0;0;0;0;0;0;0;0;0;0;0;0;0;0;0;0;0;0;0;0;0;0;0;0;0;0;0;0;0;0;0;0;0;0;0;0;0;0;0;0;0;0;0;0;0;0;0;0;0;0;0;0;0;0;0;0;0;0;0;0;0;0;0;0;0;0;0;0;0;0;0;0;0;0;0;0;0;0;0;0;0;0;0;0;0;0;0;0;0;0;0;0;0;0;0;0;0;0;0;0;0;0;0;0;0;0;0;0;0;0;0;0;0;0;0;0;0;0;0;0;0;0;0;0;0;0;0;0;0;0;0;0;0;0;0;0;0;0;0;0;0;0;0;0;0;0;0;0;0;0;0;0;0;0;0;0;0;0;0;0;0;0;0;0;0;0;0;0;0;0;0;0;0;0;0;0;0;0;0;0;0;0;0;0;0;0;0;0;0;0;0;0;0;0;0;0;0;0;0;0;0;0;0;0;0;0;0;0;0;0;0
2020;Sudeste;3;Minas Gerais;MG;31;Belo Horizonte;3106200;Metropolitana de Belo Horizonte;3107;Belo Horizonte;31030;310620005;31364282;CENTRO DE EDUCACAO PROFISSIONAL SENAC - PLUGMINAS;4;1;1;0;RUA SANTO AGOSTINHO;1441;;HORTO;31035480;31;33435600;1;2;03FEB2020:00:00:00;11DEC2020:00:00:00;0;0;0;0;0;0;0;0;0;0;0;1;0;3,44724E+12;3,44724E+12;1;1;0;0;1;3;0;0;0;0;0;0;0;0;0;0;0;0;1;1;0;0;0;0;1;0;0;0;0;0;1;0;0;0;0;1;0;0;0;0;0;0;0;1;0;0;0;1;1;0;0;0;1;0;1;1;0;0;1;1;0;0;0;0;0;1;0;0;0;0;0;0;0;0;0;0;0;0;1;0;1;0;1;0;0;0;0;0;0;1;1;1;1;1;0;1;1;0;0;10;0;10;10;10;0;1;1;1;1;0;0;0;0;1;3;0;0;0;0;1;10;0;0;0;0;0;0;0;0;0;0;0;0;0;1;88888;1;1;0;0;0;0;1;1;1;1;0;1;1;3;1;0;1;3;1;3;0;0;0;0;0;0;0;0;0;0;0;0;0;0;0;0;1;1;0;0;1;1;1;1;0;0;0;0;0;0;0;1;0;0;0;0;1;0;0;0;0;0;0;0;0;0;0;0;0;0;0;0;0;0;0;1;0;1;1;1;0;0;0;1;1;0;0;0;0;0;1;0;0;0;1;0;0;0;1;0;0;1;0;0;0;0;0;0;0;1;1;0;0;0;0;0;0;8;0;0;0;0;0;0;0;8;8;0;0;0;0;0;0;6;2;1;2;0;5;0;0;0;0;0;0;0;8;8;0;0;0;0;0;0;0;0;0;4;0;0;0;0;0;0;0;4;4;0;0;0;0;0;0;1;0;0;0;0;0;0;0;1;1;0;0;0;0;0;0
2020;Sudeste;3;Minas Gerais;MG;31;Belo Horizonte;3106200;Metropolitana de Belo Horizonte;3107;Belo Horizonte;31030;310620060;31366781;SENAC - CENTRO DE EDUCACAO PROFISSIONAL VENDA NOVA;4;1;1;0;AVENIDA LIEGE;213;;JARDIM DOS COMERCIARIOS VENDA NOVA;31640007;31;33435706;1;41;06JAN2020:00:00:00;23DEC2020:00:00:00;0;0;0;0;0;0;0;0;0;0;0;1;0;3,44724E+12;3,44724E+12;1;1;0;0;1;1;0;0;0;0;0;0;0;0;0;0;0;0;1;1;0;0;0;0;1;0;0;0;0;0;1;0;0;0;0;1;0;0;0;0;0;0;0;1;0;0;0;1;1;0;0;0;1;0;1;1;0;0;1;1;0;0;0;0;0;1;0;1;0;0;0;0;0;0;0;0;0;0;1;1;1;0;1;0;0;0;0;0;0;1;1;1;1;1;0;0;1;0;0;21;0;21;21;21;0;1;1;1;1;0;0;0;0;0;0;0;0;0;0;1;20;0;0;0;0;0;0;0;0;0;0;0;0;0;1;160;0;0;0;0;0;0;1;1;1;0;0;1;1;3;1;0;1;7;1;7;1;1;1;7;0;0;0;0;0;0;0;0;0;0;1;21;1;1;1;4;1;1;1;1;0;0;0;0;0;0;1;0;0;0;0;0;1;0;0;0;0;0;0;0;0;0;0;0;0;0;0;0;0;0;0;0;0;0;0;0;0;0;1;0;0;0;0;0;0;0;1;1;0;0;1;0;0;0;1;1;0;1;0;0;0;0;0;0;0;1;1;0;0;0;1;1;0;652;0;0;0;0;0;0;0;652;126;0;0;0;3;3;0;304;348;113;136;39;364;0;0;0;0;0;0;459;193;534;118;0;0;0;0;0;0;0;0;15;0;0;0;0;0;0;0;15;7;0;0;0;2;2;0;36;0;0;0;0;0;0;0;36;7;0;0;0;3;3;0
2020;Sudeste;3;Minas Gerais;MG;31;Betim;3106705;Metropolitana de Belo Horizonte;3107;Belo Horizonte;31030;310670505;31358207;SENAC - UNIDADE DE ENSINO TECNICO DO CEP BETIM;4;1;1;0;AVENIDA DAS AMERICAS;244;;CENTRO;32600082;31;35124300;1;1;06JAN2020:00:00:00;11DEC2020:00:00:00;0;0;0;0;0;0;0;0;0;0;0;1;0;3,44724E+12;3,44724E+12;1;1;0;0;1;2;0;0;0;0;0;0;0;0;0;0;0;0;1;1;0;0;0;0;1;0;0;0;0;0;1;0;0;0;0;1;0;0;0;0;0;0;0;1;0;0;0;1;0;0;0;0;1;0;1;0;0;0;1;1;1;0;0;0;0;1;0;0;0;0;0;0;0;0;0;0;0;0;1;1;1;0;1;0;0;0;0;0;0;1;1;0;0;0;0;0;0;0;0;9;0;9;2;0;0;1;0;0;1;0;0;0;0;1;10;1;3;0;0;1;88888;0;0;0;0;0;0;0;0;0;0;0;0;0;1;52;1;52;1;2;0;0;1;1;1;0;0;1;0;1;1;0;1;3;1;5;0;0;0;0;0;0;0;0;0;0;0;0;0;0;0;0;1;1;0;0;0;0;1;1;0;0;0;0;0;0;1;0;0;1;0;0;1;0;0;0;0;0;0;0;0;0;0;0;0;0;0;0;0;0;0;0;0;0;0;0;0;0;1;0;0;0;0;1;0;0;0;1;0;0;1;0;0;0;1;1;0;1;0;0;0;0;0;0;0;1;1;0;0;0;1;1;0;206;0;0;0;0;0;0;0;206;74;0;0;0;1;1;0;106;100;26;57;14;109;0;0;0;0;0;0;123;83;132;74;0;0;0;0;0;0;0;0;10;0;0;0;0;0;0;0;10;5;0;0;0;1;1;0;16;0;0;0;0;0;0;0;16;5;0;0;0;1;1;0
2020;Sudeste;3;Minas Gerais;MG;31;Conselheiro Lafaiete;3118304;Metropolitana de Belo Horizonte;3107;Conselheiro Lafaiete;31034;311830405;31359823;SENAC - UNIDADE DE ENSINO TECNICO DO CEP DE CONSELHEIRO LAFAIETE;4;1;1;0;RUA QUINCAS ALVES;55;;MUSEU;36400201;31;30622950;1;31;02JAN2020:00:00:00;11DEC2020:00:00:00;0;0;0;0;0;0;0;0;0;0;0;1;0;3,44724E+12;3,44724E+12;1;1;0;0;1;1;0;0;0;0;0;0;0;0;0;0;0;0;1;1;0;0;0;0;1;0;0;0;0;0;1;0;0;0;0;1;0;0;0;0;0;0;0;0;0;0;1;1;1;0;0;0;1;0;1;0;0;0;1;1;0;1;0;0;0;1;0;0;0;0;0;0;0;0;0;0;0;0;1;1;1;0;1;0;0;0;0;0;0;1;1;0;1;1;0;0;0;0;0;13;0;13;11;13;0;1;0;0;1;1;0;0;0;0;0;0;0;0;0;1;15;0;0;0;0;0;0;0;0;0;0;0;0;0;1;96;0;0;0;0;0;0;1;1;1;1;0;1;0;3;1;0;1;5;1;9;1;1;0;0;0;0;0;0;0;0;0;0;0;0;1;3;1;1;0;0;0;0;0;0;0;0;0;0;0;0;0;1;0;0;0;0;1;0;0;0;0;0;0;0;0;0;0;0;0;0;0;0;0;0;0;0;0;0;0;0;0;0;1;0;0;0;0;0;0;0;1;0;0;0;1;0;0;0;1;1;0;1;0;0;0;0;0;0;0;1;1;0;0;0;1;1;0;269;0;0;0;0;0;0;0;269;186;0;0;0;2;2;0;167;102;35;99;24;107;4;0;0;0;0;0;79;190;83;186;0;0;0;0;0;0;0;0;10;0;0;0;0;0;0;0;10;10;0;0;0;2;2;0;15;0;0;0;0;0;0;0;15;10;0;0;0;2;2;0
2020;Sudeste;3;Minas Gerais;MG;31;Contagem;3118601;Metropolitana de Belo Horizonte;3107;Belo Horizonte;31030;311860105;31319431;SENAC - UNIDADE DE ENSINO TECNICO DO CEP DE CONTAGEM;4;0;1;0;RUA LINO DE MORO;25;2º, 3º, 4º ANDAR;INCONFIDENTES;32260090;31;30489800;2;1;0;0;0;0;0;0;0;0;0;0;0;0;0;0;0;;;0;0;0;0;0;0;0;0;0;0;0;0;0;0;0;0;0;0;0;0;0;0;0;0;0;0;0;0;0;0;0;0;0;0;0;0;0;0;0;0;0;0;0;0;0;0;0;0;0;0;0;0;0;0;0;0;0;0;0;0;0;0;0;0;0;0;0;0;0;0;0;0;0;0;0;0;0;0;0;0;0;0;0;0;0;0;0;0;0;0;0;0;0;0;0;0;0;0;0;0;0;0;0;0;0;0;0;0;0;0;0;0;0;0;0;0;0;0;0;0;0;0;0;0;0;0;0;0;0;0;0;0;0;0;0;0;0;0;0;0;0;0;0;0;0;0;0;0;0;0;0;0;0;0;0;0;0;0;0;0;0;0;0;0;0;0;0;0;0;0;0;0;0;0;0;0;0;0;0;0;0;0;0;0;0;0;0;0;0;0;0;0;0;0;0;0;0;0;0;0;0;0;0;0;0;0;0;0;0;0;0;0;0;0;0;0;0;0;0;0;0;0;0;0;0;0;0;0;0;0;0;0;0;0;0;0;0;0;0;0;0;0;0;0;0;0;0;0;0;0;0;0;0;0;0;0;0;0;0;0;0;0;0;0;0;0;0;0;0;0;0;0;0;0;0;0;0;0;0;0;0;0;0;0;0;0;0;0;0;0;0;0;0;0;0;0;0;0;0;0;0;0;0;0;0;0;0;0;0;0;0;0;0;0;0;0;0;0;0;0;0;0;0;0;0
2020;Sudeste;3;Minas Gerais;MG;31;Contagem;3118601;Metropolitana de Belo Horizonte;3107;Belo Horizonte;31030;311860105;31359998;SENAC UNIDADE DE ENSINO TECNICO DA FACULDADE SENAC MINAS;4;1;1;0;RUA PAINEIRAS;1300;;ELDORADO;32310400;31;30489832;1;1;10FEB2020:00:00:00;10DEC2020:00:00:00;0;0;0;0;0;0;0;0;0;0;0;1;0;3,44724E+12;3,44724E+12;1;1;0;0;1;1;0;0;0;0;0;0;0;0;0;0;0;0;1;1;0;0;0;0;1;0;0;0;0;0;1;0;0;0;0;1;0;0;0;0;0;0;0;0;0;0;1;1;1;1;0;0;1;0;1;0;0;0;1;1;0;0;0;0;0;1;0;1;0;0;0;0;0;0;0;0;0;0;1;0;1;0;1;0;0;0;0;0;0;0;1;0;0;0;0;0;0;0;0;22;0;22;0;0;1;1;0;0;1;0;0;1;1;1;1;1;1;0;0;1;28;0;0;0;0;0;0;0;0;0;0;0;0;0;1;117;0;0;0;0;0;0;1;1;1;1;0;1;1;2;1;0;1;7;1;6;1;2;0;0;0;0;0;0;0;0;1;1;0;0;1;2;1;1;1;2;0;0;1;1;0;0;0;1;1;0;0;0;0;1;0;0;0;0;0;0;0;0;0;0;0;0;0;0;0;0;0;0;0;0;0;0;0;0;0;0;0;0;1;1;1;0;0;0;0;0;1;1;0;0;1;0;0;0;1;0;0;1;0;0;0;0;0;0;0;1;1;0;0;0;1;1;0;728;0;0;0;0;0;0;0;728;14;0;0;0;7;7;0;350;378;118;164;61;385;0;0;0;0;0;0;601;127;728;0;0;0;0;0;0;0;0;0;13;0;0;0;0;0;0;0;13;2;0;0;0;9;9;0;31;0;0;0;0;0;0;0;31;1;0;0;0;7;7;0
2020;Sudeste;3;Minas Gerais;MG;31;Coromandel;3119302;Triângulo Mineiro/Alto Paranaíba;3105;Patrocínio;31019;311930205;31329894;SENAC UNIDADE ENS TECNICO -CEP COROMANDEL;4;1;1;0;JUVENCIO GARCIA;36;;SAGRADA FAMILIA;38550000;34;38417550;1;34;02JAN2020:00:00:00;16DEC2020:00:00:00;0;0;0;0;0;0;0;0;0;0;0;1;0;3,44724E+12;3,44724E+12;1;1;0;0;1;1;0;0;0;0;0;0;0;0;0;0;0;0;1;1;0;0;0;0;1;0;0;0;0;0;1;0;0;0;0;1;0;0;0;0;0;0;0;0;0;0;1;1;1;0;0;0;1;0;1;0;0;0;1;1;1;0;0;0;0;1;0;1;0;0;0;0;0;0;0;0;0;0;0;0;1;0;1;0;0;0;0;0;0;1;0;0;0;1;0;0;0;0;0;5;0;5;5;5;0;1;1;0;1;0;0;0;0;0;0;0;0;0;0;1;5;0;0;0;0;0;0;0;0;0;0;0;0;0;1;20;0;0;0;0;0;0;1;1;1;1;0;1;1;3;1;0;1;4;1;3;1;1;1;88888;0;0;0;0;0;0;0;0;0;0;1;1;1;1;0;0;0;0;1;1;0;0;0;0;1;0;0;0;0;1;0;0;0;0;0;0;0;0;0;0;0;0;0;0;0;0;0;0;0;0;0;0;0;0;0;0;0;0;1;0;0;0;0;0;0;0;1;2;0;0;1;0;0;0;1;1;0;1;0;0;0;0;0;0;0;1;1;0;0;0;1;1;0;69;0;0;0;0;0;0;0;69;50;0;0;0;1;1;0;54;15;3;51;1;14;0;0;0;0;0;0;26;43;35;34;0;0;0;0;0;0;0;0;5;0;0;0;0;0;0;0;5;3;0;0;0;1;1;0;5;0;0;0;0;0;0;0;5;3;0;0;0;1;1;0
2020;Sudeste;3;Minas Gerais;MG;31;Coronel Fabriciano;3119401;Vale do Rio Doce;3108;Ipatinga;31039;311940105;31325279;SENAC UNIDADE DE ENSINO TECNICO - CEP DE CORONEL FABRICIANO;4;1;1;0;RUA ALBERT SCHARLET;303;;CENTRO;35170038;31;38419650;1;30;03FEB2020:00:00:00;11DEC2020:00:00:00;0;0;0;0;0;0;0;0;0;0;0;1;0;3,44724E+12;3,44724E+12;1;2;0;0;1;1;0;0;0;0;0;0;0;0;0;0;0;0;1;1;0;0;0;0;1;0;0;0;0;0;1;0;0;0;0;1;0;0;0;0;0;0;0;1;0;0;0;1;1;0;0;0;1;0;1;1;1;0;1;1;1;0;0;0;1;1;0;1;0;0;0;0;0;0;0;0;0;0;1;1;1;0;1;0;0;0;0;0;0;1;1;0;0;1;0;0;0;0;0;15;0;15;15;15;1;1;1;1;1;1;0;0;0;1;1;0;0;0;0;1;15;0;0;0;0;0;0;0;0;0;0;0;0;0;1;47;0;0;0;0;0;0;1;1;1;0;0;1;1;2;1;0;1;4;1;4;0;0;0;0;0;0;0;0;0;0;0;0;0;0;1;1;1;1;0;0;0;0;1;1;0;0;0;0;0;0;0;1;0;1;0;1;1;0;0;0;0;0;0;0;0;0;0;0;0;0;0;0;0;0;0;0;0;0;0;0;0;0;1;0;0;0;0;0;0;0;1;0;0;0;1;0;0;0;1;1;0;1;0;0;0;0;0;0;0;1;1;0;0;0;1;1;0;316;0;0;0;0;0;0;0;316;254;0;0;0;1;1;0;215;101;94;73;22;127;0;0;0;0;0;0;78;238;151;165;0;0;0;0;0;0;0;0;10;0;0;0;0;0;0;0;10;9;0;0;0;1;1;0;15;0;0;0;0;0;0;0;15;10;0;0;0;1;1;0
2020;Sudeste;3;Minas Gerais;MG;31;Diamantina;3121605;Jequitinhonha;3103;Diamantina;31010;312160505;31359106;SENAC UNIDADE DE ENSINO TECNICO DO CEP DE DIAMANTINA;4;1;1;0;RUA AUGUSTO NELSON;155;;CENTRO;39100000;38;35326500;1;5;06JAN2020:00:00:00;11DEC2020:00:00:00;0;0;0;0;0;0;0;0;0;0;0;1;0;3,44724E+12;3,44724E+12;1;1;0;0;1;2;0;0;0;0;0;0;0;0;0;0;0;0;1;1;0;0;0;0;1;0;0;0;0;0;1;0;0;0;0;1;0;0;0;0;0;0;0;1;0;0;0;1;0;0;0;0;1;0;0;0;0;0;1;1;0;0;0;0;1;1;0;0;0;0;0;0;0;0;0;0;0;0;1;0;1;0;1;0;0;0;0;0;0;1;0;0;1;0;0;0;0;0;0;5;0;5;3;0;0;1;0;0;1;0;0;0;0;0;0;0;0;0;0;1;5;0;0;0;0;0;0;0;0;0;0;0;0;0;1;32;0;0;0;0;0;0;1;1;1;1;0;1;1;3;1;0;1;4;1;4;1;1;1;88888;0;0;0;0;0;0;0;0;0;0;1;1;1;1;0;0;0;0;1;1;0;0;0;0;0;0;0;1;0;1;0;1;0;0;0;0;0;0;0;0;0;0;0;0;0;0;0;0;0;0;0;0;0;0;0;0;0;0;0;0;0;0;0;0;0;0;1;0;0;0;1;0;0;0;1;1;0;1;0;0;0;0;0;0;0;1;1;0;0;0;0;0;0;149;0;0;0;0;0;0;0;149;121;0;0;0;0;0;0;108;41;38;20;10;79;1;1;0;0;0;1;28;120;45;104;0;0;0;0;0;0;0;0;6;0;0;0;0;0;0;0;6;4;0;0;0;0;0;0;7;0;0;0;0;0;0;0;7;5;0;0;0;0;0;0
2020;Sudeste;3;Minas Gerais;MG;31;Divinópolis;3122306;Oeste de Minas;3109;Divinópolis;31043;312230605;31224855;EM UNIDADE DE APOIO DO SENAC;3;0;1;0;RUA MINAS GERAIS;1474;;CENTRO;35500007;.;.;2;6;0;0;0;0;0;0;0;0;0;0;0;0;0;0;0;;;0;0;0;0;0;0;0;0;0;0;0;0;0;0;0;0;0;0;0;0;0;0;0;0;0;0;0;0;0;0;0;0;0;0;0;0;0;0;0;0;0;0;0;0;0;0;0;0;0;0;0;0;0;0;0;0;0;0;0;0;0;0;0;0;0;0;0;0;0;0;0;0;0;0;0;0;0;0;0;0;0;0;0;0;0;0;0;0;0;0;0;0;0;0;0;0;0;0;0;0;0;0;0;0;0;0;0;0;0;0;0;0;0;0;0;0;0;0;0;0;0;0;0;0;0;0;0;0;0;0;0;0;0;0;0;0;0;0;0;0;0;0;0;0;0;0;0;0;0;0;0;0;0;0;0;0;0;0;0;0;0;0;0;0;0;0;0;0;0;0;0;0;0;0;0;0;0;0;0;0;0;0;0;0;0;0;0;0;0;0;0;0;0;0;0;0;0;0;0;0;0;0;0;0;0;0;0;0;0;0;0;0;0;0;0;0;0;0;0;0;0;0;0;0;0;0;0;0;0;0;0;0;0;0;0;0;0;0;0;0;0;0;0;0;0;0;0;0;0;0;0;0;0;0;0;0;0;0;0;0;0;0;0;0;0;0;0;0;0;0;0;0;0;0;0;0;0;0;0;0;0;0;0;0;0;0;0;0;0;0;0;0;0;0;0;0;0;0;0;0;0;0;0;0;0;0;0;0;0;0;0;0;0;0;0;0;0;0;0;0;0;0;0;0;0
2020;Sudeste;3;Minas Gerais;MG;31;Divinópolis;3122306;Oeste de Minas;3109;Divinópolis;31043;312230605;31359050;SENAC - UNIDADE DE ENSINO TECNICO DO CEP DE DIVINOPOLIS;4;1;1;0;AVENIDA ANTONIO OLIMPIO DE MORAIS;293;;CENTRO;35500005;37;32296406;1;6;03FEB2020:00:00:00;16DEC2020:00:00:00;0;0;0;0;0;0;0;0;0;0;0;1;0;3,44724E+12;3,44724E+12;1;1;0;0;1;2;0;0;0;0;0;0;0;0;1;0;0;0;1;1;0;0;0;0;1;0;0;0;0;0;1;0;0;0;0;1;0;0;0;0;0;0;0;1;0;0;0;1;0;1;0;0;1;0;1;1;0;0;1;1;0;0;0;0;0;1;0;0;0;0;0;0;0;0;0;0;0;1;1;1;1;0;1;0;0;0;0;0;0;1;1;1;1;0;0;1;1;0;0;20;0;20;20;20;0;1;0;1;1;0;0;0;0;0;0;1;20;0;0;1;20;0;0;0;0;0;0;0;0;0;0;0;0;0;1;88888;0;0;0;0;0;0;1;1;1;1;1;1;1;3;1;0;1;2;1;7;1;1;0;0;0;0;0;0;0;0;0;0;0;0;1;1;1;1;0;0;1;1;0;0;0;0;0;0;0;0;1;0;0;1;0;0;1;0;0;0;0;0;0;0;0;0;0;0;0;0;0;0;0;0;0;0;0;0;0;0;0;0;1;9;9;0;0;1;0;1;0;9;0;0;1;0;0;0;1;1;0;1;0;0;0;0;0;0;0;1;1;0;0;0;1;1;0;117;0;0;0;0;0;0;0;117;4;0;0;0;1;1;0;52;65;8;64;7;38;0;0;0;0;0;1;101;15;113;4;0;0;0;0;0;0;0;0;5;0;0;0;0;0;0;0;5;2;0;0;0;1;1;0;8;0;0;0;0;0;0;0;8;2;0;0;0;1;1;0
2020;Sudeste;3;Minas Gerais;MG;31;Governador Valadares;3127701;Vale do Rio Doce;3108;Governador Valadares;31037;312770105;31323934;SENAC-UNIDADE DE ENSINO TECNICO DO CEP DE GOVERNADOR VALADARES;4;1;1;0;AVENIDA JK;1825;;VILA BRETAS;35030210;33;21025900;1;7;03FEB2020:00:00:00;16DEC2020:00:00:00;0;0;0;0;0;0;0;0;0;0;0;1;1;3,44724E+12;3,44724E+12;1;2;0;0;1;1;0;0;0;0;0;0;0;0;0;0;0;0;1;1;0;0;0;0;1;0;0;0;0;0;1;0;0;0;0;1;0;0;0;0;0;0;0;0;0;0;1;1;1;1;0;0;1;0;1;0;0;0;1;1;1;0;0;0;0;1;1;0;0;0;0;0;0;0;0;0;0;0;1;0;1;0;1;0;0;0;0;0;0;1;1;0;1;1;0;0;1;0;0;16;0;16;7;16;0;1;0;0;1;0;0;0;0;1;5;0;0;0;0;1;19;0;0;0;0;0;0;0;0;0;0;0;0;0;1;63;0;0;0;0;0;0;1;1;1;1;1;1;1;3;1;0;1;2;1;6;1;1;0;0;0;0;0;0;0;0;0;0;0;0;1;1;1;1;0;0;1;1;0;0;0;0;0;0;0;0;0;1;0;1;0;1;1;0;0;0;0;0;0;0;0;0;0;0;0;0;0;0;0;0;0;0;0;0;0;0;0;0;1;1;1;0;0;0;0;0;1;2;0;0;1;0;0;0;1;1;0;1;0;0;0;0;0;0;0;1;1;0;0;0;1;1;0;299;0;0;0;0;0;0;0;299;103;0;0;0;10;10;0;118;181;25;60;12;201;1;0;0;0;0;0;179;120;196;103;0;0;0;0;0;0;0;0;10;0;0;0;0;0;0;0;10;7;0;0;0;5;5;0;17;0;0;0;0;0;0;0;17;7;0;0;0;9;9;0
2020;Sudeste;3;Minas Gerais;MG;31;Guaxupé;3128709;Sul/Sudoeste de Minas;3110;São Sebastião do Paraíso;31048;312870905;31320200;SENAC - UNIDADE DE ENSINO TECNICO DO CEP GUAXUPE;4;1;1;0;RUA PROFESSORA NILZA NUNES GONCALVES;64;;JARDIM VERA CRUZ;37800000;35;35592200;1;22;02JAN2020:00:00:00;14DEC2020:00:00:00;0;0;0;0;0;0;0;0;0;0;0;1;0;3,44724E+12;3,44724E+12;1;1;0;0;1;1;0;0;0;0;0;0;0;0;0;0;0;0;1;1;0;0;0;0;1;0;0;0;0;0;1;0;0;0;0;1;0;0;0;0;0;0;0;1;0;0;0;1;1;0;0;0;1;0;1;1;0;0;1;1;1;0;0;0;0;1;0;1;0;0;0;0;0;0;0;0;0;0;1;0;0;0;1;0;0;0;0;0;0;0;0;0;1;1;0;0;0;0;0;6;0;6;6;6;1;1;1;1;1;1;0;0;0;1;6;0;0;1;1;1;6;0;0;0;0;0;0;0;0;0;0;0;0;0;1;30;1;2;0;0;0;0;1;0;0;1;0;0;0;2;1;0;1;1;1;3;0;0;0;0;0;0;0;0;0;0;0;0;0;0;1;1;1;1;0;0;0;0;0;0;0;0;0;0;0;0;1;0;0;1;0;0;1;0;0;0;0;0;0;0;0;0;0;0;0;0;0;0;0;0;0;0;0;0;0;0;0;0;1;0;0;0;0;0;0;0;1;0;0;0;1;0;0;0;1;1;0;1;0;0;0;0;0;0;0;1;1;0;0;0;0;0;0;102;0;0;0;0;0;0;0;102;74;0;0;0;0;0;0;77;25;9;68;6;19;0;0;0;0;0;0;24;78;28;74;0;0;0;0;0;0;0;0;5;0;0;0;0;0;0;0;5;4;0;0;0;0;0;0;4;0;0;0;0;0;0;0;4;2;0;0;0;0;0;0
2020;Sudeste;3;Minas Gerais;MG;31;Ipatinga;3131307;Vale do Rio Doce;3108;Ipatinga;31039;313130705;31341304;UNIDADE DE ENSINO TECNICO SENAC - CEP IPATINGA;4;1;1;0;RUA ITAJUBA;250;;CENTRO;35160035;31;38011200;1;30;02JAN2020:00:00:00;11DEC2020:00:00:00;0;0;0;0;0;0;1;0;0;0;1;1;0;3,44724E+12;3,44724E+12;1;1;0;0;1;2;0;0;0;0;0;0;0;0;0;0;0;0;1;1;0;0;0;0;1;0;0;0;0;0;1;0;0;0;0;1;0;0;0;0;0;0;0;0;0;0;1;1;0;0;0;0;1;0;1;1;0;0;1;1;1;1;0;0;0;1;0;0;0;0;0;0;0;0;0;0;0;0;1;1;1;0;1;0;0;0;0;0;0;1;1;0;1;1;0;0;0;0;0;9;0;9;9;0;1;1;1;1;1;0;0;1;1;1;2;0;0;0;0;1;9;0;0;0;0;0;0;0;0;0;0;0;0;0;1;60;1;2;1;1;0;0;1;1;1;1;0;1;1;2;1;0;1;3;1;4;1;1;1;1;1;1;0;0;0;0;0;0;0;0;1;2;1;1;0;0;1;1;1;1;0;0;0;0;0;0;0;1;0;1;0;1;1;0;0;0;0;0;0;0;0;0;0;0;0;0;0;0;0;0;0;0;0;0;0;0;0;0;1;0;0;0;0;0;0;0;1;1;0;0;1;0;0;0;1;1;0;1;0;0;0;0;0;0;0;1;1;0;0;0;1;1;0;323;0;0;0;0;0;0;0;323;248;0;0;0;1;1;0;206;117;84;54;18;166;1;0;0;0;0;1;90;232;160;163;0;0;0;0;0;0;0;0;8;0;0;0;0;0;0;0;8;8;0;0;0;1;1;0;17;0;0;0;0;0;0;0;17;12;0;0;0;1;1;0
2020;Sudeste;3;Minas Gerais;MG;31;Itabira;3131703;Metropolitana de Belo Horizonte;3107;Itabira;31031;313170305;31342939;SENAC - UNIDADE DE ENSINO TECNICO DO CEP DE ITABIRA;4;1;1;0;PRACA DOUTOR ACRISIO ALVARENGA;7;EDIFICIO PRACA SETE;CENTRO;35900527;31;30674050;1;14;03FEB2020:00:00:00;11DEC2020:00:00:00;0;0;0;0;0;0;0;0;0;0;0;1;0;3,44724E+12;3,44724E+12;1;1;0;0;1;2;0;0;0;0;0;0;0;0;0;0;0;0;1;1;0;0;0;0;1;0;0;0;0;0;1;0;0;0;0;1;0;0;0;0;0;0;0;1;0;0;0;1;0;0;0;0;1;0;1;1;0;0;1;1;0;0;0;0;0;1;0;0;0;0;0;0;0;0;0;0;0;0;1;0;1;0;1;0;0;0;0;0;0;1;0;0;1;1;1;0;1;0;0;12;0;12;12;12;0;1;0;1;1;1;0;0;0;0;0;0;0;0;0;1;11;0;0;0;0;0;0;0;0;0;0;0;0;0;1;82;0;0;0;0;0;0;1;1;1;1;0;1;1;3;1;0;1;3;1;3;0;0;0;0;0;0;0;0;0;0;0;0;0;0;1;2;1;1;0;0;1;1;1;1;0;0;0;0;0;0;0;1;0;0;0;0;1;0;0;0;0;0;0;0;0;0;0;0;0;0;0;0;0;0;0;0;0;0;0;0;0;0;1;0;0;0;0;0;0;0;1;1;0;0;1;0;0;0;1;1;0;1;0;0;0;0;0;0;0;1;1;0;0;0;1;1;0;207;0;0;0;0;0;0;0;207;148;0;0;0;6;6;0;107;100;14;38;15;140;0;0;0;0;0;0;68;139;79;128;0;0;0;0;0;0;0;0;7;0;0;0;0;0;0;0;7;7;0;0;0;3;3;0;10;0;0;0;0;0;0;0;10;7;0;0;0;3;3;0
2020;Sudeste;3;Minas Gerais;MG;31;Itajubá;3132404;Sul/Sudoeste de Minas;3110;Itajubá;31056;313240405;31320099;SENAC - UNIDADE DE ENSINO TECNICO DO CEP DE ITAJUBA;4;1;1;0;AVENIDA PRESIDENTE TANCREDO DE ALMEIDA NEVES;319;;SAO JUDAS TADEU;37504064;35;21433700;1;8;03FEB2020:00:00:00;15DEC2020:00:00:00;0;0;0;0;0;0;0;0;0;0;0;1;0;3,44724E+12;3,44724E+12;1;1;0;0;1;1;0;0;0;0;0;0;0;0;0;0;0;0;1;1;0;0;0;0;1;0;0;0;0;0;1;0;0;0;0;1;0;0;0;0;0;0;0;1;0;0;0;1;1;1;0;0;1;0;1;0;1;0;1;1;1;0;0;0;0;1;0;1;0;0;0;0;0;0;0;0;0;0;1;0;1;0;1;0;0;0;0;0;0;1;1;0;0;0;0;0;0;0;0;9;0;9;9;0;1;1;0;0;1;0;0;0;0;0;0;0;0;0;0;1;88888;0;0;0;0;0;0;0;0;0;0;0;0;0;1;50;0;0;0;0;0;0;1;0;1;1;0;0;0;3;1;0;1;6;1;4;0;0;0;0;0;0;0;0;0;0;0;0;0;0;1;1;1;1;0;0;0;0;1;1;0;0;0;0;0;0;0;1;0;0;0;0;0;0;0;0;0;0;0;0;1;0;0;0;0;0;0;0;0;0;0;0;0;0;0;0;0;0;1;1;0;0;0;0;0;0;1;1;0;0;1;0;0;0;1;1;0;1;0;0;0;0;0;0;0;1;1;0;0;0;1;1;0;304;0;0;0;0;0;0;0;304;289;0;0;0;1;1;0;254;50;48;194;12;50;0;0;0;0;0;0;19;285;88;216;0;0;0;0;0;0;0;0;12;0;0;0;0;0;0;0;12;11;0;0;0;1;1;0;16;0;0;0;0;0;0;0;16;15;0;0;0;1;1;0
2020;Sudeste;3;Minas Gerais;MG;31;Ituiutaba;3134202;Triângulo Mineiro/Alto Paranaíba;3105;Ituiutaba;31017;313420205;31327182;SENAC C FORM PROFIS DE ITUIUTABA;4;1;1;0;RUA DO TIJUCO;71;;CENTRAL;38307006;34;32680600;1;32;06JAN2020:00:00:00;11DEC2020:00:00:00;0;0;0;0;0;0;0;0;0;0;0;1;0;3,44724E+12;3,44724E+12;1;1;0;0;1;1;0;0;0;0;0;0;0;0;0;0;0;0;1;1;0;0;0;0;1;0;0;0;0;0;1;0;0;0;0;1;0;0;0;0;0;0;0;1;0;0;0;1;1;0;0;0;1;0;1;0;1;0;1;1;0;1;0;0;0;1;0;1;0;0;0;0;0;0;0;0;0;0;1;0;1;0;1;0;0;0;0;0;0;0;0;0;1;1;0;0;1;0;0;6;0;6;6;6;0;1;1;1;1;1;0;0;0;0;0;0;0;0;0;1;6;0;0;0;0;0;0;0;0;0;0;0;0;0;1;37;0;0;0;0;0;0;1;1;1;1;0;1;0;3;1;0;1;3;1;3;1;1;0;0;0;0;0;0;0;0;0;0;0;0;1;1;1;1;0;0;1;1;1;2;0;0;0;0;0;0;0;1;0;1;0;0;1;0;0;0;0;0;0;0;0;0;0;0;0;0;0;0;0;0;0;0;0;0;0;0;0;0;1;0;0;0;0;0;0;0;1;1;0;0;1;0;0;0;1;1;0;1;0;0;0;0;0;0;0;1;1;0;0;0;1;1;0;164;0;0;0;0;0;0;0;164;122;0;0;0;3;3;0;134;30;31;71;8;54;0;0;0;0;0;0;44;120;74;90;0;0;0;0;0;0;0;0;7;0;0;0;0;0;0;0;7;6;0;0;0;2;2;0;9;0;0;0;0;0;0;0;9;6;0;0;0;3;3;0
2020;Sudeste;3;Minas Gerais;MG;31;Janaúba;3135100;Norte de Minas;3102;Janaúba;31004;313510005;31363944;SENAC - UNIDADE DE ENSINO TECNICO DO CEP DE JANAUBA;4;0;1;0;AVENIDA DO COMERCIO;;;CENTRO;39442016;.;.;2;44;0;0;0;0;0;0;0;0;0;0;0;0;0;0;0;;;0;0;0;0;0;0;0;0;0;0;0;0;0;0;0;0;0;0;0;0;0;0;0;0;0;0;0;0;0;0;0;0;0;0;0;0;0;0;0;0;0;0;0;0;0;0;0;0;0;0;0;0;0;0;0;0;0;0;0;0;0;0;0;0;0;0;0;0;0;0;0;0;0;0;0;0;0;0;0;0;0;0;0;0;0;0;0;0;0;0;0;0;0;0;0;0;0;0;0;0;0;0;0;0;0;0;0;0;0;0;0;0;0;0;0;0;0;0;0;0;0;0;0;0;0;0;0;0;0;0;0;0;0;0;0;0;0;0;0;0;0;0;0;0;0;0;0;0;0;0;0;0;0;0;0;0;0;0;0;0;0;0;0;0;0;0;0;0;0;0;0;0;0;0;0;0;0;0;0;0;0;0;0;0;0;0;0;0;0;0;0;0;0;0;0;0;0;0;0;0;0;0;0;0;0;0;0;0;0;0;0;0;0;0;0;0;0;0;0;0;0;0;0;0;0;0;0;0;0;0;0;0;0;0;0;0;0;0;0;0;0;0;0;0;0;0;0;0;0;0;0;0;0;0;0;0;0;0;0;0;0;0;0;0;0;0;0;0;0;0;0;0;0;0;0;0;0;0;0;0;0;0;0;0;0;0;0;0;0;0;0;0;0;0;0;0;0;0;0;0;0;0;0;0;0;0;0;0;0;0;0;0;0;0;0;0;0;0;0;0;0;0;0;0;0
2020;Sudeste;3;Minas Gerais;MG;31;Juiz de Fora;3136702;Zona da Mata;3112;Juiz de Fora;31065;313670205;31318671;SENAC - UNIDADE DE ENSINO TECNICO DO CEP DE JUIZ DE FORA;4;1;1;0;AVENIDA BARAO DO RIO BRANCO;3330;;CENTRO;36025020;32;36904700;1;10;02JAN2020:00:00:00;18DEC2020:00:00:00;0;0;0;0;0;0;0;0;0;0;0;1;0;3,44724E+12;3,44724E+12;1;1;0;0;1;1;0;0;0;0;0;0;0;0;0;1;0;0;1;1;0;0;0;0;1;0;0;0;0;0;1;0;0;0;0;1;0;0;0;0;0;0;0;0;0;0;1;1;1;1;0;0;1;0;1;0;0;0;1;1;1;0;0;0;0;1;0;1;0;0;0;0;0;0;0;0;0;0;1;1;1;0;1;0;0;0;0;0;0;1;1;1;1;1;0;1;1;0;0;15;7;22;10;22;0;1;0;0;1;0;0;0;0;1;1;1;2;0;0;1;18;0;0;0;0;0;0;0;0;0;0;0;0;0;1;141;0;0;0;0;0;0;1;1;1;1;0;1;0;3;1;0;1;11;1;8;0;0;0;0;0;0;0;0;0;0;0;0;0;0;1;4;1;1;0;0;0;0;1;1;0;0;0;0;0;0;0;1;0;1;0;1;1;0;0;1;0;0;0;0;0;0;0;0;0;0;0;0;0;0;0;0;0;0;0;0;0;0;1;0;0;0;0;0;0;0;1;0;0;0;1;0;0;0;1;1;0;1;0;0;0;0;0;0;0;1;1;0;0;0;1;1;0;632;0;0;0;0;0;0;0;632;166;0;0;0;1;1;0;341;291;75;257;100;199;1;0;0;0;0;0;368;264;481;151;0;0;0;0;0;0;0;0;19;0;0;0;0;0;0;0;19;10;0;0;0;1;1;0;41;0;0;0;0;0;0;0;41;11;0;0;0;1;1;0
2020;Sudeste;3;Minas Gerais;MG;31;Lavras;3138203;Campo das Vertentes;3111;Lavras;31057;313820305;31364355;UNIDADE DE ENSINO TECNICO DO CEP SENAC LAVRAS;4;1;1;0;RUA COMANDANTE SOARES JUNIOR;68;;ARTUR BERNARDES;37205034;35;21421904;1;35;03FEB2020:00:00:00;16DEC2020:00:00:00;0;0;0;0;0;0;0;0;0;0;0;1;0;3,44724E+12;3,44724E+12;1;1;0;0;1;2;0;0;0;0;0;0;0;0;0;0;0;0;0;1;0;0;0;0;1;0;0;0;0;0;1;0;0;0;0;1;0;0;0;0;0;0;0;0;0;0;1;1;0;0;0;0;1;0;1;0;1;0;1;1;0;0;0;0;0;1;0;0;0;0;0;0;0;0;0;0;0;0;1;1;1;0;1;0;0;0;0;0;0;1;1;0;1;1;0;0;1;0;0;12;0;12;12;12;0;1;1;1;1;1;0;1;13;0;0;1;13;0;0;1;13;0;0;0;0;0;0;0;0;0;0;0;0;0;1;80;0;0;0;0;0;0;1;1;1;1;0;1;1;3;1;0;1;3;1;3;0;0;1;88888;0;0;0;0;0;0;0;0;0;0;1;3;1;1;1;1;1;1;1;1;0;0;0;0;0;0;0;1;0;1;0;0;1;0;0;0;0;0;0;0;0;0;0;0;0;0;0;0;0;0;0;0;0;0;0;0;0;0;1;1;1;0;0;0;0;0;1;1;0;0;1;0;0;0;1;1;0;1;0;0;0;0;0;0;0;1;1;0;0;0;1;1;0;66;0;0;0;0;0;0;0;66;6;0;0;0;2;2;0;42;24;13;18;10;25;0;0;0;0;0;1;45;20;60;6;0;0;0;0;0;0;0;0;5;0;0;0;0;0;0;0;5;3;0;0;0;1;1;0;7;0;0;0;0;0;0;0;7;3;0;0;0;1;1;0
2020;Sudeste;3;Minas Gerais;MG;31;Manhuaçu;3139409;Zona da Mata;3112;Manhuaçu;31061;313940905;31339903;SENAC - UNIDADE DE ENSINO TECNICO DO CEP DE MANHUACU;4;1;1;0;RUA HILDA VARGAS LEITAO DE ALMEIDA;60;;ALFA SUL;36904153;33;33392950;1;11;27JAN2020:00:00:00;11DEC2020:00:00:00;0;0;0;0;0;0;0;0;0;0;1;1;0;3,44724E+12;3,44724E+12;1;1;0;0;1;1;0;0;0;0;0;0;0;0;0;0;0;0;1;1;0;0;0;0;1;0;0;0;0;0;1;0;0;0;0;1;0;0;0;0;0;0;0;0;0;0;1;0;0;0;0;0;1;0;1;0;0;0;1;1;0;0;0;0;1;1;0;0;0;0;0;0;0;0;0;0;0;0;1;0;1;0;0;0;0;0;0;0;0;1;0;0;0;1;0;0;1;0;0;6;0;6;6;3;1;1;0;1;0;0;0;0;0;1;1;1;1;1;2;1;1;0;0;0;0;0;0;0;0;0;0;0;0;0;1;27;1;2;0;0;0;0;1;1;1;1;0;1;1;2;1;0;1;4;1;2;1;1;0;0;1;1;0;0;0;0;0;0;0;0;1;2;1;1;0;0;1;1;1;1;0;0;0;0;1;0;0;0;0;1;0;0;1;0;0;0;0;0;0;1;0;0;0;0;0;0;0;0;0;0;0;0;0;0;0;0;0;0;1;0;1;0;0;1;0;1;0;1;0;0;1;0;0;0;1;1;0;1;0;0;0;0;0;0;0;1;1;0;0;0;0;0;0;128;0;0;0;0;0;0;0;128;69;0;0;0;0;0;0;88;40;7;52;7;62;0;0;0;0;0;1;52;75;59;69;0;0;0;0;0;0;0;0;6;0;0;0;0;0;0;0;6;4;0;0;0;0;0;0;9;0;0;0;0;0;0;0;9;4;0;0;0;0;0;0
2020;Sudeste;3;Minas Gerais;MG;31;Montes Claros;3143302;Norte de Minas;3102;Montes Claros;31007;314330205;31316130;SENAC - UNIDADE DE ENSINO TECNICO DO CEP DE MONTES CLAROS;4;1;1;0;AVENIDA DEPUTADO ESTEVES RODRIGUES;250;;CENTRO;39400215;38;32186500;1;12;02JAN2020:00:00:00;18DEC2020:00:00:00;0;0;0;0;0;0;0;0;0;0;0;1;0;3,44724E+12;3,44724E+12;1;1;0;0;1;1;0;0;0;0;0;0;0;0;0;0;0;0;1;1;0;0;0;0;1;0;0;0;0;0;1;0;0;0;0;1;0;0;0;0;0;0;0;1;0;0;0;1;1;1;0;0;1;0;1;0;1;0;1;1;0;0;0;0;0;1;0;1;0;0;0;0;0;0;0;0;0;0;1;1;1;0;1;0;0;0;0;0;0;1;1;0;1;0;0;0;0;0;0;23;0;23;23;23;0;1;0;1;1;1;0;0;0;0;0;0;0;1;23;1;23;0;0;0;0;0;0;0;0;0;0;0;0;0;1;110;0;0;0;0;0;0;1;1;1;1;0;1;1;3;1;0;1;6;1;5;1;1;0;0;1;1;0;0;0;0;0;0;0;0;1;1;1;1;0;0;0;0;0;0;0;0;0;0;0;0;0;1;0;0;0;0;0;0;0;0;0;0;0;0;1;0;0;0;0;0;0;0;0;0;0;0;0;0;0;0;0;0;1;1;0;0;0;0;0;0;1;1;0;0;1;0;0;0;1;1;0;1;0;0;0;0;0;0;0;1;1;0;0;0;1;1;0;259;0;0;0;0;0;0;0;259;107;0;0;0;1;1;0;117;142;39;58;9;153;0;0;0;0;0;0;141;118;152;107;0;0;0;0;0;0;0;0;9;0;0;0;0;0;0;0;9;6;0;0;0;1;1;0;15;0;0;0;0;0;0;0;15;6;0;0;0;1;1;0
2020;Sudeste;3;Minas Gerais;MG;31;Patos de Minas;3148004;Triângulo Mineiro/Alto Paranaíba;3105;Patos de Minas;31020;314800405;31321729;SENAC UNIDADE DE ENSINO TECNICO - CFP DE PATOS DE MINAS;4;1;1;0;AVENIDA IVAN BORGES PORTO;435;;JARDIM CENTRO;38703008;34;21063700;1;18;06JAN2020:00:00:00;15DEC2020:00:00:00;0;0;0;0;0;0;0;0;0;0;0;1;0;3,44724E+12;3,44724E+12;1;1;0;0;1;1;0;0;0;0;0;0;0;0;0;0;0;0;1;1;0;0;0;0;1;0;0;0;0;0;1;0;0;0;0;1;0;0;0;0;0;0;0;1;0;0;0;1;1;1;0;0;1;0;1;0;1;0;1;1;1;1;0;0;0;1;0;1;0;0;0;0;0;0;0;0;0;0;1;0;1;0;1;0;0;0;0;0;0;1;1;0;1;0;0;0;0;0;0;15;0;15;15;0;1;1;1;0;1;0;0;0;0;1;14;1;1;0;0;1;14;0;0;0;0;0;0;0;0;0;0;0;0;0;1;14;1;1;1;1;0;0;1;1;1;1;0;1;0;2;1;0;1;5;1;7;1;2;1;2;0;0;0;0;0;0;0;0;0;0;1;2;1;1;0;0;1;1;1;1;1;88888;0;0;0;0;0;1;0;1;0;0;1;0;0;0;0;0;0;0;0;0;0;0;0;0;0;0;0;0;0;0;0;0;0;0;0;0;1;0;0;0;0;0;0;0;1;2;0;0;1;0;0;0;1;1;0;1;0;0;0;0;0;0;0;1;1;0;0;0;0;0;0;324;0;0;0;0;0;0;0;324;221;0;0;0;0;0;0;230;94;39;110;20;154;1;0;0;0;0;3;117;204;127;197;0;0;0;0;0;0;0;0;14;0;0;0;0;0;0;0;14;11;0;0;0;0;0;0;19;0;0;0;0;0;0;0;19;12;0;0;0;0;0;0
2020;Sudeste;3;Minas Gerais;MG;31;Pirapora;3151206;Norte de Minas;3102;Pirapora;31006;315120605;31358452;SENAC - UNIDADE DE ENSINO TECNICO DO CEP DE PIRAPORA;4;0;1;0;AVENIDA TIRADENTES;;;CENTRO;39270090;38;37413172;2;46;0;0;0;0;0;0;0;0;0;0;0;0;0;0;0;;;0;0;0;0;0;0;0;0;0;0;0;0;0;0;0;0;0;0;0;0;0;0;0;0;0;0;0;0;0;0;0;0;0;0;0;0;0;0;0;0;0;0;0;0;0;0;0;0;0;0;0;0;0;0;0;0;0;0;0;0;0;0;0;0;0;0;0;0;0;0;0;0;0;0;0;0;0;0;0;0;0;0;0;0;0;0;0;0;0;0;0;0;0;0;0;0;0;0;0;0;0;0;0;0;0;0;0;0;0;0;0;0;0;0;0;0;0;0;0;0;0;0;0;0;0;0;0;0;0;0;0;0;0;0;0;0;0;0;0;0;0;0;0;0;0;0;0;0;0;0;0;0;0;0;0;0;0;0;0;0;0;0;0;0;0;0;0;0;0;0;0;0;0;0;0;0;0;0;0;0;0;0;0;0;0;0;0;0;0;0;0;0;0;0;0;0;0;0;0;0;0;0;0;0;0;0;0;0;0;0;0;0;0;0;0;0;0;0;0;0;0;0;0;0;0;0;0;0;0;0;0;0;0;0;0;0;0;0;0;0;0;0;0;0;0;0;0;0;0;0;0;0;0;0;0;0;0;0;0;0;0;0;0;0;0;0;0;0;0;0;0;0;0;0;0;0;0;0;0;0;0;0;0;0;0;0;0;0;0;0;0;0;0;0;0;0;0;0;0;0;0;0;0;0;0;0;0;0;0;0;0;0;0;0;0;0;0;0;0;0;0;0;0;0;0
2020;Sudeste;3;Minas Gerais;MG;31;Poços de Caldas;3151800;Sul/Sudoeste de Minas;3110;Poços de Caldas;31051;315180005;31313459;SENAC UNIDADE DE ENSINO TECNICO - CFP POCOS DE CALDAS;4;1;1;0;RUA CERRO AZUL;525;;JARDIM DOS ESTADOS;37701093;35;21013150;1;19;06JAN2020:00:00:00;23DEC2020:00:00:00;0;0;0;0;0;0;0;0;0;0;1;1;0;3,44724E+12;3,44724E+12;1;2;0;0;1;1;0;0;0;0;0;0;0;0;0;0;0;0;1;1;0;0;0;0;1;0;0;0;0;0;1;0;0;0;0;1;0;0;0;0;0;0;0;1;0;0;0;1;0;1;0;0;1;0;1;0;1;0;1;1;1;0;0;0;0;1;0;0;0;0;0;0;0;0;0;0;0;0;1;1;1;0;1;0;0;0;0;0;0;1;1;0;1;0;0;0;0;0;0;18;0;18;18;18;0;1;1;1;1;1;0;0;0;1;18;0;0;1;18;1;18;0;0;0;0;0;0;0;0;0;0;0;0;0;1;86;0;0;0;0;0;0;1;1;1;1;0;1;1;3;1;0;1;4;1;4;0;0;0;0;0;0;0;0;0;0;0;0;0;0;1;2;1;1;0;0;1;1;1;1;0;0;0;1;0;0;0;0;0;1;0;0;0;0;0;0;0;0;0;0;0;0;0;0;0;0;0;0;0;0;0;0;0;0;0;0;0;0;1;0;0;0;0;0;0;0;1;1;0;0;1;0;0;0;1;1;0;1;0;0;0;0;0;0;0;1;1;0;0;0;1;1;0;445;0;0;0;0;0;0;0;445;292;0;0;0;4;4;0;319;126;34;287;30;89;1;4;0;0;0;0;133;312;199;246;0;0;0;0;0;0;0;0;45;0;0;0;0;0;0;0;45;38;0;0;0;6;6;0;20;0;0;0;0;0;0;0;20;12;0;0;0;2;2;0
2020;Sudeste;3;Minas Gerais;MG;31;Pouso Alegre;3152501;Sul/Sudoeste de Minas;3110;Pouso Alegre;31052;315250105;31338958;SENAC UNIDADE DE ENSINO TECNICO DO CEP DE POUSO ALEGRE;4;1;1;0;AVENIDA VICENTE SIMOES;370;;RFFSA;37554002;35;21032450;1;37;03FEB2020:00:00:00;11DEC2020:00:00:00;0;0;0;0;0;0;0;0;0;0;1;1;0;3,44724E+12;3,44724E+12;1;2;0;0;1;2;0;0;0;0;0;0;0;0;0;0;0;0;1;1;0;0;0;0;1;0;0;0;0;0;1;0;0;0;0;1;0;0;0;0;0;0;0;0;0;0;1;1;1;1;0;0;1;0;1;0;1;0;1;1;1;0;0;0;0;1;0;1;0;0;0;0;0;0;0;0;0;0;1;0;1;0;1;0;0;0;0;0;0;0;1;0;1;0;0;0;0;0;0;18;0;18;0;0;1;1;1;1;1;0;0;1;1;1;1;1;1;0;0;1;23;0;0;0;0;0;0;0;0;0;0;0;0;0;1;144;1;12;0;0;0;0;1;1;1;0;0;1;0;2;1;0;1;7;1;5;1;1;0;0;0;0;0;0;0;0;0;0;0;0;1;3;1;1;0;0;0;0;0;0;0;0;0;0;0;0;0;1;0;1;0;1;0;0;0;0;0;0;0;0;0;0;0;0;0;0;0;0;0;0;0;0;0;0;0;0;0;0;1;0;1;0;0;0;0;0;1;1;0;0;1;0;0;0;1;1;0;1;0;0;0;0;0;0;0;1;1;1;1;0;1;1;0;324;0;0;0;0;0;0;0;324;168;1;1;0;4;4;0;159;165;20;244;10;50;0;0;0;0;0;1;144;179;161;163;0;0;0;0;0;0;0;0;17;0;0;0;0;0;0;0;17;11;1;1;0;3;3;0;27;0;0;0;0;0;0;0;27;11;1;1;0;3;3;0
2020;Sudeste;3;Minas Gerais;MG;31;São João del Rei;3162500;Campo das Vertentes;3111;São João Del Rei;31058;316250005;31363103;SERVICO NACIONAL DE APRENDIZAGEM COMERCIAL - SENAC SAO JOAO DEL REI;4;1;1;0;RUA MARECHAL DEODORO;131;;CENTRO;36300074;32;33798950;1;21;02JAN2020:00:00:00;11DEC2020:00:00:00;0;0;0;0;0;0;0;0;0;0;0;1;0;3,44724E+12;3,44724E+12;1;1;0;0;1;2;0;0;0;0;0;0;0;0;0;0;0;0;1;1;0;0;0;0;1;0;0;0;0;0;1;0;0;0;0;1;0;0;0;0;0;0;0;0;0;0;1;1;0;0;0;0;1;0;1;0;1;0;1;1;1;0;0;0;0;1;0;1;0;0;0;0;0;1;0;0;0;0;1;0;1;0;1;0;0;0;0;0;0;1;1;0;0;1;0;0;0;0;0;11;0;11;9;0;0;1;0;0;1;0;0;0;0;0;0;0;0;0;0;1;10;0;0;0;0;0;0;0;0;0;0;0;0;0;1;30;0;0;0;0;0;0;1;1;1;1;0;1;1;2;1;0;1;2;1;5;0;0;0;0;0;0;0;0;0;0;0;0;0;0;0;0;1;1;0;0;1;1;0;0;0;0;0;0;1;0;0;0;0;0;0;0;1;0;0;0;0;0;0;0;0;0;0;0;0;0;0;0;0;0;0;0;0;0;0;0;0;0;1;0;0;0;0;0;0;0;1;0;0;0;1;0;0;0;1;1;0;1;0;0;0;0;0;0;0;1;1;0;0;0;1;1;0;161;0;0;0;0;0;0;0;161;101;0;0;0;1;1;0;100;61;35;72;13;41;0;0;0;0;0;0;59;102;87;74;0;0;0;0;0;0;0;0;6;0;0;0;0;0;0;0;6;4;0;0;0;1;1;0;9;0;0;0;0;0;0;0;9;5;0;0;0;1;1;0
2020;Sudeste;3;Minas Gerais;MG;31;São Lourenço;3163706;Sul/Sudoeste de Minas;3110;São Lourenço;31054;316370605;31364061;CENTRO DE EDUCACAO PROFISSIONAL SENAC - SAO LOURENCO;4;0;1;0;RUA PRESIDENTE ARTHUR BERNARDES;85;;NOSSA SENHORA DE FATIMA;37470000;.;.;2;42;0;0;0;0;0;0;0;0;0;0;0;0;0;0;0;;;0;0;0;0;0;0;0;0;0;0;0;0;0;0;0;0;0;0;0;0;0;0;0;0;0;0;0;0;0;0;0;0;0;0;0;0;0;0;0;0;0;0;0;0;0;0;0;0;0;0;0;0;0;0;0;0;0;0;0;0;0;0;0;0;0;0;0;0;0;0;0;0;0;0;0;0;0;0;0;0;0;0;0;0;0;0;0;0;0;0;0;0;0;0;0;0;0;0;0;0;0;0;0;0;0;0;0;0;0;0;0;0;0;0;0;0;0;0;0;0;0;0;0;0;0;0;0;0;0;0;0;0;0;0;0;0;0;0;0;0;0;0;0;0;0;0;0;0;0;0;0;0;0;0;0;0;0;0;0;0;0;0;0;0;0;0;0;0;0;0;0;0;0;0;0;0;0;0;0;0;0;0;0;0;0;0;0;0;0;0;0;0;0;0;0;0;0;0;0;0;0;0;0;0;0;0;0;0;0;0;0;0;0;0;0;0;0;0;0;0;0;0;0;0;0;0;0;0;0;0;0;0;0;0;0;0;0;0;0;0;0;0;0;0;0;0;0;0;0;0;0;0;0;0;0;0;0;0;0;0;0;0;0;0;0;0;0;0;0;0;0;0;0;0;0;0;0;0;0;0;0;0;0;0;0;0;0;0;0;0;0;0;0;0;0;0;0;0;0;0;0;0;0;0;0;0;0;0;0;0;0;0;0;0;0;0;0;0;0;0;0;0;0;0;0
2020;Sudeste;3;Minas Gerais;MG;31;Sete Lagoas;3167202;Metropolitana de Belo Horizonte;3107;Sete Lagoas;31027;316720205;31312975;SENAC - UNIDADE DE ENSINO TECNICO DO CEP DE SETE LAGOAS;4;1;1;0;RUA JOSE DUARTE DE PAIVA;775;;VILA SANTA HELENA;35700854;31;37796205;1;23;03FEB2020:00:00:00;11DEC2020:00:00:00;0;0;0;0;0;0;0;0;0;0;1;1;0;3,44724E+12;3,44724E+12;1;1;0;0;1;1;0;0;0;0;0;0;0;0;0;1;0;0;1;1;0;0;0;0;1;0;0;0;0;0;1;0;0;0;0;1;0;0;0;0;0;0;0;0;0;0;1;1;1;0;0;0;1;0;1;0;0;0;1;1;1;0;0;0;0;1;0;0;0;0;0;0;0;0;0;0;0;0;1;0;1;0;1;0;0;0;0;0;0;1;1;1;1;1;1;1;1;0;0;12;0;12;11;12;1;1;0;1;0;0;0;0;0;1;1;1;1;0;0;1;12;0;0;0;0;0;0;0;0;0;0;0;0;0;1;70;0;0;0;0;0;0;1;1;1;1;0;1;1;3;1;0;1;3;1;6;1;1;1;7;0;0;0;0;0;0;0;0;0;0;1;2;1;1;0;0;1;1;0;0;0;0;0;0;0;0;1;0;0;1;0;0;0;0;0;0;0;0;0;0;0;0;0;0;0;0;0;0;0;0;0;0;0;0;0;0;0;0;1;0;0;0;0;0;0;0;1;0;0;0;1;0;0;0;1;1;0;1;0;0;0;0;0;0;0;1;1;0;0;0;1;1;0;289;0;0;0;0;0;0;0;289;152;0;0;0;2;2;0;147;142;31;68;17;171;2;0;0;0;0;0;132;157;137;152;0;0;0;0;0;0;0;0;20;0;0;0;0;0;0;0;20;16;0;0;0;3;3;0;16;0;0;0;0;0;0;0;16;8;0;0;0;1;1;0
2020;Sudeste;3;Minas Gerais;MG;31;Tiradentes;3168804;Campo das Vertentes;3111;São João Del Rei;31058;316880405;31363952;CENTRO GASTRONOMICO SENAC - TIRADENTES;4;0;1;0;FRANCISCO DE PAULA;164;;CASCALHO;36325000;32;33552900;2;21;0;0;0;0;0;0;0;0;0;0;0;0;0;0;0;;;0;0;0;0;0;0;0;0;0;0;0;0;0;0;0;0;0;0;0;0;0;0;0;0;0;0;0;0;0;0;0;0;0;0;0;0;0;0;0;0;0;0;0;0;0;0;0;0;0;0;0;0;0;0;0;0;0;0;0;0;0;0;0;0;0;0;0;0;0;0;0;0;0;0;0;0;0;0;0;0;0;0;0;0;0;0;0;0;0;0;0;0;0;0;0;0;0;0;0;0;0;0;0;0;0;0;0;0;0;0;0;0;0;0;0;0;0;0;0;0;0;0;0;0;0;0;0;0;0;0;0;0;0;0;0;0;0;0;0;0;0;0;0;0;0;0;0;0;0;0;0;0;0;0;0;0;0;0;0;0;0;0;0;0;0;0;0;0;0;0;0;0;0;0;0;0;0;0;0;0;0;0;0;0;0;0;0;0;0;0;0;0;0;0;0;0;0;0;0;0;0;0;0;0;0;0;0;0;0;0;0;0;0;0;0;0;0;0;0;0;0;0;0;0;0;0;0;0;0;0;0;0;0;0;0;0;0;0;0;0;0;0;0;0;0;0;0;0;0;0;0;0;0;0;0;0;0;0;0;0;0;0;0;0;0;0;0;0;0;0;0;0;0;0;0;0;0;0;0;0;0;0;0;0;0;0;0;0;0;0;0;0;0;0;0;0;0;0;0;0;0;0;0;0;0;0;0;0;0;0;0;0;0;0;0;0;0;0;0;0;0;0;0;0;0
2020;Sudeste;3;Minas Gerais;MG;31;Três Corações;3169307;Sul/Sudoeste de Minas;3110;Varginha;31050;316930705;31343510;SENAC - UNIDADE DE ENSINO TECNICO DO CEP DE TRES CORACOES;4;1;1;0;AVENIDA DEPUTADO RENATO AZEREDO;660;;NOSSA SENHORA APARECIDA;37417360;35;32395750;1;27;20JAN2020:00:00:00;11DEC2020:00:00:00;0;0;0;0;0;0;0;0;0;0;0;1;0;3,44724E+12;3,44724E+12;1;1;0;0;1;2;0;0;0;0;0;0;0;0;0;0;0;0;1;1;0;0;0;0;1;0;0;0;0;0;1;0;0;0;0;1;0;0;0;0;0;0;0;0;0;0;1;1;0;1;0;0;1;0;1;1;1;0;1;1;1;0;0;0;0;1;0;0;0;0;0;0;0;0;0;0;0;0;1;1;1;0;1;0;0;0;0;0;0;0;1;0;1;1;0;0;1;0;0;14;0;14;14;14;0;1;1;1;1;1;0;0;0;0;0;0;0;0;0;1;14;0;0;0;0;0;0;0;0;0;0;0;0;0;1;84;1;2;1;1;0;0;1;1;1;1;0;1;1;3;1;0;1;3;1;3;0;0;0;0;0;0;0;0;0;0;0;0;0;0;1;2;1;1;0;0;0;0;0;0;0;0;0;0;0;0;0;1;0;1;0;0;1;0;0;0;0;0;0;0;0;0;0;0;0;0;0;0;0;0;0;0;0;0;0;0;0;0;1;0;0;0;0;0;0;0;1;0;0;0;1;0;0;0;1;1;0;1;0;0;0;0;0;0;0;1;1;0;0;0;1;1;0;309;0;0;0;0;0;0;0;309;299;0;0;0;2;2;0;240;69;50;107;29;122;1;0;0;0;0;0;25;284;45;264;0;0;0;0;0;0;0;0;12;0;0;0;0;0;0;0;12;11;0;0;0;3;3;0;13;0;0;0;0;0;0;0;13;11;0;0;0;2;2;0
2020;Sudeste;3;Minas Gerais;MG;31;Três Marias;3169356;Central Mineira;3106;Três Marias;31024;316935605;31348392;SENAC - UNIDADE DE ENSINO TECNICO DO CEP TRES MARIAS;4;0;1;0;RUA VARZEA DA PALMA;77;;CENTRO;39205000;38;37542854;2;38;0;0;0;0;0;0;0;0;0;0;0;0;0;0;0;;;0;0;0;0;0;0;0;0;0;0;0;0;0;0;0;0;0;0;0;0;0;0;0;0;0;0;0;0;0;0;0;0;0;0;0;0;0;0;0;0;0;0;0;0;0;0;0;0;0;0;0;0;0;0;0;0;0;0;0;0;0;0;0;0;0;0;0;0;0;0;0;0;0;0;0;0;0;0;0;0;0;0;0;0;0;0;0;0;0;0;0;0;0;0;0;0;0;0;0;0;0;0;0;0;0;0;0;0;0;0;0;0;0;0;0;0;0;0;0;0;0;0;0;0;0;0;0;0;0;0;0;0;0;0;0;0;0;0;0;0;0;0;0;0;0;0;0;0;0;0;0;0;0;0;0;0;0;0;0;0;0;0;0;0;0;0;0;0;0;0;0;0;0;0;0;0;0;0;0;0;0;0;0;0;0;0;0;0;0;0;0;0;0;0;0;0;0;0;0;0;0;0;0;0;0;0;0;0;0;0;0;0;0;0;0;0;0;0;0;0;0;0;0;0;0;0;0;0;0;0;0;0;0;0;0;0;0;0;0;0;0;0;0;0;0;0;0;0;0;0;0;0;0;0;0;0;0;0;0;0;0;0;0;0;0;0;0;0;0;0;0;0;0;0;0;0;0;0;0;0;0;0;0;0;0;0;0;0;0;0;0;0;0;0;0;0;0;0;0;0;0;0;0;0;0;0;0;0;0;0;0;0;0;0;0;0;0;0;0;0;0;0;0;0;0
2020;Sudeste;3;Minas Gerais;MG;31;Uberaba;3170107;Triângulo Mineiro/Alto Paranaíba;3105;Uberaba;31022;317010705;31317446;UNIDADE DE ENSINO TECNICO SENAC - CFP DE UBERABA;4;1;1;0;AVENIDA DOUTOR ODILON FERNANDES;333;;ESTADOS UNIDOS;38017030;34;33343400;1;25;06JAN2020:00:00:00;15DEC2020:00:00:00;0;0;0;0;0;0;0;0;0;0;0;1;0;3,44724E+12;3,44724E+12;1;5;0;0;1;1;0;0;0;0;0;0;0;0;0;0;0;0;1;1;0;0;0;0;1;0;0;0;0;0;1;0;0;0;0;1;0;0;0;0;0;0;0;1;0;0;0;1;1;1;0;0;1;0;1;0;1;0;1;1;1;0;0;0;1;1;0;0;0;0;0;0;0;0;0;0;0;0;1;0;1;0;0;0;0;0;0;0;0;0;1;1;1;0;0;0;0;0;0;30;0;30;30;30;0;1;1;1;1;1;0;0;0;1;5;0;0;0;0;1;30;0;0;0;0;0;0;0;0;0;0;0;0;0;1;108;0;0;0;0;0;0;1;1;1;1;0;1;1;3;1;0;1;3;1;8;1;1;1;5;0;0;0;0;0;0;0;0;0;0;1;5;1;1;0;0;1;1;0;0;0;0;0;0;0;0;0;1;0;1;0;1;0;0;0;0;0;0;0;0;0;0;0;0;0;0;0;0;0;0;0;0;0;0;0;0;0;0;1;0;0;0;0;0;0;0;1;0;0;0;1;0;0;0;1;1;0;1;0;0;0;0;0;0;0;1;1;0;0;0;1;1;0;452;0;0;0;0;0;0;0;452;393;0;0;0;2;2;0;346;106;166;178;29;78;1;0;0;0;0;0;75;377;191;261;0;0;0;0;0;0;0;0;36;0;0;0;0;0;0;0;36;34;0;0;0;2;2;0;30;0;0;0;0;0;0;0;30;22;0;0;0;2;2;0
2020;Sudeste;3;Minas Gerais;MG;31;Uberlândia;3170206;Triângulo Mineiro/Alto Paranaíba;3105;Uberlândia;31018;317020605;31318078;SENAC C DE FORM PROFISSIONAL DE UBERLANDIA;4;1;1;0;AVENIDA BELO HORIZONTE;525;;OSVALDO REZENDE;38400454;34;33041400;1;26;06JAN2020:00:00:00;15DEC2020:00:00:00;0;0;0;0;0;0;0;0;0;0;0;1;0;3,44724E+12;3,44724E+12;1;5;0;0;1;1;0;0;0;0;0;0;0;0;0;0;0;0;1;1;0;0;0;0;1;0;0;0;0;0;1;0;0;0;0;1;0;0;0;0;0;0;0;1;0;0;0;1;0;1;0;0;1;0;1;1;0;0;1;1;1;0;0;0;0;1;1;0;0;0;0;0;0;0;0;0;0;0;1;0;1;0;1;0;0;0;0;0;0;1;1;1;1;1;0;1;1;0;0;19;0;19;19;19;0;1;0;1;1;0;0;0;0;0;0;0;0;0;0;1;17;0;0;0;0;0;0;0;0;0;0;0;0;0;1;87;1;29;1;1;0;0;1;1;1;1;0;1;1;3;1;0;1;11;1;9;0;0;0;0;0;0;0;0;0;0;0;0;0;0;1;2;1;1;0;0;1;1;0;0;0;0;0;0;0;0;0;1;0;1;0;0;1;0;0;1;0;0;0;0;0;0;0;0;0;0;0;0;0;0;0;0;0;0;0;0;0;0;1;0;0;0;0;0;0;0;1;1;0;0;1;0;0;0;1;1;0;1;0;0;0;0;0;0;0;1;1;0;0;0;1;1;0;234;0;0;0;0;0;0;0;234;152;0;0;0;3;3;0;159;75;27;86;15;105;1;0;0;0;0;3;76;155;133;101;0;0;0;0;0;0;0;0;14;0;0;0;0;0;0;0;14;11;0;0;0;3;3;0;17;0;0;0;0;0;0;0;17;12;0;0;0;3;3;0
2020;Sudeste;3;Minas Gerais;MG;31;Varginha;3170701;Sul/Sudoeste de Minas;3110;Varginha;31050;317070105;31317675;SENAC - UNIDADE DE ENSINO TECNICO DO CEP VARGINHA;4;1;1;0;RUA MARIANA FIGUEIREDO;401;;VILA VERDE;37010050;35;21055700;1;27;03FEB2020:00:00:00;18DEC2020:00:00:00;0;0;0;0;0;0;0;0;0;0;0;1;0;3,44724E+12;3,44724E+12;1;1;0;0;1;1;0;0;0;0;0;0;0;0;0;0;0;0;1;1;0;0;0;0;1;0;0;0;0;0;1;0;0;0;0;1;0;0;0;0;0;0;0;0;0;0;1;1;1;0;0;0;1;0;1;1;1;0;1;1;1;1;0;0;0;1;0;0;0;0;0;0;0;0;0;0;0;0;1;1;1;0;1;0;0;0;0;0;0;1;1;1;1;1;1;0;1;0;0;17;0;17;17;17;0;1;0;0;1;0;0;0;0;1;1;0;0;1;15;1;16;0;0;0;0;0;0;0;0;0;0;0;0;0;1;82;0;0;0;0;0;0;1;1;1;1;0;1;1;3;1;0;1;2;1;4;1;1;0;0;0;0;0;0;0;0;0;0;0;0;1;3;1;1;0;0;0;0;1;1;0;0;0;0;0;0;0;1;0;1;0;1;1;0;0;0;0;0;0;0;0;0;0;0;0;0;0;0;0;0;0;0;0;0;0;0;0;0;1;0;0;0;0;1;0;1;0;1;0;0;1;0;0;0;1;1;0;1;0;0;0;0;0;0;0;1;1;0;0;0;1;1;0;198;0;0;0;0;0;0;0;198;165;0;0;0;1;1;0;124;74;10;102;19;65;1;1;0;0;0;0;37;161;33;165;0;0;0;0;0;0;0;0;12;0;0;0;0;0;0;0;12;10;0;0;0;1;1;0;11;0;0;0;0;0;0;0;11;9;0;0;0;1;1;0
2020;Sudeste;3;Espírito Santo;ES;32;Vitória;3205309;Central Espírito-santense;3203;Vitória;32009;320530905;32067682;SERVICO NACIONAL DE APRENDIZAGEM COMERCIAL - SENAC;4;1;1;0;AVENIDA MARECHAL MASCARENHAS DE MORAES;2077;;BENTO FERREIRA;29050935;27;33258311;1;1;02JAN2020:00:00:00;30DEC2020:00:00:00;0;0;0;0;0;0;0;0;0;0;0;1;0;1E+14;3,7433E+12;1;1;0;0;1;1;0;0;0;0;0;0;0;0;0;1;0;0;1;1;0;0;0;0;1;0;0;0;0;0;1;0;0;0;0;1;0;0;0;0;0;0;0;0;0;1;0;1;1;1;0;0;1;0;1;1;1;0;1;1;1;0;1;0;1;1;1;1;0;0;0;0;0;1;0;0;0;0;1;1;1;0;1;1;0;0;0;0;0;1;1;0;1;1;0;0;0;0;0;115;0;115;90;0;0;1;1;1;1;1;0;1;3;1;10;1;8;0;0;0;0;0;0;0;0;0;0;0;0;0;0;0;0;0;1;100;1;20;1;1;0;0;1;1;1;1;0;1;1;2;1;0;1;20;1;20;1;2;1;3;1;2;0;0;0;0;0;0;1;3;1;18;1;1;1;10;1;8;1;3;0;0;0;1;0;0;0;0;0;1;0;1;1;0;1;1;0;0;0;0;0;0;0;0;0;0;0;0;0;0;0;0;0;0;0;0;0;0;1;0;0;0;0;0;0;0;1;1;0;0;1;0;0;0;1;1;0;1;0;0;0;0;0;0;0;1;1;0;0;0;1;1;0;366;0;0;0;0;0;0;0;366;366;0;0;0;11;11;0;262;104;29;122;27;187;1;0;0;0;0;0;7;359;136;230;0;0;0;0;0;0;0;0;50;0;0;0;0;0;0;0;50;50;0;0;0;16;16;0;16;0;0;0;0;0;0;0;16;16;0;0;0;4;4;0
2020;Sudeste;3;Rio de Janeiro;RJ;33;Angra dos Reis;3300100;Sul Fluminense;3305;Baía da Ilha Grande;33013;330010005;33175608;SENAC ANGRA DOS REIS;4;0;1;0;RUA DR. CARLOS AMARAL BRASIL;;50;JARDIM BALNEARIO;23906040;.;.;2;11003;0;0;0;0;0;0;0;0;0;0;0;0;0;0;0;;;0;0;0;0;0;0;0;0;0;0;0;0;0;0;0;0;0;0;0;0;0;0;0;0;0;0;0;0;0;0;0;0;0;0;0;0;0;0;0;0;0;0;0;0;0;0;0;0;0;0;0;0;0;0;0;0;0;0;0;0;0;0;0;0;0;0;0;0;0;0;0;0;0;0;0;0;0;0;0;0;0;0;0;0;0;0;0;0;0;0;0;0;0;0;0;0;0;0;0;0;0;0;0;0;0;0;0;0;0;0;0;0;0;0;0;0;0;0;0;0;0;0;0;0;0;0;0;0;0;0;0;0;0;0;0;0;0;0;0;0;0;0;0;0;0;0;0;0;0;0;0;0;0;0;0;0;0;0;0;0;0;0;0;0;0;0;0;0;0;0;0;0;0;0;0;0;0;0;0;0;0;0;0;0;0;0;0;0;0;0;0;0;0;0;0;0;0;0;0;0;0;0;0;0;0;0;0;0;0;0;0;0;0;0;0;0;0;0;0;0;0;0;0;0;0;0;0;0;0;0;0;0;0;0;0;0;0;0;0;0;0;0;0;0;0;0;0;0;0;0;0;0;0;0;0;0;0;0;0;0;0;0;0;0;0;0;0;0;0;0;0;0;0;0;0;0;0;0;0;0;0;0;0;0;0;0;0;0;0;0;0;0;0;0;0;0;0;0;0;0;0;0;0;0;0;0;0;0;0;0;0;0;0;0;0;0;0;0;0;0;0;0;0;0;0
2020;Sudeste;3;Rio de Janeiro;RJ;33;Barra do Piraí;3300308;Sul Fluminense;3305;Barra do Piraí;33012;330030805;33175004;SENAC BARRA DO PIRAI;4;0;1;0;RUA JOSE ALVES PIMENTA;;S/N;MATADOURO;27115010;.;.;2;11002;0;0;0;0;0;0;0;0;0;0;0;0;0;0;0;;;0;0;0;0;0;0;0;0;0;0;0;0;0;0;0;0;0;0;0;0;0;0;0;0;0;0;0;0;0;0;0;0;0;0;0;0;0;0;0;0;0;0;0;0;0;0;0;0;0;0;0;0;0;0;0;0;0;0;0;0;0;0;0;0;0;0;0;0;0;0;0;0;0;0;0;0;0;0;0;0;0;0;0;0;0;0;0;0;0;0;0;0;0;0;0;0;0;0;0;0;0;0;0;0;0;0;0;0;0;0;0;0;0;0;0;0;0;0;0;0;0;0;0;0;0;0;0;0;0;0;0;0;0;0;0;0;0;0;0;0;0;0;0;0;0;0;0;0;0;0;0;0;0;0;0;0;0;0;0;0;0;0;0;0;0;0;0;0;0;0;0;0;0;0;0;0;0;0;0;0;0;0;0;0;0;0;0;0;0;0;0;0;0;0;0;0;0;0;0;0;0;0;0;0;0;0;0;0;0;0;0;0;0;0;0;0;0;0;0;0;0;0;0;0;0;0;0;0;0;0;0;0;0;0;0;0;0;0;0;0;0;0;0;0;0;0;0;0;0;0;0;0;0;0;0;0;0;0;0;0;0;0;0;0;0;0;0;0;0;0;0;0;0;0;0;0;0;0;0;0;0;0;0;0;0;0;0;0;0;0;0;0;0;0;0;0;0;0;0;0;0;0;0;0;0;0;0;0;0;0;0;0;0;0;0;0;0;0;0;0;0;0;0;0;0
2020;Sudeste;3;Rio de Janeiro;RJ;33;Barra Mansa;3300407;Sul Fluminense;3305;Vale do Paraíba Fluminense;33011;330040705;33175209;SENAC BARRA MANSA;4;0;1;0;RUA LUIZ PONCE;;103;CENTRO;27310400;.;.;2;11003;0;0;0;0;0;0;0;0;0;0;0;0;0;0;0;;;0;0;0;0;0;0;0;0;0;0;0;0;0;0;0;0;0;0;0;0;0;0;0;0;0;0;0;0;0;0;0;0;0;0;0;0;0;0;0;0;0;0;0;0;0;0;0;0;0;0;0;0;0;0;0;0;0;0;0;0;0;0;0;0;0;0;0;0;0;0;0;0;0;0;0;0;0;0;0;0;0;0;0;0;0;0;0;0;0;0;0;0;0;0;0;0;0;0;0;0;0;0;0;0;0;0;0;0;0;0;0;0;0;0;0;0;0;0;0;0;0;0;0;0;0;0;0;0;0;0;0;0;0;0;0;0;0;0;0;0;0;0;0;0;0;0;0;0;0;0;0;0;0;0;0;0;0;0;0;0;0;0;0;0;0;0;0;0;0;0;0;0;0;0;0;0;0;0;0;0;0;0;0;0;0;0;0;0;0;0;0;0;0;0;0;0;0;0;0;0;0;0;0;0;0;0;0;0;0;0;0;0;0;0;0;0;0;0;0;0;0;0;0;0;0;0;0;0;0;0;0;0;0;0;0;0;0;0;0;0;0;0;0;0;0;0;0;0;0;0;0;0;0;0;0;0;0;0;0;0;0;0;0;0;0;0;0;0;0;0;0;0;0;0;0;0;0;0;0;0;0;0;0;0;0;0;0;0;0;0;0;0;0;0;0;0;0;0;0;0;0;0;0;0;0;0;0;0;0;0;0;0;0;0;0;0;0;0;0;0;0;0;0;0;0
2020;Sudeste;3;Rio de Janeiro;RJ;33;Cabo Frio;3300704;Baixadas;3304;Lagos;33010;330070405;33176000;SENAC CABO FRIO;4;1;1;0;AVENIDA TEIXEIRA E SOUZA;;31;CENTRO;28907410;.;.;1;11001;06JAN2020:00:00:00;16DEC2020:00:00:00;0;0;0;0;0;0;0;0;0;0;0;1;0;3,67235E+12;1E+14;1;1;0;0;1;1;0;0;0;0;0;0;0;0;0;0;0;0;1;1;0;0;0;0;1;0;0;0;0;0;1;0;0;0;0;1;0;0;0;0;0;0;0;0;0;0;1;1;1;1;0;0;1;0;1;1;0;0;1;1;0;0;0;0;0;1;0;0;0;0;0;0;0;0;0;0;0;0;1;1;1;0;1;0;0;0;0;0;0;1;1;1;1;1;0;1;1;0;0;9;0;9;9;0;1;1;1;1;1;1;0;1;1;1;1;1;1;0;0;1;1;0;0;0;0;0;0;0;0;0;0;0;0;0;1;1;0;0;0;0;0;0;1;1;1;1;0;1;1;3;1;0;1;3;0;0;0;0;0;0;0;0;0;0;0;0;0;0;0;0;1;1;1;1;0;0;0;0;1;1;0;0;0;0;0;0;0;1;0;1;0;0;1;0;0;0;0;0;0;0;0;0;0;0;0;0;0;0;0;0;0;0;0;0;0;0;0;0;1;9;9;0;0;0;0;0;1;9;0;0;1;0;0;0;1;1;0;1;0;0;0;0;0;0;0;1;1;0;0;0;0;0;0;117;0;0;0;0;0;0;0;117;117;0;0;0;0;0;0;87;30;86;20;3;8;0;0;0;0;0;0;2;115;73;44;0;0;0;0;0;0;0;0;7;0;0;0;0;0;0;0;7;7;0;0;0;0;0;0;7;0;0;0;0;0;0;0;7;7;0;0;0;0;0;0
2020;Sudeste;3;Rio de Janeiro;RJ;33;Campos dos Goytacazes;3301009;Norte Fluminense;3302;Campos dos Goytacazes;33003;330100905;33177406;SENAC CAMPOS;4;1;1;0;RUA CORA DE ALVARENGA;;151;PARQUE LEOPOLDINA;28051271;.;.;1;11012;06JAN2020:00:00:00;16DEC2020:00:00:00;0;0;0;0;0;0;0;0;0;0;0;1;0;3,67235E+12;1E+14;1;1;0;0;1;1;0;0;0;0;0;0;0;0;0;0;0;0;1;1;0;0;0;0;1;0;0;0;0;0;1;0;0;0;0;1;0;0;0;0;0;0;0;0;0;0;1;1;1;1;0;0;1;0;1;1;0;0;1;1;0;0;0;0;0;1;0;0;0;0;0;0;0;0;0;0;0;0;1;1;1;0;1;0;0;0;0;0;0;1;1;1;1;1;0;1;1;0;0;20;0;20;20;0;1;1;1;1;1;1;0;1;1;1;1;1;1;0;0;1;1;0;0;0;0;0;0;0;0;0;0;0;0;0;1;1;0;0;0;0;0;0;1;1;1;1;0;1;1;3;1;0;1;1;0;0;0;0;0;0;1;1;0;0;0;0;0;0;0;0;1;1;1;1;0;0;0;0;1;1;0;0;0;0;0;0;0;1;0;1;0;0;1;0;0;0;0;0;0;0;0;0;0;0;0;0;0;0;0;0;0;0;0;0;0;0;0;0;1;9;9;0;0;0;0;0;1;9;0;0;1;0;0;0;1;1;0;1;0;0;0;0;0;0;0;1;1;0;0;0;0;0;0;475;0;0;0;0;0;0;0;475;475;0;0;0;0;0;0;344;131;397;41;16;20;1;0;0;0;0;0;9;466;264;211;0;0;0;0;0;0;0;0;17;0;0;0;0;0;0;0;17;17;0;0;0;0;0;0;17;0;0;0;0;0;0;0;17;17;0;0;0;0;0;0
2020;Sudeste;3;Rio de Janeiro;RJ;33;Duque de Caxias;3301702;Metropolitana do Rio de Janeiro;3306;Rio de Janeiro;33018;330170205;33173001;SENAC DUQUE DE CAXIAS;4;1;1;0;AV. BRIGADEIRO LIMA E SILVA;;764;25 DE AGOSTO;25085132;.;.;1;11008;06JAN2020:00:00:00;16DEC2020:00:00:00;0;0;0;0;0;0;0;0;0;0;0;1;0;3,67235E+12;1E+14;1;1;0;0;1;1;0;0;0;0;0;0;0;0;0;0;0;0;1;1;0;0;0;0;1;0;0;0;0;0;1;0;0;0;0;1;0;0;0;0;0;0;0;0;0;0;1;1;1;1;0;0;1;0;1;1;0;0;1;1;0;0;0;0;0;1;0;0;0;0;0;0;0;0;0;0;0;0;1;1;1;0;1;0;0;0;0;0;0;1;1;1;1;1;0;1;1;0;0;26;0;26;26;0;1;1;1;1;1;1;0;1;1;1;1;1;1;0;0;1;1;0;0;0;0;0;0;0;0;0;0;0;0;0;1;1;0;0;0;0;0;0;1;1;1;1;0;1;1;3;1;0;1;10;1;1;1;1;0;0;1;1;0;0;0;0;0;0;0;0;1;1;1;1;0;0;0;0;0;0;0;0;0;0;0;0;0;1;0;1;0;0;1;0;0;0;0;0;0;0;0;0;0;0;0;0;0;0;0;0;0;0;0;0;0;0;0;0;1;9;9;0;0;0;0;0;1;9;0;0;1;0;0;0;1;1;0;1;0;0;0;0;0;0;0;1;1;0;0;0;1;1;0;435;0;0;0;0;0;0;0;435;435;0;0;0;1;1;0;295;140;334;25;12;63;0;1;0;0;0;0;9;426;231;204;0;0;0;0;0;0;0;0;17;0;0;0;0;0;0;0;17;17;0;0;0;1;1;0;19;0;0;0;0;0;0;0;19;19;0;0;0;1;1;0
2020;Sudeste;3;Rio de Janeiro;RJ;33;Itaguaí;3302007;Metropolitana do Rio de Janeiro;3306;Itaguaí;33017;330200705;33177007;SENAC ITAGUAI;4;0;1;0;RUA ELVIRA CIUFFO CICARINO;;521;VILA MARGARIDA;23821135;.;.;3;11007;0;0;0;0;0;0;0;0;0;0;0;0;0;0;0;;;0;0;0;0;0;0;0;0;0;0;0;0;0;0;0;0;0;0;0;0;0;0;0;0;0;0;0;0;0;0;0;0;0;0;0;0;0;0;0;0;0;0;0;0;0;0;0;0;0;0;0;0;0;0;0;0;0;0;0;0;0;0;0;0;0;0;0;0;0;0;0;0;0;0;0;0;0;0;0;0;0;0;0;0;0;0;0;0;0;0;0;0;0;0;0;0;0;0;0;0;0;0;0;0;0;0;0;0;0;0;0;0;0;0;0;0;0;0;0;0;0;0;0;0;0;0;0;0;0;0;0;0;0;0;0;0;0;0;0;0;0;0;0;0;0;0;0;0;0;0;0;0;0;0;0;0;0;0;0;0;0;0;0;0;0;0;0;0;0;0;0;0;0;0;0;0;0;0;0;0;0;0;0;0;0;0;0;0;0;0;0;0;0;0;0;0;0;0;0;0;0;0;0;0;0;0;0;0;0;0;0;0;0;0;0;0;0;0;0;0;0;0;0;0;0;0;0;0;0;0;0;0;0;0;0;0;0;0;0;0;0;0;0;0;0;0;0;0;0;0;0;0;0;0;0;0;0;0;0;0;0;0;0;0;0;0;0;0;0;0;0;0;0;0;0;0;0;0;0;0;0;0;0;0;0;0;0;0;0;0;0;0;0;0;0;0;0;0;0;0;0;0;0;0;0;0;0;0;0;0;0;0;0;0;0;0;0;0;0;0;0;0;0;0;0
2020;Sudeste;3;Rio de Janeiro;RJ;33;Itaocara;3302106;Noroeste Fluminense;3301;Santo Antônio de Pádua;33002;330210605;33177600;SENAC ITAOCARA;4;0;1;0;RUA JOSE IVO RIBEIRO DA SILVA;;116;CEHAB;28570000;.;.;3;11011;0;0;0;0;0;0;0;0;0;0;0;0;0;0;0;;;0;0;0;0;0;0;0;0;0;0;0;0;0;0;0;0;0;0;0;0;0;0;0;0;0;0;0;0;0;0;0;0;0;0;0;0;0;0;0;0;0;0;0;0;0;0;0;0;0;0;0;0;0;0;0;0;0;0;0;0;0;0;0;0;0;0;0;0;0;0;0;0;0;0;0;0;0;0;0;0;0;0;0;0;0;0;0;0;0;0;0;0;0;0;0;0;0;0;0;0;0;0;0;0;0;0;0;0;0;0;0;0;0;0;0;0;0;0;0;0;0;0;0;0;0;0;0;0;0;0;0;0;0;0;0;0;0;0;0;0;0;0;0;0;0;0;0;0;0;0;0;0;0;0;0;0;0;0;0;0;0;0;0;0;0;0;0;0;0;0;0;0;0;0;0;0;0;0;0;0;0;0;0;0;0;0;0;0;0;0;0;0;0;0;0;0;0;0;0;0;0;0;0;0;0;0;0;0;0;0;0;0;0;0;0;0;0;0;0;0;0;0;0;0;0;0;0;0;0;0;0;0;0;0;0;0;0;0;0;0;0;0;0;0;0;0;0;0;0;0;0;0;0;0;0;0;0;0;0;0;0;0;0;0;0;0;0;0;0;0;0;0;0;0;0;0;0;0;0;0;0;0;0;0;0;0;0;0;0;0;0;0;0;0;0;0;0;0;0;0;0;0;0;0;0;0;0;0;0;0;0;0;0;0;0;0;0;0;0;0;0;0;0;0;0
2020;Sudeste;3;Rio de Janeiro;RJ;33;Itaperuna;3302205;Noroeste Fluminense;3301;Itaperuna;33001;330220505;33178607;SENAC ITAPERUNA;4;1;1;0;AVENIDA PRESIDENTE DUTRA;;527;CIDADE NOVA;28300000;.;.;1;11011;06JAN2020:00:00:00;16DEC2020:00:00:00;0;0;0;0;0;0;0;0;0;0;0;1;0;3,67235E+12;1E+14;1;1;0;0;1;1;0;0;0;0;0;0;0;0;0;0;0;0;1;1;0;0;0;0;1;0;0;0;0;0;1;0;0;0;0;1;0;0;0;0;0;0;0;0;0;0;1;1;1;1;0;0;1;0;1;1;0;0;1;1;0;0;0;0;0;1;0;0;0;0;0;0;0;0;0;0;0;0;1;1;1;0;1;0;0;0;0;0;0;1;1;1;1;1;0;1;1;0;0;8;0;8;8;0;1;1;1;1;1;1;0;1;1;1;1;1;1;0;0;1;1;0;0;0;0;0;0;0;0;0;0;0;0;0;1;1;0;0;0;0;0;0;1;1;1;1;0;1;1;3;1;0;1;3;0;0;0;0;0;0;1;1;0;0;0;0;0;0;0;0;0;0;1;1;0;0;0;0;0;0;0;0;0;0;0;0;0;1;0;1;0;0;1;0;0;0;0;0;0;0;0;0;0;0;0;0;0;0;0;0;0;0;0;0;0;0;0;0;1;9;9;0;0;0;0;0;1;9;0;0;1;0;0;0;1;1;0;1;0;0;0;0;0;0;0;1;1;0;0;0;0;0;0;85;0;0;0;0;0;0;0;85;85;0;0;0;0;0;0;65;20;46;21;9;8;0;1;0;0;0;0;0;85;31;54;0;0;0;0;0;0;0;0;3;0;0;0;0;0;0;0;3;3;0;0;0;0;0;0;3;0;0;0;0;0;0;0;3;3;0;0;0;0;0;0
2020;Sudeste;3;Rio de Janeiro;RJ;33;Macaé;3302403;Norte Fluminense;3302;Macaé;33004;330240305;33185140;SENAC MACAE;4;1;1;0;RUA ZACARIAS DE MACEDO;;104;VISCONDE DE ARAUJO;27943170;.;.;1;11012;06JAN2020:00:00:00;16DEC2020:00:00:00;0;0;0;0;0;0;0;0;0;0;0;1;0;3,67235E+12;1E+14;1;1;0;0;1;1;0;0;0;0;0;0;0;0;0;0;0;0;1;1;0;0;0;0;1;0;0;0;0;0;1;0;0;0;0;1;0;0;0;0;0;0;0;0;0;0;1;1;1;1;0;0;1;0;1;1;0;0;1;1;0;0;0;0;0;1;0;0;0;0;0;0;0;0;0;0;0;0;1;1;1;0;1;0;0;0;0;0;0;1;1;1;1;1;0;1;1;0;0;3;0;3;3;0;1;1;1;1;1;1;0;1;1;1;1;1;1;0;0;1;1;0;0;0;0;0;0;0;0;0;0;0;0;0;1;1;0;0;0;0;0;0;1;1;1;1;0;1;1;3;1;0;1;1;0;0;0;0;0;0;0;0;0;0;0;0;0;0;0;0;1;1;1;1;0;0;0;0;1;1;0;0;0;0;0;0;0;1;0;1;0;0;1;0;0;0;0;0;0;0;0;0;0;0;0;0;0;0;0;0;0;0;0;0;0;0;0;0;1;9;9;0;0;0;0;0;1;9;0;0;1;0;0;0;1;1;0;1;0;0;0;0;0;0;0;1;1;0;0;0;0;0;0;82;0;0;0;0;0;0;0;82;82;0;0;0;0;0;0;54;28;67;5;2;8;0;0;0;0;0;0;1;81;11;71;0;0;0;0;0;0;0;0;6;0;0;0;0;0;0;0;6;6;0;0;0;0;0;0;4;0;0;0;0;0;0;0;4;4;0;0;0;0;0;0
2020;Sudeste;3;Rio de Janeiro;RJ;33;Macaé;3302403;Norte Fluminense;3302;Macaé;33004;330240305;33470219;SENAC MACAE II;4;0;1;0;RUA VEREADOR ABREU LIMA;;45;CENTRO;27916020;22;22727173;3;11012;0;0;0;0;0;0;0;0;0;0;0;0;0;0;0;;;0;0;0;0;0;0;0;0;0;0;0;0;0;0;0;0;0;0;0;0;0;0;0;0;0;0;0;0;0;0;0;0;0;0;0;0;0;0;0;0;0;0;0;0;0;0;0;0;0;0;0;0;0;0;0;0;0;0;0;0;0;0;0;0;0;0;0;0;0;0;0;0;0;0;0;0;0;0;0;0;0;0;0;0;0;0;0;0;0;0;0;0;0;0;0;0;0;0;0;0;0;0;0;0;0;0;0;0;0;0;0;0;0;0;0;0;0;0;0;0;0;0;0;0;0;0;0;0;0;0;0;0;0;0;0;0;0;0;0;0;0;0;0;0;0;0;0;0;0;0;0;0;0;0;0;0;0;0;0;0;0;0;0;0;0;0;0;0;0;0;0;0;0;0;0;0;0;0;0;0;0;0;0;0;0;0;0;0;0;0;0;0;0;0;0;0;0;0;0;0;0;0;0;0;0;0;0;0;0;0;0;0;0;0;0;0;0;0;0;0;0;0;0;0;0;0;0;0;0;0;0;0;0;0;0;0;0;0;0;0;0;0;0;0;0;0;0;0;0;0;0;0;0;0;0;0;0;0;0;0;0;0;0;0;0;0;0;0;0;0;0;0;0;0;0;0;0;0;0;0;0;0;0;0;0;0;0;0;0;0;0;0;0;0;0;0;0;0;0;0;0;0;0;0;0;0;0;0;0;0;0;0;0;0;0;0;0;0;0;0;0;0;0;0;0
2020;Sudeste;3;Rio de Janeiro;RJ;33;Miguel Pereira;3302908;Metropolitana do Rio de Janeiro;3306;Vassouras;33014;330290805;33451265;SENAC MIGUEL PEREIRA;4;0;1;0;RUA FRANCISCO MACHADO;;S/N;CENTRO;26900000;.;.;3;11002;0;0;0;0;0;0;0;0;0;0;0;0;0;0;0;;;0;0;0;0;0;0;0;0;0;0;0;0;0;0;0;0;0;0;0;0;0;0;0;0;0;0;0;0;0;0;0;0;0;0;0;0;0;0;0;0;0;0;0;0;0;0;0;0;0;0;0;0;0;0;0;0;0;0;0;0;0;0;0;0;0;0;0;0;0;0;0;0;0;0;0;0;0;0;0;0;0;0;0;0;0;0;0;0;0;0;0;0;0;0;0;0;0;0;0;0;0;0;0;0;0;0;0;0;0;0;0;0;0;0;0;0;0;0;0;0;0;0;0;0;0;0;0;0;0;0;0;0;0;0;0;0;0;0;0;0;0;0;0;0;0;0;0;0;0;0;0;0;0;0;0;0;0;0;0;0;0;0;0;0;0;0;0;0;0;0;0;0;0;0;0;0;0;0;0;0;0;0;0;0;0;0;0;0;0;0;0;0;0;0;0;0;0;0;0;0;0;0;0;0;0;0;0;0;0;0;0;0;0;0;0;0;0;0;0;0;0;0;0;0;0;0;0;0;0;0;0;0;0;0;0;0;0;0;0;0;0;0;0;0;0;0;0;0;0;0;0;0;0;0;0;0;0;0;0;0;0;0;0;0;0;0;0;0;0;0;0;0;0;0;0;0;0;0;0;0;0;0;0;0;0;0;0;0;0;0;0;0;0;0;0;0;0;0;0;0;0;0;0;0;0;0;0;0;0;0;0;0;0;0;0;0;0;0;0;0;0;0;0;0;0
2020;Sudeste;3;Rio de Janeiro;RJ;33;Niterói;3303302;Metropolitana do Rio de Janeiro;3306;Rio de Janeiro;33018;330330205;33174806;SENAC NITEROI;4;1;1;0;RUA ALMIRANTE TEFFE;;680;CENTRO;24030085;.;.;1;11001;06JAN2020:00:00:00;16DEC2020:00:00:00;0;0;0;0;0;0;0;0;0;0;0;1;0;3,67235E+12;1E+14;1;1;0;0;1;1;0;0;0;0;0;0;0;0;0;0;0;0;1;1;0;0;0;0;1;0;0;0;0;0;1;0;0;0;0;1;0;0;0;0;0;0;0;0;0;0;1;1;1;1;0;0;1;0;1;1;0;0;1;1;0;0;0;0;0;1;0;0;0;0;0;0;0;0;0;0;0;0;1;1;1;0;1;0;0;0;0;0;0;1;1;1;1;1;0;1;1;0;0;37;0;37;37;0;1;1;1;1;1;1;0;1;1;1;1;1;1;0;0;1;1;0;0;0;0;0;0;0;0;0;0;0;0;0;1;1;0;0;0;0;0;0;1;1;1;1;0;1;1;3;1;0;1;7;0;0;1;1;0;0;1;3;0;0;0;0;0;0;0;0;0;0;1;1;0;0;0;0;1;1;0;0;0;0;0;0;0;1;0;1;0;0;1;0;0;0;0;0;0;0;0;0;0;0;0;0;0;0;0;0;0;0;0;0;0;0;0;0;1;9;9;0;0;0;0;0;1;1;0;0;1;0;0;0;1;1;0;1;0;0;0;0;0;0;0;1;1;0;0;0;1;1;0;893;0;0;0;0;0;0;0;893;893;0;0;0;10;10;0;540;353;627;134;34;96;2;0;0;0;0;0;17;876;426;467;0;0;0;0;0;0;0;0;29;0;0;0;0;0;0;0;29;29;0;0;0;6;6;0;35;0;0;0;0;0;0;0;35;35;0;0;0;6;6;0
2020;Sudeste;3;Rio de Janeiro;RJ;33;Nova Friburgo;3303401;Centro Fluminense;3303;Nova Friburgo;33007;330340105;33179204;SENAC NOVA FRIBURGO;4;1;1;0;AVENIDA ALBERTO BRAUNE;;135 LOJA 07 GALER;CENTRO;28613001;.;.;1;11014;06JAN2020:00:00:00;16DEC2020:00:00:00;0;0;0;0;0;0;0;0;0;0;0;1;0;3,67235E+12;1E+14;1;1;0;0;1;1;0;0;0;0;0;0;0;0;0;0;0;0;1;1;0;0;0;0;1;0;0;0;0;0;1;0;0;0;0;1;0;0;0;0;0;0;0;0;0;0;1;1;1;1;0;0;1;0;1;1;0;0;1;1;0;0;0;0;0;1;0;0;0;0;0;0;0;0;0;0;0;0;1;1;1;0;1;0;0;0;0;0;0;1;1;1;1;1;0;1;1;0;0;9;0;9;9;0;1;1;1;1;1;1;0;1;1;1;1;1;1;0;0;1;1;0;0;0;0;0;0;0;0;0;0;0;0;0;1;1;0;0;0;0;0;0;1;1;1;1;0;1;1;3;1;0;1;3;0;0;0;0;0;0;1;1;0;0;0;0;0;0;0;0;1;3;1;1;0;0;0;0;1;1;0;0;0;0;0;0;0;1;0;1;0;0;1;0;0;0;0;0;0;0;0;0;0;0;0;0;0;0;0;0;0;0;0;0;0;0;0;0;1;9;9;0;0;0;0;0;1;9;0;0;1;0;0;0;1;1;0;1;0;0;0;0;0;0;0;1;1;0;0;0;0;0;0;273;0;0;0;0;0;0;0;273;273;0;0;0;0;0;0;217;56;219;39;5;10;0;0;0;0;0;0;1;272;121;152;0;0;0;0;0;0;0;0;12;0;0;0;0;0;0;0;12;12;0;0;0;0;0;0;15;0;0;0;0;0;0;0;15;15;0;0;0;0;0;0
2020;Sudeste;3;Rio de Janeiro;RJ;33;Nova Iguaçu;3303500;Metropolitana do Rio de Janeiro;3306;Rio de Janeiro;33018;330350005;33173400;SENAC NOVA IGUACU 1;4;1;1;0;RUA LUIS DE LIMA;;268;CENTRO;26221080;.;.;1;11004;06JAN2020:00:00:00;16DEC2020:00:00:00;0;0;0;0;0;0;0;0;0;0;0;1;0;3,67235E+12;1E+14;1;1;0;0;1;1;0;0;0;0;0;0;0;0;0;0;0;0;1;1;0;0;0;0;1;0;0;0;0;0;1;0;0;0;0;1;0;0;0;0;0;0;0;0;0;0;1;1;1;1;0;0;1;0;1;1;0;0;1;1;0;0;0;0;0;1;0;0;0;0;0;0;0;0;0;0;0;0;1;1;1;0;1;0;0;0;0;0;0;1;1;1;1;1;0;1;1;0;0;3;0;3;3;0;1;1;1;1;1;1;0;1;1;1;1;1;1;0;0;1;1;0;0;0;0;0;0;0;0;0;0;0;0;0;1;1;0;0;0;0;0;0;1;1;1;1;0;1;1;3;1;0;1;1;0;0;0;0;0;0;1;1;0;0;0;0;0;0;0;0;1;1;1;1;0;0;0;0;0;0;0;0;0;0;0;0;0;1;0;1;0;0;1;0;0;0;0;0;0;0;0;0;0;0;0;0;0;0;0;0;0;0;0;0;0;0;0;0;1;9;9;0;0;0;0;0;1;9;0;0;1;0;0;0;1;1;0;1;0;0;0;0;0;0;0;1;1;0;0;0;0;0;0;76;0;0;0;0;0;0;0;76;76;0;0;0;0;0;0;74;2;66;3;0;7;0;0;0;0;0;0;1;75;54;22;0;0;0;0;0;0;0;0;4;0;0;0;0;0;0;0;4;4;0;0;0;0;0;0;4;0;0;0;0;0;0;0;4;4;0;0;0;0;0;0
2020;Sudeste;3;Rio de Janeiro;RJ;33;Nova Iguaçu;3303500;Metropolitana do Rio de Janeiro;3306;Rio de Janeiro;33018;330350005;33173605;SENAC NOVA IGUACU 2;4;0;1;0;RUA CORONEL FRANCISCO SOARES;;N 71 1 ANDAR;CENTRO;26220031;.;.;3;11004;0;0;0;0;0;0;0;0;0;0;0;0;0;0;0;;;0;0;0;0;0;0;0;0;0;0;0;0;0;0;0;0;0;0;0;0;0;0;0;0;0;0;0;0;0;0;0;0;0;0;0;0;0;0;0;0;0;0;0;0;0;0;0;0;0;0;0;0;0;0;0;0;0;0;0;0;0;0;0;0;0;0;0;0;0;0;0;0;0;0;0;0;0;0;0;0;0;0;0;0;0;0;0;0;0;0;0;0;0;0;0;0;0;0;0;0;0;0;0;0;0;0;0;0;0;0;0;0;0;0;0;0;0;0;0;0;0;0;0;0;0;0;0;0;0;0;0;0;0;0;0;0;0;0;0;0;0;0;0;0;0;0;0;0;0;0;0;0;0;0;0;0;0;0;0;0;0;0;0;0;0;0;0;0;0;0;0;0;0;0;0;0;0;0;0;0;0;0;0;0;0;0;0;0;0;0;0;0;0;0;0;0;0;0;0;0;0;0;0;0;0;0;0;0;0;0;0;0;0;0;0;0;0;0;0;0;0;0;0;0;0;0;0;0;0;0;0;0;0;0;0;0;0;0;0;0;0;0;0;0;0;0;0;0;0;0;0;0;0;0;0;0;0;0;0;0;0;0;0;0;0;0;0;0;0;0;0;0;0;0;0;0;0;0;0;0;0;0;0;0;0;0;0;0;0;0;0;0;0;0;0;0;0;0;0;0;0;0;0;0;0;0;0;0;0;0;0;0;0;0;0;0;0;0;0;0;0;0;0;0;0
2020;Sudeste;3;Rio de Janeiro;RJ;33;Nova Iguaçu;3303500;Metropolitana do Rio de Janeiro;3306;Rio de Janeiro;33018;330350005;33174075;SENAC NOVA IGUACU;4;1;1;0;RUA CEL. CARLOS MATOS;;86;CENTRO;26210200;.;.;1;11004;06JAN2020:00:00:00;16DEC2020:00:00:00;0;0;0;0;0;0;0;0;0;0;0;1;0;3,67235E+12;1E+14;1;1;0;0;1;1;0;0;0;0;0;0;0;0;0;0;0;0;1;1;0;0;0;0;1;0;0;0;0;0;1;0;0;0;0;1;0;0;0;0;0;0;0;0;0;0;1;1;1;1;0;0;1;0;1;1;0;0;1;1;0;0;0;0;0;1;0;0;0;0;0;0;0;0;0;0;0;0;1;1;1;0;1;0;0;0;0;0;0;1;1;1;1;1;0;1;1;0;0;14;0;14;14;0;1;1;1;1;1;1;0;1;1;1;1;1;1;0;0;1;1;0;0;0;0;0;0;0;0;0;0;0;0;0;1;1;0;0;0;0;0;0;1;1;1;1;0;1;1;3;1;0;1;3;0;0;1;1;0;0;1;3;0;0;0;0;0;0;0;0;1;3;1;1;0;0;0;0;0;0;0;0;0;0;0;0;0;1;0;1;0;0;1;0;0;0;0;0;0;0;0;0;0;0;0;0;0;0;0;0;0;0;0;0;0;0;0;0;1;9;9;0;0;0;0;0;1;9;0;0;1;0;0;0;1;1;0;1;0;0;0;0;0;0;0;1;1;0;0;0;1;1;0;915;0;0;0;0;0;0;0;915;915;0;0;0;3;3;0;488;427;641;82;37;154;1;0;0;0;0;1;236;678;367;548;0;0;0;0;0;0;0;0;25;0;0;0;0;0;0;0;25;25;0;0;0;2;2;0;34;0;0;0;0;0;0;0;34;34;0;0;0;2;2;0
2020;Sudeste;3;Rio de Janeiro;RJ;33;Paraíba do Sul;3303708;Centro Fluminense;3303;Três Rios;33005;330370805;33179409;SENAC PARAIBA DO SUL;4;0;1;0;RUA BARAO DO PIABANHA;;107;CENTRO;25850000;24;22631314;3;11002;0;0;0;0;0;0;0;0;0;0;0;0;0;0;0;;;0;0;0;0;0;0;0;0;0;0;0;0;0;0;0;0;0;0;0;0;0;0;0;0;0;0;0;0;0;0;0;0;0;0;0;0;0;0;0;0;0;0;0;0;0;0;0;0;0;0;0;0;0;0;0;0;0;0;0;0;0;0;0;0;0;0;0;0;0;0;0;0;0;0;0;0;0;0;0;0;0;0;0;0;0;0;0;0;0;0;0;0;0;0;0;0;0;0;0;0;0;0;0;0;0;0;0;0;0;0;0;0;0;0;0;0;0;0;0;0;0;0;0;0;0;0;0;0;0;0;0;0;0;0;0;0;0;0;0;0;0;0;0;0;0;0;0;0;0;0;0;0;0;0;0;0;0;0;0;0;0;0;0;0;0;0;0;0;0;0;0;0;0;0;0;0;0;0;0;0;0;0;0;0;0;0;0;0;0;0;0;0;0;0;0;0;0;0;0;0;0;0;0;0;0;0;0;0;0;0;0;0;0;0;0;0;0;0;0;0;0;0;0;0;0;0;0;0;0;0;0;0;0;0;0;0;0;0;0;0;0;0;0;0;0;0;0;0;0;0;0;0;0;0;0;0;0;0;0;0;0;0;0;0;0;0;0;0;0;0;0;0;0;0;0;0;0;0;0;0;0;0;0;0;0;0;0;0;0;0;0;0;0;0;0;0;0;0;0;0;0;0;0;0;0;0;0;0;0;0;0;0;0;0;0;0;0;0;0;0;0;0;0;0;0
2020;Sudeste;3;Rio de Janeiro;RJ;33;Petrópolis;3303906;Metropolitana do Rio de Janeiro;3306;Serrana;33015;330390605;33174601;SENAC PETROPOLIS;4;1;1;0;RUA ALFREDO PACHA;;26;CENTRO;25620040;.;.;1;11013;06JAN2020:00:00:00;16DEC2020:00:00:00;0;0;0;0;0;0;0;0;0;0;0;1;0;3,67235E+12;1E+14;1;1;0;0;1;3;0;0;0;0;0;0;0;0;0;0;0;0;1;1;0;0;0;0;1;0;0;0;0;0;1;0;0;0;0;1;0;0;0;0;0;0;0;0;0;0;1;1;1;1;0;0;1;0;1;1;0;0;1;1;0;0;0;0;0;1;0;0;0;0;0;0;0;0;0;0;0;0;1;1;1;0;1;0;0;0;0;0;0;1;1;1;1;1;0;1;1;0;0;14;0;14;14;0;1;1;1;1;1;1;0;1;1;1;1;1;1;0;0;1;1;0;0;0;0;0;0;0;0;0;0;0;0;0;1;1;0;0;0;0;0;0;1;1;1;1;0;1;1;3;1;0;1;8;0;0;1;1;0;0;0;0;0;0;0;0;0;0;0;0;1;1;1;1;0;0;0;0;1;1;0;0;0;0;0;0;0;1;0;1;0;0;1;0;0;0;0;0;0;0;0;0;0;0;0;0;0;0;0;0;0;0;0;0;0;0;0;0;1;9;9;0;0;0;0;0;1;9;0;0;1;0;0;0;1;1;0;1;0;0;0;0;0;0;0;1;1;0;0;0;1;1;0;286;0;0;0;0;0;0;0;286;286;0;0;0;2;2;0;231;55;224;46;5;10;0;1;0;0;0;0;2;284;136;150;0;0;0;0;0;0;0;0;15;0;0;0;0;0;0;0;15;15;0;0;0;5;5;0;15;0;0;0;0;0;0;0;15;15;0;0;0;2;2;0
2020;Sudeste;3;Rio de Janeiro;RJ;33;Resende;3304201;Sul Fluminense;3305;Vale do Paraíba Fluminense;33011;330420105;33176205;SENAC RESENDE;4;1;1;0;RUA SARKIS JOSE SARKIS;;80;JARDIM JALISCO;27510100;.;.;1;11003;06JAN2020:00:00:00;16DEC2020:00:00:00;0;0;0;0;0;0;0;0;0;0;0;1;0;3,67235E+12;1E+14;1;1;0;0;1;3;0;0;0;0;0;0;0;0;0;0;0;0;1;1;0;0;0;0;1;0;0;0;0;0;1;0;0;0;0;1;0;0;0;0;0;0;0;0;0;0;1;1;1;1;0;0;1;0;1;1;0;0;1;1;0;0;0;0;0;1;0;0;0;0;0;0;0;0;0;0;0;0;1;1;1;0;1;0;0;0;0;0;0;1;1;1;1;1;0;1;1;0;0;19;0;19;19;0;1;1;1;1;1;1;0;1;1;1;1;1;1;0;0;1;1;0;0;0;0;0;0;0;0;0;0;0;0;0;1;1;0;0;0;0;0;0;1;1;1;1;0;1;1;3;1;0;1;4;0;0;1;1;0;0;0;0;0;0;0;0;0;0;0;0;1;1;1;1;0;0;0;0;1;1;0;0;0;0;0;0;0;1;0;1;0;0;1;0;0;0;0;0;0;0;0;0;0;0;0;0;0;0;0;0;0;0;0;0;0;0;0;0;1;9;9;0;0;0;0;0;1;9;0;0;1;0;0;0;1;1;0;1;0;0;0;0;0;0;0;1;1;0;0;0;0;0;0;411;0;0;0;0;0;0;0;411;411;0;0;0;0;0;0;342;69;321;39;15;36;0;0;0;0;0;0;3;408;131;280;0;0;0;0;0;0;0;0;15;0;0;0;0;0;0;0;15;15;0;0;0;0;0;0;13;0;0;0;0;0;0;0;13;13;0;0;0;0;0;0
2020;Sudeste;3;Rio de Janeiro;RJ;33;Rio das Ostras;3304524;Baixadas;3304;Bacia de São João;33009;330452405;33178801;SENAC RIO DAS OSTRAS;4;1;1;0;RUA RIO DE JANEIRO;;S/N;EXTENSAO DO BOSQUE;28893334;.;.;1;11012;06JAN2020:00:00:00;16DEC2020:00:00:00;0;0;0;0;0;0;0;0;0;0;0;1;0;3,67235E+12;1E+14;1;1;0;0;1;3;0;0;0;0;0;0;0;0;0;0;0;0;1;1;0;0;0;0;1;0;0;0;0;0;1;0;0;0;0;1;0;0;0;0;0;0;0;0;0;0;1;1;1;1;0;0;1;0;1;1;0;0;1;1;0;0;0;0;0;1;0;0;0;0;0;0;0;0;0;0;0;0;1;1;1;0;1;0;0;0;0;0;0;1;1;1;1;1;0;1;1;0;0;5;0;5;5;0;1;1;1;1;1;1;0;1;1;1;1;1;1;0;0;1;1;0;0;0;0;0;0;0;0;0;0;0;0;0;1;1;0;0;0;0;0;0;1;1;1;1;0;1;1;3;1;0;1;1;0;0;0;0;0;0;0;0;0;0;0;0;0;0;0;0;1;1;1;1;0;0;0;0;1;1;0;0;0;0;0;0;0;1;0;1;0;0;1;0;0;0;0;0;0;0;0;0;0;0;0;0;0;0;0;0;0;0;0;0;0;0;0;0;1;9;9;0;0;0;0;0;1;9;0;0;1;0;0;0;1;1;0;1;0;0;0;0;0;0;0;1;1;0;0;0;1;1;0;99;0;0;0;0;0;0;0;99;99;0;0;0;1;1;0;56;43;52;26;5;14;2;0;0;0;0;0;3;96;37;62;0;0;0;0;0;0;0;0;6;0;0;0;0;0;0;0;6;6;0;0;0;1;1;0;5;0;0;0;0;0;0;0;5;5;0;0;0;1;1;0
2020;Sudeste;3;Rio de Janeiro;RJ;33;Rio de Janeiro;3304557;Metropolitana do Rio de Janeiro;3306;Rio de Janeiro;33018;330455705;33161275;SENAC IRAJA;4;1;1;0;RUA EMILIANO FELIPE;;173;IRAJA;21230145;.;.;1;11006;06JAN2020:00:00:00;16DEC2020:00:00:00;0;0;0;0;0;0;0;0;0;0;0;1;0;3,67235E+12;1E+14;1;1;0;0;1;1;0;0;0;0;0;0;0;0;0;0;0;0;1;1;0;0;0;0;1;0;0;0;0;0;1;0;0;0;0;1;0;0;0;0;0;0;0;0;0;0;1;1;1;1;0;0;1;0;1;1;0;0;1;1;0;0;0;0;0;1;0;0;0;0;0;0;0;0;0;0;0;0;1;1;1;0;1;0;0;0;0;0;0;1;1;1;1;1;0;1;1;0;0;27;0;27;27;0;1;1;1;1;1;1;0;1;1;1;1;1;1;0;0;1;1;0;0;0;0;0;0;0;0;0;0;0;0;0;1;1;0;0;0;0;0;0;1;1;1;1;0;1;1;3;1;0;1;4;1;1;0;0;0;0;1;1;0;0;0;0;0;0;0;0;1;1;1;1;1;1;0;0;1;1;0;0;0;0;0;0;0;1;0;1;0;0;1;0;0;0;0;0;0;0;0;0;0;0;0;0;0;0;0;0;0;0;0;0;0;0;0;0;1;9;9;0;0;0;0;0;1;9;0;0;1;0;0;0;1;1;0;1;0;0;0;0;0;0;0;1;1;0;0;0;1;1;0;403;0;0;0;0;0;0;0;403;403;0;0;0;1;1;0;278;125;298;23;24;55;2;1;0;0;0;0;5;398;172;231;0;0;0;0;0;0;0;0;14;0;0;0;0;0;0;0;14;14;0;0;0;2;2;0;13;0;0;0;0;0;0;0;13;13;0;0;0;1;1;0
2020;Sudeste;3;Rio de Janeiro;RJ;33;Rio de Janeiro;3304557;Metropolitana do Rio de Janeiro;3306;Rio de Janeiro;33018;330455705;33161283;SENAC BOTAFOGO;4;1;1;0;RUA BAMBINA;;107;BOTAFOGO;22251050;.;.;1;11009;06JAN2020:00:00:00;16DEC2020:00:00:00;0;0;0;0;0;0;0;0;0;0;0;1;0;3,67235E+12;1E+14;1;1;0;0;1;1;0;0;0;0;0;0;0;0;0;0;0;0;1;1;0;0;0;0;1;0;0;0;0;0;1;0;0;0;0;1;0;0;0;0;0;0;0;0;0;0;1;1;1;1;0;0;1;0;1;1;0;0;1;1;0;0;0;0;0;1;0;0;0;0;0;0;0;0;0;0;0;0;1;1;1;0;1;0;0;0;0;0;0;1;1;1;1;1;0;1;1;0;0;28;0;28;28;0;1;1;1;1;1;1;0;1;1;1;1;1;1;0;0;1;1;0;0;0;0;0;0;0;0;0;0;0;0;0;1;1;0;0;0;0;0;0;1;1;1;1;0;1;1;3;1;0;1;4;1;1;1;1;0;0;1;1;0;0;0;0;0;0;0;0;0;0;1;1;0;0;0;0;0;0;0;0;0;0;0;0;0;1;0;1;0;0;1;0;0;0;0;0;0;0;0;0;0;0;0;0;0;0;0;0;0;0;0;0;0;0;0;0;1;9;9;0;0;0;0;0;1;9;0;0;1;0;0;0;1;1;0;1;0;0;0;0;0;0;0;1;1;0;0;0;1;1;0;460;0;0;0;0;0;0;0;460;460;0;0;0;4;4;0;330;130;321;59;12;65;2;1;0;0;0;0;6;454;262;198;0;0;0;0;0;0;0;0;20;0;0;0;0;0;0;0;20;20;0;0;0;3;3;0;20;0;0;0;0;0;0;0;20;20;0;0;0;3;3;0
2020;Sudeste;3;Rio de Janeiro;RJ;33;Rio de Janeiro;3304557;Metropolitana do Rio de Janeiro;3306;Rio de Janeiro;33018;330455705;33171254;SENAC BARRA DA TIJUCA;4;0;1;0;AV. PREFEITO DULCIDIO CARDOSO;;2000;BARRA DA TIJUCA;22631051;.;.;3;11009;0;0;0;0;0;0;0;0;0;0;0;0;0;0;0;;;0;0;0;0;0;0;0;0;0;0;0;0;0;0;0;0;0;0;0;0;0;0;0;0;0;0;0;0;0;0;0;0;0;0;0;0;0;0;0;0;0;0;0;0;0;0;0;0;0;0;0;0;0;0;0;0;0;0;0;0;0;0;0;0;0;0;0;0;0;0;0;0;0;0;0;0;0;0;0;0;0;0;0;0;0;0;0;0;0;0;0;0;0;0;0;0;0;0;0;0;0;0;0;0;0;0;0;0;0;0;0;0;0;0;0;0;0;0;0;0;0;0;0;0;0;0;0;0;0;0;0;0;0;0;0;0;0;0;0;0;0;0;0;0;0;0;0;0;0;0;0;0;0;0;0;0;0;0;0;0;0;0;0;0;0;0;0;0;0;0;0;0;0;0;0;0;0;0;0;0;0;0;0;0;0;0;0;0;0;0;0;0;0;0;0;0;0;0;0;0;0;0;0;0;0;0;0;0;0;0;0;0;0;0;0;0;0;0;0;0;0;0;0;0;0;0;0;0;0;0;0;0;0;0;0;0;0;0;0;0;0;0;0;0;0;0;0;0;0;0;0;0;0;0;0;0;0;0;0;0;0;0;0;0;0;0;0;0;0;0;0;0;0;0;0;0;0;0;0;0;0;0;0;0;0;0;0;0;0;0;0;0;0;0;0;0;0;0;0;0;0;0;0;0;0;0;0;0;0;0;0;0;0;0;0;0;0;0;0;0;0;0;0;0;0
2020;Sudeste;3;Rio de Janeiro;RJ;33;Rio de Janeiro;3304557;Metropolitana do Rio de Janeiro;3306;Rio de Janeiro;33018;330455705;33172609;SENAC MADUREIRA;4;1;1;0;RUA EWBANCK DA CAMARA;;91;MADUREIRA;21310150;.;.;1;11006;06JAN2020:00:00:00;16DEC2020:00:00:00;0;0;0;0;0;0;0;0;0;0;0;1;0;3,67235E+12;1E+14;1;1;0;0;1;1;0;0;0;0;0;0;0;0;0;0;0;0;1;1;0;0;0;0;1;0;0;0;0;0;1;0;0;0;0;1;0;0;0;0;0;0;0;0;0;0;1;1;1;1;0;0;1;0;1;1;0;0;1;1;0;0;0;0;0;1;0;0;0;0;0;0;0;0;0;0;0;0;1;1;1;0;1;0;0;0;0;0;0;1;1;1;1;1;0;1;1;0;0;30;0;30;30;0;1;1;1;1;1;1;0;1;1;1;1;1;1;0;0;1;1;0;0;0;0;0;0;0;0;0;0;0;0;0;1;1;0;0;0;0;0;0;1;1;1;1;0;1;1;3;1;0;1;7;0;0;1;1;0;0;1;1;0;0;0;0;0;0;0;0;1;7;1;1;0;0;0;0;1;1;0;0;0;0;0;0;0;1;0;1;0;0;1;0;0;0;0;0;0;0;0;0;0;0;0;0;0;0;0;0;0;0;0;0;0;0;0;0;1;9;9;0;0;0;0;0;1;9;0;0;1;0;0;0;1;1;0;1;0;0;0;0;0;0;0;1;1;0;0;0;1;1;0;941;0;0;0;0;0;0;0;941;941;0;0;0;1;1;0;600;341;693;90;47;110;1;0;0;0;0;0;28;913;643;298;0;0;0;0;0;0;0;0;30;0;0;0;0;0;0;0;30;30;0;0;0;1;1;0;34;0;0;0;0;0;0;0;34;34;0;0;0;1;1;0
2020;Sudeste;3;Rio de Janeiro;RJ;33;Rio de Janeiro;3304557;Metropolitana do Rio de Janeiro;3306;Rio de Janeiro;33018;330455705;33172803;SENAC MARECHAL FLORIANO;4;1;1;0;AV. MARECHAL FLORIANO;;6;CENTRO;20080007;.;.;1;11009;06JAN2020:00:00:00;16DEC2020:00:00:00;0;0;0;0;0;0;0;0;0;0;0;1;0;3,67235E+12;1E+14;1;1;0;0;1;1;0;0;0;0;0;0;0;0;0;0;0;0;1;1;0;0;0;0;1;0;0;0;0;0;1;0;0;0;0;1;0;0;0;0;0;0;0;0;0;0;1;1;1;1;0;0;1;0;1;1;0;0;1;1;0;0;0;0;0;1;0;0;0;0;0;0;0;0;0;0;0;0;1;1;1;0;1;0;0;0;0;0;0;1;1;1;1;1;0;1;1;0;0;25;0;25;25;0;1;1;1;1;1;1;0;1;1;1;1;1;1;0;0;1;1;0;0;0;0;0;0;0;0;0;0;0;0;0;1;1;0;0;0;0;0;0;1;1;1;1;0;1;1;3;1;0;1;8;0;0;1;1;0;0;0;0;0;0;0;0;0;0;0;0;1;1;0;0;0;0;0;0;1;1;0;0;0;0;0;0;0;1;0;1;0;0;1;0;0;0;0;0;0;0;0;0;0;0;0;0;0;0;0;0;0;0;0;0;0;0;0;0;1;9;9;0;0;0;0;0;1;9;0;0;1;0;0;0;1;1;0;1;0;0;0;0;0;0;0;1;1;0;0;0;0;0;0;156;0;0;0;0;0;0;0;156;156;0;0;0;0;0;0;89;67;108;18;6;23;1;0;0;0;0;0;0;156;36;120;0;0;0;0;0;0;0;0;12;0;0;0;0;0;0;0;12;12;0;0;0;0;0;0;7;0;0;0;0;0;0;0;7;7;0;0;0;0;0;0
2020;Sudeste;3;Rio de Janeiro;RJ;33;Rio de Janeiro;3304557;Metropolitana do Rio de Janeiro;3306;Rio de Janeiro;33018;330455705;33173800;SENAC COPACABANA;4;1;1;0;RUA POMPEU LOUREIRO;;45 4 ANDAR;COPACABANA;22061000;.;.;1;11009;06JAN2020:00:00:00;16DEC2020:00:00:00;0;0;0;0;0;0;0;0;0;0;0;1;0;3,67235E+12;1E+14;1;1;0;0;1;1;0;0;0;0;0;0;0;0;0;0;0;0;1;1;0;0;0;0;1;0;0;0;0;0;1;0;0;0;0;1;0;0;0;0;0;0;0;0;0;0;1;1;1;1;0;0;1;0;1;1;0;0;1;1;0;0;0;0;0;1;0;0;0;0;0;0;0;0;0;0;0;0;1;1;1;0;1;0;0;0;0;0;0;1;1;1;1;1;0;1;1;0;0;50;0;50;50;0;1;1;1;1;1;1;0;1;1;1;1;1;1;0;0;1;1;0;0;0;0;0;0;0;0;0;0;0;0;0;1;1;0;0;0;0;0;0;1;1;1;1;0;1;1;3;1;0;1;8;0;0;1;1;0;0;0;0;0;0;0;0;0;0;0;0;1;1;1;1;0;0;0;0;1;1;0;0;0;0;0;0;0;1;0;1;0;0;1;0;0;0;0;0;0;0;0;0;0;0;0;0;0;0;0;0;0;0;0;0;0;0;0;0;1;9;9;0;0;0;0;0;1;9;0;0;1;0;0;0;1;1;0;1;0;0;0;0;0;0;0;1;1;0;0;0;1;1;0;263;0;0;0;0;0;0;0;263;263;0;0;0;1;1;0;168;95;203;32;2;24;1;1;0;0;0;0;3;260;113;150;0;0;0;0;0;0;0;0;21;0;0;0;0;0;0;0;21;21;0;0;0;2;2;0;15;0;0;0;0;0;0;0;15;15;0;0;0;1;1;0
2020;Sudeste;3;Rio de Janeiro;RJ;33;Rio de Janeiro;3304557;Metropolitana do Rio de Janeiro;3306;Rio de Janeiro;33018;330455705;33174202;SENAC BARRA DA TIJUCA;4;1;1;0;AV DAS AMERICAS 3959;;COBERTURA;BARRA DA TIJUCA;22631003;.;.;1;11009;06JAN2020:00:00:00;16DEC2020:00:00:00;0;0;0;0;0;0;0;0;0;0;0;1;0;3,67235E+12;1E+14;1;1;0;0;1;1;0;0;0;0;0;0;0;0;0;0;0;0;1;1;0;0;0;0;1;0;0;0;0;0;1;0;0;0;0;1;0;0;0;0;0;0;0;0;0;0;1;1;1;1;0;0;1;0;1;1;0;0;1;1;0;0;0;0;0;1;0;0;0;0;0;0;0;0;0;0;0;0;1;1;1;0;1;0;0;0;0;0;0;1;1;1;1;1;0;1;1;0;0;17;0;17;17;0;1;1;1;1;1;1;0;1;1;1;1;1;1;0;0;1;1;0;0;0;0;0;0;0;0;0;0;0;0;0;1;1;0;0;0;0;0;0;1;1;1;1;0;1;1;3;1;0;1;3;0;0;1;1;0;0;1;3;0;0;0;0;0;0;0;0;0;0;1;1;0;0;0;0;1;1;0;0;0;0;0;0;0;1;0;1;0;0;1;0;0;0;0;0;0;0;0;0;0;0;0;0;0;0;0;0;0;0;0;0;0;0;0;0;1;9;9;0;0;0;0;0;1;9;0;0;1;0;0;0;1;1;0;1;0;0;0;0;0;0;0;1;1;0;0;0;1;1;0;320;0;0;0;0;0;0;0;320;320;0;0;0;2;2;0;246;74;220;58;10;32;0;0;0;0;0;0;0;320;174;146;0;0;0;0;0;0;0;0;15;0;0;0;0;0;0;0;15;15;0;0;0;5;5;0;14;0;0;0;0;0;0;0;14;14;0;0;0;2;2;0
2020;Sudeste;3;Rio de Janeiro;RJ;33;Rio de Janeiro;3304557;Metropolitana do Rio de Janeiro;3306;Rio de Janeiro;33018;330455705;33176809;SENAC CAMPO GRANDE;4;1;1;0;RUA BARCELOS DOMINGOS;;58;CAMPO GRANDE;23080020;.;.;1;11007;06JAN2020:00:00:00;16DEC2020:00:00:00;0;0;0;0;0;0;0;0;0;0;0;1;0;3,67235E+12;1E+14;1;1;0;0;1;1;0;0;0;0;0;0;0;0;0;0;0;0;1;1;0;0;0;0;1;0;0;0;0;0;1;0;0;0;0;1;0;0;0;0;0;0;0;0;0;0;1;1;1;1;0;0;1;0;1;1;0;0;1;1;0;0;0;0;0;1;0;0;0;0;0;0;0;0;0;0;0;0;1;1;1;0;1;0;0;0;0;0;0;1;1;1;1;1;0;1;1;0;0;38;0;38;38;0;1;1;1;1;1;1;0;1;1;1;1;1;1;0;0;1;1;0;0;0;0;0;0;0;0;0;0;0;0;0;1;1;0;0;0;0;0;0;1;1;1;1;0;1;1;3;1;0;1;7;0;0;1;1;0;0;1;1;0;0;0;0;0;0;0;0;1;3;1;1;0;0;0;0;1;1;0;0;0;0;0;0;0;1;0;1;0;0;1;0;0;0;0;0;0;0;0;0;0;0;0;0;0;0;0;0;0;0;0;0;0;0;0;0;1;9;9;0;0;0;0;0;1;9;0;0;1;0;0;0;1;1;0;1;0;0;0;0;0;0;0;1;1;0;0;0;1;1;0;1171;0;0;0;0;0;0;0;1171;1171;0;0;0;2;2;0;801;370;864;92;48;163;3;1;0;0;0;0;48;1123;624;547;0;0;0;0;0;0;0;0;34;0;0;0;0;0;0;0;34;34;0;0;0;2;2;0;42;0;0;0;0;0;0;0;42;42;0;0;0;2;2;0
2020;Sudeste;3;Rio de Janeiro;RJ;33;Rio de Janeiro;3304557;Metropolitana do Rio de Janeiro;3306;Rio de Janeiro;33018;330455705;33177201;SENAC BONSUCESSO;4;1;1;0;RUA DONA ISABEL;;700;BONSUCESSO;21032060;.;.;1;11006;06JAN2020:00:00:00;16DEC2020:00:00:00;0;0;0;0;0;0;0;0;0;0;0;1;0;3,67235E+12;1E+14;1;1;0;0;1;1;0;0;0;0;0;0;0;0;0;0;0;0;1;1;0;0;0;0;1;0;0;0;0;0;1;0;0;0;0;1;0;0;0;0;0;0;0;0;0;0;1;1;1;1;0;0;1;0;1;1;0;0;1;1;0;0;0;0;0;1;0;0;0;0;0;0;0;0;0;0;0;0;1;1;1;0;1;0;0;0;0;0;0;1;1;1;1;1;0;1;1;0;0;31;0;31;31;0;1;1;1;1;1;1;0;1;1;1;1;1;1;0;0;1;1;0;0;0;0;0;0;0;0;0;0;0;0;0;1;1;0;0;0;0;0;0;1;1;1;1;0;1;1;3;1;0;1;7;1;1;1;1;0;0;1;1;0;0;0;0;0;0;0;0;0;0;1;1;0;0;0;0;0;0;0;0;0;0;0;0;0;1;0;1;0;0;1;0;0;0;0;0;0;0;0;0;0;0;0;0;0;0;0;0;0;0;0;0;0;0;0;0;1;9;9;0;0;0;0;0;1;9;0;0;1;0;0;0;1;1;0;1;0;0;0;0;0;0;0;1;1;0;0;0;1;1;0;803;0;0;0;0;0;0;0;803;803;0;0;0;3;3;0;560;243;585;69;30;118;1;0;0;0;0;0;18;785;459;344;0;0;0;0;0;0;0;0;28;0;0;0;0;0;0;0;28;28;0;0;0;3;3;0;29;0;0;0;0;0;0;0;29;29;0;0;0;3;3;0
2020;Sudeste;3;Rio de Janeiro;RJ;33;Santo Antônio de Pádua;3304706;Noroeste Fluminense;3301;Santo Antônio de Pádua;33002;330470605;33179000;SENAC SANTO ANTONIO PADUA;4;1;1;0;RUA ANACLETO ALVIM PADILHA;;243;CENTRO;28470000;.;.;1;11011;06JAN2020:00:00:00;16DEC2020:00:00:00;0;0;0;0;0;0;0;0;0;0;0;1;0;3,67235E+12;1E+14;1;1;0;0;1;3;0;0;0;0;0;0;0;0;0;0;0;0;1;1;0;0;0;0;1;0;0;0;0;0;1;0;0;0;0;1;0;0;0;0;0;0;0;0;0;0;1;1;1;1;0;0;1;0;1;1;0;0;1;1;0;0;0;0;0;1;0;0;0;0;0;0;0;0;0;0;0;0;1;1;1;0;1;0;0;0;0;0;0;1;1;1;1;1;0;1;1;0;0;4;0;4;4;0;1;1;1;1;1;1;0;1;1;1;1;1;1;0;0;1;1;0;0;0;0;0;0;0;0;0;0;0;0;0;1;1;0;0;0;0;0;0;1;1;1;1;0;1;1;3;1;0;1;2;0;0;0;0;0;0;0;0;0;0;0;0;0;0;0;0;1;1;1;1;0;0;0;0;1;1;0;0;0;0;0;0;0;1;0;1;0;0;1;0;0;0;0;0;0;0;0;0;0;0;0;0;0;0;0;0;0;0;0;0;0;0;0;0;1;9;9;0;0;0;0;0;1;9;0;0;1;0;0;0;1;1;0;1;0;0;0;0;0;0;0;1;1;0;0;0;1;1;0;75;0;0;0;0;0;0;0;75;75;0;0;0;1;1;0;60;15;68;5;0;2;0;0;0;0;0;0;0;75;44;31;0;0;0;0;0;0;0;0;2;0;0;0;0;0;0;0;2;2;0;0;0;1;1;0;2;0;0;0;0;0;0;0;2;2;0;0;0;1;1;0
2020;Sudeste;3;Rio de Janeiro;RJ;33;São João de Meriti;3305109;Metropolitana do Rio de Janeiro;3306;Rio de Janeiro;33018;330510905;33454213;SENAC SAO JOAO DE MERITI;4;1;1;0;RUA PASTOR JOAQUIM ROSA S/N LT 20 QD 19;;RUA PASTOR JOAQUIM R;VILAR DOS TELES;25555681;.;.;1;11010;06JAN2020:00:00:00;16DEC2020:00:00:00;0;0;0;0;0;0;0;0;0;0;0;1;0;3,67235E+12;1E+14;1;1;0;0;1;1;0;0;0;0;0;0;0;0;0;0;0;0;1;1;0;0;0;0;1;0;0;0;0;0;1;0;0;0;0;1;0;0;0;0;0;0;0;0;0;0;1;1;1;1;0;0;1;0;1;1;0;0;1;1;0;0;0;0;0;1;0;0;0;0;0;0;0;0;0;0;0;0;1;1;1;0;1;0;0;0;0;0;0;1;1;1;1;1;0;1;1;0;0;4;0;4;4;0;1;1;1;1;1;1;0;1;1;1;1;1;1;0;0;1;1;0;0;0;0;0;0;0;0;0;0;0;0;0;1;1;0;0;0;0;0;0;1;1;1;1;0;1;1;3;1;0;1;1;0;0;0;0;0;0;0;0;0;0;0;0;0;0;0;0;1;1;1;1;0;0;0;0;1;1;0;0;0;0;0;0;0;1;0;1;0;0;1;0;0;0;0;0;0;0;0;0;0;0;0;0;0;0;0;0;0;0;0;0;0;0;0;0;1;9;9;0;0;0;0;0;1;9;0;0;1;0;0;0;1;1;0;1;0;0;0;0;0;0;0;1;1;0;0;0;0;0;0;54;0;0;0;0;0;0;0;54;54;0;0;0;0;0;0;41;13;38;4;0;12;0;0;0;0;0;0;1;53;23;31;0;0;0;0;0;0;0;0;2;0;0;0;0;0;0;0;2;2;0;0;0;0;0;0;2;0;0;0;0;0;0;0;2;2;0;0;0;0;0;0
2020;Sudeste;3;Rio de Janeiro;RJ;33;Teresópolis;3305802;Metropolitana do Rio de Janeiro;3306;Serrana;33015;330580205;33179417;SENAC TERESOPOLIS;4;1;1;0;RUA ALICE QUINTELA MAURICI REGADAS;;66 SOBRELOJA;VARZEA;25953430;.;.;1;11013;06JAN2020:00:00:00;16DEC2020:00:00:00;0;0;0;0;0;0;0;0;0;0;0;1;0;3,67235E+12;1E+14;1;1;0;0;1;1;0;0;0;0;0;0;0;0;0;0;0;0;1;1;0;0;0;0;1;0;0;0;0;0;1;0;0;0;0;1;0;0;0;0;0;0;0;0;0;0;1;1;1;1;0;0;1;0;1;1;0;0;1;1;0;0;0;0;0;1;0;0;0;0;0;0;0;0;0;0;0;0;1;1;1;0;1;0;0;0;0;0;0;1;1;1;1;1;0;1;1;0;0;12;0;12;12;0;1;1;1;1;1;1;0;1;1;1;1;1;1;0;0;1;1;0;0;0;0;0;0;0;0;0;0;0;0;0;1;1;0;0;0;0;0;0;1;1;1;1;0;1;1;3;1;0;1;3;0;0;0;0;0;0;0;0;0;0;0;0;0;0;0;0;1;1;1;1;0;0;0;0;1;1;0;0;0;0;0;0;0;1;0;1;0;0;1;0;0;0;0;0;0;0;0;0;0;0;0;0;0;0;0;0;0;0;0;0;0;0;0;0;1;9;9;0;0;0;0;0;1;9;0;0;1;0;0;0;1;1;0;1;0;0;0;0;0;0;0;1;1;0;0;0;0;0;0;283;0;0;0;0;0;0;0;283;283;0;0;0;0;0;0;210;73;237;28;3;15;0;0;0;0;0;0;5;278;58;225;0;0;0;0;0;0;0;0;15;0;0;0;0;0;0;0;15;15;0;0;0;0;0;0;14;0;0;0;0;0;0;0;14;14;0;0;0;0;0;0
2020;Sudeste;3;Rio de Janeiro;RJ;33;Três Rios;3306008;Centro Fluminense;3303;Três Rios;33005;330600805;33179603;SENAC TRES RIOS;4;1;1;0;AVENIDA XV DE NOVEMBRO;;600;CENTRO;25804000;.;.;1;11013;06JAN2020:00:00:00;16DEC2020:00:00:00;0;0;0;0;0;0;0;0;0;0;0;1;0;3,67235E+12;1E+14;1;1;0;0;1;1;0;0;0;0;0;0;0;0;0;0;0;0;1;1;0;0;0;0;1;0;0;0;0;0;1;0;0;0;0;1;0;0;0;0;0;0;0;0;0;0;1;1;1;1;0;0;1;0;1;1;0;0;1;1;0;0;0;0;0;1;0;0;0;0;0;0;0;0;0;0;0;0;1;1;1;0;1;0;0;0;0;0;0;1;1;1;1;1;0;1;1;0;0;5;0;5;5;0;1;1;1;1;1;1;0;1;1;1;1;1;1;0;0;1;1;0;0;0;0;0;0;0;0;0;0;0;0;0;1;1;0;0;0;0;0;0;1;1;1;1;0;1;1;3;1;0;1;1;0;0;0;0;0;0;0;0;0;0;0;0;0;0;0;0;1;1;1;1;0;0;0;0;1;1;0;0;0;0;0;0;0;1;0;1;0;0;1;0;0;0;0;0;0;0;0;0;0;0;0;0;0;0;0;0;0;0;0;0;0;0;0;0;1;9;9;0;0;0;0;0;1;9;0;0;1;0;0;0;1;1;0;1;0;0;0;0;0;0;0;1;1;0;0;0;0;0;0;115;0;0;0;0;0;0;0;115;115;0;0;0;0;0;0;101;14;94;14;2;5;0;0;0;0;0;0;1;114;31;84;0;0;0;0;0;0;0;0;6;0;0;0;0;0;0;0;6;6;0;0;0;0;0;0;4;0;0;0;0;0;0;0;4;4;0;0;0;0;0;0
2020;Sudeste;3;Rio de Janeiro;RJ;33;Volta Redonda;3306305;Sul Fluminense;3305;Vale do Paraíba Fluminense;33011;330630505;33175403;SENAC VOLTA REDONDA;4;1;1;0;RUA DEPUTADO GERALDO DI BIASE;;251;ATERRADO;27213080;.;.;1;11003;06JAN2020:00:00:00;16DEC2020:00:00:00;0;0;0;0;0;0;0;0;0;0;0;1;0;3,67235E+12;1E+14;1;1;0;0;1;3;0;0;0;0;0;0;0;0;0;0;0;0;1;1;0;0;0;0;1;0;0;0;0;0;1;0;0;0;0;1;0;0;0;0;0;0;0;0;0;0;1;1;1;1;0;0;1;0;1;1;0;0;1;1;0;0;0;0;0;1;0;0;0;0;0;0;0;0;0;0;0;0;1;1;1;0;1;0;0;0;0;0;0;1;1;1;1;1;0;1;1;0;0;5;0;5;5;0;1;1;1;1;1;1;0;1;1;1;1;1;1;0;0;1;1;0;0;0;0;0;0;0;0;0;0;0;0;0;1;1;0;0;0;0;0;0;1;1;1;1;0;1;1;3;1;0;1;1;0;0;0;0;0;0;0;0;0;0;0;0;0;0;0;0;1;1;1;1;0;0;0;0;1;1;0;0;0;0;0;0;0;1;0;1;0;0;1;0;0;0;0;0;0;0;0;0;0;0;0;0;0;0;0;0;0;0;0;0;0;0;0;0;1;9;9;0;0;0;0;0;1;9;0;0;1;0;0;0;1;1;0;1;0;0;0;0;0;0;0;1;1;0;0;0;0;0;0;67;0;0;0;0;0;0;0;67;67;0;0;0;0;0;0;48;19;48;9;0;10;0;0;0;0;0;0;3;64;12;55;0;0;0;0;0;0;0;0;7;0;0;0;0;0;0;0;7;7;0;0;0;0;0;0;3;0;0;0;0;0;0;0;3;3;0;0;0;0;0;0
2020;Sudeste;3;São Paulo;SP;35;Águas de São Pedro;3500600;Piracicaba;3506;Piracicaba;35028;350060005;35148829;SENAC HOTEL ESCOLA GRANDE HOTEL SAO PEDRO;4;0;1;0;PARQUE DOUTOR OCTAVIO DE MOURA ANDRADE, S/N;;;CENTRO;13528900;19;34827000;2;15000;0;0;0;0;0;0;0;0;0;0;0;0;0;0;0;;;0;0;0;0;0;0;0;0;0;0;0;0;0;0;0;0;0;0;0;0;0;0;0;0;0;0;0;0;0;0;0;0;0;0;0;0;0;0;0;0;0;0;0;0;0;0;0;0;0;0;0;0;0;0;0;0;0;0;0;0;0;0;0;0;0;0;0;0;0;0;0;0;0;0;0;0;0;0;0;0;0;0;0;0;0;0;0;0;0;0;0;0;0;0;0;0;0;0;0;0;0;0;0;0;0;0;0;0;0;0;0;0;0;0;0;0;0;0;0;0;0;0;0;0;0;0;0;0;0;0;0;0;0;0;0;0;0;0;0;0;0;0;0;0;0;0;0;0;0;0;0;0;0;0;0;0;0;0;0;0;0;0;0;0;0;0;0;0;0;0;0;0;0;0;0;0;0;0;0;0;0;0;0;0;0;0;0;0;0;0;0;0;0;0;0;0;0;0;0;0;0;0;0;0;0;0;0;0;0;0;0;0;0;0;0;0;0;0;0;0;0;0;0;0;0;0;0;0;0;0;0;0;0;0;0;0;0;0;0;0;0;0;0;0;0;0;0;0;0;0;0;0;0;0;0;0;0;0;0;0;0;0;0;0;0;0;0;0;0;0;0;0;0;0;0;0;0;0;0;0;0;0;0;0;0;0;0;0;0;0;0;0;0;0;0;0;0;0;0;0;0;0;0;0;0;0;0;0;0;0;0;0;0;0;0;0;0;0;0;0;0;0;0;0;0
2020;Sudeste;3;São Paulo;SP;35;Americana;3501608;Campinas;3507;Campinas;35032;350160805;35079947;SENAC AMERICANA;4;1;1;0;DOUTOR ANGELINO SANCHES;800;;VILA SAO PEDRO;13466490;19;36211367;1;15000;02JAN2020:00:00:00;22DEC2020:00:00:00;0;0;0;0;0;0;0;0;0;0;0;1;0;3,70981E+12;3,70981E+12;1;1;0;0;1;1;0;0;0;0;0;0;0;0;0;0;0;0;1;1;0;0;0;0;1;0;0;0;0;0;1;0;0;0;0;1;0;0;0;0;0;0;0;1;0;1;0;1;0;1;0;0;1;0;1;1;1;0;1;1;0;0;0;0;0;1;0;0;0;0;0;0;0;0;0;0;0;0;1;0;1;0;1;0;0;0;0;0;0;0;0;0;0;0;0;0;0;1;0;19;0;19;0;0;0;1;0;0;1;0;0;0;0;1;1;1;3;1;19;0;0;0;0;0;0;0;0;0;0;0;0;0;0;0;1;150;1;60;1;8;0;0;1;1;1;1;1;1;1;2;0;0;1;32;1;8;1;1;0;0;1;3;0;0;0;0;0;0;0;0;1;1;1;1;0;0;1;88888;1;1;0;0;0;0;0;0;0;1;0;1;0;1;1;0;1;1;0;0;1;0;0;0;0;0;0;0;0;0;0;0;0;0;0;0;0;0;0;0;1;1;0;0;0;1;0;0;0;0;0;0;1;0;0;0;1;1;0;1;0;0;0;0;0;0;0;1;1;0;0;0;1;1;0;383;0;0;0;0;0;0;0;383;383;0;0;0;3;3;0;254;129;103;214;9;54;1;2;0;0;0;0;40;343;175;208;0;0;0;0;0;0;0;0;17;0;0;0;0;0;0;0;17;17;0;0;0;3;3;0;18;0;0;0;0;0;0;0;18;18;0;0;0;3;3;0
2020;Sudeste;3;São Paulo;SP;35;Araçatuba;3502804;Araçatuba;3503;Araçatuba;35017;350280405;35148912;SENAC ARACATUBA;4;1;1;0;AVENIDA JOAO ARRUDA BRASIL;500;AVENIDA;SAO JOAQUIM;16050400;18;31171000;1;15000;02JAN2020:00:00:00;30DEC2020:00:00:00;0;0;0;0;0;0;0;0;0;0;0;1;0;3,70981E+12;3,70981E+12;1;1;0;0;1;1;0;0;0;0;0;0;0;0;0;0;0;0;1;1;0;0;0;0;1;0;0;0;0;0;1;0;0;0;0;1;0;0;0;0;0;0;0;1;0;0;0;0;0;1;0;0;1;0;1;0;0;0;1;1;1;1;0;0;0;1;1;1;0;0;1;0;1;0;0;0;0;0;1;0;1;0;1;0;0;0;0;0;0;0;0;0;0;0;0;0;0;1;0;18;0;18;0;0;0;1;0;0;1;0;0;1;1;1;1;1;6;1;15;0;0;0;0;0;0;0;0;0;0;0;0;0;0;0;1;90;0;0;1;4;0;0;1;1;1;1;0;1;0;3;1;0;1;32;1;11;1;4;1;20;0;0;0;0;0;0;0;0;0;0;1;1;1;1;0;0;1;20;0;0;0;0;0;0;0;0;0;1;0;1;0;1;1;1;1;0;1;0;0;0;0;0;0;0;0;0;0;0;0;0;0;0;0;0;0;0;0;0;1;1;0;0;0;0;0;0;1;1;0;0;1;0;0;0;1;1;0;1;0;0;0;0;0;0;0;1;1;0;0;0;1;1;0;575;0;0;0;0;0;0;0;575;575;0;0;0;3;3;0;396;179;197;266;9;100;3;0;0;0;0;1;36;538;314;261;0;0;0;0;0;0;0;0;25;0;0;0;0;0;0;0;25;25;0;0;0;3;3;0;31;0;0;0;0;0;0;0;31;31;0;0;0;3;3;0
2020;Sudeste;3;São Paulo;SP;35;Araraquara;3503208;Araraquara;3505;Araraquara;35024;350320805;35148830;SENAC ARARAQUARA;4;1;1;0;RUA JOAO GURGEL;1935;RUA;CARMO;14801405;16;31143000;1;15000;02JAN2020:00:00:00;23DEC2020:00:00:00;0;0;0;0;0;0;0;0;0;0;0;1;0;3,70981E+12;3,70981E+12;1;1;0;0;1;1;0;0;0;0;0;0;0;0;0;0;0;0;1;1;0;0;0;0;1;0;0;0;0;0;1;0;0;0;0;1;0;0;0;0;0;0;0;1;0;1;0;0;0;1;0;0;1;0;0;0;0;0;1;1;1;1;0;0;0;1;1;0;0;0;1;0;1;0;0;0;0;0;1;0;1;0;1;0;0;0;0;0;0;0;0;0;0;0;0;0;0;1;0;19;0;19;0;0;1;1;0;1;1;0;0;0;0;1;2;1;1;0;0;0;0;0;0;0;0;0;0;0;0;0;0;0;0;0;1;105;1;28;0;0;0;0;1;1;1;1;0;1;1;3;1;0;1;32;1;9;1;4;0;0;0;0;0;0;0;0;0;0;0;0;1;1;1;1;0;0;1;88888;1;1;0;0;0;0;0;0;0;1;0;1;0;1;1;0;1;1;0;0;1;0;0;0;0;0;0;0;0;0;0;0;0;0;0;0;0;0;0;0;0;0;0;0;0;0;0;0;1;1;0;0;1;0;0;0;1;1;0;1;0;0;0;0;0;0;0;1;1;0;0;0;1;1;0;744;0;0;0;0;0;0;0;744;744;0;0;0;3;3;0;473;271;315;296;17;115;1;0;0;0;0;1;41;702;451;293;0;0;0;0;0;0;0;0;25;0;0;0;0;0;0;0;25;25;0;0;0;2;2;0;42;0;0;0;0;0;0;0;42;42;0;0;0;3;3;0
2020;Sudeste;3;São Paulo;SP;35;Barretos;3505500;Ribeirão Preto;3502;Barretos;35009;350550005;35148842;SENAC BARRETOS;4;1;1;0;AVENIDA 21;;;CENTRO;14780310;17;33123050;1;15000;02JAN2020:00:00:00;20DEC2020:00:00:00;0;0;0;0;0;0;0;0;0;0;0;1;0;3,70981E+12;3,70981E+12;1;1;0;0;1;1;0;0;0;0;0;0;0;0;1;0;0;0;1;1;0;0;0;0;1;0;0;0;0;0;1;0;0;0;0;1;0;0;0;0;0;0;0;0;0;0;1;0;0;0;0;0;1;0;1;0;0;0;0;0;0;0;0;0;0;0;0;0;0;0;0;0;0;0;0;0;0;0;0;0;0;0;1;0;0;0;0;0;0;0;0;0;0;0;0;0;0;1;0;17;0;17;0;0;1;1;0;1;1;1;0;1;2;0;0;1;2;1;1;0;0;0;0;0;0;0;0;0;0;0;0;0;0;0;1;97;0;0;1;3;0;0;1;1;1;1;1;1;1;2;0;0;1;4;1;7;1;3;0;0;0;0;0;0;0;0;0;0;0;0;1;1;1;1;0;0;0;0;0;0;0;0;0;0;0;0;0;1;0;0;0;0;1;0;1;1;0;0;0;0;0;0;0;0;0;0;0;0;0;0;0;0;0;0;0;0;0;0;1;0;0;0;0;1;0;0;0;1;0;0;1;0;0;0;1;1;0;1;0;0;0;0;0;0;0;1;1;0;0;0;1;1;0;460;0;0;0;0;0;0;0;460;460;0;0;0;6;6;0;337;123;170;164;20;104;2;0;0;0;0;0;25;435;288;172;0;0;0;0;0;0;0;0;21;0;0;0;0;0;0;0;21;21;0;0;0;4;4;0;27;0;0;0;0;0;0;0;27;27;0;0;0;4;4;0
2020;Sudeste;3;São Paulo;SP;35;Bauru;3506003;Bauru;3504;Bauru;35020;350600305;35148885;SENAC BAURU;4;1;1;0;AVENIDA NACOES UNIDAS;out/22;AVENIDA;CENTRO;17010130;14;32270702;1;15000;02JAN2020:00:00:00;23DEC2020:00:00:00;0;0;0;0;0;0;1;0;0;0;0;0;0;3,70981E+12;1E+14;1;1;0;0;1;1;0;0;0;0;0;0;0;0;0;0;0;0;1;1;0;0;0;0;1;0;0;0;0;0;1;0;0;0;0;1;0;0;0;0;0;0;0;1;1;0;0;1;0;1;0;0;1;0;1;1;1;0;1;1;1;1;0;0;0;0;0;0;0;0;0;0;0;0;0;0;0;0;1;0;1;0;1;0;0;0;0;0;0;0;0;0;0;0;0;0;0;1;0;27;0;27;0;0;1;1;0;1;1;0;0;0;0;1;2;1;2;1;11;0;0;0;0;0;0;0;0;0;0;0;0;0;0;0;1;216;1;173;1;4;0;0;1;1;1;1;0;1;1;3;1;0;1;24;1;10;1;5;0;0;1;4;0;0;0;0;0;0;0;0;1;1;1;1;1;4;0;0;0;0;0;0;0;0;0;0;0;1;0;0;0;0;0;0;1;0;0;0;0;0;0;0;0;0;0;0;0;0;0;0;0;0;0;0;0;0;0;0;0;0;0;0;0;0;0;0;1;0;0;0;1;0;0;0;1;1;0;1;0;0;0;0;0;0;0;1;1;0;0;0;1;1;0;427;0;0;0;0;0;0;0;427;427;0;0;0;2;2;0;295;132;168;185;15;54;3;2;0;0;0;0;15;412;154;273;0;0;0;0;0;0;0;0;17;0;0;0;0;0;0;0;17;17;0;0;0;2;2;0;21;0;0;0;0;0;0;0;21;21;0;0;0;2;2;0
2020;Sudeste;3;São Paulo;SP;35;Bebedouro;3506102;Ribeirão Preto;3502;Jaboticabal;35013;350610205;35149056;SENAC BEBEDOURO;4;1;1;0;RUA TOBIAS LIMA;1370;RUA;CENTRO;14701100;17;33446500;1;15000;02JAN2020:00:00:00;23DEC2020:00:00:00;0;0;0;0;0;0;0;0;0;0;0;1;0;3,70981E+12;3,70981E+12;1;1;0;0;1;3;0;0;0;0;0;0;0;0;0;1;0;0;1;1;0;0;0;0;1;0;0;0;0;0;1;0;0;0;0;1;0;0;0;0;0;0;0;1;0;0;0;0;1;0;0;0;1;0;1;0;0;0;1;1;1;1;0;0;0;1;0;0;0;0;0;0;0;0;0;0;0;0;1;1;1;0;1;0;0;0;0;0;0;0;0;1;0;1;0;0;1;0;0;12;8;20;20;20;0;1;0;1;1;0;0;0;0;1;4;1;2;1;13;1;20;0;0;0;0;0;0;0;0;0;0;0;0;0;1;112;1;44;1;5;0;0;1;1;1;1;1;1;1;3;1;0;1;19;1;4;1;3;1;13;0;0;0;0;0;0;0;0;0;0;1;1;1;1;1;4;1;88888;1;1;0;0;0;0;0;0;0;1;0;1;0;0;0;0;1;1;0;0;0;0;0;0;0;0;0;0;0;0;0;0;0;0;0;0;0;0;0;0;1;0;0;0;0;1;0;0;0;0;0;0;1;0;0;0;1;1;0;1;0;0;0;0;0;0;0;1;1;0;0;0;1;1;0;496;0;0;0;0;0;0;0;496;496;0;0;0;3;3;0;331;165;125;244;20;106;1;0;0;0;0;0;37;459;313;183;0;0;0;0;0;0;0;0;44;0;0;0;0;0;0;0;44;44;0;0;0;6;6;0;26;0;0;0;0;0;0;0;26;26;0;0;0;3;3;0
2020;Sudeste;3;São Paulo;SP;35;Bertioga;3506359;Metropolitana de São Paulo;3515;Santos;35063;350635905;35463656;SENAC BERTIOGA;4;1;1;0;RUA PASTOR DJALMA DA SILVA COIMBRA;20;RUA;JARDIM RIO DA PRAIA;11256085;13;33199260;1;15000;02JAN2020:00:00:00;23DEC2020:00:00:00;0;0;0;0;0;0;0;0;0;0;0;1;0;3,70981E+12;3,70981E+12;1;1;0;0;1;3;0;0;0;0;0;0;0;0;0;0;0;0;1;1;0;0;0;0;1;0;0;0;0;0;1;0;0;0;0;1;0;0;0;0;0;0;0;1;1;1;0;1;1;0;0;0;1;0;1;0;0;0;1;1;0;0;0;0;0;1;0;0;0;0;0;0;0;0;0;0;0;0;0;0;1;0;1;0;0;0;0;0;0;0;0;0;0;0;0;0;0;1;0;6;0;6;6;0;0;1;0;1;1;1;0;1;1;1;1;1;2;1;6;1;6;0;0;0;0;0;0;0;0;0;0;0;0;0;1;53;1;20;0;0;0;0;1;1;1;1;1;1;1;2;1;0;1;8;1;2;1;2;0;0;0;0;0;0;0;0;0;0;0;0;1;1;1;1;0;0;1;1;0;0;0;0;0;0;0;0;0;1;0;1;0;0;1;0;1;1;1;0;1;0;0;0;0;0;0;0;0;0;0;0;0;0;0;0;0;0;0;0;1;1;1;0;0;1;0;0;0;1;0;0;1;0;0;0;1;1;0;1;0;0;0;0;0;0;0;1;1;0;0;0;0;0;0;140;0;0;0;0;0;0;0;140;140;0;0;0;0;0;0;79;61;67;31;8;34;0;0;0;0;0;0;17;123;56;84;0;0;0;0;0;0;0;0;7;0;0;0;0;0;0;0;7;7;0;0;0;0;0;0;9;0;0;0;0;0;0;0;9;9;0;0;0;0;0;0
2020;Sudeste;3;São Paulo;SP;35;Birigui;3506508;Araçatuba;3503;Birigui;35018;350650805;35565453;SENAC BIRIGUI;4;1;1;0;BENTO DA CRUZ;284;RUA;CENTRO;16200053;18;36431650;1;15000;02JAN2020:00:00:00;22DEC2020:00:00:00;0;0;0;0;0;0;0;0;0;0;0;1;0;3,70981E+12;3,70981E+12;1;1;0;0;1;3;0;0;0;0;0;0;0;0;0;0;0;0;1;1;0;0;0;0;1;0;0;0;0;0;1;0;0;0;0;1;0;0;0;0;0;0;0;1;0;0;0;1;0;0;0;0;1;0;1;0;0;0;1;1;0;0;0;0;0;1;0;0;0;0;0;0;0;0;0;0;0;0;0;0;1;0;1;0;0;0;0;0;0;0;0;0;0;0;0;0;0;1;0;14;0;14;0;0;1;1;1;1;1;1;0;0;0;1;1;1;1;1;6;0;0;0;0;0;0;0;0;0;0;0;0;0;0;0;1;25;0;0;0;0;0;0;1;1;1;1;0;1;0;3;1;0;1;88888;1;3;0;0;1;88888;0;0;0;0;0;0;0;0;0;0;1;1;1;1;0;0;1;88888;1;1;0;0;0;0;0;0;0;1;0;1;0;1;1;1;1;1;0;0;0;1;0;0;0;0;0;0;0;0;0;0;0;0;0;0;0;0;0;0;1;0;0;0;0;1;0;0;0;1;0;0;1;0;0;0;0;1;0;1;0;0;0;0;0;0;0;1;1;0;0;0;0;0;0;55;0;0;0;0;0;0;0;55;55;0;0;0;0;0;0;30;25;23;28;0;4;0;0;0;0;0;0;3;52;0;55;0;0;0;0;0;0;0;0;2;0;0;0;0;0;0;0;2;2;0;0;0;0;0;0;3;0;0;0;0;0;0;0;3;3;0;0;0;0;0;0
2020;Sudeste;3;São Paulo;SP;35;Botucatu;3507506;Bauru;3504;Botucatu;35023;350750605;35148787;SENAC BOTUCATU;4;1;1;0;RUA DOUTOR RAFAEL SAMPAIO;85;RUA;CENTRO;18600230;14;31121150;1;15000;02JAN2020:00:00:00;22DEC2020:00:00:00;0;0;0;0;0;0;0;0;0;0;0;1;0;3,70981E+12;1E+14;1;1;0;0;1;1;0;0;0;0;0;0;0;0;0;1;0;0;1;1;0;0;0;0;1;0;0;0;0;0;1;0;0;0;0;1;0;0;0;0;0;0;0;0;0;0;1;1;0;1;0;0;1;0;1;1;0;0;1;1;0;0;0;0;0;1;1;0;0;0;1;0;1;0;0;0;0;0;1;0;1;0;1;0;0;0;0;0;0;1;1;1;1;1;0;0;0;0;0;11;1;12;11;11;1;1;0;1;1;0;0;1;1;1;2;1;2;0;0;0;0;0;0;0;0;0;0;0;0;0;0;0;0;0;1;112;1;44;1;3;0;0;1;1;1;1;1;1;1;3;1;0;1;18;1;5;1;3;0;0;1;2;0;0;0;0;0;0;0;0;1;1;1;1;1;5;0;0;0;0;0;0;0;0;0;0;0;1;0;0;0;1;1;0;1;1;0;0;0;0;0;0;0;0;0;0;0;0;0;0;0;0;0;0;0;0;0;0;0;0;0;0;0;1;0;1;0;0;0;0;1;0;0;0;1;1;0;1;0;0;0;0;0;0;0;1;1;0;0;0;1;1;0;223;0;0;0;0;0;0;0;223;223;0;0;0;1;1;0;154;69;84;112;4;23;0;0;0;0;0;0;14;209;150;73;0;0;0;0;0;0;0;0;19;0;0;0;0;0;0;0;19;19;0;0;0;1;1;0;16;0;0;0;0;0;0;0;16;16;0;0;0;1;1;0
2020;Sudeste;3;São Paulo;SP;35;Campinas;3509502;Campinas;3507;Campinas;35032;350950205;35148805;SENAC CAMPINAS;4;1;1;0;SACRAMENTO;490;RUA;CENTRO;13010210;19;21170611;1;15000;02JAN2020:00:00:00;18DEC2020:00:00:00;0;0;0;0;0;0;0;0;0;0;0;1;0;3,70981E+12;3,70981E+12;1;1;0;0;1;1;0;0;0;0;0;0;0;0;0;0;0;0;1;1;0;0;0;0;1;0;0;0;0;0;1;0;0;0;0;1;0;0;0;0;0;0;0;1;0;0;0;1;0;1;0;0;1;0;1;0;1;0;1;1;0;0;0;0;0;0;0;0;0;0;0;0;0;0;0;0;0;0;1;0;1;0;1;0;0;0;0;0;0;0;0;0;0;0;0;0;0;1;0;60;0;60;0;0;0;1;0;1;1;0;0;1;3;0;0;1;5;0;0;0;0;0;0;0;0;0;0;0;0;0;0;0;0;0;1;300;0;0;0;0;0;0;1;1;1;1;0;9;9;2;0;0;1;67;1;20;1;7;1;88888;1;10;0;0;0;0;0;0;1;1;1;1;1;1;0;0;1;5;0;0;0;0;0;0;0;0;0;1;0;1;0;0;1;1;1;1;0;0;1;0;0;0;0;0;0;0;0;0;0;0;0;0;0;0;0;0;0;0;1;1;0;0;0;0;0;0;1;0;0;0;1;0;0;0;1;1;0;1;0;0;0;0;0;0;0;1;1;0;0;0;1;1;0;1526;0;0;0;0;0;0;0;1526;1526;0;0;0;4;4;0;1004;522;1251;192;13;65;4;1;0;0;0;7;142;1377;957;569;0;0;0;0;0;0;0;0;92;0;0;0;0;0;0;0;92;92;0;0;0;14;14;0;73;0;0;0;0;0;0;0;73;73;0;0;0;4;4;0
2020;Sudeste;3;São Paulo;SP;35;Campos do Jordão;3509700;Vale do Paraíba Paulista;3513;Campos do Jordão;35049;350970005;35149019;SENAC HOTEL ESCOLA GRANDE HOTEL CAMPOS DO JORDAO;4;1;1;0;AV FREI ORESTES GIRARDI;3549;AVENIDA;CAPIVARI;12460000;12;36683001;1;15000;03FEB2020:00:00:00;23DEC2020:00:00:00;0;0;0;0;0;0;0;0;0;0;0;1;0;3,70981E+12;3,70981E+12;1;1;0;0;1;1;0;0;0;0;0;0;0;0;0;0;0;0;1;1;0;0;0;0;1;0;0;0;0;0;1;0;0;0;0;1;0;0;0;0;0;0;0;1;0;1;0;1;0;0;0;0;1;0;1;1;0;0;1;1;0;0;0;0;1;1;0;0;0;0;0;0;0;0;0;0;0;0;1;0;1;0;1;0;0;0;0;0;0;0;0;0;0;1;0;0;0;0;0;14;0;14;0;0;1;1;0;1;1;0;0;0;0;1;1;1;88888;1;7;0;0;0;0;0;0;0;0;0;0;0;0;0;0;0;1;89;1;79;1;31;0;0;1;1;1;1;0;1;1;3;1;0;1;88888;1;7;1;2;0;0;1;3;0;0;0;0;1;1;1;88888;0;0;1;1;0;0;1;5;1;2;0;0;0;0;0;0;0;1;0;0;0;0;0;0;0;0;0;0;0;0;1;0;0;0;0;0;0;0;0;0;0;0;0;0;0;0;0;0;0;0;0;0;0;0;0;0;1;0;0;0;1;0;0;0;1;1;0;1;0;0;0;0;0;0;0;1;1;0;0;0;1;1;0;88;0;0;0;0;0;0;0;88;88;0;0;0;1;1;0;53;35;28;50;2;8;0;0;0;0;0;0;4;84;37;51;0;0;0;0;0;0;0;0;2;0;0;0;0;0;0;0;2;2;0;0;0;1;1;0;2;0;0;0;0;0;0;0;2;2;0;0;0;1;1;0
2020;Sudeste;3;São Paulo;SP;35;Catanduva;3511102;São José do Rio Preto;3501;Catanduva;35005;351110205;35148891;SENAC CATANDUVA;4;1;1;0;SANTOS;300;RUA;VILA RODRIGUES;15801350;17;33114650;1;15000;02JAN2020:00:00:00;22DEC2020:00:00:00;0;0;0;0;0;0;0;0;0;0;0;1;0;3,70981E+12;1E+14;1;1;0;0;1;1;0;0;0;0;0;0;0;0;0;0;0;0;1;1;1;0;0;0;1;0;0;0;0;0;1;0;0;0;0;1;0;0;0;0;0;0;0;1;0;0;0;1;1;1;0;0;1;0;1;1;1;0;1;1;1;0;0;0;0;1;0;0;0;0;1;0;1;0;0;0;0;0;1;0;1;0;1;0;0;0;0;0;0;1;0;1;1;1;1;1;1;0;0;13;0;13;13;0;1;1;0;1;1;1;0;1;1;1;2;1;4;1;12;1;88888;0;0;0;0;0;0;0;0;0;0;0;0;0;1;138;1;44;1;7;0;0;1;1;1;1;1;1;1;3;1;0;1;25;1;6;1;1;0;0;0;0;0;0;0;0;0;0;0;0;1;1;1;1;0;0;1;2;1;1;0;0;0;0;0;0;0;1;0;1;0;1;1;0;1;1;0;0;0;0;0;0;0;0;0;0;0;0;0;0;0;0;0;0;0;0;0;0;1;1;1;0;0;1;0;1;0;0;0;0;1;0;0;0;1;1;0;1;0;0;0;0;0;0;0;1;1;0;0;0;1;1;0;527;0;0;0;0;0;0;0;527;527;0;0;0;1;1;0;375;152;121;276;17;110;2;1;0;0;0;0;31;496;318;209;0;0;0;0;0;0;0;0;33;0;0;0;0;0;0;0;33;33;0;0;0;2;2;0;26;0;0;0;0;0;0;0;26;26;0;0;0;1;1;0
2020;Sudeste;3;São Paulo;SP;35;Franca;3516200;Ribeirão Preto;3502;Franca;35012;351620005;35148854;SENAC FRANCA;4;1;1;0;RUA ALFREDO LOPES PINTO;1345;RUA;VILA TEIXEIRA;14401186;16;34024100;1;15000;20JAN2020:00:00:00;18DEC2020:00:00:00;0;0;0;0;0;0;0;0;0;0;0;1;0;3,70981E+12;3,70981E+12;1;1;0;0;1;1;0;0;0;0;0;0;0;0;0;0;0;0;1;1;0;0;0;0;1;0;0;0;0;0;1;0;0;0;0;1;0;0;0;0;0;0;0;1;0;0;0;1;0;1;0;0;1;0;1;0;1;0;0;1;1;0;0;0;0;1;1;1;0;0;0;0;0;0;0;0;0;0;1;1;1;0;1;0;0;0;0;0;0;0;0;0;0;0;0;0;0;1;0;22;0;22;0;0;1;1;0;1;1;1;0;0;0;1;3;1;1;1;22;0;0;0;0;0;0;0;0;0;0;0;0;0;0;0;1;234;1;78;1;3;0;0;1;1;1;1;1;1;0;3;1;0;1;32;1;10;1;4;0;0;0;0;0;0;0;0;0;0;0;0;0;0;1;1;0;0;0;0;0;0;0;0;0;0;0;0;0;1;0;1;0;0;1;0;1;1;1;0;0;0;0;0;0;0;0;0;0;0;0;0;0;0;0;0;0;0;0;0;1;0;1;0;0;1;0;0;0;0;0;0;1;0;0;0;1;1;0;1;0;0;0;0;0;0;0;1;1;0;0;0;1;1;0;618;0;0;0;0;0;0;0;618;618;0;0;0;4;4;0;435;183;133;339;20;123;2;1;0;0;0;0;19;599;293;325;0;0;0;0;0;0;0;0;50;0;0;0;0;0;0;0;50;50;0;0;0;19;19;0;31;0;0;0;0;0;0;0;31;31;0;0;0;4;4;0
2020;Sudeste;3;São Paulo;SP;35;Guaratinguetá;3518404;Vale do Paraíba Paulista;3513;Guaratinguetá;35051;351840405;35148763;SENAC GUARATINGUETA;4;1;1;0;RUA DOUTOR JOAO BAPTISTA RANGEL CAMARGO;50;AVENIDA;CENTRO;12500100;12;21316300;1;15000;20JAN2020:00:00:00;18DEC2020:00:00:00;0;0;0;0;0;0;0;0;0;0;0;1;0;3,70981E+12;1E+14;1;1;0;0;1;1;0;0;0;0;0;0;0;0;0;0;0;0;1;1;1;0;0;0;1;0;0;0;0;0;1;0;0;0;0;1;0;0;0;0;0;0;0;1;0;0;0;1;0;1;0;0;1;0;0;0;1;0;1;1;0;0;0;0;0;1;0;0;0;0;1;0;1;0;0;0;0;0;1;0;0;0;1;0;0;0;0;0;0;0;0;0;0;0;0;0;0;1;0;13;0;13;0;0;1;1;1;1;0;0;0;0;0;1;1;1;2;0;0;0;0;0;0;0;0;0;0;0;0;0;0;0;0;0;1;127;0;0;0;0;0;0;1;1;1;1;0;1;0;2;1;0;1;21;1;16;1;3;0;0;1;2;0;0;0;0;0;0;0;0;1;1;1;1;0;0;1;32;1;1;0;0;0;0;0;0;0;1;0;1;0;0;1;0;1;1;0;0;0;1;0;0;0;0;0;0;0;0;0;0;0;0;0;0;0;0;0;0;0;0;0;0;0;1;0;0;0;0;0;0;1;0;0;0;1;1;0;1;0;0;0;0;0;0;0;1;1;0;0;0;1;1;0;415;0;0;0;0;0;0;0;415;415;0;0;0;4;4;0;301;114;217;153;7;37;1;0;0;0;0;0;14;401;303;112;0;0;0;0;0;0;0;0;15;0;0;0;0;0;0;0;15;15;0;0;0;3;3;0;25;0;0;0;0;0;0;0;25;25;0;0;0;3;3;0
2020;Sudeste;3;São Paulo;SP;35;Guarulhos;3518800;Metropolitana de São Paulo;3515;Guarulhos;35059;351880005;35148726;SENAC GUARULHOS;4;1;1;0;LUIZ FACCINI;132;;CENTRO;7110000;11;21873390;1;15000;02JAN2020:00:00:00;18DEC2020:00:00:00;0;0;0;0;0;0;1;0;0;0;0;0;0;3,70981E+12;3,70981E+12;1;1;0;0;1;1;0;0;0;0;0;0;0;0;0;0;0;0;1;1;0;0;0;0;1;0;0;0;0;0;1;0;0;0;0;1;0;0;0;0;0;0;0;1;0;0;0;0;0;0;0;0;1;0;0;0;1;0;1;1;0;0;0;0;0;0;0;0;0;0;0;0;0;0;0;0;0;0;1;0;0;0;1;0;0;0;0;0;0;0;1;1;0;0;0;0;0;0;0;17;23;40;0;0;0;1;1;1;1;0;0;0;0;1;3;1;6;0;0;0;0;0;0;0;0;0;0;0;0;0;0;0;0;0;1;130;1;93;1;5;0;0;1;1;1;1;0;9;9;2;0;0;1;43;1;14;1;4;0;0;1;5;0;0;0;0;0;0;0;0;1;1;1;1;0;0;0;0;0;0;0;0;0;0;0;0;0;1;0;1;0;1;1;0;1;1;0;0;1;0;0;0;0;0;0;0;0;0;0;0;0;0;0;0;0;0;0;0;1;0;0;0;0;0;0;0;1;0;0;0;1;0;0;0;1;1;0;1;0;0;0;0;0;0;0;1;1;0;0;0;1;1;0;422;0;0;0;0;0;0;0;422;422;0;0;0;2;2;0;251;171;212;106;14;85;3;2;0;0;0;0;13;409;169;253;0;0;0;0;0;0;0;0;33;0;0;0;0;0;0;0;33;33;0;0;0;4;4;0;24;0;0;0;0;0;0;0;24;24;0;0;0;2;2;0
2020;Sudeste;3;São Paulo;SP;35;Itapetininga;3522307;Itapetininga;3511;Itapetininga;35042;352230705;35149020;SENAC ITAPETININGA;4;1;1;0;RUA DOM JOAQUIM;495;RUA;CENTRO;18200090;15;35111211;1;15000;02JAN2020:00:00:00;18DEC2020:00:00:00;0;0;0;0;0;0;0;0;0;0;0;1;0;3,70981E+12;1E+14;1;1;0;0;1;1;0;0;0;0;0;0;0;0;0;0;0;0;1;1;0;0;0;0;1;0;0;0;0;0;1;0;0;0;0;1;0;0;0;0;0;0;0;1;0;1;0;0;0;0;0;0;1;0;1;0;0;0;0;0;1;1;0;0;0;0;0;0;0;0;0;0;0;0;0;0;0;0;1;0;1;0;1;0;0;0;0;0;0;0;0;0;0;0;0;0;0;1;0;15;5;20;0;0;1;1;0;1;1;0;0;1;2;1;1;1;3;0;0;0;0;0;0;0;0;0;0;0;0;0;0;0;0;0;1;131;0;0;0;0;0;0;1;1;1;1;1;1;0;2;1;0;1;15;1;5;1;3;0;0;0;0;0;0;0;0;0;0;0;0;1;3;1;1;1;4;0;0;1;1;0;0;0;0;0;0;0;1;0;1;0;0;1;0;1;1;0;0;0;0;0;0;0;0;0;0;0;0;0;0;0;0;0;0;0;0;0;0;0;0;0;0;0;0;0;0;1;0;0;0;1;0;0;0;1;1;0;1;0;0;0;0;0;0;0;1;1;0;0;0;1;1;0;583;0;0;0;0;0;0;0;583;583;0;0;0;5;5;0;399;184;155;352;11;58;5;2;0;0;0;0;65;518;329;254;0;0;0;0;0;0;0;0;28;0;0;0;0;0;0;0;28;28;0;0;0;5;5;0;29;0;0;0;0;0;0;0;29;29;0;0;0;4;4;0
2020;Sudeste;3;São Paulo;SP;35;Itapira;3522604;Campinas;3507;Mogi Mirim;35031;352260405;35148817;SENAC ITAPIRA;4;1;1;0;PRACA BERNARDINO DE CAMPOS;150;PRACA;CENTRO;13970005;19;38138216;1;15000;02JAN2020:00:00:00;23DEC2020:00:00:00;0;0;0;0;0;0;0;0;0;0;0;1;0;3,70981E+12;3,70981E+12;1;1;0;0;1;3;0;0;0;0;0;0;0;0;0;0;0;0;1;1;0;0;0;0;1;0;0;0;0;0;1;0;0;0;0;1;0;0;0;0;0;0;0;1;0;1;0;0;1;0;0;0;1;0;1;0;1;0;1;1;0;0;0;0;0;1;0;1;0;0;0;0;0;0;0;0;0;0;1;0;1;0;1;0;0;0;0;0;0;1;1;1;1;1;1;1;1;0;0;12;0;12;12;12;1;1;1;1;1;1;0;0;0;1;3;1;2;1;12;1;2;0;0;0;0;0;0;0;0;0;0;0;0;0;1;99;0;0;1;2;0;0;1;1;1;1;1;1;1;3;1;0;1;14;1;4;1;4;1;5;1;1;0;0;0;0;0;0;0;0;1;1;1;1;1;2;0;0;1;1;0;0;0;1;0;0;0;1;1;1;0;0;1;0;1;1;0;0;1;0;0;0;0;0;0;0;0;0;0;0;0;0;0;0;0;0;0;0;1;1;1;0;0;1;0;1;0;1;0;0;1;0;0;0;1;1;0;1;0;0;0;0;0;0;0;1;1;0;0;0;1;1;0;281;0;0;0;0;0;0;0;281;281;0;0;0;2;2;0;192;89;59;168;5;48;1;0;0;0;0;0;37;244;132;149;0;0;0;0;0;0;0;0;16;0;0;0;0;0;0;0;16;16;0;0;0;2;2;0;16;0;0;0;0;0;0;0;16;16;0;0;0;2;2;0
2020;Sudeste;3;São Paulo;SP;35;Itu;3523909;Macro Metropolitana Paulista;3512;Sorocaba;35046;352390905;35287261;SENAC ITU;4;0;1;0;RUA MAESTRO JOSE VICTORIO;137;RUA;CENTRO;13300075;11;40229800;2;15000;0;0;0;0;0;0;0;0;0;0;0;0;0;0;0;;;0;0;0;0;0;0;0;0;0;0;0;0;0;0;0;0;0;0;0;0;0;0;0;0;0;0;0;0;0;0;0;0;0;0;0;0;0;0;0;0;0;0;0;0;0;0;0;0;0;0;0;0;0;0;0;0;0;0;0;0;0;0;0;0;0;0;0;0;0;0;0;0;0;0;0;0;0;0;0;0;0;0;0;0;0;0;0;0;0;0;0;0;0;0;0;0;0;0;0;0;0;0;0;0;0;0;0;0;0;0;0;0;0;0;0;0;0;0;0;0;0;0;0;0;0;0;0;0;0;0;0;0;0;0;0;0;0;0;0;0;0;0;0;0;0;0;0;0;0;0;0;0;0;0;0;0;0;0;0;0;0;0;0;0;0;0;0;0;0;0;0;0;0;0;0;0;0;0;0;0;0;0;0;0;0;0;0;0;0;0;0;0;0;0;0;0;0;0;0;0;0;0;0;0;0;0;0;0;0;0;0;0;0;0;0;0;0;0;0;0;0;0;0;0;0;0;0;0;0;0;0;0;0;0;0;0;0;0;0;0;0;0;0;0;0;0;0;0;0;0;0;0;0;0;0;0;0;0;0;0;0;0;0;0;0;0;0;0;0;0;0;0;0;0;0;0;0;0;0;0;0;0;0;0;0;0;0;0;0;0;0;0;0;0;0;0;0;0;0;0;0;0;0;0;0;0;0;0;0;0;0;0;0;0;0;0;0;0;0;0;0;0;0;0;0
2020;Sudeste;3;São Paulo;SP;35;Jaboticabal;3524303;Ribeirão Preto;3502;Jaboticabal;35013;352430305;35149159;SENAC JABOTICABAL;4;1;1;0;RUA 24 DE MAIO;831;RUA;CENTRO;14870350;16;32092800;1;15000;20JAN2020:00:00:00;18DEC2020:00:00:00;0;0;0;0;0;0;1;0;0;0;0;0;0;3,70981E+12;3,70981E+12;1;1;0;0;1;3;0;0;0;0;0;0;0;0;0;0;0;0;1;1;0;0;0;0;1;0;0;0;0;0;1;0;0;0;0;1;0;0;0;0;0;0;0;0;0;0;1;0;0;1;0;0;1;0;1;0;1;0;1;1;1;1;0;0;0;0;0;0;0;0;0;0;0;0;0;0;0;0;1;0;1;0;1;0;0;0;0;0;0;0;1;1;0;1;0;0;0;0;0;15;0;15;0;0;1;1;0;1;1;1;0;1;1;1;1;1;4;1;10;0;0;0;0;0;0;0;0;0;0;0;0;0;0;0;1;59;1;60;1;4;0;0;1;1;1;1;0;9;9;3;1;0;1;3;1;4;1;3;0;0;1;88888;0;0;0;0;0;0;0;0;1;1;1;1;0;0;1;2;0;0;0;0;0;0;0;0;0;1;0;0;0;0;1;0;1;1;0;0;0;0;0;0;0;0;0;0;0;0;0;0;0;0;0;0;0;0;0;0;0;0;0;0;0;0;0;0;1;0;0;0;1;0;0;0;1;1;0;1;0;0;0;0;0;0;0;1;1;0;0;0;1;1;0;348;0;0;0;0;0;0;0;348;348;0;0;0;1;1;0;238;110;118;155;9;66;0;0;0;0;0;0;18;330;184;164;0;0;0;0;0;0;0;0;15;0;0;0;0;0;0;0;15;15;0;0;0;1;1;0;18;0;0;0;0;0;0;0;18;18;0;0;0;1;1;0
2020;Sudeste;3;São Paulo;SP;35;Jaú;3525300;Bauru;3504;Jaú;35021;352530005;35149068;SENAC JAU;4;1;1;0;RUA SAO SEBASTIAO;145;RUA;VILA ASSIS;17210060;14;21046409;1;15000;27JAN2020:00:00:00;18DEC2020:00:00:00;0;0;0;0;0;0;0;0;0;0;0;1;0;3,70981E+12;3,70981E+12;1;1;0;0;1;1;0;0;0;0;0;0;0;0;0;0;0;0;1;1;0;0;0;0;1;0;0;0;0;0;1;0;0;0;0;1;0;0;0;0;0;0;0;1;1;1;0;1;0;1;0;0;1;0;1;1;0;0;1;1;1;0;0;0;1;1;1;1;0;0;0;0;0;0;0;0;0;0;0;1;1;0;1;0;0;0;0;0;0;1;0;1;1;1;0;1;1;0;0;12;0;12;12;12;0;1;1;1;1;1;0;1;1;1;13;1;4;1;4;0;0;0;0;0;0;0;0;0;0;0;0;0;0;0;1;115;0;0;0;0;0;0;1;1;1;1;1;1;1;3;1;0;1;13;1;4;1;3;1;8;0;0;0;0;0;0;0;0;0;0;1;1;1;1;1;6;0;0;0;0;0;0;0;0;0;0;0;1;0;1;0;1;1;0;1;1;0;0;0;1;0;0;0;0;0;0;0;0;0;0;0;0;0;0;0;0;0;0;1;0;1;0;0;1;0;0;0;1;0;0;1;0;0;0;1;1;0;1;0;0;0;0;0;0;0;1;1;0;0;0;1;1;0;380;0;0;0;0;0;0;0;380;380;0;0;0;2;2;0;262;118;110;201;11;58;0;0;0;0;0;0;18;362;261;119;0;0;0;0;0;0;0;0;24;0;0;0;0;0;0;0;24;24;0;0;0;2;2;0;26;0;0;0;0;0;0;0;26;26;0;0;0;2;2;0
2020;Sudeste;3;São Paulo;SP;35;Jundiaí;3525904;Macro Metropolitana Paulista;3512;Jundiaí;35047;352590405;35148957;SENAC JUNDIAI;4;1;1;0;RUA VICENTE MAGAGLIO;50;RUA;JARDIM PAULISTA;13208283;11;33952323;1;15000;02JAN2020:00:00:00;22DEC2020:00:00:00;0;0;0;0;0;0;0;0;0;0;0;1;0;3,70981E+12;3,70981E+12;1;1;0;0;1;1;0;0;0;0;0;0;0;0;0;0;0;0;1;1;0;0;0;0;1;0;0;0;0;0;1;0;0;0;0;1;0;0;0;0;0;0;0;1;0;0;0;1;0;1;0;0;1;0;1;0;1;0;1;1;0;1;0;0;0;1;0;0;0;0;0;0;0;0;0;0;0;0;1;0;1;0;1;0;0;0;0;0;0;0;0;0;0;0;0;0;0;1;0;19;0;19;0;0;1;1;1;1;1;0;0;0;0;1;1;1;3;0;0;0;0;0;0;0;0;0;0;0;0;0;0;0;0;0;1;141;0;0;0;0;0;0;0;0;0;0;0;0;0;3;0;0;1;26;1;8;1;5;0;0;1;5;0;0;0;0;0;0;0;0;1;1;1;1;0;0;0;0;1;1;0;0;0;0;0;0;0;1;0;1;0;1;1;0;1;1;0;0;0;1;0;0;0;0;0;0;0;0;0;0;0;0;0;0;0;0;0;0;1;0;0;0;0;0;0;0;1;0;0;0;1;0;0;0;1;1;0;1;0;0;0;0;0;0;0;1;1;0;0;0;1;1;0;666;0;0;0;0;0;0;0;666;666;0;0;0;7;7;0;440;226;292;269;14;87;4;0;0;0;0;0;31;635;334;332;0;0;0;0;0;0;0;0;22;0;0;0;0;0;0;0;22;22;0;0;0;7;7;0;37;0;0;0;0;0;0;0;37;37;0;0;0;7;7;0
2020;Sudeste;3;São Paulo;SP;35;Limeira;3526902;Piracicaba;3506;Limeira;35027;352690205;35149032;SENAC LIMEIRA;4;1;1;0;RUA QUADROS SOBRINHO;1;RUA;CENTRO;13480223;19;21149199;1;15000;02JAN2020:00:00:00;31DEC2020:00:00:00;0;0;0;0;0;0;0;0;0;0;0;1;0;3,70981E+12;3,70981E+12;1;1;0;0;1;1;0;0;0;0;0;0;0;0;0;0;0;0;1;1;0;0;0;0;1;0;0;0;0;0;1;0;0;0;0;1;0;0;0;0;0;0;0;1;0;1;0;1;1;1;0;0;1;0;1;1;1;0;1;1;0;1;0;0;0;1;0;0;0;0;0;0;0;0;0;0;0;0;1;0;1;0;1;0;0;0;0;0;0;1;1;1;0;1;0;1;1;0;0;28;0;28;0;0;1;1;0;1;1;1;0;1;1;0;0;1;3;1;24;1;32;0;0;0;0;0;0;0;0;0;0;0;0;0;1;121;1;55;1;8;0;0;1;1;1;1;1;1;1;3;1;0;1;44;1;1;0;0;0;0;0;0;0;0;0;0;0;0;0;0;0;0;1;1;0;0;1;88888;0;0;0;0;0;0;0;0;0;1;0;1;1;0;1;1;1;1;1;0;0;0;0;0;0;0;0;0;0;0;0;0;0;0;0;0;0;0;0;0;1;0;0;0;0;0;0;0;1;1;0;0;1;0;0;0;1;1;0;1;0;0;0;0;0;0;0;1;1;0;0;0;1;1;0;675;0;0;0;0;0;0;0;675;675;0;0;0;3;3;0;436;239;214;315;14;130;1;1;0;0;0;0;66;609;390;285;0;0;0;0;0;0;0;0;35;0;0;0;0;0;0;0;35;35;0;0;0;3;3;0;39;0;0;0;0;0;0;0;39;39;0;0;0;3;3;0
2020;Sudeste;3;São Paulo;SP;35;Marília;3529005;Marília;3509;Marília;35038;352900505;35148933;SENAC MARILIA;4;1;1;0;RUA PARAIBA;125;RUA;CENTRO;17509060;14;33117700;1;15000;06JAN2020:00:00:00;18DEC2020:00:00:00;0;0;0;0;0;0;0;0;0;0;0;1;0;3,70981E+12;3,70981E+12;1;1;0;0;1;1;0;0;0;0;0;0;0;0;0;0;0;0;1;1;0;0;0;0;1;0;0;0;0;0;1;0;0;0;0;1;0;0;0;0;0;0;0;1;0;1;0;0;0;1;0;0;1;0;1;0;1;0;1;1;0;1;0;0;0;0;1;0;0;0;1;1;0;0;0;0;0;0;1;0;1;0;0;0;0;0;0;0;0;1;1;1;0;1;0;0;1;0;0;22;0;22;0;0;1;1;1;1;1;0;0;0;0;0;0;1;5;1;14;0;0;0;0;0;0;0;0;0;0;0;0;0;0;0;1;251;1;17;0;0;0;0;1;1;1;1;0;1;0;2;0;0;1;28;1;12;1;4;0;0;0;0;0;0;0;0;0;0;0;0;1;1;1;1;0;0;1;88888;0;0;0;0;0;0;0;0;0;1;0;1;0;1;1;0;1;1;0;0;0;0;0;0;0;0;0;0;0;0;0;0;0;0;0;0;0;0;0;0;1;1;0;0;0;1;0;0;0;0;0;0;1;0;0;0;1;1;0;1;0;0;0;0;0;0;0;1;1;0;0;0;1;1;0;483;0;0;0;0;0;0;0;483;483;0;0;0;1;1;0;350;133;136;213;18;112;4;0;0;0;0;0;21;462;232;251;0;0;0;0;0;0;0;0;23;0;0;0;0;0;0;0;23;23;0;0;0;1;1;0;24;0;0;0;0;0;0;0;24;24;0;0;0;1;1;0
2020;Sudeste;3;São Paulo;SP;35;Mogi Guaçu;3530706;Campinas;3507;Mogi Mirim;35031;353070605;35149044;SENAC MOGI GUACU;4;1;1;0;RUA ADELINO DAMIAO;55;RUA;CENTRO;13840402;19;33117700;1;15000;02JAN2020:00:00:00;22DEC2020:00:00:00;0;0;0;0;0;0;0;0;0;0;0;1;0;3,70981E+12;3,70981E+12;1;1;0;0;1;3;0;0;0;0;0;0;0;0;0;0;0;0;1;1;0;0;0;0;1;0;0;0;0;0;1;0;0;0;0;1;0;0;0;0;0;0;0;1;0;1;0;0;0;0;0;0;1;0;0;0;0;0;0;0;0;1;0;0;0;1;0;0;0;0;0;0;0;0;0;0;0;0;1;0;0;0;1;0;0;0;0;0;0;0;0;0;0;0;0;0;0;1;0;16;0;16;0;0;0;1;0;1;1;0;0;0;0;0;0;1;6;0;0;0;0;0;0;0;0;0;0;0;0;0;0;0;0;0;1;153;1;19;0;0;0;0;1;1;1;1;1;1;1;3;1;0;1;30;1;7;1;3;0;0;0;0;0;0;0;0;0;0;0;0;1;1;1;1;0;0;1;88888;1;1;0;0;0;1;0;0;0;1;0;1;0;0;1;0;1;1;1;0;0;0;0;0;0;0;0;0;0;0;0;0;0;0;0;0;0;0;0;0;0;0;0;0;0;1;0;0;0;0;0;0;1;0;0;0;1;1;0;1;0;0;0;0;0;0;0;1;1;0;0;0;1;1;0;474;0;0;0;0;0;0;0;474;474;0;0;0;1;1;0;340;134;175;232;7;59;1;0;0;0;0;0;34;440;337;137;0;0;0;0;0;0;0;0;23;0;0;0;0;0;0;0;23;23;0;0;0;1;1;0;33;0;0;0;0;0;0;0;33;33;0;0;0;1;1;0
2020;Sudeste;3;São Paulo;SP;35;Osasco;3534401;Metropolitana de São Paulo;3515;Osasco;35057;353440105;35148748;SENAC OSASCO;4;1;1;0;RUA DANTE BATTISTON;248;RUA;CENTRO;6013030;11;21649877;1;15000;02JAN2020:00:00:00;23DEC2020:00:00:00;0;0;0;0;0;0;0;0;0;0;0;1;0;3,70981E+12;1E+14;1;1;0;0;1;1;0;0;0;0;0;0;0;0;1;0;0;0;1;1;0;0;0;0;1;0;0;0;0;0;1;0;0;0;0;1;0;0;0;0;0;0;0;1;0;1;0;1;0;1;0;0;1;0;0;0;0;0;1;1;1;0;0;0;0;1;0;0;0;0;0;0;0;0;0;0;0;0;1;0;1;0;1;0;0;0;0;0;0;0;0;0;0;0;0;0;0;1;0;13;0;13;0;0;0;1;1;1;1;0;0;0;0;1;3;1;4;0;0;0;0;0;0;0;0;0;0;0;0;0;0;0;0;0;1;100;1;25;1;5;0;0;1;1;1;1;0;9;9;3;1;0;1;4;1;10;1;3;1;88888;1;6;0;0;0;0;0;0;1;12;1;1;1;1;1;2;1;88888;0;0;0;0;0;1;0;0;0;1;0;1;0;0;1;0;1;1;0;0;0;1;0;0;0;0;0;0;0;0;0;0;0;0;0;0;0;0;0;0;1;1;0;0;0;1;0;0;0;1;0;0;1;0;0;0;1;1;0;1;0;0;0;0;0;0;0;1;1;0;0;0;0;0;0;202;0;0;0;0;0;0;0;202;202;0;0;0;0;0;0;159;43;135;32;5;30;0;0;0;0;0;0;3;199;95;107;0;0;0;0;0;0;0;0;15;0;0;0;0;0;0;0;15;15;0;0;0;0;0;0;15;0;0;0;0;0;0;0;15;15;0;0;0;0;0;0
2020;Sudeste;3;São Paulo;SP;35;Pindamonhangaba;3538006;Vale do Paraíba Paulista;3513;São José dos Campos;35050;353800605;35004681;SENAC PINDAMONHANGABA;4;1;1;0;SUICA;1257;;SANTANA;12403610;12;32362044;1;15000;06JAN2020:00:00:00;18DEC2020:00:00:00;0;0;0;0;0;0;0;0;0;0;0;1;0;3,70981E+12;3,70981E+12;1;1;0;0;1;1;0;0;0;0;0;0;0;0;0;0;0;0;1;1;0;0;0;0;1;0;0;0;0;0;1;0;0;0;0;1;0;0;0;0;0;0;0;1;0;0;0;1;0;1;0;0;1;0;1;1;1;0;1;1;1;1;0;0;0;1;1;0;0;0;0;0;0;0;0;0;0;0;1;0;1;0;1;0;0;0;0;0;0;1;1;1;1;1;0;1;1;0;0;23;0;23;23;23;0;1;0;1;1;1;0;0;0;0;0;1;2;1;22;1;28;0;0;0;0;0;0;0;0;0;0;0;0;0;1;275;1;150;1;8;0;0;1;1;1;1;1;1;1;3;1;0;1;17;1;12;1;3;1;22;1;3;0;0;0;0;0;0;0;0;1;1;1;1;1;6;1;1;0;0;0;0;0;0;0;0;0;1;0;1;0;1;1;0;1;1;1;0;0;0;0;0;0;0;0;0;0;0;0;0;0;0;0;0;0;0;0;0;1;1;1;0;0;1;0;0;0;1;0;0;1;0;0;0;1;1;0;1;0;0;0;0;0;0;0;1;1;0;0;0;1;1;0;636;0;0;0;0;0;0;0;636;636;0;0;0;6;6;0;456;180;216;300;13;105;2;0;0;0;0;4;105;527;364;272;0;0;0;0;0;0;0;0;31;0;0;0;0;0;0;0;31;31;0;0;0;4;4;0;32;0;0;0;0;0;0;0;32;32;0;0;0;5;5;0
2020;Sudeste;3;São Paulo;SP;35;Piracicaba;3538709;Piracicaba;3506;Piracicaba;35028;353870905;35148970;SENAC PIRACICABA;4;1;1;0;SANTA CRUZ;1148;RUA;ALTO;13419030;19;21050199;1;15000;02JAN2020:00:00:00;23DEC2020:00:00:00;0;0;0;0;0;0;0;0;0;0;0;1;0;3,70981E+12;3,70981E+12;1;1;0;0;1;1;0;0;0;0;0;0;0;0;0;0;0;0;1;1;0;0;0;0;1;0;0;0;0;0;1;0;0;0;0;1;0;0;0;0;0;0;0;1;1;0;0;1;0;1;0;0;1;0;1;0;0;0;1;1;0;1;0;0;0;1;0;0;0;0;0;0;0;0;0;0;0;0;1;0;1;0;1;0;0;0;0;0;0;1;1;1;0;1;0;1;1;0;0;31;0;31;31;31;1;1;1;1;1;0;0;1;2;0;0;1;5;1;31;1;29;0;0;0;0;0;0;0;0;0;0;0;0;0;1;302;0;0;0;0;0;0;1;1;1;1;1;1;1;3;1;0;1;42;1;6;1;4;1;25;1;5;0;0;0;0;0;0;0;0;1;1;1;1;1;4;1;62;1;1;0;0;0;1;0;0;0;1;0;1;0;0;1;0;1;1;0;0;1;0;0;0;0;0;0;0;0;0;0;0;0;0;0;0;0;0;0;0;1;0;1;0;0;1;0;0;0;1;0;0;1;0;0;0;1;1;0;1;0;0;0;0;0;0;0;1;1;0;0;0;1;1;0;964;0;0;0;0;0;0;0;964;964;0;0;0;5;5;0;619;345;369;435;40;112;3;5;0;0;0;4;102;858;466;498;0;0;0;0;0;0;0;0;22;0;0;0;0;0;0;0;22;22;0;0;0;3;3;0;51;0;0;0;0;0;0;0;51;51;0;0;0;5;5;0
2020;Sudeste;3;São Paulo;SP;35;Presidente Prudente;3541406;Presidente Prudente;3508;Presidente Prudente;35036;354140605;35148921;SENAC PRESIDENTE PRUDENTE;4;1;1;0;MANOEL GOULART;2881;AVENIDA;VILA SANTA HELENA;19060000;18;33444400;1;15000;03JAN2020:00:00:00;18DEC2020:00:00:00;0;0;0;0;0;0;0;0;0;0;0;1;0;3,70981E+12;1E+14;1;1;0;0;1;1;0;0;0;0;0;0;0;0;0;0;0;0;1;1;1;0;0;0;1;0;0;0;0;0;1;0;0;0;0;1;0;0;0;0;0;0;0;1;0;1;0;1;0;1;0;0;1;0;1;0;0;0;1;1;0;1;0;0;0;0;1;1;0;0;0;0;0;0;0;0;0;0;1;0;1;0;1;0;0;0;0;0;0;0;0;0;0;0;0;0;0;1;0;17;0;17;17;0;1;1;0;1;1;0;0;1;2;1;2;1;7;1;5;0;0;0;0;0;0;0;0;0;0;0;0;0;0;0;1;158;1;45;0;0;0;0;0;0;0;0;0;0;0;3;0;0;1;15;1;13;1;3;0;0;0;0;0;0;0;0;0;0;0;0;1;1;1;1;1;2;1;7;0;0;0;0;0;0;0;0;0;1;0;0;0;0;1;0;1;1;0;0;0;0;0;0;0;0;0;0;0;0;0;0;0;0;0;0;0;0;0;0;1;1;1;0;0;1;0;0;0;1;0;0;1;0;0;0;1;1;0;1;0;0;0;0;0;0;0;1;1;0;0;0;1;1;0;391;0;0;0;0;0;0;0;391;391;0;0;0;2;2;0;260;131;158;152;9;68;2;2;0;0;0;1;25;365;211;180;0;0;0;0;0;0;0;0;20;0;0;0;0;0;0;0;20;20;0;0;0;2;2;0;22;0;0;0;0;0;0;0;22;22;0;0;0;2;2;0
2020;Sudeste;3;São Paulo;SP;35;Registro;3542602;Litoral Sul Paulista;3514;Registro;35055;354260205;35585701;SENAC REGISTRO;4;1;1;0;RUA TEITI KOKI;SN;RUA;VILA FLORIDA;11900000;13;38281316;1;15000;20JAN2020:00:00:00;15DEC2020:00:00:00;0;0;0;0;0;0;0;0;0;0;0;1;0;3,70981E+12;1E+14;1;1;0;0;1;1;0;0;0;0;0;0;0;0;0;0;0;0;1;1;0;0;0;0;1;0;0;0;0;0;1;0;0;0;0;1;0;0;0;0;0;0;0;1;0;0;0;1;0;1;0;0;1;0;1;0;1;0;1;1;0;0;0;0;0;0;0;0;0;0;0;0;0;0;0;0;0;0;1;0;1;0;1;0;0;0;0;0;0;0;0;0;0;0;0;0;0;1;0;20;0;20;0;0;0;1;1;1;1;0;0;1;3;0;0;1;6;0;0;0;0;0;0;0;0;0;0;0;0;0;0;0;0;0;1;200;0;0;0;0;0;0;1;1;1;1;1;1;1;2;1;0;1;18;1;10;1;4;0;0;1;3;0;0;0;0;0;0;0;0;1;1;1;1;0;0;1;34;1;1;0;0;0;0;0;0;0;1;0;1;1;0;1;0;1;0;0;1;1;1;0;0;0;0;0;0;0;0;0;0;0;0;0;0;0;0;0;0;1;1;0;0;0;0;0;0;1;0;0;0;1;0;0;0;1;1;0;1;0;0;0;0;0;0;0;1;1;0;0;0;1;1;0;846;0;0;0;0;0;0;0;846;846;0;0;0;4;4;0;617;229;308;354;11;165;4;4;0;0;0;0;50;796;541;305;0;0;0;0;0;0;0;0;28;0;0;0;0;0;0;0;28;28;0;0;0;4;4;0;41;0;0;0;0;0;0;0;41;41;0;0;0;4;4;0
2020;Sudeste;3;São Paulo;SP;35;Ribeirão Preto;3543402;Ribeirão Preto;3502;Ribeirão Preto;35014;354340205;35148866;SENAC RIBEIRAO PRETO;4;1;1;0;RUA CAPITAO SALOMAO;2133;RUA;JARDIM MOSTEIRO;14085430;16;21111200;1;15000;02JAN2020:00:00:00;22DEC2020:00:00:00;0;0;0;0;0;0;1;0;0;0;0;0;0;3,70981E+12;3,70981E+12;1;1;0;0;1;1;0;0;0;0;0;0;0;0;0;0;0;0;1;1;0;0;0;0;1;0;0;0;0;0;1;0;0;0;0;1;0;0;0;0;0;0;0;0;0;0;1;1;0;0;0;0;1;0;1;0;1;0;1;1;0;0;0;0;0;1;1;0;0;0;0;0;0;0;0;0;0;0;1;0;1;0;1;0;0;0;0;0;0;0;0;0;0;0;0;0;0;1;0;24;0;24;0;0;0;1;0;1;1;1;0;0;0;0;0;1;14;1;20;0;0;0;0;0;0;0;0;0;0;0;0;0;0;0;1;100;1;70;1;12;0;0;0;0;0;0;0;0;0;2;0;0;0;0;0;0;0;0;0;0;0;0;0;0;0;0;0;0;0;0;0;0;0;0;0;0;0;0;0;0;0;0;0;0;0;0;0;1;0;1;0;0;1;0;1;1;0;0;1;0;0;0;0;0;0;0;0;0;0;0;0;0;0;0;0;0;0;0;1;0;0;0;0;1;0;0;0;0;0;0;1;0;0;1;1;1;0;1;0;0;0;0;0;0;1;1;1;0;0;0;1;1;0;714;0;0;0;0;0;0;69;714;714;0;0;0;3;3;0;422;292;254;321;25;111;2;1;0;0;0;7;85;622;431;283;0;0;0;0;0;0;0;0;48;0;0;0;0;0;0;13;48;48;0;0;0;14;14;0;40;0;0;0;0;0;0;2;40;40;0;0;0;3;3;0
2020;Sudeste;3;São Paulo;SP;35;Rio Claro;3543907;Piracicaba;3506;Rio Claro;35026;354390705;35149111;SENAC RIO CLARO;4;1;1;0;AVENIDA DOIS;720;AVENIDA;CENTRO;13500411;19;21123401;1;15000;02JAN2020:00:00:00;22DEC2020:00:00:00;0;0;0;0;0;0;0;0;0;0;0;1;0;3,70981E+12;3,70981E+12;1;1;0;0;1;3;0;0;0;0;0;0;0;0;0;0;0;0;1;1;0;0;0;0;1;0;0;0;0;0;1;0;0;0;0;1;0;0;0;1;0;0;0;1;0;1;0;1;0;1;0;0;1;0;1;0;1;0;1;1;1;0;0;0;0;1;0;1;0;0;0;0;0;0;0;0;0;0;1;0;1;0;1;0;0;0;0;0;0;1;1;1;1;1;0;1;1;0;0;11;0;11;11;11;1;1;0;1;1;1;0;0;0;0;0;1;4;1;6;1;88888;0;0;0;0;0;0;0;0;0;0;0;0;0;1;104;1;30;1;4;0;0;1;1;1;1;1;1;1;3;1;0;1;11;1;4;1;3;0;0;0;0;0;0;0;0;0;0;0;0;0;0;1;1;0;0;1;88888;0;0;0;0;0;0;0;0;0;1;0;1;0;1;1;1;1;1;1;0;1;0;0;0;0;0;0;0;0;0;0;0;0;0;0;0;0;0;0;0;1;1;1;0;0;0;0;0;1;0;0;0;1;0;0;0;1;1;0;1;0;0;0;0;0;0;0;1;1;0;0;0;1;1;0;290;0;0;0;0;0;0;0;290;290;0;0;0;3;3;0;188;102;90;152;8;38;2;0;0;0;0;0;12;278;165;125;0;0;0;0;0;0;0;0;23;0;0;0;0;0;0;0;23;23;0;0;0;13;13;0;21;0;0;0;0;0;0;0;21;21;0;0;0;3;3;0
2020;Sudeste;3;São Paulo;SP;35;Salto;3545209;Macro Metropolitana Paulista;3512;Sorocaba;35046;354520905;35005871;SENAC SALTO;4;1;1;0;MUNICIPAL;1245;SLT-170;BURU;13328330;.;.;1;15000;02JAN2020:00:00:00;22DEC2020:00:00:00;0;0;0;0;0;0;0;0;0;0;0;1;0;3,70981E+12;1E+14;1;1;0;0;1;3;0;0;0;0;0;0;0;0;0;0;0;0;1;1;0;0;0;0;1;0;0;0;0;0;1;0;0;0;0;1;0;0;0;0;0;0;0;1;0;0;0;0;0;0;0;0;0;0;0;0;0;0;1;1;0;0;0;0;0;1;0;0;0;0;0;0;0;0;0;0;0;1;0;0;0;0;0;0;0;0;0;0;0;0;0;1;0;1;0;0;0;0;0;9;0;9;0;0;0;1;0;1;1;1;0;0;0;1;9;1;7;0;0;0;0;0;0;0;0;0;0;0;0;0;0;0;0;0;1;100;1;36;0;0;0;0;1;1;1;1;1;1;1;3;1;0;1;19;1;6;1;3;0;0;1;3;0;0;0;0;0;0;0;0;1;1;1;1;0;0;1;2;0;0;0;0;0;0;0;0;0;1;0;1;0;0;1;0;1;0;0;0;0;0;0;0;0;0;0;0;0;0;0;0;0;0;0;0;0;0;0;0;1;0;0;0;0;1;0;0;0;0;0;0;1;0;0;0;1;1;0;1;0;0;0;0;0;0;0;1;1;0;0;0;1;1;0;196;0;0;0;0;0;0;0;196;196;0;0;0;1;1;0;128;68;79;79;4;34;0;0;0;0;0;0;12;184;94;102;0;0;0;0;0;0;0;0;10;0;0;0;0;0;0;0;10;10;0;0;0;1;1;0;11;0;0;0;0;0;0;0;11;11;0;0;0;1;1;0
2020;Sudeste;3;São Paulo;SP;35;Santo André;3547809;Metropolitana de São Paulo;3515;São Paulo;35061;354780905;35148738;SENAC SANTO ANDRE;4;1;1;0;RAMIRO COLLEONI;110;AVENIDA;VILA DORA;9040160;11;28428300;1;15000;13JAN2020:00:00:00;31DEC2020:00:00:00;0;0;0;0;0;0;0;0;0;0;0;1;0;3,70981E+12;1E+14;1;1;0;0;1;1;0;0;0;0;0;0;0;0;0;0;0;0;1;1;0;0;0;0;1;0;0;0;0;0;1;0;0;0;0;1;0;0;0;0;0;0;0;1;0;1;0;1;0;1;0;0;1;0;1;0;1;0;1;1;0;1;0;0;0;1;1;0;0;0;0;0;0;0;0;0;0;0;1;0;1;0;1;0;0;0;0;0;0;0;0;0;0;0;0;0;0;1;0;24;0;24;0;0;1;1;0;1;1;1;0;0;0;0;0;1;4;1;28;0;0;0;0;0;0;0;0;0;0;0;0;0;0;0;1;187;1;56;1;7;0;0;1;1;0;1;1;1;1;3;1;0;1;43;1;9;1;4;0;0;1;5;0;0;0;0;0;0;0;0;1;1;1;1;0;0;0;0;0;0;0;0;0;0;0;0;0;1;0;0;0;0;0;0;0;0;0;0;0;0;1;0;0;0;0;0;0;0;0;0;0;0;0;0;0;0;0;0;1;0;0;0;0;0;0;0;1;0;0;0;1;0;0;0;1;1;0;1;0;0;0;0;0;0;0;1;1;0;0;0;1;1;0;574;0;0;0;0;0;0;0;574;574;0;0;0;3;3;0;341;233;290;209;13;61;1;0;0;0;0;0;30;544;218;356;0;0;0;0;0;0;0;0;30;0;0;0;0;0;0;0;30;30;0;0;0;7;7;0;28;0;0;0;0;0;0;0;28;28;0;0;0;3;3;0
2020;Sudeste;3;São Paulo;SP;35;Santos;3548500;Metropolitana de São Paulo;3515;Santos;35063;354850005;35148751;SENAC SANTOS;4;1;1;0;AVENIDA CONSELHEIRO NEBIAS;309;AVENIDA;VILA MATHIAS;11015003;13;21057799;1;15000;02JAN2020:00:00:00;23DEC2020:00:00:00;0;0;0;0;0;0;0;0;0;0;0;1;0;3,70981E+12;3,70981E+12;1;1;0;0;1;1;0;0;0;0;0;0;0;0;0;0;0;0;1;1;0;0;0;0;1;0;0;0;0;0;1;0;0;0;0;1;0;0;0;0;0;0;0;1;1;1;0;0;0;1;0;0;1;0;1;0;1;0;1;1;1;0;0;0;0;0;0;0;0;0;0;0;0;0;0;0;0;0;1;0;1;0;1;0;0;0;0;0;0;0;1;1;0;1;0;1;1;0;0;33;0;33;33;33;0;1;1;1;1;1;0;1;3;1;2;1;9;1;20;0;0;0;0;0;0;0;0;0;0;0;0;0;0;0;1;100;1;60;1;14;0;0;1;1;1;1;1;1;1;2;1;0;1;40;1;10;1;4;0;0;0;0;0;0;0;0;0;0;1;2;1;1;1;1;1;2;1;5;0;0;0;0;0;0;0;0;0;1;0;1;0;0;1;0;1;1;1;0;1;0;0;0;0;0;0;0;0;0;0;0;0;0;0;0;0;0;0;0;1;1;0;0;0;1;0;0;0;1;0;0;1;0;0;0;1;1;0;1;0;0;0;0;0;0;0;1;1;0;0;0;1;1;0;909;0;0;0;0;0;0;0;909;909;0;0;0;2;2;0;615;294;448;282;21;151;3;4;0;0;0;0;32;877;448;461;0;0;0;0;0;0;0;0;39;0;0;0;0;0;0;0;39;39;0;0;0;1;1;0;51;0;0;0;0;0;0;0;51;51;0;0;0;1;1;0
2020;Sudeste;3;São Paulo;SP;35;São Bernardo do Campo;3548708;Metropolitana de São Paulo;3515;São Paulo;35061;354870805;35569070;SENAC SAO BERNARDO DO CAMPO;4;1;1;0;AVENIDA SENADOR VERGUEIRO;400;AVENIDA;CENTRO;9750000;11;32362044;1;15000;02JAN2020:00:00:00;22DEC2020:00:00:00;0;0;0;0;0;0;1;0;0;0;0;0;0;3,70981E+12;3,70981E+12;1;1;0;0;1;1;0;0;0;0;0;0;0;0;0;0;0;0;1;1;0;0;0;0;1;0;0;0;0;0;1;0;0;0;0;1;0;0;0;0;0;0;0;0;0;0;1;1;0;1;0;0;1;0;1;0;1;0;1;1;0;1;0;0;0;1;0;0;0;0;0;0;0;0;0;0;0;0;1;0;1;0;1;0;0;0;0;0;0;0;0;0;0;0;0;0;0;1;0;33;0;33;0;0;1;1;0;0;1;0;0;0;0;0;0;1;3;1;39;0;0;0;0;0;0;0;0;0;0;0;0;0;0;0;1;317;1;30;1;15;0;0;0;0;0;0;0;0;0;3;0;0;1;36;1;23;1;5;0;0;1;8;0;0;0;0;0;0;0;0;0;0;1;1;1;6;1;6;0;0;0;0;0;0;0;0;0;1;0;1;0;0;1;0;1;1;0;0;1;0;0;0;0;0;0;0;0;0;0;0;0;0;0;0;0;0;0;0;1;1;1;0;0;0;0;0;1;0;0;0;1;0;0;0;1;1;0;1;0;0;0;0;0;0;0;1;1;0;0;0;1;1;0;942;0;0;0;0;0;0;0;942;942;0;0;0;7;7;0;619;323;415;320;30;173;4;0;0;0;0;0;30;912;436;506;0;0;0;0;0;0;0;0;43;0;0;0;0;0;0;0;43;43;0;0;0;7;7;0;43;0;0;0;0;0;0;0;43;43;0;0;0;6;6;0
2020;Sudeste;3;São Paulo;SP;35;São Carlos;3548906;Araraquara;3505;São Carlos;35025;354890605;35148878;SENAC SAO CARLOS;4;1;1;0;RUA EPISCOPAL;700;RUA;CENTRO;13560570;16;21071055;1;15000;02JAN2020:00:00:00;22DEC2020:00:00:00;0;0;0;0;0;0;0;0;0;0;0;1;0;3,70981E+12;3,70981E+12;1;1;0;0;1;1;0;0;0;0;0;0;0;0;0;0;0;0;1;1;0;0;0;0;1;0;0;0;0;0;1;0;0;0;0;1;0;0;0;0;0;0;0;1;0;1;0;1;0;1;0;0;1;0;1;0;1;0;1;1;1;1;0;0;0;0;1;0;0;0;1;1;1;0;0;0;0;0;1;0;1;0;1;0;0;0;0;0;0;0;0;0;0;0;0;0;0;1;0;44;0;44;0;0;1;1;1;1;1;1;0;0;0;1;6;1;6;1;33;0;0;0;0;0;0;0;0;0;0;0;0;0;0;0;1;187;1;48;0;0;0;0;1;1;1;1;1;1;1;3;1;0;1;42;1;14;1;4;0;0;0;0;0;0;0;0;0;0;0;0;1;1;1;1;0;0;1;4;0;0;0;0;0;0;0;0;0;1;0;1;0;1;1;0;1;1;0;0;1;1;0;0;0;0;0;0;0;0;0;0;0;0;0;0;0;0;0;0;1;1;1;0;0;0;0;0;1;1;0;0;1;0;0;0;1;1;0;1;0;0;0;0;0;0;0;1;1;0;0;0;1;1;0;970;0;0;0;0;0;0;0;970;970;0;0;0;9;9;0;668;302;332;467;27;142;0;2;0;0;0;4;94;872;557;413;0;0;0;0;0;0;0;0;46;0;0;0;0;0;0;0;46;46;0;0;0;9;9;0;45;0;0;0;0;0;0;0;45;45;0;0;0;8;8;0
2020;Sudeste;3;São Paulo;SP;35;São João da Boa Vista;3549102;Campinas;3507;São João da Boa Vista;35030;354910205;35149123;SENAC SAO JOAO DA BOA VISTA;4;1;1;0;RUA SAO JOAO;204;RUA;CENTRO;13870222;19;33661100;1;15000;06JAN2020:00:00:00;18DEC2020:00:00:00;0;0;0;0;0;0;0;0;0;0;0;1;0;3,70981E+12;3,70981E+12;1;1;0;0;1;3;0;0;0;0;0;0;0;0;0;0;0;0;1;1;0;0;0;0;1;0;0;0;0;0;1;0;0;0;0;1;0;0;0;0;0;0;0;1;0;1;0;0;0;1;0;0;1;0;1;0;0;0;1;1;1;1;0;0;0;1;0;0;0;0;0;0;0;0;0;0;0;0;1;0;0;0;1;0;0;0;0;0;0;1;1;1;1;1;0;1;1;0;0;6;0;6;6;0;1;1;0;1;1;0;0;0;0;0;0;1;2;1;6;0;0;0;0;0;0;0;0;0;0;0;0;0;0;0;1;52;0;0;1;1;0;0;1;1;1;1;0;1;1;3;1;0;1;16;1;4;1;4;0;0;0;0;0;0;0;0;0;0;0;0;1;1;1;1;0;0;1;88888;1;1;0;0;0;0;0;0;0;1;0;1;0;1;1;0;1;1;0;0;1;0;0;0;0;0;0;0;0;0;0;0;0;0;0;0;0;0;0;0;1;0;1;0;0;1;0;0;0;0;0;0;1;0;0;0;1;1;0;1;0;0;0;0;0;0;0;1;1;0;0;0;0;0;0;167;0;0;0;0;0;0;0;167;167;0;0;0;0;0;0;124;43;53;87;5;20;1;1;0;0;0;0;10;157;109;58;0;0;0;0;0;0;0;0;9;0;0;0;0;0;0;0;9;9;0;0;0;0;0;0;6;0;0;0;0;0;0;0;6;6;0;0;0;0;0;0
2020;Sudeste;3;São Paulo;SP;35;São José do Rio Preto;3549805;São José do Rio Preto;3501;São José do Rio Preto;35004;354980505;35148908;SENAC SAO JOSE DO RIO PRETO;4;1;1;0;RUA JORGE TIBIRICA;3518;RUA;SANTA CRUZ;15014040;17;21391699;1;15000;02JAN2020:00:00:00;21DEC2020:00:00:00;0;0;0;0;0;0;0;0;0;0;0;1;0;3,70981E+12;1E+14;1;1;0;0;1;1;0;0;0;0;0;0;0;0;0;0;0;0;1;1;0;0;0;0;1;0;0;0;0;0;1;0;0;0;0;1;0;0;0;0;0;0;0;0;0;0;1;1;0;1;0;0;1;0;1;0;1;0;1;1;0;1;0;0;0;1;1;0;0;0;0;0;0;0;0;0;0;0;1;1;1;0;1;0;0;0;0;0;0;0;0;0;0;0;0;0;0;1;0;24;0;24;0;0;0;1;0;1;1;1;0;0;0;0;0;1;15;1;13;0;0;0;0;0;0;0;0;0;0;0;0;0;0;0;1;224;1;105;1;16;0;0;0;0;0;0;0;0;0;2;0;0;1;39;1;13;1;5;0;0;1;6;0;0;0;0;0;0;0;0;1;1;1;1;0;0;1;88888;0;0;0;0;0;0;0;0;0;1;0;1;0;0;1;0;1;1;0;0;0;0;0;0;0;0;0;0;0;0;0;0;0;0;0;0;0;0;0;0;1;1;1;0;0;0;0;0;1;1;0;0;1;0;0;0;1;1;0;1;0;0;0;0;0;0;0;1;1;0;0;0;1;1;0;707;0;0;0;0;0;0;0;707;707;0;0;0;5;5;0;431;276;354;255;14;84;0;0;0;0;0;0;20;687;312;395;0;0;0;0;0;0;0;0;34;0;0;0;0;0;0;0;34;34;0;0;0;5;5;0;41;0;0;0;0;0;0;0;41;41;0;0;0;4;4;0
2020;Sudeste;3;São Paulo;SP;35;São José dos Campos;3549904;Vale do Paraíba Paulista;3513;São José dos Campos;35050;354990405;35148945;SENAC SAO JOSE DOS CAMPOS;4;1;1;0;SAIGIRO NAKAMURA;400;RUA;VILA INDUSTRIAL;12220280;12;21349000;1;15000;02JAN2020:00:00:00;31DEC2020:00:00:00;0;0;0;0;0;0;0;0;0;0;0;1;0;3,70981E+12;3,70981E+12;1;1;0;0;1;1;0;0;0;0;0;0;0;0;0;0;0;0;1;1;1;0;0;0;1;0;0;0;0;0;1;0;0;0;0;1;0;0;0;0;0;0;0;1;0;1;0;1;0;1;0;0;1;0;1;0;1;0;1;1;0;0;0;0;0;1;0;0;0;0;0;0;0;0;0;0;0;0;1;0;1;0;1;0;0;0;0;0;0;0;0;0;0;0;0;0;0;1;0;27;0;27;0;0;0;1;0;1;1;0;0;1;15;1;4;1;10;1;19;0;0;0;0;0;0;0;0;0;0;0;0;0;0;0;1;200;1;25;1;10;0;0;1;1;1;1;1;1;1;2;1;0;1;32;1;7;1;4;1;8;1;5;0;0;0;0;0;0;0;0;1;1;1;1;1;2;1;10;0;0;0;0;0;0;0;0;0;1;0;0;0;0;0;0;0;0;0;0;0;0;1;0;0;0;0;0;0;0;0;0;0;0;0;0;0;0;0;0;0;0;0;0;0;1;0;0;0;0;0;0;1;0;0;0;1;1;0;1;0;0;0;0;0;0;0;1;1;0;0;0;1;1;0;806;0;0;0;0;0;0;0;806;806;0;0;0;5;5;0;519;287;297;362;22;119;3;3;0;0;0;0;26;780;440;366;0;0;0;0;0;0;0;0;41;0;0;0;0;0;0;0;41;41;0;0;0;5;5;0;44;0;0;0;0;0;0;0;44;44;0;0;0;5;5;0
2020;Sudeste;3;São Paulo;SP;35;São Paulo;3550308;Metropolitana de São Paulo;3515;São Paulo;35061;355030874;35004682;SENAC SAO MIGUEL PAULISTA;4;1;1;0;MARECHAL TITO;1500;;SAO MIGUEL PAULISTA;8010090;11;25048458;1;15000;02JAN2020:00:00:00;31DEC2020:00:00:00;0;0;0;0;0;0;0;0;0;0;0;1;0;3,70981E+12;1E+14;1;1;0;0;1;1;0;0;0;0;0;0;0;0;0;0;0;0;1;1;0;0;0;0;1;0;0;0;0;0;1;0;0;0;0;1;0;0;0;0;0;0;0;1;1;1;0;0;0;0;0;0;0;0;0;0;0;0;1;1;0;0;0;0;0;0;0;0;0;0;0;0;0;0;0;0;0;0;0;0;0;0;0;0;0;0;0;0;0;0;1;1;0;1;0;0;0;0;0;47;0;47;0;0;1;1;1;1;1;0;0;0;0;0;0;1;16;0;0;0;0;0;0;0;0;0;0;0;0;0;0;0;0;0;1;645;0;0;0;0;0;0;1;1;1;1;1;1;0;3;1;0;1;52;1;27;1;9;0;0;1;7;0;0;0;0;0;0;1;3;1;1;1;1;1;22;1;3;0;0;0;0;0;1;0;0;0;1;0;1;0;0;1;0;1;1;0;0;0;0;0;0;0;0;0;0;0;0;0;0;0;0;0;0;0;0;0;0;1;0;1;0;0;1;0;0;0;0;0;0;1;0;0;0;1;1;0;1;0;0;0;0;0;0;0;1;1;0;0;0;1;1;0;1466;0;0;0;0;0;0;0;1466;1466;0;0;0;2;2;0;895;571;774;399;43;249;1;0;0;0;0;7;251;1208;912;554;0;0;0;0;0;0;0;0;60;0;0;0;0;0;0;0;60;60;0;0;0;3;3;0;60;0;0;0;0;0;0;0;60;60;0;0;0;2;2;0
2020;Sudeste;3;São Paulo;SP;35;São Paulo;3550308;Metropolitana de São Paulo;3515;São Paulo;35061;355030880;35006847;SENAC SERRA DE BRAGANCA;4;0;1;0;SERRA DE BRAGANCA;990;;VILA GOMES CARDIM;3318000;11;32362383;2;15000;0;0;0;0;0;0;0;0;0;0;0;0;0;0;0;;;0;0;0;0;0;0;0;0;0;0;0;0;0;0;0;0;0;0;0;0;0;0;0;0;0;0;0;0;0;0;0;0;0;0;0;0;0;0;0;0;0;0;0;0;0;0;0;0;0;0;0;0;0;0;0;0;0;0;0;0;0;0;0;0;0;0;0;0;0;0;0;0;0;0;0;0;0;0;0;0;0;0;0;0;0;0;0;0;0;0;0;0;0;0;0;0;0;0;0;0;0;0;0;0;0;0;0;0;0;0;0;0;0;0;0;0;0;0;0;0;0;0;0;0;0;0;0;0;0;0;0;0;0;0;0;0;0;0;0;0;0;0;0;0;0;0;0;0;0;0;0;0;0;0;0;0;0;0;0;0;0;0;0;0;0;0;0;0;0;0;0;0;0;0;0;0;0;0;0;0;0;0;0;0;0;0;0;0;0;0;0;0;0;0;0;0;0;0;0;0;0;0;0;0;0;0;0;0;0;0;0;0;0;0;0;0;0;0;0;0;0;0;0;0;0;0;0;0;0;0;0;0;0;0;0;0;0;0;0;0;0;0;0;0;0;0;0;0;0;0;0;0;0;0;0;0;0;0;0;0;0;0;0;0;0;0;0;0;0;0;0;0;0;0;0;0;0;0;0;0;0;0;0;0;0;0;0;0;0;0;0;0;0;0;0;0;0;0;0;0;0;0;0;0;0;0;0;0;0;0;0;0;0;0;0;0;0;0;0;0;0;0;0;0;0
2020;Sudeste;3;São Paulo;SP;35;São Paulo;3550308;Metropolitana de São Paulo;3515;São Paulo;35061;355030870;35148573;SENAC SANTANA;4;1;1;0;VOLUNTARIOS DA PATRIA;3167;RUA;SANTANA;2401200;11;21468250;1;15000;02JAN2020:00:00:00;22DEC2020:00:00:00;0;0;0;0;0;0;0;0;0;0;0;1;0;3,70981E+12;3,70981E+12;1;1;0;0;1;1;0;0;0;0;0;0;0;0;0;0;0;0;1;1;0;0;0;0;1;0;0;0;0;0;1;0;0;0;0;1;0;0;0;0;0;0;0;1;0;1;0;1;0;0;0;0;1;0;1;0;1;0;1;1;0;1;0;0;0;1;0;0;0;0;0;0;0;0;0;0;0;0;0;0;1;0;1;0;0;0;0;0;0;0;0;0;0;0;0;0;0;1;0;24;0;24;0;0;1;1;1;1;1;0;0;1;1;0;0;1;7;0;0;0;0;0;0;0;0;0;0;0;0;0;0;0;0;0;1;245;1;60;1;3;0;0;1;1;1;1;1;1;1;2;1;0;1;4;0;0;1;4;0;0;0;0;0;0;0;0;0;0;0;0;1;1;1;1;1;4;0;0;0;0;0;0;0;0;0;0;0;1;0;1;0;0;1;0;1;1;0;0;1;0;0;0;0;0;0;0;0;0;0;0;0;0;0;0;0;0;0;0;1;1;1;0;0;0;0;0;1;1;0;0;1;0;0;0;1;1;0;1;0;0;0;0;0;0;0;1;1;0;0;0;0;0;0;462;0;0;0;0;0;0;0;462;462;0;0;0;0;0;0;279;183;234;156;16;53;2;1;0;0;0;0;22;440;250;212;0;0;0;0;0;0;0;0;20;0;0;0;0;0;0;0;20;20;0;0;0;0;0;0;27;0;0;0;0;0;0;0;27;27;0;0;0;0;0;0
2020;Sudeste;3;São Paulo;SP;35;São Paulo;3550308;Metropolitana de São Paulo;3515;São Paulo;35061;355030893;35148581;SENAC VILA PRUDENTE;4;1;1;0;RUA DO ORFANATO;316;RUA;VILA PRUDENTE;3131010;11;34740799;1;15000;06JAN2020:00:00:00;20DEC2020:00:00:00;0;0;0;0;0;0;0;0;0;0;0;1;0;3,70981E+12;3,70981E+12;1;1;0;0;1;1;0;0;0;0;0;0;0;0;0;0;0;0;1;1;0;0;0;0;1;0;0;0;0;0;1;0;0;0;0;0;0;0;1;0;0;0;0;1;0;1;0;1;0;1;0;0;1;0;0;0;0;0;1;1;0;0;0;0;0;1;0;0;0;0;0;0;0;0;0;0;0;0;1;0;1;0;1;0;0;0;0;0;0;0;0;0;0;0;0;0;0;1;0;15;0;15;0;0;0;1;1;1;1;1;0;1;1;1;1;1;5;1;88888;0;0;0;0;0;0;0;0;0;0;0;0;0;0;0;1;93;1;30;0;0;0;0;1;1;1;1;1;1;1;2;1;0;1;26;1;11;1;3;0;0;0;0;0;0;0;0;0;0;0;0;0;0;1;1;1;4;1;88888;1;2;0;0;0;0;0;0;0;1;0;0;0;0;0;0;1;1;0;0;0;0;0;0;0;0;0;0;0;0;0;0;0;0;0;0;0;0;0;0;0;1;0;0;0;0;0;0;1;0;0;0;1;0;0;0;1;1;0;1;0;0;0;0;0;0;0;1;1;0;0;0;1;1;0;742;0;0;0;0;0;0;0;742;742;0;0;0;4;4;0;529;213;406;245;6;82;0;3;0;0;0;0;6;736;426;316;0;0;0;0;0;0;0;0;24;0;0;0;0;0;0;0;24;24;0;0;0;4;4;0;37;0;0;0;0;0;0;0;37;37;0;0;0;4;4;0
2020;Sudeste;3;São Paulo;SP;35;São Paulo;3550308;Metropolitana de São Paulo;3515;São Paulo;35061;355030880;35148593;SENAC TATUAPE;4;1;1;0;RUA CORONEL LUIS AMERICANO;130;RUA;VILA AZEVEDO;3308020;11;21912900;1;15000;02JAN2020:00:00:00;18DEC2020:00:00:00;0;0;0;0;0;0;1;0;0;0;0;0;0;3,70981E+12;3,70981E+12;1;1;0;0;1;1;0;0;0;0;0;0;0;0;0;0;0;0;1;1;0;0;0;0;1;0;0;0;0;0;1;0;0;0;0;0;0;0;1;0;0;0;0;1;0;0;0;1;0;1;0;0;1;0;0;0;1;0;1;1;1;0;0;0;0;1;0;0;0;0;0;0;0;0;0;0;0;0;1;0;1;0;1;0;0;0;0;0;0;0;0;0;0;0;0;0;0;1;0;13;0;13;0;0;1;1;1;1;1;0;0;1;2;1;1;1;4;0;0;1;1;0;0;0;0;0;0;0;0;0;0;0;0;0;1;100;0;0;0;0;0;0;1;0;1;1;0;0;0;3;1;0;1;38;1;11;1;1;1;88888;0;0;0;0;0;0;0;0;0;0;1;1;1;1;1;4;1;3;0;0;0;0;0;0;0;0;0;1;0;1;0;1;1;0;1;1;0;0;0;0;0;0;0;0;0;0;0;0;0;0;0;0;0;0;0;0;0;0;1;1;0;0;0;0;0;0;1;0;0;0;1;0;0;0;1;1;0;1;0;0;0;0;0;0;0;1;1;0;0;0;1;1;0;358;0;0;0;0;0;0;0;358;358;0;0;0;1;1;0;191;167;214;88;8;45;1;2;0;0;0;0;21;337;180;178;0;0;0;0;0;0;0;0;17;0;0;0;0;0;0;0;17;17;0;0;0;1;1;0;17;0;0;0;0;0;0;0;17;17;0;0;0;1;1;0
2020;Sudeste;3;São Paulo;SP;35;São Paulo;3550308;Metropolitana de São Paulo;3515;São Paulo;35061;355030826;35148611;SENAC 24 DE MAIO;4;0;1;0;RUA 24 DE MAIO;208;;SANTA EFIGENIA;1041000;11;21610500;2;15000;0;0;0;0;0;0;0;0;0;0;0;0;0;0;0;;;0;0;0;0;0;0;0;0;0;0;0;0;0;0;0;0;0;0;0;0;0;0;0;0;0;0;0;0;0;0;0;0;0;0;0;0;0;0;0;0;0;0;0;0;0;0;0;0;0;0;0;0;0;0;0;0;0;0;0;0;0;0;0;0;0;0;0;0;0;0;0;0;0;0;0;0;0;0;0;0;0;0;0;0;0;0;0;0;0;0;0;0;0;0;0;0;0;0;0;0;0;0;0;0;0;0;0;0;0;0;0;0;0;0;0;0;0;0;0;0;0;0;0;0;0;0;0;0;0;0;0;0;0;0;0;0;0;0;0;0;0;0;0;0;0;0;0;0;0;0;0;0;0;0;0;0;0;0;0;0;0;0;0;0;0;0;0;0;0;0;0;0;0;0;0;0;0;0;0;0;0;0;0;0;0;0;0;0;0;0;0;0;0;0;0;0;0;0;0;0;0;0;0;0;0;0;0;0;0;0;0;0;0;0;0;0;0;0;0;0;0;0;0;0;0;0;0;0;0;0;0;0;0;0;0;0;0;0;0;0;0;0;0;0;0;0;0;0;0;0;0;0;0;0;0;0;0;0;0;0;0;0;0;0;0;0;0;0;0;0;0;0;0;0;0;0;0;0;0;0;0;0;0;0;0;0;0;0;0;0;0;0;0;0;0;0;0;0;0;0;0;0;0;0;0;0;0;0;0;0;0;0;0;0;0;0;0;0;0;0;0;0;0;0;0
2020;Sudeste;3;São Paulo;SP;35;São Paulo;3550308;Metropolitana de São Paulo;3515;São Paulo;35061;355030869;35148623;SENAC FRANCISCO MATARAZZO;4;1;1;0;FRANCISCO MATARAZZO;249;AVENIDA;AGUA BRANCA;5001000;11;21892100;1;15000;02JAN2020:00:00:00;23DEC2020:00:00:00;0;0;0;0;0;0;0;0;0;0;0;1;0;3,70981E+12;3,70981E+12;1;1;0;0;1;1;0;0;0;0;0;0;0;0;0;0;0;0;1;1;0;0;0;0;1;0;0;0;0;0;1;0;0;0;0;1;0;0;0;0;0;0;0;1;0;1;0;1;0;0;0;0;1;0;1;0;1;0;1;1;0;0;0;0;0;1;0;0;0;0;0;0;0;1;0;0;0;1;1;0;1;0;1;0;0;0;0;0;0;0;1;1;1;1;1;1;1;0;0;39;0;39;39;39;0;1;0;1;1;0;0;0;0;0;0;1;11;1;42;1;44;0;0;0;0;0;0;0;0;0;0;0;0;0;1;79;1;168;0;0;0;0;1;1;1;1;1;1;1;2;0;0;1;44;1;19;1;6;0;0;1;4;0;0;0;0;0;0;0;0;1;1;1;1;1;8;1;88888;1;1;0;0;0;1;0;0;0;0;0;1;0;1;1;0;1;1;0;0;0;1;0;0;0;0;0;0;0;0;0;0;0;0;0;0;0;0;0;0;1;1;1;0;0;1;0;1;0;0;0;0;1;0;0;0;1;1;0;1;0;0;0;0;0;0;0;1;1;0;0;0;1;1;0;434;0;0;0;0;0;0;0;434;434;0;0;0;2;2;0;285;149;199;126;17;89;1;2;0;0;0;0;35;399;199;235;0;0;0;0;0;0;0;0;14;0;0;0;0;0;0;0;14;14;0;0;0;2;2;0;21;0;0;0;0;0;0;0;21;21;0;0;0;2;2;0
2020;Sudeste;3;São Paulo;SP;35;São Paulo;3550308;Metropolitana de São Paulo;3515;São Paulo;35061;355030809;35148659;SENAC TIRADENTES;4;1;1;0;TIRADENTES;822;AVENIDA;LUZ;1102000;11;33662000;1;15000;02JAN2020:00:00:00;31DEC2020:00:00:00;0;0;0;0;0;0;0;0;0;0;0;1;0;3,70981E+12;3,70981E+12;1;1;0;0;1;1;0;0;0;0;0;0;0;0;0;0;0;0;1;1;0;0;0;0;1;0;0;0;0;0;1;0;0;0;0;0;0;0;1;0;0;0;0;1;0;1;0;0;0;1;0;0;1;0;1;0;1;0;1;1;0;1;0;0;0;1;0;0;0;0;0;0;0;0;0;0;0;0;1;0;1;0;1;0;0;0;0;0;0;0;0;0;0;0;0;0;0;1;0;20;0;20;20;0;1;1;1;1;1;0;0;1;3;1;1;1;9;1;15;1;88888;0;0;0;0;0;0;0;0;0;0;0;0;0;1;250;1;160;1;15;0;0;1;1;1;1;0;0;1;2;0;0;1;34;1;16;1;4;0;0;0;0;0;0;0;0;0;0;0;0;1;1;1;1;1;6;1;2;1;1;0;0;0;0;0;0;0;1;0;1;0;0;1;0;0;0;0;0;0;0;0;0;0;0;0;0;0;0;0;0;0;0;0;0;0;0;0;0;1;1;0;0;0;0;0;0;1;0;0;0;1;0;0;0;1;1;0;1;0;0;0;0;0;0;0;1;1;0;0;0;1;1;0;1095;0;0;0;0;0;0;0;1095;1095;0;0;0;2;2;0;738;357;666;262;25;140;1;1;0;0;0;0;5;1090;684;411;0;0;0;0;0;0;0;0;49;0;0;0;0;0;0;0;49;49;0;0;0;2;2;0;41;0;0;0;0;0;0;0;41;41;0;0;0;2;2;0
2020;Sudeste;3;São Paulo;SP;35;São Paulo;3550308;Metropolitana de São Paulo;3515;São Paulo;35061;355030838;35148702;SENAC JABAQUARA;4;1;1;0;CAFE;298;AVENIDA;VILA GUARANI Z SUL;4311000;11;21469150;1;15000;02JAN2020:00:00:00;23DEC2020:00:00:00;0;0;0;0;0;0;0;0;0;0;0;1;0;3,70981E+12;1E+14;1;1;0;3985;1;1;0;0;0;0;0;0;0;0;0;0;0;0;1;1;0;0;0;0;1;0;0;0;0;0;1;0;0;0;0;1;0;0;0;0;0;0;0;1;0;0;0;1;0;1;0;0;1;0;1;0;1;0;1;1;0;1;0;0;0;1;0;0;0;0;0;0;0;0;0;0;0;0;1;0;1;0;1;0;0;0;0;0;0;0;0;0;0;0;0;0;0;1;0;10;0;10;0;0;1;1;1;1;1;0;0;1;2;1;1;1;8;1;2;0;0;0;0;0;0;0;0;0;0;0;0;0;0;0;1;117;1;20;1;20;0;0;1;1;1;1;1;1;1;2;0;0;1;27;1;13;1;4;0;0;1;4;0;0;0;0;0;0;0;0;1;1;1;1;0;0;0;0;1;2;0;0;0;0;0;0;0;1;0;1;0;1;1;0;1;1;1;0;0;0;0;0;0;0;0;0;0;0;0;0;0;0;0;0;0;0;0;0;0;0;0;0;0;1;0;0;0;0;0;0;1;0;0;0;1;1;0;1;0;0;0;0;0;0;0;1;1;0;0;0;1;1;0;294;0;0;0;0;0;0;0;294;294;0;0;0;1;1;0;160;134;187;68;11;25;3;0;0;0;0;0;4;290;111;183;0;0;0;0;0;0;0;0;18;0;0;0;0;0;0;0;18;18;0;0;0;1;1;0;17;0;0;0;0;0;0;0;17;17;0;0;0;1;1;0
2020;Sudeste;3;São Paulo;SP;35;São Paulo;3550308;Metropolitana de São Paulo;3515;São Paulo;35061;355030871;35148714;SENAC LARGO TREZE;4;1;1;0;ANTONIO BENTO DOUTOR;393;RUA;SANTO AMARO;4750000;11;37373900;1;15000;02JAN2020:00:00:00;18DEC2020:00:00:00;0;0;0;0;0;0;1;0;0;0;0;0;0;3,70981E+12;3,70981E+12;1;1;0;0;1;1;0;0;0;0;0;0;0;0;0;0;0;0;1;1;0;0;0;0;1;0;0;0;0;0;1;0;0;0;0;1;0;0;0;0;0;0;0;1;0;1;0;1;0;1;0;0;1;0;1;1;1;0;1;1;0;1;0;0;0;1;0;0;0;0;0;0;0;0;0;0;0;0;1;0;1;0;1;0;0;0;0;0;0;0;0;0;0;0;0;0;0;1;0;21;0;21;0;0;1;1;1;1;1;1;0;0;0;1;3;1;3;1;20;0;0;0;0;0;0;0;0;0;0;0;0;0;0;0;1;100;1;43;1;10;0;0;1;1;1;1;1;1;1;3;1;0;1;34;1;11;1;4;0;0;0;0;0;0;0;0;0;0;0;0;1;1;1;1;1;6;1;88888;1;3;0;0;0;0;0;0;0;1;0;1;0;0;1;0;1;1;0;0;0;0;0;0;0;0;0;0;0;0;0;0;0;0;0;0;0;0;0;0;1;0;0;0;0;1;0;0;0;1;0;0;1;0;0;0;1;1;0;1;0;0;0;0;0;0;0;1;1;0;0;0;1;1;0;661;0;0;0;0;0;0;0;661;661;0;0;0;1;1;0;427;234;362;152;22;120;3;2;0;0;0;0;15;646;365;296;0;0;0;0;0;0;0;0;21;0;0;0;0;0;0;0;21;21;0;0;0;1;1;0;34;0;0;0;0;0;0;0;34;34;0;0;0;1;1;0
2020;Sudeste;3;São Paulo;SP;35;São Paulo;3550308;Metropolitana de São Paulo;3515;São Paulo;35061;355030848;35148994;SENAC LAPA SCIPIAO;4;1;1;0;RUA SCIPIAO;67;RUA;V.ROMANA;5047060;11;34752299;1;15000;21JAN2020:00:00:00;31DEC2020:00:00:00;0;0;0;0;0;0;0;0;0;0;0;1;0;3,70981E+12;1E+14;1;1;0;0;1;1;0;0;0;0;0;0;0;0;0;0;0;0;1;1;0;0;0;0;1;0;0;0;0;0;1;0;0;0;0;1;0;0;0;0;0;0;0;0;0;0;1;1;0;1;0;0;1;0;1;0;0;0;1;1;0;0;0;0;1;1;0;1;0;0;0;0;0;0;0;0;0;0;1;0;1;0;1;0;0;0;0;0;0;0;0;0;0;0;0;0;0;1;0;19;0;19;0;0;0;1;0;1;1;1;0;1;4;1;4;1;22;1;9;0;0;0;0;0;0;0;0;0;0;0;0;0;0;0;1;415;0;0;1;10;0;0;1;1;1;1;0;9;9;3;1;0;1;88888;1;11;1;6;0;0;1;7;0;0;0;0;0;0;0;0;0;0;1;1;1;5;1;88888;0;0;0;0;0;0;0;0;0;1;0;1;0;0;1;0;0;1;0;0;0;0;0;0;0;0;0;0;0;0;0;0;0;0;0;0;0;0;0;0;0;1;0;0;0;1;0;0;0;1;0;0;1;0;0;0;1;1;0;1;0;0;0;0;0;0;0;1;1;0;0;0;1;1;0;378;0;0;0;0;0;0;0;378;378;0;0;0;2;2;0;207;171;209;124;9;34;2;0;0;0;0;0;10;368;225;153;0;0;0;0;0;0;0;0;15;0;0;0;0;0;0;0;15;15;0;0;0;3;3;0;21;0;0;0;0;0;0;0;21;21;0;0;0;2;2;0
2020;Sudeste;3;São Paulo;SP;35;São Paulo;3550308;Metropolitana de São Paulo;3515;São Paulo;35061;355030848;35149081;SENAC LAPA FAUSTOLO;4;1;1;0;RUA FAUSTOLO;1347;RUA;LAPA;5041001;11;21859800;1;15000;06JAN2020:00:00:00;17DEC2020:00:00:00;0;0;0;0;0;0;0;0;0;0;0;1;0;3,70981E+12;1E+14;1;1;0;0;1;1;0;0;0;0;0;0;0;0;0;0;0;0;1;1;0;0;0;0;1;0;0;0;0;0;1;0;0;0;0;0;0;0;1;0;0;0;0;1;0;0;0;1;0;1;0;0;1;0;1;0;1;0;1;1;1;0;0;0;0;1;0;1;0;0;0;0;0;0;0;0;0;0;1;0;1;0;1;0;0;0;0;0;0;0;1;1;0;0;0;0;0;0;0;4;0;4;0;0;1;1;1;1;1;1;0;1;88888;1;1;1;5;1;88888;0;0;0;0;0;0;0;0;0;0;0;0;0;0;0;1;70;1;68;0;0;0;0;1;1;1;1;1;9;9;3;1;0;1;88888;1;6;1;4;0;0;0;0;0;0;0;0;0;0;0;0;1;3;1;1;1;4;1;88888;1;1;0;0;0;0;0;0;0;1;0;0;0;0;1;0;0;0;0;0;0;0;0;0;0;0;0;0;0;0;0;0;0;0;0;0;0;0;0;0;1;0;0;0;0;1;0;0;0;1;0;0;1;0;0;0;1;1;0;1;0;0;0;0;0;0;0;1;1;0;0;0;0;0;0;107;0;0;0;0;0;0;0;107;107;0;0;0;0;0;0;94;13;49;32;5;20;1;0;0;0;0;0;6;101;52;55;0;0;0;0;0;0;0;0;7;0;0;0;0;0;0;0;7;7;0;0;0;0;0;0;7;0;0;0;0;0;0;0;7;7;0;0;0;0;0;0
2020;Sudeste;3;São Paulo;SP;35;São Paulo;3550308;Metropolitana de São Paulo;3515;São Paulo;35061;355030837;35149100;SENAC ITAQUERA;4;1;1;0;AVENIDA ITAQUERA;8266;AVENIDA;ITAQUERA;8295000;11;21859200;1;15000;02JAN2020:00:00:00;21DEC2020:00:00:00;0;0;0;0;0;0;0;0;0;0;0;1;0;3,70981E+12;3,70981E+12;1;1;0;0;1;1;0;0;0;0;0;0;0;0;0;0;0;0;1;1;0;0;0;0;1;0;0;0;0;0;1;0;0;0;0;1;0;0;0;0;0;0;0;1;0;0;0;1;0;1;0;0;1;0;1;0;1;0;1;1;0;0;0;0;0;1;0;0;0;0;0;0;0;0;0;0;0;0;0;0;1;0;1;0;0;0;0;0;0;0;0;0;0;0;0;0;0;1;0;15;0;15;15;0;0;1;1;1;1;1;0;0;0;0;0;1;7;1;10;1;18;0;0;0;0;0;0;0;0;0;0;0;0;0;1;235;1;140;1;9;0;0;1;1;1;1;1;1;0;3;1;0;1;88888;0;0;0;0;0;0;0;0;0;0;0;0;0;0;0;0;0;0;0;0;0;0;0;0;0;0;0;0;0;0;0;0;0;1;0;1;0;0;1;0;1;0;0;0;0;0;0;0;0;0;0;0;0;0;0;0;0;0;0;0;0;0;0;0;1;0;0;0;0;1;0;0;0;1;0;0;1;0;0;0;1;1;0;1;0;0;0;0;0;0;0;1;1;0;0;0;1;1;0;635;0;0;0;0;0;0;0;635;635;0;0;0;3;3;0;384;251;400;145;13;73;0;4;0;0;0;0;24;611;368;267;0;0;0;0;0;0;0;0;29;0;0;0;0;0;0;0;29;29;0;0;0;3;3;0;29;0;0;0;0;0;0;0;29;29;0;0;0;3;3;0
2020;Sudeste;3;São Paulo;SP;35;São Paulo;3550308;Metropolitana de São Paulo;3515;São Paulo;35061;355030859;35149135;SENAC PENHA;4;1;1;0;RUA FRANCISCO COIMBRA PENHA;403;RUA;PENHA;3639000;11;21350300;1;15000;13JAN2020:00:00:00;22DEC2020:00:00:00;0;0;0;0;0;0;0;0;0;0;0;1;0;3,70981E+12;3,70981E+12;1;1;0;0;1;1;0;0;0;0;0;0;0;0;0;0;0;0;1;1;0;0;0;0;1;0;0;0;0;0;1;0;0;0;0;0;0;0;1;0;0;0;0;1;0;1;0;0;0;0;0;0;1;0;0;0;0;0;0;0;1;0;0;0;0;0;0;0;0;0;0;0;0;0;0;0;0;0;0;0;0;0;1;0;0;0;0;0;0;0;0;0;0;0;0;0;0;1;0;15;0;15;0;0;0;1;0;1;1;1;0;1;1;1;1;1;3;1;14;0;0;0;0;0;0;0;0;0;0;0;0;0;0;0;1;100;1;12;1;15;0;0;1;1;1;1;1;0;1;2;1;0;1;88888;1;9;1;3;0;0;1;3;0;0;0;0;0;0;0;0;1;1;1;1;1;6;1;3;1;1;0;0;0;0;0;0;0;1;0;1;0;0;1;0;1;1;0;0;0;0;0;0;0;0;0;0;0;0;0;0;0;0;0;0;0;0;0;0;1;0;0;0;0;1;0;0;0;0;0;0;1;0;0;0;1;1;0;1;0;0;0;0;0;0;0;1;1;0;0;0;0;0;0;233;0;0;0;0;0;0;0;233;233;0;0;0;0;0;0;163;70;148;53;4;26;1;1;0;0;0;0;9;224;99;134;0;0;0;0;0;0;0;0;12;0;0;0;0;0;0;0;12;12;0;0;0;0;0;0;12;0;0;0;0;0;0;0;12;12;0;0;0;0;0;0
2020;Sudeste;3;São Paulo;SP;35;São Paulo;3550308;Metropolitana de São Paulo;3515;São Paulo;35061;355030816;35269025;SENAC NACOES UNIDAS;4;1;1;0;EUSEBIO STEVAUX ENGENHEIRO;823;AVENIDA;JURUBATUBA;4696000;11;56827300;1;15000;27JAN2020:00:00:00;22DEC2020:00:00:00;0;0;0;0;0;0;0;0;0;0;0;1;0;3,70981E+12;3,70981E+12;1;1;0;0;1;1;0;0;0;0;0;0;0;0;0;0;0;0;1;1;0;0;0;0;1;0;0;0;0;0;1;0;0;0;0;1;0;0;0;0;0;0;0;0;0;0;1;1;1;1;0;0;1;0;1;1;1;0;1;1;0;0;0;0;0;1;1;1;0;0;1;1;1;1;0;0;0;1;1;1;1;1;1;1;0;0;0;0;0;1;1;1;1;1;1;1;1;0;0;90;0;90;0;0;0;1;1;1;1;0;0;1;1;1;8;1;1;1;1;1;10;0;0;0;0;0;0;0;0;0;0;0;0;0;1;19;1;21;0;0;0;0;1;1;1;1;1;1;1;3;1;0;1;3;1;3;1;1;1;3;1;1;0;0;0;0;0;0;0;0;1;1;1;1;1;3;1;2;1;1;0;0;0;0;1;0;0;1;0;1;0;1;1;0;1;1;1;0;0;0;0;0;0;0;0;0;0;0;0;0;0;0;0;0;0;0;0;0;1;1;1;0;0;0;0;0;1;1;0;0;1;0;0;0;1;0;0;1;0;0;0;0;0;0;0;1;1;0;0;0;1;1;0;411;0;0;0;0;0;0;0;411;411;0;0;0;6;6;0;136;275;149;211;12;36;3;0;0;0;0;82;326;3;411;0;0;0;0;0;0;0;0;0;10;0;0;0;0;0;0;0;10;10;0;0;0;10;10;0;10;0;0;0;0;0;0;0;10;10;0;0;0;4;4;0
2020;Sudeste;3;São Paulo;SP;35;São Paulo;3550308;Metropolitana de São Paulo;3515;São Paulo;35061;355030848;35287258;SENAC LAPA TITO;4;1;1;0;TITO;54;RUA;VILA ROMANA;5051000;11;28885500;1;15000;27JAN2020:00:00:00;18DEC2020:00:00:00;0;0;0;0;0;0;0;0;0;0;0;1;0;3,70981E+12;3,70981E+12;1;1;0;0;1;1;0;0;0;0;0;0;0;0;0;0;0;0;1;1;0;0;0;0;1;0;0;0;0;0;1;0;0;0;0;1;0;0;0;0;0;0;0;1;0;1;0;1;0;0;0;0;1;0;1;0;1;0;1;1;0;0;0;0;0;1;0;1;0;0;0;0;0;0;0;0;0;0;0;0;1;0;1;0;0;0;0;0;0;0;0;0;0;0;0;0;0;1;0;29;0;29;0;0;1;1;1;1;1;0;0;1;3;1;1;1;14;0;0;0;0;0;0;0;0;0;0;0;0;0;0;0;0;0;1;88888;0;0;0;0;0;0;1;0;1;1;0;0;0;2;0;0;0;0;0;0;0;0;0;0;0;0;0;0;0;0;0;0;0;0;0;0;0;0;0;0;0;0;0;0;0;0;0;0;0;0;0;1;0;0;0;0;0;0;0;0;0;0;0;0;1;0;0;0;0;0;0;0;0;0;0;0;0;0;0;0;0;0;0;0;0;0;0;0;0;0;1;0;0;0;1;0;0;0;1;0;0;1;0;0;0;0;0;0;0;1;1;0;0;0;0;0;0;117;0;0;0;0;0;0;0;117;117;0;0;0;0;0;0;33;84;39;66;2;8;1;1;0;0;0;19;95;3;117;0;0;0;0;0;0;0;0;0;3;0;0;0;0;0;0;0;3;3;0;0;0;0;0;0;3;0;0;0;0;0;0;0;3;3;0;0;0;0;0;0
2020;Sudeste;3;São Paulo;SP;35;São Paulo;3550308;Metropolitana de São Paulo;3515;São Paulo;35061;355030807;35433470;SENAC 9 DE JULHO;4;0;1;0;RUA DOUTOR PLINIO BARRETO;;;BELA VISTA;1313020;11;21826900;2;15000;0;0;0;0;0;0;0;0;0;0;0;0;0;0;0;;;0;0;0;0;0;0;0;0;0;0;0;0;0;0;0;0;0;0;0;0;0;0;0;0;0;0;0;0;0;0;0;0;0;0;0;0;0;0;0;0;0;0;0;0;0;0;0;0;0;0;0;0;0;0;0;0;0;0;0;0;0;0;0;0;0;0;0;0;0;0;0;0;0;0;0;0;0;0;0;0;0;0;0;0;0;0;0;0;0;0;0;0;0;0;0;0;0;0;0;0;0;0;0;0;0;0;0;0;0;0;0;0;0;0;0;0;0;0;0;0;0;0;0;0;0;0;0;0;0;0;0;0;0;0;0;0;0;0;0;0;0;0;0;0;0;0;0;0;0;0;0;0;0;0;0;0;0;0;0;0;0;0;0;0;0;0;0;0;0;0;0;0;0;0;0;0;0;0;0;0;0;0;0;0;0;0;0;0;0;0;0;0;0;0;0;0;0;0;0;0;0;0;0;0;0;0;0;0;0;0;0;0;0;0;0;0;0;0;0;0;0;0;0;0;0;0;0;0;0;0;0;0;0;0;0;0;0;0;0;0;0;0;0;0;0;0;0;0;0;0;0;0;0;0;0;0;0;0;0;0;0;0;0;0;0;0;0;0;0;0;0;0;0;0;0;0;0;0;0;0;0;0;0;0;0;0;0;0;0;0;0;0;0;0;0;0;0;0;0;0;0;0;0;0;0;0;0;0;0;0;0;0;0;0;0;0;0;0;0;0;0;0;0;0;0
2020;Sudeste;3;São Paulo;SP;35;São Paulo;3550308;Metropolitana de São Paulo;3515;São Paulo;35061;355030849;35449477;SENAC ACLIMACAO;4;1;1;0;PIRES DA MOTA;838;RUA;ACLIMACAO;1529000;11;37951299;1;15000;02JAN2020:00:00:00;22DEC2020:00:00:00;0;0;0;0;0;0;0;0;0;0;0;1;0;3,70981E+12;3,70981E+12;1;1;0;0;1;1;0;0;0;0;0;0;0;0;0;0;0;0;1;1;0;0;0;0;1;0;0;0;0;0;1;0;0;0;0;1;0;0;0;0;0;0;0;1;0;0;0;0;0;1;0;0;1;0;1;0;1;0;1;1;1;1;0;0;0;1;0;1;0;0;0;0;0;1;0;0;0;0;1;1;1;0;1;0;0;0;0;0;0;0;0;0;0;0;0;0;0;1;0;27;0;27;0;0;1;1;1;1;1;0;0;1;1;1;1;1;12;0;0;0;0;0;0;0;0;0;0;0;0;0;0;0;0;0;1;187;1;90;0;0;0;0;1;1;1;1;1;1;0;3;1;0;1;65;1;28;1;1;0;0;0;0;0;0;0;0;0;0;0;0;1;1;1;1;1;6;1;8;0;0;0;0;0;1;0;0;0;1;0;1;0;1;1;0;1;1;1;0;1;0;0;0;0;0;0;0;0;0;0;0;0;0;0;0;0;0;0;0;1;1;1;0;0;1;0;0;0;0;0;0;1;0;0;0;1;1;0;1;0;0;0;0;0;0;0;1;1;0;0;0;1;1;0;693;0;0;0;0;0;0;0;693;693;0;0;0;4;4;0;485;208;414;179;18;72;8;2;0;0;0;13;94;586;393;300;0;0;0;0;0;0;0;0;40;0;0;0;0;0;0;0;40;40;0;0;0;10;10;0;28;0;0;0;0;0;0;0;28;28;0;0;0;4;4;0
2020;Sudeste;3;São Paulo;SP;35;São Paulo;3550308;Metropolitana de São Paulo;3515;São Paulo;35061;355030823;35463536;SENAC JARDIM PRIMAVERA;4;1;1;0;RUA MANOEL ALVES SOARES;1100;AVENIDA;INTERLAGOS;4821270;11;56629300;1;15000;13JAN2020:00:00:00;18DEC2020:00:00:00;0;0;0;0;0;0;0;0;0;0;0;1;0;3,70981E+12;3,70981E+12;1;1;0;0;1;3;0;0;0;0;0;0;0;0;0;0;0;0;1;1;0;0;0;0;1;0;0;0;0;0;1;0;0;0;0;1;0;0;0;0;0;0;0;1;0;1;0;1;0;0;0;0;1;0;0;0;1;0;1;1;0;0;0;0;0;1;0;0;0;0;0;0;0;0;0;0;0;0;0;0;1;0;0;0;0;0;0;0;0;0;0;0;0;0;0;0;0;1;0;5;0;5;0;0;1;1;0;1;1;0;0;0;0;0;0;1;2;1;5;0;0;0;0;0;0;0;0;0;0;0;0;0;0;0;1;35;1;20;1;1;0;0;1;1;1;1;1;1;1;3;1;0;1;8;1;4;1;2;0;0;0;0;0;0;0;0;0;0;0;0;1;1;1;1;1;88888;1;88888;1;3;0;0;0;0;0;0;0;1;0;1;0;0;1;0;1;0;0;0;0;1;0;0;0;0;0;0;0;0;0;0;0;0;0;0;0;0;0;0;0;0;0;0;0;0;0;0;1;0;0;0;1;0;0;0;0;1;0;1;0;0;0;0;0;0;0;1;1;0;0;0;0;0;0;112;0;0;0;0;0;0;0;112;112;0;0;0;0;0;0;57;55;66;28;2;16;0;0;0;0;0;0;0;112;0;112;0;0;0;0;0;0;0;0;3;0;0;0;0;0;0;0;3;3;0;0;0;0;0;0;4;0;0;0;0;0;0;0;4;4;0;0;0;0;0;0
2020;Sudeste;3;São Paulo;SP;35;Sorocaba;3552205;Macro Metropolitana Paulista;3512;Sorocaba;35046;355220505;35148799;SENAC SOROCABA;4;1;1;0;RUA CORONEL NOGUEIRA PADILHA;2392;RUA;VILA HORTENCIA;18020003;15;34122500;1;15000;02JAN2020:00:00:00;22DEC2020:00:00:00;0;0;0;0;0;0;0;0;0;0;0;1;0;3,70981E+12;1E+14;1;1;0;0;1;1;0;0;0;0;0;0;0;0;0;0;0;0;1;1;1;0;0;0;1;0;0;0;0;0;1;0;0;0;0;1;0;0;0;0;0;0;0;1;0;1;0;1;0;1;0;0;1;0;1;0;0;0;1;1;1;0;0;0;0;0;0;0;0;0;0;0;0;1;0;0;0;0;0;1;1;0;1;0;0;0;0;0;0;0;0;0;0;0;0;0;0;1;0;25;0;25;0;0;0;1;0;1;1;0;0;1;1;0;0;1;2;0;0;0;0;0;0;0;0;0;0;0;0;0;0;0;0;0;1;295;0;0;0;0;0;0;1;1;1;1;1;1;1;2;0;0;1;49;1;21;1;5;0;0;1;6;0;0;0;0;0;0;0;0;1;1;1;1;0;0;0;0;1;1;0;0;0;0;0;0;0;1;0;0;0;0;0;0;0;0;0;0;0;0;1;0;0;0;0;0;0;0;0;0;0;0;0;0;0;0;0;0;0;0;0;0;0;0;0;0;1;0;0;0;1;0;0;0;1;1;0;1;0;0;0;0;0;0;0;1;1;0;0;0;1;1;0;851;0;0;0;0;0;0;0;851;851;0;0;0;5;5;0;590;261;294;400;19;114;23;1;0;0;0;4;95;752;542;309;0;0;0;0;0;0;0;0;31;0;0;0;0;0;0;0;31;31;0;0;0;3;3;0;44;0;0;0;0;0;0;0;44;44;0;0;0;3;3;0
2020;Sudeste;3;São Paulo;SP;35;Taboão da Serra;3552809;Metropolitana de São Paulo;3515;Itapecerica da Serra;35060;355280905;35563390;SENAC TABOAO DA SERRA;4;1;1;0;SALVADOR BRANCO DE ANDRADE;182;RUA;JARDIM SAO MIGUEL;6760100;11;42452000;1;15000;06JAN2020:00:00:00;20DEC2020:00:00:00;0;0;0;0;0;0;0;0;0;0;0;1;0;3,70981E+12;3,70981E+12;1;1;0;0;1;1;0;0;0;0;0;0;0;0;0;0;0;0;1;1;0;0;0;0;1;0;1;0;1;0;1;0;0;0;0;1;0;0;0;0;0;0;0;1;0;1;0;1;0;1;0;0;1;0;1;0;0;0;1;1;0;0;0;0;0;0;1;0;0;0;0;0;0;0;0;0;0;0;1;0;1;0;0;0;0;0;0;0;0;0;1;1;0;1;0;0;0;0;0;23;0;23;0;0;1;1;1;1;1;1;0;1;1;1;23;1;4;1;23;0;0;0;0;0;0;0;0;0;0;0;0;0;0;0;1;260;1;26;1;4;0;0;1;1;1;1;0;1;0;2;1;0;1;5;1;5;1;4;0;0;0;0;0;0;0;0;0;0;0;0;0;0;1;1;0;0;1;88888;0;0;0;0;0;0;0;0;0;1;0;1;0;0;1;0;1;0;0;0;0;0;0;0;0;0;0;0;0;0;0;0;0;0;0;0;0;0;0;0;1;0;0;0;0;0;0;0;1;1;0;0;1;0;0;0;1;1;0;1;0;0;0;0;0;0;0;1;1;0;0;0;0;0;0;727;0;0;0;0;0;0;0;727;727;0;0;0;0;0;0;452;275;350;199;27;150;0;1;0;0;0;0;46;681;445;282;0;0;0;0;0;0;0;0;22;0;0;0;0;0;0;0;22;22;0;0;0;0;0;0;29;0;0;0;0;0;0;0;29;29;0;0;0;0;0;0
2020;Sudeste;3;São Paulo;SP;35;Taubaté;3554102;Vale do Paraíba Paulista;3513;São José dos Campos;35050;355410205;35148775;SENAC TAUBATE;4;1;1;0;RUA PROFESSOR NELSON FREIRE CAMPELLO;202;RUA;JARDIM EULALIA;12010700;12;21256099;1;15000;16JAN2020:00:00:00;22DEC2020:00:00:00;0;0;0;0;0;0;0;0;0;0;0;1;0;3,70981E+12;3,70981E+12;1;1;0;0;1;1;0;0;0;0;0;0;0;0;1;1;0;0;1;1;1;0;0;0;1;0;0;0;0;0;1;0;0;0;0;1;0;0;0;1;0;0;0;1;0;0;0;1;1;1;0;0;1;0;1;0;1;0;1;1;1;1;0;0;0;1;0;1;0;0;1;0;1;0;0;0;0;0;1;0;1;0;1;0;0;0;0;0;0;1;0;1;1;1;0;1;1;0;0;17;4;21;17;17;1;1;0;1;1;1;0;1;1;0;0;1;3;1;13;0;0;0;0;0;0;0;0;0;0;0;0;0;0;0;1;280;1;79;1;4;0;0;1;1;1;1;0;1;1;3;1;0;1;3;1;9;1;2;1;88888;1;3;0;0;0;0;0;0;1;1;1;1;1;1;1;4;1;1;0;0;0;0;0;0;0;0;0;1;0;1;0;0;1;0;1;0;0;0;0;0;0;0;0;0;0;0;0;0;0;0;0;0;0;0;0;0;0;0;1;0;0;0;0;1;0;0;0;1;0;0;1;0;0;0;1;1;0;1;0;0;0;0;0;0;0;1;1;0;0;0;1;1;0;350;0;0;0;0;0;0;0;350;350;0;0;0;2;2;0;225;125;146;177;2;25;0;0;0;0;0;0;29;321;217;133;0;0;0;0;0;0;0;0;42;0;0;0;0;0;0;0;42;42;0;0;0;2;2;0;20;0;0;0;0;0;0;0;20;20;0;0;0;1;1;0
2020;Sudeste;3;São Paulo;SP;35;Votuporanga;3557105;São José do Rio Preto;3501;Votuporanga;35003;355710505;35149073;SENAC VOTUPORANGA;4;1;1;0;GUAPORE;3221;RUA;SANTA LUZIA;15500086;17;34266700;1;15000;27JAN2020:00:00:00;21DEC2020:00:00:00;0;0;0;0;0;0;0;0;0;0;0;1;0;3,70981E+12;3,70981E+12;1;1;0;0;1;3;0;0;0;0;0;0;0;0;0;0;0;0;1;1;0;0;0;0;1;0;0;0;0;0;1;0;0;0;0;1;0;0;0;0;0;0;0;1;0;1;0;1;0;0;0;0;1;0;1;0;0;0;0;0;1;0;0;0;0;1;1;1;0;0;0;0;0;0;0;0;0;0;1;0;1;0;1;0;0;0;0;0;0;0;0;0;0;0;0;0;0;1;0;7;0;7;0;0;1;1;1;1;1;0;0;1;5;1;5;1;3;0;0;0;0;0;0;0;0;0;0;0;0;0;0;0;0;0;1;10;1;7;1;1;0;0;1;1;1;1;1;1;1;2;0;0;1;88888;0;0;1;1;0;0;0;0;0;0;0;0;0;0;0;0;1;1;1;1;0;0;0;0;0;0;0;0;0;0;0;0;0;1;0;0;0;0;1;0;0;0;0;0;0;0;0;0;0;0;0;0;0;0;0;0;0;0;0;0;0;0;0;0;1;1;0;0;0;0;0;0;1;1;0;0;1;0;0;0;1;1;0;1;0;0;0;0;0;0;0;1;1;0;0;0;1;1;0;230;0;0;0;0;0;0;0;230;230;0;0;0;2;2;0;174;56;68;115;9;37;0;1;0;0;0;0;6;224;136;94;0;0;0;0;0;0;0;0;11;0;0;0;0;0;0;0;11;11;0;0;0;2;2;0;11;0;0;0;0;0;0;0;11;11;0;0;0;2;2;0
2020;Sul;4;Paraná;PR;41;Apucarana;4101408;Norte Central Paranaense;4103;Apucarana;41010;410140805;41152085;UEPT 5 - UNIDADE DE EDUCACAO PROFISSIONAL E TECNOLOGICA DE APUCARANA- SENAC;4;1;1;0;GASTAO VIDIGAL;185;;JABOTI;86800050;43;34202800;1;1;01JAN2020:00:00:00;31DEC2020:00:00:00;0;0;0;0;0;0;0;0;0;0;0;1;0;3,54109E+12;3,54109E+12;1;1;0;0;1;1;0;0;0;0;0;0;0;0;0;1;0;0;1;1;0;0;0;0;1;0;0;0;0;0;1;0;0;0;0;1;0;0;0;0;0;0;0;1;0;0;0;1;0;1;0;0;1;0;1;1;0;0;1;1;1;0;0;0;0;1;1;0;0;0;0;0;0;0;0;0;0;0;1;1;1;0;1;0;0;0;0;0;0;1;1;1;1;1;0;0;1;0;0;17;0;17;0;0;1;1;1;1;1;1;0;1;1;1;1;1;1;1;1;1;12;0;0;0;0;0;0;0;0;0;0;0;0;0;1;39;0;0;0;0;0;0;1;1;1;1;0;1;1;3;1;0;1;2;0;0;0;0;1;88888;0;0;0;0;0;0;0;0;1;2;1;1;1;1;0;0;0;0;1;1;0;0;0;0;0;0;0;1;0;1;0;1;1;0;0;0;0;0;0;0;0;0;0;0;0;0;0;0;0;0;0;1;0;1;0;0;0;0;1;0;0;0;0;0;0;0;1;0;0;0;1;0;0;0;1;1;0;1;0;0;0;0;0;0;0;1;1;0;0;0;0;0;0;96;0;0;0;0;0;0;0;96;42;0;0;0;0;0;0;54;42;75;11;3;7;0;0;0;0;0;3;49;44;54;42;0;0;0;0;0;0;0;0;23;0;0;0;0;0;0;0;23;22;0;0;0;0;0;0;5;0;0;0;0;0;0;0;5;3;0;0;0;0;0;0
2020;Sul;4;Paraná;PR;41;Barracão;4102604;Sudoeste Paranaense;4107;Francisco Beltrão;41026;410260405;41152336;UEP 41 - UNIDADE DE EDUCACAO PROFISSIONAL E TECNOLOGICA DE BARRACAO- SENAC;4;0;1;0;AV. BRASILIA;60;1 ANDAR;CENTRO;85700000;49;36440317;2;12;0;0;0;0;0;0;0;0;0;0;0;0;0;0;0;;;0;0;0;0;0;0;0;0;0;0;0;0;0;0;0;0;0;0;0;0;0;0;0;0;0;0;0;0;0;0;0;0;0;0;0;0;0;0;0;0;0;0;0;0;0;0;0;0;0;0;0;0;0;0;0;0;0;0;0;0;0;0;0;0;0;0;0;0;0;0;0;0;0;0;0;0;0;0;0;0;0;0;0;0;0;0;0;0;0;0;0;0;0;0;0;0;0;0;0;0;0;0;0;0;0;0;0;0;0;0;0;0;0;0;0;0;0;0;0;0;0;0;0;0;0;0;0;0;0;0;0;0;0;0;0;0;0;0;0;0;0;0;0;0;0;0;0;0;0;0;0;0;0;0;0;0;0;0;0;0;0;0;0;0;0;0;0;0;0;0;0;0;0;0;0;0;0;0;0;0;0;0;0;0;0;0;0;0;0;0;0;0;0;0;0;0;0;0;0;0;0;0;0;0;0;0;0;0;0;0;0;0;0;0;0;0;0;0;0;0;0;0;0;0;0;0;0;0;0;0;0;0;0;0;0;0;0;0;0;0;0;0;0;0;0;0;0;0;0;0;0;0;0;0;0;0;0;0;0;0;0;0;0;0;0;0;0;0;0;0;0;0;0;0;0;0;0;0;0;0;0;0;0;0;0;0;0;0;0;0;0;0;0;0;0;0;0;0;0;0;0;0;0;0;0;0;0;0;0;0;0;0;0;0;0;0;0;0;0;0;0;0;0;0;0
2020;Sul;4;Paraná;PR;41;Campo Mourão;4104303;Centro Ocidental Paranaense;4102;Campo Mourão;41005;410430305;41152140;UEPT 11- UNIDADE DE EDUCACAO PROFISSIONAL E TECNOLOGICA DE CAMPO MOURAO SENAC;4;1;1;0;RUA SAO JOSAFAT;1651;;CENTRO;87302170;44;35185600;1;5;06JAN2020:00:00:00;18DEC2020:00:00:00;0;0;0;0;0;0;0;0;0;0;0;1;0;3,54109E+12;3,54109E+12;1;1;0;0;1;1;0;0;0;0;0;0;0;0;0;1;0;0;1;1;0;0;0;0;1;0;0;0;0;0;1;0;0;0;0;1;0;0;0;0;0;0;0;1;0;0;0;1;0;1;0;0;1;0;1;1;0;0;1;1;1;0;0;0;0;1;1;0;0;0;0;0;0;0;0;0;0;0;1;1;1;0;1;0;0;0;0;0;0;1;1;1;1;1;0;0;1;0;0;19;0;19;0;0;1;1;1;1;1;1;0;1;1;1;1;1;1;1;2;1;15;0;0;0;0;0;0;0;0;0;0;0;0;0;1;65;0;0;0;0;0;0;1;1;1;1;0;1;1;3;1;0;1;9;0;0;1;2;1;8;0;0;0;0;0;0;0;0;1;3;1;1;1;1;0;0;1;2;1;1;0;0;0;0;0;0;0;1;0;1;0;1;1;0;0;0;0;0;0;0;0;0;0;0;0;0;0;0;0;0;0;1;0;1;0;0;0;0;1;0;0;0;0;0;0;0;1;0;0;0;1;0;0;0;1;1;0;1;0;0;0;0;0;0;0;1;1;0;0;0;1;1;0;271;0;0;0;0;0;0;0;271;159;0;0;0;3;3;0;162;109;137;101;6;25;2;0;0;0;0;2;84;185;112;159;0;0;0;0;0;0;0;0;38;0;0;0;0;0;0;0;38;30;0;0;0;15;15;0;15;0;0;0;0;0;0;0;15;8;0;0;0;2;2;0
2020;Sul;4;Paraná;PR;41;Cascavel;4104808;Oeste Paranaense;4106;Cascavel;41023;410480805;41152077;UEPT 4 - UNIDADE DE EDUCACAO PROFISSIONAL E TECNOLOGICA DE CASCAVEL- SENAC;4;1;1;0;RUA RECIFE;2283;;CENTRO;85810031;45;33921200;1;6;06JAN2020:00:00:00;18DEC2020:00:00:00;0;0;0;0;0;0;0;0;0;0;0;1;0;3,54109E+12;3,54109E+12;1;1;0;0;1;1;0;0;0;0;0;0;0;0;0;1;0;0;1;1;0;0;0;0;1;0;0;0;0;0;1;0;0;0;0;1;0;0;0;0;0;0;0;1;0;0;0;1;0;1;0;0;1;0;1;1;0;0;1;1;1;0;0;0;0;1;1;0;0;0;0;0;0;0;0;0;0;0;1;1;1;0;1;0;0;0;0;0;0;1;1;1;1;1;0;0;1;0;0;12;0;12;0;0;1;1;1;1;1;1;0;1;1;1;1;1;1;1;2;1;15;0;0;0;0;0;0;0;0;0;0;0;0;0;1;44;0;0;0;0;0;0;1;1;1;1;0;1;1;3;1;0;1;3;0;0;1;2;1;10;0;0;0;0;0;0;0;0;0;0;1;3;1;1;0;0;0;0;1;1;0;0;0;0;0;0;0;1;0;1;0;1;1;0;0;0;0;0;0;0;0;0;0;0;0;0;0;0;0;0;0;1;0;1;0;0;0;0;1;0;0;0;0;0;0;0;1;0;0;0;1;0;0;0;1;1;0;1;0;0;0;0;0;0;0;1;1;0;0;0;1;1;0;385;0;0;0;0;0;0;0;385;229;0;0;0;4;4;0;271;114;283;77;3;22;0;0;0;0;0;18;131;236;217;168;0;0;0;0;0;0;0;0;57;0;0;0;0;0;0;0;57;52;0;0;0;19;19;0;22;0;0;0;0;0;0;0;22;11;0;0;0;4;4;0
2020;Sul;4;Paraná;PR;41;Castro;4104907;Centro Oriental Paranaense;4105;Ponta Grossa;41021;410490705;41152174;UEPT 14 - UNIDADE DE EDUCACAO PROFISSIONAL E TECNOLOGICA DE CASTRO - SENAC;4;1;1;0;RUA ALFREDO LUIZ DE MATTOS;273;;CENTRO;84165030;42;32338650;1;25;06JAN2020:00:00:00;18DEC2020:00:00:00;0;0;0;0;0;0;0;0;0;0;0;1;0;3,54109E+12;3,54109E+12;1;1;0;0;1;1;0;0;0;0;0;0;0;0;0;1;0;0;1;1;0;0;0;0;1;0;0;0;0;0;1;0;0;0;0;1;0;0;0;0;0;0;0;1;0;0;0;1;0;1;0;0;1;0;1;1;0;0;1;1;1;0;0;0;0;1;1;0;0;0;0;0;0;0;0;0;0;0;1;1;1;0;1;0;0;0;0;0;0;1;1;1;1;1;0;0;1;0;0;6;0;6;0;0;1;1;1;1;1;1;0;1;1;1;1;1;1;1;2;1;88888;0;0;0;0;0;0;0;0;0;0;0;0;0;1;25;0;0;0;0;0;0;1;1;1;1;0;1;1;3;1;0;1;3;0;0;0;0;1;5;0;0;0;0;0;0;0;0;0;0;1;1;1;1;0;0;0;0;1;1;0;0;0;0;0;0;0;1;0;1;0;1;1;0;0;0;0;0;0;0;0;0;0;0;0;0;0;0;0;0;0;1;0;1;0;0;0;0;1;0;0;0;0;0;0;0;1;0;0;0;1;0;0;0;1;1;0;1;0;0;0;0;0;0;0;1;1;0;0;0;0;0;0;128;0;0;0;0;0;0;0;128;91;0;0;0;0;0;0;91;37;29;97;2;0;0;0;0;0;0;1;35;92;53;75;0;0;0;0;0;0;0;0;34;0;0;0;0;0;0;0;34;32;0;0;0;0;0;0;7;0;0;0;0;0;0;0;7;5;0;0;0;0;0;0
2020;Sul;4;Paraná;PR;41;Cornélio Procópio;4106407;Norte Pioneiro Paranaense;4104;Cornélio Procópio;41015;410640705;41152280;UEPT 30 - UNIDADE DE EDUCACAO PROFISSIONAL E TECNOLOGICA DE CORNELIO PROCOPIO- SENAC;4;1;1;0;AV. MINAS GERAIS;751;;CENTRO;86300000;43;35206500;1;8;06JAN2020:00:00:00;18DEC2020:00:00:00;0;0;0;0;0;0;0;0;0;0;0;1;0;3,54109E+12;3,54109E+12;1;1;0;0;1;1;0;0;0;0;0;0;0;0;0;1;0;0;1;1;0;0;0;0;1;0;0;0;0;0;1;0;0;0;0;1;0;0;0;0;0;0;0;1;0;0;0;1;0;1;0;0;1;0;1;1;0;0;1;1;1;0;0;0;0;1;1;0;0;0;0;0;0;0;0;0;0;0;1;1;1;0;1;0;0;0;0;0;0;1;1;1;1;1;0;0;1;0;0;8;0;8;0;0;1;1;1;1;1;1;0;1;1;1;1;1;1;1;1;1;88888;0;0;0;0;0;0;0;0;0;0;0;0;0;1;30;0;0;0;0;0;0;1;1;1;1;0;1;1;3;1;0;1;2;0;0;0;0;1;88888;0;0;0;0;0;0;0;0;0;0;1;2;1;1;0;0;0;0;1;1;0;0;0;0;0;0;0;1;0;1;0;1;1;0;0;0;0;0;0;0;0;0;0;0;0;0;0;0;0;0;0;1;0;1;0;0;0;0;1;0;0;0;0;0;0;0;1;0;0;0;1;0;0;0;1;1;0;1;0;0;0;0;0;0;0;1;1;0;0;0;0;0;0;89;0;0;0;0;0;0;0;89;59;0;0;0;0;0;0;59;30;68;14;1;6;0;0;0;0;0;0;19;70;30;59;0;0;0;0;0;0;0;0;14;0;0;0;0;0;0;0;14;11;0;0;0;0;0;0;6;0;0;0;0;0;0;0;6;4;0;0;0;0;0;0
2020;Sul;4;Paraná;PR;41;Curitiba;4106902;Metropolitana de Curitiba;4110;Curitiba;41037;410690205;41152239;UEP 20 - UNIDADE DE EDUCACAO PROFISSIONAL DO PORTAO- SENAC;4;0;1;0;RUA CALIXTO RAZOLINI;215;;PORTAO;81070060;41;32293439;2;9;0;0;0;0;0;0;0;0;0;0;0;0;0;0;0;;;0;0;0;0;0;0;0;0;0;0;0;0;0;0;0;0;0;0;0;0;0;0;0;0;0;0;0;0;0;0;0;0;0;0;0;0;0;0;0;0;0;0;0;0;0;0;0;0;0;0;0;0;0;0;0;0;0;0;0;0;0;0;0;0;0;0;0;0;0;0;0;0;0;0;0;0;0;0;0;0;0;0;0;0;0;0;0;0;0;0;0;0;0;0;0;0;0;0;0;0;0;0;0;0;0;0;0;0;0;0;0;0;0;0;0;0;0;0;0;0;0;0;0;0;0;0;0;0;0;0;0;0;0;0;0;0;0;0;0;0;0;0;0;0;0;0;0;0;0;0;0;0;0;0;0;0;0;0;0;0;0;0;0;0;0;0;0;0;0;0;0;0;0;0;0;0;0;0;0;0;0;0;0;0;0;0;0;0;0;0;0;0;0;0;0;0;0;0;0;0;0;0;0;0;0;0;0;0;0;0;0;0;0;0;0;0;0;0;0;0;0;0;0;0;0;0;0;0;0;0;0;0;0;0;0;0;0;0;0;0;0;0;0;0;0;0;0;0;0;0;0;0;0;0;0;0;0;0;0;0;0;0;0;0;0;0;0;0;0;0;0;0;0;0;0;0;0;0;0;0;0;0;0;0;0;0;0;0;0;0;0;0;0;0;0;0;0;0;0;0;0;0;0;0;0;0;0;0;0;0;0;0;0;0;0;0;0;0;0;0;0;0;0;0;0
2020;Sul;4;Paraná;PR;41;Curitiba;4106902;Metropolitana de Curitiba;4110;Curitiba;41037;410690205;41156218;UEPT 46 - UNIDADE DE EDUCACAO PROFISSIONAL E TECNOLOGICA CURITIBA PORTAO- SENAC;4;1;1;0;RUA CALIXTO RAZOLINI;215;;PORTAO;81070060;41;33145850;1;9;06JAN2020:00:00:00;18DEC2020:00:00:00;0;0;0;0;0;0;0;0;0;0;0;1;0;3,54109E+12;3,54109E+12;1;1;0;0;1;1;0;0;0;0;0;0;0;0;0;1;0;0;1;1;0;0;0;0;1;0;0;0;1;0;1;0;0;0;0;1;0;0;0;0;0;0;0;1;0;0;0;1;0;1;0;0;1;0;1;1;0;0;1;1;1;0;0;0;0;1;1;0;0;0;0;0;0;0;0;0;0;0;1;1;1;0;1;0;0;0;0;0;0;1;1;1;1;1;0;0;1;0;0;15;0;15;15;15;1;1;1;1;1;1;0;1;1;1;1;1;1;1;1;1;88888;0;0;0;0;0;0;0;0;0;0;0;0;0;1;72;1;50;0;0;0;0;1;1;1;1;0;1;1;3;1;0;1;6;0;0;1;1;1;15;0;0;0;0;0;0;0;0;1;3;1;3;1;1;0;0;1;2;1;1;0;0;0;0;0;0;0;1;0;1;0;1;1;0;0;0;0;0;0;0;0;0;0;0;0;0;0;0;0;0;0;1;0;1;0;0;0;0;1;0;0;0;0;0;0;0;1;0;0;0;1;0;1;0;1;1;1;1;0;0;0;0;0;0;0;1;1;0;0;0;1;1;0;1271;0;0;0;0;0;0;0;1271;134;0;0;0;16;16;0;557;714;966;143;7;153;2;0;0;0;0;27;903;341;37;99;1135;0;0;0;0;0;0;0;40;0;0;0;0;0;0;0;40;30;0;0;0;20;20;0;79;0;0;0;0;0;0;0;79;10;0;0;0;14;14;0
2020;Sul;4;Paraná;PR;41;Curitiba;4106902;Metropolitana de Curitiba;4110;Curitiba;41037;410690205;41376897;UEPT 1 - UNIDADE DE EDUCACAO PROFISSIONAL E TECNOLOGICA DE CURITIBA - SENAC;4;1;1;0;RUA ANDRE DE BARROS;750;;CENTRO;80010080;41;32194700;1;9;06JAN2020:00:00:00;18DEC2020:00:00:00;0;0;0;0;0;0;0;0;0;0;0;1;0;3,54109E+12;3,54109E+12;1;1;0;0;1;1;0;0;0;0;0;0;0;0;0;1;0;0;1;1;0;0;0;0;1;0;0;0;0;0;1;0;0;0;0;1;0;0;0;0;0;0;0;1;0;0;0;1;0;1;0;0;1;0;1;1;0;0;1;1;1;0;0;0;0;1;1;0;0;0;0;0;0;0;0;0;0;0;1;1;1;0;1;0;0;0;0;0;0;1;1;1;1;1;0;0;1;0;0;76;0;76;0;0;1;1;1;1;1;1;0;1;1;1;1;1;1;1;2;1;83;0;0;0;0;0;0;0;0;0;0;0;0;0;1;257;1;24;0;0;0;0;1;1;1;1;0;1;1;3;1;0;1;9;1;3;1;1;1;32;0;0;0;0;0;0;0;0;1;15;1;13;1;1;0;0;0;0;1;1;0;0;0;0;0;0;0;1;0;1;0;1;1;0;0;0;0;0;0;0;0;0;0;0;0;0;0;0;0;0;0;1;0;1;0;0;0;0;1;0;0;0;0;0;0;0;1;0;0;0;1;0;0;0;1;1;0;1;0;0;0;0;0;0;0;1;1;0;0;0;1;1;0;1338;0;0;0;0;0;0;0;1338;436;0;0;0;9;9;0;787;551;1042;238;11;46;1;0;0;0;0;24;736;578;1240;98;0;0;0;0;0;0;0;0;114;0;0;0;0;0;0;0;114;86;0;0;0;25;25;0;91;0;0;0;0;0;0;0;91;33;0;0;0;9;9;0
2020;Sul;4;Paraná;PR;41;Foz do Iguaçu;4108304;Oeste Paranaense;4106;Foz do Iguaçu;41024;410830405;41152093;UEPT 6 - UNIDADE DE EDUCACAO PROFISSIONAL E TECNOLOGICA DE FOZ DO IGUACU - SENAC;4;1;1;0;RUA JOAO ROUVER;160;;CENTRO;85851300;45;35216200;1;11;06JAN2020:00:00:00;18DEC2020:00:00:00;0;0;0;0;0;0;0;0;0;0;0;1;0;3,54109E+12;3,54109E+12;1;1;0;0;1;1;0;0;0;0;0;0;0;0;0;1;0;0;1;1;0;0;0;0;1;0;0;0;0;0;1;0;0;0;0;1;0;0;0;0;0;0;0;1;0;0;0;1;0;1;0;0;1;0;1;1;0;0;1;1;1;0;0;0;0;1;1;0;0;0;0;0;0;0;0;0;0;0;1;1;1;0;1;0;0;0;0;0;0;1;1;1;1;1;0;0;1;0;0;15;0;15;0;0;0;1;1;1;1;1;0;1;1;1;1;1;1;1;2;1;12;0;0;0;0;0;0;0;0;0;0;0;0;0;1;30;0;0;0;0;0;0;1;1;1;1;0;1;1;3;1;0;1;3;0;0;1;1;1;5;0;0;0;0;1;1;0;0;1;2;1;2;1;1;0;0;0;0;1;1;0;0;0;0;0;0;0;1;0;1;0;1;1;0;0;0;0;0;0;0;0;0;0;0;0;0;0;0;0;0;0;1;0;1;0;0;0;0;1;0;0;0;0;0;0;0;1;0;0;0;1;0;0;0;1;1;0;1;0;0;0;0;0;0;0;1;1;0;0;0;1;1;0;167;0;0;0;0;0;0;0;167;83;0;0;0;3;3;0;121;46;24;50;5;87;1;0;0;0;0;1;63;103;84;83;0;0;0;0;0;0;0;0;38;0;0;0;0;0;0;0;38;34;0;0;0;13;13;0;9;0;0;0;0;0;0;0;9;5;0;0;0;2;2;0
2020;Sul;4;Paraná;PR;41;Francisco Beltrão;4108403;Sudoeste Paranaense;4107;Francisco Beltrão;41026;410840305;41152190;UEPT 16 - UNIDADE DE EDUCACAO PROFISSIONAL E TECNOLOGICA DE FRANCISCO BELTRAO- SENAC;4;1;1;0;AV. JULIO ASSIS CAVALHEIRO;2191;;CENTRO;85601000;46;39056800;1;12;06JAN2020:00:00:00;18DEC2020:00:00:00;0;0;0;0;0;0;0;0;0;0;0;1;0;3,54109E+12;3,54109E+12;1;1;0;0;1;1;0;0;0;0;0;0;0;0;0;1;0;0;1;1;0;0;0;0;1;0;0;0;0;0;1;0;0;0;0;1;0;0;0;0;0;0;0;1;0;0;0;1;0;1;0;0;1;0;1;1;0;0;1;1;1;0;0;0;0;1;1;0;0;0;0;0;0;0;0;0;0;0;1;1;1;0;1;0;0;0;0;0;0;1;1;1;1;1;0;0;1;0;0;14;0;14;0;0;1;1;1;1;1;1;0;1;1;1;1;1;1;0;0;1;16;0;0;0;0;0;0;0;0;0;0;0;0;0;1;36;0;0;0;0;0;0;1;1;1;1;0;1;1;3;1;0;1;2;0;0;1;1;0;0;0;0;0;0;0;0;0;0;0;0;1;2;1;1;0;0;0;0;1;1;0;0;0;0;0;0;0;1;0;1;0;1;1;0;0;0;0;0;0;0;0;0;0;0;0;0;0;0;0;0;0;1;0;1;0;0;0;0;1;0;0;0;0;0;0;0;1;0;0;0;1;0;0;0;1;1;0;1;0;0;0;0;0;0;0;1;1;0;0;0;1;1;0;193;0;0;0;0;0;0;0;193;169;0;0;0;3;3;0;167;26;15;164;0;14;0;0;0;0;0;3;24;166;24;169;0;0;0;0;0;0;0;0;32;0;0;0;0;0;0;0;32;31;0;0;0;20;20;0;10;0;0;0;0;0;0;0;10;9;0;0;0;3;3;0
2020;Sul;4;Paraná;PR;41;Guarapuava;4109401;Centro-Sul Paranaense;4108;Guarapuava;41029;410940105;41152107;UEPT 7 - UNIDADE DE EDUCACAO PROFISSIONAL E TECNOLOGICA DE GUARAPUAVA- SENAC;4;1;1;0;RUA PADRE CHAGAS;3899;C.P. 787;CENTRO;85010020;42;36267500;1;14;06JAN2020:00:00:00;18DEC2020:00:00:00;0;0;0;0;0;0;0;0;0;0;0;1;0;3,54109E+12;3,54109E+12;1;1;0;0;1;1;0;0;0;0;0;0;0;0;0;1;0;0;1;1;0;0;0;0;1;0;0;0;0;0;1;0;0;0;0;1;0;0;0;0;0;0;0;1;0;0;0;1;0;1;0;0;1;0;1;1;0;0;1;1;1;0;0;0;0;1;1;0;0;0;0;0;0;0;0;0;0;0;1;1;1;0;1;0;0;0;0;0;0;1;1;1;1;1;0;0;1;0;0;9;0;9;0;0;1;1;1;1;1;1;0;1;1;1;1;1;1;1;3;1;10;0;0;0;0;0;0;0;0;0;0;0;0;0;1;40;0;0;0;0;0;0;1;1;1;1;0;1;1;3;1;0;1;3;0;0;0;0;1;88888;0;0;0;0;0;0;0;0;0;0;1;1;1;1;1;1;0;0;1;1;0;0;0;0;0;0;0;1;0;1;0;1;1;0;0;0;0;0;0;0;0;0;0;0;0;0;0;0;0;0;0;1;0;1;0;0;0;0;1;0;0;0;0;0;0;0;1;0;0;0;1;0;0;0;1;1;0;1;0;0;0;0;0;0;0;1;1;0;0;0;0;0;0;146;0;0;0;0;0;0;0;146;12;0;0;0;0;0;0;42;104;140;4;0;2;0;0;0;0;0;2;115;29;132;14;0;0;0;0;0;0;0;0;18;0;0;0;0;0;0;0;18;11;0;0;0;0;0;0;9;0;0;0;0;0;0;0;9;2;0;0;0;0;0;0
2020;Sul;4;Paraná;PR;41;Irati;4110706;Sudeste Paranaense;4109;Irati;41032;411070605;41152204;UEPT 17 - UNIDADE DE EDUCACAO PROFISSIONAL E TECNOLOGICA DE IRATI- SENAC;4;1;1;0;AV. VICENTE MACHADO;24;;CENTRO;84500039;42;34216400;1;15;01JAN2020:00:00:00;31DEC2020:00:00:00;0;0;0;0;0;0;0;0;0;0;0;1;0;3,54109E+12;3,54109E+12;1;1;0;0;1;1;0;0;0;0;0;0;0;0;0;1;0;0;1;1;0;0;0;0;1;0;0;0;0;0;1;0;0;0;0;1;0;0;0;0;0;0;0;1;0;0;0;1;0;1;0;0;1;0;1;1;0;0;1;1;1;0;0;0;0;1;1;0;0;0;0;0;0;0;0;0;0;0;1;1;1;0;1;0;0;0;0;0;0;1;1;1;1;1;0;0;1;0;0;9;0;9;0;0;1;1;1;1;1;1;0;1;1;1;1;1;1;1;2;1;88888;0;0;0;0;0;0;0;0;0;0;0;0;0;1;14;0;0;0;0;0;0;1;1;1;1;0;1;1;3;1;0;1;2;0;0;0;0;1;88888;0;0;0;0;0;0;0;0;0;0;1;1;1;1;0;0;0;0;1;1;0;0;0;0;0;0;0;1;0;1;0;1;1;0;0;0;0;0;0;0;0;0;0;0;0;0;0;0;0;0;0;1;0;1;0;0;0;0;1;0;0;0;0;0;0;0;1;0;0;0;1;0;0;0;1;1;0;1;0;0;0;0;0;0;0;1;1;0;0;0;1;1;0;118;0;0;0;0;0;0;0;118;83;0;0;0;1;1;0;84;34;52;61;1;4;0;0;0;0;0;0;26;92;35;83;0;0;0;0;0;0;0;0;32;0;0;0;0;0;0;0;32;28;0;0;0;19;19;0;6;0;0;0;0;0;0;0;6;4;0;0;0;1;1;0
2020;Sul;4;Paraná;PR;41;Ivaiporã;4111506;Norte Central Paranaense;4103;Ivaiporã;41013;411150605;41152255;UEPT 22 - UNIDADE DE EDUCACAO PROFISSIONAL E TECNOLOGICA DE IVAIPORA SENAC;4;1;1;0;AV. APARICIO CARDOSO BITENCOURT;950;;JARDIM IMPERIAL;86870000;43;34728200;1;16;06JAN2020:00:00:00;18DEC2020:00:00:00;0;0;0;0;0;0;0;0;0;0;0;1;0;3,54109E+12;3,54109E+12;1;1;0;0;1;1;0;0;0;0;0;0;0;0;0;1;0;0;1;1;0;0;0;0;1;0;0;0;0;0;1;0;0;0;0;1;0;0;0;0;0;0;0;1;0;0;0;1;0;1;0;0;1;0;1;1;0;0;1;1;1;0;0;0;0;1;1;0;0;0;0;0;0;0;0;0;0;0;1;1;1;0;1;0;0;0;0;0;0;1;1;1;1;1;0;0;1;0;0;10;0;10;0;0;1;1;1;1;1;1;0;1;1;1;1;1;1;1;1;1;12;0;0;0;0;0;0;0;0;0;0;0;0;0;1;29;0;0;0;0;0;0;1;1;1;1;0;1;1;3;1;0;1;3;0;0;0;0;1;88888;0;0;0;0;0;0;0;0;1;2;1;1;1;1;0;0;1;1;1;1;0;0;0;0;0;0;0;1;0;1;0;1;1;0;0;0;0;0;0;0;0;0;0;0;0;0;0;0;0;0;0;1;0;1;0;0;0;0;1;0;0;0;0;0;0;0;1;0;0;0;1;0;0;0;1;1;0;1;0;0;0;0;0;0;0;1;1;0;0;0;1;1;0;67;0;0;0;0;0;0;0;67;44;0;0;0;1;1;0;36;31;25;33;1;7;1;0;0;0;0;0;17;50;23;44;0;0;0;0;0;0;0;0;16;0;0;0;0;0;0;0;16;15;0;0;0;7;7;0;4;0;0;0;0;0;0;0;4;3;0;0;0;1;1;0
2020;Sul;4;Paraná;PR;41;Jacarezinho;4111803;Norte Pioneiro Paranaense;4104;Jacarezinho;41016;411180305;41152220;UEPT 19 - UNIDADE DE EDUCACAO PROFISSIONAL E TECNOLOGICA DE JACAREZINHO- SENAC;4;1;1;0;RUA DOIS DE ABRIL;742;;CENTRO;86400000;43;35113000;1;17;06JAN2020:00:00:00;18DEC2020:00:00:00;0;0;0;0;0;0;0;0;0;0;0;1;0;3,54109E+12;3,54109E+12;1;1;0;0;1;1;0;0;0;0;0;0;0;0;0;1;0;0;1;1;0;0;0;0;1;0;0;0;0;0;1;0;0;0;0;1;0;0;0;0;0;0;0;1;0;0;0;1;0;1;0;0;1;0;1;1;0;0;1;1;1;0;0;0;0;1;1;0;0;0;0;0;0;0;0;0;0;0;1;1;1;0;1;0;0;0;0;0;0;1;1;1;1;1;0;0;1;0;0;9;0;9;0;0;1;1;1;1;1;1;0;1;1;1;1;1;1;1;1;1;12;0;0;0;0;0;0;0;0;0;0;0;0;0;1;88888;0;0;0;0;0;0;1;1;1;1;0;1;1;3;1;0;1;2;0;0;0;0;1;88888;0;0;0;0;0;0;0;0;1;2;1;1;1;1;0;0;1;1;1;1;0;0;0;0;0;0;0;1;0;1;0;1;1;0;0;0;0;0;0;0;0;0;0;0;0;0;0;0;0;0;0;1;0;1;0;0;0;0;1;0;0;0;0;0;0;0;1;0;0;0;1;0;0;0;1;1;0;1;0;0;0;0;0;0;0;1;1;0;0;0;0;0;0;23;0;0;0;0;0;0;0;23;16;0;0;0;0;0;0;14;9;5;12;2;3;1;0;0;0;0;0;1;22;7;16;0;0;0;0;0;0;0;0;11;0;0;0;0;0;0;0;11;6;0;0;0;0;0;0;3;0;0;0;0;0;0;0;3;1;0;0;0;0;0;0
2020;Sul;4;Paraná;PR;41;Londrina;4113700;Norte Central Paranaense;4103;Londrina;41011;411370005;41152050;UEPT 2 - UNIDADE DE EDUCACAO PROFISSIONAL E TECNOLOGICA DE LONDRINA CENTRO- SENAC;4;1;1;0;RUA RAPOSO TAVARES;894;;CENTRO;86010580;43;35725500;1;18;06JAN2020:00:00:00;18DEC2020:00:00:00;0;0;0;0;0;0;0;0;0;0;0;1;0;3,54109E+12;3,54109E+12;1;1;0;0;1;1;0;0;0;0;0;0;0;0;0;1;0;0;1;1;0;0;0;0;1;0;0;0;0;0;1;0;0;0;0;1;0;0;0;0;0;0;0;1;0;0;0;1;0;1;0;0;1;0;1;1;0;0;1;1;1;0;0;0;0;1;1;0;0;0;0;0;0;0;0;0;0;0;1;1;1;0;1;0;0;0;0;0;0;1;1;1;1;1;0;0;1;0;0;17;0;17;0;0;1;1;1;1;1;1;0;1;1;1;1;1;1;0;0;1;21;0;0;0;0;0;0;0;0;0;0;0;0;0;1;94;0;0;0;0;0;0;1;1;1;1;0;1;1;3;1;0;1;3;0;0;1;1;1;88888;0;0;0;0;0;0;0;0;1;2;1;4;1;1;0;0;0;0;1;1;0;0;0;0;0;0;0;1;0;1;0;1;1;0;0;0;0;0;0;0;0;0;0;0;0;0;0;0;0;0;0;1;0;1;0;0;0;0;1;0;0;0;0;0;0;0;1;0;0;0;1;0;0;0;1;1;0;1;0;0;0;0;0;0;0;1;1;0;0;0;1;1;0;260;0;0;0;0;0;0;0;260;94;0;0;0;6;6;0;103;157;240;15;0;4;1;0;0;0;0;2;138;120;165;95;0;0;0;0;0;0;0;0;36;0;0;0;0;0;0;0;36;23;0;0;0;12;12;0;21;0;0;0;0;0;0;0;21;7;0;0;0;3;3;0
2020;Sul;4;Paraná;PR;41;Londrina;4113700;Norte Central Paranaense;4103;Londrina;41011;411370005;41158490;UEPT42 - UNIDADE DE EDUCACAO PROFISSIONAL E TECNOLOGICA DE LONDRINA NORTE - SENAC;4;1;1;0;RUA CEGONHA;100;;CONJUNTO HABITACIONAL VIOLIN;86084635;43;35727950;1;18;06JAN2020:00:00:00;18DEC2020:00:00:00;0;0;0;0;0;0;0;0;0;0;0;1;0;3,54109E+12;3,54109E+12;1;1;0;0;1;1;0;0;0;0;0;0;0;0;0;1;0;0;1;1;0;0;0;0;1;0;0;0;0;0;1;0;0;0;0;1;0;0;0;0;0;0;0;1;0;0;0;1;0;1;0;0;1;0;1;1;0;0;1;1;1;0;0;0;0;1;1;0;0;0;0;0;0;0;0;0;0;0;1;1;1;0;1;0;0;0;0;0;0;1;1;1;1;1;0;0;1;0;0;12;0;12;0;0;1;1;1;1;1;1;0;1;1;1;1;1;1;0;0;1;10;0;0;0;0;0;0;0;0;0;0;0;0;0;1;37;1;28;0;0;0;0;1;1;1;1;0;1;1;3;1;0;1;7;0;0;1;1;1;88888;0;0;0;0;0;0;0;0;1;2;1;2;1;1;0;0;0;0;1;1;0;0;0;0;0;0;0;1;0;1;0;1;1;0;0;0;0;0;0;0;0;0;0;0;0;0;0;0;0;0;0;1;0;1;0;0;0;0;1;0;0;0;0;0;0;0;1;0;0;0;1;0;0;0;1;1;0;1;0;0;0;0;0;0;0;1;1;0;0;0;1;1;0;183;0;0;0;0;0;0;0;183;112;0;0;0;1;1;0;133;50;150;22;5;6;0;0;0;0;0;1;55;127;71;112;0;0;0;0;0;0;0;0;36;0;0;0;0;0;0;0;36;33;0;0;0;6;6;0;12;0;0;0;0;0;0;0;12;7;0;0;0;1;1;0
2020;Sul;4;Paraná;PR;41;Marechal Cândido Rondon;4114609;Oeste Paranaense;4106;Toledo;41022;411460905;41153618;UEPT - UNIDADE DE EDUCACAO PROFISSIONAL E TECNOLOGICA DE MARECHAL CANDIDO RONDON - SENAC;4;1;1;0;RUA SANTA CATARINA;5736;;VILA GAUCHA;85960000;45;32844200;1;27;06JAN2020:00:00:00;18DEC2020:00:00:00;0;0;0;0;0;0;0;0;0;0;0;1;0;3,54109E+12;3,54109E+12;1;1;0;0;1;1;0;0;0;0;0;0;0;0;0;1;0;0;1;1;0;0;0;0;1;0;0;0;0;0;1;0;0;0;0;1;0;0;0;0;0;0;0;1;0;0;0;1;0;1;0;0;1;0;1;1;0;0;1;1;1;0;0;0;0;1;1;0;0;0;0;0;0;0;0;0;0;0;1;1;1;0;1;0;0;0;0;0;0;1;1;1;1;1;0;0;1;0;0;7;0;7;0;0;1;1;1;1;1;1;0;1;1;1;1;1;1;1;2;1;88888;0;0;0;0;0;0;0;0;0;0;0;0;0;1;32;0;0;0;0;0;0;1;1;1;1;0;1;1;3;1;0;1;2;0;0;0;0;1;88888;0;0;0;0;0;0;0;0;0;0;1;2;1;1;0;0;0;0;1;1;0;0;0;0;0;0;0;1;0;1;0;1;1;0;0;0;0;0;0;0;0;0;0;0;0;0;0;0;0;0;0;1;0;1;0;0;0;0;1;0;0;0;0;0;0;0;1;0;0;0;1;0;0;0;1;1;0;1;0;0;0;0;0;0;0;1;1;0;0;0;0;0;0;60;0;0;0;0;0;0;0;60;48;0;0;0;0;0;0;49;11;9;39;1;9;2;0;0;0;0;1;7;52;10;50;0;0;0;0;0;0;0;0;21;0;0;0;0;0;0;0;21;16;0;0;0;0;0;0;7;0;0;0;0;0;0;0;7;3;0;0;0;0;0;0
2020;Sul;4;Paraná;PR;41;Maringá;4115200;Norte Central Paranaense;4103;Maringá;41009;411520005;41152069;UEPT 3 - UNIDADE DE EDUCACAO PROFISSIONAL E TECNOLOGICA DE MARINGA- SENAC;4;1;1;0;AV. COLOMBO;6225;ZONA 07;CENTRO;87020000;44;32185100;1;19;06JAN2020:00:00:00;18DEC2020:00:00:00;0;0;0;0;0;0;0;0;0;0;0;1;0;3,54109E+12;3,54109E+12;1;1;0;0;1;1;0;0;0;0;0;0;0;0;0;1;0;0;1;1;0;0;0;0;1;0;0;0;0;0;1;0;0;0;0;1;0;0;0;0;0;0;0;1;0;0;0;1;0;1;0;0;1;0;1;1;0;0;1;1;1;0;0;0;0;1;1;0;0;0;0;0;0;0;0;0;0;0;1;1;1;0;1;0;0;0;0;0;0;1;1;1;1;1;0;1;1;0;0;19;0;19;0;0;1;1;1;1;1;1;0;1;1;1;1;1;1;1;2;1;24;0;0;0;0;0;0;0;0;0;0;0;0;0;1;115;1;30;0;0;0;0;1;1;1;1;0;1;1;3;1;0;1;1;0;0;1;1;1;13;0;0;0;0;0;0;0;0;1;2;0;0;1;1;0;0;1;1;1;1;0;0;0;0;0;0;0;1;0;1;0;1;1;0;0;0;0;0;0;0;0;0;0;0;0;0;0;0;0;0;0;1;0;1;0;0;0;0;1;0;0;0;0;0;0;0;1;0;0;0;1;0;0;0;1;1;0;1;0;0;0;0;0;0;0;1;1;0;0;0;1;1;0;449;0;0;0;0;0;0;0;449;123;0;0;0;3;3;0;213;236;285;131;8;25;0;0;0;0;0;3;293;153;326;123;0;0;0;0;0;0;0;0;42;0;0;0;0;0;0;0;42;24;0;0;0;11;11;0;23;0;0;0;0;0;0;0;23;6;0;0;0;3;3;0
2020;Sul;4;Paraná;PR;41;Matinhos;4115705;Metropolitana de Curitiba;4110;Paranaguá;41038;411570505;41152310;UEPT 34 - UNIDADE DE EDUCACAO PROFISSIONAL E TECNOLOGICA DE MATINHOS CAIOBA- SENAC;4;1;1;0;RUA DOUTOR JOSE PINTO REBELO JUNIOR;91;;BALNEARIO CAIOBA;83260000;41;34528050;1;21;06JAN2020:00:00:00;18DEC2020:00:00:00;0;0;0;0;0;0;0;0;0;0;0;1;0;3,54109E+12;3,54109E+12;1;1;0;0;1;1;0;0;0;0;0;0;0;0;0;1;0;0;1;1;0;0;0;0;1;0;0;0;0;0;1;0;0;0;0;1;0;0;0;0;0;0;0;1;0;0;0;1;0;1;0;0;1;0;1;1;0;0;1;1;1;0;0;0;0;1;1;0;0;0;0;0;0;0;0;0;0;0;1;1;1;0;1;0;0;0;0;0;0;1;1;1;1;1;0;0;1;0;0;8;0;8;0;0;1;1;1;1;1;1;0;1;1;1;1;1;1;1;1;1;5;0;0;0;0;0;0;0;0;0;0;0;0;0;1;32;0;0;0;0;0;0;1;1;1;1;0;1;1;3;1;0;1;3;0;0;0;0;1;88888;0;0;0;0;0;0;0;0;1;1;1;1;1;1;0;0;0;0;1;1;0;0;0;0;0;0;0;1;0;1;0;1;1;0;0;0;0;0;0;0;0;0;0;0;0;0;0;0;0;0;0;1;0;1;0;0;0;0;1;0;0;0;0;0;0;0;1;0;0;0;1;0;0;0;1;1;0;1;0;0;0;0;0;0;0;1;1;0;0;0;1;1;0;95;0;0;0;0;0;0;0;95;30;0;0;0;1;1;0;51;44;85;8;0;2;0;0;0;0;0;3;53;39;64;31;0;0;0;0;0;0;0;0;14;0;0;0;0;0;0;0;14;10;0;0;0;1;1;0;7;0;0;0;0;0;0;0;7;2;0;0;0;1;1;0
2020;Sul;4;Paraná;PR;41;Medianeira;4115804;Oeste Paranaense;4106;Foz do Iguaçu;41024;411580405;41156463;UEP 36 - UNIDADE DE EDUCACAO PROFISSIONAL E TECNOLOGICA DE MEDIANEIRA- SENAC;4;1;1;0;RUA RIACHUELO;1761;;CENTRO;85884000;45;32403650;1;11;06JAN2020:00:00:00;18DEC2020:00:00:00;0;0;0;0;0;0;0;0;0;0;0;1;0;3,54109E+12;3,54109E+12;1;1;0;0;1;1;0;0;0;0;0;0;0;0;0;1;0;0;1;1;0;0;0;0;1;0;0;0;0;0;1;0;0;0;0;1;0;0;0;0;0;0;0;1;0;0;0;1;0;1;0;0;1;0;1;1;0;0;1;1;1;0;0;0;0;1;1;0;0;0;0;0;0;0;0;0;0;0;1;1;1;0;1;0;0;0;0;0;0;1;1;1;1;1;0;0;1;0;0;8;0;8;0;0;1;1;1;1;1;1;0;1;1;1;1;1;1;0;0;1;10;0;0;0;0;0;0;0;0;0;0;0;0;0;1;30;0;0;0;0;0;0;1;1;1;1;0;1;1;3;1;0;1;1;0;0;0;0;1;5;0;0;0;0;0;0;0;0;0;0;1;1;1;1;0;0;0;0;1;1;0;0;0;0;0;0;0;1;0;1;0;1;1;0;0;0;0;0;0;0;0;0;0;0;0;0;0;0;0;0;0;1;0;1;0;0;0;0;1;0;0;0;0;0;0;0;1;0;0;0;1;0;0;0;1;1;0;1;0;0;0;0;0;0;0;1;1;0;0;0;1;1;0;141;0;0;0;0;0;0;0;141;91;0;0;0;3;3;0;105;36;106;27;4;4;0;0;0;0;0;13;35;93;55;86;0;0;0;0;0;0;0;0;21;0;0;0;0;0;0;0;21;19;0;0;0;3;3;0;8;0;0;0;0;0;0;0;8;5;0;0;0;2;2;0
2020;Sul;4;Paraná;PR;41;Palmas;4117602;Centro-Sul Paranaense;4108;Palmas;41030;411760205;41152298;UEPT 31 - UNIDADE DE EDUCACAO PROFISSIONAL E TECNOLOGICA DE PALMAS- SENAC;4;1;1;0;RUA DR BERNARDO RIBEIRO VIANNA;903;;CENTRO;85555000;46;32638600;1;23;06JAN2020:00:00:00;18DEC2020:00:00:00;0;0;0;0;0;0;0;0;0;0;0;1;0;3,54109E+12;3,54109E+12;1;1;0;0;1;1;0;0;0;0;0;0;0;0;0;1;0;0;1;1;0;0;0;0;1;0;0;0;0;0;1;0;0;0;0;1;0;0;0;0;0;0;0;1;0;0;0;1;0;1;0;0;1;0;1;1;0;0;1;1;1;0;0;0;0;1;1;0;0;0;0;0;0;0;0;0;0;0;1;1;1;0;1;0;0;0;0;0;0;1;1;1;1;1;0;0;1;0;0;4;0;4;0;0;1;1;1;1;1;1;0;1;1;1;1;1;1;1;1;1;4;0;0;0;0;0;0;0;0;0;0;0;0;0;1;20;0;0;0;0;0;0;1;1;1;1;0;1;1;3;1;0;1;1;0;0;0;0;1;1;0;0;0;0;0;0;0;0;0;0;0;0;0;0;0;0;0;0;1;1;0;0;0;0;0;0;0;1;0;1;0;1;1;0;0;0;0;0;0;0;0;0;0;0;0;0;0;0;0;0;0;1;0;1;0;0;0;0;1;0;0;0;0;0;0;0;1;0;0;0;1;0;0;0;1;0;0;1;0;0;0;0;0;0;0;1;0;0;0;0;1;1;0;21;0;0;0;0;0;0;0;21;0;0;0;0;2;2;0;9;12;5;11;1;4;0;0;0;0;0;0;21;0;21;0;0;0;0;0;0;0;0;0;4;0;0;0;0;0;0;0;4;0;0;0;0;4;4;0;1;0;0;0;0;0;0;0;1;0;0;0;0;1;1;0
2020;Sul;4;Paraná;PR;41;Paranaguá;4118204;Metropolitana de Curitiba;4110;Paranaguá;41038;411820405;41152158;UEPT 12- UNIDADE DE EDUCACAO PROFISSIONAL E TECNOLOGICA DE PARANAGUA - SENAC;4;1;1;0;AL. CORONEL ELYSIO PEREIRA;1191;;BAIRRO ESTRADINHA;83206000;41;34275900;1;21;06JAN2020:00:00:00;18DEC2020:00:00:00;0;0;0;0;0;0;0;0;0;0;0;1;0;3,54109E+12;3,54109E+12;1;1;0;0;1;1;0;0;0;0;0;0;0;0;0;1;0;0;1;1;0;0;0;0;1;0;0;0;0;0;1;0;0;0;0;1;0;0;0;0;0;0;0;1;0;0;0;1;1;1;0;0;1;0;1;1;0;0;1;1;1;0;0;0;0;1;1;0;0;0;0;0;0;0;0;0;0;0;1;1;1;0;1;0;0;0;0;0;0;1;1;1;1;1;0;0;1;0;0;11;0;11;11;0;1;1;1;1;1;1;0;1;1;1;1;1;1;1;1;1;14;0;0;0;0;0;0;0;0;0;0;0;0;0;1;66;0;0;1;2;0;0;1;1;1;1;0;1;1;3;1;0;1;3;0;0;1;1;1;9;0;0;0;0;0;0;0;0;1;2;1;2;1;1;0;0;0;0;1;1;0;0;0;0;0;0;0;1;0;1;0;1;1;0;0;0;0;0;0;0;0;0;0;0;0;0;0;0;0;0;0;1;0;1;0;0;0;0;1;0;0;0;0;0;0;0;1;0;0;0;1;0;0;0;1;1;0;1;0;0;0;0;0;0;0;1;1;0;0;0;1;1;0;272;0;0;0;0;0;0;0;272;207;0;0;0;1;1;0;220;52;124;121;1;26;0;0;0;0;0;0;54;218;122;150;0;0;0;0;0;0;0;0;38;0;0;0;0;0;0;0;38;35;0;0;0;20;20;0;12;0;0;0;0;0;0;0;12;8;0;0;0;1;1;0
2020;Sul;4;Paraná;PR;41;Paranavaí;4118402;Noroeste Paranaense;4101;Paranavaí;41001;411840205;41152166;UEPT 13 - UNIDADE DE EDUCACAO PROFISSIONAL E TECNOLOGICA DE PARANAVAI - SENAC;4;1;1;0;AV. RIO GRANDE DO NORTE;1240;;CENTRO;87701020;44;34748400;1;22;01JAN2020:00:00:00;31DEC2020:00:00:00;0;0;0;0;0;0;0;0;0;0;0;1;0;3,54109E+12;3,54109E+12;1;1;0;0;1;1;0;0;0;0;0;0;0;0;0;1;0;0;1;1;0;0;0;0;1;0;0;0;0;0;1;0;0;0;0;1;0;0;0;0;0;0;0;1;0;0;0;1;0;1;0;0;1;0;1;1;0;0;1;1;1;0;0;0;0;1;1;0;0;0;0;0;0;0;0;0;0;0;1;1;1;0;1;0;0;0;0;0;0;1;1;1;1;1;0;0;1;0;0;9;0;9;0;0;1;1;1;1;1;1;0;1;1;1;1;1;1;1;1;1;9;0;0;0;0;0;0;0;0;0;0;0;0;0;1;27;0;0;0;0;0;0;1;1;1;1;0;1;1;3;1;0;1;2;0;0;0;0;1;6;0;0;0;0;0;0;0;0;0;0;1;2;1;1;0;0;0;0;1;1;0;0;0;0;0;0;0;1;0;1;0;1;1;0;0;0;0;0;0;0;0;0;0;0;0;0;0;0;0;0;0;1;0;1;0;0;0;0;1;0;0;0;0;0;0;0;1;0;0;0;1;0;0;0;1;1;0;1;0;0;0;0;0;0;0;1;1;0;0;0;1;1;0;225;0;0;0;0;0;0;0;225;155;0;0;0;3;3;0;164;61;58;141;13;13;0;0;0;0;0;1;64;160;83;142;0;0;0;0;0;0;0;0;35;0;0;0;0;0;0;0;35;28;0;0;0;12;12;0;13;0;0;0;0;0;0;0;13;8;0;0;0;3;3;0
2020;Sul;4;Paraná;PR;41;Pato Branco;4118501;Sudoeste Paranaense;4107;Pato Branco;41027;411850105;41152123;UEPT 09 - UNIDADE DE EDUCACAO PROFISSIONAL E TECNOLOGICA DE PATO BRANCO- SENAC;4;1;1;0;AV. TUPI;385;;BORTOT;85504000;46;32723700;1;23;06JAN2020:00:00:00;18DEC2020:00:00:00;0;0;0;0;0;0;0;0;0;0;0;1;0;3,54109E+12;3,54109E+12;1;1;0;0;1;1;0;0;0;0;0;0;0;0;0;1;0;0;1;1;0;0;0;0;1;0;0;0;0;0;1;0;0;0;0;1;0;0;0;0;0;0;0;1;0;0;0;1;0;1;0;0;1;0;1;1;1;0;1;1;1;0;0;0;0;1;1;0;0;0;0;0;0;0;0;0;0;0;1;1;1;0;1;0;0;0;0;0;0;1;1;1;1;1;0;0;1;0;0;18;0;18;0;0;0;1;1;1;1;1;0;1;1;1;1;1;1;1;1;1;19;0;0;0;0;0;0;0;0;0;0;0;0;0;1;50;0;0;0;0;0;0;1;1;1;1;0;1;1;3;1;0;1;2;0;0;1;1;1;88888;0;0;0;0;0;0;0;0;1;1;1;2;1;1;0;0;0;0;1;1;0;0;0;0;0;0;0;1;0;1;0;1;1;0;0;0;0;0;0;0;0;0;0;0;0;0;0;0;0;0;0;1;0;1;0;0;0;0;1;0;0;0;0;0;0;0;1;0;0;0;1;0;0;0;1;1;0;1;0;0;0;0;0;0;0;1;1;0;0;0;1;1;0;115;0;0;0;0;0;0;0;115;79;0;0;0;1;1;0;85;30;27;82;1;5;0;0;0;0;0;7;27;81;36;79;0;0;0;0;0;0;0;0;28;0;0;0;0;0;0;0;28;26;0;0;0;3;3;0;8;0;0;0;0;0;0;0;8;6;0;0;0;1;1;0
2020;Sul;4;Paraná;PR;41;Ponta Grossa;4119905;Centro Oriental Paranaense;4105;Ponta Grossa;41021;411990505;41152115;UEPT 8 - UNIDADE DE EDUCACAO PROFISSIONAL E TECNOLOGICA DE PONTA GROSSA- SENAC;4;1;1;0;AV. JOAO MANOEL DOS SANTOS RIBAS;313;;CENTRO;84051410;42;32286600;1;25;06JAN2020:00:00:00;18DEC2020:00:00:00;0;0;0;0;0;0;0;0;0;0;0;1;0;3,54109E+12;3,54109E+12;1;1;0;0;1;1;0;0;0;0;0;0;0;0;0;1;0;0;1;1;0;0;0;0;1;0;0;0;0;0;1;0;0;0;0;1;0;0;0;0;0;0;0;1;0;0;0;1;0;1;0;0;1;0;1;1;0;0;1;1;1;0;0;0;0;1;1;0;0;0;0;0;0;0;0;0;0;0;1;1;1;0;1;0;0;0;0;0;0;1;1;1;1;1;0;0;1;0;0;10;0;10;0;0;1;1;1;1;1;1;0;1;1;1;1;1;1;1;1;1;13;0;0;0;0;0;0;0;0;0;0;0;0;0;1;28;0;0;0;0;0;0;1;1;1;1;0;1;1;3;1;0;1;4;0;0;1;2;1;10;0;0;0;0;0;0;0;0;0;0;0;0;1;1;0;0;0;0;1;1;0;0;0;0;0;0;0;1;0;1;0;1;1;0;0;0;0;0;0;0;0;0;0;0;0;0;0;0;0;0;0;1;0;1;0;0;0;0;1;0;0;0;0;0;0;0;1;0;0;0;1;0;0;0;1;1;0;1;0;0;0;0;0;0;0;1;1;0;0;0;0;0;0;371;0;0;0;0;0;0;0;371;190;0;0;0;0;0;0;258;113;75;264;9;22;1;0;0;0;0;1;156;214;177;194;0;0;0;0;0;0;0;0;39;0;0;0;0;0;0;0;39;30;0;0;0;0;0;0;21;0;0;0;0;0;0;0;21;10;0;0;0;0;0;0
2020;Sul;4;Paraná;PR;41;Prudentópolis;4120606;Sudeste Paranaense;4109;Prudentópolis;41031;412060605;41152263;UEPT 28 - UNIDADE DE EDUCACAO PROFISSIONAL E TECNOLOGICA DE PRUDENTOPOLIS- SENAC;4;1;1;0;RUA PREFEITO ANTONIO WITCHEMICHEN;777;;CENTRO;84400000;42;34468450;1;15;06JAN2020:00:00:00;18DEC2020:00:00:00;0;0;0;0;0;0;0;0;0;0;0;1;0;3,54109E+12;3,54109E+12;1;1;0;0;1;1;0;0;0;0;0;0;0;0;0;1;0;0;1;1;0;0;0;0;1;0;0;0;0;0;1;0;0;0;0;1;0;0;0;0;0;0;0;1;0;0;0;1;0;1;0;0;1;0;1;1;0;0;1;1;1;0;0;0;0;1;1;0;0;0;0;0;0;0;0;0;0;0;1;1;1;0;1;0;0;0;0;0;0;1;1;1;1;1;0;0;1;0;0;10;0;10;0;0;1;1;1;1;1;1;0;1;1;1;1;1;1;1;1;1;5;0;0;0;0;0;0;0;0;0;0;0;0;0;1;20;0;0;0;0;0;0;1;1;1;1;0;1;1;3;1;0;1;1;0;0;0;0;1;88888;0;0;0;0;0;0;0;0;0;0;1;1;1;1;0;0;0;0;1;1;0;0;0;0;0;0;0;1;0;1;0;1;1;0;0;0;0;0;0;0;0;0;0;0;0;0;0;0;0;0;0;1;0;1;0;0;0;0;1;0;0;0;0;0;0;0;1;0;0;0;1;0;0;0;0;1;0;1;0;0;0;0;0;0;0;1;1;0;0;0;0;0;0;25;0;0;0;0;0;0;0;25;25;0;0;0;0;0;0;22;3;20;5;0;0;0;0;0;0;0;0;0;25;0;25;0;0;0;0;0;0;0;0;9;0;0;0;0;0;0;0;9;9;0;0;0;0;0;0;2;0;0;0;0;0;0;0;2;2;0;0;0;0;0;0
2020;Sul;4;Paraná;PR;41;Rio Negro;4122305;Metropolitana de Curitiba;4110;Rio Negro;41039;412230505;41160843;UEPT 38 - UNIDADE DE EDUCACAO PROFISSIONAL E TECNOLOGICA DE RIO NEGRO - SENAC;4;1;1;0;RUA MARCAL JOSE PEREIRA;100;;ESTACAO NOVA;83880000;47;36413050;1;3;06JAN2020:00:00:00;18DEC2020:00:00:00;0;0;0;0;0;0;0;0;0;0;0;1;0;3,54109E+12;3,54109E+12;1;1;0;0;1;1;0;0;0;0;0;0;0;0;0;1;0;0;1;1;0;0;0;0;1;0;0;0;0;0;1;0;0;0;0;1;0;0;0;0;0;0;0;1;0;0;0;1;0;1;0;0;1;0;1;1;0;0;1;1;1;0;0;0;0;1;1;0;0;0;0;0;0;0;0;0;0;0;1;1;1;0;1;0;0;0;0;0;0;1;1;1;1;1;0;0;1;0;0;8;0;8;0;0;1;1;1;1;1;1;0;1;1;1;1;1;1;0;0;1;9;0;0;0;0;0;0;0;0;0;0;0;0;0;1;40;0;0;0;0;0;0;1;1;1;1;0;1;1;3;1;0;1;2;0;0;0;0;0;0;0;0;0;0;0;0;0;0;0;0;1;1;1;1;0;0;0;0;1;1;0;0;0;0;0;0;0;1;0;1;0;1;1;0;0;0;0;0;0;0;0;0;0;0;0;0;0;0;0;0;0;1;0;1;0;0;0;0;1;0;0;0;0;0;0;0;1;0;0;0;1;0;0;0;1;1;0;1;0;0;0;0;0;0;0;1;1;0;0;0;0;0;0;70;0;0;0;0;0;0;0;70;27;0;0;0;0;0;0;43;27;63;6;0;1;0;0;0;0;0;0;39;31;43;27;0;0;0;0;0;0;0;0;14;0;0;0;0;0;0;0;14;13;0;0;0;0;0;0;5;0;0;0;0;0;0;0;5;2;0;0;0;0;0;0
2020;Sul;4;Paraná;PR;41;Santo Antônio da Platina;4124103;Norte Pioneiro Paranaense;4104;Jacarezinho;41016;412410305;41152247;UEPT 21 - UNIDADE DE EDUCACAO PROFISSIONAL E TECNOLOGICA DE SANTO ANTONIO DA PLATINA- SENAC;4;1;1;0;RUA RUI BARBOSA;799;;CENTRO;86430000;43;35344358;1;17;06JAN2020:00:00:00;18DEC2020:00:00:00;0;0;0;0;0;0;0;0;0;0;0;1;0;3,54109E+12;3,54109E+12;1;1;0;0;1;1;0;0;0;0;0;0;0;0;0;1;0;0;1;1;0;0;0;0;1;0;0;0;0;0;1;0;0;0;0;1;0;0;0;0;0;0;0;1;0;0;0;1;0;1;0;0;1;0;1;1;0;0;1;1;1;0;0;0;0;1;1;0;0;0;0;0;0;0;0;0;0;0;1;1;1;0;1;0;0;0;0;0;0;1;1;1;1;1;0;0;1;0;0;6;0;6;0;0;1;1;1;1;1;1;0;1;1;1;1;1;1;1;1;1;4;0;0;0;0;0;0;0;0;0;0;0;0;0;1;88888;0;0;0;0;0;0;1;1;1;1;0;1;1;3;1;0;1;1;0;0;0;0;1;3;0;0;0;0;0;0;0;0;0;0;1;1;0;0;0;0;0;0;1;1;0;0;0;0;0;0;0;1;0;1;0;1;1;0;0;0;0;0;0;0;0;0;0;0;0;0;0;0;0;0;0;1;0;1;0;0;0;0;1;0;0;0;0;0;0;0;1;0;0;0;1;0;0;0;1;0;0;1;0;0;0;0;0;0;0;1;0;0;0;0;0;0;0;10;0;0;0;0;0;0;0;10;0;0;0;0;0;0;0;2;8;0;8;0;2;0;0;0;0;0;0;8;2;10;0;0;0;0;0;0;0;0;0;5;0;0;0;0;0;0;0;5;0;0;0;0;0;0;0;1;0;0;0;0;0;0;0;1;0;0;0;0;0;0;0
2020;Sul;4;Paraná;PR;41;São José dos Pinhais;4125506;Metropolitana de Curitiba;4110;Curitiba;41037;412550605;41158482;UEPT 39 - UNIDADE DE EDUCACAO PROFISSIONAL E TECNOLOGICA DE SAO JOSE DOS PINHAIS- SENAC;4;1;1;0;AV. ROCHA POMBO;3028;LOTE E-969;CRUZEIRO;83010620;41;35865350;1;3;06JAN2020:00:00:00;18DEC2020:00:00:00;0;0;0;0;0;0;0;0;0;0;0;1;0;3,54109E+12;3,54109E+12;1;1;0;0;1;1;0;0;0;0;0;0;0;0;0;1;0;0;1;1;0;0;0;0;1;0;0;0;0;0;1;0;0;0;0;1;0;0;0;0;0;0;0;1;0;0;0;1;0;1;0;0;1;0;1;1;0;0;1;1;1;0;0;0;0;1;1;0;0;0;0;0;0;0;0;0;0;0;1;1;1;0;1;0;0;0;0;0;0;1;1;1;1;1;0;0;1;0;0;12;0;12;0;0;1;1;1;1;1;1;0;1;1;1;1;1;1;0;0;1;14;0;0;0;0;0;0;0;0;0;0;0;0;0;1;40;1;11;1;1;0;0;1;1;1;1;0;1;1;3;1;0;0;0;0;0;1;1;1;88888;0;0;0;0;0;0;0;0;1;1;1;2;1;1;1;1;0;0;1;1;0;0;0;0;0;0;0;1;0;1;0;1;1;0;0;0;0;0;0;0;0;0;0;0;0;0;0;0;0;0;0;1;0;1;0;0;0;0;1;0;0;0;0;0;0;0;1;0;0;0;1;0;0;0;1;1;0;1;0;0;0;0;0;0;0;1;1;0;0;0;1;1;1;190;0;0;0;0;0;0;0;190;55;0;0;0;3;1;2;114;76;146;42;0;2;0;0;0;0;0;1;105;84;131;59;0;0;0;0;0;0;0;0;34;0;0;0;0;0;0;0;34;24;0;0;0;9;9;1;12;0;0;0;0;0;0;0;12;3;0;0;0;2;1;1
2020;Sul;4;Paraná;PR;41;São Mateus do Sul;4125605;Sudeste Paranaense;4109;São Mateus do Sul;41034;412560505;41152271;UEPT 29 - UNIDADE DE EDUCACAO PROFISSIONAL E TECNOLOGICA DE SAO MATEUS DO SUL- SENAC;4;1;1;0;RUA LEDY AFONSO RODERJAN;1191;;CENTRO;83900000;42;35201700;1;29;06JAN2020:00:00:00;18DEC2020:00:00:00;0;0;0;0;0;0;0;0;0;0;0;1;0;3,54109E+12;3,54109E+12;1;1;0;0;1;1;0;0;0;0;0;0;0;0;0;1;0;0;1;1;0;0;0;0;1;0;0;0;0;0;1;0;0;0;0;1;0;0;0;0;0;0;0;1;0;0;0;1;0;1;0;0;1;0;1;1;0;0;1;1;1;0;0;0;0;1;1;0;0;0;0;0;0;0;0;0;0;0;1;1;1;0;1;0;0;0;0;0;0;1;1;1;1;1;0;0;1;0;0;6;0;6;0;0;1;1;1;1;1;1;0;1;1;1;1;1;1;1;1;1;6;0;0;0;0;0;0;0;0;0;0;0;0;0;1;27;0;0;0;0;0;0;1;1;1;1;0;1;1;3;1;0;1;2;0;0;0;0;1;88888;0;0;0;0;0;0;0;0;0;0;0;0;1;1;0;0;0;0;1;1;0;0;0;0;0;0;0;1;0;1;0;1;1;0;0;0;0;0;0;0;0;0;0;0;0;0;0;0;0;0;0;1;0;1;0;0;0;0;1;0;0;0;0;0;0;0;1;0;0;0;1;0;0;0;0;1;0;1;0;0;0;0;0;0;0;1;1;0;0;0;1;1;0;62;0;0;0;0;0;0;0;62;58;0;0;0;1;1;0;59;3;13;47;0;2;0;0;0;0;0;0;4;58;0;62;0;0;0;0;0;0;0;0;16;0;0;0;0;0;0;0;16;13;0;0;0;7;7;0;4;0;0;0;0;0;0;0;4;3;0;0;0;1;1;0
2020;Sul;4;Paraná;PR;41;Toledo;4127700;Oeste Paranaense;4106;Toledo;41022;412770005;41152182;UEPT 15 - UNIDADE DE EDUCACAO PROFISSIONAL E TECNOLOGICA DE TOLEDO- SENAC;4;1;1;0;RUA GUAIRA;3332;;JARDIM LA SALLE;85903220;45;33788100;1;27;01JAN2020:00:00:00;31DEC2020:00:00:00;0;0;0;0;0;0;0;0;0;0;0;1;0;3,54109E+12;3,54109E+12;1;1;0;0;1;1;0;0;0;0;0;0;0;0;0;1;0;0;1;1;0;0;0;0;1;0;0;0;0;0;1;0;0;0;0;1;0;0;0;0;0;0;0;1;0;0;0;1;0;1;0;0;1;0;1;1;0;0;1;1;1;0;0;0;0;1;1;0;0;0;0;0;0;0;0;0;0;0;1;1;1;0;1;0;0;0;0;0;0;1;1;1;1;1;0;0;1;0;0;14;0;14;0;0;1;1;1;1;1;1;0;1;1;1;1;1;1;1;2;1;18;0;0;0;0;0;0;0;0;0;0;0;0;0;1;43;0;0;0;0;0;0;1;1;1;1;0;1;1;3;1;0;1;1;0;0;1;1;1;8;0;0;0;0;0;0;0;0;1;2;1;1;1;1;0;0;1;1;1;1;0;0;0;0;0;0;0;1;0;1;0;1;1;0;0;0;0;0;0;0;0;0;0;0;0;0;0;0;0;0;0;1;0;1;0;0;0;0;1;0;0;0;0;0;0;0;1;0;0;0;1;0;0;0;1;1;0;1;0;0;0;0;0;0;0;1;1;0;0;0;1;1;0;211;0;0;0;0;0;0;0;211;141;0;0;0;2;2;0;143;68;43;109;10;44;5;0;0;0;0;7;62;142;69;142;0;0;0;0;0;0;0;0;41;0;0;0;0;0;0;0;41;39;0;0;0;3;3;0;11;0;0;0;0;0;0;0;11;7;0;0;0;1;1;0
2020;Sul;4;Paraná;PR;41;Umuarama;4128104;Noroeste Paranaense;4101;Umuarama;41002;412810405;41152131;UEPT 10 - UNIDADE DE EDUCACAO PROFISSIONAL E TECNOLOGICA DE UMUARAMA- SENAC;4;1;1;0;AV. DUQUE DE CAXIAS;5238;;ARMAZEM;87504040;44;36215700;1;28;06JAN2020:00:00:00;18DEC2020:00:00:00;0;0;0;0;0;0;0;0;0;0;0;1;0;3,54109E+12;3,54109E+12;1;1;0;0;1;1;0;0;0;0;0;0;0;0;0;1;0;0;1;1;0;0;0;0;1;0;0;0;0;0;1;0;0;0;0;1;0;0;0;0;0;0;0;1;0;0;0;1;0;1;0;0;1;0;1;1;0;0;1;1;1;0;0;0;0;1;1;0;0;0;0;0;0;0;0;0;0;0;1;1;1;0;1;0;0;0;0;0;0;1;1;1;1;1;0;0;1;0;0;13;0;13;0;0;1;1;1;1;1;1;0;1;1;1;1;1;1;1;2;1;88888;0;0;0;0;0;0;0;0;0;0;0;0;0;1;49;0;0;0;0;0;0;1;1;1;1;0;1;1;3;1;0;1;4;1;2;0;0;1;5;0;0;0;0;0;0;0;0;1;1;1;2;1;1;1;1;0;0;1;1;0;0;0;0;0;0;0;1;0;1;0;1;1;0;0;0;0;0;0;0;0;0;0;0;0;0;0;0;0;0;0;1;0;1;0;0;0;0;1;0;0;0;0;0;0;0;1;0;0;0;1;0;0;0;1;1;0;1;0;0;0;0;0;0;0;1;1;0;0;0;1;1;0;181;0;0;0;0;0;0;0;181;160;0;0;0;1;1;0;106;75;67;88;6;19;1;0;0;0;0;2;71;108;114;67;0;0;0;0;0;0;0;0;20;0;0;0;0;0;0;0;20;20;0;0;0;3;3;0;12;0;0;0;0;0;0;0;12;11;0;0;0;1;1;0
2020;Sul;4;Paraná;PR;41;União da Vitória;4128203;Sudeste Paranaense;4109;União da Vitória;41033;412820305;41152212;UEPT 18 - UNIDADE DE EDUCACAO PROFISSIONAL E TECNOLOGICA DE UNIAO DA VITORIA - SENAC;4;1;1;0;RUA VALENTIN VARACOSKI;161;;CENTRO;84600110;42;35241500;1;29;06JAN2020:00:00:00;18DEC2020:00:00:00;0;0;0;0;0;0;0;0;0;0;0;1;0;3,54109E+12;3,54109E+12;1;1;0;0;1;1;0;0;0;0;0;0;0;0;0;1;0;0;1;1;0;0;0;0;1;0;0;0;0;0;1;0;0;0;0;1;0;0;0;0;0;0;0;1;0;0;0;1;0;1;0;0;1;0;1;1;0;0;1;1;1;0;0;0;0;1;1;0;0;0;0;0;0;0;0;0;0;0;1;1;1;0;1;0;0;0;0;0;0;1;1;1;1;1;0;0;1;0;0;9;0;9;0;0;1;1;1;1;1;1;0;1;1;1;1;1;1;1;1;1;9;0;0;0;0;0;0;0;0;0;0;0;0;0;1;14;1;42;0;0;0;0;1;1;1;1;0;1;1;3;1;0;1;2;0;0;0;0;1;88888;0;0;0;0;0;0;0;0;1;1;1;1;1;1;0;0;0;0;1;1;0;0;0;0;0;0;0;1;0;1;0;1;1;0;0;0;0;0;0;0;0;0;0;0;0;0;0;0;0;0;0;1;0;1;0;0;0;0;1;0;0;0;0;0;0;0;1;0;0;0;1;0;0;0;1;1;0;1;0;0;0;0;0;0;0;1;1;0;0;0;1;1;0;107;0;0;0;0;0;0;0;107;57;0;0;0;1;1;0;56;51;53;52;0;2;0;0;0;0;0;5;45;57;50;57;0;0;0;0;0;0;0;0;25;0;0;0;0;0;0;0;25;23;0;0;0;5;5;0;7;0;0;0;0;0;0;0;7;5;0;0;0;1;1;0
2020;Sul;4;Santa Catarina;SC;42;Araranguá;4201406;Sul Catarinense;4206;Araranguá;42020;420140605;42156114;CENTRO DE EDUCACAO PROFISSIONAL SENAC ARARANGUA;4;0;1;0;AVENIDA SETE DE SETEMBRO;1350;;CENTRO;88900015;48;35221192;2;21;0;0;0;0;0;0;0;0;0;0;0;0;0;0;0;;;0;0;0;0;0;0;0;0;0;0;0;0;0;0;0;0;0;0;0;0;0;0;0;0;0;0;0;0;0;0;0;0;0;0;0;0;0;0;0;0;0;0;0;0;0;0;0;0;0;0;0;0;0;0;0;0;0;0;0;0;0;0;0;0;0;0;0;0;0;0;0;0;0;0;0;0;0;0;0;0;0;0;0;0;0;0;0;0;0;0;0;0;0;0;0;0;0;0;0;0;0;0;0;0;0;0;0;0;0;0;0;0;0;0;0;0;0;0;0;0;0;0;0;0;0;0;0;0;0;0;0;0;0;0;0;0;0;0;0;0;0;0;0;0;0;0;0;0;0;0;0;0;0;0;0;0;0;0;0;0;0;0;0;0;0;0;0;0;0;0;0;0;0;0;0;0;0;0;0;0;0;0;0;0;0;0;0;0;0;0;0;0;0;0;0;0;0;0;0;0;0;0;0;0;0;0;0;0;0;0;0;0;0;0;0;0;0;0;0;0;0;0;0;0;0;0;0;0;0;0;0;0;0;0;0;0;0;0;0;0;0;0;0;0;0;0;0;0;0;0;0;0;0;0;0;0;0;0;0;0;0;0;0;0;0;0;0;0;0;0;0;0;0;0;0;0;0;0;0;0;0;0;0;0;0;0;0;0;0;0;0;0;0;0;0;0;0;0;0;0;0;0;0;0;0;0;0;0;0;0;0;0;0;0;0;0;0;0;0;0;0;0;0;0;0
2020;Sul;4;Santa Catarina;SC;42;Blumenau;4202404;Vale do Itajaí;4204;Blumenau;42012;420240405;42272327;FACULDADE DE TECNOLOGIA SENAC BLUMENAU;4;1;1;0;AVENIDA BRASIL;610;;PONTA AGUDA;89050000;47;30359999;1;15;06FEB2020:00:00:00;15DEC2020:00:00:00;0;0;0;0;0;0;0;0;0;0;1;1;0;3,60374E+12;3,60374E+12;1;2;0;3948;1;1;0;0;0;0;0;0;0;0;1;0;0;0;1;1;0;0;0;0;1;0;0;0;0;0;1;0;0;0;0;1;0;0;0;0;0;0;0;1;0;0;0;1;0;1;0;0;1;0;1;0;1;0;1;1;1;1;0;0;1;1;1;1;0;0;0;0;0;0;0;0;0;0;1;0;1;0;1;0;0;0;0;0;0;1;0;1;1;1;0;1;1;0;0;40;1;41;40;40;0;1;1;1;1;1;0;0;0;1;5;1;4;1;5;1;20;0;0;0;0;0;0;0;0;0;0;0;0;0;1;40;0;0;0;0;0;0;1;1;1;1;0;1;1;2;1;0;0;0;0;0;0;0;0;0;0;0;0;0;0;0;0;0;0;0;0;0;0;0;0;0;0;0;0;0;0;0;0;1;1;0;0;1;0;1;0;0;0;0;1;1;0;0;0;0;0;0;0;0;0;0;0;0;0;0;0;0;0;0;0;0;0;0;1;1;0;0;0;1;0;0;0;1;0;0;1;0;0;0;1;1;0;1;0;0;0;0;0;0;0;1;1;0;0;0;1;1;0;650;0;0;0;0;0;0;0;650;182;0;0;0;9;9;0;367;283;114;466;11;56;2;1;0;0;0;19;414;217;549;101;0;0;0;0;0;0;0;0;7;0;0;0;0;0;0;0;7;3;0;0;0;3;3;0;32;0;0;0;0;0;0;0;32;10;0;0;0;8;8;0
2020;Sul;4;Santa Catarina;SC;42;Brusque;4202909;Vale do Itajaí;4204;Blumenau;42012;420290905;42139430;CENTRO DE EDUCACAO PROFISSIONAL SENAC DE BRUSQUE;4;1;1;0;RODOVIA ANTONIO HEIL;250;;CENTRO;88353100;47;33512626;1;16;10FEB2020:00:00:00;11DEC2020:00:00:00;0;0;0;0;0;0;0;0;0;0;0;1;0;3,60374E+12;3,60374E+12;1;2;0;0;1;2;0;0;0;0;0;0;0;0;0;0;0;0;1;1;0;0;0;0;1;0;0;0;0;0;1;0;0;0;0;1;0;0;0;0;0;0;0;0;0;0;1;1;0;1;0;0;1;0;1;1;0;0;1;1;1;0;0;0;0;1;0;0;0;0;0;0;0;0;0;0;0;0;1;1;1;0;1;0;0;0;0;0;0;1;1;1;1;1;0;1;1;0;0;18;0;18;18;18;0;1;1;1;1;0;0;0;0;1;3;1;2;0;0;1;18;0;0;0;0;0;0;0;0;0;0;0;0;0;1;70;1;14;0;0;0;0;1;1;1;1;0;1;1;2;1;0;1;3;1;5;1;1;0;0;0;0;0;0;0;0;0;0;0;0;1;4;1;1;0;0;0;0;0;0;0;0;0;0;0;0;0;1;0;1;0;1;1;0;0;0;0;0;0;0;0;0;0;0;0;0;0;0;0;0;0;0;0;0;0;0;0;0;1;0;0;0;0;0;0;0;1;1;0;0;1;0;0;0;1;1;0;1;0;0;0;0;0;0;0;1;1;0;0;0;1;1;0;157;0;0;0;0;0;0;0;157;157;0;0;0;1;1;0;137;20;30;102;9;15;1;0;0;0;0;0;9;148;18;139;0;0;0;0;0;0;0;0;18;0;0;0;0;0;0;0;18;18;0;0;0;4;4;0;7;0;0;0;0;0;0;0;7;7;0;0;0;1;1;0
2020;Sul;4;Santa Catarina;SC;42;Caçador;4203006;Oeste Catarinense;4201;Joaçaba;42004;420300605;42276276;FACULDADE SENAC DE CACADOR;4;1;1;0;AVENIDA SETE DE SETEMBRO;169;;CENTRO;89500133;49;35630000;1;10;17FEB2020:00:00:00;11DEC2020:00:00:00;0;0;0;0;0;0;0;0;0;0;0;1;0;3,60374E+12;3,60374E+12;0;0;0;5131;1;1;0;0;0;0;0;0;0;0;0;0;0;0;1;1;0;0;0;0;1;0;0;0;0;0;1;0;0;0;0;1;0;0;0;0;0;0;0;1;0;1;0;1;1;1;0;0;1;0;1;0;0;0;1;1;1;0;0;0;0;1;0;1;0;0;1;0;1;0;0;0;0;0;1;1;1;0;1;0;0;0;0;0;0;1;1;1;1;1;1;1;1;0;0;17;0;17;3;17;1;1;1;1;1;0;0;1;2;1;17;1;6;0;0;1;88888;0;0;0;0;0;0;0;0;0;0;0;0;0;1;99;1;20;1;1;0;0;1;1;1;1;1;1;1;3;1;0;1;6;1;3;1;2;0;0;1;2;0;0;0;0;0;0;0;0;1;2;1;1;0;0;0;0;1;3;0;0;0;0;0;0;0;1;0;1;0;1;1;0;0;1;0;0;0;0;0;0;0;0;0;0;0;0;0;0;0;0;0;0;0;0;0;0;1;1;1;0;0;1;0;0;0;1;0;0;1;0;0;0;0;1;0;1;0;0;0;0;0;0;0;1;1;0;0;0;1;1;0;276;0;0;0;0;0;0;0;276;276;0;0;0;1;1;0;217;59;141;102;3;29;1;0;0;0;0;0;1;275;0;276;0;0;0;0;0;0;0;0;26;0;0;0;0;0;0;0;26;26;0;0;0;3;3;0;10;0;0;0;0;0;0;0;10;10;0;0;0;1;1;0
2020;Sul;4;Santa Catarina;SC;42;Campo Alegre;4203303;Norte Catarinense;4202;São Bento do Sul;42007;420330305;42149444;SENAC DE CAMPO ALEGRE;4;0;1;0;RUA NEREU RAMOS;124;;CENTRO;89294000;47;36340602;2;24;0;0;0;0;0;0;0;0;0;0;0;0;0;0;0;;;0;0;0;0;0;0;0;0;0;0;0;0;0;0;0;0;0;0;0;0;0;0;0;0;0;0;0;0;0;0;0;0;0;0;0;0;0;0;0;0;0;0;0;0;0;0;0;0;0;0;0;0;0;0;0;0;0;0;0;0;0;0;0;0;0;0;0;0;0;0;0;0;0;0;0;0;0;0;0;0;0;0;0;0;0;0;0;0;0;0;0;0;0;0;0;0;0;0;0;0;0;0;0;0;0;0;0;0;0;0;0;0;0;0;0;0;0;0;0;0;0;0;0;0;0;0;0;0;0;0;0;0;0;0;0;0;0;0;0;0;0;0;0;0;0;0;0;0;0;0;0;0;0;0;0;0;0;0;0;0;0;0;0;0;0;0;0;0;0;0;0;0;0;0;0;0;0;0;0;0;0;0;0;0;0;0;0;0;0;0;0;0;0;0;0;0;0;0;0;0;0;0;0;0;0;0;0;0;0;0;0;0;0;0;0;0;0;0;0;0;0;0;0;0;0;0;0;0;0;0;0;0;0;0;0;0;0;0;0;0;0;0;0;0;0;0;0;0;0;0;0;0;0;0;0;0;0;0;0;0;0;0;0;0;0;0;0;0;0;0;0;0;0;0;0;0;0;0;0;0;0;0;0;0;0;0;0;0;0;0;0;0;0;0;0;0;0;0;0;0;0;0;0;0;0;0;0;0;0;0;0;0;0;0;0;0;0;0;0;0;0;0;0;0;0
2020;Sul;4;Santa Catarina;SC;42;Canoinhas;4203808;Norte Catarinense;4202;Canoinhas;42006;420380805;42148928;SENAC CANOINHAS;4;1;1;0;RUA ROLANDO LOURENCO MALLUCELL;16;SENAC;CENTRO;89460062;47;36224853;1;25;29JAN2020:00:00:00;04DEC2020:00:00:00;0;0;0;0;0;0;0;0;0;0;0;1;0;3,60374E+12;3,60374E+12;1;1;0;0;1;2;0;0;0;0;0;0;0;0;0;0;0;0;1;1;0;0;0;0;1;0;0;0;0;0;1;0;0;0;0;1;0;0;0;0;0;0;0;0;0;0;1;1;0;1;0;0;1;0;1;0;0;0;1;1;0;0;0;0;0;0;0;0;0;0;0;0;0;0;0;0;0;0;0;0;1;0;1;0;0;0;0;0;0;1;1;0;0;0;0;0;0;0;0;7;0;7;7;0;0;1;1;1;1;1;0;0;0;1;1;1;1;0;0;1;8;0;0;0;0;0;0;0;0;0;0;0;0;0;0;0;1;60;1;1;0;0;1;1;1;1;0;1;1;3;1;0;1;2;1;2;0;0;0;0;0;0;0;0;0;0;0;0;0;0;1;1;1;1;0;0;0;0;1;1;0;0;0;0;0;0;0;1;0;1;0;0;1;0;1;0;0;0;0;0;0;0;0;0;0;0;0;0;0;0;0;0;0;0;0;0;0;0;1;0;0;0;0;0;0;0;1;1;0;0;1;0;0;0;0;1;0;1;0;0;0;0;0;0;0;1;1;0;0;0;0;0;0;50;0;0;0;0;0;0;0;50;50;0;0;0;0;0;0;28;22;20;29;0;1;0;0;0;0;0;0;4;46;0;50;0;0;0;0;0;0;0;0;12;0;0;0;0;0;0;0;12;12;0;0;0;0;0;0;4;0;0;0;0;0;0;0;4;4;0;0;0;0;0;0
2020;Sul;4;Santa Catarina;SC;42;Chapecó;4204202;Oeste Catarinense;4201;Chapecó;42002;420420205;42139031;FACULDADE DE TECNOLOGIA SENAC CHAPECO;4;1;1;0;RUA CASTRO ALVES - E;298;;SAO CRISTOVAO;89803110;49;33615022;1;4;27JAN2020:00:00:00;11DEC2020:00:00:00;0;0;0;0;0;0;0;0;0;0;0;1;0;3,60374E+12;3,60374E+12;1;5;0;0;1;1;0;0;0;0;0;0;0;0;0;0;0;0;1;1;0;0;0;0;1;0;0;0;0;0;1;0;0;0;0;1;0;0;0;0;0;0;0;0;0;1;0;1;0;1;0;0;1;0;1;0;0;0;1;1;1;0;0;0;0;1;0;1;0;0;0;0;0;0;0;0;0;0;1;0;1;0;1;0;0;0;0;0;0;1;1;0;1;1;0;1;0;0;0;20;0;20;20;20;0;1;1;1;1;1;0;0;0;0;0;0;0;0;0;1;25;0;0;0;0;0;0;0;0;0;0;0;0;0;1;48;1;100;0;0;0;0;1;1;1;1;0;1;1;3;1;0;1;1;1;3;1;1;1;88888;1;3;0;0;0;0;0;0;0;0;1;3;1;2;0;0;0;0;0;0;0;0;0;0;0;0;0;1;0;1;0;0;0;0;0;0;0;0;0;0;0;0;0;0;0;0;0;0;0;0;0;0;0;0;0;0;0;0;1;1;0;0;0;0;0;1;0;0;0;0;1;0;0;0;0;1;0;1;0;0;0;0;0;0;0;1;1;0;0;0;0;0;0;195;0;0;0;0;0;0;0;195;195;0;0;0;0;0;0;164;31;84;92;0;18;1;0;0;0;0;0;1;194;0;195;0;0;0;0;0;0;0;0;10;0;0;0;0;0;0;0;10;10;0;0;0;0;0;0;10;0;0;0;0;0;0;0;10;10;0;0;0;0;0;0
2020;Sul;4;Santa Catarina;SC;42;Concórdia;4204301;Oeste Catarinense;4201;Concórdia;42005;420430105;42139007;FACULDADE SENAC CONCORDIA;4;1;1;0;RUA JOAO ZANARDI;330;;NOSSA SENHORA DA SALETE;89700396;49;34422993;1;6;10FEB2020:00:00:00;11DEC2020:00:00:00;0;0;0;0;0;0;0;0;0;0;0;0;1;3,60374E+12;3,60374E+12;1;2;0;17777;1;2;0;0;0;0;0;0;0;0;0;0;0;0;1;1;0;0;0;0;1;0;0;0;0;0;1;0;0;0;0;1;0;0;0;0;0;0;0;1;0;1;0;1;0;1;0;0;1;0;1;1;0;0;1;1;0;0;0;0;0;1;0;1;0;0;0;0;0;0;0;0;0;0;1;1;1;0;0;0;0;0;0;0;0;1;0;0;1;1;0;1;1;0;0;10;0;10;10;10;0;1;1;1;1;1;0;0;0;1;10;1;2;1;4;1;10;0;0;0;0;0;0;0;0;0;0;0;0;0;1;110;1;30;0;0;0;0;1;1;1;1;1;1;1;3;1;0;0;0;1;3;1;2;0;0;0;0;0;0;0;0;0;0;0;0;1;1;1;1;0;0;0;0;1;1;0;0;0;0;0;0;0;1;0;1;0;1;1;0;1;0;0;0;1;0;0;0;0;0;0;0;0;0;0;0;0;0;0;0;0;0;0;0;1;1;0;0;0;0;0;0;1;1;0;0;1;0;0;0;0;1;0;1;0;0;0;0;0;0;0;1;1;0;0;0;0;0;0;147;0;0;0;0;0;0;0;147;147;0;0;0;0;0;0;132;15;38;90;5;13;1;0;0;0;0;0;1;146;0;147;0;0;0;0;0;0;0;0;10;0;0;0;0;0;0;0;10;10;0;0;0;0;0;0;5;0;0;0;0;0;0;0;5;5;0;0;0;0;0;0
2020;Sul;4;Santa Catarina;SC;42;Criciúma;4204608;Sul Catarinense;4206;Criciúma;42019;420460805;42151031;FACULDADE SENAC CRICIUMA;4;1;1;0;RUA HENRIQUE LAGE;560;;CENTRO;88801010;48;34379801;1;20;17FEB2020:00:00:00;18DEC2020:00:00:00;0;0;0;0;0;0;0;0;0;0;0;1;0;3,60374E+12;3,60374E+12;1;1;0;17277;1;1;0;0;0;0;0;0;0;0;0;0;0;0;1;1;0;0;0;0;1;0;0;0;0;0;1;0;0;0;0;1;0;0;0;0;0;0;0;1;0;0;0;1;1;1;0;0;1;0;1;0;1;0;1;1;1;0;0;0;0;1;1;1;0;0;1;1;0;0;0;0;0;0;1;0;1;0;1;0;0;0;0;0;0;1;1;1;1;1;0;1;1;0;0;39;0;39;39;39;0;1;0;1;1;0;0;0;0;0;0;1;2;1;1;1;39;0;0;0;0;0;0;0;0;0;0;0;0;0;1;12;1;26;1;10;0;0;1;1;1;1;1;1;1;3;1;0;1;88888;1;88888;1;1;0;0;1;88888;0;0;0;0;0;0;0;0;1;2;1;1;1;1;0;0;1;1;0;0;0;0;0;0;0;1;0;1;0;1;0;0;0;0;0;0;0;0;0;0;0;0;0;0;0;0;0;0;0;0;0;0;0;0;0;0;1;1;1;0;0;1;0;0;0;1;0;0;1;0;0;0;0;1;0;1;0;0;0;0;0;0;0;1;1;0;0;0;0;0;0;31;0;0;0;0;0;0;0;31;31;0;0;0;0;0;0;17;14;12;17;1;1;0;0;0;0;0;0;3;28;0;31;0;0;0;0;0;0;0;0;10;0;0;0;0;0;0;0;10;10;0;0;0;0;0;0;2;0;0;0;0;0;0;0;2;2;0;0;0;0;0;0
2020;Sul;4;Santa Catarina;SC;42;Curitibanos;4204806;Serrana;4203;Curitibanos;42009;420480605;42116651;SENAC SERVICO NACIONAL DE APRENDIZAGEM COMERCIAL;4;1;1;0;AVENIDA SALOMAO CARNEIRO DE ALMEIDA - EDIFICIO GAB;388;6º ANDAR;CENTRO;89520000;49;32415937;1;11;10FEB2020:00:00:00;18DEC2020:00:00:00;0;0;0;0;0;0;0;0;0;0;0;1;0;3,60374E+12;3,60374E+12;1;2;0;0;1;2;0;0;0;0;0;0;0;0;0;0;0;0;1;1;0;0;0;0;1;0;0;0;0;0;1;0;0;0;0;1;0;0;0;0;0;0;0;1;0;0;0;1;0;0;0;0;1;0;1;1;0;0;1;1;1;0;0;0;0;1;0;0;0;0;0;0;0;0;0;0;0;0;0;0;1;0;1;0;0;0;0;0;0;0;1;0;1;1;0;0;0;0;0;5;0;5;3;5;0;1;1;1;0;1;0;0;0;1;1;1;1;0;0;1;6;0;0;0;0;0;0;0;0;0;0;0;0;0;1;20;1;88888;0;0;0;0;1;1;1;0;0;1;0;1;1;0;1;3;1;1;0;0;0;0;0;0;0;0;0;0;0;0;0;0;0;0;0;0;0;0;0;0;1;3;0;0;0;0;0;0;0;1;0;0;0;1;1;0;1;0;0;0;0;0;0;0;0;0;0;0;0;0;0;0;0;0;0;0;0;0;0;0;1;0;0;0;0;0;0;0;1;1;0;0;1;0;0;0;0;1;0;1;0;0;0;0;0;0;0;1;1;0;0;0;0;0;0;15;0;0;0;0;0;0;0;15;15;0;0;0;0;0;0;9;6;6;7;0;2;0;0;0;0;0;0;0;15;0;15;0;0;0;0;0;0;0;0;6;0;0;0;0;0;0;0;6;6;0;0;0;0;0;0;2;0;0;0;0;0;0;0;2;2;0;0;0;0;0;0
2020;Sul;4;Santa Catarina;SC;42;Florianópolis;4205407;Grande Florianópolis;4205;Florianópolis;42016;420540705;42270278;SENAC DE FLORIANOPOLIS;4;1;1;0;RUA SILVA JARDIM;360;;CENTRO;88020200;48;32293253;1;10000;27JAN2020:00:00:00;18DEC2020:00:00:00;0;0;0;0;0;0;0;0;0;0;0;1;0;3,60374E+12;3,60374E+12;1;2;0;0;1;1;0;0;0;0;0;0;0;0;0;0;0;0;1;1;0;0;0;0;1;0;0;0;0;0;1;0;0;0;0;1;0;0;0;0;0;0;0;1;0;0;0;1;1;1;0;0;1;0;1;1;0;0;1;1;1;0;0;0;0;1;1;0;0;0;0;0;0;0;0;0;0;0;1;1;1;0;1;0;0;0;0;0;0;1;1;1;1;1;0;1;1;0;0;22;0;22;22;22;0;1;0;0;1;0;0;0;0;1;21;1;2;1;7;1;20;0;0;0;0;0;0;0;0;0;0;0;0;0;1;88888;1;33;0;0;0;0;1;1;1;1;0;1;0;3;1;0;1;88888;1;7;1;2;0;0;0;0;0;0;0;0;0;0;0;0;1;4;1;1;0;0;1;2;1;1;0;0;0;0;0;0;0;1;0;1;0;0;1;0;1;1;0;0;0;0;0;0;0;0;0;0;0;0;0;0;0;0;0;0;0;0;0;0;1;1;0;0;0;1;0;0;0;0;0;0;1;0;0;0;1;1;0;1;0;0;0;0;0;0;0;1;1;0;0;0;1;1;0;75;0;0;0;0;0;0;0;75;75;0;0;0;1;1;0;54;21;39;25;3;8;0;0;0;0;0;0;2;73;48;27;0;0;0;0;0;0;0;0;31;0;0;0;0;0;0;0;31;31;0;0;0;5;5;0;6;0;0;0;0;0;0;0;6;6;0;0;0;1;1;0
2020;Sul;4;Santa Catarina;SC;42;Florianópolis;4205407;Grande Florianópolis;4205;Florianópolis;42016;420540705;42330270;SENAC SAUDE E BELEZA;4;1;1;0;RUA CONSELHEIRO MAFRA;784;EDIFICIO GALAX;CENTRO;88010100;48;33309600;1;10000;27JAN2020:00:00:00;18DEC2020:00:00:00;0;0;0;0;0;0;0;0;0;0;0;1;0;3,60374E+12;3,60374E+12;1;2;0;0;1;2;0;0;0;0;0;0;0;0;0;0;0;0;1;1;0;0;0;0;1;0;0;0;0;0;1;0;0;0;0;1;0;0;0;0;0;0;0;0;0;0;1;0;0;0;0;0;1;0;1;0;1;0;1;1;0;0;0;0;1;0;0;0;0;0;0;0;0;0;0;0;0;0;1;1;1;0;1;0;0;0;0;0;0;1;1;1;1;1;0;1;1;0;0;16;0;16;16;16;0;1;1;1;1;1;0;0;0;1;3;0;0;0;0;1;16;0;0;0;0;0;0;0;0;0;0;0;0;0;1;4;1;38;0;0;0;0;1;1;1;1;1;1;1;2;1;0;1;11;1;3;1;1;0;0;1;1;0;0;0;0;0;0;0;0;1;4;1;1;0;0;0;0;1;1;0;0;0;0;0;0;0;1;0;1;0;1;1;0;1;0;0;0;0;0;0;0;0;0;0;0;0;0;0;0;0;0;0;0;0;0;0;0;1;1;0;0;0;1;0;0;0;0;0;0;1;0;0;0;1;1;0;1;0;0;0;0;0;0;0;1;1;0;0;0;0;0;0;136;0;0;0;0;0;0;0;136;136;0;0;0;0;0;0;108;28;43;78;6;8;1;0;0;0;0;0;1;135;50;86;0;0;0;0;0;0;0;0;31;0;0;0;0;0;0;0;31;31;0;0;0;0;0;0;9;0;0;0;0;0;0;0;9;9;0;0;0;0;0;0
2020;Sul;4;Santa Catarina;SC;42;Itajaí;4208203;Vale do Itajaí;4204;Itajaí;42013;420820305;42119430;SERVICO NACIONAL DE APRENDIZAGEM COMERCIAL - SENAC DE ITAJAI;4;1;1;0;RUA BRUSQUE;257;;CENTRO;88302000;47;33480410;1;17;20JAN2020:00:00:00;18DEC2020:00:00:00;0;0;0;0;0;0;0;0;0;0;0;1;0;3,60374E+12;3,60374E+12;1;2;0;0;1;2;0;0;0;0;0;0;0;0;0;0;0;0;1;1;0;0;0;0;1;0;0;0;0;0;1;0;0;0;0;1;0;0;0;0;0;0;0;0;0;0;1;1;0;0;0;0;1;0;1;1;0;0;1;1;1;0;0;0;0;1;0;1;0;0;0;0;0;0;0;0;0;0;1;0;1;0;1;0;0;0;0;0;0;0;1;0;1;0;0;0;0;0;0;9;0;9;9;9;0;1;0;1;1;1;0;0;0;0;0;1;2;0;0;1;9;0;0;0;0;0;0;0;0;0;0;0;0;0;1;20;1;35;0;0;0;0;1;1;1;1;0;1;0;3;1;0;0;0;1;2;1;1;0;0;0;0;0;0;0;0;0;0;0;0;1;1;1;1;0;0;0;0;1;1;0;0;0;0;0;0;0;1;0;1;0;0;1;0;1;0;0;0;0;0;0;0;0;0;0;0;0;0;0;0;0;0;0;0;0;0;0;0;1;9;9;0;0;1;0;0;0;9;0;0;1;0;0;0;0;1;0;1;0;0;0;0;0;0;0;1;1;0;0;0;1;1;0;249;0;0;0;0;0;0;0;249;249;0;0;0;1;1;0;194;55;50;142;17;38;2;0;0;0;0;0;8;241;0;249;0;0;0;0;0;0;0;0;28;0;0;0;0;0;0;0;28;28;0;0;0;5;5;0;10;0;0;0;0;0;0;0;10;10;0;0;0;1;1;0
2020;Sul;4;Santa Catarina;SC;42;Joaçaba;4209003;Oeste Catarinense;4201;Joaçaba;42004;420900305;42138876;SERVICO NACIONAL DE APRENDIZAGEM COMERCIAL - SENAC;4;1;1;0;AVENIDA XV DE NOVEMBRO;254;;CENTRO;89600000;49;39065600;1;7;11MAR2020:00:00:00;18DEC2020:00:00:00;0;0;0;0;0;0;0;0;0;0;0;1;0;3,60374E+12;3,60374E+12;1;2;0;0;1;2;0;0;0;0;0;0;0;0;0;0;0;0;1;1;0;0;0;0;1;0;0;0;0;0;1;0;0;0;0;1;0;0;0;0;0;0;0;1;0;0;0;1;0;0;0;0;1;0;1;1;0;0;1;1;1;0;0;0;1;1;0;0;0;0;0;0;0;0;0;0;0;0;1;0;1;0;1;0;0;0;0;0;0;1;1;0;1;1;0;1;1;0;0;17;0;17;17;17;0;1;1;1;1;1;0;0;0;0;0;1;2;0;0;1;19;0;0;0;0;0;0;0;0;0;0;0;0;0;1;29;1;40;0;0;0;0;1;1;1;1;0;1;1;3;1;0;1;4;1;2;1;1;1;11;0;0;0;0;0;0;0;0;0;0;1;3;1;1;0;0;1;1;1;2;0;0;0;0;0;0;0;1;0;1;0;1;1;0;0;0;0;0;0;0;0;0;0;0;0;0;0;0;0;0;0;0;0;0;0;0;0;0;1;1;1;0;0;1;0;0;0;1;0;0;1;0;0;0;1;1;0;1;0;0;0;0;0;0;0;1;1;0;0;0;1;1;0;411;0;0;0;0;0;0;0;411;363;0;0;0;1;1;0;299;112;116;240;2;49;3;1;0;0;0;1;58;352;48;363;0;0;0;0;0;0;0;0;35;0;0;0;0;0;0;0;35;34;0;0;0;11;11;0;18;0;0;0;0;0;0;0;18;16;0;0;0;1;1;0
2020;Sul;4;Santa Catarina;SC;42;Joinville;4209102;Norte Catarinense;4202;Joinville;42008;420910205;42280265;SENAC DE JOINVILLE;4;1;1;0;RUA VISCONDE DE TAUNAY;730;;ATIRADORES;89203062;47;34316666;1;22;10FEB2020:00:00:00;18DEC2020:00:00:00;0;0;0;0;0;0;0;0;0;0;0;1;0;3,60374E+12;3,60374E+12;0;0;0;0;1;1;0;0;0;0;0;0;0;0;0;0;0;0;1;1;0;0;0;0;1;0;0;0;0;0;1;0;0;0;0;1;0;0;0;0;0;0;0;1;0;0;0;1;0;1;0;0;1;0;1;1;1;0;1;1;1;1;0;0;0;1;0;1;0;0;0;0;0;0;0;0;0;0;1;0;1;0;1;0;0;0;0;0;0;1;1;1;0;0;0;1;1;0;0;37;0;37;37;37;0;1;1;1;1;1;0;0;0;1;22;0;0;0;0;1;22;0;0;0;0;0;0;0;0;0;0;0;0;0;1;150;1;43;1;22;0;0;1;1;1;1;0;1;1;3;1;0;1;9;1;6;1;2;0;0;0;0;0;0;0;0;0;0;0;0;1;2;1;1;1;2;0;0;1;1;0;0;0;1;0;0;0;1;0;1;0;1;1;0;1;0;0;0;0;0;0;0;0;0;0;0;0;0;0;0;0;0;0;0;0;0;0;0;1;0;0;0;0;0;0;0;1;0;0;0;1;0;0;1;1;1;0;1;0;0;0;0;0;0;1;1;1;0;0;0;1;1;0;420;0;0;0;0;0;0;30;420;420;0;0;0;2;2;0;273;147;150;237;4;27;1;1;0;0;0;2;137;281;204;216;0;0;0;0;0;0;0;30;57;0;0;0;0;0;0;17;57;57;0;0;0;19;19;0;18;0;0;0;0;0;0;1;18;18;0;0;0;2;2;0
2020;Sul;4;Santa Catarina;SC;42;Lages;4209300;Serrana;4203;Campos de Lages;42010;420930005;42332281;SENAC DE LAGES;4;1;1;0;AVENIDA DOM PEDRO II;1450;;UNIVERSITARIO;88509001;49;32233855;1;26;10FEB2020:00:00:00;11DEC2020:00:00:00;0;0;0;0;0;0;0;0;0;0;0;1;0;3,60374E+12;3,60374E+12;1;2;0;0;1;1;0;0;0;0;0;0;0;0;0;1;0;0;1;1;0;0;0;0;1;0;0;0;0;0;1;0;0;0;0;1;0;0;0;0;0;0;0;1;0;0;0;1;0;1;0;0;1;0;1;0;0;0;1;1;1;1;0;0;0;1;1;1;0;0;0;0;0;1;0;0;0;0;1;1;1;0;1;0;0;0;0;0;0;1;1;1;0;1;0;1;1;0;0;12;3;15;12;12;0;1;1;1;1;0;0;0;0;0;0;1;1;0;0;1;88888;0;0;0;0;0;0;0;0;0;0;0;0;0;1;44;1;10;0;0;0;0;1;1;1;1;1;1;1;3;1;0;1;4;1;2;0;0;1;4;1;3;0;0;0;0;0;0;0;0;1;1;1;1;0;0;0;0;1;1;0;0;0;0;0;0;0;1;0;1;0;0;0;0;0;0;0;0;0;0;0;0;0;0;0;0;0;0;0;0;0;0;0;0;0;0;0;0;1;1;0;0;0;1;0;0;0;1;0;0;1;0;0;0;1;1;0;1;0;0;0;0;0;0;0;1;1;0;0;0;1;1;0;183;0;0;0;0;0;0;0;183;183;0;0;0;1;1;0;152;31;52;103;4;23;1;0;0;0;0;0;14;169;31;152;0;0;0;0;0;0;0;0;15;0;0;0;0;0;0;0;15;15;0;0;0;5;5;0;8;0;0;0;0;0;0;0;8;8;0;0;0;1;1;0
2020;Sul;4;Santa Catarina;SC;42;Mafra;4210100;Norte Catarinense;4202;Canoinhas;42006;421010005;42149487;SENAC DE MAFRA;4;1;1;0;RUA FELIPE SCHMIDT;809;;CENTRO I BAIXADA;89300178;47;32080130;1;36;04FEB2020:00:00:00;22DEC2020:00:00:00;0;0;0;0;0;0;1;0;0;0;0;1;1;3,60374E+12;3,60374E+12;1;2;0;0;1;2;0;0;0;0;0;0;0;0;0;0;0;0;1;1;0;0;0;0;1;0;0;0;0;0;1;0;0;0;0;1;0;0;0;0;0;0;0;1;0;0;0;0;0;0;0;0;1;0;1;0;0;0;1;1;1;0;0;0;0;1;0;0;0;0;0;0;0;0;0;0;0;0;1;0;1;0;1;0;0;0;0;0;0;0;0;1;0;0;0;0;0;0;0;6;0;6;6;0;0;1;1;1;1;0;0;0;0;0;0;1;1;0;0;1;88888;0;0;0;0;0;0;0;0;0;0;0;0;0;1;3;1;34;0;0;0;0;1;1;1;0;0;1;1;2;1;0;1;4;1;1;0;0;0;0;0;0;0;0;0;0;0;0;0;0;1;1;0;0;0;0;0;0;0;0;0;0;0;0;1;0;0;0;0;1;0;0;1;0;1;0;0;0;0;0;0;0;0;0;0;0;0;0;0;0;0;0;0;0;0;0;0;0;1;0;0;0;0;0;0;0;1;1;0;0;1;0;0;0;1;1;0;1;0;0;0;0;0;0;0;1;1;0;0;0;0;0;0;158;0;0;0;0;0;0;0;158;110;0;0;0;0;0;0;120;38;18;129;1;10;0;0;0;0;0;0;46;112;48;110;0;0;0;0;0;0;0;0;13;0;0;0;0;0;0;0;13;10;0;0;0;0;0;0;7;0;0;0;0;0;0;0;7;4;0;0;0;0;0;0
2020;Sul;4;Santa Catarina;SC;42;Palhoça;4211900;Grande Florianópolis;4205;Florianópolis;42016;421190005;42149223;CENTRO DE ED PROFISSIONAL SENAC PALHOCA;4;1;1;0;RUA JOAO PEREIRA DOS SANTOS;303;;PONTE DO IMARUIM;88130475;48;33419128;1;10000;10FEB2020:00:00:00;23DEC2020:00:00:00;0;0;0;0;0;0;0;0;0;0;0;1;0;3,60374E+12;3,60374E+12;1;5;0;0;1;2;0;0;0;0;0;0;0;0;0;0;0;0;1;1;0;0;0;0;1;0;0;0;0;0;1;0;0;0;0;1;0;0;0;0;0;0;0;1;0;0;0;1;0;1;0;0;1;0;1;0;0;0;1;1;1;0;0;0;0;1;0;1;0;0;0;0;0;1;0;0;0;0;1;0;1;0;1;0;0;0;0;0;0;1;1;1;1;1;0;1;1;0;0;21;0;21;21;21;0;1;1;1;1;1;0;0;0;1;20;1;3;1;3;1;20;0;0;0;0;0;0;0;0;0;0;0;0;0;1;94;1;27;1;10;0;0;1;1;1;1;0;1;1;3;1;0;1;1;1;3;1;1;0;0;0;0;0;0;0;0;0;0;0;0;1;4;1;1;0;0;0;0;1;1;0;0;0;1;0;0;0;1;0;1;0;1;1;0;1;0;1;0;0;0;0;0;0;0;0;0;0;0;0;0;0;0;0;0;0;0;0;0;1;1;1;0;0;0;0;0;1;1;0;0;1;0;0;1;1;1;0;1;0;0;0;0;0;0;1;1;1;0;0;0;0;0;0;214;0;0;0;0;0;0;22;214;88;0;0;0;0;0;0;117;97;65;118;7;22;1;1;0;0;0;9;123;82;148;66;0;0;0;0;0;0;0;22;35;0;0;0;0;0;0;16;35;31;0;0;0;0;0;0;10;0;0;0;0;0;0;1;10;4;0;0;0;0;0;0
2020;Sul;4;Santa Catarina;SC;42;Porto União;4213609;Norte Catarinense;4202;Canoinhas;42006;421360905;42119448;SERVICO NACIONAL DE APRENDIZAGEM COMERCIAL - SENAC PORTO UNIAO;4;1;1;0;AVENIDA GETULIO VARGAS;890;;CENTRO;89400000;42;35231516;1;25;10FEB2020:00:00:00;10DEC2020:00:00:00;0;0;0;0;0;0;0;0;0;0;0;1;0;3,60374E+12;3,60374E+12;1;2;0;5131;1;2;0;0;0;0;0;0;0;0;0;0;0;0;1;1;0;0;0;0;1;0;0;0;0;0;1;0;0;0;0;1;0;0;0;0;0;0;0;1;0;0;0;0;0;1;0;0;1;0;1;0;0;0;1;1;1;0;0;0;0;1;0;0;0;0;0;0;0;0;0;0;0;0;1;0;1;0;1;0;0;0;0;0;0;1;1;1;1;0;0;1;1;0;0;13;2;15;15;15;0;1;1;1;1;0;0;0;0;0;0;1;3;0;0;1;88888;0;0;0;0;0;0;0;0;0;0;0;0;0;1;76;1;45;1;2;0;0;1;1;1;1;1;1;1;3;1;0;1;8;1;3;1;1;0;0;0;0;0;0;0;0;0;0;0;0;1;2;1;1;0;0;0;0;0;0;0;0;0;0;0;0;0;1;0;1;0;1;1;0;1;1;0;0;0;0;0;0;0;0;0;0;0;0;0;0;0;0;0;0;0;0;0;0;1;0;0;0;0;0;0;0;1;1;0;0;1;0;0;0;1;1;0;1;0;0;0;0;0;0;0;1;1;0;0;0;0;0;0;180;0;0;0;0;0;0;0;180;165;0;0;0;0;0;0;134;46;47;117;0;16;0;0;0;0;0;0;17;163;15;165;0;0;0;0;0;0;0;0;25;0;0;0;0;0;0;0;25;23;0;0;0;0;0;0;10;0;0;0;0;0;0;0;10;9;0;0;0;0;0;0
2020;Sul;4;Santa Catarina;SC;42;Quilombo;4214201;Oeste Catarinense;4201;Chapecó;42002;421420105;42149517;FACULDADE DE TECNOLOGIA SENAC CHAPECO;4;1;1;0;ALBERTO BODANESE PRIMO;1227;;CENTRO;89850000;49;33615022;1;2;30JAN2020:00:00:00;30NOV2020:00:00:00;0;0;0;0;0;0;0;0;0;0;0;1;0;3,60374E+12;3,60374E+12;1;2;0;0;0;0;0;0;0;0;0;0;0;0;1;0;0;0;1;0;1;0;0;0;1;0;0;0;0;0;1;0;0;0;0;1;0;0;0;0;0;0;0;0;0;1;0;1;0;1;0;0;1;1;1;1;0;0;1;1;1;1;0;0;1;1;1;1;1;0;1;1;1;1;0;0;0;0;1;0;1;0;1;0;0;0;0;0;0;1;0;1;1;1;0;1;1;0;0;0;1;1;1;1;0;1;1;1;0;1;0;0;0;0;0;0;0;0;0;1;1;0;0;0;0;0;0;0;0;0;0;0;0;0;0;0;1;16;0;0;0;0;1;1;0;0;0;1;0;2;1;0;1;1;1;1;1;1;1;1;1;1;0;0;0;0;0;0;0;0;0;0;0;0;0;0;0;0;0;0;0;0;0;0;0;0;0;1;0;1;0;0;0;0;0;0;0;0;0;0;0;0;0;0;0;0;0;0;0;0;0;0;0;0;0;0;0;0;1;0;0;0;0;0;0;0;1;0;0;0;1;0;0;0;0;1;0;1;0;0;0;0;0;0;0;1;1;0;0;0;0;0;0;12;0;0;0;0;0;0;0;12;12;0;0;0;0;0;0;6;6;3;9;0;0;0;0;0;0;0;0;7;5;0;12;0;0;0;0;0;0;0;0;1;0;0;0;0;0;0;0;1;1;0;0;0;0;0;0;1;0;0;0;0;0;0;0;1;1;0;0;0;0;0;0
2020;Sul;4;Santa Catarina;SC;42;Rio do Sul;4214805;Vale do Itajaí;4204;Rio do Sul;42011;421480505;42126649;SENAC;4;1;1;0;RUA VISCONDE DE CAIRU;60;;SANTANA;89160256;47;35212266;1;12;10FEB2020:00:00:00;18DEC2020:00:00:00;0;0;0;0;0;0;0;0;0;0;1;1;0;3,60374E+12;3,60374E+12;1;2;0;3948;1;1;0;0;0;0;0;0;0;0;0;0;0;0;1;1;0;0;0;0;1;0;0;0;0;0;1;0;0;0;0;1;0;0;0;0;0;0;0;1;0;0;0;0;0;0;0;0;1;0;1;0;1;0;1;1;1;0;0;0;1;1;0;0;0;0;0;0;0;0;0;0;0;0;1;0;1;0;1;1;0;0;0;0;0;1;0;0;0;1;0;0;0;0;0;15;0;15;15;15;0;1;1;1;1;1;0;1;1;1;16;1;3;0;0;1;20;0;0;0;0;0;0;0;0;0;0;0;0;0;1;62;1;62;0;0;0;0;1;1;1;1;1;1;1;2;1;0;1;5;1;4;1;1;0;0;0;0;0;0;0;0;0;0;0;0;1;1;1;1;0;0;1;1;1;7;0;0;0;0;0;0;0;1;0;1;0;0;0;0;1;0;0;0;0;0;0;0;0;0;0;0;0;0;0;0;0;0;0;0;0;0;0;0;1;1;1;0;0;0;0;0;1;1;0;0;1;0;0;0;1;1;0;1;0;0;0;0;0;0;0;1;1;0;0;0;1;1;0;426;0;0;0;0;0;0;0;426;227;0;0;0;1;1;0;288;138;111;292;4;18;1;0;0;0;0;11;162;253;197;229;0;0;0;0;0;0;0;0;33;0;0;0;0;0;0;0;33;24;0;0;0;1;1;0;24;0;0;0;0;0;0;0;24;10;0;0;0;1;1;0
2020;Sul;4;Santa Catarina;SC;42;Rio Negrinho;4215000;Norte Catarinense;4202;São Bento do Sul;42007;421500005;42149479;SENAC DE RIO NEGRINHO;4;0;1;0;RUA PREFEITO HUGO FISCHER;539;;BELA VISTA;89295000;47;36340602;2;24;0;0;0;0;0;0;0;0;0;0;0;0;0;0;0;;;0;0;0;0;0;0;0;0;0;0;0;0;0;0;0;0;0;0;0;0;0;0;0;0;0;0;0;0;0;0;0;0;0;0;0;0;0;0;0;0;0;0;0;0;0;0;0;0;0;0;0;0;0;0;0;0;0;0;0;0;0;0;0;0;0;0;0;0;0;0;0;0;0;0;0;0;0;0;0;0;0;0;0;0;0;0;0;0;0;0;0;0;0;0;0;0;0;0;0;0;0;0;0;0;0;0;0;0;0;0;0;0;0;0;0;0;0;0;0;0;0;0;0;0;0;0;0;0;0;0;0;0;0;0;0;0;0;0;0;0;0;0;0;0;0;0;0;0;0;0;0;0;0;0;0;0;0;0;0;0;0;0;0;0;0;0;0;0;0;0;0;0;0;0;0;0;0;0;0;0;0;0;0;0;0;0;0;0;0;0;0;0;0;0;0;0;0;0;0;0;0;0;0;0;0;0;0;0;0;0;0;0;0;0;0;0;0;0;0;0;0;0;0;0;0;0;0;0;0;0;0;0;0;0;0;0;0;0;0;0;0;0;0;0;0;0;0;0;0;0;0;0;0;0;0;0;0;0;0;0;0;0;0;0;0;0;0;0;0;0;0;0;0;0;0;0;0;0;0;0;0;0;0;0;0;0;0;0;0;0;0;0;0;0;0;0;0;0;0;0;0;0;0;0;0;0;0;0;0;0;0;0;0;0;0;0;0;0;0;0;0;0;0;0;0
2020;Sul;4;Santa Catarina;SC;42;São Bento do Sul;4215802;Norte Catarinense;4202;São Bento do Sul;42007;421580205;42330459;SENAC DE SAO BENTO DO SUL;4;1;1;0;RUA AUGUSTO KLIMMEK;277;EDIFICIO SAO JOSE;CENTRO;89280349;47;36340602;1;24;10FEB2020:00:00:00;16DEC2020:00:00:00;0;0;0;0;0;0;1;0;0;0;0;1;1;3,60374E+12;3,60374E+12;1;2;0;0;1;2;0;0;0;0;0;0;0;0;0;0;0;0;1;1;0;0;0;0;1;0;0;0;0;0;1;0;0;0;0;1;0;0;0;0;0;0;0;1;0;0;0;1;0;0;0;0;1;0;1;1;0;0;1;1;1;0;0;0;0;1;0;0;0;0;0;0;0;0;0;0;0;0;1;0;1;0;1;0;0;0;0;0;0;0;1;0;1;1;0;0;0;0;0;7;0;7;2;0;0;1;1;1;1;1;0;0;0;0;0;1;1;0;0;1;88888;0;0;0;0;0;0;0;0;0;0;0;0;0;1;30;1;52;0;0;0;0;1;1;1;1;1;1;1;3;1;0;1;1;1;1;0;0;0;0;0;0;0;0;0;0;0;0;0;0;1;1;0;0;0;0;0;0;0;0;0;0;0;0;0;0;0;1;0;1;0;0;1;0;0;0;0;0;0;0;0;0;0;0;0;0;0;0;0;0;0;0;0;0;0;0;0;0;1;0;0;0;0;0;0;1;0;0;0;0;1;0;0;0;1;1;0;1;0;0;0;0;0;0;0;1;1;0;0;0;0;0;0;175;0;0;0;0;0;0;0;175;94;0;0;0;0;0;0;117;58;26;132;1;16;0;0;0;0;0;1;78;96;81;94;0;0;0;0;0;0;0;0;12;0;0;0;0;0;0;0;12;7;0;0;0;0;0;0;7;0;0;0;0;0;0;0;7;3;0;0;0;0;0;0
2020;Sul;4;Santa Catarina;SC;42;São Miguel do Oeste;4217204;Oeste Catarinense;4201;São Miguel do Oeste;42001;421720405;42296269;SENAC DE SAO MIGUEL DO OESTE;4;1;1;0;RUA SETE DE SETEMBRO;1415;;CENTRO;89900000;49;36210055;1;1;10FEB2020:00:00:00;11DEC2020:00:00:00;0;0;0;0;0;0;0;0;0;0;0;1;0;3,60374E+12;3,60374E+12;1;1;0;5133;1;1;0;0;0;0;0;0;0;0;0;0;0;0;1;1;0;0;0;0;1;0;0;0;0;0;0;1;0;1;0;1;0;0;0;0;0;0;0;1;0;0;0;1;0;0;0;0;1;0;1;1;0;0;1;1;1;0;0;0;0;1;0;1;0;0;0;0;0;0;0;0;0;0;1;1;1;0;1;0;0;0;0;0;0;1;0;0;1;1;0;1;0;0;0;9;0;9;9;9;0;1;1;1;1;1;0;0;0;1;9;0;0;0;0;1;88888;0;0;0;0;0;0;0;0;0;0;0;0;0;1;71;1;58;0;0;0;0;1;1;1;1;1;1;1;3;1;0;1;8;1;2;1;1;0;0;0;0;0;0;0;0;0;0;0;0;1;3;1;1;0;0;0;0;0;0;0;0;0;0;0;0;0;1;0;1;0;0;1;0;0;0;0;0;0;0;0;0;0;0;0;0;0;0;0;0;0;0;0;0;0;0;0;0;1;1;0;0;0;0;0;0;1;0;0;0;1;0;0;0;1;1;0;1;0;0;0;0;0;0;0;1;1;0;0;0;1;1;0;159;0;0;0;0;0;0;0;159;111;0;0;0;1;1;0;106;53;22;124;2;10;1;0;0;0;0;3;55;101;48;111;0;0;0;0;0;0;0;0;19;0;0;0;0;0;0;0;19;15;0;0;0;4;4;0;6;0;0;0;0;0;0;0;6;4;0;0;0;1;1;0
2020;Sul;4;Santa Catarina;SC;42;Tubarão;4218707;Sul Catarinense;4206;Tubarão;42018;421870705;42299268;FACULDADE DE TECNOLOGIA SENAC TUBARAO;4;1;1;0;RUA AMARILDO JOSE DA ROSA;1600;;REVOREDO;88704650;48;36325414;1;19;20JAN2020:00:00:00;18DEC2020:00:00:00;0;0;0;0;0;0;0;0;0;0;0;1;0;3,60374E+12;3,60374E+12;1;2;0;0;1;2;0;0;0;0;0;0;0;0;0;0;0;0;1;1;0;0;0;0;1;0;0;0;0;0;1;0;0;0;0;1;0;0;0;0;0;0;0;9;9;9;9;1;0;1;0;0;1;0;1;0;0;0;1;1;1;1;0;0;0;1;0;0;0;0;0;0;0;0;0;0;0;0;1;1;1;0;1;0;0;0;0;0;0;0;1;1;1;0;0;1;0;0;0;17;0;17;17;17;0;1;0;1;1;0;0;1;1;1;4;1;4;0;0;1;20;0;0;0;0;0;0;0;0;0;0;0;0;0;1;105;1;85;0;0;0;0;1;1;1;1;0;1;1;2;1;0;1;4;1;4;1;1;1;1;0;0;0;0;0;0;0;0;0;0;0;0;1;1;0;0;0;0;1;1;0;0;0;0;0;0;0;1;0;1;0;0;0;0;0;0;0;0;0;0;0;0;0;0;0;0;0;0;0;0;0;0;0;0;0;0;0;0;1;1;1;0;0;0;0;1;0;1;0;0;1;0;0;0;1;1;0;1;0;0;0;0;0;0;0;1;1;0;0;0;0;0;0;189;0;0;0;0;0;0;0;189;128;0;0;0;0;0;0;114;75;48;123;8;10;0;0;0;0;0;6;51;132;76;113;0;0;0;0;0;0;0;0;35;0;0;0;0;0;0;0;35;26;0;0;0;0;0;0;8;0;0;0;0;0;0;0;8;5;0;0;0;0;0;0
2020;Sul;4;Santa Catarina;SC;42;União do Oeste;4218855;Oeste Catarinense;4201;Chapecó;42002;421885505;42149525;FACULDADE DE TECNOLOGIA SENAC CHAPECO;4;0;1;0;AVENIDA SAO LUIZ;;;;89845000;49;33615000;2;2;0;0;0;0;0;0;0;0;0;0;0;0;0;0;0;;;0;0;0;0;0;0;0;0;0;0;0;0;0;0;0;0;0;0;0;0;0;0;0;0;0;0;0;0;0;0;0;0;0;0;0;0;0;0;0;0;0;0;0;0;0;0;0;0;0;0;0;0;0;0;0;0;0;0;0;0;0;0;0;0;0;0;0;0;0;0;0;0;0;0;0;0;0;0;0;0;0;0;0;0;0;0;0;0;0;0;0;0;0;0;0;0;0;0;0;0;0;0;0;0;0;0;0;0;0;0;0;0;0;0;0;0;0;0;0;0;0;0;0;0;0;0;0;0;0;0;0;0;0;0;0;0;0;0;0;0;0;0;0;0;0;0;0;0;0;0;0;0;0;0;0;0;0;0;0;0;0;0;0;0;0;0;0;0;0;0;0;0;0;0;0;0;0;0;0;0;0;0;0;0;0;0;0;0;0;0;0;0;0;0;0;0;0;0;0;0;0;0;0;0;0;0;0;0;0;0;0;0;0;0;0;0;0;0;0;0;0;0;0;0;0;0;0;0;0;0;0;0;0;0;0;0;0;0;0;0;0;0;0;0;0;0;0;0;0;0;0;0;0;0;0;0;0;0;0;0;0;0;0;0;0;0;0;0;0;0;0;0;0;0;0;0;0;0;0;0;0;0;0;0;0;0;0;0;0;0;0;0;0;0;0;0;0;0;0;0;0;0;0;0;0;0;0;0;0;0;0;0;0;0;0;0;0;0;0;0;0;0;0;0;0
2020;Sul;4;Santa Catarina;SC;42;Xanxerê;4219507;Oeste Catarinense;4201;Xanxerê;42003;421950705;42270294;SERVICO NACIONAL DE APRENDIZAGEM COMERCIAL SENAC;4;1;1;0;R. IRINEU BORNHAUSEM;110;EDIFICIO VITORIA;CENTRO;89820000;49;34333300;1;5;10FEB2020:00:00:00;18DEC2020:00:00:00;0;0;0;0;0;0;0;0;0;0;0;1;0;3,60374E+12;3,60374E+12;1;2;0;3947;1;2;0;0;0;0;0;0;0;0;0;0;0;0;1;0;1;0;0;0;1;0;0;0;0;0;1;0;0;0;0;1;0;0;0;0;0;0;0;1;0;0;0;1;0;0;0;0;1;0;1;1;0;0;1;1;1;0;0;0;0;0;0;0;0;0;0;0;0;0;0;0;0;0;1;0;1;0;1;0;0;0;0;0;0;1;1;0;0;1;0;0;0;0;0;8;0;8;8;8;0;1;1;1;1;0;0;0;0;1;2;1;1;0;0;1;88888;0;0;0;0;0;0;0;0;0;0;0;0;0;1;2;1;100;0;0;0;0;1;1;1;0;0;1;1;3;1;0;1;3;1;2;1;1;0;0;1;3;0;0;0;0;0;0;0;0;1;2;1;1;0;0;0;0;1;1;0;0;0;0;0;0;0;1;0;0;0;0;0;0;0;0;0;0;0;0;1;0;0;0;0;0;0;0;0;0;0;0;0;0;0;0;0;0;1;0;0;0;0;0;0;0;1;0;0;0;1;0;0;0;1;1;0;1;0;0;0;0;0;0;0;1;1;0;0;0;0;0;0;135;0;0;0;0;0;0;0;135;135;0;0;0;0;0;0;116;19;54;54;0;22;1;4;0;0;0;0;13;122;18;117;0;0;0;0;0;0;0;0;19;0;0;0;0;0;0;0;19;19;0;0;0;0;0;0;7;0;0;0;0;0;0;0;7;7;0;0;0;0;0;0
2020;Sul;4;Rio Grande do Sul;RS;43;Bagé;4301602;Sudoeste Rio-grandense;4306;Campanha Meridional;43031;430160205;43209386;SENAC BAGE;4;1;1;0;MARECHAL FLORIANO;1456;CASA;CENTRO;96400010;53;32427233;1;13;09MAR2020:00:00:00;18DEC2020:00:00:00;0;0;0;0;0;0;0;0;0;0;0;1;0;3,42271E+12;3,42271E+12;1;1;0;0;1;1;0;0;0;0;0;0;0;0;0;0;0;0;1;1;0;0;0;0;1;0;0;0;0;0;1;0;0;0;0;1;0;0;0;0;0;0;0;1;0;0;0;1;0;1;0;0;1;0;1;0;0;0;1;1;1;0;0;0;0;1;0;1;0;0;0;0;0;0;0;0;0;0;1;0;1;0;1;0;0;0;0;0;0;1;0;1;1;1;0;0;0;0;0;16;0;16;16;5;0;1;1;0;1;1;0;1;1;1;2;1;2;0;0;1;19;0;0;0;0;0;0;0;0;0;0;0;0;0;1;30;0;0;0;0;0;0;1;1;1;1;0;1;1;3;1;0;1;9;1;2;0;0;0;0;0;0;0;0;0;0;0;0;0;0;1;1;1;1;0;0;0;0;0;0;0;0;0;0;0;0;0;1;0;0;0;0;1;0;0;0;0;0;0;0;0;0;0;0;0;0;0;0;0;0;0;0;0;0;0;0;0;0;1;0;0;0;0;0;0;0;1;1;0;0;1;0;0;0;1;1;0;1;0;0;0;0;0;0;0;1;1;0;0;0;1;1;0;339;0;0;0;0;0;0;0;339;339;0;0;0;2;2;0;255;84;119;176;18;26;0;0;0;0;0;0;6;333;82;257;0;0;0;0;0;0;0;0;12;0;0;0;0;0;0;0;12;12;0;0;0;2;2;0;16;0;0;0;0;0;0;0;16;16;0;0;0;2;2;0
2020;Sul;4;Rio Grande do Sul;RS;43;Bento Gonçalves;4302105;Nordeste Rio-grandense;4302;Caxias do Sul;43016;430210505;43209467;ESC EDUC PROFISSIONAL SENAC - BENTO GONCALVES;4;0;1;0;RUA SALDANHA MARINHO;820;;CENTRO;95700082;54;34524200;2;16;0;0;0;0;0;0;0;0;0;0;0;0;0;0;0;;;0;0;0;0;0;0;0;0;0;0;0;0;0;0;0;0;0;0;0;0;0;0;0;0;0;0;0;0;0;0;0;0;0;0;0;0;0;0;0;0;0;0;0;0;0;0;0;0;0;0;0;0;0;0;0;0;0;0;0;0;0;0;0;0;0;0;0;0;0;0;0;0;0;0;0;0;0;0;0;0;0;0;0;0;0;0;0;0;0;0;0;0;0;0;0;0;0;0;0;0;0;0;0;0;0;0;0;0;0;0;0;0;0;0;0;0;0;0;0;0;0;0;0;0;0;0;0;0;0;0;0;0;0;0;0;0;0;0;0;0;0;0;0;0;0;0;0;0;0;0;0;0;0;0;0;0;0;0;0;0;0;0;0;0;0;0;0;0;0;0;0;0;0;0;0;0;0;0;0;0;0;0;0;0;0;0;0;0;0;0;0;0;0;0;0;0;0;0;0;0;0;0;0;0;0;0;0;0;0;0;0;0;0;0;0;0;0;0;0;0;0;0;0;0;0;0;0;0;0;0;0;0;0;0;0;0;0;0;0;0;0;0;0;0;0;0;0;0;0;0;0;0;0;0;0;0;0;0;0;0;0;0;0;0;0;0;0;0;0;0;0;0;0;0;0;0;0;0;0;0;0;0;0;0;0;0;0;0;0;0;0;0;0;0;0;0;0;0;0;0;0;0;0;0;0;0;0;0;0;0;0;0;0;0;0;0;0;0;0;0;0;0;0;0;0
2020;Sul;4;Rio Grande do Sul;RS;43;Cachoeira do Sul;4303004;Centro Oriental Rio-grandense;4304;Cachoeira do Sul;43022;430300405;43009255;ESC EDUC PROF SENAC CACHOEIRA DO SUL;4;0;1;0;AVENIDA JULIO DE CASTILHOS;835;COMERCIAL;CENTRO;96501000;51;37223187;2;24;0;0;0;0;0;0;0;0;0;0;0;0;0;0;0;;;0;0;0;0;0;0;0;0;0;0;0;0;0;0;0;0;0;0;0;0;0;0;0;0;0;0;0;0;0;0;0;0;0;0;0;0;0;0;0;0;0;0;0;0;0;0;0;0;0;0;0;0;0;0;0;0;0;0;0;0;0;0;0;0;0;0;0;0;0;0;0;0;0;0;0;0;0;0;0;0;0;0;0;0;0;0;0;0;0;0;0;0;0;0;0;0;0;0;0;0;0;0;0;0;0;0;0;0;0;0;0;0;0;0;0;0;0;0;0;0;0;0;0;0;0;0;0;0;0;0;0;0;0;0;0;0;0;0;0;0;0;0;0;0;0;0;0;0;0;0;0;0;0;0;0;0;0;0;0;0;0;0;0;0;0;0;0;0;0;0;0;0;0;0;0;0;0;0;0;0;0;0;0;0;0;0;0;0;0;0;0;0;0;0;0;0;0;0;0;0;0;0;0;0;0;0;0;0;0;0;0;0;0;0;0;0;0;0;0;0;0;0;0;0;0;0;0;0;0;0;0;0;0;0;0;0;0;0;0;0;0;0;0;0;0;0;0;0;0;0;0;0;0;0;0;0;0;0;0;0;0;0;0;0;0;0;0;0;0;0;0;0;0;0;0;0;0;0;0;0;0;0;0;0;0;0;0;0;0;0;0;0;0;0;0;0;0;0;0;0;0;0;0;0;0;0;0;0;0;0;0;0;0;0;0;0;0;0;0;0;0;0;0;0;0
2020;Sul;4;Rio Grande do Sul;RS;43;Camaquã;4303509;Metropolitana de Porto Alegre;4305;Camaquã;43028;430350905;43008461;ESC EDUC PROF SENAC CAMAQUA;4;1;1;0;RUA MARCIRIO DIAS LONGARAY;LOJA 01;PREDIO;OLARIA;96785168;51;36710363;1;12;02JAN2020:00:00:00;30DEC2020:00:00:00;0;0;0;0;0;0;0;0;0;0;0;1;0;3,42271E+12;3,42271E+12;1;2;0;0;1;2;0;0;0;0;0;0;0;0;0;0;0;0;1;1;0;0;0;0;1;0;0;0;0;0;1;0;0;0;0;1;0;0;0;0;0;0;0;1;0;1;0;1;0;0;0;0;1;0;1;0;1;0;1;1;1;0;0;0;0;1;0;0;0;0;0;0;0;0;0;0;0;0;1;0;1;0;1;0;0;0;0;0;0;1;0;0;1;1;0;0;1;0;0;15;0;15;15;15;0;1;1;1;1;0;0;1;1;0;0;1;9;0;0;1;10;0;0;0;0;0;0;0;0;0;0;0;0;0;1;34;0;0;0;0;0;0;1;1;1;1;0;1;1;3;1;0;1;88888;1;2;1;1;0;0;1;1;0;0;0;0;0;0;0;0;1;1;1;1;0;0;0;0;1;1;0;0;0;0;0;0;0;1;0;1;0;0;1;0;1;0;0;0;0;0;0;0;0;0;0;0;0;0;0;0;0;0;0;0;0;0;0;0;1;0;0;0;0;0;0;0;1;0;0;0;1;0;0;0;0;1;0;1;0;0;0;0;0;0;0;1;1;0;0;0;1;1;0;34;0;0;0;0;0;0;0;34;34;0;0;0;1;1;0;13;21;14;20;0;0;0;0;0;0;0;0;3;31;0;34;0;0;0;0;0;0;0;0;4;0;0;0;0;0;0;0;4;4;0;0;0;1;1;0;7;0;0;0;0;0;0;0;7;7;0;0;0;1;1;0
2020;Sul;4;Rio Grande do Sul;RS;43;Canoas;4304606;Metropolitana de Porto Alegre;4305;Porto Alegre;43026;430460605;43300111;SENAC CANOAS;4;1;1;0;MATHIAS VELHO;255;PREDIO;CENTRO;92310300;51;34767222;1;27;02JAN2020:00:00:00;31DEC2020:00:00:00;0;0;0;0;0;0;0;0;0;0;0;1;0;3,42271E+12;3,42271E+12;1;3;0;0;1;1;0;0;0;0;0;0;0;0;0;0;0;0;1;1;0;0;0;0;1;0;0;0;0;0;1;0;0;0;0;1;0;0;0;0;0;0;0;9;9;9;9;1;1;1;0;0;1;0;1;0;0;0;1;1;0;0;0;0;0;1;0;0;0;0;0;0;0;0;0;0;0;0;1;0;1;0;1;0;0;0;0;0;0;1;1;1;1;1;0;0;1;0;0;16;0;16;16;0;0;1;0;0;1;0;0;0;0;1;2;1;1;0;0;1;3;0;0;0;0;0;0;0;0;0;0;0;0;0;1;36;0;0;0;0;0;0;1;1;1;0;0;1;0;2;1;0;1;12;1;7;0;0;0;0;0;0;0;0;0;0;0;0;0;0;1;88888;1;1;0;0;0;0;1;1;0;0;0;0;0;0;0;1;0;1;0;0;0;0;0;0;0;0;0;0;0;0;0;0;0;0;0;0;0;0;0;0;0;0;0;0;0;0;1;0;0;0;0;0;0;0;1;0;0;0;1;0;0;0;1;1;0;1;0;0;0;0;0;0;0;1;1;0;0;0;0;0;0;125;0;0;0;0;0;0;0;125;125;0;0;0;0;0;0;89;36;84;35;3;2;0;1;0;0;0;0;3;122;38;87;0;0;0;0;0;0;0;0;9;0;0;0;0;0;0;0;9;9;0;0;0;0;0;0;16;0;0;0;0;0;0;0;16;16;0;0;0;0;0;0
2020;Sul;4;Rio Grande do Sul;RS;43;Carazinho;4304705;Noroeste Rio-grandense;4301;Carazinho;43009;430470505;43059180;EEP SENAC CARAZINHO;4;1;1;0;AV FLORES DA CUNHA;2821;PREDIO;CENTRO;99500000;54;33315557;1;39;02MAR2020:00:00:00;30DEC2020:00:00:00;0;0;0;0;0;0;0;0;0;0;0;1;0;3,42271E+12;3,42271E+12;1;1;0;0;1;2;0;0;0;0;0;0;0;0;0;0;0;0;1;1;0;0;0;0;1;0;0;0;0;0;1;0;0;0;0;1;0;0;0;0;0;0;0;0;0;0;1;1;0;0;0;0;1;0;1;0;0;0;1;1;1;0;0;0;0;1;1;0;0;0;0;0;0;0;0;0;0;0;1;0;1;0;1;0;0;0;0;0;0;1;1;0;0;0;0;0;0;0;0;12;0;12;12;12;0;1;1;1;1;0;0;0;0;0;0;1;8;0;0;1;12;0;0;0;0;0;0;0;0;0;0;0;0;0;1;88888;0;0;0;0;0;0;1;1;1;1;0;1;1;2;1;0;1;88888;1;3;0;0;0;0;0;0;0;0;0;0;0;0;0;0;1;1;1;1;0;0;0;0;0;0;0;0;0;0;0;0;0;1;0;1;0;0;0;0;0;0;0;0;0;0;0;0;0;0;0;0;0;0;0;0;0;0;0;0;0;0;0;0;1;0;0;0;0;0;0;0;1;0;0;0;1;0;0;0;0;1;0;1;0;0;0;0;0;0;0;1;1;0;0;0;1;1;0;38;0;0;0;0;0;0;0;38;38;0;0;0;1;1;0;15;23;14;20;1;3;0;0;0;0;0;0;6;32;0;38;0;0;0;0;0;0;0;0;4;0;0;0;0;0;0;0;4;4;0;0;0;2;2;0;3;0;0;0;0;0;0;0;3;3;0;0;0;1;1;0
2020;Sul;4;Rio Grande do Sul;RS;43;Caxias do Sul;4305108;Nordeste Rio-grandense;4302;Caxias do Sul;43016;430510805;43009263;SENAC CAXIAS DO SUL;4;1;1;0;AV. JULIO DE CASTILHOS;3638;PREDIO;CINQUENTENARIO;95010002;54;32251666;1;4;02MAR2020:00:00:00;18DEC2020:00:00:00;0;0;0;0;0;0;0;0;0;0;0;1;0;3,42271E+12;3,42271E+12;1;1;0;0;1;1;0;0;0;0;0;0;0;0;0;0;0;0;1;1;0;0;0;0;1;0;0;0;0;0;1;0;0;0;0;1;0;0;0;0;0;0;0;1;0;0;0;1;1;0;0;0;1;0;1;0;1;0;1;1;1;1;0;0;0;1;0;1;0;0;1;1;0;0;0;0;0;0;1;0;1;0;0;0;0;0;0;0;0;0;1;0;1;1;0;0;0;0;0;20;5;25;25;25;0;1;0;0;1;0;0;0;0;1;18;1;8;0;0;1;26;0;0;0;0;0;0;0;0;0;0;0;0;0;1;88888;1;50;0;0;0;0;1;1;1;1;0;1;1;3;1;0;1;3;1;4;1;1;0;0;0;0;0;0;0;0;0;0;0;0;1;1;1;1;0;0;0;0;1;1;0;0;0;1;0;0;0;0;0;0;0;0;1;0;0;0;0;0;0;0;0;0;0;0;0;0;0;0;0;0;0;0;0;0;0;0;0;0;1;1;1;0;0;0;0;0;1;1;0;0;1;0;0;1;1;0;0;1;0;0;0;0;0;0;1;1;1;0;0;0;1;1;0;39;0;0;0;0;0;0;39;39;39;0;0;0;1;1;0;10;29;0;36;0;3;0;0;0;0;0;2;37;0;39;0;0;0;0;0;0;0;0;0;11;0;0;0;0;0;0;11;11;11;0;0;0;11;11;0;1;0;0;0;0;0;0;1;1;1;0;0;0;1;1;0
2020;Sul;4;Rio Grande do Sul;RS;43;Erechim;4307005;Noroeste Rio-grandense;4301;Erechim;43004;430700505;43209360;SENAC - SERV NAC APREND COMERCIAL - ERECHIM;4;1;1;0;PRACA DA BANDEIRA;26;;CENTRO;99700010;54;35222999;1;15;13JAN2020:00:00:00;10DEC2020:00:00:00;0;0;0;0;0;0;0;0;0;0;0;1;0;3,42271E+12;3,42271E+12;1;2;0;0;1;2;0;0;0;0;0;0;0;0;0;0;0;0;1;1;0;0;0;0;1;0;0;0;0;0;1;0;0;0;0;1;0;0;0;0;0;0;0;1;0;0;0;0;0;0;0;0;1;0;1;1;0;0;1;1;1;0;0;0;0;1;0;0;0;0;0;0;0;0;0;0;0;0;1;0;1;0;1;0;0;0;0;0;0;0;1;0;0;1;0;0;0;0;0;21;0;21;21;0;0;1;1;1;0;0;0;0;0;1;4;1;15;0;0;1;13;0;0;0;0;0;0;0;0;0;0;0;0;0;1;88888;1;1;1;1;0;0;1;1;1;0;0;1;0;0;1;0;1;4;1;2;1;1;1;88888;0;0;0;0;0;0;0;0;0;0;1;4;1;1;0;0;0;0;0;0;0;0;0;0;0;0;0;1;0;0;0;0;1;0;0;0;0;0;0;0;0;0;0;0;0;0;0;0;0;0;0;1;0;0;0;0;0;1;1;0;0;0;0;0;0;0;1;0;0;0;1;0;0;0;0;1;0;1;0;0;0;0;0;0;0;1;1;0;0;0;0;0;0;36;0;0;0;0;0;0;0;36;36;0;0;0;0;0;0;19;17;10;24;0;2;0;0;0;0;0;0;1;35;0;36;0;0;0;0;0;0;0;0;7;0;0;0;0;0;0;0;7;7;0;0;0;0;0;0;5;0;0;0;0;0;0;0;5;5;0;0;0;0;0;0
2020;Sul;4;Rio Grande do Sul;RS;43;Farroupilha;4307906;Nordeste Rio-grandense;4302;Caxias do Sul;43016;430790605;43012027;EEP SENAC FARROUPILHA;4;0;1;0;RUA DA REPUBLICA;617;;CENTRO;95170484;54;32683500;2;4;0;0;0;0;0;0;0;0;0;0;0;0;0;0;0;;;0;0;0;0;0;0;0;0;0;0;0;0;0;0;0;0;0;0;0;0;0;0;0;0;0;0;0;0;0;0;0;0;0;0;0;0;0;0;0;0;0;0;0;0;0;0;0;0;0;0;0;0;0;0;0;0;0;0;0;0;0;0;0;0;0;0;0;0;0;0;0;0;0;0;0;0;0;0;0;0;0;0;0;0;0;0;0;0;0;0;0;0;0;0;0;0;0;0;0;0;0;0;0;0;0;0;0;0;0;0;0;0;0;0;0;0;0;0;0;0;0;0;0;0;0;0;0;0;0;0;0;0;0;0;0;0;0;0;0;0;0;0;0;0;0;0;0;0;0;0;0;0;0;0;0;0;0;0;0;0;0;0;0;0;0;0;0;0;0;0;0;0;0;0;0;0;0;0;0;0;0;0;0;0;0;0;0;0;0;0;0;0;0;0;0;0;0;0;0;0;0;0;0;0;0;0;0;0;0;0;0;0;0;0;0;0;0;0;0;0;0;0;0;0;0;0;0;0;0;0;0;0;0;0;0;0;0;0;0;0;0;0;0;0;0;0;0;0;0;0;0;0;0;0;0;0;0;0;0;0;0;0;0;0;0;0;0;0;0;0;0;0;0;0;0;0;0;0;0;0;0;0;0;0;0;0;0;0;0;0;0;0;0;0;0;0;0;0;0;0;0;0;0;0;0;0;0;0;0;0;0;0;0;0;0;0;0;0;0;0;0;0;0;0;0
2020;Sul;4;Rio Grande do Sul;RS;43;Gramado;4309100;Metropolitana de Porto Alegre;4305;Gramado-Canela;43024;430910005;43008313;ESC EDUC PROF SENAC GRAMADO;4;0;1;0;RUA SAO PEDRO;663;;;95670000;51;32864445;2;4;0;0;0;0;0;0;0;0;0;0;0;0;0;0;0;;;0;0;0;0;0;0;0;0;0;0;0;0;0;0;0;0;0;0;0;0;0;0;0;0;0;0;0;0;0;0;0;0;0;0;0;0;0;0;0;0;0;0;0;0;0;0;0;0;0;0;0;0;0;0;0;0;0;0;0;0;0;0;0;0;0;0;0;0;0;0;0;0;0;0;0;0;0;0;0;0;0;0;0;0;0;0;0;0;0;0;0;0;0;0;0;0;0;0;0;0;0;0;0;0;0;0;0;0;0;0;0;0;0;0;0;0;0;0;0;0;0;0;0;0;0;0;0;0;0;0;0;0;0;0;0;0;0;0;0;0;0;0;0;0;0;0;0;0;0;0;0;0;0;0;0;0;0;0;0;0;0;0;0;0;0;0;0;0;0;0;0;0;0;0;0;0;0;0;0;0;0;0;0;0;0;0;0;0;0;0;0;0;0;0;0;0;0;0;0;0;0;0;0;0;0;0;0;0;0;0;0;0;0;0;0;0;0;0;0;0;0;0;0;0;0;0;0;0;0;0;0;0;0;0;0;0;0;0;0;0;0;0;0;0;0;0;0;0;0;0;0;0;0;0;0;0;0;0;0;0;0;0;0;0;0;0;0;0;0;0;0;0;0;0;0;0;0;0;0;0;0;0;0;0;0;0;0;0;0;0;0;0;0;0;0;0;0;0;0;0;0;0;0;0;0;0;0;0;0;0;0;0;0;0;0;0;0;0;0;0;0;0;0;0;0
2020;Sul;4;Rio Grande do Sul;RS;43;Gravataí;4309209;Metropolitana de Porto Alegre;4305;Porto Alegre;43026;430920905;43209378;SENAC GRAVATAI;4;1;1;0;AV. DORIVAL CANDIDO LUZ DE OLIVEIRA;480;PREDIO;CENTRO;94030000;51;34888860;1;28;03FEB2020:00:00:00;23DEC2020:00:00:00;0;0;0;0;0;0;0;0;0;0;0;1;0;3,42271E+12;3,42271E+12;1;3;0;0;1;1;0;0;0;0;0;0;0;0;0;0;0;0;1;1;0;0;0;0;1;0;0;0;0;0;1;0;0;0;0;1;0;0;0;0;0;0;0;1;0;0;0;1;0;1;0;0;1;0;1;1;0;0;1;1;0;0;0;0;0;1;1;1;0;0;0;0;0;0;0;0;0;0;1;0;1;0;1;0;0;0;0;0;0;1;1;0;1;1;0;0;0;0;0;32;1;33;32;32;0;1;1;1;1;1;0;0;0;1;1;1;32;0;0;1;5;0;0;0;0;0;0;0;0;0;0;0;0;0;1;280;1;1;0;0;0;0;1;1;1;1;0;1;1;3;1;0;1;11;1;3;0;0;1;2;1;3;0;0;0;0;0;0;0;0;1;1;1;1;0;0;0;0;1;2;0;0;0;0;0;0;0;1;0;1;0;0;1;0;0;0;0;0;0;0;0;0;0;0;0;0;0;0;0;0;0;0;0;0;0;0;0;0;1;1;1;0;0;0;0;0;1;0;0;0;1;0;0;0;1;1;0;1;0;0;0;0;0;0;0;1;1;0;0;0;1;1;0;415;0;0;0;0;0;0;0;415;415;0;0;0;3;3;0;296;119;68;281;22;43;0;1;0;0;0;0;20;395;207;208;0;0;0;0;0;0;0;0;19;0;0;0;0;0;0;0;19;19;0;0;0;8;8;0;29;0;0;0;0;0;0;0;29;29;0;0;0;3;3;0
2020;Sul;4;Rio Grande do Sul;RS;43;Ijuí;4310207;Noroeste Rio-grandense;4301;Ijuí;43008;431020705;43207243;SERVICO NACIONAL DE APRENDIZAGEM COMERCIAL - SENAC IJUI;4;1;1;0;RUA 24 DE FEVEREIRO;315;SALA;CENTRO;98700000;55;33327022;1;36;31MAR2020:00:00:00;18DEC2020:00:00:00;0;0;0;0;0;0;0;0;0;0;0;1;0;3,42271E+12;3,42271E+12;1;1;0;0;1;2;0;0;0;0;0;0;0;0;0;0;0;0;1;1;0;0;0;0;1;0;0;0;0;0;1;0;0;0;0;1;0;0;0;0;0;0;0;1;0;0;0;1;0;0;0;0;1;0;1;1;0;0;1;1;1;0;0;0;0;1;0;0;0;0;0;0;0;0;0;0;0;0;1;0;0;0;1;0;0;0;0;0;0;1;0;0;1;1;0;0;0;0;0;12;0;12;12;10;0;1;1;1;1;1;0;0;0;0;0;1;6;1;1;1;6;0;0;0;0;0;0;0;0;0;0;0;0;0;1;88888;1;3;1;88888;0;0;1;1;1;1;0;1;1;3;1;0;0;0;0;0;0;0;0;0;0;0;0;0;0;0;0;0;0;0;1;1;1;1;0;0;0;0;0;0;0;0;0;0;0;0;0;1;0;1;0;0;1;0;0;0;0;0;1;0;0;0;0;0;0;0;0;0;0;0;0;0;0;0;0;0;0;0;1;1;1;0;0;0;0;0;1;0;0;0;1;0;0;0;0;1;0;1;0;0;0;0;0;0;0;1;1;0;0;0;0;0;0;5;0;0;0;0;0;0;0;5;5;0;0;0;0;0;0;3;2;1;3;0;1;0;0;0;0;0;0;0;5;0;5;0;0;0;0;0;0;0;0;1;0;0;0;0;0;0;0;1;1;0;0;0;0;0;0;1;0;0;0;0;0;0;0;1;1;0;0;0;0;0;0
2020;Sul;4;Rio Grande do Sul;RS;43;Lajeado;4311403;Centro Oriental Rio-grandense;4304;Lajeado-Estrela;43021;431140305;43209394;ESC EDUC PROF SENAC - LAJEADO;4;1;1;0;AVENIDA AVENIDA SENADOR ALBERTO PASQUALINI;421;;AMERICANO;95900560;51;37484644;1;3;09MAR2020:00:00:00;15DEC2020:00:00:00;0;0;0;0;0;0;1;0;0;0;0;1;0;3,42271E+12;3,42271E+12;1;2;0;0;1;2;0;0;0;0;0;0;0;0;0;0;0;0;1;1;0;0;0;0;1;0;0;0;0;0;1;0;0;0;0;1;0;0;0;0;0;0;0;0;0;1;0;0;0;0;0;0;1;0;1;0;0;0;1;1;0;1;0;0;0;1;0;0;0;0;0;0;0;0;0;0;0;0;1;0;1;0;1;0;0;0;0;0;0;1;1;0;1;1;0;1;1;0;0;14;0;14;14;14;0;1;1;1;1;0;0;1;1;1;2;1;7;0;0;1;13;0;0;0;0;0;0;0;0;0;0;0;0;0;1;88888;1;10;0;0;0;0;1;1;1;1;0;1;1;2;1;0;1;88888;1;1;0;0;0;0;0;0;0;0;0;0;0;0;0;0;1;1;1;1;0;0;0;0;0;0;0;0;0;0;0;0;0;1;0;1;0;1;0;0;0;0;0;0;0;0;0;0;0;0;0;0;0;0;0;0;0;0;0;0;0;0;0;0;1;0;0;0;0;1;0;0;0;0;0;0;1;0;0;0;0;1;0;1;0;0;0;0;0;0;0;1;1;0;0;0;1;1;0;15;0;0;0;0;0;0;0;15;15;0;0;0;1;1;0;8;7;6;9;0;0;0;0;0;0;0;0;0;15;0;15;0;0;0;0;0;0;0;0;1;0;0;0;0;0;0;0;1;1;0;0;0;1;1;0;1;0;0;0;0;0;0;0;1;1;0;0;0;1;1;0
2020;Sul;4;Rio Grande do Sul;RS;43;Montenegro;4312401;Metropolitana de Porto Alegre;4305;Montenegro;43023;431240105;43077218;EEP SENAC MONTENEGRO;4;1;1;0;RUA CAPITAO PORFIRIO;2225;;CENTRO;95780000;51;36493141;1;2;02JAN2020:00:00:00;31DEC2020:00:00:00;0;0;0;0;0;0;0;0;0;0;0;1;1;3,42271E+12;3,42271E+12;1;2;0;0;1;2;0;0;0;0;0;0;0;0;0;1;0;0;1;1;0;0;0;0;1;0;0;0;0;0;1;0;0;0;0;1;0;0;0;0;0;0;0;1;0;0;0;0;0;1;0;0;1;0;1;0;0;0;1;1;0;0;0;0;0;1;0;0;0;0;0;0;0;0;0;0;0;0;1;0;1;0;1;0;0;0;0;0;0;0;1;0;1;1;0;0;0;0;0;12;5;17;17;0;0;1;0;1;1;0;0;0;0;1;1;1;17;0;0;1;5;0;0;0;0;0;0;0;0;0;0;0;0;0;1;88888;0;0;0;0;0;0;1;1;1;1;1;1;1;3;1;0;1;88888;1;1;0;0;0;0;0;0;0;0;0;0;0;0;0;0;1;1;1;1;0;0;0;0;0;0;0;0;0;0;0;0;0;1;0;1;0;0;1;0;1;1;1;0;0;0;0;0;0;0;0;0;0;0;0;0;0;0;0;0;0;0;0;0;1;1;0;0;0;0;0;0;1;0;0;0;1;0;0;0;0;1;0;1;0;0;0;0;0;0;0;1;1;0;0;0;0;0;0;46;0;0;0;0;0;0;0;46;46;0;0;0;0;0;0;20;26;15;29;1;0;0;1;0;0;0;0;0;46;0;46;0;0;0;0;0;0;0;0;6;0;0;0;0;0;0;0;6;6;0;0;0;0;0;0;5;0;0;0;0;0;0;0;5;5;0;0;0;0;0;0
2020;Sul;4;Rio Grande do Sul;RS;43;Novo Hamburgo;4313409;Metropolitana de Porto Alegre;4305;Porto Alegre;43026;431340905;43237606;SENAC NOVO HAMBURGO;4;1;1;0;BENTO GONCALVES;1537;;CENTRO;93410154;51;35946133;1;2;02JAN2020:00:00:00;16DEC2020:00:00:00;0;0;0;0;0;0;0;0;0;0;0;1;0;3,42271E+12;3,42271E+12;1;3;0;0;1;1;0;0;0;0;0;0;0;0;0;0;0;0;1;1;0;0;0;0;1;0;0;0;0;0;1;0;0;0;0;1;0;0;0;0;0;0;0;1;0;0;0;0;0;0;0;0;1;0;1;0;0;0;1;1;0;0;0;0;0;1;0;0;0;0;0;0;0;0;0;0;0;0;1;0;1;0;1;0;0;0;0;0;0;0;1;0;0;1;0;0;0;0;0;12;0;12;12;0;0;1;0;0;0;0;0;0;0;0;0;1;4;0;0;1;11;0;0;0;0;0;0;0;0;0;0;0;0;0;1;3;1;28;0;0;0;0;1;1;1;1;0;1;0;3;1;0;1;1;1;2;1;1;1;88888;0;0;0;0;0;0;0;0;0;0;1;1;1;1;0;0;0;0;0;0;0;0;0;0;1;0;0;0;0;0;0;0;0;0;0;0;0;0;0;0;1;0;0;0;0;0;0;0;0;0;0;0;0;0;0;0;0;0;1;0;0;0;0;0;0;0;1;1;0;0;1;0;0;0;0;1;0;1;0;0;0;0;0;0;0;1;1;0;0;0;0;0;0;54;0;0;0;0;0;0;0;54;54;0;0;0;0;0;0;39;15;19;32;0;2;1;0;0;0;0;0;0;54;0;54;0;0;0;0;0;0;0;0;7;0;0;0;0;0;0;0;7;7;0;0;0;0;0;0;7;0;0;0;0;0;0;0;7;7;0;0;0;0;0;0
2020;Sul;4;Rio Grande do Sul;RS;43;Passo Fundo;4314100;Noroeste Rio-grandense;4301;Passo Fundo;43010;431410005;43207391;ESCOLA DE EDUCACAO PROFISSIONAL SENAC PASSO FUNDO;4;1;1;0;AVENIDA SETE DE SETEMBRO;1045;;VILA RODRIGUES;99010122;54;33134599;1;7;06JAN2020:00:00:00;23DEC2020:00:00:00;0;0;0;0;0;0;0;0;0;0;1;1;0;3,42271E+12;3,42271E+12;1;2;0;0;1;1;0;0;0;0;0;0;0;0;0;0;0;0;1;1;0;0;0;0;1;0;0;0;0;0;1;0;0;0;0;1;0;0;0;0;0;0;0;1;1;0;0;1;0;1;0;0;1;0;1;0;0;0;1;1;1;0;0;0;0;1;0;1;0;0;0;0;0;0;0;0;0;0;1;0;1;0;1;0;0;0;0;0;0;1;0;0;0;1;0;0;0;0;0;18;0;18;17;18;0;1;0;0;1;0;0;1;1;1;2;1;8;0;0;1;10;0;0;0;0;0;0;0;0;0;0;0;0;0;1;56;1;1;0;0;0;0;1;1;1;1;0;1;1;3;1;0;1;7;1;2;0;0;1;3;0;0;0;0;0;0;0;0;0;0;1;1;1;1;0;0;0;0;0;0;0;0;0;0;0;0;0;1;0;1;0;0;0;0;0;0;0;0;0;0;0;0;0;0;0;0;0;0;0;0;0;0;0;0;0;0;0;0;1;0;0;0;0;0;0;1;0;0;0;0;1;0;0;0;0;1;0;1;0;0;0;0;0;0;0;1;1;0;0;0;1;1;0;96;0;0;0;0;0;0;0;96;96;0;0;0;2;2;0;74;22;62;27;1;5;0;1;0;0;0;0;1;95;0;96;0;0;0;0;0;0;0;0;6;0;0;0;0;0;0;0;6;6;0;0;0;2;2;0;6;0;0;0;0;0;0;0;6;6;0;0;0;2;2;0
2020;Sul;4;Rio Grande do Sul;RS;43;Pelotas;4314407;Sudeste Rio-grandense;4307;Pelotas;43033;431440705;43008941;ESC EDUC PROF SENAC PELOTAS - CENTRO HISTORICO;4;0;1;0;RUA GONCALVES CHAVES;602;;CENTRO;96015560;53;32256918;2;5;0;0;0;0;0;0;0;0;0;0;0;0;0;0;0;;;0;0;0;0;0;0;0;0;0;0;0;0;0;0;0;0;0;0;0;0;0;0;0;0;0;0;0;0;0;0;0;0;0;0;0;0;0;0;0;0;0;0;0;0;0;0;0;0;0;0;0;0;0;0;0;0;0;0;0;0;0;0;0;0;0;0;0;0;0;0;0;0;0;0;0;0;0;0;0;0;0;0;0;0;0;0;0;0;0;0;0;0;0;0;0;0;0;0;0;0;0;0;0;0;0;0;0;0;0;0;0;0;0;0;0;0;0;0;0;0;0;0;0;0;0;0;0;0;0;0;0;0;0;0;0;0;0;0;0;0;0;0;0;0;0;0;0;0;0;0;0;0;0;0;0;0;0;0;0;0;0;0;0;0;0;0;0;0;0;0;0;0;0;0;0;0;0;0;0;0;0;0;0;0;0;0;0;0;0;0;0;0;0;0;0;0;0;0;0;0;0;0;0;0;0;0;0;0;0;0;0;0;0;0;0;0;0;0;0;0;0;0;0;0;0;0;0;0;0;0;0;0;0;0;0;0;0;0;0;0;0;0;0;0;0;0;0;0;0;0;0;0;0;0;0;0;0;0;0;0;0;0;0;0;0;0;0;0;0;0;0;0;0;0;0;0;0;0;0;0;0;0;0;0;0;0;0;0;0;0;0;0;0;0;0;0;0;0;0;0;0;0;0;0;0;0;0;0;0;0;0;0;0;0;0;0;0;0;0;0;0;0;0;0;0
2020;Sul;4;Rio Grande do Sul;RS;43;Pelotas;4314407;Sudeste Rio-grandense;4307;Pelotas;43033;431440705;43208266;SENAC PELOTAS;4;1;1;0;RUA DOM PEDRO II;901;;CENTRO;96010300;53;32258889;1;5;02JAN2020:00:00:00;30DEC2020:00:00:00;0;0;0;0;0;0;0;0;0;0;0;1;0;3,42271E+12;3,42271E+12;1;2;0;0;1;1;0;0;0;0;0;0;0;0;0;0;0;0;1;1;0;0;0;0;1;0;0;0;0;0;1;0;0;0;0;1;0;0;0;0;0;0;0;1;0;1;0;1;0;1;0;0;1;0;1;0;0;0;1;1;1;1;0;0;0;1;0;0;0;0;0;0;0;0;0;0;0;0;1;0;1;0;1;0;0;0;0;0;0;1;1;0;1;0;0;0;0;0;0;21;0;21;21;21;0;1;1;1;1;1;0;0;0;0;0;1;18;0;0;1;3;0;0;0;0;0;0;0;0;0;0;0;0;0;1;32;1;8;0;0;0;0;1;1;1;1;0;1;1;3;1;0;1;10;1;3;1;1;1;88888;1;2;0;0;0;0;0;0;0;0;1;22;1;1;0;0;1;1;0;0;0;0;0;0;0;0;0;1;0;1;0;0;1;0;0;0;0;0;0;0;0;0;0;0;0;0;0;0;0;0;0;0;0;0;0;0;0;0;1;1;0;0;0;0;0;0;1;0;0;0;1;0;0;0;1;1;0;1;0;0;0;0;0;0;0;1;1;0;0;0;0;0;0;230;0;0;0;0;0;0;0;230;230;0;0;0;0;0;0;179;51;100;111;6;13;0;0;0;0;0;0;0;230;73;157;0;0;0;0;0;0;0;0;18;0;0;0;0;0;0;0;18;18;0;0;0;0;0;0;11;0;0;0;0;0;0;0;11;11;0;0;0;0;0;0
2020;Sul;4;Rio Grande do Sul;RS;43;Porto Alegre;4314902;Metropolitana de Porto Alegre;4305;Porto Alegre;43026;431490205;43009212;SENAC INFORMATICA PORTO ALEGRE;4;1;1;0;VENANCIO AIRES;93;;CIDADE BAIXA;90040191;51;32887750;1;1;04FEB2020:00:00:00;17DEC2020:00:00:00;0;0;0;0;0;0;0;0;0;0;0;1;0;3,42271E+12;3,42271E+12;1;2;0;0;1;1;0;0;0;0;0;0;0;0;0;0;0;0;1;1;0;0;0;0;1;0;0;0;0;0;1;0;0;0;0;1;0;0;0;0;0;0;0;1;0;0;0;0;0;1;0;0;1;0;1;1;0;0;1;1;1;0;0;0;0;1;0;1;0;0;0;0;0;0;0;0;0;0;1;0;1;1;1;1;0;0;0;0;0;1;1;1;1;1;0;1;0;0;0;29;0;29;29;29;1;1;1;1;1;1;0;1;1;1;8;1;3;0;0;1;21;0;0;0;0;0;0;0;0;0;0;0;0;0;1;88888;1;40;1;12;0;0;1;1;1;1;0;1;1;3;1;0;1;4;1;5;1;1;1;3;1;1;0;0;0;0;0;0;0;0;1;1;1;2;1;1;0;0;0;0;0;0;0;0;0;0;0;1;0;1;0;1;1;0;1;0;0;0;0;0;0;0;0;0;0;0;0;0;0;0;0;0;0;0;0;0;0;0;1;1;0;0;0;1;0;0;0;0;0;0;1;0;0;0;1;1;0;1;0;0;0;0;0;0;0;1;1;0;0;0;1;1;0;283;0;0;0;0;0;0;0;283;283;0;0;0;2;2;0;60;223;140;107;22;14;0;0;0;0;0;0;9;274;179;104;0;0;0;0;0;0;0;0;11;0;0;0;0;0;0;0;11;11;0;0;0;2;2;0;22;0;0;0;0;0;0;0;22;22;0;0;0;2;2;0
2020;Sul;4;Rio Grande do Sul;RS;43;Porto Alegre;4314902;Metropolitana de Porto Alegre;4305;Porto Alegre;43026;431490205;43049702;SENAC RIO GRANDE DO SUL;4;1;1;0;AV. ALBERTO BINS;810;;CENTRO HISTORICO;90030142;51;32142997;1;1;01JAN2020:00:00:00;31MAY2020:00:00:00;0;0;0;0;0;0;0;0;0;0;0;1;0;3,42271E+12;3,42271E+12;1;1;0;0;1;2;0;0;0;0;0;0;0;0;0;0;0;0;1;1;0;0;0;0;1;0;0;0;0;0;1;0;0;0;0;1;0;0;0;0;0;0;0;1;0;0;0;0;0;0;0;0;1;0;1;0;1;0;1;1;1;0;0;0;0;0;0;0;0;0;0;0;0;0;0;0;0;0;1;0;1;0;1;0;0;0;0;0;0;1;1;0;1;0;0;0;0;0;0;2;0;2;0;0;0;1;1;0;1;1;0;0;0;1;2;1;88888;0;0;1;2;0;0;0;0;0;0;0;0;0;0;0;0;0;1;198;1;2;1;1;0;0;1;0;1;1;0;0;0;1;1;0;1;46;1;4;0;0;0;0;0;0;0;0;0;0;0;0;0;0;1;84;1;8;0;0;0;0;1;3;0;0;0;1;0;0;0;1;0;0;0;0;0;0;0;0;0;0;0;0;1;0;0;0;0;0;0;0;0;0;0;0;0;0;0;0;0;0;1;0;0;0;0;0;0;0;1;1;0;0;0;0;1;0;0;0;1;1;0;0;0;0;0;0;0;1;1;0;0;0;1;1;0;6903;0;0;0;0;0;0;0;6903;6903;0;0;0;23;23;0;3573;3330;1440;3430;480;1449;92;12;0;0;0;0;162;6741;0;0;6903;0;0;0;0;0;0;0;57;0;0;0;0;0;0;0;57;57;0;0;0;23;23;0;133;0;0;0;0;0;0;0;133;133;0;0;0;18;18;0
2020;Sul;4;Rio Grande do Sul;RS;43;Porto Alegre;4314902;Metropolitana de Porto Alegre;4305;Porto Alegre;43026;431490205;43089089;EEP SENAC GESTAO E NEGOCIOS;4;1;1;0;AVENIDA CRISTOVAO COLOMBO;545;PREDIO 1 / 3º ANDAR;FLORESTA;90560003;51;32864008;1;1;02MAR2020:00:00:00;18DEC2020:00:00:00;0;0;0;0;0;0;0;0;0;0;0;1;0;3,42271E+12;3,42271E+12;1;1;0;0;1;2;0;0;0;0;0;0;0;0;0;0;0;0;1;1;0;0;0;0;1;0;0;0;0;0;1;0;0;0;0;1;0;0;0;0;0;0;0;1;0;0;0;1;0;0;0;0;1;0;1;0;0;0;1;1;0;0;0;0;1;1;0;0;0;0;0;0;0;0;0;0;0;0;1;0;0;0;1;0;0;0;0;0;0;1;1;1;1;1;0;0;0;0;0;6;0;6;6;6;0;1;1;1;1;1;0;0;0;1;1;1;6;0;0;1;2;0;0;0;0;0;0;0;0;0;0;0;0;0;0;0;1;80;1;8;0;0;1;1;1;1;0;1;1;2;1;0;1;7;1;2;1;1;0;0;0;0;0;0;0;0;0;0;0;0;1;1;1;1;0;0;0;0;1;1;0;0;0;1;0;0;0;0;0;0;0;0;0;0;0;0;0;0;0;0;1;0;0;0;0;0;0;0;0;0;0;0;0;0;0;0;0;0;1;1;1;0;0;0;0;0;1;1;0;0;1;0;0;1;1;0;0;1;0;0;0;0;0;0;1;1;1;0;0;0;0;0;0;74;0;0;0;0;0;0;74;74;74;0;0;0;0;0;0;20;54;21;47;4;2;0;0;0;0;0;0;72;2;74;0;0;0;0;0;0;0;0;0;8;0;0;0;0;0;0;8;8;8;0;0;0;0;0;0;2;0;0;0;0;0;0;2;2;2;0;0;0;0;0;0
2020;Sul;4;Rio Grande do Sul;RS;43;Porto Alegre;4314902;Metropolitana de Porto Alegre;4305;Porto Alegre;43026;431490205;43313051;SENAC SAUDE;4;1;1;0;ASSIS BRASIL;1481;;PASSO DA AREIA;91010005;51;33410444;1;1;03FEB2020:00:00:00;23DEC2020:00:00:00;0;0;0;0;0;0;0;0;0;0;0;1;0;3,42271E+12;3,42271E+12;1;2;0;0;1;1;0;0;0;0;0;0;0;0;0;0;0;0;1;1;0;0;0;0;1;0;0;0;0;0;1;0;0;0;0;1;0;0;0;0;0;0;0;1;0;0;0;1;1;1;0;0;1;0;1;0;0;0;1;1;0;0;0;0;0;1;0;1;0;0;0;0;0;1;0;0;0;0;1;0;1;0;1;0;0;0;0;0;0;1;0;1;0;1;0;0;0;0;0;32;0;32;27;27;1;1;1;1;1;1;0;1;3;1;3;1;5;0;0;1;24;0;0;0;0;0;0;0;0;0;0;0;0;0;1;52;1;38;0;0;0;0;1;1;1;1;0;1;0;3;1;0;1;11;1;4;1;1;0;0;0;0;0;0;0;0;0;0;0;0;0;0;1;1;0;0;0;0;0;0;0;0;0;0;0;0;0;1;0;0;0;0;1;0;0;0;0;0;0;0;0;0;0;0;0;0;0;0;0;0;0;0;0;0;0;0;0;0;1;1;1;0;0;0;0;0;1;1;0;0;1;0;0;0;1;1;0;1;0;0;0;0;0;0;0;1;1;0;0;0;0;0;0;374;0;0;0;0;0;0;0;374;374;0;0;0;0;0;0;276;98;140;186;26;21;0;1;0;0;0;0;1;373;143;231;0;0;0;0;0;0;0;0;18;0;0;0;0;0;0;0;18;18;0;0;0;0;0;0;22;0;0;0;0;0;0;0;22;22;0;0;0;0;0;0
2020;Sul;4;Rio Grande do Sul;RS;43;Rio Grande;4315602;Sudeste Rio-grandense;4307;Litoral Lagunar;43035;431560205;43176615;SENAC RIO GRANDE;4;1;1;0;AVENIDA PRESIDENTE VARGAS;299;;SAO PAULO;96202336;53;32312355;1;18;20JAN2020:00:00:00;18DEC2020:00:00:00;0;0;0;0;0;0;0;0;0;0;0;1;0;3,42271E+12;3,42271E+12;1;2;0;0;1;2;0;0;0;0;0;0;0;0;0;0;0;0;1;1;0;0;0;0;1;0;0;0;0;0;1;0;0;0;0;1;0;0;0;0;0;0;0;1;0;0;0;1;0;0;0;0;1;0;1;0;0;0;1;1;0;0;0;0;0;1;0;1;0;0;0;0;0;0;0;0;0;0;1;0;1;0;1;0;0;0;0;0;0;1;1;1;1;1;0;1;1;0;0;15;0;15;15;15;0;1;1;1;1;1;0;0;0;1;4;1;13;0;0;1;10;0;0;0;0;0;0;0;0;0;0;0;0;0;1;69;1;82;0;0;0;0;1;1;1;1;0;1;1;3;1;0;1;9;1;3;1;1;1;5;0;0;0;0;0;0;0;0;0;0;1;1;1;1;0;0;0;0;1;1;0;0;0;0;0;0;0;1;0;1;0;0;1;0;0;0;0;0;0;0;0;0;0;0;0;0;0;0;0;0;0;0;0;0;0;0;0;0;1;0;0;0;0;0;0;0;1;0;0;0;1;0;0;0;1;1;0;1;0;0;0;0;0;0;0;1;1;0;0;0;1;1;0;359;0;0;0;0;0;0;0;359;359;0;0;0;2;2;0;298;61;266;70;11;11;0;1;0;0;0;0;2;357;174;185;0;0;0;0;0;0;0;0;11;0;0;0;0;0;0;0;11;11;0;0;0;2;2;0;17;0;0;0;0;0;0;0;17;17;0;0;0;2;2;0
2020;Sul;4;Rio Grande do Sul;RS;43;Santa Cruz do Sul;4316808;Centro Oriental Rio-grandense;4304;Santa Cruz do Sul;43020;431680805;43012043;EEP SENAC SANTA CRUZ DO SUL;4;1;1;0;RUA VENANCIO AIRES;300;PREDIO;CENTRO;96810970;51;37159335;1;6;17FEB2020:00:00:00;17DEC2020:00:00:00;0;0;0;0;0;0;0;0;0;0;0;1;0;3,42271E+12;3,42271E+12;1;2;0;0;1;2;0;0;0;0;0;0;0;0;0;0;0;0;1;1;0;0;0;0;1;0;0;0;0;0;1;0;0;0;0;1;0;0;0;0;0;0;0;1;0;0;0;1;0;1;0;0;1;0;1;0;0;0;1;1;1;0;0;0;0;1;0;0;0;0;0;0;0;0;0;0;0;0;1;0;1;0;1;0;0;0;0;0;0;1;1;0;0;1;0;0;0;0;0;13;0;13;12;13;0;1;0;1;1;0;0;0;0;0;0;1;12;0;0;1;5;0;0;0;0;0;0;0;0;0;0;0;0;0;1;59;0;0;0;0;0;0;1;1;1;1;0;1;1;2;1;0;1;4;1;1;0;0;1;88888;0;0;0;0;0;0;0;0;0;0;1;1;1;1;0;0;0;0;1;1;0;0;0;0;0;0;0;1;0;1;0;1;1;0;0;0;0;0;0;0;0;0;0;0;0;0;0;0;0;0;0;0;0;0;0;0;0;0;1;0;0;0;0;0;0;0;1;0;0;0;1;0;0;0;0;1;0;1;0;0;0;0;0;0;0;1;1;0;0;0;1;1;0;64;0;0;0;0;0;0;0;64;64;0;0;0;3;3;0;18;46;23;37;2;2;0;0;0;0;0;0;2;62;0;64;0;0;0;0;0;0;0;0;6;0;0;0;0;0;0;0;6;6;0;0;0;3;3;0;5;0;0;0;0;0;0;0;5;5;0;0;0;2;2;0
2020;Sul;4;Rio Grande do Sul;RS;43;Santa Maria;4316907;Centro Ocidental Rio-grandense;4303;Santa Maria;43018;431690705;43295096;SENAC SANTA MARIA;4;1;1;0;PROFESSOR BRAGA;60;;CENTRO;97015530;55;32252121;1;8;03JAN2020:00:00:00;19DEC2020:00:00:00;0;0;0;0;0;0;0;0;0;0;0;1;0;3,42271E+12;3,42271E+12;1;2;0;0;1;1;0;0;0;0;0;0;0;0;0;0;0;0;1;1;0;0;0;0;1;0;0;0;0;0;1;0;0;0;0;1;0;0;0;0;0;0;0;1;0;0;0;1;0;1;0;0;1;0;1;0;0;0;1;1;1;0;0;0;0;1;0;1;0;0;0;0;0;0;0;0;0;0;1;0;1;0;1;0;0;0;0;0;0;0;1;0;0;1;0;0;0;0;0;18;0;18;18;0;0;1;0;1;1;0;0;0;0;1;2;1;7;0;0;1;18;0;0;0;0;0;0;0;0;0;0;0;0;0;1;88888;0;0;0;0;0;0;1;0;0;1;0;0;0;2;1;0;1;88888;1;4;1;1;1;1;1;1;0;0;0;0;0;0;0;0;1;1;1;1;1;1;0;0;1;1;1;1;0;0;0;0;0;1;0;0;0;0;0;0;0;0;0;0;0;0;1;0;0;0;0;0;0;0;0;0;0;0;0;0;0;0;0;0;1;0;0;0;0;0;0;0;1;1;0;0;1;0;0;0;1;1;0;1;0;0;0;0;0;0;0;1;1;0;0;0;0;0;0;28;0;0;0;0;0;0;0;28;28;0;0;0;0;0;0;9;19;6;17;1;4;0;0;0;0;0;0;0;28;7;21;0;0;0;0;0;0;0;0;6;0;0;0;0;0;0;0;6;6;0;0;0;0;0;0;7;0;0;0;0;0;0;0;7;7;0;0;0;0;0;0
2020;Sul;4;Rio Grande do Sul;RS;43;Sant'Ana do Livramento;4317103;Sudoeste Rio-grandense;4306;Campanha Central;43030;431710305;43012086;EEP SENAC SANTANA DO LIVRAMENTO;4;0;1;0;RUA DUQUE DE CAXIAS;2049;;DIVISA;97573481;55;32444253;2;19;0;0;0;0;0;0;0;0;0;0;0;0;0;0;0;;;0;0;0;0;0;0;0;0;0;0;0;0;0;0;0;0;0;0;0;0;0;0;0;0;0;0;0;0;0;0;0;0;0;0;0;0;0;0;0;0;0;0;0;0;0;0;0;0;0;0;0;0;0;0;0;0;0;0;0;0;0;0;0;0;0;0;0;0;0;0;0;0;0;0;0;0;0;0;0;0;0;0;0;0;0;0;0;0;0;0;0;0;0;0;0;0;0;0;0;0;0;0;0;0;0;0;0;0;0;0;0;0;0;0;0;0;0;0;0;0;0;0;0;0;0;0;0;0;0;0;0;0;0;0;0;0;0;0;0;0;0;0;0;0;0;0;0;0;0;0;0;0;0;0;0;0;0;0;0;0;0;0;0;0;0;0;0;0;0;0;0;0;0;0;0;0;0;0;0;0;0;0;0;0;0;0;0;0;0;0;0;0;0;0;0;0;0;0;0;0;0;0;0;0;0;0;0;0;0;0;0;0;0;0;0;0;0;0;0;0;0;0;0;0;0;0;0;0;0;0;0;0;0;0;0;0;0;0;0;0;0;0;0;0;0;0;0;0;0;0;0;0;0;0;0;0;0;0;0;0;0;0;0;0;0;0;0;0;0;0;0;0;0;0;0;0;0;0;0;0;0;0;0;0;0;0;0;0;0;0;0;0;0;0;0;0;0;0;0;0;0;0;0;0;0;0;0;0;0;0;0;0;0;0;0;0;0;0;0;0;0;0;0;0;0
2020;Sul;4;Rio Grande do Sul;RS;43;Santa Rosa;4317202;Noroeste Rio-grandense;4301;Santa Rosa;43001;431720205;43007902;ESC EDUC PROF SENAC SANTA ROSA;4;1;1;0;RUA SANTA ROSA;1827;;CENTRO;98780060;55;35122522;1;17;02JAN2020:00:00:00;31DEC2020:00:00:00;0;0;0;0;0;0;0;0;0;0;0;1;0;3,42271E+12;3,42271E+12;1;1;0;0;1;2;0;0;0;0;0;0;0;0;0;0;0;0;1;1;0;0;0;0;1;0;0;0;0;0;1;0;0;0;0;1;0;0;0;0;0;0;0;1;0;0;0;1;0;0;0;0;1;0;1;0;0;0;1;1;0;0;0;0;0;1;0;0;0;0;0;0;0;0;0;0;0;0;1;0;1;0;1;0;0;0;0;0;0;0;1;0;0;1;0;0;0;0;0;10;0;10;10;10;0;1;1;1;1;1;0;1;1;1;1;1;9;0;0;1;3;0;0;0;0;0;0;0;0;0;0;0;0;0;1;88888;0;0;0;0;0;0;1;1;1;1;0;1;0;1;1;0;1;88888;0;0;0;0;0;0;0;0;0;0;0;0;0;0;0;0;0;0;0;0;0;0;0;0;0;0;0;0;0;0;0;0;0;1;0;1;0;0;0;0;0;0;0;0;0;0;0;0;0;0;0;0;0;0;0;0;0;0;0;0;0;0;0;0;1;0;0;0;0;0;0;0;1;1;0;0;1;0;0;0;0;1;0;1;0;0;0;0;0;0;0;1;1;0;0;0;1;1;0;14;0;0;0;0;0;0;0;14;14;0;0;0;2;2;0;1;13;2;11;0;1;0;0;0;0;0;0;0;14;0;14;0;0;0;0;0;0;0;0;3;0;0;0;0;0;0;0;3;3;0;0;0;2;2;0;2;0;0;0;0;0;0;0;2;2;0;0;0;1;1;0
2020;Sul;4;Rio Grande do Sul;RS;43;Santo Ângelo;4317509;Noroeste Rio-grandense;4301;Santo Ângelo;43007;431750905;43012051;EEP SENAC SANTO ANGELO;4;1;1;0;RUA JOAO MELLER;179;PREDIO;CENTRO;98804562;55;33133111;1;14;02JAN2020:00:00:00;31DEC2020:00:00:00;0;0;0;0;0;0;0;0;0;0;0;1;0;3,42271E+12;3,42271E+12;1;3;0;0;1;1;0;0;0;0;0;0;0;0;0;0;0;0;1;1;0;0;0;0;1;0;0;0;0;0;1;0;0;0;0;1;0;0;0;0;0;0;0;1;0;0;0;0;0;0;0;0;1;0;1;0;0;0;1;1;1;0;0;0;0;1;0;0;0;0;0;0;0;0;0;0;0;0;1;0;1;0;1;0;0;0;0;0;0;1;1;0;1;0;0;0;0;0;0;12;0;12;12;4;0;1;1;1;1;0;0;1;1;1;2;1;8;0;0;1;2;0;0;0;0;0;0;0;0;0;0;0;0;0;1;11;0;0;0;0;0;0;1;1;1;1;0;1;1;3;1;0;1;1;1;1;1;1;0;0;0;0;0;0;0;0;0;0;0;0;1;2;1;1;1;1;0;0;0;0;0;0;0;1;0;0;0;0;0;0;0;1;0;0;0;0;0;0;0;1;0;0;0;0;0;0;0;0;0;0;0;0;0;0;0;0;0;0;1;1;1;0;0;0;0;1;0;0;0;0;1;0;0;0;0;1;0;1;0;0;0;0;0;0;0;1;1;0;0;0;0;0;0;176;0;0;0;0;0;0;0;176;176;0;0;0;0;0;0;147;29;77;92;0;7;0;0;0;0;0;0;2;174;0;176;0;0;0;0;0;0;0;0;10;0;0;0;0;0;0;0;10;10;0;0;0;0;0;0;6;0;0;0;0;0;0;0;6;6;0;0;0;0;0;0
2020;Sul;4;Rio Grande do Sul;RS;43;São Borja;4318002;Sudoeste Rio-grandense;4306;Campanha Ocidental;43029;431800205;43012124;EEP SENAC SAO BORJA;4;1;1;0;RUA GENERAL CANABARRO;310;PREDIO;CENTRO;97670000;55;34312574;1;35;02MAR2020:00:00:00;11DEC2020:00:00:00;0;0;0;0;0;0;0;0;0;0;0;1;0;3,42271E+12;3,42271E+12;1;2;0;0;1;1;0;0;0;0;0;0;0;0;0;0;0;0;1;1;0;0;0;0;1;0;0;0;0;0;1;0;0;0;0;1;0;0;0;0;0;0;0;1;0;1;0;1;0;0;0;0;1;0;1;0;0;0;1;1;1;0;0;0;0;1;0;1;0;0;0;0;0;0;0;0;0;0;1;1;1;0;1;0;0;0;0;0;0;1;1;1;1;1;0;1;1;0;0;16;0;16;16;16;0;1;1;1;1;0;0;0;0;1;16;1;16;0;0;1;16;0;0;0;0;0;0;0;0;0;0;0;0;0;1;40;1;40;1;40;0;0;1;1;1;0;0;1;1;2;1;0;1;7;1;3;1;1;1;88888;1;1;0;0;0;0;0;0;0;0;0;0;1;1;0;0;1;1;1;1;0;0;0;0;1;0;0;1;0;1;0;0;0;0;0;0;0;0;0;0;0;0;0;0;0;0;0;0;0;0;0;0;0;0;0;0;0;0;1;0;1;0;0;0;0;0;1;2;0;0;1;0;0;0;0;1;0;1;0;0;0;0;0;0;0;1;1;0;0;0;1;1;0;157;0;0;0;0;0;0;0;157;157;0;0;0;3;3;0;116;41;82;70;2;3;0;0;0;0;0;0;3;154;0;157;0;0;0;0;0;0;0;0;14;0;0;0;0;0;0;0;14;14;0;0;0;10;10;0;9;0;0;0;0;0;0;0;9;9;0;0;0;3;3;0
2020;Sul;4;Rio Grande do Sul;RS;43;São Leopoldo;4318705;Metropolitana de Porto Alegre;4305;Porto Alegre;43026;431870505;43011993;EEP SENAC SAO LEOPOLDO;4;1;1;0;RUA LINDOLFO COLLOR;835;;CENTRO;93010080;51;35903060;1;2;27JAN2020:00:00:00;24DEC2020:00:00:00;0;0;0;0;0;0;0;0;0;0;0;1;0;3,42271E+12;3,42271E+12;1;2;0;0;1;2;0;0;0;0;0;0;0;0;1;1;0;0;1;1;0;0;0;0;1;0;0;0;0;0;1;0;0;0;0;1;0;0;0;0;0;0;0;1;0;1;0;1;0;0;0;0;1;0;1;0;0;0;1;1;1;1;0;0;0;1;0;1;0;0;0;0;0;0;0;0;0;0;1;1;1;0;1;0;0;0;0;0;0;0;1;0;0;1;0;0;1;0;0;17;0;17;17;17;0;1;1;1;1;1;0;0;0;1;5;1;9;1;1;1;8;0;0;0;0;0;0;0;0;0;0;0;0;0;1;38;1;3;1;5;0;0;1;1;1;1;1;1;1;3;1;0;1;13;1;3;1;1;1;5;0;0;0;0;0;0;0;0;0;0;0;0;1;1;1;1;0;0;0;0;0;0;0;0;0;0;0;1;0;1;0;0;1;0;1;0;0;0;0;0;0;0;0;0;0;0;0;0;0;0;0;0;0;0;0;0;0;0;1;1;1;0;0;0;0;0;1;0;0;0;1;0;0;0;1;1;0;1;0;0;0;0;0;0;0;1;1;0;0;0;1;1;0;323;0;0;0;0;0;0;0;323;323;0;0;0;3;3;0;250;73;125;177;11;10;0;0;0;0;0;0;4;319;166;157;0;0;0;0;0;0;0;0;13;0;0;0;0;0;0;0;13;13;0;0;0;6;6;0;23;0;0;0;0;0;0;0;23;23;0;0;0;3;3;0
2020;Sul;4;Rio Grande do Sul;RS;43;São Luiz Gonzaga;4318903;Noroeste Rio-grandense;4301;Santo Ângelo;43007;431890305;43012108;EEP SENAC SAO LUIZ GONZAGA;4;1;1;0;RUA TREZE DE MAIO;1297;PREDIO;CENTRO;97800000;55;33527398;1;32;01FEB2020:00:00:00;31DEC2020:00:00:00;0;0;0;0;0;0;0;0;0;0;0;1;0;3,42271E+12;3,42271E+12;1;3;0;0;1;2;0;0;0;0;0;0;0;0;0;0;0;0;1;1;0;0;0;0;1;0;0;0;0;0;1;0;0;0;0;1;0;0;0;0;0;0;0;1;1;1;0;1;0;0;0;0;1;0;1;0;0;0;1;1;1;0;0;0;0;1;0;0;0;0;0;0;0;0;0;0;0;0;1;0;1;0;1;0;0;0;0;0;0;1;0;1;0;1;0;0;0;0;0;9;0;9;0;0;0;1;0;1;1;0;0;1;9;1;9;1;9;0;0;1;9;0;0;0;0;0;0;0;0;0;0;0;0;0;1;88888;1;88888;1;88888;0;0;1;1;1;0;0;1;0;9;1;0;1;3;1;1;1;1;0;0;0;0;0;0;0;0;0;0;0;0;0;0;0;0;0;0;0;0;0;0;0;0;0;1;0;0;0;1;0;0;0;0;0;0;0;0;0;0;0;0;1;0;0;0;0;0;0;0;0;0;0;0;0;0;0;0;0;0;1;0;1;0;0;0;0;0;1;0;0;0;1;0;0;0;0;1;0;1;0;0;0;0;0;0;0;1;1;0;0;0;0;0;0;5;0;0;0;0;0;0;0;5;5;0;0;0;0;0;0;0;5;1;4;0;0;0;0;0;0;0;0;0;5;0;5;0;0;0;0;0;0;0;0;1;0;0;0;0;0;0;0;1;1;0;0;0;0;0;0;1;0;0;0;0;0;0;0;1;1;0;0;0;0;0;0
2020;Sul;4;Rio Grande do Sul;RS;43;Taquara;4321204;Metropolitana de Porto Alegre;4305;Gramado-Canela;43024;432120405;43008003;ESC EDUC PROF SENAC TAQUARA;4;0;1;0;RUA RIO BRANCO;2663;PREDIO;CENTRO;95600972;51;35415370;2;2;0;0;0;0;0;0;0;0;0;0;0;0;0;0;0;;;0;0;0;0;0;0;0;0;0;0;0;0;0;0;0;0;0;0;0;0;0;0;0;0;0;0;0;0;0;0;0;0;0;0;0;0;0;0;0;0;0;0;0;0;0;0;0;0;0;0;0;0;0;0;0;0;0;0;0;0;0;0;0;0;0;0;0;0;0;0;0;0;0;0;0;0;0;0;0;0;0;0;0;0;0;0;0;0;0;0;0;0;0;0;0;0;0;0;0;0;0;0;0;0;0;0;0;0;0;0;0;0;0;0;0;0;0;0;0;0;0;0;0;0;0;0;0;0;0;0;0;0;0;0;0;0;0;0;0;0;0;0;0;0;0;0;0;0;0;0;0;0;0;0;0;0;0;0;0;0;0;0;0;0;0;0;0;0;0;0;0;0;0;0;0;0;0;0;0;0;0;0;0;0;0;0;0;0;0;0;0;0;0;0;0;0;0;0;0;0;0;0;0;0;0;0;0;0;0;0;0;0;0;0;0;0;0;0;0;0;0;0;0;0;0;0;0;0;0;0;0;0;0;0;0;0;0;0;0;0;0;0;0;0;0;0;0;0;0;0;0;0;0;0;0;0;0;0;0;0;0;0;0;0;0;0;0;0;0;0;0;0;0;0;0;0;0;0;0;0;0;0;0;0;0;0;0;0;0;0;0;0;0;0;0;0;0;0;0;0;0;0;0;0;0;0;0;0;0;0;0;0;0;0;0;0;0;0;0;0;0;0;0;0;0
2020;Sul;4;Rio Grande do Sul;RS;43;Torres;4321501;Metropolitana de Porto Alegre;4305;Osório;43027;432150105;43008194;ESC EDUC PROF SENAC TORRES;4;1;1;0;RUA JULIO DE CASTILHOS;423;LOJA 08;CENTRO;95560000;51;36264908;1;11;02MAR2020:00:00:00;20DEC2020:00:00:00;0;0;0;0;0;0;0;0;0;0;0;1;0;3,42271E+12;3,42271E+12;1;1;0;0;1;2;0;0;0;0;0;0;0;0;0;0;0;0;1;1;0;0;0;0;1;0;0;0;0;0;1;0;0;0;0;1;0;0;0;0;0;0;0;1;0;0;0;0;0;0;0;0;1;0;1;0;0;0;0;0;0;0;0;0;0;1;0;0;0;0;0;0;0;0;0;0;0;1;0;0;0;0;0;0;0;0;0;0;0;0;0;0;1;1;0;0;0;0;0;3;0;3;3;3;0;1;1;0;1;1;0;0;0;0;0;1;3;0;0;1;1;0;0;0;0;0;0;0;0;0;0;0;0;0;1;88888;0;0;0;0;0;0;1;1;1;0;0;1;0;3;1;0;1;1;1;1;0;0;1;1;0;0;0;0;0;0;0;0;0;0;1;1;1;1;0;0;0;0;0;0;0;0;0;0;0;0;0;1;0;1;0;0;0;0;0;0;0;0;0;0;0;0;0;0;0;0;0;0;0;0;0;0;0;0;0;0;0;0;1;0;1;0;0;0;0;0;1;1;0;0;1;0;0;0;0;1;0;1;0;0;0;0;0;0;0;1;1;0;0;0;0;0;0;6;0;0;0;0;0;0;0;6;6;0;0;0;0;0;0;2;4;4;2;0;0;0;0;0;0;0;0;0;6;0;6;0;0;0;0;0;0;0;0;1;0;0;0;0;0;0;0;1;1;0;0;0;0;0;0;1;0;0;0;0;0;0;0;1;1;0;0;0;0;0;0
2020;Sul;4;Rio Grande do Sul;RS;43;Tramandaí;4321600;Metropolitana de Porto Alegre;4305;Osório;43027;432160005;43008968;ESC EDUC PROF SENAC - TRAMANDAI;4;1;1;0;AVENIDA RUBEM BERTA;1700;;CENTRO;95590000;51;36615674;1;11;02MAR2020:00:00:00;22DEC2020:00:00:00;0;0;0;0;0;0;0;0;0;0;0;1;0;3,42271E+12;3,42271E+12;1;1;0;0;1;2;0;0;0;0;0;0;0;0;0;0;0;0;1;1;0;0;0;0;1;0;0;0;0;0;1;0;0;0;0;1;0;0;0;0;0;0;0;1;0;0;0;1;0;0;0;0;1;0;1;0;0;0;1;1;1;1;0;0;0;1;0;0;0;0;0;0;0;0;0;0;0;0;1;0;1;0;1;0;0;0;0;0;0;0;1;1;0;0;1;0;1;0;0;19;0;19;19;19;0;1;1;1;1;1;0;0;0;0;0;1;18;0;0;1;2;0;0;0;0;0;0;0;0;0;0;0;0;0;1;88888;0;0;0;0;0;0;1;1;1;1;0;1;1;3;1;0;1;1;1;1;1;1;1;1;1;1;0;0;0;0;0;0;0;0;1;1;1;1;0;0;0;0;0;0;0;0;0;0;0;0;0;1;0;1;0;0;0;0;0;0;0;0;0;0;0;0;0;0;0;0;0;0;0;0;0;0;0;0;0;0;0;0;1;0;1;0;0;0;0;0;1;1;0;0;1;0;0;0;0;1;0;1;0;0;0;0;0;0;0;1;1;0;0;0;0;0;0;9;0;0;0;0;0;0;0;9;9;0;0;0;0;0;0;2;7;1;7;0;1;0;0;0;0;0;0;2;7;0;9;0;0;0;0;0;0;0;0;1;0;0;0;0;0;0;0;1;1;0;0;0;0;0;0;1;0;0;0;0;0;0;0;1;1;0;0;0;0;0;0
2020;Sul;4;Rio Grande do Sul;RS;43;Três Passos;4321907;Noroeste Rio-grandense;4301;Três Passos;43002;432190705;43012094;EEP SENAC TRES PASSOS;4;0;1;0;RUA DOM JOAO BECKER;310;TERREO;CENTRO;98600000;55;35229202;2;21;0;0;0;0;0;0;0;0;0;0;0;0;0;0;0;;;0;0;0;0;0;0;0;0;0;0;0;0;0;0;0;0;0;0;0;0;0;0;0;0;0;0;0;0;0;0;0;0;0;0;0;0;0;0;0;0;0;0;0;0;0;0;0;0;0;0;0;0;0;0;0;0;0;0;0;0;0;0;0;0;0;0;0;0;0;0;0;0;0;0;0;0;0;0;0;0;0;0;0;0;0;0;0;0;0;0;0;0;0;0;0;0;0;0;0;0;0;0;0;0;0;0;0;0;0;0;0;0;0;0;0;0;0;0;0;0;0;0;0;0;0;0;0;0;0;0;0;0;0;0;0;0;0;0;0;0;0;0;0;0;0;0;0;0;0;0;0;0;0;0;0;0;0;0;0;0;0;0;0;0;0;0;0;0;0;0;0;0;0;0;0;0;0;0;0;0;0;0;0;0;0;0;0;0;0;0;0;0;0;0;0;0;0;0;0;0;0;0;0;0;0;0;0;0;0;0;0;0;0;0;0;0;0;0;0;0;0;0;0;0;0;0;0;0;0;0;0;0;0;0;0;0;0;0;0;0;0;0;0;0;0;0;0;0;0;0;0;0;0;0;0;0;0;0;0;0;0;0;0;0;0;0;0;0;0;0;0;0;0;0;0;0;0;0;0;0;0;0;0;0;0;0;0;0;0;0;0;0;0;0;0;0;0;0;0;0;0;0;0;0;0;0;0;0;0;0;0;0;0;0;0;0;0;0;0;0;0;0;0;0;0
2020;Sul;4;Rio Grande do Sul;RS;43;Uruguaiana;4322400;Sudoeste Rio-grandense;4306;Campanha Ocidental;43029;432240005;43205828;ESCOLA DE EDUCACAO PROFISSIONAL SENAC URUGUAIANA;4;1;1;0;TRAVESSA DOUTOR CESAR CUNHA;2998;PREDIO;CENTRO;97501682;55;34123838;1;10;20JAN2020:00:00:00;18DEC2020:00:00:00;0;0;0;0;0;0;0;0;0;0;0;1;0;3,42271E+12;3,42271E+12;1;3;0;0;1;1;0;0;0;0;0;0;0;0;0;1;0;0;1;1;0;0;0;0;1;0;0;0;0;0;1;0;0;0;0;1;0;0;0;0;0;0;0;1;1;0;0;1;0;1;0;0;1;0;1;1;0;0;1;1;1;1;0;0;0;1;1;1;0;0;0;0;0;0;0;0;0;0;1;0;1;0;1;0;0;0;0;0;0;1;0;0;1;1;1;0;1;0;0;16;0;16;16;6;0;1;1;1;1;0;0;1;2;1;2;1;3;0;0;1;16;0;0;0;0;0;0;0;0;0;0;0;0;0;1;36;0;0;0;0;0;0;1;1;1;1;0;1;1;3;1;0;1;1;0;0;0;0;0;0;0;0;0;0;0;0;0;0;0;0;1;1;1;1;0;0;0;0;1;1;0;0;0;0;0;0;0;1;0;1;0;1;0;0;0;0;0;0;0;0;0;0;0;0;0;0;0;0;0;0;0;0;0;0;0;0;0;0;1;0;0;0;0;0;0;0;1;0;0;0;1;0;0;0;0;1;0;1;0;0;0;0;0;0;0;1;1;0;0;0;0;0;0;119;0;0;0;0;0;0;0;119;119;0;0;0;0;0;0;84;35;75;43;0;1;0;0;0;0;0;0;4;115;0;119;0;0;0;0;0;0;0;0;7;0;0;0;0;0;0;0;7;7;0;0;0;0;0;0;9;0;0;0;0;0;0;0;9;9;0;0;0;0;0;0
2020;Sul;4;Rio Grande do Sul;RS;43;Viamão;4323002;Metropolitana de Porto Alegre;4305;Porto Alegre;43026;432300205;43030041;EEP SENAC VIAMAO;4;1;1;0;RUA REVERENDO AMERICO VESPUCIO CABRAL;154;PREDIO;CENTRO;94410300;51;34340391;1;28;09MAR2020:00:00:00;18DEC2020:00:00:00;0;0;0;0;0;0;0;0;0;0;0;1;0;3,42271E+12;3,42271E+12;1;3;0;0;1;2;0;0;0;0;0;0;0;0;1;0;0;0;1;1;0;0;0;0;1;0;0;0;0;0;1;0;0;0;0;1;0;0;0;0;0;0;0;1;0;1;0;1;0;0;0;0;1;0;1;0;0;0;1;1;0;1;0;0;0;1;1;1;0;0;0;0;0;1;0;0;0;0;1;0;1;0;1;0;0;0;0;0;0;1;1;0;1;1;1;0;1;0;0;11;1;12;11;9;0;1;1;1;1;1;0;0;0;1;8;1;6;0;0;1;7;0;0;0;0;0;0;0;0;0;0;0;0;0;1;88888;1;1;0;0;0;0;1;1;1;1;1;1;1;3;1;0;1;3;1;1;1;1;0;0;1;1;0;0;0;0;0;0;0;0;1;88888;1;1;1;1;0;0;1;1;0;0;0;0;0;0;0;1;0;1;0;0;1;0;1;0;0;0;0;0;0;0;0;0;0;0;0;0;0;0;0;0;0;0;0;0;0;0;1;9;9;0;0;0;0;0;1;9;0;0;1;0;0;0;0;1;0;1;0;0;0;0;0;0;0;1;1;0;0;0;0;0;0;16;0;0;0;0;0;0;0;16;16;0;0;0;0;0;0;11;5;6;8;1;1;0;0;0;0;0;0;1;15;0;16;0;0;0;0;0;0;0;0;2;0;0;0;0;0;0;0;2;2;0;0;0;0;0;0;1;0;0;0;0;0;0;0;1;1;0;0;0;0;0;0
2020;Centro-Oeste;5;Mato Grosso do Sul;MS;50;Campo Grande;5002704;Centro Norte de Mato Grosso do Sul;5002;Campo Grande;50004;500270405;50028537;CENTRO DE EDUCACAO PROFISSIONAL - SENAC CAMPO GRANDE;4;0;1;0;RUA FRANCISCO CANDIDO XAVIER;75;;AMAMBAI;79002052;67;33126256;2;;0;0;0;0;0;0;0;0;0;0;0;0;0;0;0;;;0;0;0;0;0;0;0;0;0;0;0;0;0;0;0;0;0;0;0;0;0;0;0;0;0;0;0;0;0;0;0;0;0;0;0;0;0;0;0;0;0;0;0;0;0;0;0;0;0;0;0;0;0;0;0;0;0;0;0;0;0;0;0;0;0;0;0;0;0;0;0;0;0;0;0;0;0;0;0;0;0;0;0;0;0;0;0;0;0;0;0;0;0;0;0;0;0;0;0;0;0;0;0;0;0;0;0;0;0;0;0;0;0;0;0;0;0;0;0;0;0;0;0;0;0;0;0;0;0;0;0;0;0;0;0;0;0;0;0;0;0;0;0;0;0;0;0;0;0;0;0;0;0;0;0;0;0;0;0;0;0;0;0;0;0;0;0;0;0;0;0;0;0;0;0;0;0;0;0;0;0;0;0;0;0;0;0;0;0;0;0;0;0;0;0;0;0;0;0;0;0;0;0;0;0;0;0;0;0;0;0;0;0;0;0;0;0;0;0;0;0;0;0;0;0;0;0;0;0;0;0;0;0;0;0;0;0;0;0;0;0;0;0;0;0;0;0;0;0;0;0;0;0;0;0;0;0;0;0;0;0;0;0;0;0;0;0;0;0;0;0;0;0;0;0;0;0;0;0;0;0;0;0;0;0;0;0;0;0;0;0;0;0;0;0;0;0;0;0;0;0;0;0;0;0;0;0;0;0;0;0;0;0;0;0;0;0;0;0;0;0;0;0;0;0
2020;Centro-Oeste;5;Mato Grosso do Sul;MS;50;Campo Grande;5002704;Centro Norte de Mato Grosso do Sul;5002;Campo Grande;50004;500270405;50032933;CENTRO DE EDUCACAO PROFISSIONAL - SENAC EDUARDO ELIAS ZAHRAN;4;1;1;0;AVENIDA EDUARDO ELIAS ZAHRAN;529;;VILA SANTA DOROTHEIA;79004000;67;33098400;1;;13JAN2020:00:00:00;17DEC2020:00:00:00;0;0;0;0;0;0;0;0;0;0;0;1;0;3,64484E+12;3,64484E+12;0;0;0;0;1;2;0;0;0;0;0;0;0;0;0;0;0;0;1;1;0;0;0;0;1;0;0;0;0;0;1;0;0;0;0;1;0;0;0;0;0;0;0;0;0;0;1;1;0;1;0;0;1;0;1;0;0;0;1;1;0;0;0;0;0;1;1;0;0;0;0;0;0;0;0;0;0;0;1;1;1;0;1;0;0;0;0;0;0;1;1;1;1;1;0;1;1;0;0;12;0;12;12;12;0;1;0;1;1;0;0;1;1;1;3;1;2;0;0;1;88888;0;0;0;0;0;0;0;0;0;0;0;0;0;1;88888;1;8;0;0;0;0;1;1;1;1;1;1;1;3;1;0;1;3;0;0;0;0;0;0;0;0;0;0;0;0;0;0;0;0;1;88888;0;0;0;0;0;0;0;0;0;0;0;0;0;0;0;1;0;1;0;1;1;0;0;1;0;0;0;0;0;0;0;0;0;0;0;0;0;0;0;0;0;0;0;0;0;0;1;9;9;0;0;0;0;0;1;1;0;0;1;0;0;0;1;0;0;1;0;0;0;0;0;0;0;1;1;0;0;0;0;0;0;32;0;0;0;0;0;0;0;32;32;0;0;0;0;0;0;26;6;4;15;0;13;0;0;0;0;0;0;0;32;32;0;0;0;0;0;0;0;0;0;1;0;0;0;0;0;0;0;1;1;0;0;0;0;0;0;2;0;0;0;0;0;0;0;2;2;0;0;0;0;0;0
2020;Centro-Oeste;5;Mato Grosso do Sul;MS;50;Campo Grande;5002704;Centro Norte de Mato Grosso do Sul;5002;Campo Grande;50004;500270405;50034383;CENTRO DE EDUCACAO PROFISSIONAL-SENAC TURISMO E GASTRONOMIA;4;1;1;0;RUA ANTONIO MARIA COELHO;3368;;JARDIM DOS ESTADOS;79002221;67;33126260;1;;08JAN2020:00:00:00;17DEC2020:00:00:00;0;0;0;0;0;0;0;0;0;0;0;1;0;3,64484E+12;1E+14;1;1;0;0;1;1;0;0;0;0;0;0;0;0;0;0;0;0;1;1;0;0;0;0;1;0;0;0;0;0;1;0;0;0;0;1;0;0;0;0;0;0;0;1;1;1;0;1;1;1;0;0;1;0;1;1;1;0;1;1;1;1;0;0;0;1;1;1;0;0;0;0;0;1;0;0;0;0;1;1;1;1;0;1;0;0;0;0;0;1;1;1;1;1;0;1;1;0;0;10;0;10;0;0;0;1;0;0;1;0;0;0;0;0;0;1;10;1;3;0;0;0;0;0;0;0;0;0;0;0;0;0;0;0;1;28;0;0;0;0;0;0;1;1;1;1;0;1;0;3;1;0;0;0;1;88888;1;2;0;0;1;1;0;0;1;1;0;0;1;88888;1;1;0;0;0;0;0;0;0;0;0;0;0;0;0;0;0;1;0;1;0;0;1;0;1;0;0;0;0;0;0;0;0;0;0;0;0;0;0;0;0;0;0;0;0;0;0;0;1;1;1;0;0;0;0;0;1;1;0;0;1;0;0;0;1;1;0;1;0;0;0;0;0;0;0;1;1;0;0;0;0;0;0;34;0;0;0;0;0;0;0;34;34;0;0;0;0;0;0;16;18;12;7;0;15;0;0;0;0;0;0;0;34;14;20;0;0;0;0;0;0;0;0;2;0;0;0;0;0;0;0;2;2;0;0;0;0;0;0;2;0;0;0;0;0;0;0;2;2;0;0;0;0;0;0
2020;Centro-Oeste;5;Mato Grosso do Sul;MS;50;Corumbá;5003207;Pantanais Sul Mato-grossense;5001;Baixo Pantanal;50001;500320705;50055801;CENTRO DE EDUCACAO PROFISSIONAL - SENAC CORUMBA;4;1;1;0;RUA CUIABA;1042;;CENTRO;79300060;67;32342002;1;;13JAN2020:00:00:00;17DEC2020:00:00:00;0;0;0;0;0;0;0;0;0;0;0;1;0;3,64484E+12;3,64484E+12;1;1;0;0;1;2;0;0;0;0;0;0;0;0;0;0;0;0;1;1;0;0;0;0;1;0;0;0;0;0;1;0;0;0;0;1;0;0;0;0;0;0;0;1;0;0;0;1;1;0;0;0;1;0;1;0;0;0;1;1;1;1;0;0;1;1;0;1;0;0;0;0;0;0;0;0;0;0;1;0;1;0;1;0;0;0;0;0;0;0;0;0;1;0;1;0;1;0;0;8;0;8;8;8;0;1;1;1;1;0;0;0;0;1;8;1;1;1;2;1;8;0;0;0;0;0;0;0;0;0;0;0;0;0;1;60;0;0;0;0;0;0;1;1;1;1;0;1;1;3;1;0;0;0;1;3;0;0;0;0;1;1;0;0;0;0;0;0;0;0;1;1;0;0;0;0;0;0;0;0;0;0;0;0;0;0;0;1;0;1;0;1;1;0;1;0;0;0;0;1;0;0;0;0;0;0;0;0;0;0;0;0;0;0;0;0;0;0;1;1;1;0;0;0;0;0;1;1;0;0;1;0;0;0;1;1;0;1;0;0;0;0;0;0;0;1;1;0;0;0;1;1;0;172;0;0;0;0;0;0;0;172;172;0;0;0;1;1;0;141;31;75;23;3;71;0;0;0;0;0;0;0;172;83;89;0;0;0;0;0;0;0;0;5;0;0;0;0;0;0;0;5;5;0;0;0;1;1;0;8;0;0;0;0;0;0;0;8;8;0;0;0;1;1;0
2020;Centro-Oeste;5;Mato Grosso do Sul;MS;50;Dourados;5003702;Sudoeste de Mato Grosso do Sul;5004;Dourados;50010;500370205;50028561;CENTRO DE EDUCACAO PROFISSIONAL - SENAC DOURADOS;4;1;1;0;RUA DR MARIO MACHADO LEMOS;240;;JARDIM LONDRINA;79814150;67;34112400;1;;06JAN2020:00:00:00;17DEC2020:00:00:00;0;0;0;0;0;0;0;0;0;0;0;1;0;3,64484E+12;3,64484E+12;0;0;0;0;1;1;0;0;0;0;0;0;0;0;0;0;0;0;1;1;0;0;0;0;1;0;0;0;0;0;1;0;0;0;0;1;0;0;0;0;0;0;0;9;9;9;9;0;0;1;0;0;1;0;1;0;1;0;1;1;0;1;0;0;0;1;0;0;0;0;0;0;0;0;0;0;0;0;1;0;1;0;1;0;0;0;0;0;0;1;0;0;0;1;0;1;1;0;0;12;0;12;12;12;1;1;1;1;1;0;0;0;0;1;12;1;3;0;0;1;11;0;0;0;0;0;0;0;0;0;0;0;0;0;1;101;0;0;0;0;0;0;1;1;1;1;1;1;0;3;1;0;1;2;1;3;1;1;0;0;0;0;0;0;0;0;0;0;0;0;1;1;0;0;0;0;0;0;0;0;0;0;0;0;0;0;0;1;0;1;0;1;1;0;0;0;0;0;0;0;0;0;0;0;0;0;0;0;0;0;0;0;0;0;0;0;0;0;1;1;0;0;0;0;0;0;1;1;0;0;1;0;0;0;1;1;0;1;0;0;0;0;0;0;0;1;1;0;0;0;0;0;0;83;0;0;0;0;0;0;0;83;83;0;0;0;0;0;0;67;16;19;39;1;22;1;1;0;0;0;0;0;83;8;75;0;0;0;0;0;0;0;0;6;0;0;0;0;0;0;0;6;6;0;0;0;0;0;0;6;0;0;0;0;0;0;0;6;6;0;0;0;0;0;0
2020;Centro-Oeste;5;Mato Grosso do Sul;MS;50;Naviraí;5005707;Sudoeste de Mato Grosso do Sul;5004;Iguatemi;50011;500570705;50032500;CENTRO DE EDUCACAO PROFISSIONAL - SENAC NAVIRAI;4;0;1;0;RUA WEIMAR GONCALVES TORRES;862;;CENTRO;79950000;67;34090400;2;;0;0;0;0;0;0;0;0;0;0;0;0;0;0;0;;;0;0;0;0;0;0;0;0;0;0;0;0;0;0;0;0;0;0;0;0;0;0;0;0;0;0;0;0;0;0;0;0;0;0;0;0;0;0;0;0;0;0;0;0;0;0;0;0;0;0;0;0;0;0;0;0;0;0;0;0;0;0;0;0;0;0;0;0;0;0;0;0;0;0;0;0;0;0;0;0;0;0;0;0;0;0;0;0;0;0;0;0;0;0;0;0;0;0;0;0;0;0;0;0;0;0;0;0;0;0;0;0;0;0;0;0;0;0;0;0;0;0;0;0;0;0;0;0;0;0;0;0;0;0;0;0;0;0;0;0;0;0;0;0;0;0;0;0;0;0;0;0;0;0;0;0;0;0;0;0;0;0;0;0;0;0;0;0;0;0;0;0;0;0;0;0;0;0;0;0;0;0;0;0;0;0;0;0;0;0;0;0;0;0;0;0;0;0;0;0;0;0;0;0;0;0;0;0;0;0;0;0;0;0;0;0;0;0;0;0;0;0;0;0;0;0;0;0;0;0;0;0;0;0;0;0;0;0;0;0;0;0;0;0;0;0;0;0;0;0;0;0;0;0;0;0;0;0;0;0;0;0;0;0;0;0;0;0;0;0;0;0;0;0;0;0;0;0;0;0;0;0;0;0;0;0;0;0;0;0;0;0;0;0;0;0;0;0;0;0;0;0;0;0;0;0;0;0;0;0;0;0;0;0;0;0;0;0;0;0;0;0;0;0;0
2020;Centro-Oeste;5;Mato Grosso do Sul;MS;50;Ponta Porã;5006606;Sudoeste de Mato Grosso do Sul;5004;Dourados;50010;500660605;50034316;SENAC PONTA PORA;4;1;1;0;RUA 7 DE SETEMBRO;828;;CENTRO;79904652;67;34314342;1;;13JAN2020:00:00:00;17DEC2020:00:00:00;0;0;0;0;0;0;0;0;0;0;0;1;0;1E+14;1E+14;0;0;0;0;1;2;0;0;0;0;0;0;0;0;1;0;0;0;1;1;0;0;0;0;1;0;0;0;0;0;1;0;0;0;0;1;0;0;0;0;0;0;0;0;0;0;1;1;0;1;0;0;1;0;1;0;1;0;1;1;1;0;0;0;0;1;0;0;0;0;0;0;0;0;0;0;0;0;0;0;0;0;0;0;0;0;0;0;0;0;1;0;0;0;0;0;1;0;0;5;0;5;5;5;0;1;1;0;1;0;0;0;0;1;4;0;0;0;0;1;4;0;0;0;0;0;0;0;0;0;0;0;0;0;1;88888;1;4;0;0;0;0;1;1;1;1;0;1;1;3;1;0;1;1;0;0;1;1;0;0;0;0;0;0;0;0;0;0;0;0;1;1;0;0;0;0;0;0;0;0;0;0;0;0;0;0;0;1;0;1;0;0;1;0;0;0;0;0;0;0;0;0;0;0;0;0;0;0;0;0;0;0;0;0;0;0;0;0;1;1;0;0;0;0;0;0;1;1;0;0;1;0;0;0;0;1;0;1;0;0;0;0;0;0;0;1;1;0;0;0;0;0;0;5;0;0;0;0;0;0;0;5;5;0;0;0;0;0;0;3;2;0;3;0;2;0;0;0;0;0;0;0;5;0;5;0;0;0;0;0;0;0;0;1;0;0;0;0;0;0;0;1;1;0;0;0;0;0;0;1;0;0;0;0;0;0;0;1;1;0;0;0;0;0;0
2020;Centro-Oeste;5;Mato Grosso do Sul;MS;50;Três Lagoas;5008305;Leste de Mato Grosso do Sul;5003;Três Lagoas;50007;500830505;50030280;CENTRO DE EDUCACAO PROFISSIONAL - SENAC TRES LAGOAS;4;1;1;0;AVENIDA ANTONIO DOS SANTOS TRAJANO;216;;CENTRO;79601002;67;35095110;1;;07JAN2020:00:00:00;17DEC2020:00:00:00;0;0;0;0;0;0;0;0;0;0;0;1;0;3,64484E+12;3,64484E+12;1;1;0;0;1;1;0;0;0;0;0;0;0;0;0;0;0;0;1;1;0;0;0;0;1;0;0;0;0;0;1;0;0;0;0;1;0;0;0;0;0;0;0;0;0;0;1;1;0;0;0;0;1;0;1;0;0;0;1;1;1;0;0;0;0;1;0;0;0;0;0;0;0;0;0;0;0;0;1;0;1;0;0;0;0;0;0;0;0;1;1;0;1;1;0;0;0;0;0;8;0;8;8;0;1;1;1;1;1;0;0;0;0;1;8;1;3;0;0;1;9;0;0;0;0;0;0;0;0;0;0;0;0;0;1;45;0;0;0;0;0;0;1;1;1;1;0;1;1;3;1;0;0;0;1;3;1;1;0;0;1;1;0;0;0;0;0;0;0;0;1;1;0;0;0;0;0;0;0;0;0;0;0;0;0;0;0;1;0;1;0;0;1;0;0;0;0;0;0;0;0;0;0;0;0;0;0;0;0;0;0;0;0;0;0;0;0;0;1;0;0;0;0;0;0;0;1;1;0;0;1;0;0;0;1;1;0;1;0;0;0;0;0;0;0;1;1;0;0;0;1;1;0;147;0;0;0;0;0;0;0;147;147;0;0;0;1;1;0;128;19;58;41;4;44;0;0;0;0;0;0;0;147;46;101;0;0;0;0;0;0;0;0;6;0;0;0;0;0;0;0;6;6;0;0;0;1;1;0;8;0;0;0;0;0;0;0;8;8;0;0;0;1;1;0
2020;Centro-Oeste;5;Goiás;GO;52;Aparecida de Goiânia;5201405;Centro Goiano;5203;Goiânia;52010;520140505;52233367;SENAC - CENTRO DE EDUCACAO PROFISSIONAL EM APARECIDA DE GOIANIA;4;1;1;0;AVENIDA DONA MARIA CARDOSO;;Q.29 LT.06/09 19/22;JARDIM LUZ;74915520;62;35244500;1;4;06JAN2020:00:00:00;21DEC2020:00:00:00;0;0;0;0;0;0;0;0;0;0;1;1;1;3,60848E+12;3,60848E+12;1;2;0;0;1;1;0;0;0;0;0;0;0;0;0;0;0;0;1;1;0;0;0;0;1;0;0;0;0;0;1;0;0;0;0;1;0;0;0;0;0;0;0;1;0;0;0;1;1;1;0;0;1;0;1;1;0;0;0;1;1;1;0;0;0;1;0;0;0;0;0;0;0;0;0;0;0;0;1;1;1;0;1;0;0;0;0;0;0;1;1;0;1;1;0;0;0;0;0;25;0;25;25;25;0;1;1;1;1;0;0;1;1;1;1;1;2;0;0;1;20;0;0;0;0;0;0;0;0;0;0;0;0;0;1;153;1;1;1;4;0;0;1;1;1;1;0;1;1;3;1;0;1;6;1;8;0;0;0;0;0;0;0;0;0;0;0;0;0;0;1;4;1;1;1;2;0;0;1;1;0;0;0;0;0;0;0;1;0;1;0;0;1;0;1;1;1;0;0;0;0;0;0;0;0;0;0;0;0;0;0;0;0;0;0;0;0;0;1;1;1;0;0;1;0;0;0;0;0;0;1;0;0;0;1;1;0;1;0;0;0;0;0;0;0;1;1;0;0;0;1;1;0;195;0;0;0;0;0;0;0;195;195;0;0;0;3;3;0;136;59;111;32;2;39;11;0;0;0;0;0;7;188;133;62;0;0;0;0;0;0;0;0;12;0;0;0;0;0;0;0;12;12;0;0;0;6;6;0;9;0;0;0;0;0;0;0;9;9;0;0;0;3;3;0
2020;Centro-Oeste;5;Goiás;GO;52;Caldas Novas;5204508;Sul Goiano;5205;Meia Ponte;52015;520450805;52234363;SENAC - CENTRO DE EDUCACAO PROFISSIONAL VALERIA JAIME PEIXOTO PERILLO;4;1;1;0;AVENIDA TIRADENTES;S/N;LT. SR-08 D;ESTANCIA ITANHANGA;75680350;64;34531241;1;22;06JAN2020:00:00:00;18DEC2020:00:00:00;0;0;0;0;0;0;0;0;0;0;0;1;0;3,60848E+12;3,60848E+12;1;1;0;0;1;1;0;0;0;0;0;0;0;0;0;0;0;0;1;1;0;0;0;0;1;0;0;0;0;0;1;0;0;0;0;1;0;0;0;0;0;0;0;0;0;0;1;0;0;1;0;0;1;0;1;1;0;0;0;1;1;1;0;0;0;1;0;0;0;0;0;0;0;0;0;0;0;0;1;1;1;0;1;0;0;0;0;0;0;1;1;0;1;1;0;0;1;0;0;15;0;15;15;15;0;1;1;1;1;1;0;1;5;1;2;1;3;0;0;1;19;0;0;0;0;0;0;0;0;0;0;0;0;0;1;75;1;13;1;2;0;0;1;1;1;1;0;1;0;3;1;0;1;3;1;3;0;0;0;0;0;0;0;0;0;0;0;0;0;0;1;2;1;1;1;3;0;0;1;1;0;0;0;0;0;0;0;1;0;0;0;0;0;0;0;0;0;0;0;0;1;0;0;0;0;0;0;0;0;0;0;0;0;0;0;0;0;0;1;0;0;0;0;0;0;0;1;0;0;0;1;0;1;0;1;1;1;1;0;0;0;0;0;0;0;1;1;0;0;0;0;0;0;182;0;0;0;0;0;0;0;182;182;0;0;0;0;0;0;140;42;84;48;4;45;1;0;0;0;0;0;2;180;59;120;3;0;0;0;0;0;0;0;22;0;0;0;0;0;0;0;22;22;0;0;0;0;0;0;16;0;0;0;0;0;0;0;16;16;0;0;0;0;0;0
2020;Centro-Oeste;5;Goiás;GO;52;Catalão;5205109;Sul Goiano;5205;Catalão;52017;520510905;52235351;SENAC - CENTRO DE EDUCACAO PROFISSIONAL CATALAO;4;1;1;0;RUA WAGNER ESTELITA CAMPOS;157;;SETOR CENTRAL;75701290;64;34413657;1;6;20JAN2020:00:00:00;18DEC2020:00:00:00;0;0;0;0;0;0;0;0;0;0;1;1;1;3,60848E+12;3,60848E+12;1;2;0;0;1;1;0;0;0;0;0;0;0;0;0;0;0;0;1;1;0;0;0;0;1;0;0;0;0;0;1;0;0;0;0;1;0;0;0;0;0;0;0;0;0;0;1;1;0;1;0;0;1;0;1;1;0;0;1;1;1;1;0;0;1;1;0;1;0;0;0;0;0;0;0;0;0;0;1;1;1;0;1;0;0;0;0;0;0;1;1;0;1;1;0;0;1;0;0;27;0;27;27;0;1;1;1;1;1;1;0;1;2;1;3;1;2;0;0;1;29;0;0;0;0;0;0;0;0;0;0;0;0;0;1;157;1;2;0;0;0;0;1;1;1;1;0;1;1;3;1;0;1;3;1;5;0;0;0;0;0;0;0;0;0;0;0;0;0;0;1;2;1;1;1;3;0;0;0;0;0;0;0;0;0;0;0;1;0;0;0;1;1;0;0;0;0;0;0;0;0;0;0;0;0;0;0;0;0;0;0;0;0;0;0;0;0;0;1;1;0;0;0;0;0;0;1;0;0;0;1;0;0;0;1;1;0;1;0;0;0;0;0;0;0;1;1;0;0;0;0;0;0;211;0;0;0;0;0;0;0;211;211;0;0;0;0;0;0;185;26;113;52;4;36;6;0;0;0;0;0;7;204;84;127;0;0;0;0;0;0;0;0;10;0;0;0;0;0;0;0;10;10;0;0;0;0;0;0;12;0;0;0;0;0;0;0;12;12;0;0;0;0;0;0
2020;Centro-Oeste;5;Goiás;GO;52;Goiânia;5208707;Centro Goiano;5203;Goiânia;52010;520870705;52091350;SENAC - CENTRO EDUCACAO PROFISSIONAL CORA CORALINA;4;1;1;0;AVENIDA INDEPENDENCIA;1002;;SETOR LESTE VILA NOVA;74645010;62;32402950;1;2;06JAN2020:00:00:00;01SEP2020:00:00:00;0;0;0;0;0;0;0;0;0;0;1;1;0;3,60848E+12;3,60848E+12;1;1;0;0;1;1;0;0;0;0;0;0;0;0;0;0;0;0;1;1;0;0;0;0;1;0;0;0;0;0;1;0;0;0;0;1;0;0;0;0;0;0;0;0;0;0;1;0;1;1;0;0;1;0;1;0;0;0;1;1;1;0;0;0;0;1;0;1;0;0;0;0;0;0;0;0;0;0;1;0;1;0;1;0;0;0;0;0;0;1;1;1;1;1;0;1;1;0;0;30;0;30;30;30;1;1;1;1;1;0;0;1;1;1;2;1;2;0;0;1;2;0;0;0;0;0;0;0;0;0;0;0;0;0;1;30;0;0;0;0;0;0;1;1;1;1;1;1;1;3;1;0;1;2;1;3;1;1;1;2;0;0;0;0;0;0;0;0;0;0;1;1;1;1;0;0;0;0;1;1;0;0;0;0;0;0;0;1;0;1;0;0;0;0;0;0;0;0;0;1;0;0;0;0;0;0;0;0;0;0;0;0;0;0;0;0;0;0;1;0;0;0;0;0;0;0;1;1;0;0;1;0;0;0;1;1;0;1;0;0;0;0;0;0;0;1;1;0;0;0;1;1;0;82;0;0;0;0;0;0;0;82;82;0;0;0;1;1;0;46;36;39;10;4;26;3;0;0;0;0;0;0;82;40;42;0;0;0;0;0;0;0;0;13;0;0;0;0;0;0;0;13;13;0;0;0;3;3;0;6;0;0;0;0;0;0;0;6;6;0;0;0;1;1;0
2020;Centro-Oeste;5;Goiás;GO;52;Goiânia;5208707;Centro Goiano;5203;Goiânia;52010;520870705;52091368;SENAC - CENTRO DE EDUCACAO PROFISSIONAL ELIAS BUFAICAL;4;1;1;0;RUA 31 A;43;;SETOR AEROPORTO;74075470;62;32195160;1;2;06JAN2020:00:00:00;18DEC2020:00:00:00;0;0;0;0;0;0;0;0;0;0;0;1;0;3,60848E+12;3,60848E+12;1;1;0;0;1;1;0;0;0;0;0;0;0;0;0;0;0;0;1;1;0;0;0;0;1;0;0;0;0;0;1;0;0;0;0;1;0;0;0;0;0;0;0;9;9;9;9;0;0;0;0;0;1;0;1;0;0;0;1;1;0;0;0;0;0;1;0;1;0;0;0;0;0;0;0;0;0;0;1;1;1;0;1;0;0;0;0;0;0;1;1;0;0;0;0;0;0;0;0;30;0;30;0;0;1;1;1;1;0;0;0;1;4;1;15;1;4;0;0;1;18;0;0;0;0;0;0;0;0;0;0;0;0;0;0;0;0;0;0;0;0;0;1;1;1;1;0;9;9;9;1;0;1;88888;1;4;0;0;0;0;1;3;0;0;0;0;0;0;0;0;0;0;1;1;0;0;0;0;0;0;0;0;0;0;1;0;0;0;0;0;0;0;0;0;0;0;0;0;0;0;1;0;0;0;0;0;0;0;0;0;0;9;0;0;0;0;0;0;1;0;0;0;0;0;0;0;1;1;0;0;1;0;0;0;0;1;0;1;0;0;0;0;0;0;0;1;1;0;0;0;0;0;0;33;0;0;0;0;0;0;0;33;33;0;0;0;0;0;0;25;8;9;7;1;15;1;0;0;0;0;0;0;33;0;33;0;0;0;0;0;0;0;0;4;0;0;0;0;0;0;0;4;4;0;0;0;0;0;0;2;0;0;0;0;0;0;0;2;2;0;0;0;0;0;0
2020;Centro-Oeste;5;Goiás;GO;52;Ipameri;5210109;Sul Goiano;5205;Catalão;52017;521010905;52234355;SENAC - CENTRO DE EDUCACAO PROFISSIONAL EM IPAMERI;4;1;1;0;RUA GENERAL MASCARENHAS DE MORAIS ESQUINA COM RUA;6;PRACA DA LIBERDADE;CENTRO;75780000;64;34912327;1;26;06JAN2020:00:00:00;19DEC2020:00:00:00;0;0;0;0;0;0;0;0;0;0;0;1;0;3,60848E+12;3,60848E+12;1;1;0;0;1;1;0;0;0;0;0;0;0;0;0;0;0;0;1;1;0;0;0;0;1;0;0;0;0;0;1;0;0;0;0;1;0;0;0;0;0;0;0;1;0;0;0;0;0;0;0;0;1;0;1;1;0;0;0;1;1;1;0;0;0;1;1;0;0;0;0;0;0;0;0;0;0;0;1;1;1;0;1;0;0;0;0;0;0;1;0;0;1;1;0;0;1;0;0;4;0;4;4;0;0;1;1;1;1;1;0;0;0;1;1;1;2;0;0;1;88888;0;0;0;0;0;0;0;0;0;0;0;0;0;1;23;1;7;0;0;0;0;1;1;1;1;0;1;0;3;1;0;1;1;1;1;0;0;0;0;0;0;0;0;0;0;0;0;0;0;1;2;1;1;1;2;0;0;1;1;0;0;0;0;0;0;1;1;0;0;0;0;0;0;0;0;0;0;0;0;1;0;0;0;0;0;0;0;0;0;0;0;0;0;0;0;0;0;1;0;1;0;0;1;0;0;0;0;0;0;1;0;0;0;1;1;0;1;0;0;0;0;0;0;0;1;1;0;0;0;0;0;0;115;0;0;0;0;0;0;0;115;115;0;0;0;0;0;0;100;15;27;38;1;45;4;0;0;0;0;0;2;113;28;87;0;0;0;0;0;0;0;0;7;0;0;0;0;0;0;0;7;7;0;0;0;0;0;0;7;0;0;0;0;0;0;0;7;7;0;0;0;0;0;0
2020;Centro-Oeste;5;Goiás;GO;52;Iporá;5210208;Centro Goiano;5203;Iporá;52008;521020805;52233359;SENAC - CENTRO DE EDUCACAO PROFISSIONAL EM IPORA;4;1;1;0;AVENIDA 24 DE OUTUBRO;195;;SETOR CENTRAL;76200000;64;36032155;1;13;02JAN2020:00:00:00;18DEC2020:00:00:00;0;0;0;0;0;0;0;0;0;0;0;1;0;3,60848E+12;3,60848E+12;1;2;0;0;1;1;0;0;0;0;0;0;0;0;0;0;0;0;1;1;0;0;0;0;1;0;0;0;0;0;1;0;0;0;0;1;0;0;0;0;0;0;0;0;0;0;1;0;0;0;0;0;1;0;1;1;0;0;0;0;0;0;0;0;1;1;0;0;0;0;0;0;0;0;0;0;0;0;1;0;1;0;1;0;0;0;0;0;0;1;0;0;0;1;0;0;0;0;0;5;0;5;5;5;1;1;0;1;1;0;0;0;0;1;1;1;1;0;0;1;5;0;0;0;0;0;0;0;0;0;0;0;0;0;1;15;0;0;0;0;0;0;1;0;1;1;0;0;0;2;1;0;1;1;1;4;0;0;0;0;0;0;0;0;0;0;0;0;0;0;0;0;1;1;0;0;0;0;0;0;0;0;0;0;1;0;0;0;0;1;0;0;0;0;0;0;0;0;0;0;0;0;0;0;0;0;0;0;0;0;0;0;0;0;0;0;0;0;1;0;0;0;0;1;0;0;0;0;0;0;1;0;0;0;0;1;0;1;0;0;0;0;0;0;0;1;1;0;0;0;0;0;0;32;0;0;0;0;0;0;0;32;32;0;0;0;0;0;0;28;4;8;7;3;13;1;0;0;0;0;0;0;32;0;32;0;0;0;0;0;0;0;0;5;0;0;0;0;0;0;0;5;5;0;0;0;0;0;0;2;0;0;0;0;0;0;0;2;2;0;0;0;0;0;0
2020;Centro-Oeste;5;Goiás;GO;52;Jataí;5211909;Sul Goiano;5205;Sudoeste de Goiás;52013;521190905;52111407;SERVICO NACIONAL DE APRENDIZAGEM COMERCIAL - SENAC;4;1;1;0;RUA ITARUMA;1394;;SETOR OESTE;75804076;64;36313040;1;17;13JAN2020:00:00:00;18DEC2020:00:00:00;0;0;0;0;0;0;0;0;0;0;0;1;1;3,60848E+12;3,60848E+12;1;1;0;0;1;1;0;0;0;0;0;0;0;0;0;0;0;0;1;1;0;0;0;0;1;0;0;0;0;0;1;0;0;0;0;1;0;0;0;0;0;0;0;0;0;0;1;0;1;1;0;0;1;0;1;0;0;0;0;1;1;1;0;0;1;1;0;0;0;0;0;0;0;0;0;0;0;0;1;1;1;0;1;0;0;0;0;0;0;1;1;0;1;0;0;0;0;0;0;16;0;16;16;16;1;1;0;1;1;0;0;0;0;1;1;1;3;0;0;1;17;0;0;0;0;0;0;0;0;0;0;0;0;0;1;45;0;0;0;0;0;0;1;1;1;1;0;1;1;3;1;0;1;3;1;2;0;0;0;0;0;0;0;0;0;0;0;0;0;0;1;1;1;1;1;3;0;0;1;1;0;0;0;0;0;0;0;1;0;1;0;1;0;0;0;0;0;0;0;0;0;0;0;0;0;0;0;0;0;0;0;0;0;0;0;0;0;0;1;0;0;0;0;0;0;0;1;0;0;0;1;0;0;0;1;1;0;1;0;0;0;0;0;0;0;1;1;0;0;0;0;0;0;171;0;0;0;0;0;0;0;171;171;0;0;0;0;0;0;136;35;93;28;5;40;5;0;0;0;0;0;5;166;43;128;0;0;0;0;0;0;0;0;17;0;0;0;0;0;0;0;17;17;0;0;0;0;0;0;13;0;0;0;0;0;0;0;13;13;0;0;0;0;0;0
2020;Centro-Oeste;5;Goiás;GO;52;Mineiros;5213103;Sul Goiano;5205;Sudoeste de Goiás;52013;521310305;52090175;CENTRO DE EDUCACAO PROFISSIONAL DONA NICINHA - SENAC;4;1;1;0;RUA ONZE;;;CENTRO;75830095;64;36615434;1;21;06JAN2020:00:00:00;18DEC2020:00:00:00;0;0;0;0;0;0;0;0;0;0;0;1;0;3,60848E+12;3,60848E+12;1;1;0;0;1;1;0;0;0;0;0;0;0;0;0;0;0;0;1;1;0;0;0;0;1;0;0;0;0;0;1;0;0;0;0;1;0;0;0;0;0;0;0;1;0;0;0;0;0;0;0;0;1;0;1;1;0;0;0;1;1;0;0;0;0;1;0;0;0;0;0;0;0;0;0;0;0;0;1;1;1;0;1;0;0;0;0;0;0;1;1;1;0;1;0;0;0;0;0;13;0;13;13;13;0;1;1;1;1;1;0;1;1;1;1;1;1;0;0;1;12;0;0;0;0;0;0;0;0;0;0;0;0;0;1;30;0;0;0;0;0;0;1;0;1;1;0;0;0;3;1;0;1;2;1;1;0;0;0;0;1;2;0;0;0;0;0;0;0;0;0;0;1;1;1;2;0;0;0;0;0;0;0;0;0;0;0;1;0;0;0;0;1;0;0;0;0;0;0;0;0;0;0;0;0;0;0;0;0;0;0;0;0;0;0;0;0;0;1;0;0;0;0;0;0;0;1;1;0;0;1;0;0;0;1;1;0;1;0;0;0;0;0;0;0;1;1;0;0;0;0;0;0;220;0;0;0;0;0;0;0;220;220;0;0;0;0;0;0;180;40;78;35;6;99;2;0;0;0;0;0;5;215;76;144;0;0;0;0;0;0;0;0;16;0;0;0;0;0;0;0;16;16;0;0;0;0;0;0;12;0;0;0;0;0;0;0;12;12;0;0;0;0;0;0
2020;Centro-Oeste;5;Goiás;GO;52;Porangatu;5218003;Norte Goiano;5202;Porangatu;52004;521800305;52090183;SENAC CENTRO DE EDUCACAO PROFISSIONAL DE PORANGATU;4;1;1;0;AVENIDA BRASILIA ESQUINA COM A RUA F-5;30;;SETOR LESTE;76550000;62;33621823;1;27;20JAN2020:00:00:00;18DEC2020:00:00:00;0;0;0;0;0;0;0;0;0;0;0;1;0;3,60848E+12;3,60848E+12;1;1;0;0;1;1;0;0;0;0;0;0;0;0;0;0;0;0;1;1;0;0;0;0;1;0;0;0;0;0;0;1;0;1;0;1;0;0;0;0;0;0;0;0;0;0;1;1;1;1;0;0;1;0;1;1;0;0;1;1;1;1;0;0;0;1;1;1;0;0;0;0;0;0;0;0;0;0;1;1;1;0;1;0;0;0;0;0;0;1;1;0;1;1;0;0;0;0;0;10;0;10;10;10;0;1;1;1;1;1;0;1;1;0;0;1;1;0;0;1;88888;0;0;0;0;0;0;0;0;0;0;0;0;0;1;30;1;1;0;0;0;0;1;1;1;1;0;1;1;3;1;0;1;2;1;5;0;0;0;0;0;0;0;0;0;0;0;0;0;0;1;1;1;1;0;0;0;0;1;1;0;0;0;0;0;0;0;1;0;0;0;1;1;0;0;0;0;0;0;0;0;0;0;0;0;0;0;0;0;0;0;0;0;0;0;0;0;0;1;1;1;0;0;1;0;0;0;1;0;0;1;0;0;0;0;1;0;1;0;0;0;0;0;0;0;1;1;0;0;0;0;0;0;49;0;0;0;0;0;0;0;49;49;0;0;0;0;0;0;45;4;21;6;1;19;2;0;0;0;0;0;0;49;0;49;0;0;0;0;0;0;0;0;3;0;0;0;0;0;0;0;3;3;0;0;0;0;0;0;3;0;0;0;0;0;0;0;3;3;0;0;0;0;0;0
2020;Centro-Oeste;5;Distrito Federal;DF;53;Brasília;5300108;Distrito Federal;5301;Brasília;53001;530010805;53001249;CEP SENAC - PLANO PILOTO;4;1;1;0;QUADRA SEPS 703/903;;;ASA SUL;70390039;61;32178835;1;99;02JAN2020:00:00:00;18DEC2020:00:00:00;0;0;0;0;0;0;0;0;0;0;0;1;0;3,29697E+12;3,29697E+12;1;2;0;0;1;1;0;0;0;0;0;0;0;0;0;0;0;0;1;1;0;0;0;0;1;0;0;0;0;0;1;0;0;0;0;1;0;0;0;0;0;0;0;1;0;0;0;1;1;1;0;0;1;0;1;0;0;0;1;1;1;0;0;0;0;1;1;0;0;0;0;0;0;0;0;0;0;0;1;0;1;0;1;0;0;0;0;0;0;1;1;1;0;1;0;0;0;0;0;23;0;23;23;23;1;1;1;1;1;1;0;1;4;1;6;1;6;1;4;1;30;0;0;0;0;0;0;0;0;0;0;0;0;0;1;142;0;0;0;0;0;0;1;1;0;0;0;1;0;1;1;0;1;4;1;12;1;88888;0;0;0;0;0;0;0;0;0;0;0;0;1;2;1;1;1;8;1;2;1;1;0;0;0;0;0;0;1;1;0;1;0;1;1;0;0;0;0;0;0;0;0;0;0;0;0;0;0;0;0;0;0;0;0;0;0;0;0;0;1;0;0;0;0;0;0;0;1;1;0;0;1;0;0;0;1;1;0;1;0;0;0;0;0;0;0;1;1;0;0;0;1;1;0;846;0;0;0;0;0;0;0;846;832;0;0;0;4;4;0;736;110;412;86;31;307;6;4;0;0;0;0;7;839;769;77;0;0;0;0;0;0;0;0;36;0;0;0;0;0;0;0;36;34;0;0;0;4;4;0;43;0;0;0;0;0;0;0;43;40;0;0;0;4;4;0
2020;Centro-Oeste;5;Distrito Federal;DF;53;Brasília;5300108;Distrito Federal;5301;Brasília;53001;530010805;53011686;CEP SENAC - TAGUATINGA;4;1;1;0;SETOR G NORTE, AREA ESPECIAL Nº 39;39;;TAGUATINGA NORTE TAGUATINGA;72130005;61;33555500;1;99;03FEB2020:00:00:00;18DEC2020:00:00:00;0;0;0;0;0;0;0;0;0;0;0;1;0;3,29697E+12;3,29697E+12;1;2;0;0;1;1;0;0;0;0;0;0;0;0;0;0;0;0;1;1;0;0;0;0;1;0;0;0;0;0;1;0;0;0;0;1;0;0;0;0;0;0;0;1;0;0;0;0;1;1;0;0;1;0;1;0;0;0;1;1;1;1;0;0;0;1;0;0;0;0;0;0;0;0;0;0;0;0;1;1;1;0;1;0;0;0;0;0;0;0;1;1;0;1;0;0;1;0;0;30;0;30;29;0;0;1;0;1;1;1;0;0;0;0;0;0;0;1;7;0;0;0;0;0;0;0;0;0;0;0;0;0;0;0;1;80;0;0;0;0;0;0;1;1;1;1;0;1;0;1;1;0;1;7;1;12;1;2;0;0;0;0;0;0;1;1;1;1;0;0;1;2;1;1;1;4;0;0;1;1;0;0;0;0;1;0;0;0;0;1;0;0;0;0;1;0;0;0;0;0;0;0;0;0;0;0;0;0;0;0;0;0;0;0;0;0;0;0;1;0;0;0;0;0;0;1;0;1;0;0;1;0;0;0;1;1;0;1;0;0;0;0;0;0;0;1;1;0;0;0;1;1;0;626;0;0;0;0;0;0;0;626;377;0;0;0;5;5;0;399;227;185;117;25;296;2;1;0;0;0;2;252;372;452;174;0;0;0;0;0;0;0;0;31;0;0;0;0;0;0;0;31;16;0;0;0;5;5;0;46;0;0;0;0;0;0;0;46;20;0;0;0;5;5;0
2020;Centro-Oeste;5;Distrito Federal;DF;53;Brasília;5300108;Distrito Federal;5301;Brasília;53001;530010805;53016602;SERVICO NACIONAL DE APRENDIZAGEM COMERCIAL - SENAC;4;1;1;0;QUADRA QD 5 CJ F LT 7;7;;SETOR SUL GAMA;72410306;61;34847704;1;99;02JAN2020:00:00:00;18DEC2020:00:00:00;0;0;0;0;0;0;0;0;0;0;0;1;0;3,29697E+12;3,29697E+12;1;2;0;0;1;2;0;0;0;0;0;0;0;0;0;0;0;0;1;1;0;0;0;0;1;0;0;0;0;0;1;0;0;0;0;1;0;0;0;0;0;0;0;1;0;0;0;1;0;1;0;0;1;0;1;0;0;0;1;1;0;0;0;0;0;1;0;0;0;0;0;0;0;0;0;0;0;0;1;0;1;0;1;0;0;0;0;0;0;1;1;0;0;0;0;0;0;0;0;13;0;13;13;0;0;1;0;1;1;1;0;0;0;1;11;0;0;1;2;1;11;0;0;0;0;0;0;0;0;0;0;0;0;0;1;63;0;0;0;0;0;0;1;1;1;0;1;1;0;1;1;0;1;7;1;6;1;2;0;0;0;0;0;0;0;0;0;0;0;0;1;2;1;1;1;2;0;0;0;0;0;0;0;0;0;0;0;1;0;1;0;0;0;0;0;0;0;0;0;0;0;0;0;0;0;0;0;0;0;0;0;1;0;1;0;0;0;0;1;0;0;0;0;0;0;0;1;1;0;0;1;0;0;0;1;1;0;1;0;0;0;0;0;0;0;1;1;0;0;0;1;1;0;321;0;0;0;0;0;0;0;321;200;0;0;0;2;2;0;211;110;148;57;11;104;1;0;0;0;0;3;109;209;244;77;0;0;0;0;0;0;0;0;15;0;0;0;0;0;0;0;15;8;0;0;0;2;2;0;24;0;0;0;0;0;0;0;24;10;0;0;0;2;2;0
2020;Centro-Oeste;5;Distrito Federal;DF;53;Brasília;5300108;Distrito Federal;5301;Brasília;53001;530010805;53018222;CEP SENAC TECNOLOGIA DO TURISMO E HOSPITALIDADE;4;1;1;0;QUADRA SCS QUADRA 5;27 / 28;;ASA SUL;70305000;61;34476271;1;99;02JAN2020:00:00:00;18DEC2020:00:00:00;0;0;0;0;0;0;0;0;0;0;0;1;0;3,29697E+12;3,29697E+12;1;2;0;0;1;2;0;0;0;0;0;0;0;0;0;0;0;0;1;1;0;0;0;0;1;0;0;0;0;0;1;0;0;0;0;1;0;0;0;0;0;0;0;1;0;0;0;1;0;0;0;0;1;0;1;0;0;0;1;1;1;0;0;0;0;0;0;0;0;0;0;0;0;0;0;0;0;0;0;0;1;0;1;1;0;0;0;0;0;1;0;0;1;0;0;0;0;0;0;10;0;10;10;5;0;1;0;0;1;0;0;0;0;1;1;0;0;0;0;1;6;0;0;0;0;0;0;0;0;0;0;0;0;0;1;7;0;0;0;0;0;0;1;0;1;1;0;0;0;9;1;0;1;88888;1;7;1;1;0;0;0;0;0;0;1;2;0;0;0;0;1;2;1;1;1;2;0;0;1;1;0;0;0;0;0;0;0;1;0;1;0;0;1;0;0;0;0;0;0;0;0;0;0;0;0;0;0;0;0;0;0;1;0;1;0;0;0;0;1;0;0;0;0;1;0;0;0;1;0;0;1;0;0;0;1;0;0;1;0;0;0;0;0;0;0;1;0;0;0;0;0;0;0;51;0;0;0;0;0;0;0;51;0;0;0;0;0;0;0;28;23;19;10;1;21;0;0;0;0;0;3;43;5;51;0;0;0;0;0;0;0;0;0;2;0;0;0;0;0;0;0;2;0;0;0;0;0;0;0;3;0;0;0;0;0;0;0;3;0;0;0;0;0;0;0
2020;Centro-Oeste;5;Distrito Federal;DF;53;Brasília;5300108;Distrito Federal;5301;Brasília;53001;530010805;53018338;SENAC ACOES MOVEIS;4;1;1;0;SIA TRECHO 3 SL 625 - 695;;SIA TRECHO 3 SL 625;GUARA;71200030;61;33618927;1;99;02JAN2020:00:00:00;23DEC2020:00:00:00;0;0;0;0;0;0;1;0;0;0;0;0;0;3,29697E+12;3,29697E+12;1;2;0;0;0;0;0;0;0;0;0;0;1;9;0;1;0;0;1;1;0;0;0;0;1;0;0;0;0;0;1;0;0;0;0;1;0;0;0;0;0;0;0;1;0;0;0;1;0;0;0;0;1;0;1;0;0;0;0;0;1;0;0;0;0;0;0;0;0;0;0;0;0;0;1;0;0;0;1;0;0;0;1;0;0;0;0;0;0;0;0;0;0;1;0;0;0;0;0;0;30;30;0;0;0;1;0;1;0;0;0;0;0;0;0;0;0;0;0;0;0;0;0;0;0;0;0;0;0;0;0;0;0;0;0;0;0;0;0;0;0;0;1;0;1;0;0;0;0;2;1;0;1;1;1;1;1;1;0;0;1;3;0;0;0;0;0;0;1;4;1;3;1;1;0;0;1;1;1;1;0;0;0;0;0;0;0;1;0;0;0;0;0;0;0;0;0;0;0;0;1;0;0;0;0;0;0;0;0;0;0;1;0;0;0;0;0;1;1;0;0;0;0;0;0;0;1;1;0;0;1;0;0;0;1;1;0;1;0;0;0;0;0;0;0;1;0;0;0;0;1;1;0;59;0;0;0;0;0;0;0;59;0;0;0;0;1;1;0;40;19;22;7;2;28;0;0;0;0;0;0;25;34;57;2;0;0;0;0;0;0;0;0;27;0;0;0;0;0;0;0;27;0;0;0;0;1;1;0;37;0;0;0;0;0;0;0;37;0;0;0;0;1;1;0
2020;Centro-Oeste;5;Distrito Federal;DF;53;Brasília;5300108;Distrito Federal;5301;Brasília;53001;530010805;53029003;CEP SENAC - SOBRADINHO;4;1;1;0;QUADRA QUADRA 4 CONJUNTO E;5;;SOBRADINHO;73025045;61;33871883;1;99;06JAN2020:00:00:00;18DEC2020:00:00:00;0;0;0;0;0;0;1;0;0;0;0;1;0;3,29697E+12;3,29697E+12;1;2;0;0;1;2;0;1;0;1;0;0;0;0;0;1;0;0;1;1;0;0;0;0;1;0;0;0;0;0;1;0;0;0;0;1;0;0;0;0;0;0;0;1;0;0;0;0;1;1;0;0;1;0;1;0;0;0;1;1;0;0;0;0;0;1;0;0;0;0;0;0;0;0;0;0;0;0;1;0;1;0;1;0;0;0;0;0;0;1;0;0;1;1;0;0;0;0;0;10;1;11;10;10;0;1;0;1;1;1;0;0;0;1;8;0;0;1;2;1;8;0;0;0;0;0;0;0;0;0;0;0;0;0;1;50;0;0;0;0;0;0;1;0;1;1;0;0;0;1;1;0;1;4;1;4;1;1;0;0;1;2;0;0;0;0;0;0;0;0;0;0;1;1;1;2;0;0;1;1;0;0;0;0;0;0;0;1;0;0;0;0;1;0;0;0;0;0;0;0;0;0;0;0;0;0;0;0;0;0;0;0;0;0;0;0;0;0;1;1;0;0;0;0;0;0;1;1;0;0;1;0;0;0;1;1;0;1;0;0;0;0;0;0;0;1;1;0;0;0;1;1;0;268;0;0;0;0;0;0;0;268;150;0;0;0;5;5;0;144;124;128;39;7;93;1;0;0;0;0;2;126;140;182;86;0;0;0;0;0;0;0;0;19;0;0;0;0;0;0;0;19;7;0;0;0;3;3;0;25;0;0;0;0;0;0;0;25;7;0;0;0;3;3;0
2020;Centro-Oeste;5;Distrito Federal;DF;53;Brasília;5300108;Distrito Federal;5301;Brasília;53001;530010805;53045009;CEP SENAC - JESSE FREIRE;4;1;1;0;GRANDE USUARIO SCS QUADRA 6 BLOCO A LOTE 172;;;ASA SUL;70306908;61;32265211;1;99;02JAN2020:00:00:00;18DEC2020:00:00:00;0;0;0;0;0;0;1;0;0;0;1;1;0;3,29697E+12;3,29697E+12;1;2;0;0;1;2;0;0;0;0;0;0;0;0;0;0;0;0;1;1;0;0;0;0;1;0;0;0;0;0;1;0;0;0;0;1;0;0;0;0;0;0;0;1;0;0;0;1;0;1;0;0;1;0;1;1;0;0;1;1;1;0;0;0;0;1;0;0;0;0;0;0;0;0;0;0;0;0;1;1;1;0;1;0;0;0;0;0;0;0;1;0;1;1;0;0;0;0;0;27;0;27;27;27;0;1;0;1;1;0;0;0;0;1;23;0;0;0;0;1;23;0;0;0;0;0;0;0;0;0;0;0;0;0;1;284;1;2;1;28;0;0;1;1;1;1;0;1;0;1;1;0;1;9;1;6;1;2;0;0;0;0;0;0;0;0;0;0;0;0;1;4;1;1;1;4;0;0;1;2;0;0;0;0;0;0;0;1;0;0;0;0;1;0;0;0;0;0;0;0;0;0;0;0;0;0;0;0;0;0;0;0;0;0;0;0;0;0;1;0;0;0;0;0;0;0;1;1;0;0;1;0;0;0;1;1;0;1;0;0;0;0;0;0;0;1;1;0;0;0;1;1;0;424;0;0;0;0;0;0;0;424;424;0;0;0;2;2;0;226;198;224;66;15;117;1;1;0;0;0;0;7;417;286;138;0;0;0;0;0;0;0;0;16;0;0;0;0;0;0;0;16;16;0;0;0;2;2;0;22;0;0;0;0;0;0;0;22;22;0;0;0;2;2;0
